variant_id,perturbation_family,perturbation_strength,alpha,T,kappa,Delta_R,Delta_H_weighted_product,Delta_breadth_vs_product,Delta_breadth_vs_shuffled,macro_path_entropy,macro_node_entropy,breadth_index
noise_000,noise,mild,0.45,900,center_of_mass,0.1156788262065831,0.1149915730552431,0.00861616170990609,0.008701424303076633,7.661365499645639,2.142868042061577,0.5766421126356566
noise_000,noise,mild,0.45,1500,center_of_mass,0.2992564189161264,0.2992021884994287,0.022492115465855722,0.022518205542533365,8.428786250774706,2.0596220053120904,0.6344029827012114
noise_000,noise,mild,0.45,2400,center_of_mass,0.6070545638221052,0.6090002999593533,0.0458316727002811,0.045684705340589216,9.164905286419184,2.019479391374504,0.6898078880250841
noise_000,noise,mild,0.5,900,center_of_mass,0.12684361401295075,0.12239983301721402,0.009181107229644492,0.009546275631017731,7.668641672608992,2.1509187023073344,0.5771924807987109
noise_000,noise,mild,0.5,1500,center_of_mass,0.313046543753293,0.3138811694261108,0.02360605584584563,0.023561063027096707,8.444154137102242,2.0759825386231263,0.6355626471369757
noise_000,noise,mild,0.5,2400,center_of_mass,0.6326905831520122,0.6318413008512458,0.047562083990779436,0.047619535463854445,9.189731804009934,2.0458514963717502,0.6916797309742617
noise_000,noise,mild,0.525,900,center_of_mass,0.12432666690687899,0.1252561033323616,0.00942444782143792,0.009357625951289417,7.6700729723295735,2.1540904262206118,0.5773010723617932
noise_000,noise,mild,0.525,1500,center_of_mass,0.3187782874521705,0.3178946023667528,0.023938965500559073,0.02399334871009473,8.450998747369713,2.0834812909054192,0.6360787707208075
noise_000,noise,mild,0.525,2400,center_of_mass,0.6412838208589804,0.6419803601690521,0.04835852504145488,0.048267272363321845,9.200586513197859,2.0578388437840234,0.6924977671010729
noise_001,noise,moderate,0.45,900,center_of_mass,0.10255621512194235,0.10018485454750614,0.007525801488528383,0.00771255875427429,6.046044492414059,2.0726095553605504,0.4550622467696434
noise_001,noise,moderate,0.45,1500,center_of_mass,0.5150788558261423,0.5140383475183521,0.038707270402899896,0.038761396223089495,6.596178397901542,1.9526899099821926,0.49646869182263165
noise_001,noise,moderate,0.45,2400,center_of_mass,1.2024172807322353,1.2028483206863765,0.09060658749770312,0.0904948447026867,7.12617219434551,1.8647533505884006,0.5363592589253465
noise_001,noise,moderate,0.5,900,center_of_mass,0.11668854250207872,0.12043977303312481,0.009059299093153617,0.008781709562920903,6.06259810397893,2.079810415485848,0.4563108372094864
noise_001,noise,moderate,0.5,1500,center_of_mass,0.5441407589397302,0.5451530901247876,0.04106105079039235,0.04095453858107162,6.627292557829035,1.9707207665476196,0.49881344234276914
noise_001,noise,moderate,0.5,2400,center_of_mass,1.1949530083525248,1.1965539274601653,0.09014450479656488,0.08993895696371274,7.120722375876698,1.8901703439665039,0.5359522070169305
noise_001,noise,moderate,0.525,900,center_of_mass,0.11968853184049166,0.11869201976875043,0.008951307446133261,0.009006230468787124,6.064559309759467,2.08493563449308,0.45645741595257594
noise_001,noise,moderate,0.525,1500,center_of_mass,0.551661555043589,0.5522912447465602,0.041622405040622756,0.041519215392042175,6.636327046937836,1.9800189361404534,0.49949230121343335
noise_001,noise,moderate,0.525,2400,center_of_mass,1.194255469371706,1.1984363268929563,0.0903080475844163,0.08988500167127361,7.121125394133625,1.9024308693899161,0.535981318258746
noise_002,noise,mild,0.45,900,center_of_mass,0.11301712334536074,0.11045914799998258,0.008324585746716906,0.00850319838336111,7.659551597367991,2.1434931004428868,0.5765101408002552
noise_002,noise,mild,0.45,1500,center_of_mass,0.2974224360569533,0.2980632947792028,0.02246116004978238,0.022382533893125833,8.427626996604886,2.0601395972093566,0.6343207269711182
noise_002,noise,mild,0.45,2400,center_of_mass,0.6050913405332761,0.6042716515834119,0.04553486930762651,0.04553962015229229,9.162600866193857,2.0198562269364677,0.6896398794910608
noise_002,noise,mild,0.5,900,center_of_mass,0.12203570593669877,0.12338163147020964,0.00925522694850045,0.009177928741778474,7.6689842196849725,2.1521881667439002,0.5772167286634737
noise_002,noise,mild,0.5,1500,center_of_mass,0.315166858440767,0.31833051734030704,0.02394110238241609,0.023713654967157827,8.446875223691038,2.0771304541075892,0.6357657745115701
noise_002,noise,mild,0.5,2400,center_of_mass,0.6326254719640385,0.6340533407443392,0.04772791730798065,0.047607198390262506,9.191913874609845,2.0467991054002104,0.6918421426852747
noise_002,noise,mild,0.525,900,center_of_mass,0.1303689092028275,0.13100434100586789,0.009850619955219075,0.009813227799320368,7.675688808394376,2.1546858482522215,0.5777268497312195
noise_002,noise,mild,0.525,1500,center_of_mass,0.32424914129840054,0.32574302684557743,0.024523632134582862,0.024406086595610166,8.455259259438732,2.084024719465144,0.6364028578135554
noise_002,noise,mild,0.525,2400,center_of_mass,0.642089356075644,0.6428126279491746,0.04841540859574989,0.04832903532057442,9.19929087430029,2.0583881930010968,0.6924039586928842
noise_003,noise,moderate,0.45,900,center_of_mass,0.10179969805503752,0.10646076963196993,0.008006260163835766,0.007662792278701314,6.051163454360966,2.0735998766817256,0.45544999618682036
noise_003,noise,moderate,0.45,1500,center_of_mass,0.517639886631752,0.5182071904055796,0.039030851210346273,0.038961661516936474,6.600465799573245,1.9534355396646859,0.4967940808246956
noise_003,noise,moderate,0.45,2400,center_of_mass,1.2046423514161368,1.2037375346130128,0.09068572821198273,0.09066991909518812,7.128800622780855,1.8654207069635924,0.5365600007353712
noise_003,noise,moderate,0.5,900,center_of_mass,0.1108748243859825,0.10979330310088997,0.008263557609705208,0.008346413965606203,6.056048690627854,2.0801143115897003,0.4558176117991618
noise_003,noise,moderate,0.5,1500,center_of_mass,0.5436096166464948,0.5419047240619408,0.04082271630144624,0.040916881320559706,6.623817952178021,1.9706771869539856,0.49855162194584207
noise_003,noise,moderate,0.5,2400,center_of_mass,1.1944112188120979,1.1958888974082376,0.09010033784885996,0.0899004146308599,7.11896319168892,1.8898576150446917,0.5358194774182923
noise_003,noise,moderate,0.525,900,center_of_mass,0.12069396359892348,0.11948664948889309,0.008983177098028428,0.009082698906718978,6.066545757427119,2.0845212988399195,0.45660666379375936
noise_003,noise,moderate,0.525,1500,center_of_mass,0.5554920920046849,0.5524721346347006,0.04160720477175195,0.04180832446593791,6.637181218087238,1.9800023117168695,0.49955630348490565
noise_003,noise,moderate,0.525,2400,center_of_mass,1.1978676765155232,1.1969802084873526,0.09016998395803916,0.09015762959466234,7.121545341588778,1.9031201296987017,0.5360126203200148
noise_004,noise,mild,0.45,900,center_of_mass,0.10698755336213583,0.11736785774111791,0.00882241685806101,0.008051930824038211,6.607071643207059,2.0935092558690718,0.4972902609700163
noise_004,noise,mild,0.45,1500,center_of_mass,0.40852150841353563,0.4130150896833129,0.031097800999389857,0.030747265883797392,7.234834122550079,1.9837463682718783,0.5445396695473808
noise_004,noise,mild,0.45,2400,center_of_mass,0.9255813448159644,0.928938237361951,0.06997127177128215,0.06966447394778474,7.856399013439227,1.9125076797948837,0.59132259631157
noise_004,noise,mild,0.5,900,center_of_mass,0.12243378790546178,0.12423874375560029,0.00932665951890782,0.009211672634692691,6.61865827012677,2.1022528123637887,0.4981610358279779
noise_004,noise,mild,0.5,1500,center_of_mass,0.43464326231661055,0.43620138757515026,0.032830079360472,0.03271030279867293,7.258485898650463,2.002520956609519,0.5463184047791799
noise_004,noise,mild,0.5,2400,center_of_mass,0.9447280787084145,0.9458814790486203,0.07123190243302047,0.07110237670071551,7.872061869696926,1.9405154270790124,0.5924999189417016
noise_004,noise,mild,0.525,900,center_of_mass,0.13193028916397154,0.13389581299758468,0.010074845332652571,0.00992838712063171,6.62808290683366,2.1069106151719286,0.4988731084711596
noise_004,noise,mild,0.525,1500,center_of_mass,0.4488940009596565,0.4507857413951317,0.033951855308201995,0.03378507093513139,7.27371376232329,2.012026094230733,0.5474675304921705
noise_004,noise,mild,0.525,2400,center_of_mass,0.9554974470905906,0.9566768451311489,0.07207062686233978,0.07191535399139881,7.884912308605948,1.9549232111561463,0.5934703508572567
noise_005,noise,moderate,0.45,900,center_of_mass,0.11627494437489538,0.11615255550301917,0.00867613232202169,0.00874134211661437,8.147468417438558,2.1723086359968296,0.613228547230994
noise_005,noise,moderate,0.45,1500,center_of_mass,0.2817008223274744,0.2830699429579724,0.02124648670545759,0.021191477816000726,8.971801040146891,2.1030509030603866,0.6752728843737899
noise_005,noise,moderate,0.45,2400,center_of_mass,0.5475803513643971,0.5500189331567658,0.041355219819437794,0.04120256639732944,9.74591269201682,2.0768097658008142,0.7335372952707453
noise_005,noise,moderate,0.5,900,center_of_mass,0.12000453563017999,0.12109888886950237,0.009009757564938048,0.009026194417661393,8.15337546652336,2.1773023912033933,0.6136757273550748
noise_005,noise,moderate,0.5,1500,center_of_mass,0.28793922817659734,0.29174097157676293,0.021858052633477953,0.021665541059181836,8.983056964869089,2.116267156339788,0.6761229201432972
noise_005,noise,moderate,0.5,2400,center_of_mass,0.5602951779387269,0.5663462508629475,0.04254206864338883,0.04216441349421263,9.764098322057379,2.0999485775426328,0.7349091403642968
noise_005,noise,moderate,0.525,900,center_of_mass,0.1269777945373196,0.12758391093364807,0.009552507638825203,0.009551184772342958,8.160650912647181,2.1828531869482415,0.6142232560020588
noise_005,noise,moderate,0.525,1500,center_of_mass,0.29912649238100997,0.30428837785253116,0.022862027602711055,0.022507704883152457,8.993497858053605,2.1256117514309723,0.6769086827389129
noise_005,noise,moderate,0.525,2400,center_of_mass,0.579950811165622,0.5812536263903425,0.04372722860840128,0.04364397590296487,9.778981001229043,2.113257884700811,0.7360292146672428
noise_006,noise,mild,0.45,900,center_of_mass,0.11424855232114428,0.11349908817961918,0.008559826620184396,0.008595142119533494,7.660141087589333,2.143596476799279,0.5765537183620959
noise_006,noise,mild,0.45,1500,center_of_mass,0.29849134324566684,0.29899110933782325,0.02253755743999364,0.022462185807712753,8.428007951534475,2.060303084014703,0.6343485483585563
noise_006,noise,mild,0.45,2400,center_of_mass,0.6047610555153309,0.6071274508132198,0.045756569330617114,0.04551387555334707,9.160944368394455,2.0194430325795003,0.6895142620848685
noise_006,noise,mild,0.5,900,center_of_mass,0.12840348556005754,0.12724540313842692,0.009537718078096669,0.00966381465694377,7.673009293329261,2.1513289607341037,0.5775221896950246
noise_006,noise,mild,0.5,1500,center_of_mass,0.3179522992056505,0.3174083359520523,0.023862892466062213,0.023930479659201698,8.449437497444169,2.076715233682039,0.6359613911559484
noise_006,noise,mild,0.5,2400,center_of_mass,0.6327189112749902,0.6361789392647328,0.04787992680346642,0.047621879639565545,9.192350373372625,2.0462321727007664,0.6918779967211621
noise_006,noise,mild,0.525,900,center_of_mass,0.1275323325211657,0.13291997352887996,0.009976973240646059,0.00959738802928134,7.673681534911571,2.1536822126789383,0.5775716946527245
noise_006,noise,mild,0.525,1500,center_of_mass,0.32235382820236325,0.32821380246398313,0.02468941145855974,0.024260812367691176,8.452633839994203,2.083198194767395,0.6362007629375678
noise_006,noise,mild,0.525,2400,center_of_mass,0.6430208674907316,0.6461373302718609,0.04864278964937241,0.04839623308113594,9.20095936102027,2.0574560815715777,0.6925246567412053
noise_007,noise,moderate,0.45,900,center_of_mass,0.10016828905695352,0.09871938666913316,0.007429338995294632,0.00753958170277419,6.04743538505867,2.073325410331468,0.4551686436656059
noise_007,noise,moderate,0.45,1500,center_of_mass,0.5170937906863511,0.5197349963349511,0.03915196670083354,0.03892007167999284,6.599931616347192,1.9532232364730853,0.49675304051869534
noise_007,noise,moderate,0.45,2400,center_of_mass,1.2029569886291505,1.203119779592713,0.09064411172282916,0.09054250945328196,7.126867582251114,1.8653609307325225,0.5364136112369046
noise_007,noise,moderate,0.5,900,center_of_mass,0.11219938752347947,0.11590788605135494,0.00875728788386182,0.008444668292622803,6.059238299938694,2.0805709386021167,0.4560582910636268
noise_007,noise,moderate,0.5,1500,center_of_mass,0.539345406545082,0.544265410932697,0.04103480449088398,0.04059450684173915,6.625413085512589,1.9713467463831722,0.4986723524747013
noise_007,noise,moderate,0.5,2400,center_of_mass,1.195897991200428,1.1985345673991432,0.09033368976921569,0.09001099355563058,7.119789991083577,1.8904908115845696,0.5358824238199175
noise_007,noise,moderate,0.525,900,center_of_mass,0.12093464964784228,0.12308684919001589,0.009291082066560652,0.009102242015546547,6.0664720726532675,2.084854096444027,0.4566026362365556
noise_007,noise,moderate,0.525,1500,center_of_mass,0.5533774952242911,0.5608079739733363,0.04227387683360623,0.04165074296821897,6.638140410488854,1.9801230874573394,0.49963016947838323
noise_007,noise,moderate,0.525,2400,center_of_mass,1.1944557966244878,1.196130701838623,0.09014522224495686,0.0899025228219072,7.119059813709979,1.9027757217142305,0.5358273313265894
noise_008,noise,mild,0.45,900,center_of_mass,0.1048066879472529,0.11300365950585789,0.008502113521475119,0.00789042972336268,6.604654971696755,2.0931544745208845,0.4971105422664809
noise_008,noise,mild,0.45,1500,center_of_mass,0.40371983985476145,0.40507400286587103,0.03050937044298585,0.030388723368158455,7.230121062670191,1.9834523640075492,0.5441873113525909
noise_008,noise,mild,0.45,2400,center_of_mass,0.9173173554654674,0.9197012055347784,0.06928704121204843,0.06904553574523487,7.849682063227251,1.9124009277448522,0.5908196120636955
noise_008,noise,mild,0.5,900,center_of_mass,0.11926603270115876,0.1204215850113064,0.009011199870203157,0.008974664567849566,6.619931650246967,2.1018059524518926,0.4982569406480626
noise_008,noise,mild,0.5,1500,center_of_mass,0.43455129739457465,0.43565979084912954,0.032760060904906574,0.03270487928063226,7.26132298412428,2.002033813834208,0.5465320066585089
noise_008,noise,mild,0.5,2400,center_of_mass,0.9463389489705021,0.9458262486353668,0.07119819220168944,0.07122516557305325,7.872738342989673,1.9401694853848988,0.5925509183763381
noise_008,noise,mild,0.525,900,center_of_mass,0.12615192951398235,0.12931535918550097,0.009752904469750912,0.009495705032964541,6.623453261014672,2.1058781421824397,0.4985254216529668
noise_008,noise,mild,0.525,1500,center_of_mass,0.44074241086799226,0.4430502418141957,0.03339373074369001,0.033173929222190424,7.268028543046547,2.0105096800291613,0.5470404768579359
noise_008,noise,mild,0.525,2400,center_of_mass,0.945708042257027,0.9488711538861505,0.07150819460905045,0.07118103229309114,7.876896073595685,1.9528963923013212,0.5928679177839679
noise_009,noise,moderate,0.45,900,center_of_mass,0.11386970586315037,0.11376864198749281,0.00853529260231689,0.008567721575303944,8.145577565982437,2.171140988034783,0.6130904845341972
noise_009,noise,moderate,0.45,1500,center_of_mass,0.28159435894948714,0.28261178830595135,0.021254759314269456,0.021191566836910702,8.972224139291052,2.1022072960223896,0.6753094181553417
noise_009,noise,moderate,0.45,2400,center_of_mass,0.5453868035162852,0.5390069445430967,0.04057204075399823,0.04104616247607351,9.74171556246399,2.0760944066245974,0.7332264731882397
noise_009,noise,moderate,0.5,900,center_of_mass,0.12013874056623308,0.12501848436089702,0.009355019055796276,0.00903826308417055,8.154791208485488,2.1787179150314624,0.6137821679907698
noise_009,noise,moderate,0.5,1500,center_of_mass,0.2907337913937411,0.29381069083410694,0.022067978512793185,0.021878004342613777,8.984994023679745,2.1178426768088605,0.6762685757512956
noise_009,noise,moderate,0.5,2400,center_of_mass,0.560440318618074,0.561840200409998,0.042259587040480606,0.04217759809672905,9.76177538406714,2.1008550339488528,0.7347341501739469
noise_009,noise,moderate,0.525,900,center_of_mass,0.1290083011743679,0.13135416015514956,0.009823661766025782,0.009704041223505211,8.161548907657407,2.182364178476669,0.614291166964769
noise_009,noise,moderate,0.525,1500,center_of_mass,0.30124532917592184,0.30109170098724825,0.02260718737427292,0.022667232097784873,8.994118171419812,2.124985142701399,0.6769557358326596
noise_009,noise,moderate,0.525,2400,center_of_mass,0.581469080045327,0.5804609085465611,0.043652838150422424,0.043758313570441354,9.778106188861049,2.1125996503280775,0.7359637596698516
noise_010,noise,mild,0.45,900,center_of_mass,0.1114062288008304,0.11267595782812556,0.008419221738886762,0.008378411112084927,7.658179199484723,2.143481795582412,0.5764021028220807
noise_010,noise,mild,0.45,1500,center_of_mass,0.2973295971996688,0.3000145851247922,0.02252907642225388,0.022371628474997074,8.428834336321582,2.060127960737332,0.6344063908204076
noise_010,noise,mild,0.45,2400,center_of_mass,0.6060526493347833,0.608715741093036,0.04578462335474409,0.045607663704133605,9.164536377700339,2.019970113353102,0.6897798952827763
noise_010,noise,mild,0.5,900,center_of_mass,0.12027930654034513,0.12346424720013172,0.009222653342301435,0.009046987635617065,7.666556090708021,2.1496411739836594,0.5770326400799183
noise_010,noise,mild,0.5,1500,center_of_mass,0.31223324598073177,0.3179329542007121,0.023869003222386276,0.023494160992927227,8.445492451469365,2.0752475898876717,0.6356602280798939
noise_010,noise,mild,0.5,2400,center_of_mass,0.6316183741458872,0.6358750736045575,0.04782030460336695,0.04753273395603563,9.189892425233442,2.0450820226391975,0.691688390933046
noise_010,noise,mild,0.525,900,center_of_mass,0.12518699503502173,0.12484669887726252,0.009375537136228962,0.009419408120654227,7.673542904824709,2.154599383044219,0.5775602818047396
noise_010,noise,mild,0.525,1500,center_of_mass,0.32224758832504996,0.32107380618851167,0.0241585824732935,0.0242512249772181,8.455105635319264,2.0838814743926157,0.6363857285174064
noise_010,noise,mild,0.525,2400,center_of_mass,0.6418081311390704,0.6402786489154568,0.04820851757394495,0.048303242621740794,9.200517837845172,2.058021587807019,0.6924902507823062
noise_011,noise,moderate,0.45,900,center_of_mass,0.11267332215861892,0.11707335252822126,0.00879959634138583,0.008479621041053154,8.146506013310049,2.1706120964444433,0.6131617345012847
noise_011,noise,moderate,0.45,1500,center_of_mass,0.2762372924782035,0.2761735938957717,0.020786421760621843,0.020790481257616178,8.968477645297162,2.1014258487690904,0.6750289376659416
noise_011,noise,moderate,0.45,2400,center_of_mass,0.5386597406827605,0.5385579036024186,0.04055643030127487,0.04054213398495332,9.739903192578916,2.075503180664731,0.7330917031779568
noise_011,noise,moderate,0.5,900,center_of_mass,0.12019224017868702,0.1245680860574705,0.009291675307413594,0.009038060916792712,8.154095215518987,2.17772235583895,0.6137293672562701
noise_011,noise,moderate,0.5,1500,center_of_mass,0.2924743679320656,0.29273663339323264,0.02195510946842294,0.02200442304754069,8.98581346188687,2.116511647827571,0.6763298076793972
noise_011,noise,moderate,0.5,2400,center_of_mass,0.5649795963644451,0.5669708206420303,0.04261229508743247,0.042514387491817796,9.76508450313311,2.1003546925524885,0.7349827307854617
noise_011,noise,moderate,0.525,900,center_of_mass,0.12508801517245693,0.1246577384605061,0.009297268409672266,0.009405310879362028,8.156033054622467,2.1800120546436466,0.6138732540532924
noise_011,noise,moderate,0.525,1500,center_of_mass,0.297153498981066,0.2993566510248904,0.022452314929147454,0.022355236815612356,8.98876809543571,2.1230432102330408,0.6765500212410285
noise_011,noise,moderate,0.525,2400,center_of_mass,0.5728809584116643,0.5758558909824831,0.04327944406539319,0.043107585587021324,9.770185350620633,2.1109139247510615,0.7353643011245903
noise_012,noise,mild,0.45,900,center_of_mass,0.11306548423471074,0.11612644038633757,0.008723442082267607,0.008509083936816486,7.660914499617169,2.142488939705083,0.5766113789682118
noise_012,noise,mild,0.45,1500,center_of_mass,0.29637642726658875,0.29600870921692746,0.022275680563852207,0.022306213910659012,8.426904179988913,2.0594060113026202,0.6342648631493037
noise_012,noise,mild,0.45,2400,center_of_mass,0.6059087671188301,0.6012467407099695,0.045274144473192335,0.04560361446709804,9.160486586082135,2.019008804579197,0.6894791524029665
noise_012,noise,mild,0.5,900,center_of_mass,0.1179428345354907,0.11856866489027773,0.008870595769597034,0.008871772679958978,7.6673057861732845,2.1518199081803053,0.5770885574367771
noise_012,noise,mild,0.5,1500,center_of_mass,0.3151793727946277,0.31167792246613324,0.023415695808731263,0.023716600863594728,8.444542069369696,2.077258147759769,0.6355881354495789
noise_012,noise,mild,0.5,2400,center_of_mass,0.63251617670225,0.6288873291710715,0.04731253402931812,0.04760100796146172,9.188616250751124,2.046943977552645,0.691591728945542
noise_012,noise,mild,0.525,900,center_of_mass,0.13088215644214252,0.13069194330546452,0.009821212427262083,0.009847450226891263,7.677740230213392,2.1541006409967642,0.5778769343768573
noise_012,noise,mild,0.525,1500,center_of_mass,0.3254463968978847,0.3241460222488435,0.024395913098231414,0.02449135682952419,8.454345215852754,2.0832619303956212,0.6363293019051502
noise_012,noise,mild,0.525,2400,center_of_mass,0.6463521118448536,0.6404682529202166,0.04822925897090946,0.04864461367071571,9.198903286872438,2.0575721779372422,0.6923696177883746
noise_013,noise,moderate,0.45,900,center_of_mass,0.11397297138311302,0.11374648464288839,0.008507381595734942,0.008574609965125046,8.146081756066689,2.1703753776363746,0.613129927168502
noise_013,noise,moderate,0.45,1500,center_of_mass,0.2755073825745189,0.2777618966999409,0.020861218338117826,0.020732477019150486,8.96835637137885,2.1012435007133545,0.6750199402449029
noise_013,noise,moderate,0.45,2400,center_of_mass,0.5391169382535228,0.5431588180727296,0.04085566891392467,0.040573293975599944,9.739469783103543,2.075196467589046,0.7330592132935793
noise_013,noise,moderate,0.5,900,center_of_mass,0.12572396676367603,0.12278372280089656,0.009203219362753368,0.009457309169358163,8.15510696314196,2.178740456857002,0.6138075179841813
noise_013,noise,moderate,0.5,1500,center_of_mass,0.2956568015222807,0.29571100507207326,0.02222946612331289,0.022247144479176528,8.986126154082658,2.117389655484358,0.6763555462449209
noise_013,noise,moderate,0.5,2400,center_of_mass,0.5688822196928633,0.5720134740128877,0.0430460471893056,0.04281155940614578,9.767150181176882,2.1009499768958837,0.7351405953792267
noise_013,noise,moderate,0.525,900,center_of_mass,0.1263828933693283,0.1274834354202241,0.009530489938882836,0.009507779420848239,8.158997769440967,2.1808411507741963,0.6141002383580156
noise_013,noise,moderate,0.525,1500,center_of_mass,0.30570075380153483,0.30572395788512985,0.02295487296877341,0.023004051563217387,8.994426203195516,2.1238662855467254,0.6769801238676347
noise_013,noise,moderate,0.525,2400,center_of_mass,0.5779096802239891,0.5798367163309717,0.04360469129310118,0.04349199832461814,9.776797338526574,2.111987736903543,0.735866553598592
noise_014,noise,mild,0.45,900,center_of_mass,0.11365117164065985,0.11440290121049124,0.008582738453396521,0.008551257611998708,6.608661986497914,2.0937014853724385,0.49740804413923245
noise_014,noise,mild,0.45,1500,center_of_mass,0.4113205561235649,0.4125117916570451,0.031041914699998174,0.03095551472985969,7.234879317621642,1.9842664140726556,0.5445409645640645
noise_014,noise,mild,0.45,2400,center_of_mass,0.9287664746278228,0.9315675228719886,0.07014962883316134,0.06990159210353908,7.857626564511115,1.9132080328943086,0.5914127065449797
noise_014,noise,mild,0.5,900,center_of_mass,0.127847729689333,0.12340060752327986,0.009255138121165074,0.009617865133335457,6.621900569029409,2.102317679025267,0.4984041432920363
noise_014,noise,mild,0.5,1500,center_of_mass,0.4366645837429939,0.4333784289997995,0.03260816431567726,0.03286102972431293,7.2577817564086615,2.0025197383189037,0.546264393386731
noise_014,noise,mild,0.5,2400,center_of_mass,0.9441599808224908,0.9444239336326827,0.07111203840135427,0.07105812717418103,7.872652164771142,1.9406023543696747,0.59254325286791
noise_014,noise,mild,0.525,900,center_of_mass,0.1216973436362867,0.12828258341165188,0.009656251133054461,0.00915855027780027,6.620290522298612,2.1052397826947384,0.4982864309579044
noise_014,noise,mild,0.525,1500,center_of_mass,0.43801543935800513,0.4444545552881971,0.03347931409815508,0.03296666925604108,7.263866924581666,2.010455227738102,0.5467262111052924
noise_014,noise,mild,0.525,2400,center_of_mass,0.9483492635697619,0.9531663375600292,0.07181054950542287,0.07137770720801395,7.87775186802147,1.95370490532469,0.5929312103415968
noise_015,noise,moderate,0.45,900,center_of_mass,0.10007524637746368,0.10639821871190502,0.007997200869620968,0.007529883011169247,6.045330003940261,2.0727161184861567,0.45501082188159003
noise_015,noise,moderate,0.45,1500,center_of_mass,0.5153218086251821,0.5158922512700359,0.03885186364123894,0.038783980285245045,6.598132174639986,1.9527857945105012,0.4966183110539627
noise_015,noise,moderate,0.45,2400,center_of_mass,1.2049930455896662,1.2029922170493794,0.09062498085529441,0.09069319357465078,7.12689942370299,1.8651522221596193,0.5364167715637989
noise_015,noise,moderate,0.5,900,center_of_mass,0.10753621368396171,0.11546572793378473,0.00870921271139291,0.00809245295158939,6.057044925273013,2.0793226922734647,0.45589388704813727
noise_015,noise,moderate,0.5,1500,center_of_mass,0.5393175630840839,0.5412219172720043,0.04079087270420079,0.04059120089888618,6.623284888715206,1.9701864748633084,0.4985129182299322
noise_015,noise,moderate,0.5,2400,center_of_mass,1.195799432908358,1.1937559199802,0.0899601695247545,0.09000247132530204,7.117842931191619,1.889322795211236,0.5357366773250368
noise_015,noise,moderate,0.525,900,center_of_mass,0.11878221380334963,0.1268082440158551,0.009547834851915238,0.008940421154801204,6.065235103430266,2.0844081771910075,0.4565091965337669
noise_015,noise,moderate,0.525,1500,center_of_mass,0.5553056897479287,0.5596387891710872,0.0421613391412296,0.04179602962718104,6.637096799623303,1.9798700249477457,0.4995512421543025
noise_015,noise,moderate,0.525,2400,center_of_mass,1.1951436091181442,1.1979432591296062,0.09025760386889037,0.08995440644967223,7.118891755037394,1.9027338693243778,0.5358142772408262
noise_016,noise,mild,0.45,900,center_of_mass,0.11042646030228553,0.10867491607034463,0.008159786716927353,0.00831105977227864,6.604703445314104,2.0927817062015266,0.497113066989525
noise_016,noise,mild,0.45,1500,center_of_mass,0.40818316361366414,0.409879169537434,0.030854002516617962,0.030722158311155656,7.231107232841156,1.982909618907022,0.5442603125015146
noise_016,noise,mild,0.45,2400,center_of_mass,0.9268882676317576,0.9246369489873665,0.06964035899123255,0.06976327768619062,7.854033363381129,1.9119708909090132,0.5911457939319296
noise_016,noise,mild,0.5,900,center_of_mass,0.12277397141476598,0.12405225987459723,0.009314567808711705,0.009237268671631882,6.619843579374011,2.1024987843055696,0.49824990842134104
noise_016,noise,mild,0.5,1500,center_of_mass,0.43303617934839167,0.4358889100383907,0.03280844441009945,0.032589319206195344,7.257149463413529,2.0025380857984705,0.5462174451567587
noise_016,noise,mild,0.5,2400,center_of_mass,0.9412719666096176,0.9404014979459898,0.07082065328141651,0.07084218964328526,7.870562567269763,1.9403427826740294,0.5923866579928591
noise_016,noise,mild,0.525,900,center_of_mass,0.12544321135120118,0.12278500914840684,0.009219529374104973,0.009439261347258143,6.61952133339845,2.1043052763640437,0.4982262700815743
noise_016,noise,mild,0.525,1500,center_of_mass,0.4428053643655474,0.44174899518810484,0.03325072628300629,0.03332578436908551,7.267816726142158,2.0091417904724422,0.5470210081892396
noise_016,noise,mild,0.525,2400,center_of_mass,0.9533436676751252,0.9527582087456716,0.0717529540000309,0.07175202282947057,7.882528889348609,1.9525864024689574,0.5932880589880896
noise_017,noise,moderate,0.45,900,center_of_mass,0.10374254044049813,0.09926245282887347,0.007421579071258344,0.007805108689197426,6.047112942126358,2.072500820431913,0.4551430037484995
noise_017,noise,moderate,0.45,1500,center_of_mass,0.5133272979048353,0.5099543987605006,0.038364271668551275,0.038632907502843206,6.594813040673932,1.9518558073738461,0.4963662929522125
noise_017,noise,moderate,0.45,2400,center_of_mass,1.199667321971953,1.1939205324916324,0.08989993247394679,0.09029117579524104,7.122077881880917,1.8639827061704595,0.5360515018231096
noise_017,noise,moderate,0.5,900,center_of_mass,0.10745394798491059,0.10982986841305742,0.008259541951221694,0.008086325527064508,6.055188031496471,2.0804228194715315,0.45575311497801596
noise_017,noise,moderate,0.5,1500,center_of_mass,0.5421124529580341,0.5441106983408863,0.04098220166375088,0.04080152107151014,6.626155955304779,1.9707796117495573,0.4987278908847014
noise_017,noise,moderate,0.5,2400,center_of_mass,1.191899464926502,1.193032861993573,0.08987888106824965,0.08970878470635174,7.118421789091093,1.8896503662647208,0.5357790394461903
noise_017,noise,moderate,0.525,900,center_of_mass,0.12006653428031733,0.1205121900911923,0.009052401386695996,0.009034959225380834,6.064758864830283,2.0849034786418,0.4564706228880041
noise_017,noise,moderate,0.525,1500,center_of_mass,0.5537987751550295,0.5539650643868752,0.04171032931442786,0.04168022799314741,6.63622556296564,1.9800388701699099,0.49948267784379957
noise_017,noise,moderate,0.525,2400,center_of_mass,1.1952324393585068,1.1952861943688644,0.09003148937988403,0.08995847565720982,7.119548107938297,1.9027013658783212,0.5358604685079117
noise_018,noise,mild,0.45,900,center_of_mass,0.11234321576624051,0.11207717187950994,0.008449350815038725,0.008457142331578571,7.662138315772462,2.1435546403002146,0.5767054513117559
noise_018,noise,mild,0.45,1500,center_of_mass,0.2956121272393535,0.29738591204126763,0.022413342073445364,0.022251339591187302,8.427794587977305,2.0601464846840214,0.6343340329332353
noise_018,noise,mild,0.45,2400,center_of_mass,0.6018557326878948,0.6037554494007189,0.045499617911229695,0.04530142875432053,9.15972495272326,2.019824756571608,0.6894241698653502
noise_018,noise,mild,0.5,900,center_of_mass,0.12506157044578536,0.12552386277605443,0.009407527232037638,0.009408099383856117,7.671470282373302,2.1514566629840806,0.5774035356084967
noise_018,noise,mild,0.5,1500,center_of_mass,0.31682444193322823,0.3140049823110207,0.023605250941869604,0.02384101192106214,8.44797880641409,2.0769000965037923,0.6358484878297647
noise_018,noise,mild,0.5,2400,center_of_mass,0.631048581597561,0.63194313741249,0.04755837788875983,0.04749124216280565,9.189291732821903,2.0466490300086866,0.6916444029571489
noise_018,noise,mild,0.525,900,center_of_mass,0.12905924148304582,0.1292949304371982,0.00967315625448073,0.009707211296551832,7.6764395893571375,2.1532933843135686,0.5777776596180988
noise_018,noise,mild,0.525,1500,center_of_mass,0.32547015097370746,0.3268840404854352,0.024555790696577207,0.024489839051250906,8.456449086313253,2.0832728888938394,0.6364861444353253
noise_018,noise,mild,0.525,2400,center_of_mass,0.6384343206462884,0.6414453448259909,0.048253467367764924,0.04804513753868378,9.196408741801182,2.057573966510364,0.6921802167721858
noise_019,noise,moderate,0.45,900,center_of_mass,0.1045679032175606,0.10396704747307695,0.00785101745960265,0.007868600429990824,6.049598412838742,2.073609536595022,0.4553307986646609
noise_019,noise,moderate,0.45,1500,center_of_mass,0.5150937524663375,0.5164314984297391,0.03892947023263743,0.03876731401838451,6.597208113114199,1.953103498178344,0.49654734847168847
noise_019,noise,moderate,0.45,2400,center_of_mass,1.2051898297622738,1.203090951381518,0.09066690168693642,0.09070832230460996,7.12763575011505,1.8653646298288684,0.5364706639264057
noise_019,noise,moderate,0.5,900,center_of_mass,0.11542049398512866,0.11662056549162703,0.008769457040225526,0.008685801187842068,6.061332428706148,2.0810223372139403,0.45621289182385577
noise_019,noise,moderate,0.5,1500,center_of_mass,0.5478342076212259,0.544667717754197,0.0410204406426356,0.041231864581194155,6.628340973073357,1.9716603201492622,0.4988894130531891
noise_019,noise,moderate,0.5,2400,center_of_mass,1.1978829208900788,1.1928700645168702,0.08985996277016062,0.09015853729454248,7.119554667307739,1.8904773818971232,0.5358611514445708
noise_019,noise,moderate,0.525,900,center_of_mass,0.12472099088086885,0.12253891235020475,0.009242859601416242,0.009387038292006378,6.067955594965651,2.08440032840926,0.4567138011870654
noise_019,noise,moderate,0.525,1500,center_of_mass,0.5526967404461853,0.5547223876047047,0.04180786726010616,0.04159926361115246,6.6352594772735145,1.9793451961022384,0.4994127735645913
noise_019,noise,moderate,0.525,2400,center_of_mass,1.1977263567484409,1.1954312307034671,0.09008470609232222,0.09014841296290144,7.120445849505448,1.902031544808942,0.5359310691898591
potential_shape_000,potential_shape,mild,0.45,900,center_of_mass,0.11874059140277371,0.12147452294330385,0.009092266031540563,0.008931806666776954,7.149774374839547,2.113072000927268,0.5381372697024562
potential_shape_000,potential_shape,mild,0.45,1500,center_of_mass,0.34624944779761613,0.34948390245034755,0.026268196343828487,0.026055211450386695,7.850050424242383,2.010449505900273,0.590844487180739
potential_shape_000,potential_shape,mild,0.45,2400,center_of_mass,0.7443872093355992,0.7479843053016619,0.05629172953868444,0.05602134885213139,8.545599430141827,1.9484175182626893,0.6431959011908013
potential_shape_000,potential_shape,mild,0.5,900,center_of_mass,0.12457954314043462,0.12736291568999025,0.009563196581294675,0.009371333833794071,7.159243342477477,2.1206307041908206,0.5388504563788427
potential_shape_000,potential_shape,mild,0.5,1500,center_of_mass,0.3674693343796136,0.3699521247726052,0.027839651335072935,0.02765241141509911,7.8744353487030265,2.027248072453402,0.5926803759685455
potential_shape_000,potential_shape,mild,0.5,2400,center_of_mass,0.7733825207095153,0.7721826741331368,0.05814566433754775,0.058203812198803107,8.57360813512981,1.9751003237694125,0.6453045921847992
potential_shape_000,potential_shape,mild,0.525,900,center_of_mass,0.12743164190608525,0.13296179284128762,0.00999217019628329,0.009585835534091758,7.16299604580782,2.1244993271717307,0.5391336348500112
potential_shape_000,potential_shape,mild,0.525,1500,center_of_mass,0.37485294394027324,0.37948794044320344,0.028565988650614216,0.02820799717464928,7.883930693519193,2.035677119850509,0.5933958623809027
potential_shape_000,potential_shape,mild,0.525,2400,center_of_mass,0.7790326806844226,0.7856925138334363,0.05917217179382561,0.058628962233056026,8.583695795383457,1.9882854020985903,0.646064738419889
potential_shape_001,potential_shape,moderate,0.45,900,center_of_mass,0.09919471066914376,0.09972747386065617,0.007531137542553745,0.007463659719157856,7.143508025573769,2.129379942490048,0.5376682260404153
potential_shape_001,potential_shape,moderate,0.45,1500,center_of_mass,0.3049803972235896,0.30615004431516013,0.02308654228483409,0.02295230081938804,7.842022353968995,2.044646443672968,0.5902430931453929
potential_shape_001,potential_shape,moderate,0.45,2400,center_of_mass,0.6393562261424499,0.6400976438503818,0.04825073234491706,0.04811953223789589,8.504779787104857,2.0041729451548553,0.6401266471019211
potential_shape_001,potential_shape,moderate,0.5,900,center_of_mass,0.10296946797535078,0.10384978745221485,0.007828754962420525,0.007750945431449274,7.147951461853802,2.135613958998758,0.5380040941870635
potential_shape_001,potential_shape,moderate,0.5,1500,center_of_mass,0.3230773633022892,0.32546272250992914,0.024528289276185666,0.024317848342803816,7.860242714015195,2.0608150546982467,0.5916160496948184
potential_shape_001,potential_shape,moderate,0.5,2400,center_of_mass,0.6619687168356396,0.6610384851550064,0.04981524572436735,0.049825185996772325,8.52428851693637,2.0314526182870383,0.6415967146319079
potential_shape_001,potential_shape,moderate,0.525,900,center_of_mass,0.12014139803245971,0.1194529239258717,0.008952917069819488,0.009040604654172113,7.160994806570022,2.1412270301354566,0.5389830091350662
potential_shape_001,potential_shape,moderate,0.525,1500,center_of_mass,0.33333699944328554,0.33173586320811754,0.024944951220255973,0.025086952102811755,7.868574804579434,2.070513814276811,0.5922400809105242
potential_shape_001,potential_shape,moderate,0.525,2400,center_of_mass,0.6782215289539044,0.6719410006966013,0.050576985619881,0.05104510225966519,8.537364028452412,2.0459647231856986,0.6425774968234476
potential_shape_002,potential_shape,mild,0.45,900,center_of_mass,0.10194569088036332,0.10231939020553682,0.007690044303744092,0.007668042262569452,7.159195909170765,2.1349555061777243,0.5388465916858138
potential_shape_002,potential_shape,mild,0.45,1500,center_of_mass,0.29901549363282953,0.30134143173830186,0.022684531400357644,0.02250038468698845,7.866188117792271,2.0451792397623736,0.5920593054700736
potential_shape_002,potential_shape,mild,0.45,2400,center_of_mass,0.6680124633572966,0.6649663700908173,0.050082028276004276,0.050273213210634715,8.554068702047989,1.998143063343577,0.6438335685524768
potential_shape_002,potential_shape,mild,0.5,900,center_of_mass,0.11335066038899555,0.11069850951416971,0.008313720642615263,0.008528788835201806,7.170944471172561,2.1420857612971096,0.5397314812989922
potential_shape_002,potential_shape,mild,0.5,1500,center_of_mass,0.3204799604011397,0.3212303979325384,0.02417509562926723,0.02411846715206789,7.887108309499506,2.0618701031137414,0.5936345799156871
potential_shape_002,potential_shape,mild,0.5,2400,center_of_mass,0.6894606654588955,0.6878278760289973,0.05179654744558382,0.05189019808347395,8.575166335898897,2.0250029023836644,0.645422252328808
potential_shape_002,potential_shape,mild,0.525,900,center_of_mass,0.11767473665301242,0.11454208360190865,0.008582321934163417,0.008851653247476055,7.175386823596234,2.147546332022951,0.540065914157714
potential_shape_002,potential_shape,mild,0.525,1500,center_of_mass,0.32875255323874075,0.3265362723666634,0.024552396358555773,0.024738333178457972,7.8954929346299965,2.071221496260828,0.5942657449610865
potential_shape_002,potential_shape,mild,0.525,2400,center_of_mass,0.7014373900638011,0.6951427287895546,0.05232431887900724,0.052788762802792544,8.585565100101139,2.03874225573293,0.6462050267430104
potential_shape_003,potential_shape,moderate,0.45,900,center_of_mass,0.1304599987971855,0.1253206731775771,0.009488338970339405,0.009822402991605528,7.14457457358966,2.0955576352250467,0.5377514679225058
potential_shape_003,potential_shape,moderate,0.45,1500,center_of_mass,0.3567311521724452,0.34779213850756374,0.026255792332728567,0.02685338650062996,7.832511628076384,1.9819044975584064,0.5895305081609064
potential_shape_003,potential_shape,moderate,0.45,2400,center_of_mass,0.7418158454267978,0.7323429951454115,0.0552357285228966,0.055837715925581066,8.510795126845704,1.9061270575302405,0.6405829298343304
potential_shape_003,potential_shape,moderate,0.5,900,center_of_mass,0.13152701548517776,0.13356986611901078,0.010056133861897742,0.009895235346312092,7.149796034719309,2.1032299086704156,0.5381390062663945
potential_shape_003,potential_shape,moderate,0.5,1500,center_of_mass,0.36969548234900707,0.3735357428180599,0.028136530489412226,0.027821032195823547,7.851249194625785,1.9979865008302486,0.590934828382772
potential_shape_003,potential_shape,moderate,0.5,2400,center_of_mass,0.7697565351761879,0.7722416963559793,0.05817782340247335,0.057931975145475656,8.545628499077793,1.9321645000795376,0.6431982157792313
potential_shape_003,potential_shape,moderate,0.525,900,center_of_mass,0.13810789848856064,0.1395018713079228,0.010460704464087422,0.010391982584682324,7.155486983855447,2.1069749201014476,0.538565969084082
potential_shape_003,potential_shape,moderate,0.525,1500,center_of_mass,0.38909921011000126,0.3861274483759214,0.029039622900240758,0.029282929896474297,7.864190043948099,2.006089426558924,0.591907310653353
potential_shape_003,potential_shape,moderate,0.525,2400,center_of_mass,0.7979519266644148,0.7936110265085405,0.0597397511038642,0.06005560805692223,8.56462153899446,1.9450396316779013,0.6446261057637085
potential_shape_004,potential_shape,mild,0.45,900,center_of_mass,0.11192733714718184,0.11610413965326494,0.008716997839005702,0.00842062755617734,7.1522652060750485,2.110865638586936,0.5383249715232149
potential_shape_004,potential_shape,mild,0.45,1500,center_of_mass,0.3205394278935021,0.32442115942379157,0.02441109958274923,0.02412183279796276,7.849408063239617,2.002760291937935,0.5907963733275713
potential_shape_004,potential_shape,mild,0.45,2400,center_of_mass,0.6921917962094604,0.6983488418306179,0.05258444388596184,0.05209459499028979,8.531948960098232,1.9335100854918785,0.6421687411952133
potential_shape_004,potential_shape,mild,0.5,900,center_of_mass,0.12297295787503248,0.11994859873355956,0.009021040745471054,0.009251681340090134,7.1591368801392745,2.1166669734706907,0.538842441904884
potential_shape_004,potential_shape,mild,0.5,1500,center_of_mass,0.3455147646318224,0.34272027611261535,0.025805353779532636,0.02600131632520908,7.869346277920765,2.017416900772211,0.5922973438914669
potential_shape_004,potential_shape,mild,0.5,2400,center_of_mass,0.7309303788447767,0.7267497093850652,0.054740605050189295,0.05500998590976658,8.565263943945832,1.9586137216313202,0.6446765586133407
potential_shape_004,potential_shape,mild,0.525,900,center_of_mass,0.129813148146539,0.12983411019404567,0.009779543696218695,0.009768508354939476,7.167211309020385,2.1218518688168406,0.5394524142730344
potential_shape_004,potential_shape,mild,0.525,1500,center_of_mass,0.35576428545472893,0.357532147892905,0.026936690232595484,0.026774958035259977,7.881817554325645,2.0263328879953666,0.593238475263634
potential_shape_004,potential_shape,mild,0.525,2400,center_of_mass,0.741204998868616,0.7430568778475664,0.05598642013840571,0.05578570314150477,8.578433430250296,1.971614996295195,0.645670447715694
potential_shape_005,potential_shape,moderate,0.45,900,center_of_mass,0.1233673343944135,0.12180565473982075,0.009139373133424278,0.009279955428103226,7.158019102456784,2.1061705106561894,0.538756730308197
potential_shape_005,potential_shape,moderate,0.45,1500,center_of_mass,0.3237680687177287,0.3244423918041681,0.024404610450470376,0.024362972567561703,7.851332475078467,1.9925085225598917,0.5909397772396885
potential_shape_005,potential_shape,moderate,0.45,2400,center_of_mass,0.6847107085555146,0.6853177807502622,0.0515934483106093,0.051529498079571745,8.530723139362419,1.9136908009037377,0.6420749128488268
potential_shape_005,potential_shape,moderate,0.5,900,center_of_mass,0.13026905238071773,0.1291918829641272,0.009720424452406728,0.00980130875276286,7.168437301092337,2.114455449280884,0.5395443849877763
potential_shape_005,potential_shape,moderate,0.5,1500,center_of_mass,0.3414989494793277,0.34281380711167664,0.02581607483443682,0.025699619922940342,7.874529475567267,2.0091438247425906,0.5926895834978032
potential_shape_005,potential_shape,moderate,0.5,2400,center_of_mass,0.7140944262489608,0.716714383481035,0.05398927470470982,0.05374348742337842,8.568028087502247,1.9404451744961304,0.6448869272247448
potential_shape_005,potential_shape,moderate,0.525,900,center_of_mass,0.13164329715613476,0.13558421957342492,0.010179657384043361,0.009904559827009218,7.171478027427602,2.11716008445584,0.5397712266254824
potential_shape_005,potential_shape,moderate,0.525,1500,center_of_mass,0.35649061587830033,0.3574552321760702,0.026894713547068072,0.02682774118234965,7.88682412576283,2.0155547907774327,0.5936127469584944
potential_shape_005,potential_shape,moderate,0.525,2400,center_of_mass,0.7340162249955382,0.7332115206330556,0.05520564458766608,0.055242559649599676,8.583124948127235,1.9514766984869236,0.6460207893936717
potential_shape_006,potential_shape,mild,0.45,900,center_of_mass,0.11928086509036095,0.11628415366593803,0.008762728972267708,0.008975782285711276,7.138205403276049,2.1004579856215724,0.5372679885486897
potential_shape_006,potential_shape,mild,0.45,1500,center_of_mass,0.3434167013968956,0.34297696341778483,0.02584402961216814,0.025845568589575763,7.83136661781505,1.9919727247245533,0.5894398298958857
potential_shape_006,potential_shape,mild,0.45,2400,center_of_mass,0.7300933695409864,0.726067501222528,0.054709854785059964,0.05494930230577322,8.51100535411295,1.9231404966904813,0.6405938833620237
potential_shape_006,potential_shape,mild,0.5,900,center_of_mass,0.12515274404824428,0.1276125690170673,0.00960136654947008,0.00941636447472649,7.14844592027122,2.1093881180418825,0.5380391863392342
potential_shape_006,potential_shape,mild,0.5,1500,center_of_mass,0.36951100002684356,0.36874941429470454,0.027770191308047143,0.027808155259302025,7.854908437534542,2.0092614066376298,0.5912122198521743
potential_shape_006,potential_shape,mild,0.5,2400,center_of_mass,0.7664250632168654,0.7668607121330488,0.057767437814391975,0.057682374008849235,8.54547115642934,1.9504248441826166,0.6431885199436056
potential_shape_006,potential_shape,mild,0.525,900,center_of_mass,0.13083780211999585,0.13378829836919515,0.010057340939546022,0.00984684404247671,7.1513258465753635,2.1117120742554105,0.53825475483105
potential_shape_006,potential_shape,mild,0.525,1500,center_of_mass,0.37387796127020323,0.37692628583054333,0.028375905483297492,0.028139543600723016,7.860860965332354,2.01612424431039,0.5916589197226256
potential_shape_006,potential_shape,mild,0.525,2400,center_of_mass,0.7739588967862794,0.7771439224522085,0.05853079573210607,0.05825216241292441,8.556155413043475,1.96216223211499,0.64399124697553
potential_shape_007,potential_shape,moderate,0.45,900,center_of_mass,0.1037358074206498,0.10308609520203493,0.007727216783531166,0.007802447664485346,7.149223731163447,2.138784435626804,0.5380959373626605
potential_shape_007,potential_shape,moderate,0.45,1500,center_of_mass,0.3100350238453897,0.3095441827607237,0.02328055433111853,0.02332945135239617,7.852684574242934,2.0623979715921283,0.5910428610373738
potential_shape_007,potential_shape,moderate,0.45,2400,center_of_mass,0.618530336698293,0.6152661170227773,0.046314001675755945,0.04654848854413718,8.519332656838674,2.0314492682074454,0.6412190308678951
potential_shape_007,potential_shape,moderate,0.5,900,center_of_mass,0.11206361849912128,0.11421175348302715,0.008601472176257619,0.008431260953852826,7.159939991693913,2.145659975676618,0.5389041301182234
potential_shape_007,potential_shape,moderate,0.5,1500,center_of_mass,0.3170504388052846,0.32550730407091333,0.024522312921854916,0.02385967507173914,7.865183020709727,2.0799272224062237,0.5919853501902533
potential_shape_007,potential_shape,moderate,0.5,2400,center_of_mass,0.6278479724990058,0.6338031603131125,0.04775222778991228,0.04725216667144472,8.534802378338934,2.0611475441816483,0.64238530212119
potential_shape_007,potential_shape,moderate,0.525,900,center_of_mass,0.11822075484371553,0.11785511701895413,0.008841758879484463,0.00889511796976672,7.161827912345197,2.1493672289825216,0.5390460438381769
potential_shape_007,potential_shape,moderate,0.525,1500,center_of_mass,0.32504220157718855,0.3289876733891992,0.02474784737263913,0.024461639104328192,7.870587340457116,2.0879506759284068,0.5923919148219554
potential_shape_007,potential_shape,moderate,0.525,2400,center_of_mass,0.6391642311987304,0.6404791185664731,0.048216724210968565,0.04810435847991812,8.541790114676877,2.0746168929378337,0.6429110262904606
potential_shape_008,potential_shape,mild,0.45,900,center_of_mass,0.10761022347118487,0.10653930528245859,0.007993601022254548,0.00809906634287405,7.1516527380918715,2.1306157436655875,0.5382807031967383
potential_shape_008,potential_shape,mild,0.45,1500,center_of_mass,0.32226328271495497,0.31947490513529964,0.02403603831911083,0.02425525623016278,7.857092422677691,2.0414753349420613,0.5913767654981916
potential_shape_008,potential_shape,mild,0.45,2400,center_of_mass,0.6959713118542314,0.6938467035793598,0.052243694145482134,0.052382978545051695,8.541341632874062,1.9956158445745946,0.6428778834776916
potential_shape_008,potential_shape,mild,0.5,900,center_of_mass,0.11640600819026581,0.11641235777610515,0.008712841229608692,0.008757475561142702,7.163488655199838,2.1379672786420647,0.5391691623001325
potential_shape_008,potential_shape,mild,0.5,1500,center_of_mass,0.3397554908870859,0.3332740141480297,0.0250486822840148,0.025567901348037547,7.873615028239539,2.0582900320075326,0.5926177450362089
potential_shape_008,potential_shape,mild,0.5,2400,center_of_mass,0.7169861881002069,0.7133507964073731,0.05368387977498723,0.05396047744792298,8.560051987971772,2.0229512011817787,0.6442833038578929
potential_shape_008,potential_shape,mild,0.525,900,center_of_mass,0.12152643913285921,0.12558256320348438,0.009420583857784992,0.009145809629947599,7.169579987521184,2.141573242673785,0.5396288838252429
potential_shape_008,potential_shape,mild,0.525,1500,center_of_mass,0.346192706654179,0.3496434433315514,0.026300424205830786,0.026055580924636446,7.886178218307546,2.066494292749197,0.5935646957472346
potential_shape_008,potential_shape,mild,0.525,2400,center_of_mass,0.7220223859906225,0.7199874188716455,0.054203625372577835,0.05434290882991022,8.568417567711634,2.0356216753363485,0.6449144401858239
potential_shape_009,potential_shape,moderate,0.45,900,center_of_mass,0.10433704398531063,0.10255305855434571,0.0076968077529333545,0.007848860641824662,7.208629473110896,2.1660413512998913,0.5425677147207875
potential_shape_009,potential_shape,moderate,0.45,1500,center_of_mass,0.28713115855383187,0.2860434308938631,0.021520204408059795,0.021606799041000935,7.941939887541049,2.084651302505439,0.597761362093447
potential_shape_009,potential_shape,moderate,0.45,2400,center_of_mass,0.6186109208063186,0.6159792333147145,0.046378764563280495,0.046555863076336634,8.652734178278944,2.045757642936448,0.6512602974276018
potential_shape_009,potential_shape,moderate,0.5,900,center_of_mass,0.1135159868507003,0.10899237405659967,0.008168858104287913,0.008538400594321871,7.216659532796919,2.1731595235884145,0.5431712172049294
potential_shape_009,potential_shape,moderate,0.5,1500,center_of_mass,0.30677683023462343,0.30200896166583124,0.02270879743935794,0.023084007575666754,7.958927637091338,2.10004432433528,0.5990389887710864
potential_shape_009,potential_shape,moderate,0.5,2400,center_of_mass,0.6379565317699285,0.6372394605777014,0.04796520165595197,0.04801037529787233,8.673784961820179,2.071490460424001,0.652843649797217
potential_shape_009,potential_shape,moderate,0.525,900,center_of_mass,0.11353025229097469,0.11612685166910897,0.008659380341541456,0.008538353841335389,7.2181552693494435,2.1770811368598726,0.5432815818331309
potential_shape_009,potential_shape,moderate,0.525,1500,center_of_mass,0.31013177701932904,0.30769226335033384,0.02308570159716128,0.02333525258242586,7.9629847937012155,2.1082871455596424,0.5993419040800215
potential_shape_009,potential_shape,moderate,0.525,2400,center_of_mass,0.6405036772017887,0.6414778194181103,0.04822968518545623,0.04820066861282024,8.676936270405918,2.0841070893736906,0.6530781723583642
potential_shape_010,potential_shape,mild,0.45,900,center_of_mass,0.11243088667254852,0.1141329661681576,0.00856838151047623,0.008458082762294539,7.127864861618899,2.1046009245352013,0.5364872819227434
potential_shape_010,potential_shape,mild,0.45,1500,center_of_mass,0.3432511855140321,0.3392890130547084,0.02553100810614728,0.025830782489313475,7.817268707086074,2.0019332409430732,0.5883760904528632
potential_shape_010,potential_shape,mild,0.45,2400,center_of_mass,0.7487329107122997,0.7448296611566265,0.05608580769937843,0.056349673888109075,8.495227158098192,1.939786490345887,0.6394034418947627
potential_shape_010,potential_shape,mild,0.5,900,center_of_mass,0.13189902504026207,0.1277333386106081,0.009622251646801305,0.00992384001829838,7.14237525343553,2.112321243774421,0.537580530819703
potential_shape_010,potential_shape,mild,0.5,1500,center_of_mass,0.37307477685617396,0.3674838422450373,0.027686807900841548,0.028076023503714187,7.844658934590456,2.0193909850338994,0.5904388592423838
potential_shape_010,potential_shape,mild,0.5,2400,center_of_mass,0.7799176247450017,0.7764516679380016,0.05850158883609269,0.0586974380738261,8.525467934379133,1.96787451609937,0.6416808599713445
potential_shape_010,potential_shape,mild,0.525,900,center_of_mass,0.13356085177130694,0.1300501669102223,0.009784515405135474,0.010050097327839236,7.1465395642985685,2.1163461767578178,0.5378928542147771
potential_shape_010,potential_shape,mild,0.525,1500,center_of_mass,0.3785058884975312,0.37577829188987444,0.0282982982079234,0.028486022215293505,7.852841487674361,2.0276151921391046,0.5910535134592506
potential_shape_010,potential_shape,mild,0.525,2400,center_of_mass,0.7925212595818092,0.7868609621361422,0.05927131532073271,0.05964727807293391,8.538532389177728,1.980929152588762,0.6426628577687723
potential_shape_011,potential_shape,moderate,0.45,900,center_of_mass,0.09274105991633519,0.09377036181186948,0.007028095015651603,0.0069788434832306345,7.182921777925388,2.1408454004146087,0.5406355825692306
potential_shape_011,potential_shape,moderate,0.45,1500,center_of_mass,0.2667505977372615,0.2688327936201027,0.020216603435006864,0.020075876500723178,7.901260098871241,2.042397449497721,0.5947026086101874
potential_shape_011,potential_shape,moderate,0.45,2400,center_of_mass,0.5900086435920091,0.5952712830014093,0.04481257511699421,0.04440638486966664,8.602697818213475,1.98487371124916,0.6474975808388824
potential_shape_011,potential_shape,moderate,0.5,900,center_of_mass,0.10248959455447437,0.1035678523318957,0.007745731890220653,0.007713570051484986,7.195125360588375,2.1476099593906595,0.541552477157859
potential_shape_011,potential_shape,moderate,0.5,1500,center_of_mass,0.28753680506591994,0.2865476337935835,0.02152884802985433,0.021641410557616036,7.922691128143908,2.0571244578172285,0.5963138698862844
potential_shape_011,potential_shape,moderate,0.5,2400,center_of_mass,0.6135116838890529,0.6129927247510043,0.046123466894796517,0.04617638885581754,8.626179467399664,2.0087375448955256,0.6492630239924093
potential_shape_011,potential_shape,moderate,0.525,900,center_of_mass,0.1107311493028611,0.11062610836047426,0.00829080105144575,0.008329335621298561,7.1994953376387105,2.150683260126197,0.541880515062934
potential_shape_011,potential_shape,moderate,0.525,1500,center_of_mass,0.29057469729125973,0.29428430524538296,0.022125828659154356,0.021865140737824973,7.927635605899437,2.0640091087825585,0.5966850532503076
potential_shape_011,potential_shape,moderate,0.525,2400,center_of_mass,0.6255939480804393,0.6279351883982294,0.04726371310615873,0.047080581688593415,8.637950767935024,2.0200933766803497,0.6501479577254053
potential_shape_012,potential_shape,mild,0.45,900,center_of_mass,0.11111412605134774,0.11195174927842277,0.008392408131362328,0.008360487264631233,7.1579270792578455,2.1357518295160363,0.5387517761014422
potential_shape_012,potential_shape,mild,0.45,1500,center_of_mass,0.3266068763610068,0.3299711250463897,0.024816955627805726,0.024579676166162523,7.864539224953461,2.0500541160299095,0.5919359670445741
potential_shape_012,potential_shape,mild,0.45,2400,center_of_mass,0.7037267342786722,0.7062175555879762,0.05316483503167857,0.05296403307899311,8.551813901045074,2.0070941716378283,0.6436646940967502
potential_shape_012,potential_shape,mild,0.5,900,center_of_mass,0.11732746387507653,0.11549825889018717,0.008716225347307205,0.008827781605152518,7.165105298033282,2.141860766464771,0.5392961213291638
potential_shape_012,potential_shape,mild,0.5,1500,center_of_mass,0.34346845720989005,0.34234487156792426,0.025811090151891758,0.025848539502054346,7.879419193961132,2.065904481123402,0.5930604070033534
potential_shape_012,potential_shape,mild,0.5,2400,center_of_mass,0.72305906966346,0.7205733708637796,0.054312976207101404,0.05441905399924618,8.567117131642776,2.0342180261997966,0.644821377670905
potential_shape_012,potential_shape,mild,0.525,900,center_of_mass,0.12765424059629815,0.12693589246599313,0.009513547020490454,0.00960225435202311,7.172047120953421,2.145077556399071,0.5398134839864095
potential_shape_012,potential_shape,mild,0.525,1500,center_of_mass,0.35652432352387287,0.3574005232877484,0.02687495024737574,0.02682806507135771,7.890365073425312,2.0735672588685956,0.5938786213497683
potential_shape_012,potential_shape,mild,0.525,2400,center_of_mass,0.7285416375965745,0.7295049427711859,0.054909809973588186,0.054828172224169025,8.575554935419172,2.0470765529490738,0.6454503270716349
potential_shape_013,potential_shape,moderate,0.45,900,center_of_mass,0.0979670185156607,0.09762599799229665,0.0072975893656277435,0.007367252570356975,7.211320713015375,2.1701235088142714,0.5427696463919409
potential_shape_013,potential_shape,moderate,0.45,1500,center_of_mass,0.2778885529791477,0.28046199872957,0.021069319513257634,0.020908784189075713,7.948634393005662,2.088648383472372,0.5982645406142404
potential_shape_013,potential_shape,moderate,0.45,2400,center_of_mass,0.6104553920894702,0.6081187581033483,0.04575431521897555,0.04593952578183236,8.664882038512534,2.049531747753641,0.6521738661099086
potential_shape_013,potential_shape,moderate,0.5,900,center_of_mass,0.10964986744197347,0.10529021892539259,0.00793550549754185,0.008253189283485507,7.219637736816797,2.1782057734564817,0.543399991305504
potential_shape_013,potential_shape,moderate,0.5,1500,center_of_mass,0.2965661195051066,0.2940105823995278,0.022156418942077538,0.02232181003052236,7.9642179760574905,2.1051421914704496,0.5994422550862756
potential_shape_013,potential_shape,moderate,0.5,2400,center_of_mass,0.6274098806585329,0.6276676410806754,0.04729885708713,0.0472234094185382,8.680504069830942,2.0752810420166643,0.6533549116373303
potential_shape_013,potential_shape,moderate,0.525,900,center_of_mass,0.12206766474121444,0.12044136735054778,0.00904938679669498,0.009184696034994944,7.231681937943746,2.182137575143005,0.5443022454025281
potential_shape_013,potential_shape,moderate,0.525,1500,center_of_mass,0.30737891733704803,0.3063425971327005,0.0230546188804307,0.0231321575934601,7.975422419222585,2.1128120729585618,0.6002808590940264
potential_shape_013,potential_shape,moderate,0.525,2400,center_of_mass,0.638152867990474,0.6412190060494556,0.04828545220765834,0.04802813598085387,8.691144798691187,2.08740575528133,0.6541506625939439
potential_shape_014,potential_shape,mild,0.45,900,center_of_mass,0.1103371487143665,0.11641350845955412,0.008769375049524908,0.00830068083079527,7.153777850269323,2.1327847993354654,0.5384413508496251
potential_shape_014,potential_shape,mild,0.45,1500,center_of_mass,0.3330103854143234,0.33578682990221065,0.025299334815068297,0.02506028427899909,7.8606467616320215,2.0478068748885194,0.5916450474111059
potential_shape_014,potential_shape,mild,0.45,2400,center_of_mass,0.6990764163779435,0.7022473429752436,0.05291261570622019,0.05261268465986901,8.541604386374662,2.005495541432945,0.6428984909331972
potential_shape_014,potential_shape,mild,0.5,900,center_of_mass,0.12264221007769294,0.11883193044109142,0.008906851953465189,0.00922674682648339,7.163695435382519,2.1396919059879904,0.5391863872116968
potential_shape_014,potential_shape,mild,0.5,1500,center_of_mass,0.35158284156743846,0.3495275321582021,0.026286437269605334,0.026458031207775345,7.879897048637259,2.064468103567671,0.5930923937355851
potential_shape_014,potential_shape,mild,0.5,2400,center_of_mass,0.7244679931662485,0.7197067170694771,0.05417718774327707,0.05452361900662972,8.564102604847957,2.0334266400832464,0.6445901583591487
potential_shape_014,potential_shape,mild,0.525,900,center_of_mass,0.12302609496697503,0.12709586704582865,0.009534642610716015,0.009255854016232412,7.1660574726120725,2.1433842483971106,0.5393636951147132
potential_shape_014,potential_shape,mild,0.525,1500,center_of_mass,0.36101920317852176,0.3610100039312103,0.027156893791452585,0.027168465506235306,7.8879804405832274,2.072428343546343,0.5937002608729424
potential_shape_014,potential_shape,mild,0.525,2400,center_of_mass,0.7299507428735188,0.7313615719407114,0.05506062618575425,0.05493647667513535,8.5720449202519,2.046378521370916,0.6451873758440738
potential_shape_015,potential_shape,moderate,0.45,900,center_of_mass,0.13767717095948573,0.13896981586439505,0.010431459875330229,0.010355045580020428,7.09944763587217,2.0936469868129226,0.5343476245600122
potential_shape_015,potential_shape,moderate,0.45,1500,center_of_mass,0.4250376738775028,0.42800261344840695,0.03220641072277586,0.03198311077509308,7.793116266176019,2.0007207496836523,0.5865573446130193
potential_shape_015,potential_shape,moderate,0.45,2400,center_of_mass,0.8392068028140569,0.8401652299556783,0.06325948139120374,0.06315574464547147,8.455482961384234,1.946534643750097,0.6364111008223092
potential_shape_015,potential_shape,moderate,0.5,900,center_of_mass,0.15180569173479697,0.1492888318020329,0.011237540226680887,0.011422638240536465,7.1123833860025965,2.101678027640323,0.5353224101210021
potential_shape_015,potential_shape,moderate,0.5,1500,center_of_mass,0.4445912796025988,0.4480238317508922,0.03374565979455957,0.033459320912729296,7.815246528246091,2.0194081168937066,0.5882242838212944
potential_shape_015,potential_shape,moderate,0.5,2400,center_of_mass,0.8656313482657332,0.8643623153933842,0.06511507323691623,0.06514931577488448,8.484032325654718,1.978006461351572,0.6385612891871386
potential_shape_015,potential_shape,moderate,0.525,900,center_of_mass,0.160829763310268,0.16123202034867568,0.01213543553141927,0.012104864126018522,7.121879414852074,2.1077140492398065,0.5360410803123873
potential_shape_015,potential_shape,moderate,0.525,1500,center_of_mass,0.4605215412279806,0.4630359001567559,0.0348763015380924,0.03466168612477061,7.828420831334192,2.029689042431605,0.5892201847824257
potential_shape_015,potential_shape,moderate,0.525,2400,center_of_mass,0.8778616369668137,0.8772371441031899,0.06608691769876884,0.06607353614096212,8.49328650699602,1.993264217259186,0.6392624995753807
potential_shape_016,potential_shape,mild,0.45,900,center_of_mass,0.10303599154378507,0.10758981889568897,0.008077663764505694,0.007755159663844324,7.167698664198147,2.129692084085618,0.5394897119961797
potential_shape_016,potential_shape,mild,0.45,1500,center_of_mass,0.29954475747351506,0.3058674061370015,0.023016232832100636,0.02254573387321479,7.877247002736075,2.0308461657218007,0.5928951412741064
potential_shape_016,potential_shape,mild,0.45,2400,center_of_mass,0.6532275143069395,0.6592243656677113,0.04964113593344699,0.049166292490498864,8.569442059032983,1.973438707626882,0.6449944405086634
potential_shape_016,potential_shape,mild,0.5,900,center_of_mass,0.1122373884982002,0.11923148237413628,0.008938692701267459,0.008442798442005017,7.176634573585412,2.1348226914293127,0.5401601819699364
potential_shape_016,potential_shape,mild,0.5,1500,center_of_mass,0.3184328467125894,0.3198900829993967,0.024054900166725846,0.023962060219879677,7.8950751685996865,2.0449885854606027,0.5942347005786766
potential_shape_016,potential_shape,mild,0.5,2400,center_of_mass,0.676682038239762,0.6784086259985802,0.05106692718740702,0.05092599501108297,8.591933175321035,1.9978747863842485,0.6466847732474362
potential_shape_016,potential_shape,mild,0.525,900,center_of_mass,0.11386648228599494,0.1164050895280937,0.008711899758282238,0.008566629511086221,7.179306071293607,2.1394237853983213,0.540360271621406
potential_shape_016,potential_shape,mild,0.525,1500,center_of_mass,0.3254732213519631,0.3238711185325265,0.024339760438396585,0.024493232534430698,7.902070038089026,2.0531199065430927,0.5947600927541237
potential_shape_016,potential_shape,mild,0.525,2400,center_of_mass,0.6889444250299812,0.6856259461958114,0.051594469349792615,0.051850217707464896,8.60193544357023,2.0098149807013983,0.6474364177318954
potential_shape_017,potential_shape,moderate,0.45,900,center_of_mass,0.09882700986540538,0.10000315889189881,0.007489201542430934,0.007435361289808817,7.174323776299197,2.154745382575123,0.5399850092564752
potential_shape_017,potential_shape,moderate,0.45,1500,center_of_mass,0.2898270607683129,0.29141625476009647,0.021908359856532056,0.021811027700946894,7.888270027241175,2.078052194417081,0.5937211304487889
potential_shape_017,potential_shape,moderate,0.45,2400,center_of_mass,0.6364384452789897,0.6370335552143356,0.04794765816916868,0.047899054987804224,8.570386007737046,2.0452530381248,0.6450614975509399
potential_shape_017,potential_shape,moderate,0.5,900,center_of_mass,0.10817517788621345,0.10821603221973675,0.00812647760371421,0.008140929347554948,7.183620208798816,2.1631726000077696,0.5406869711781168
potential_shape_017,potential_shape,moderate,0.5,1500,center_of_mass,0.30148882844820957,0.3012036807356706,0.02266620700689226,0.022690934943455754,7.902546570865047,2.0955551361497475,0.5947981494336265
potential_shape_017,potential_shape,moderate,0.5,2400,center_of_mass,0.6529797909761763,0.6528591932698475,0.04916246230296373,0.04914642992508833,8.587331319910396,2.0734485044019095,0.6463395977507418
potential_shape_017,potential_shape,moderate,0.525,900,center_of_mass,0.1115364069123359,0.11126935043766917,0.008344790033024463,0.008389587189435943,7.186951482993484,2.16667472082818,0.5409357611520267
potential_shape_017,potential_shape,moderate,0.525,1500,center_of_mass,0.3103504958241281,0.31093528957303285,0.023386356835044975,0.023353203817406798,7.909098710873183,2.104354460874298,0.5952891653298804
potential_shape_017,potential_shape,moderate,0.525,2400,center_of_mass,0.6565445207123366,0.65564304960819,0.04935758086595732,0.0494097112602051,8.589777123324854,2.0867483129947146,0.6465213529566874
potential_shape_018,potential_shape,mild,0.45,900,center_of_mass,0.10370400404624736,0.10106390742119498,0.0076193105716605425,0.007803452369983588,7.161444882146211,2.133932817403547,0.5390179038487315
potential_shape_018,potential_shape,mild,0.45,1500,center_of_mass,0.29300973565239463,0.28980416752516014,0.021841354928570866,0.02205172339948125,7.865105469954725,2.0417674958601166,0.5919800748097399
potential_shape_018,potential_shape,mild,0.45,2400,center_of_mass,0.6549870642753834,0.6494246009036493,0.04893926057077491,0.04929644370961206,8.551916356631015,1.9923309069360478,0.6436740238093744
potential_shape_018,potential_shape,mild,0.5,900,center_of_mass,0.11149579030193735,0.10739509070370357,0.008071727434371123,0.008389284233503602,7.16862295900074,2.1411339851977895,0.5395560253042898
potential_shape_018,potential_shape,mild,0.5,1500,center_of_mass,0.3111250037303259,0.3083902317973699,0.023214784743125882,0.02341444877704202,7.884257668721932,2.0581716120740556,0.5934192230834517
potential_shape_018,potential_shape,mild,0.5,2400,center_of_mass,0.6708415615060641,0.6698841107512834,0.05045162277611259,0.05048888402817375,8.571608906866626,2.0188138327815706,0.6451536363451534
potential_shape_018,potential_shape,mild,0.525,900,center_of_mass,0.1193139145286608,0.11653082394311465,0.008771638504920909,0.008979906638337476,7.174491241858677,2.1451323298287157,0.5399985082427191
potential_shape_018,potential_shape,mild,0.525,1500,center_of_mass,0.3258887875896779,0.31946397536694704,0.024061792192226483,0.024528027898628624,7.892592090093956,2.06695133964068,0.5940474148156552
potential_shape_018,potential_shape,mild,0.525,2400,center_of_mass,0.6822100341047692,0.6791358965884111,0.05116227063361789,0.051347041527936566,8.581474802596448,2.032205333511068,0.6458971644761224
potential_shape_019,potential_shape,moderate,0.45,900,center_of_mass,0.10770700945127487,0.11243065112059458,0.008453765604883201,0.008102681247077248,7.156412470017164,2.1435036875226703,0.5386393907212617
potential_shape_019,potential_shape,moderate,0.45,1500,center_of_mass,0.29991985872016436,0.301911726406753,0.022730100176576395,0.022569612691824226,7.857641988075258,2.073393766738388,0.5914186094059298
potential_shape_019,potential_shape,moderate,0.45,2400,center_of_mass,0.5812145392364645,0.5808681655524524,0.04374883508343008,0.043741503031566764,8.523668599823527,2.049659269345781,0.6415482181653125
potential_shape_019,potential_shape,moderate,0.5,900,center_of_mass,0.1214259282041068,0.12179205544819105,0.009137514853400308,0.00913521140774265,7.167365795132109,2.1527270319981597,0.539462050482088
potential_shape_019,potential_shape,moderate,0.5,1500,center_of_mass,0.31830780845755147,0.31822624114734843,0.02393574915994956,0.023953523021370104,7.872219013966635,2.0929258398533794,0.5925138370817333
potential_shape_019,potential_shape,moderate,0.5,2400,center_of_mass,0.6017670036339666,0.6050157992954093,0.04554284291230826,0.045288256431945895,8.54476144760743,2.0814668211202028,0.6431337120563354
potential_shape_019,potential_shape,moderate,0.525,900,center_of_mass,0.11896208878399506,0.12015344589673216,0.009045868470329288,0.008948929106220027,7.164909978168744,2.1561822205622114,0.5392783060302767
potential_shape_019,potential_shape,moderate,0.525,1500,center_of_mass,0.31769248898644964,0.3176026910248835,0.02392318126411297,0.02390633313050672,7.872094821678944,2.101123632026117,0.5925056961341326
potential_shape_019,potential_shape,moderate,0.525,2400,center_of_mass,0.6002298764452974,0.6078047294323179,0.045789584775060566,0.04517168078638245,8.547210724431883,2.095190420887536,0.6433193696398367
reference_000,reference,reference,0.45,900,center_of_mass,0.11319808616611216,0.10508558056183848,0.007884748233876415,0.008516857811984635,7.142576954379587,2.1166232219174064,0.5375969754481635
reference_000,reference,reference,0.45,1500,center_of_mass,0.33832104216228664,0.33182818723135465,0.024967488893682943,0.025460866369033552,7.844783608768331,2.0195374433728253,0.5904496350215214
reference_000,reference,reference,0.45,2400,center_of_mass,0.7258869721079888,0.7202632254264154,0.054234553858321766,0.05463146994364709,8.530852530045285,1.9642594317005524,0.642087656782897
reference_000,reference,reference,0.5,900,center_of_mass,0.12501808993283348,0.12347518803103164,0.009304259238516188,0.009405950585482326,7.157582090086935,2.124063909583372,0.5387246102769192
reference_000,reference,reference,0.5,1500,center_of_mass,0.35907275439395114,0.3594783735064375,0.027086488508732742,0.027022113201226605,7.868061276063294,2.0363368417477323,0.5921997297378605
reference_000,reference,reference,0.5,2400,center_of_mass,0.7540978184205613,0.7529605969828568,0.05673432203830653,0.056754041213512796,8.559233801780413,1.9914650312147768,0.6442217249637614
reference_000,reference,reference,0.525,900,center_of_mass,0.12716221759871704,0.13089172948324457,0.009837546293887667,0.009570501130415132,7.161791970209981,2.1286693903489886,0.5390443662854237
reference_000,reference,reference,0.525,1500,center_of_mass,0.36805257331176744,0.36961574462442215,0.027824010423614487,0.0277014824969678,7.877272935289049,2.0450458744006,0.5928962536986607
reference_000,reference,reference,0.525,2400,center_of_mass,0.7574647942357604,0.7565056061716033,0.056975591722977725,0.05701122076015386,8.56746029264227,2.0046210612263846,0.6448443639305832
time_discretization_000,time_discretization,mild,0.45,900,center_of_mass,0.1660954403246242,0.17032272186047148,0.012806957395608554,0.012500308075882982,7.388980739387532,2.0788291479304344,0.556142672222291
time_discretization_000,time_discretization,mild,0.45,1500,center_of_mass,0.46878183331960965,0.47024392214327104,0.03540426541231423,0.03528239546411949,8.110672723919537,1.9943610105248222,0.6104618887799936
time_discretization_000,time_discretization,mild,0.45,2400,center_of_mass,0.9035991982555922,0.9090205745232023,0.06846488260776362,0.06800952924303505,8.8012963160086,1.9515705671373857,0.6624427075805635
time_discretization_000,time_discretization,mild,0.5,900,center_of_mass,0.18480168871901714,0.18551358888715974,0.01393425632248746,0.013907343430093477,7.404624807127658,2.0893222886347234,0.5573202200297284
time_discretization_000,time_discretization,mild,0.5,1500,center_of_mass,0.4926025908326839,0.4960501753413977,0.037330456538493983,0.03707432983467318,8.135701546603748,2.015211252047111,0.6123458136985891
time_discretization_000,time_discretization,mild,0.5,2400,center_of_mass,0.9322722098391552,0.9345675486184613,0.07037095624329726,0.07016665199903993,8.828437562100765,1.9830561213138012,0.6644856248870362
time_discretization_000,time_discretization,mild,0.525,900,center_of_mass,0.19164513142338713,0.19055763572411966,0.014349281636812927,0.01442348080719802,7.411145401453817,2.093486242164598,0.5578120935497549
time_discretization_000,time_discretization,mild,0.525,1500,center_of_mass,0.5025306827310452,0.5043851419523104,0.03799594879838053,0.0378227422159384,8.146162905324271,2.0244213039577907,0.6131344024661638
time_discretization_000,time_discretization,mild,0.525,2400,center_of_mass,0.9435503412684882,0.9438997839613128,0.07111348610188994,0.07101678233163877,8.839544185485622,1.9970792065644436,0.6653228883712028
time_discretization_001,time_discretization,moderate,0.45,900,center_of_mass,0.06549040675407003,0.06515187142599466,0.00490486962670833,0.0049259855712758815,6.8518353809356425,2.1669891756599506,0.5157131820464456
time_discretization_001,time_discretization,moderate,0.45,1500,center_of_mass,0.21476580368297427,0.2132008133313983,0.01605981961889058,0.016161134861979787,7.534578765390198,2.060116919841717,0.5671008247820811
time_discretization_001,time_discretization,moderate,0.45,2400,center_of_mass,0.5287770709743089,0.5264259711905677,0.03966070912745412,0.03979548215267459,8.208596934449774,1.9883039382878631,0.6178317697962481
time_discretization_001,time_discretization,moderate,0.5,900,center_of_mass,0.07771252719287869,0.07459438130943141,0.005589053932690713,0.005846053928333705,6.859498779527856,2.1691510327660826,0.5162899266781615
time_discretization_001,time_discretization,moderate,0.5,1500,center_of_mass,0.2295084112814587,0.22628047348286096,0.01701589406632298,0.01727094136314211,7.5478460977319966,2.069920981444209,0.5680993629616464
time_discretization_001,time_discretization,moderate,0.5,2400,center_of_mass,0.5476063521111669,0.5498115473352438,0.04139187294664792,0.04121287824741238,8.228994454472565,2.008419053324759,0.6193669646923204
time_discretization_001,time_discretization,moderate,0.525,900,center_of_mass,0.0798417647239944,0.08156257292998603,0.006099837336630554,0.006005227810181202,6.863259904485619,2.1732227333488856,0.516571997153302
time_discretization_001,time_discretization,moderate,0.525,1500,center_of_mass,0.23676675329732522,0.2363967192729053,0.01776251050065769,0.01781606314387485,7.557646634060272,2.0772491903269774,0.5688358999720234
time_discretization_001,time_discretization,moderate,0.525,2400,center_of_mass,0.5600892600687288,0.5585102580933095,0.04203040665726254,0.042151117563636764,8.242045054120794,2.020081092451574,0.6203480148139021
time_discretization_002,time_discretization,mild,0.45,900,center_of_mass,0.1654614813619446,0.1677908993953352,0.012633765386326212,0.012453370992738577,7.386083936836373,2.0771774346370906,0.555925732724359
time_discretization_002,time_discretization,mild,0.45,1500,center_of_mass,0.46603413968264373,0.46612691180103294,0.0351130854273316,0.03507643435934438,8.108878854842182,1.9929192506063196,0.6103280741038555
time_discretization_002,time_discretization,mild,0.45,2400,center_of_mass,0.9057524730771398,0.9061625287372133,0.06826984535430203,0.06817254502073067,8.79982976090722,1.9503023591992623,0.662333635385641
time_discretization_002,time_discretization,mild,0.5,900,center_of_mass,0.17847720358488317,0.17822869265841312,0.013421626437739143,0.013432214801752052,7.400429175642411,2.0894192328114167,0.5570049106170342
time_discretization_002,time_discretization,mild,0.5,1500,center_of_mass,0.49137261530043563,0.48908487289047553,0.03684423077038956,0.03698271867741454,8.133838337772287,2.015256141806396,0.6122061084351615
time_discretization_002,time_discretization,mild,0.5,2400,center_of_mass,0.9318675935498177,0.9302088207219104,0.07008271055851412,0.07013722136465705,8.828169693234218,1.983248776886499,0.6644660479692112
time_discretization_002,time_discretization,mild,0.525,900,center_of_mass,0.1864035218537925,0.18374169981660948,0.013835991131800118,0.01402725253805226,7.405474041299496,2.094090823970064,0.5573849069745126
time_discretization_002,time_discretization,mild,0.525,1500,center_of_mass,0.4998682103833705,0.4959029039364946,0.0373569699716918,0.03762050330787947,8.14133282632405,2.024869337322255,0.6127705006993152
time_discretization_002,time_discretization,mild,0.525,2400,center_of_mass,0.9403609197934983,0.9353240504461802,0.07046725555462086,0.070774787905445,8.834448195808918,1.9975673250501784,0.66493893482902
time_discretization_003,time_discretization,moderate,0.45,900,center_of_mass,0.1663361827831089,0.1658474717121008,0.0125085749115188,0.012518280799847403,7.388574246949743,2.0791255264425734,0.5561137696478929
time_discretization_003,time_discretization,moderate,0.45,1500,center_of_mass,0.4664239966033765,0.4698128511108042,0.03541357972063219,0.03510483708049428,8.112839474549036,1.9944983630532,0.6106268485783357
time_discretization_003,time_discretization,moderate,0.45,2400,center_of_mass,0.9017424757010426,0.9038861962950913,0.06812216432962237,0.06786978678074562,8.801327991075466,1.9517495125804576,0.66244712632888
time_discretization_003,time_discretization,moderate,0.5,900,center_of_mass,0.18144061801657863,0.18389299926101188,0.013829775199869832,0.013655775601834175,7.402909013679162,2.090602072997451,0.5571922185440102
time_discretization_003,time_discretization,moderate,0.5,1500,center_of_mass,0.4914283357092284,0.4962638112839821,0.03736568247984906,0.036987480416316165,8.13725283839674,2.016620350255087,0.6124638190964264
time_discretization_003,time_discretization,moderate,0.5,2400,center_of_mass,0.9288854571063752,0.9296773129458282,0.07002289033293219,0.06991338320969986,8.82744636022258,1.9840009175013364,0.6644123795201452
time_discretization_003,time_discretization,moderate,0.525,900,center_of_mass,0.19092264714090135,0.1947259616188921,0.014647170503997775,0.01436613987736457,7.4123222796623525,2.094534511045236,0.5578978818065552
time_discretization_003,time_discretization,moderate,0.525,1500,center_of_mass,0.4996485816605247,0.5072383054982357,0.038192639275225426,0.03760256358902714,8.144173990210867,2.02522772138007,0.6129816351611685
time_discretization_003,time_discretization,moderate,0.525,2400,center_of_mass,0.9421819231550073,0.9428787933614622,0.07101599512029444,0.07091024756981057,8.838518557024976,1.9976359674819097,0.6652423515121844
time_discretization_004,time_discretization,mild,0.45,900,center_of_mass,0.07004258833616195,0.06940648544964212,0.005196471856853013,0.005271053046499552,6.853571141033984,2.164711532762912,0.5158445417331111
time_discretization_004,time_discretization,mild,0.45,1500,center_of_mass,0.21334724770193336,0.21416490820656975,0.016101373857396517,0.016057042527867105,7.532708696889823,2.0579392099827114,0.5669608819490146
time_discretization_004,time_discretization,mild,0.45,2400,center_of_mass,0.5312575140531752,0.5255093552318097,0.039559325177916826,0.039985008719309434,8.208654486663917,1.986343726632804,0.6178369784996447
time_discretization_004,time_discretization,mild,0.5,900,center_of_mass,0.0772123613656106,0.07820694432055664,0.005875701026031743,0.005806647468491355,6.859481410746973,2.1699368002531996,0.5162879744423321
time_discretization_004,time_discretization,mild,0.5,1500,center_of_mass,0.2295720553394176,0.23181944255488052,0.01744871044819085,0.017273824401637494,7.551050588295415,2.070593937213892,0.5683398536112014
time_discretization_004,time_discretization,mild,0.5,2400,center_of_mass,0.5476799532401779,0.5471416404471707,0.0412066010313612,0.041216384751632806,8.229599185673155,2.008585758200513,0.6194117189420503
time_discretization_004,time_discretization,mild,0.525,900,center_of_mass,0.08095159049220246,0.07466097100128888,0.005620713490491425,0.006092981144991461,6.8618565801151545,2.1717152187174302,0.5164680222889707
time_discretization_004,time_discretization,mild,0.525,1500,center_of_mass,0.23356073814446798,0.22945870388559708,0.017284266109558577,0.017579331939331477,7.554223959128348,2.0756028690646677,0.5685800998728493
time_discretization_004,time_discretization,mild,0.525,2400,center_of_mass,0.5580088356889323,0.5559013610587256,0.04188132093242214,0.041999415097871196,8.239238485938902,2.018682660907393,0.6201387560743227
time_discretization_005,time_discretization,moderate,0.45,900,center_of_mass,0.1739661865955151,0.17320849535008964,0.013021907180172154,0.013094089262487563,7.393297827310941,2.078828251135196,0.5564682770291265
time_discretization_005,time_discretization,moderate,0.45,1500,center_of_mass,0.4771533980901417,0.474092946143025,0.03569192881163796,0.03591397551031783,8.115699903151748,1.9946022903676766,0.6108410167013454
time_discretization_005,time_discretization,moderate,0.45,2400,center_of_mass,0.9093413810360627,0.9104298628623422,0.06856903478252807,0.0684432908696675,8.802300557186342,1.9519836088113813,0.6625191013829435
time_discretization_005,time_discretization,moderate,0.5,900,center_of_mass,0.18263461189654873,0.18384823190838429,0.013852485156359395,0.013746791405074177,7.404406855653448,2.089943359388691,0.5573052593756912
time_discretization_005,time_discretization,moderate,0.5,1500,center_of_mass,0.4950856110257762,0.49781048627455515,0.037509968311965514,0.03726397084054689,8.136711194739982,2.0158985236883913,0.6124233908842067
time_discretization_005,time_discretization,moderate,0.5,2400,center_of_mass,0.9333069962172891,0.934239522165055,0.07039550147487261,0.07024746425267447,8.827868786619778,1.9835014808168399,0.6644445343922093
time_discretization_005,time_discretization,moderate,0.525,900,center_of_mass,0.18531727086312433,0.18952731376475462,0.014268369337546716,0.013947895318740189,7.408072002625678,2.0948887842558306,0.5575797548474558
time_discretization_005,time_discretization,moderate,0.525,1500,center_of_mass,0.5075824234415105,0.5080751439025368,0.03827008124996323,0.03820364774373097,8.147963983590321,2.025749794230097,0.6132688395364947
time_discretization_005,time_discretization,moderate,0.525,2400,center_of_mass,0.9474194525110535,0.9446482892328474,0.0711652513835127,0.07130863786380426,8.840664126010282,1.9979920571773389,0.6654059663496217
time_discretization_006,time_discretization,mild,0.45,900,center_of_mass,0.16804853917578022,0.16657804990622171,0.012528214953942407,0.012646386242083918,7.390354924655672,2.0793757492089933,0.5562462939590639
time_discretization_006,time_discretization,mild,0.45,1500,center_of_mass,0.46894834057020063,0.46981205621961664,0.03537543128095599,0.035293952419179764,8.113102889037576,1.9949693904172694,0.610645013736766
time_discretization_006,time_discretization,mild,0.45,2400,center_of_mass,0.8998438478570918,0.904752526186889,0.06814722625931979,0.06772588345521868,8.798992968376574,1.9519257199492366,0.6622695716368618
time_discretization_006,time_discretization,mild,0.5,900,center_of_mass,0.1859002269262664,0.18338680382244377,0.013800288627830004,0.01398994038686363,7.405737975969761,2.0904630761995953,0.5574036245899943
time_discretization_006,time_discretization,mild,0.5,1500,center_of_mass,0.49644164614279607,0.49642184154814206,0.037386120118354516,0.037363178566519606,8.138320539733066,2.0162388531138626,0.612542515935538
time_discretization_006,time_discretization,mild,0.5,2400,center_of_mass,0.9353468876728979,0.9317422556193602,0.07018643048812057,0.07039794260213605,8.829658990714446,1.98389001638717,0.6645771048336129
time_discretization_006,time_discretization,mild,0.525,900,center_of_mass,0.19116280744327518,0.19015826548144243,0.014299425306309121,0.014383593068252654,7.409391373572275,2.0949738656407297,0.5576780396773791
time_discretization_006,time_discretization,mild,0.525,1500,center_of_mass,0.5121707422007225,0.5123332881046014,0.03857306937060678,0.03854444197241835,8.150249048565323,2.025831709835902,0.6134397127656355
time_discretization_006,time_discretization,mild,0.525,2400,center_of_mass,0.9494634709775873,0.9437431157883722,0.07107797894330148,0.07145771639478804,8.841470338725452,1.9983818478681503,0.6654654270971305
time_discretization_007,time_discretization,moderate,0.45,900,center_of_mass,0.06989658081372685,0.07070016907659937,0.005298130929399569,0.005258085332450535,6.856638397518081,2.1654936015457924,0.5160748070028307
time_discretization_007,time_discretization,moderate,0.45,1500,center_of_mass,0.20859462192559342,0.21202099216083337,0.015944209200721038,0.015697169126845822,7.5325738265189885,2.0588333521682913,0.5669500656071794
time_discretization_007,time_discretization,moderate,0.45,2400,center_of_mass,0.5232425566207919,0.522555178692083,0.03934106357896072,0.03937945759910644,8.205879494930874,1.986736128173908,0.6176273964181881
time_discretization_007,time_discretization,moderate,0.5,900,center_of_mass,0.07610339751219275,0.07811283920193457,0.00585410152193655,0.005724411533564955,6.8589270841317695,2.1699034479279393,0.5162461967907984
time_discretization_007,time_discretization,moderate,0.5,1500,center_of_mass,0.2255996802564395,0.2303668352399768,0.017323587129046025,0.01697616122159873,7.546779897703156,2.070529988390496,0.5680183469592697
time_discretization_007,time_discretization,moderate,0.5,2400,center_of_mass,0.5472517443039733,0.5489798694165318,0.04132863496014738,0.04118553437527728,8.228772906136207,2.0086146020380276,0.6193494582388088
time_discretization_007,time_discretization,moderate,0.525,900,center_of_mass,0.08306060677549887,0.08278664426927218,0.006181548215176358,0.006249834380453234,6.863552118051331,2.173054234136677,0.5165948619864336
time_discretization_007,time_discretization,moderate,0.525,1500,center_of_mass,0.23992800076514698,0.24096892500053002,0.018095888316983832,0.01805653828793763,7.557726747402152,2.0767080750274474,0.5688428886311576
time_discretization_007,time_discretization,moderate,0.525,2400,center_of_mass,0.5587909785264102,0.5569903588341409,0.04190458979132028,0.04205610839549623,8.23806660109866,2.019327543467189,0.6200496297856837
time_discretization_008,time_discretization,mild,0.45,900,center_of_mass,0.07049970461512167,0.07173606250488529,0.00538933979929912,0.00530512825639462,6.854756432924738,2.165558195796708,0.5159334888861039
time_discretization_008,time_discretization,mild,0.45,1500,center_of_mass,0.21139273838931416,0.2114514325848189,0.015915541115652188,0.01590955107063774,7.53190276013261,2.0588754123717785,0.5668999148110527
time_discretization_008,time_discretization,mild,0.45,2400,center_of_mass,0.5263275168119952,0.5266586740180808,0.03966537520633295,0.03961352755684777,8.205624452610396,1.9869369354713355,0.6176085850570849
time_discretization_008,time_discretization,mild,0.5,900,center_of_mass,0.07512679769756136,0.07448958346359635,0.005573684541555268,0.005651219277580388,6.859672144628507,2.1706139994424647,0.5163027603947739
time_discretization_008,time_discretization,mild,0.5,1500,center_of_mass,0.22548345705725037,0.22535758898651093,0.016938264418102644,0.016967769582230563,7.547463244649004,2.071031840899585,0.5680703247198529
time_discretization_008,time_discretization,mild,0.5,2400,center_of_mass,0.5481295572082061,0.5480911226197307,0.041253626315847614,0.041252006491156235,8.228135500548774,2.009256472845922,0.6193020616002706
time_discretization_008,time_discretization,mild,0.525,900,center_of_mass,0.08474732494224657,0.08056198012155136,0.0060596585283814175,0.006370868903507465,6.867612419265251,2.1732899542040522,0.5169011133648461
time_discretization_008,time_discretization,mild,0.525,1500,center_of_mass,0.23824654696804703,0.23731597110514713,0.017870137490782145,0.017923591920271487,7.5605458822200475,2.077218551143866,0.5690557772099023
time_discretization_008,time_discretization,mild,0.525,2400,center_of_mass,0.5612349046391554,0.5553381898252212,0.04183233650508256,0.042233380598090564,8.241644659723086,2.0203136234655026,0.6203196941223176
time_discretization_009,time_discretization,moderate,0.45,900,center_of_mass,0.07396982462118906,0.07086924632750158,0.0053040782299187406,0.00556417646636842,6.853915165443597,2.1657961321599624,0.5158690448288898
time_discretization_009,time_discretization,moderate,0.45,1500,center_of_mass,0.22046858965887584,0.21737050079093212,0.016339767541482697,0.016590349766669177,7.538870278432954,2.0594202881721655,0.5674231024513008
time_discretization_009,time_discretization,moderate,0.45,2400,center_of_mass,0.5277778001030597,0.5264887732463208,0.0396292141465896,0.03972021134742443,8.206833114703668,1.9874412734161908,0.6176982143642297
time_discretization_009,time_discretization,moderate,0.5,900,center_of_mass,0.07676454609327354,0.07601258349927686,0.005659972436896199,0.005771643264123716,6.860572272994875,2.1716291577872906,0.5163692191604694
time_discretization_009,time_discretization,moderate,0.5,1500,center_of_mass,0.2279589561403519,0.2292133111401835,0.017197791542770013,0.01715098813716287,7.548440774072352,2.0721431850609466,0.5681424715188971
time_discretization_009,time_discretization,moderate,0.5,2400,center_of_mass,0.5529339904274186,0.5498390677462996,0.04135217930877022,0.04161029206552802,8.232717892537732,2.010300281282782,0.6196454012123817
time_discretization_009,time_discretization,moderate,0.525,900,center_of_mass,0.07863751999600854,0.07750822047880224,0.005818748596574275,0.005914941411435004,6.862421914182671,2.172682281060616,0.5165117746938481
time_discretization_009,time_discretization,moderate,0.525,1500,center_of_mass,0.23729648296665573,0.2342035705773391,0.01762425379955701,0.01785637549828778,7.556205610174224,2.0767261556013654,0.5687305837222982
time_discretization_009,time_discretization,moderate,0.525,2400,center_of_mass,0.5577285193699959,0.5544621323521701,0.041755005458691374,0.04197402301589204,8.238526093905474,2.019416748086598,0.6200865800770379
time_discretization_010,time_discretization,mild,0.45,900,center_of_mass,0.06974679226243108,0.06742880654469463,0.005054876598094671,0.005245254573709168,6.852009780074764,2.165152175416308,0.5157270859040085
time_discretization_010,time_discretization,mild,0.45,1500,center_of_mass,0.21490285798259112,0.2142880384622492,0.01611866057464717,0.016170310126491172,7.535323329728101,2.0584548620491447,0.567157735268783
time_discretization_010,time_discretization,mild,0.45,2400,center_of_mass,0.525293934424071,0.5282667542740258,0.039775551634513406,0.039532148391023036,8.209397540336237,1.9867589025534838,0.6178929744423106
time_discretization_010,time_discretization,mild,0.5,900,center_of_mass,0.074320858416975,0.07940345212991318,0.005950285189477045,0.0055911196968428944,6.860677919905885,2.1706739454115747,0.5163809620718511
time_discretization_010,time_discretization,mild,0.5,1500,center_of_mass,0.22591508824277629,0.230185265500511,0.01730940135634329,0.017000903522595978,7.549387044964618,2.0711884258129865,0.5682178663809656
time_discretization_010,time_discretization,mild,0.5,2400,center_of_mass,0.5486036794779166,0.5528678052664242,0.041622445257330165,0.04128849153090286,8.231818199514379,2.0094039500291214,0.619582252182052
time_discretization_010,time_discretization,mild,0.525,900,center_of_mass,0.07816163437352852,0.08152490971962312,0.006075783721794181,0.00588051105649301,6.862348876386493,2.1723644850868187,0.5165037379256738
time_discretization_010,time_discretization,mild,0.525,1500,center_of_mass,0.23734867685289718,0.23626567488707817,0.017729832454119743,0.017861736815919294,7.55453600737319,2.0762131014368546,0.5686021207523677
time_discretization_010,time_discretization,mild,0.525,2400,center_of_mass,0.5615036545674474,0.5576311376873786,0.04194036985798921,0.0422595698758228,8.238861946758647,2.0191609935127817,0.6201088138592454
time_discretization_011,time_discretization,moderate,0.45,900,center_of_mass,0.06889143849179735,0.06781366902113195,0.005096395913762541,0.005185220242065469,6.85163595368663,2.1663530503081296,0.5157001789647043
time_discretization_011,time_discretization,moderate,0.45,1500,center_of_mass,0.21139098522118616,0.209482674472933,0.01577034981758907,0.01591070486621471,7.530649092844034,2.0590358185254543,0.5668072796686071
time_discretization_011,time_discretization,moderate,0.45,2400,center_of_mass,0.5280711967842846,0.5235901946432939,0.03943817467199551,0.03974617254187196,8.206901084401414,1.9872819914973299,0.6177065471529298
time_discretization_011,time_discretization,moderate,0.5,900,center_of_mass,0.07367466132595535,0.0798944746408008,0.006001238059789582,0.005545234163268131,6.859139051743017,2.1707021203618657,0.5162633118812312
time_discretization_011,time_discretization,moderate,0.5,1500,center_of_mass,0.22818050758270125,0.23095916377778014,0.017382369227191052,0.017174344299076716,7.548857265799197,2.0712736043346087,0.5681759775836407
time_discretization_011,time_discretization,moderate,0.5,2400,center_of_mass,0.5505768852138644,0.5506330856517057,0.041468581406644556,0.0414399892756786,8.231480384020612,2.009552394301351,0.6195546250803802
time_discretization_011,time_discretization,moderate,0.525,900,center_of_mass,0.08125417306472116,0.0821714086264933,0.006218317857112909,0.006120473792574188,6.865937681582009,2.173498522882974,0.5167795362208972
time_discretization_011,time_discretization,moderate,0.525,1500,center_of_mass,0.2396520825463222,0.23861172389550234,0.01800913060000664,0.01804301444846934,7.559722205758066,2.0776941247614795,0.5689987269360829
time_discretization_011,time_discretization,moderate,0.525,2400,center_of_mass,0.5584937931346063,0.5593921568922386,0.04218327664802457,0.04204157417878118,8.24144353506199,2.0204373219677967,0.6203099476404856
time_discretization_012,time_discretization,mild,0.45,900,center_of_mass,0.16899910661114248,0.1708218856144823,0.012829823453329281,0.012718409729727376,7.390897745713568,2.0789176145499937,0.5562868387373286
time_discretization_012,time_discretization,mild,0.45,1500,center_of_mass,0.47071187287276217,0.4707686541276104,0.035428163041478444,0.035427183438958454,8.113124443946326,1.9943088742576975,0.6106462992818592
time_discretization_012,time_discretization,mild,0.45,2400,center_of_mass,0.9093313977086463,0.9045819778264201,0.06811418831102567,0.0684404663068231,8.802308603187972,1.9514469010202746,0.6625187566586648
time_discretization_012,time_discretization,mild,0.5,900,center_of_mass,0.17855467356562826,0.18023789015795977,0.013537711722433121,0.013436195555073693,7.401038669385061,2.089360546509744,0.5570481882242667
time_discretization_012,time_discretization,mild,0.5,1500,center_of_mass,0.4952178561473861,0.4973667993224593,0.037429813436817616,0.03727005464311739,8.13718177015799,2.015647677588244,0.6124548901775702
time_discretization_012,time_discretization,mild,0.5,2400,center_of_mass,0.9313074636799294,0.9332455533235908,0.07027028265800694,0.07009276467902248,8.825541840844632,1.9833600004191887,0.6642651503175246
time_discretization_012,time_discretization,mild,0.525,900,center_of_mass,0.18547712887416967,0.18824572518033555,0.014198799581855548,0.013961788904382044,7.4107381587650805,2.095579595705989,0.5577827733216357
time_discretization_012,time_discretization,mild,0.525,1500,center_of_mass,0.505104785393093,0.5057265856862312,0.03812270123263106,0.03801924675934454,8.147822493060135,2.02615555473702,0.6132607830016512
time_discretization_012,time_discretization,mild,0.525,2400,center_of_mass,0.941422596625002,0.9438693290208446,0.07113848466448625,0.07085955169259206,8.837487624876129,1.9980907415715556,0.6651696875916777
time_discretization_013,time_discretization,moderate,0.45,900,center_of_mass,0.07080845231217214,0.06873391218927516,0.005157478824182826,0.005326383476615182,6.853163507722466,2.1636536085420492,0.5158138364443958
time_discretization_013,time_discretization,moderate,0.45,1500,center_of_mass,0.2108223723188818,0.21322886732279578,0.01604343479131176,0.01586450637115322,7.532268988384321,2.057291829709236,0.5669277490646992
time_discretization_013,time_discretization,moderate,0.45,2400,center_of_mass,0.5209522452772077,0.5243774968588468,0.039487255881770156,0.039206751740913925,8.203589008869727,1.985936965654832,0.6174556751716161
time_discretization_013,time_discretization,moderate,0.5,900,center_of_mass,0.07175906090013129,0.07570347756416318,0.005697533389318554,0.005399220078941558,6.857099558315246,2.170958819353716,0.5161102670392299
time_discretization_013,time_discretization,moderate,0.5,1500,center_of_mass,0.22716391946394232,0.22702394459296293,0.017099002631675186,0.017095865090626217,7.547138633334862,2.0715641252875807,0.5680471289018897
time_discretization_013,time_discretization,moderate,0.5,2400,center_of_mass,0.554532390814308,0.551157030636765,0.04152206568827255,0.04173566570705389,8.232834617334685,2.009977633606664,0.6196570977859605
time_discretization_013,time_discretization,moderate,0.525,900,center_of_mass,0.07708550201945741,0.07951610313495117,0.005954660260876432,0.005801357167974253,6.864934378947848,2.17388324396474,0.5166997155853763
time_discretization_013,time_discretization,moderate,0.525,1500,center_of_mass,0.23472588029654418,0.23785788993159596,0.017882744044589227,0.017666361469259817,7.558314423389405,2.0778001267974284,0.5688880155685081
time_discretization_013,time_discretization,moderate,0.525,2400,center_of_mass,0.5578339993589276,0.5569660886510794,0.04192545491048061,0.04198554597377868,8.242040556843417,2.0201729869944196,0.6203496951518909
time_discretization_014,time_discretization,mild,0.45,900,center_of_mass,0.07189833685285407,0.06939770905746734,0.005204042430693612,0.005410346297555324,6.85327354801463,2.165283996464083,0.5158229282667702
time_discretization_014,time_discretization,mild,0.45,1500,center_of_mass,0.21285144368745268,0.21289225163687586,0.016014502228617666,0.016019304966182424,7.531608221882038,2.059032405748221,0.5668788997925347
time_discretization_014,time_discretization,mild,0.45,2400,center_of_mass,0.5272049751328485,0.5236190861572663,0.039426716149557284,0.039679581879551784,8.207231632028066,1.9875002696985813,0.6177308072816435
time_discretization_014,time_discretization,mild,0.5,900,center_of_mass,0.06882089196382424,0.07764607388917888,0.005812626438110424,0.005175233829118553,6.856581414221909,2.1700598703086653,0.5160699398632451
time_discretization_014,time_discretization,mild,0.5,1500,center_of_mass,0.22560795132895528,0.22967753892101062,0.01726489982859858,0.016975661881394655,7.545228340139488,2.0706329771170546,0.5679018895265043
time_discretization_014,time_discretization,mild,0.5,2400,center_of_mass,0.547892411549979,0.5494724960506963,0.04135877821602574,0.04123257285182569,8.229430748942235,2.0090710705700356,0.6193993097707986
time_discretization_014,time_discretization,mild,0.525,900,center_of_mass,0.07970225313086754,0.08013378154374617,0.00599443564333324,0.0059946671319768274,6.866536015003669,2.1724703656097306,0.5168200493605255
time_discretization_014,time_discretization,mild,0.525,1500,center_of_mass,0.2360904509319628,0.23718046678231275,0.01782435540361993,0.017765131143469448,7.559342928378925,2.0761932584177627,0.5689651969965402
time_discretization_014,time_discretization,mild,0.525,2400,center_of_mass,0.5607294665992111,0.5603547343610629,0.042173011412657946,0.042199356686932754,8.242330393556355,2.018928889216617,0.6203712633180369
time_discretization_015,time_discretization,moderate,0.45,900,center_of_mass,0.065093255465551,0.06677127040068598,0.0049722692311418015,0.0048979437483358534,6.8521483284988065,2.166307085978734,0.5157362312526328
time_discretization_015,time_discretization,moderate,0.45,1500,center_of_mass,0.20630831621089563,0.20910909772493103,0.015692468396177772,0.015526560474605877,7.531151711564064,2.0597365222010575,0.5668423283693185
time_discretization_015,time_discretization,moderate,0.45,2400,center_of_mass,0.5258769660006415,0.524500343620816,0.03945344095387149,0.039579262782393765,8.207971634512896,1.987801539870804,0.6177841046638478
time_discretization_015,time_discretization,moderate,0.5,900,center_of_mass,0.07874475214238164,0.08028564721149767,0.006037237923689487,0.005922622514659248,6.862826894428454,2.1713465567762964,0.5165423157342339
time_discretization_015,time_discretization,moderate,0.5,1500,center_of_mass,0.22832300852213638,0.22817470484205682,0.017179921436339285,0.017180557956778864,7.549081170314412,2.0716222264394935,0.568194419575922
time_discretization_015,time_discretization,moderate,0.5,2400,center_of_mass,0.5488317107602443,0.5468976262584073,0.04119549286050672,0.04130397371712691,8.230951164782626,2.0096148169909993,0.6195165298751737
time_discretization_015,time_discretization,moderate,0.525,900,center_of_mass,0.0785896880159882,0.07762817206545414,0.005861983281610583,0.0059114875876831174,6.860474999410263,2.173502699928683,0.5163669164408273
time_discretization_015,time_discretization,moderate,0.525,1500,center_of_mass,0.23655218108866105,0.23611620107974396,0.017805664790957465,0.017800549694771295,7.557075430700133,2.0773643764957845,0.5687978994180808
time_discretization_015,time_discretization,moderate,0.525,2400,center_of_mass,0.5553496652783263,0.5547192312832019,0.04181429474836751,0.04179527483728618,8.238733039011404,2.020311903789932,0.6201041846828999
time_discretization_016,time_discretization,mild,0.45,900,center_of_mass,0.16279205784133222,0.16089782060844993,0.012091613098564435,0.012252210607390235,7.383158586649745,2.0788643241000053,0.5557049169251027
time_discretization_016,time_discretization,mild,0.45,1500,center_of_mass,0.4639498323996758,0.46516466043352356,0.03501623878555593,0.034919278943852605,8.109186682816183,1.9944241340230284,0.6103505429514622
time_discretization_016,time_discretization,mild,0.45,2400,center_of_mass,0.9017803187954456,0.8971563766025961,0.06756568909158123,0.06787326137770655,8.79652531810711,1.9517641536728996,0.6620841601396236
time_discretization_016,time_discretization,mild,0.5,900,center_of_mass,0.18306987470167346,0.1865413401601428,0.013993981567880232,0.013775931503858807,7.405513557835273,2.0905372248927816,0.5573856740311751
time_discretization_016,time_discretization,mild,0.5,1500,center_of_mass,0.4957885337538883,0.4982394208312808,0.037476076396090185,0.03731292085548965,8.137894385840534,2.0162513152225605,0.6125092754054737
time_discretization_016,time_discretization,mild,0.5,2400,center_of_mass,0.9338407734218617,0.9381643519042591,0.07062118982573617,0.07028339591879251,8.828860824565528,1.9838669960772033,0.6645157715148903
time_discretization_016,time_discretization,mild,0.525,900,center_of_mass,0.18538493830182468,0.18494276815369215,0.013900971179308663,0.013950729175309706,7.4082216923174204,2.0937659782026263,0.5575906881815016
time_discretization_016,time_discretization,mild,0.525,1500,center_of_mass,0.5011100749119741,0.5048535667381522,0.03800396895038938,0.0377140898549746,8.146832596182945,2.0248492598763987,0.6131833161131471
time_discretization_016,time_discretization,mild,0.525,2400,center_of_mass,0.9420961802462777,0.9413757640313154,0.07089434302986342,0.07090546208405124,8.837236905664373,1.9973461101139514,0.66514761133598
time_discretization_017,time_discretization,moderate,0.45,900,center_of_mass,0.16375928435872567,0.1723084403507249,0.012981236191552226,0.01232364193887936,7.392246555663945,2.079502250098952,0.5563891901014115
time_discretization_017,time_discretization,moderate,0.45,1500,center_of_mass,0.469641779675559,0.4729296372997416,0.03563302041502203,0.035346264889331014,8.114453030133896,1.9949606063896155,0.6107472116296191
time_discretization_017,time_discretization,moderate,0.45,2400,center_of_mass,0.9014685759852021,0.9062881878483946,0.06828667972779134,0.06784832922254203,8.801469758254301,1.9521908011973834,0.6624566207014787
time_discretization_017,time_discretization,moderate,0.5,900,center_of_mass,0.18384317511818526,0.18084302542923236,0.013633343438163914,0.013835101062513289,7.40410363545698,2.0895387589330157,0.5572814855882486
time_discretization_017,time_discretization,moderate,0.5,1500,center_of_mass,0.4919834053396812,0.49211424345001564,0.03708808104716976,0.037027635710780715,8.13435353419681,2.015497436807574,0.6122448985358079
time_discretization_017,time_discretization,moderate,0.5,2400,center_of_mass,0.9297523585275576,0.9312167185582636,0.07017475029228115,0.06997692867439065,8.82705489427546,1.9830225833683286,0.664382149054003
time_discretization_017,time_discretization,moderate,0.525,900,center_of_mass,0.19048178870171206,0.18730116512668715,0.014076542278844695,0.01433294925301365,7.412782354003376,2.0945588613165365,0.5579315580646129
time_discretization_017,time_discretization,moderate,0.525,1500,center_of_mass,0.5057499532964638,0.5027299420964981,0.037840703895698935,0.03806174687325725,8.14694541476604,2.025390775367282,0.6131891827191646
time_discretization_017,time_discretization,moderate,0.525,2400,center_of_mass,0.9446005234640324,0.9415108214971575,0.07089974640577179,0.07109219956031865,8.837986019425266,1.9976016308533684,0.6652011389012602
time_discretization_018,time_discretization,mild,0.45,900,center_of_mass,0.1712524022397819,0.16647615366145985,0.012516782357916978,0.012887919279412796,7.389994645976751,2.0804305085971357,0.5562192152047547
time_discretization_018,time_discretization,mild,0.45,1500,center_of_mass,0.4731971923043812,0.47096025813359343,0.03545798288433655,0.03561416699022346,8.113744694870107,1.995827343608592,0.6106933632099426
time_discretization_018,time_discretization,mild,0.45,2400,center_of_mass,0.9085756365302222,0.9090538905568906,0.0684672654422569,0.06838352186515717,8.80308383920457,1.9528406813431172,0.6625775247774253
time_discretization_018,time_discretization,mild,0.5,900,center_of_mass,0.18555273697756292,0.18195381728840587,0.013737361659010738,0.01396813347304493,7.406019554216004,2.0895818178523067,0.5574284631834907
time_discretization_018,time_discretization,mild,0.5,1500,center_of_mass,0.4937473247673134,0.4934026528024287,0.037207792809187845,0.03716512420291074,8.13748085096383,2.0154783961770266,0.6124833181122019
time_discretization_018,time_discretization,mild,0.5,2400,center_of_mass,0.9311482841020577,0.9258721604423172,0.06979701423343254,0.07008701504997039,8.82658973331229,1.9836114945958356,0.6643504238672964
time_discretization_018,time_discretization,mild,0.525,900,center_of_mass,0.19030911854455645,0.18496625187068627,0.013905100361872202,0.014318188356429506,7.409351443496199,2.095040477473069,0.5576746536199753
time_discretization_018,time_discretization,mild,0.525,1500,center_of_mass,0.5069461255533243,0.5015880802982444,0.037759951335831654,0.0381499513239445,8.147845561101855,2.0256271235329337,0.6132583831565059
time_discretization_018,time_discretization,mild,0.525,2400,center_of_mass,0.9466172106970197,0.9406032205888453,0.0708375998017593,0.07124217413102207,8.840330459118217,1.997787922287409,0.6653791736896799
time_discretization_019,time_discretization,moderate,0.45,900,center_of_mass,0.16955094079123967,0.1722706199797326,0.012963936332314407,0.012757289490518908,7.392032744886866,2.0791609541177567,0.5563725629891545
time_discretization_019,time_discretization,moderate,0.45,1500,center_of_mass,0.47163693426034925,0.47376094543317837,0.03568016838796062,0.03549400675282177,8.113032351803861,1.994584042141959,0.6106396991201544
time_discretization_019,time_discretization,moderate,0.45,2400,center_of_mass,0.9023610191322007,0.9045114335169906,0.06813646804727191,0.06791296274280711,8.799679513051876,1.9511745463167816,0.6623212376929551
time_discretization_019,time_discretization,moderate,0.5,900,center_of_mass,0.1774124689608163,0.18319217622422013,0.013765753196838926,0.013347188458928683,7.401850554369981,2.0893255195775224,0.5571084590687752
time_discretization_019,time_discretization,moderate,0.5,1500,center_of_mass,0.4942595412183284,0.49639626692910443,0.03736208501581151,0.03719468958280103,8.137570488932976,2.0156996397129197,0.6124832324611935
time_discretization_019,time_discretization,moderate,0.5,2400,center_of_mass,0.9310339609467366,0.9353718891492742,0.07043560954761263,0.0700687890238656,8.826826127352494,1.9833489981832684,0.6643608213104212
time_discretization_019,time_discretization,moderate,0.525,900,center_of_mass,0.1857822537031355,0.1940538905485365,0.014611980846405026,0.013980361166161748,7.4115080094411425,2.094456202512773,0.5578380260728159
time_discretization_019,time_discretization,moderate,0.525,1500,center_of_mass,0.5055157763118832,0.5092978280344873,0.03836476794710886,0.038045411609717084,8.147781020482789,2.0250125639949426,0.6132546958607958
time_discretization_019,time_discretization,moderate,0.525,2400,center_of_mass,0.9433010383439937,0.9485381206060834,0.07146079188883792,0.07099585861728597,8.841227556116616,1.997520694898461,0.6654479664235232
