alpha,T,condition,threshold,kappa,metric,mean,std,se,ci_low,ci_high
0.45,900,coupled,loose,boundary_v2_regime_sequence,viable_propagation_index,0.624046341710282,0.09015041917761721,0.00901504191776172,0.6072104683384919,0.6397478522652684
0.45,900,coupled,loose,boundary_v2_regime_sequence,component_B_preservation,1.0,0.0,0.0,1.0,1.0
0.45,900,coupled,loose,boundary_v2_regime_sequence,singleton_fraction,0.3732162815329627,0.09027569756589526,0.009027569756589526,0.35508056071204036,0.38986260817281304
0.45,900,coupled,loose,center_of_mass,viable_propagation_index,0.2374497377300011,0.009687227265892344,0.0009687227265892344,0.23587237468500283,0.23927891258699244
0.45,900,coupled,loose,center_of_mass,component_B_preservation,0.8019622074695318,0.00792065045162303,0.000792065045162303,0.8004617458536551,0.8032510075654631
0.45,900,coupled,loose,center_of_mass,singleton_fraction,0.42567750473567556,0.021003099839046878,0.0021003099839046876,0.42182439739073757,0.42928573090671973
0.45,900,coupled,loose,joint_basin,viable_propagation_index,0.5163018782902665,0.03041356601675828,0.003041356601675828,0.5104465294297487,0.52202531754074
0.45,900,coupled,loose,joint_basin,component_B_preservation,1.0,0.0,0.0,1.0,1.0
0.45,900,coupled,loose,joint_basin,singleton_fraction,0.478901436027343,0.030561504172547643,0.0030561504172547643,0.4727998186179884,0.4844008254048269
0.45,900,coupled,main,boundary_v2_regime_sequence,viable_propagation_index,0.6218614046358149,0.08983332945314895,0.008983332945314896,0.6058677694950729,0.6359863898688742
0.45,900,coupled,main,boundary_v2_regime_sequence,component_B_preservation,1.0,0.0,0.0,1.0,1.0
0.45,900,coupled,main,boundary_v2_regime_sequence,singleton_fraction,0.3732162815329627,0.09027569756589526,0.009027569756589526,0.35475627088157835,0.3913496735537387
0.45,900,coupled,main,center_of_mass,viable_propagation_index,0.23630972052835944,0.009611769467397509,0.0009611769467397508,0.234431808024752,0.23800447902981092
0.45,900,coupled,main,center_of_mass,component_B_preservation,0.8019622074695318,0.00792065045162303,0.000792065045162303,0.8004355193328754,0.8035571669440438
0.45,900,coupled,main,center_of_mass,singleton_fraction,0.42567750473567556,0.021003099839046878,0.0021003099839046876,0.42139566314208254,0.42968687051807025
0.45,900,coupled,main,joint_basin,viable_propagation_index,0.5117589949609798,0.03006568580068038,0.003006568580068038,0.5059591108891849,0.5178864774368703
0.45,900,coupled,main,joint_basin,component_B_preservation,1.0,0.0,0.0,1.0,1.0
0.45,900,coupled,main,joint_basin,singleton_fraction,0.478901436027343,0.030561504172547643,0.0030561504172547643,0.47265595851666187,0.48392948296014326
0.45,900,coupled,strict,boundary_v2_regime_sequence,viable_propagation_index,0.6162833966148571,0.08876013498149636,0.008876013498149636,0.5998179004445039,0.6321999968330274
0.45,900,coupled,strict,boundary_v2_regime_sequence,component_B_preservation,1.0,0.0,0.0,1.0,1.0
0.45,900,coupled,strict,boundary_v2_regime_sequence,singleton_fraction,0.3732162815329627,0.09027569756589526,0.009027569756589526,0.3563230719780137,0.3899444339597413
0.45,900,coupled,strict,center_of_mass,viable_propagation_index,0.23514174919977493,0.009595269337108518,0.0009595269337108518,0.23333256785404974,0.2371010200034414
0.45,900,coupled,strict,center_of_mass,component_B_preservation,0.8019622074695318,0.00792065045162303,0.000792065045162303,0.8005054033729048,0.8035865290638222
0.45,900,coupled,strict,center_of_mass,singleton_fraction,0.42567750473567556,0.021003099839046878,0.0021003099839046876,0.42167054510330015,0.42934183595466124
0.45,900,coupled,strict,joint_basin,viable_propagation_index,0.5028799823179381,0.029981831960842302,0.00299818319608423,0.49745125273598295,0.5090623760733215
0.45,900,coupled,strict,joint_basin,component_B_preservation,1.0,0.0,0.0,1.0,1.0
0.45,900,coupled,strict,joint_basin,singleton_fraction,0.478901436027343,0.030561504172547643,0.0030561504172547643,0.4732294142287,0.4849204270803875
0.45,900,independent_alpha0,loose,boundary_v2_regime_sequence,viable_propagation_index,0.7405427878749122,0.037160695049086354,0.0037160695049086355,0.7327724777376108,0.7474674844505927
0.45,900,independent_alpha0,loose,boundary_v2_regime_sequence,component_B_preservation,1.0,0.0,0.0,1.0,1.0
0.45,900,independent_alpha0,loose,boundary_v2_regime_sequence,singleton_fraction,0.25593544681133823,0.037175407880381935,0.0037175407880381934,0.24914449738204664,0.2633995140307183
0.45,900,independent_alpha0,loose,center_of_mass,viable_propagation_index,0.19340343401838112,0.009267547144577417,0.0009267547144577417,0.19163098438296597,0.19523674239789843
0.45,900,independent_alpha0,loose,center_of_mass,component_B_preservation,0.7158533463872451,0.0101006274363858,0.00101006274363858,0.7137295034773075,0.7177896628318259
0.45,900,independent_alpha0,loose,center_of_mass,singleton_fraction,0.4167843959917809,0.021651628812788006,0.002165162881278801,0.41304965935405275,0.421478872353057
0.45,900,independent_alpha0,loose,joint_basin,viable_propagation_index,0.5247849139560964,0.06444850695667856,0.006444850695667856,0.512283576800054,0.5370589335014339
0.45,900,independent_alpha0,loose,joint_basin,component_B_preservation,1.0,0.0,0.0,1.0,1.0
0.45,900,independent_alpha0,loose,joint_basin,singleton_fraction,0.47293958606432207,0.06471151290339891,0.006471151290339891,0.46052800706493746,0.48519539537583095
0.45,900,independent_alpha0,main,boundary_v2_regime_sequence,viable_propagation_index,0.7379587981979643,0.036986436414930976,0.0036986436414930975,0.7314260541491159,0.7459287832788207
0.45,900,independent_alpha0,main,boundary_v2_regime_sequence,component_B_preservation,1.0,0.0,0.0,1.0,1.0
0.45,900,independent_alpha0,main,boundary_v2_regime_sequence,singleton_fraction,0.25593544681133823,0.037175407880381935,0.0037175407880381934,0.24903834101872274,0.2625449130236388
0.45,900,independent_alpha0,main,center_of_mass,viable_propagation_index,0.1918032370768724,0.009251402228371612,0.0009251402228371612,0.19007662462172778,0.19355492665631008
0.45,900,independent_alpha0,main,center_of_mass,component_B_preservation,0.7158533463872451,0.0101006274363858,0.00101006274363858,0.7138298380156489,0.7178332030533382
0.45,900,independent_alpha0,main,center_of_mass,singleton_fraction,0.4167843959917809,0.021651628812788006,0.002165162881278801,0.4121343989270642,0.42045037964311077
0.45,900,independent_alpha0,main,joint_basin,viable_propagation_index,0.523548831729192,0.06427290329279586,0.006427290329279587,0.5109858656364391,0.535539562951189
0.45,900,independent_alpha0,main,joint_basin,component_B_preservation,1.0,0.0,0.0,1.0,1.0
0.45,900,independent_alpha0,main,joint_basin,singleton_fraction,0.47293958606432207,0.06471151290339891,0.006471151290339891,0.4615609647136062,0.48589328541358706
0.45,900,independent_alpha0,strict,boundary_v2_regime_sequence,viable_propagation_index,0.7323024792255172,0.03654857617363751,0.0036548576173637513,0.7257420969706933,0.7395723543219291
0.45,900,independent_alpha0,strict,boundary_v2_regime_sequence,component_B_preservation,1.0,0.0,0.0,1.0,1.0
0.45,900,independent_alpha0,strict,boundary_v2_regime_sequence,singleton_fraction,0.25593544681133823,0.037175407880381935,0.0037175407880381934,0.24869865817157713,0.2640453531341894
0.45,900,independent_alpha0,strict,center_of_mass,viable_propagation_index,0.18875105022003802,0.009133197130184208,0.0009133197130184208,0.18690230757719017,0.19069174954172818
0.45,900,independent_alpha0,strict,center_of_mass,component_B_preservation,0.7158533463872451,0.0101006274363858,0.00101006274363858,0.7137990665231045,0.7177609150436359
0.45,900,independent_alpha0,strict,center_of_mass,singleton_fraction,0.4167843959917809,0.021651628812788006,0.002165162881278801,0.4130658621100124,0.42159429610134486
0.45,900,independent_alpha0,strict,joint_basin,viable_propagation_index,0.5222491195657691,0.06419371254910713,0.006419371254910713,0.5106207617895527,0.5345588900415611
0.45,900,independent_alpha0,strict,joint_basin,component_B_preservation,1.0,0.0,0.0,1.0,1.0
0.45,900,independent_alpha0,strict,joint_basin,singleton_fraction,0.47293958606432207,0.06471151290339891,0.006471151290339891,0.46037686351036167,0.486757075054432
0.45,900,product,loose,boundary_v2_regime_sequence,viable_propagation_index,0.7371461383832861,0.0352328272319561,0.00352328272319561,0.7300434406089945,0.743657849134904
0.45,900,product,loose,boundary_v2_regime_sequence,component_B_preservation,1.0,0.0,0.0,1.0,1.0
0.45,900,product,loose,boundary_v2_regime_sequence,singleton_fraction,0.2593488886279089,0.035254335753445006,0.0035254335753445005,0.25171886849845554,0.26630404424403403
0.45,900,product,loose,center_of_mass,viable_propagation_index,0.1922167913613954,0.008507180521618734,0.0008507180521618734,0.19045366590626212,0.19391166656168562
0.45,900,product,loose,center_of_mass,component_B_preservation,0.713686180113914,0.010701148138599865,0.0010701148138599864,0.7115740472025328,0.7161323119857206
0.45,900,product,loose,center_of_mass,singleton_fraction,0.4174079979503371,0.020739787688587082,0.0020739787688587082,0.4135170572598108,0.42179443242900794
0.45,900,product,loose,joint_basin,viable_propagation_index,0.5296105190837184,0.06920785727741485,0.006920785727741486,0.5155364717993919,0.5429579575141651
0.45,900,product,loose,joint_basin,component_B_preservation,1.0,0.0,0.0,1.0,1.0
0.45,900,product,loose,joint_basin,singleton_fraction,0.4682005242509623,0.06941938612622146,0.0069419386126221465,0.45521976491950644,0.48054064459950674
0.45,900,product,main,boundary_v2_regime_sequence,viable_propagation_index,0.7347924409138937,0.0352485878260687,0.0035248587826068696,0.7278266588508877,0.7411035502304878
0.45,900,product,main,boundary_v2_regime_sequence,component_B_preservation,1.0,0.0,0.0,1.0,1.0
0.45,900,product,main,boundary_v2_regime_sequence,singleton_fraction,0.2593488886279089,0.035254335753445006,0.0035254335753445005,0.2527406182069436,0.26670421722796595
0.45,900,product,main,center_of_mass,viable_propagation_index,0.19074787793393275,0.008372219464090615,0.0008372219464090616,0.189240720310981,0.19231785945211968
0.45,900,product,main,center_of_mass,component_B_preservation,0.713686180113914,0.010701148138599865,0.0010701148138599864,0.7116975208417132,0.7157939978495832
0.45,900,product,main,center_of_mass,singleton_fraction,0.4174079979503371,0.020739787688587082,0.0020739787688587082,0.4134485277967615,0.42102234156421464
0.45,900,product,main,joint_basin,viable_propagation_index,0.5281541603111013,0.06886541058179001,0.006886541058179001,0.5160356104279482,0.5438341359817497
0.45,900,product,main,joint_basin,component_B_preservation,1.0,0.0,0.0,1.0,1.0
0.45,900,product,main,joint_basin,singleton_fraction,0.4682005242509623,0.06941938612622146,0.0069419386126221465,0.45299161367171226,0.4817694985906601
0.45,900,product,strict,boundary_v2_regime_sequence,viable_propagation_index,0.7283786643168095,0.03466412793367577,0.0034664127933675772,0.7221855776139161,0.7347826008720374
0.45,900,product,strict,boundary_v2_regime_sequence,component_B_preservation,1.0,0.0,0.0,1.0,1.0
0.45,900,product,strict,boundary_v2_regime_sequence,singleton_fraction,0.2593488886279089,0.035254335753445006,0.0035254335753445005,0.25300131566943596,0.26762496837425137
0.45,900,product,strict,center_of_mass,viable_propagation_index,0.18760793211390436,0.008341479311497174,0.0008341479311497174,0.18591797236007926,0.18917475410469603
0.45,900,product,strict,center_of_mass,component_B_preservation,0.713686180113914,0.010701148138599865,0.0010701148138599864,0.7113765082783674,0.7158738888991711
0.45,900,product,strict,center_of_mass,singleton_fraction,0.4174079979503371,0.020739787688587082,0.0020739787688587082,0.414067494668968,0.42144876722360597
0.45,900,product,strict,joint_basin,viable_propagation_index,0.5270201037094496,0.06878397647324086,0.006878397647324086,0.5137144191072799,0.5393582087470665
0.45,900,product,strict,joint_basin,component_B_preservation,1.0,0.0,0.0,1.0,1.0
0.45,900,product,strict,joint_basin,singleton_fraction,0.4682005242509623,0.06941938612622146,0.0069419386126221465,0.4566108099195211,0.47900044843813533
0.45,900,shuffled,loose,boundary_v2_regime_sequence,viable_propagation_index,0.7319007340456756,0.03267499149134256,0.003267499149134256,0.7259868975199645,0.7385086173568848
0.45,900,shuffled,loose,boundary_v2_regime_sequence,component_B_preservation,1.0,0.0,0.0,1.0,1.0
0.45,900,shuffled,loose,boundary_v2_regime_sequence,singleton_fraction,0.26456407716681946,0.0328396689834891,0.0032839668983489097,0.2581943718276979,0.2711963855186782
0.45,900,shuffled,loose,center_of_mass,viable_propagation_index,0.1914927538553953,0.008309973947350184,0.0008309973947350184,0.18994694106351107,0.19330157900712464
0.45,900,shuffled,loose,center_of_mass,component_B_preservation,0.7138790535508122,0.009107697794976898,0.0009107697794976898,0.7119990538325951,0.7158366574413276
0.45,900,shuffled,loose,center_of_mass,singleton_fraction,0.4186432595766923,0.020456930924269097,0.0020456930924269098,0.4146679497950156,0.4221515638960372
0.45,900,shuffled,loose,joint_basin,viable_propagation_index,0.5235260819725006,0.06246595021434021,0.006246595021434021,0.512054402855259,0.5347527941432791
0.45,900,shuffled,loose,joint_basin,component_B_preservation,1.0,0.0,0.0,1.0,1.0
0.45,900,shuffled,loose,joint_basin,singleton_fraction,0.47432545404199167,0.06271915495083605,0.006271915495083605,0.46289920072125756,0.4860016592789122
0.45,900,shuffled,main,boundary_v2_regime_sequence,viable_propagation_index,0.7292780037314861,0.03266159738555571,0.003266159738555571,0.7224300878340568,0.7361606801340841
0.45,900,shuffled,main,boundary_v2_regime_sequence,component_B_preservation,1.0,0.0,0.0,1.0,1.0
0.45,900,shuffled,main,boundary_v2_regime_sequence,singleton_fraction,0.26456407716681946,0.0328396689834891,0.0032839668983489097,0.2581268915792862,0.2708527846123547
0.45,900,shuffled,main,center_of_mass,viable_propagation_index,0.18994219291238224,0.00823744293425319,0.0008237442934253189,0.18823653212929117,0.19169230900132464
0.45,900,shuffled,main,center_of_mass,component_B_preservation,0.7138790535508122,0.009107697794976898,0.0009107697794976898,0.7122030934970289,0.715684712401625
0.45,900,shuffled,main,center_of_mass,singleton_fraction,0.4186432595766923,0.020456930924269097,0.0020456930924269098,0.41469085515008774,0.4225089355143957
0.45,900,shuffled,main,joint_basin,viable_propagation_index,0.522211091518708,0.06235889573440279,0.006235889573440279,0.509814683113993,0.5331445274582802
0.45,900,shuffled,main,joint_basin,component_B_preservation,1.0,0.0,0.0,1.0,1.0
0.45,900,shuffled,main,joint_basin,singleton_fraction,0.47432545404199167,0.06271915495083605,0.006271915495083605,0.4618710708848584,0.48605779380655734
0.45,900,shuffled,strict,boundary_v2_regime_sequence,viable_propagation_index,0.7236659317275786,0.03238155963202323,0.003238155963202323,0.7179535683396169,0.7294264876147688
0.45,900,shuffled,strict,boundary_v2_regime_sequence,component_B_preservation,1.0,0.0,0.0,1.0,1.0
0.45,900,shuffled,strict,boundary_v2_regime_sequence,singleton_fraction,0.26456407716681946,0.0328396689834891,0.0032839668983489097,0.2582115714629049,0.2715746936855928
0.45,900,shuffled,strict,center_of_mass,viable_propagation_index,0.18682953837596858,0.008160127322223333,0.0008160127322223333,0.18545612015192292,0.1882601759107403
0.45,900,shuffled,strict,center_of_mass,component_B_preservation,0.7138790535508122,0.009107697794976898,0.0009107697794976898,0.7120470004697905,0.7158323975127788
0.45,900,shuffled,strict,center_of_mass,singleton_fraction,0.4186432595766923,0.020456930924269097,0.0020456930924269098,0.41429832510712344,0.4220541738407004
0.45,900,shuffled,strict,joint_basin,viable_propagation_index,0.5209347494603599,0.06221647605660793,0.0062216476056607935,0.5085002980030284,0.5329003320352907
0.45,900,shuffled,strict,joint_basin,component_B_preservation,1.0,0.0,0.0,1.0,1.0
0.45,900,shuffled,strict,joint_basin,singleton_fraction,0.47432545404199167,0.06271915495083605,0.006271915495083605,0.46092047414678294,0.48805814977763007
0.45,1500,coupled,loose,boundary_v2_regime_sequence,viable_propagation_index,0.6540639508637226,0.12092879438058567,0.012092879438058566,0.6299347392422817,0.6790308466510445
0.45,1500,coupled,loose,boundary_v2_regime_sequence,component_B_preservation,1.0,0.0,0.0,1.0,1.0
0.45,1500,coupled,loose,boundary_v2_regime_sequence,singleton_fraction,0.34255604178243504,0.12130368554147929,0.012130368554147928,0.319500819753432,0.3648514517495748
0.45,1500,coupled,loose,center_of_mass,viable_propagation_index,0.2510476607732379,0.009101673019478004,0.0009101673019478003,0.24919855521233236,0.2531248226144754
0.45,1500,coupled,loose,center_of_mass,component_B_preservation,0.7762657335424358,0.007688969228834277,0.0007688969228834277,0.7749021362638165,0.7777175102629414
0.45,1500,coupled,loose,center_of_mass,singleton_fraction,0.45342912539962166,0.017503659664275025,0.0017503659664275025,0.4496969559976682,0.45672644520364336
0.45,1500,coupled,loose,joint_basin,viable_propagation_index,0.5170575497138522,0.022416497834687472,0.0022416497834687474,0.5121835761504084,0.5214759011567461
0.45,1500,coupled,loose,joint_basin,component_B_preservation,0.9968599250979188,0.004606881619776875,0.0004606881619776875,0.9959737710703224,0.9978255595954173
0.45,1500,coupled,loose,joint_basin,singleton_fraction,0.477149424686418,0.021956733438323547,0.0021956733438323545,0.473141881958388,0.48192874788632556
0.45,1500,coupled,main,boundary_v2_regime_sequence,viable_propagation_index,0.6518951171556457,0.12039824550847701,0.012039824550847702,0.6279486902031789,0.6738424839373474
0.45,1500,coupled,main,boundary_v2_regime_sequence,component_B_preservation,1.0,0.0,0.0,1.0,1.0
0.45,1500,coupled,main,boundary_v2_regime_sequence,singleton_fraction,0.34255604178243504,0.12130368554147929,0.012130368554147928,0.32032596258445717,0.36394181576400036
0.45,1500,coupled,main,center_of_mass,viable_propagation_index,0.25004511883947894,0.009098271306262982,0.0009098271306262982,0.24844773339539664,0.2518701320732608
0.45,1500,coupled,main,center_of_mass,component_B_preservation,0.7762657335424358,0.007688969228834277,0.0007688969228834277,0.775044706965623,0.77788842739924
0.45,1500,coupled,main,center_of_mass,singleton_fraction,0.45342912539962166,0.017503659664275025,0.0017503659664275025,0.4500607911882371,0.45674656985020595
0.45,1500,coupled,main,joint_basin,viable_propagation_index,0.5141928867988232,0.022520577835157374,0.0022520577835157376,0.5103484075185185,0.5186654182749978
0.45,1500,coupled,main,joint_basin,component_B_preservation,0.9968599250979188,0.004606881619776875,0.0004606881619776875,0.9959293622943165,0.997704005939961
0.45,1500,coupled,main,joint_basin,singleton_fraction,0.477149424686418,0.021956733438323547,0.0021956733438323545,0.472735459533761,0.4812725610685615
0.45,1500,coupled,strict,boundary_v2_regime_sequence,viable_propagation_index,0.6509269591536371,0.12022798548053705,0.012022798548053704,0.6262567375773173,0.674826160810185
0.45,1500,coupled,strict,boundary_v2_regime_sequence,component_B_preservation,1.0,0.0,0.0,1.0,1.0
0.45,1500,coupled,strict,boundary_v2_regime_sequence,singleton_fraction,0.34255604178243504,0.12130368554147929,0.012130368554147928,0.3208298848264308,0.36355150110789625
0.45,1500,coupled,strict,center_of_mass,viable_propagation_index,0.24790583715844897,0.009430690311958936,0.0009430690311958937,0.24599011341017288,0.24949773327170963
0.45,1500,coupled,strict,center_of_mass,component_B_preservation,0.7762657335424358,0.007688969228834277,0.0007688969228834277,0.7747734934596786,0.7776862018620079
0.45,1500,coupled,strict,center_of_mass,singleton_fraction,0.45342912539962166,0.017503659664275025,0.0017503659664275025,0.4499871780655282,0.45696658684692937
0.45,1500,coupled,strict,joint_basin,viable_propagation_index,0.5086595471295452,0.022413537483415603,0.0022413537483415603,0.5040280563855573,0.5125373075361611
0.45,1500,coupled,strict,joint_basin,component_B_preservation,0.9968599250979188,0.004606881619776875,0.0004606881619776875,0.9959854869855621,0.9977517068704176
0.45,1500,coupled,strict,joint_basin,singleton_fraction,0.477149424686418,0.021956733438323547,0.0021956733438323545,0.47268994763535327,0.48181548884087333
0.45,1500,independent_alpha0,loose,boundary_v2_regime_sequence,viable_propagation_index,0.7709458691833604,0.03370633912885444,0.0033706339128854444,0.7644939744325888,0.7781184186161778
0.45,1500,independent_alpha0,loose,boundary_v2_regime_sequence,component_B_preservation,1.0,0.0,0.0,1.0,1.0
0.45,1500,independent_alpha0,loose,boundary_v2_regime_sequence,singleton_fraction,0.22594806659208477,0.03354774504797625,0.003354774504797625,0.21856371498575186,0.23159509870775538
0.45,1500,independent_alpha0,loose,center_of_mass,viable_propagation_index,0.19375699774005073,0.007336292434095232,0.0007336292434095232,0.19232797429956086,0.19530422361808397
0.45,1500,independent_alpha0,loose,center_of_mass,component_B_preservation,0.7167632146826972,0.007701117930347536,0.0007701117930347536,0.7149544736190778,0.7180801782068315
0.45,1500,independent_alpha0,loose,center_of_mass,singleton_fraction,0.43737192511326645,0.01882385842639668,0.001882385842639668,0.43349312763365705,0.440921814323358
0.45,1500,independent_alpha0,loose,joint_basin,viable_propagation_index,0.5691616798723852,0.07615257522149335,0.007615257522149335,0.5538440036261195,0.5848026393552858
0.45,1500,independent_alpha0,loose,joint_basin,component_B_preservation,1.0,0.0,0.0,1.0,1.0
0.45,1500,independent_alpha0,loose,joint_basin,singleton_fraction,0.4287128233766001,0.07642602694043318,0.0076426026940433186,0.4143762056223997,0.4438265054430089
0.45,1500,independent_alpha0,main,boundary_v2_regime_sequence,viable_propagation_index,0.7680044789604366,0.033310662141092434,0.0033310662141092435,0.7619727089461091,0.7744609330400605
0.45,1500,independent_alpha0,main,boundary_v2_regime_sequence,component_B_preservation,1.0,0.0,0.0,1.0,1.0
0.45,1500,independent_alpha0,main,boundary_v2_regime_sequence,singleton_fraction,0.22594806659208477,0.03354774504797625,0.003354774504797625,0.21955489018166202,0.2319973518463862
0.45,1500,independent_alpha0,main,center_of_mass,viable_propagation_index,0.19216063264503344,0.007351454639287383,0.0007351454639287383,0.1907184251977714,0.19367248857267755
0.45,1500,independent_alpha0,main,center_of_mass,component_B_preservation,0.7167632146826972,0.007701117930347536,0.0007701117930347536,0.7152186475688064,0.7182096405077901
0.45,1500,independent_alpha0,main,center_of_mass,singleton_fraction,0.43737192511326645,0.01882385842639668,0.001882385842639668,0.43331954135285716,0.4408621039776827
0.45,1500,independent_alpha0,main,joint_basin,viable_propagation_index,0.5677330517282205,0.07596384176571491,0.007596384176571491,0.5542641310603111,0.5823677846095575
0.45,1500,independent_alpha0,main,joint_basin,component_B_preservation,1.0,0.0,0.0,1.0,1.0
0.45,1500,independent_alpha0,main,joint_basin,singleton_fraction,0.4287128233766001,0.07642602694043318,0.0076426026940433186,0.4153765805430988,0.44365975013118736
0.45,1500,independent_alpha0,strict,boundary_v2_regime_sequence,viable_propagation_index,0.7665444317777006,0.03312807508169383,0.0033128075081693834,0.7593982728483486,0.7721868754686708
0.45,1500,independent_alpha0,strict,boundary_v2_regime_sequence,component_B_preservation,1.0,0.0,0.0,1.0,1.0
0.45,1500,independent_alpha0,strict,boundary_v2_regime_sequence,singleton_fraction,0.22594806659208477,0.03354774504797625,0.003354774504797625,0.21994311298997057,0.23141187079521003
0.45,1500,independent_alpha0,strict,center_of_mass,viable_propagation_index,0.18884795347788624,0.007273351401188445,0.0007273351401188445,0.18750587730576526,0.19016284760965912
0.45,1500,independent_alpha0,strict,center_of_mass,component_B_preservation,0.7167632146826972,0.007701117930347536,0.0007701117930347536,0.7154210966982313,0.7183219819126522
0.45,1500,independent_alpha0,strict,center_of_mass,singleton_fraction,0.43737192511326645,0.01882385842639668,0.001882385842639668,0.4343304441892667,0.4410146456577257
0.45,1500,independent_alpha0,strict,joint_basin,viable_propagation_index,0.5652283572534865,0.07570591674680072,0.007570591674680072,0.5512573569474656,0.5795381908814563
0.45,1500,independent_alpha0,strict,joint_basin,component_B_preservation,1.0,0.0,0.0,1.0,1.0
0.45,1500,independent_alpha0,strict,joint_basin,singleton_fraction,0.4287128233766001,0.07642602694043318,0.0076426026940433186,0.41502442653574445,0.4421909372872006
0.45,1500,product,loose,boundary_v2_regime_sequence,viable_propagation_index,0.7770513646633483,0.03411691408715164,0.003411691408715164,0.7707008731169427,0.7833438213153188
0.45,1500,product,loose,boundary_v2_regime_sequence,component_B_preservation,1.0,0.0,0.0,1.0,1.0
0.45,1500,product,loose,boundary_v2_regime_sequence,singleton_fraction,0.21977243423459059,0.034352584665628016,0.0034352584665628015,0.21286840369184915,0.22632195508342967
0.45,1500,product,loose,center_of_mass,viable_propagation_index,0.19246159444312042,0.008504802138038121,0.0008504802138038121,0.19077057426191305,0.1939928117388603
0.45,1500,product,loose,center_of_mass,component_B_preservation,0.7148757576891666,0.00781514457258192,0.0007815144572581921,0.7133423206310477,0.7164278966697015
0.45,1500,product,loose,center_of_mass,singleton_fraction,0.4377418882411012,0.022296816452376963,0.0022296816452376965,0.4332273408281826,0.4422909041530325
0.45,1500,product,loose,joint_basin,viable_propagation_index,0.5700649594353163,0.0728265849303612,0.007282658493036121,0.5549398184600381,0.584961942149145
0.45,1500,product,loose,joint_basin,component_B_preservation,1.0,0.0,0.0,1.0,1.0
0.45,1500,product,loose,joint_basin,singleton_fraction,0.42793006111762383,0.07301828192460562,0.007301828192460562,0.41200333200487704,0.4423924516000857
0.45,1500,product,main,boundary_v2_regime_sequence,viable_propagation_index,0.7740816656636871,0.034309637940050285,0.0034309637940050284,0.7664524354563065,0.7810064009553732
0.45,1500,product,main,boundary_v2_regime_sequence,component_B_preservation,1.0,0.0,0.0,1.0,1.0
0.45,1500,product,main,boundary_v2_regime_sequence,singleton_fraction,0.21977243423459059,0.034352584665628016,0.0034352584665628015,0.2130971923189173,0.22655000574985787
0.45,1500,product,main,center_of_mass,viable_propagation_index,0.19088726421177568,0.008510373646728627,0.0008510373646728627,0.18947669406175305,0.19249250082871433
0.45,1500,product,main,center_of_mass,component_B_preservation,0.7148757576891666,0.00781514457258192,0.0007815144572581921,0.71350054780311,0.7164439274196343
0.45,1500,product,main,center_of_mass,singleton_fraction,0.4377418882411012,0.022296816452376963,0.0022296816452376965,0.4340415582986634,0.4422100565055761
0.45,1500,product,main,joint_basin,viable_propagation_index,0.568675471125992,0.07259963039502357,0.007259963039502357,0.5544467176935904,0.5812561334682848
0.45,1500,product,main,joint_basin,component_B_preservation,1.0,0.0,0.0,1.0,1.0
0.45,1500,product,main,joint_basin,singleton_fraction,0.42793006111762383,0.07301828192460562,0.007301828192460562,0.4137595529919529,0.4395246261667658
0.45,1500,product,strict,boundary_v2_regime_sequence,viable_propagation_index,0.7726306349604822,0.034014164578076184,0.003401416457807618,0.7656370086596581,0.7785852844911485
0.45,1500,product,strict,boundary_v2_regime_sequence,component_B_preservation,1.0,0.0,0.0,1.0,1.0
0.45,1500,product,strict,boundary_v2_regime_sequence,singleton_fraction,0.21977243423459059,0.034352584665628016,0.0034352584665628015,0.21291160736113898,0.2263018085203228
0.45,1500,product,strict,center_of_mass,viable_propagation_index,0.18774626341997494,0.008363113418681364,0.0008363113418681364,0.18613831372880188,0.18925754792182084
0.45,1500,product,strict,center_of_mass,component_B_preservation,0.7148757576891666,0.00781514457258192,0.0007815144572581921,0.7130797515161895,0.7162930386773624
0.45,1500,product,strict,center_of_mass,singleton_fraction,0.4377418882411012,0.022296816452376963,0.0022296816452376965,0.4338628516639226,0.4422158828043991
0.45,1500,product,strict,joint_basin,viable_propagation_index,0.5661227884522306,0.07247001594814358,0.007247001594814358,0.5520329266582675,0.579277920731905
0.45,1500,product,strict,joint_basin,component_B_preservation,1.0,0.0,0.0,1.0,1.0
0.45,1500,product,strict,joint_basin,singleton_fraction,0.42793006111762383,0.07301828192460562,0.007301828192460562,0.41364694456588674,0.44480110096539577
0.45,1500,shuffled,loose,boundary_v2_regime_sequence,viable_propagation_index,0.786148475283472,0.034099519450596756,0.0034099519450596755,0.7800391661598217,0.7925672371325311
0.45,1500,shuffled,loose,boundary_v2_regime_sequence,component_B_preservation,1.0,0.0,0.0,1.0,1.0
0.45,1500,shuffled,loose,boundary_v2_regime_sequence,singleton_fraction,0.2107367815171483,0.03395670625272939,0.003395670625272939,0.20434176492116968,0.21680323841190263
0.45,1500,shuffled,loose,center_of_mass,viable_propagation_index,0.19434461880009948,0.007649979076114712,0.0007649979076114712,0.1928541261222461,0.1958009286328554
0.45,1500,shuffled,loose,center_of_mass,component_B_preservation,0.7163326198158928,0.008662078033241791,0.0008662078033241791,0.7148180567184977,0.7179957187937888
0.45,1500,shuffled,loose,center_of_mass,singleton_fraction,0.4352097582200014,0.017157508174362655,0.0017157508174362654,0.43194766718049366,0.43847523573173286
0.45,1500,shuffled,loose,joint_basin,viable_propagation_index,0.577839327029812,0.07165939689652108,0.007165939689652108,0.5652140283658187,0.5902986431083668
0.45,1500,shuffled,loose,joint_basin,component_B_preservation,1.0,0.0,0.0,1.0,1.0
0.45,1500,shuffled,loose,joint_basin,singleton_fraction,0.42011209177897996,0.07189387050014505,0.007189387050014505,0.4075943327498084,0.4356339397034996
0.45,1500,shuffled,main,boundary_v2_regime_sequence,viable_propagation_index,0.7831175770541853,0.033738330659161715,0.0033738330659161715,0.7765452037049172,0.7905342754966658
0.45,1500,shuffled,main,boundary_v2_regime_sequence,component_B_preservation,1.0,0.0,0.0,1.0,1.0
0.45,1500,shuffled,main,boundary_v2_regime_sequence,singleton_fraction,0.2107367815171483,0.03395670625272939,0.003395670625272939,0.20444117749514967,0.21760386712507543
0.45,1500,shuffled,main,center_of_mass,viable_propagation_index,0.19270186925625843,0.007685529015772362,0.0007685529015772362,0.19114057199403764,0.19423265316992083
0.45,1500,shuffled,main,center_of_mass,component_B_preservation,0.7163326198158928,0.008662078033241791,0.0008662078033241791,0.7146809238256457,0.7180088977169364
0.45,1500,shuffled,main,center_of_mass,singleton_fraction,0.4352097582200014,0.017157508174362655,0.0017157508174362654,0.43188685825066697,0.43840627111934954
0.45,1500,shuffled,main,joint_basin,viable_propagation_index,0.5763877944529107,0.07150824623464763,0.007150824623464763,0.5625132688738029,0.5899249562688588
0.45,1500,shuffled,main,joint_basin,component_B_preservation,1.0,0.0,0.0,1.0,1.0
0.45,1500,shuffled,main,joint_basin,singleton_fraction,0.42011209177897996,0.07189387050014505,0.007189387050014505,0.4075185185893057,0.43371925054314686
0.45,1500,shuffled,strict,boundary_v2_regime_sequence,viable_propagation_index,0.7819758858439441,0.033427795265158544,0.0033427795265158545,0.7752096056504051,0.7885581209656918
0.45,1500,shuffled,strict,boundary_v2_regime_sequence,component_B_preservation,1.0,0.0,0.0,1.0,1.0
0.45,1500,shuffled,strict,boundary_v2_regime_sequence,singleton_fraction,0.2107367815171483,0.03395670625272939,0.003395670625272939,0.20488554940769602,0.2163956820637875
0.45,1500,shuffled,strict,center_of_mass,viable_propagation_index,0.18941356188062067,0.00757892068601967,0.000757892068601967,0.18809613836390646,0.1908788557354972
0.45,1500,shuffled,strict,center_of_mass,component_B_preservation,0.7163326198158928,0.008662078033241791,0.0008662078033241791,0.714570393826955,0.7182155650530536
0.45,1500,shuffled,strict,center_of_mass,singleton_fraction,0.4352097582200014,0.017157508174362655,0.0017157508174362654,0.4317101758185377,0.4386178799163707
0.45,1500,shuffled,strict,joint_basin,viable_propagation_index,0.5739358391502063,0.07109684487817752,0.007109684487817752,0.5599343889599097,0.5868428885210394
0.45,1500,shuffled,strict,joint_basin,component_B_preservation,1.0,0.0,0.0,1.0,1.0
0.45,1500,shuffled,strict,joint_basin,singleton_fraction,0.42011209177897996,0.07189387050014505,0.007189387050014505,0.4070907199176638,0.43378104499132125
0.45,2400,coupled,loose,boundary_v2_regime_sequence,viable_propagation_index,0.7368167663426831,0.11501426174310748,0.011501426174310748,0.7163570632578629,0.7587101572257321
0.45,2400,coupled,loose,boundary_v2_regime_sequence,component_B_preservation,1.0,0.0,0.0,1.0,1.0
0.45,2400,coupled,loose,boundary_v2_regime_sequence,singleton_fraction,0.26125840825840824,0.11503596877573913,0.011503596877573912,0.24139133644133642,0.28260992063492063
0.45,2400,coupled,loose,center_of_mass,viable_propagation_index,0.25549551840541807,0.007624327944146725,0.0007624327944146726,0.2538651262436941,0.2569149715827157
0.45,2400,coupled,loose,center_of_mass,component_B_preservation,0.7218171287589449,0.007512007944985167,0.0007512007944985167,0.7203457334836415,0.7233014092473464
0.45,2400,coupled,loose,center_of_mass,singleton_fraction,0.48245580789425496,0.013716130854517885,0.0013716130854517885,0.480094046272999,0.48483660560828634
0.45,2400,coupled,loose,joint_basin,viable_propagation_index,0.44533329638568675,0.01824958261864628,0.001824958261864628,0.4419019277066325,0.44866463080597146
0.45,2400,coupled,loose,joint_basin,component_B_preservation,0.9296229380319444,0.009591831752958316,0.0009591831752958316,0.9275922305306237,0.931348464247864
0.45,2400,coupled,loose,joint_basin,singleton_fraction,0.5174273707533777,0.019442437499089638,0.0019442437499089637,0.5136527588474831,0.5213526624070617
0.45,2400,coupled,main,boundary_v2_regime_sequence,viable_propagation_index,0.7354035937547232,0.11476197965865133,0.011476197965865133,0.7121457188119537,0.7605272193473991
0.45,2400,coupled,main,boundary_v2_regime_sequence,component_B_preservation,1.0,0.0,0.0,1.0,1.0
0.45,2400,coupled,main,boundary_v2_regime_sequence,singleton_fraction,0.26125840825840824,0.11503596877573913,0.011503596877573912,0.23978486305361305,0.2827245768120768
0.45,2400,coupled,main,center_of_mass,viable_propagation_index,0.25408000733685604,0.007600509865638985,0.0007600509865638985,0.2528719347932179,0.25548429947088874
0.45,2400,coupled,main,center_of_mass,component_B_preservation,0.7218171287589449,0.007512007944985167,0.0007512007944985167,0.7205106152806345,0.723232080115482
0.45,2400,coupled,main,center_of_mass,singleton_fraction,0.48245580789425496,0.013716130854517885,0.0013716130854517885,0.4798552383330054,0.4848234996592921
0.45,2400,coupled,main,joint_basin,viable_propagation_index,0.4436939107835899,0.018135967736122558,0.0018135967736122559,0.4403981856767049,0.4472010137998282
0.45,2400,coupled,main,joint_basin,component_B_preservation,0.9296229380319444,0.009591831752958316,0.0009591831752958316,0.9277935566075715,0.9315559871927753
0.45,2400,coupled,main,joint_basin,singleton_fraction,0.5174273707533777,0.019442437499089638,0.0019442437499089637,0.5134113271338134,0.5212762588894164
0.45,2400,coupled,strict,boundary_v2_regime_sequence,viable_propagation_index,0.7337788238915036,0.11449186568563478,0.011449186568563478,0.7131067815357869,0.7565201905410394
0.45,2400,coupled,strict,boundary_v2_regime_sequence,component_B_preservation,1.0,0.0,0.0,1.0,1.0
0.45,2400,coupled,strict,boundary_v2_regime_sequence,singleton_fraction,0.26125840825840824,0.11503596877573913,0.011503596877573912,0.23657475233100234,0.2851929605117105
0.45,2400,coupled,strict,center_of_mass,viable_propagation_index,0.25002221499879856,0.0077237890982892595,0.000772378909828926,0.24845806131643386,0.2515677144328439
0.45,2400,coupled,strict,center_of_mass,component_B_preservation,0.7218171287589449,0.007512007944985167,0.0007512007944985167,0.7201665229630224,0.7231766352876573
0.45,2400,coupled,strict,center_of_mass,singleton_fraction,0.48245580789425496,0.013716130854517885,0.0013716130854517885,0.4795347056703724,0.4852719605763482
0.45,2400,coupled,strict,joint_basin,viable_propagation_index,0.44035564725935117,0.017974335137406,0.0017974335137406002,0.43630277960626274,0.4440765111400808
0.45,2400,coupled,strict,joint_basin,component_B_preservation,0.9296229380319444,0.009591831752958316,0.0009591831752958316,0.9276201734014734,0.9316186603014929
0.45,2400,coupled,strict,joint_basin,singleton_fraction,0.5174273707533777,0.019442437499089638,0.0019442437499089637,0.5135492450152731,0.520845254781596
0.45,2400,independent_alpha0,loose,boundary_v2_regime_sequence,viable_propagation_index,0.7984983901190498,0.03297436043381939,0.003297436043381939,0.7912153986663394,0.8049157310129531
0.45,2400,independent_alpha0,loose,boundary_v2_regime_sequence,component_B_preservation,1.0,0.0,0.0,1.0,1.0
0.45,2400,independent_alpha0,loose,boundary_v2_regime_sequence,singleton_fraction,0.19984009405863343,0.03288468512618873,0.003288468512618873,0.19413369616993,0.2059183113153433
0.45,2400,independent_alpha0,loose,center_of_mass,viable_propagation_index,0.18511994295835918,0.006565803596161187,0.0006565803596161187,0.1840124537109506,0.18632981390438202
0.45,2400,independent_alpha0,loose,center_of_mass,component_B_preservation,0.7206774005678586,0.0074379885042141275,0.0007437988504214127,0.719135199173136,0.7221616658654348
0.45,2400,independent_alpha0,loose,center_of_mass,singleton_fraction,0.4696843951428964,0.01454370839762092,0.0014543708397620919,0.46683594528505484,0.47246802558342815
0.45,2400,independent_alpha0,loose,joint_basin,viable_propagation_index,0.6004891985007526,0.07019674516375735,0.007019674516375735,0.5869266908589194,0.613079489720534
0.45,2400,independent_alpha0,loose,joint_basin,component_B_preservation,1.0,0.0,0.0,1.0,1.0
0.45,2400,independent_alpha0,loose,joint_basin,singleton_fraction,0.3969693264642604,0.07034017243307264,0.007034017243307264,0.3860646444494735,0.4106296414003995
0.45,2400,independent_alpha0,main,boundary_v2_regime_sequence,viable_propagation_index,0.7969068986443137,0.032957607971085136,0.0032957607971085138,0.7907536632520819,0.8040604349784518
0.45,2400,independent_alpha0,main,boundary_v2_regime_sequence,component_B_preservation,1.0,0.0,0.0,1.0,1.0
0.45,2400,independent_alpha0,main,boundary_v2_regime_sequence,singleton_fraction,0.19984009405863343,0.03288468512618873,0.003288468512618873,0.19332756433478157,0.20574723495393174
0.45,2400,independent_alpha0,main,center_of_mass,viable_propagation_index,0.18301283797345064,0.006534024685606733,0.0006534024685606733,0.1818047318420701,0.18431205592752864
0.45,2400,independent_alpha0,main,center_of_mass,component_B_preservation,0.7206774005678586,0.0074379885042141275,0.0007437988504214127,0.7192897362447258,0.7220971462345074
0.45,2400,independent_alpha0,main,center_of_mass,singleton_fraction,0.4696843951428964,0.01454370839762092,0.0014543708397620919,0.4671661757036834,0.4726999015849968
0.45,2400,independent_alpha0,main,joint_basin,viable_propagation_index,0.5975939965203715,0.06974186837193966,0.0069741868371939655,0.5847126246344956,0.6093709734199795
0.45,2400,independent_alpha0,main,joint_basin,component_B_preservation,1.0,0.0,0.0,1.0,1.0
0.45,2400,independent_alpha0,main,joint_basin,singleton_fraction,0.3969693264642604,0.07034017243307264,0.007034017243307264,0.3837554336827894,0.4103190521918143
0.45,2400,independent_alpha0,strict,boundary_v2_regime_sequence,viable_propagation_index,0.7953395079880577,0.0327489476127522,0.0032748947612752195,0.7887643563292905,0.8017352668781631
0.45,2400,independent_alpha0,strict,boundary_v2_regime_sequence,component_B_preservation,1.0,0.0,0.0,1.0,1.0
0.45,2400,independent_alpha0,strict,boundary_v2_regime_sequence,singleton_fraction,0.19984009405863343,0.03288468512618873,0.003288468512618873,0.19319746970343094,0.20700253274791267
0.45,2400,independent_alpha0,strict,center_of_mass,viable_propagation_index,0.1794102698518966,0.006466102961959266,0.0006466102961959267,0.17805589508847391,0.18058416067475197
0.45,2400,independent_alpha0,strict,center_of_mass,component_B_preservation,0.7206774005678586,0.0074379885042141275,0.0007437988504214127,0.7188900722391598,0.72200372965837
0.45,2400,independent_alpha0,strict,center_of_mass,singleton_fraction,0.4696843951428964,0.01454370839762092,0.0014543708397620919,0.4669066935393191,0.4727375111706668
0.45,2400,independent_alpha0,strict,joint_basin,viable_propagation_index,0.5936392005724215,0.06935913895062423,0.006935913895062424,0.5806674129370084,0.6060634658894832
0.45,2400,independent_alpha0,strict,joint_basin,component_B_preservation,1.0,0.0,0.0,1.0,1.0
0.45,2400,independent_alpha0,strict,joint_basin,singleton_fraction,0.3969693264642604,0.07034017243307264,0.007034017243307264,0.38530037500501774,0.4098850911476259
0.45,2400,product,loose,boundary_v2_regime_sequence,viable_propagation_index,0.7993055705932887,0.030747445185887207,0.0030747445185887205,0.7939795974068686,0.8054898938166971
0.45,2400,product,loose,boundary_v2_regime_sequence,component_B_preservation,1.0,0.0,0.0,1.0,1.0
0.45,2400,product,loose,boundary_v2_regime_sequence,singleton_fraction,0.19894694854781697,0.030827227880129413,0.0030827227880129413,0.19349729157317128,0.20500544589859235
0.45,2400,product,loose,center_of_mass,viable_propagation_index,0.18497489056136618,0.006138766044748958,0.0006138766044748959,0.18387300845816412,0.1861591070850997
0.45,2400,product,loose,center_of_mass,component_B_preservation,0.7228430741932186,0.007416056732137961,0.0007416056732137961,0.7214605228445348,0.7242822099048271
0.45,2400,product,loose,center_of_mass,singleton_fraction,0.46889031225336675,0.01632744317884642,0.001632744317884642,0.4660365296294697,0.47162760172182694
0.45,2400,product,loose,joint_basin,viable_propagation_index,0.5957335447892699,0.08449045606641395,0.008449045606641396,0.5763501694033034,0.6104144734219437
0.45,2400,product,loose,joint_basin,component_B_preservation,1.0,0.0,0.0,1.0,1.0
0.45,2400,product,loose,joint_basin,singleton_fraction,0.4017130186604373,0.08482494891253849,0.008482494891253849,0.38341115313506013,0.4211005654237836
0.45,2400,product,main,boundary_v2_regime_sequence,viable_propagation_index,0.797737587144821,0.030723033459108852,0.003072303345910885,0.7914678375264218,0.8031436350426956
0.45,2400,product,main,boundary_v2_regime_sequence,component_B_preservation,1.0,0.0,0.0,1.0,1.0
0.45,2400,product,main,boundary_v2_regime_sequence,singleton_fraction,0.19894694854781697,0.030827227880129413,0.0030827227880129413,0.1928018061118531,0.20515660919919035
0.45,2400,product,main,center_of_mass,viable_propagation_index,0.18297150097967446,0.0060821625162484115,0.0006082162516248412,0.18195731101864143,0.18418011093042913
0.45,2400,product,main,center_of_mass,component_B_preservation,0.7228430741932186,0.007416056732137961,0.0007416056732137961,0.7213504189983627,0.7241995711905579
0.45,2400,product,main,center_of_mass,singleton_fraction,0.46889031225336675,0.01632744317884642,0.001632744317884642,0.46599169825519376,0.4716132139850882
0.45,2400,product,main,joint_basin,viable_propagation_index,0.5931056704864615,0.08423318389822929,0.008423318389822928,0.5761533894135568,0.6088372863330923
0.45,2400,product,main,joint_basin,component_B_preservation,1.0,0.0,0.0,1.0,1.0
0.45,2400,product,main,joint_basin,singleton_fraction,0.4017130186604373,0.08482494891253849,0.008482494891253849,0.38716908513321907,0.41879011228762913
0.45,2400,product,strict,boundary_v2_regime_sequence,viable_propagation_index,0.7961508176414864,0.030855319066288116,0.003085531906628812,0.7897448154935927,0.8020339321705868
0.45,2400,product,strict,boundary_v2_regime_sequence,component_B_preservation,1.0,0.0,0.0,1.0,1.0
0.45,2400,product,strict,boundary_v2_regime_sequence,singleton_fraction,0.19894694854781697,0.030827227880129413,0.0030827227880129413,0.19275908953354248,0.20470176175349772
0.45,2400,product,strict,center_of_mass,viable_propagation_index,0.17934502690050536,0.006127831100526915,0.0006127831100526916,0.178329310197459,0.1807989526479641
0.45,2400,product,strict,center_of_mass,component_B_preservation,0.7228430741932186,0.007416056732137961,0.0007416056732137961,0.7214156247400109,0.7241257888021158
0.45,2400,product,strict,center_of_mass,singleton_fraction,0.46889031225336675,0.01632744317884642,0.001632744317884642,0.46611635490367065,0.4719573978806788
0.45,2400,product,strict,joint_basin,viable_propagation_index,0.5890617897353441,0.08342677374894786,0.008342677374894785,0.5718698497420568,0.6054228595979135
0.45,2400,product,strict,joint_basin,component_B_preservation,1.0,0.0,0.0,1.0,1.0
0.45,2400,product,strict,joint_basin,singleton_fraction,0.4017130186604373,0.08482494891253849,0.008482494891253849,0.3845339859011188,0.4166908575587013
0.45,2400,shuffled,loose,boundary_v2_regime_sequence,viable_propagation_index,0.7985395360215513,0.030134992649811003,0.0030134992649811,0.7925431238369309,0.8041059273051963
0.45,2400,shuffled,loose,boundary_v2_regime_sequence,component_B_preservation,1.0,0.0,0.0,1.0,1.0
0.45,2400,shuffled,loose,boundary_v2_regime_sequence,singleton_fraction,0.19980314655468226,0.030211620144964608,0.003021162014496461,0.19434281899262956,0.20599705326753573
0.45,2400,shuffled,loose,center_of_mass,viable_propagation_index,0.18465301927545505,0.007305306336103823,0.0007305306336103823,0.18337786498281988,0.18596398929940386
0.45,2400,shuffled,loose,center_of_mass,component_B_preservation,0.7221616603359606,0.008399332247577397,0.0008399332247577397,0.7204489000463262,0.7236553143325531
0.45,2400,shuffled,loose,center_of_mass,singleton_fraction,0.4726828412918957,0.015987645591016612,0.0015987645591016612,0.46951318301434886,0.47574673124800493
0.45,2400,shuffled,loose,joint_basin,viable_propagation_index,0.6066581628223617,0.08611015533831287,0.008611015533831288,0.5901464239793855,0.6227472345363432
0.45,2400,shuffled,loose,joint_basin,component_B_preservation,1.0,0.0,0.0,1.0,1.0
0.45,2400,shuffled,loose,joint_basin,singleton_fraction,0.3908190154628704,0.08643926450489747,0.008643926450489748,0.37655015056097857,0.4079218034971086
0.45,2400,shuffled,main,boundary_v2_regime_sequence,viable_propagation_index,0.7967981560312353,0.02997663647932909,0.002997663647932909,0.7907687763636343,0.8028422636321646
0.45,2400,shuffled,main,boundary_v2_regime_sequence,component_B_preservation,1.0,0.0,0.0,1.0,1.0
0.45,2400,shuffled,main,boundary_v2_regime_sequence,singleton_fraction,0.19980314655468226,0.030211620144964608,0.003021162014496461,0.1939846449126615,0.20593380181236878
0.45,2400,shuffled,main,center_of_mass,viable_propagation_index,0.1827557382757983,0.0072618116256667605,0.0007261811625666761,0.1816146166850972,0.18415502691875404
0.45,2400,shuffled,main,center_of_mass,component_B_preservation,0.7221616603359606,0.008399332247577397,0.0008399332247577397,0.720595547019902,0.7240151275754881
0.45,2400,shuffled,main,center_of_mass,singleton_fraction,0.4726828412918957,0.015987645591016612,0.0015987645591016612,0.4694896053471839,0.47558484617989266
0.45,2400,shuffled,main,joint_basin,viable_propagation_index,0.6038093572536473,0.08581688603342699,0.0085816886033427,0.584399379351915,0.6197150391744928
0.45,2400,shuffled,main,joint_basin,component_B_preservation,1.0,0.0,0.0,1.0,1.0
0.45,2400,shuffled,main,joint_basin,singleton_fraction,0.3908190154628704,0.08643926450489747,0.008643926450489748,0.37397083085439836,0.4080222470123784
0.45,2400,shuffled,strict,boundary_v2_regime_sequence,viable_propagation_index,0.7954019782255854,0.03016302532445444,0.003016302532445444,0.7896072646411515,0.8011919438262595
0.45,2400,shuffled,strict,boundary_v2_regime_sequence,component_B_preservation,1.0,0.0,0.0,1.0,1.0
0.45,2400,shuffled,strict,boundary_v2_regime_sequence,singleton_fraction,0.19980314655468226,0.030211620144964608,0.003021162014496461,0.1928334711397736,0.20549272259737347
0.45,2400,shuffled,strict,center_of_mass,viable_propagation_index,0.17898941764477017,0.007402901605365884,0.0007402901605365884,0.17755064070654303,0.18053194775531753
0.45,2400,shuffled,strict,center_of_mass,component_B_preservation,0.7221616603359606,0.008399332247577397,0.0008399332247577397,0.7204785207799168,0.7237527843509127
0.45,2400,shuffled,strict,center_of_mass,singleton_fraction,0.4726828412918957,0.015987645591016612,0.0015987645591016612,0.4696952598490253,0.47597914752808934
0.45,2400,shuffled,strict,joint_basin,viable_propagation_index,0.599607385755017,0.08521273031883242,0.008521273031883242,0.5847639587124545,0.6141315227222459
0.45,2400,shuffled,strict,joint_basin,component_B_preservation,1.0,0.0,0.0,1.0,1.0
0.45,2400,shuffled,strict,joint_basin,singleton_fraction,0.3908190154628704,0.08643926450489747,0.008643926450489748,0.3736910724589751,0.4058256180609489
0.5,900,coupled,loose,boundary_v2_regime_sequence,viable_propagation_index,0.6439070201951546,0.09010315149822133,0.009010315149822134,0.628557088977422,0.6643536048253174
0.5,900,coupled,loose,boundary_v2_regime_sequence,component_B_preservation,1.0,0.0,0.0,1.0,1.0
0.5,900,coupled,loose,boundary_v2_regime_sequence,singleton_fraction,0.3524738519564371,0.09047788297133126,0.009047788297133126,0.334095170382593,0.36812562575131264
0.5,900,coupled,loose,center_of_mass,viable_propagation_index,0.2469693340360898,0.01018288549995867,0.001018288549995867,0.24520560367128827,0.24888391644426772
0.5,900,coupled,loose,center_of_mass,component_B_preservation,0.8283746480105583,0.008084148319509567,0.0008084148319509567,0.826786785507584,0.8298836731349299
0.5,900,coupled,loose,center_of_mass,singleton_fraction,0.4283565881212421,0.01854109363016899,0.0018541093630168991,0.4247030380188307,0.4318048568036394
0.5,900,coupled,loose,joint_basin,viable_propagation_index,0.5116165303518484,0.026864950390012524,0.0026864950390012524,0.5062360152224666,0.5166903591821522
0.5,900,coupled,loose,joint_basin,component_B_preservation,1.0,0.0,0.0,1.0,1.0
0.5,900,coupled,loose,joint_basin,singleton_fraction,0.48399394834877335,0.027299406442054284,0.0027299406442054283,0.47836926138976854,0.4896831930012041
0.5,900,coupled,main,boundary_v2_regime_sequence,viable_propagation_index,0.6415656583696117,0.08989261191707087,0.008989261191707088,0.622808273313375,0.658032147191993
0.5,900,coupled,main,boundary_v2_regime_sequence,component_B_preservation,1.0,0.0,0.0,1.0,1.0
0.5,900,coupled,main,boundary_v2_regime_sequence,singleton_fraction,0.3524738519564371,0.09047788297133126,0.009047788297133126,0.3335904821679009,0.3697752523749041
0.5,900,coupled,main,center_of_mass,viable_propagation_index,0.2458281797433502,0.01013261584435679,0.001013261584435679,0.24397106797077697,0.24777943666803234
0.5,900,coupled,main,center_of_mass,component_B_preservation,0.8283746480105583,0.008084148319509567,0.0008084148319509567,0.8266526225823664,0.8299141964209645
0.5,900,coupled,main,center_of_mass,singleton_fraction,0.4283565881212421,0.01854109363016899,0.0018541093630168991,0.424998846834421,0.431750268336766
0.5,900,coupled,main,joint_basin,viable_propagation_index,0.5074950848366615,0.027037778430308385,0.0027037778430308384,0.5020500668619202,0.5126649732093974
0.5,900,coupled,main,joint_basin,component_B_preservation,1.0,0.0,0.0,1.0,1.0
0.5,900,coupled,main,joint_basin,singleton_fraction,0.48399394834877335,0.027299406442054284,0.0027299406442054283,0.47879946986190813,0.4898013709760708
0.5,900,coupled,strict,boundary_v2_regime_sequence,viable_propagation_index,0.6406041395443064,0.0897523778055241,0.00897523778055241,0.6236136506278642,0.6616576371869949
0.5,900,coupled,strict,boundary_v2_regime_sequence,component_B_preservation,1.0,0.0,0.0,1.0,1.0
0.5,900,coupled,strict,boundary_v2_regime_sequence,singleton_fraction,0.3524738519564371,0.09047788297133126,0.009047788297133126,0.33367987827553425,0.3716141815700639
0.5,900,coupled,strict,center_of_mass,viable_propagation_index,0.24474730442044862,0.010121632624046795,0.0010121632624046795,0.24303620556832656,0.2468434479220934
0.5,900,coupled,strict,center_of_mass,component_B_preservation,0.8283746480105583,0.008084148319509567,0.0008084148319509567,0.8268213970376272,0.8298132971060538
0.5,900,coupled,strict,center_of_mass,singleton_fraction,0.4283565881212421,0.01854109363016899,0.0018541093630168991,0.4245857622907011,0.4317216528168832
0.5,900,coupled,strict,joint_basin,viable_propagation_index,0.4979416258950099,0.026988233607981034,0.0026988233607981036,0.4931066657110433,0.5027371817246711
0.5,900,coupled,strict,joint_basin,component_B_preservation,1.0,0.0,0.0,1.0,1.0
0.5,900,coupled,strict,joint_basin,singleton_fraction,0.48399394834877335,0.027299406442054284,0.0027299406442054283,0.478468384868967,0.4889230214777837
0.5,900,independent_alpha0,loose,boundary_v2_regime_sequence,viable_propagation_index,0.7322587560322433,0.03613648744980125,0.0036136487449801246,0.7258639664465218,0.7394310902583909
0.5,900,independent_alpha0,loose,boundary_v2_regime_sequence,component_B_preservation,1.0,0.0,0.0,1.0,1.0
0.5,900,independent_alpha0,loose,boundary_v2_regime_sequence,singleton_fraction,0.26412414349340607,0.0361830259359412,0.00361830259359412,0.25726758063392835,0.27116968723824925
0.5,900,independent_alpha0,loose,center_of_mass,viable_propagation_index,0.19119987500070054,0.008076465232858623,0.0008076465232858623,0.18942720186737605,0.19287022238449483
0.5,900,independent_alpha0,loose,center_of_mass,component_B_preservation,0.7138256894893097,0.008380836943259348,0.0008380836943259348,0.7119692510655438,0.715423290823192
0.5,900,independent_alpha0,loose,center_of_mass,singleton_fraction,0.4188953645271916,0.02230960256748803,0.002230960256748803,0.4145837011483383,0.4236421407254119
0.5,900,independent_alpha0,loose,joint_basin,viable_propagation_index,0.5308910325004925,0.07145464199835201,0.007145464199835201,0.5178028852489308,0.5443357184887201
0.5,900,independent_alpha0,loose,joint_basin,component_B_preservation,1.0,0.0,0.0,1.0,1.0
0.5,900,independent_alpha0,loose,joint_basin,singleton_fraction,0.4668911240396584,0.07161616756162015,0.007161616756162015,0.45462354278326583,0.4807285502754923
0.5,900,independent_alpha0,main,boundary_v2_regime_sequence,viable_propagation_index,0.72981637548677,0.03610359513545412,0.0036103595135454124,0.723892736964223,0.7369331430553648
0.5,900,independent_alpha0,main,boundary_v2_regime_sequence,component_B_preservation,1.0,0.0,0.0,1.0,1.0
0.5,900,independent_alpha0,main,boundary_v2_regime_sequence,singleton_fraction,0.26412414349340607,0.0361830259359412,0.00361830259359412,0.2577440080970513,0.2716534683994911
0.5,900,independent_alpha0,main,center_of_mass,viable_propagation_index,0.1896936820749988,0.008139046258212938,0.0008139046258212937,0.18790266901732539,0.19124410223012137
0.5,900,independent_alpha0,main,center_of_mass,component_B_preservation,0.7138256894893097,0.008380836943259348,0.0008380836943259348,0.7122025332267703,0.7152284501163608
0.5,900,independent_alpha0,main,center_of_mass,singleton_fraction,0.4188953645271916,0.02230960256748803,0.002230960256748803,0.41437488415552065,0.4230433164147703
0.5,900,independent_alpha0,main,joint_basin,viable_propagation_index,0.5296177211571927,0.07109086860862222,0.007109086860862222,0.5173604465402591,0.5422060781532555
0.5,900,independent_alpha0,main,joint_basin,component_B_preservation,1.0,0.0,0.0,1.0,1.0
0.5,900,independent_alpha0,main,joint_basin,singleton_fraction,0.4668911240396584,0.07161616756162015,0.007161616756162015,0.4508090279819018,0.4808706698179588
0.5,900,independent_alpha0,strict,boundary_v2_regime_sequence,viable_propagation_index,0.7239057113925723,0.035637245074081246,0.0035637245074081245,0.7174437245115,0.7299388026357414
0.5,900,independent_alpha0,strict,boundary_v2_regime_sequence,component_B_preservation,1.0,0.0,0.0,1.0,1.0
0.5,900,independent_alpha0,strict,boundary_v2_regime_sequence,singleton_fraction,0.26412414349340607,0.0361830259359412,0.00361830259359412,0.25743967385574645,0.27160307757615426
0.5,900,independent_alpha0,strict,center_of_mass,viable_propagation_index,0.1866739157788766,0.007961514411557812,0.0007961514411557811,0.18504622595754325,0.18802587905520712
0.5,900,independent_alpha0,strict,center_of_mass,component_B_preservation,0.7138256894893097,0.008380836943259348,0.0008380836943259348,0.7121493154245635,0.7151382774012015
0.5,900,independent_alpha0,strict,center_of_mass,singleton_fraction,0.4188953645271916,0.02230960256748803,0.002230960256748803,0.4144829771952324,0.4230655133382394
0.5,900,independent_alpha0,strict,joint_basin,viable_propagation_index,0.5283372547437176,0.07087057228396683,0.0070870572283966825,0.5146814703652418,0.5415200495937967
0.5,900,independent_alpha0,strict,joint_basin,component_B_preservation,1.0,0.0,0.0,1.0,1.0
0.5,900,independent_alpha0,strict,joint_basin,singleton_fraction,0.4668911240396584,0.07161616756162015,0.007161616756162015,0.4520790986611516,0.4811955274605719
0.5,900,product,loose,boundary_v2_regime_sequence,viable_propagation_index,0.7363614402095652,0.0328559085811207,0.0032855908581120702,0.730254477977403,0.7420748942841533
0.5,900,product,loose,boundary_v2_regime_sequence,component_B_preservation,1.0,0.0,0.0,1.0,1.0
0.5,900,product,loose,boundary_v2_regime_sequence,singleton_fraction,0.25999738964113805,0.03284397017395701,0.003284397017395701,0.25399731954897103,0.2666614795308185
0.5,900,product,loose,center_of_mass,viable_propagation_index,0.19069218575503524,0.007407738957085809,0.0007407738957085809,0.18930071594011505,0.19218500695043855
0.5,900,product,loose,center_of_mass,component_B_preservation,0.7139154939139881,0.009483625797969174,0.0009483625797969174,0.712160138909242,0.7159457634163485
0.5,900,product,loose,center_of_mass,singleton_fraction,0.42035109358260364,0.01807891338390038,0.0018078913383900378,0.41727684666724074,0.4230193236003497
0.5,900,product,loose,joint_basin,viable_propagation_index,0.5290477255699735,0.0752445272845175,0.0075244527284517495,0.5158470538823674,0.5427443522715316
0.5,900,product,loose,joint_basin,component_B_preservation,1.0,0.0,0.0,1.0,1.0
0.5,900,product,loose,joint_basin,singleton_fraction,0.46868669335266216,0.07553476658644133,0.007553476658644133,0.45699068836494683,0.4819406235276178
0.5,900,product,main,boundary_v2_regime_sequence,viable_propagation_index,0.7341684439437205,0.03287079632882995,0.003287079632882995,0.7281338844385784,0.7406218131827151
0.5,900,product,main,boundary_v2_regime_sequence,component_B_preservation,1.0,0.0,0.0,1.0,1.0
0.5,900,product,main,boundary_v2_regime_sequence,singleton_fraction,0.25999738964113805,0.03284397017395701,0.003284397017395701,0.2534299677821668,0.26731864137023686
0.5,900,product,main,center_of_mass,viable_propagation_index,0.18917868107231833,0.007375783975897929,0.0007375783975897929,0.1878698140720101,0.19050239957995962
0.5,900,product,main,center_of_mass,component_B_preservation,0.7139154939139881,0.009483625797969174,0.0009483625797969174,0.7120759651058272,0.7156633562394549
0.5,900,product,main,center_of_mass,singleton_fraction,0.42035109358260364,0.01807891338390038,0.0018078913383900378,0.41731145138022546,0.4232954208564628
0.5,900,product,main,joint_basin,viable_propagation_index,0.5277991694986487,0.07504653125089576,0.007504653125089576,0.5107277748076738,0.5419062334806048
0.5,900,product,main,joint_basin,component_B_preservation,1.0,0.0,0.0,1.0,1.0
0.5,900,product,main,joint_basin,singleton_fraction,0.46868669335266216,0.07553476658644133,0.007553476658644133,0.45223437312822945,0.48324216029322203
0.5,900,product,strict,boundary_v2_regime_sequence,viable_propagation_index,0.7278854697053214,0.03261903987128849,0.0032619039871288487,0.7213851820449334,0.7340018875116153
0.5,900,product,strict,boundary_v2_regime_sequence,component_B_preservation,1.0,0.0,0.0,1.0,1.0
0.5,900,product,strict,boundary_v2_regime_sequence,singleton_fraction,0.25999738964113805,0.03284397017395701,0.003284397017395701,0.2546539991871112,0.2661209818965107
0.5,900,product,strict,center_of_mass,viable_propagation_index,0.18609118564941324,0.007322533105206017,0.0007322533105206016,0.18465106241873688,0.18744649018037207
0.5,900,product,strict,center_of_mass,component_B_preservation,0.7139154939139881,0.009483625797969174,0.0009483625797969174,0.7124171205489149,0.7157398256539516
0.5,900,product,strict,center_of_mass,singleton_fraction,0.42035109358260364,0.01807891338390038,0.0018078913383900378,0.41689430507043346,0.4237614552840245
0.5,900,product,strict,joint_basin,viable_propagation_index,0.5265532963346152,0.07486738751566661,0.007486738751566661,0.5125241025259413,0.541561532873472
0.5,900,product,strict,joint_basin,component_B_preservation,1.0,0.0,0.0,1.0,1.0
0.5,900,product,strict,joint_basin,singleton_fraction,0.46868669335266216,0.07553476658644133,0.007553476658644133,0.45313419382500025,0.48229133999291796
0.5,900,shuffled,loose,boundary_v2_regime_sequence,viable_propagation_index,0.738944738116007,0.03567431675119954,0.0035674316751199537,0.7314875959060266,0.7453750308888013
0.5,900,shuffled,loose,boundary_v2_regime_sequence,component_B_preservation,1.0,0.0,0.0,1.0,1.0
0.5,900,shuffled,loose,boundary_v2_regime_sequence,singleton_fraction,0.25751056848557036,0.03571244195318627,0.003571244195318627,0.2501988626632489,0.2643686627334123
0.5,900,shuffled,loose,center_of_mass,viable_propagation_index,0.1902799831959442,0.00856135031114394,0.0008561350311143939,0.1887373994288128,0.19193146246508339
0.5,900,shuffled,loose,center_of_mass,component_B_preservation,0.7154157474620797,0.009523931003806928,0.0009523931003806929,0.7132831854522439,0.7170138601800194
0.5,900,shuffled,loose,center_of_mass,singleton_fraction,0.42209727491076654,0.020149997235569043,0.0020149997235569045,0.4178380737312902,0.4263797216253989
0.5,900,shuffled,loose,joint_basin,viable_propagation_index,0.5270351914930524,0.06713127923599672,0.006713127923599673,0.5141843807338287,0.5379285965699241
0.5,900,shuffled,loose,joint_basin,component_B_preservation,1.0,0.0,0.0,1.0,1.0
0.5,900,shuffled,loose,joint_basin,singleton_fraction,0.4707509600109562,0.06734223120350288,0.006734223120350288,0.4570824428042045,0.4832539994650682
0.5,900,shuffled,main,boundary_v2_regime_sequence,viable_propagation_index,0.7366045441988704,0.03540762191997597,0.003540762191997597,0.7293399527767147,0.7438919441926057
0.5,900,shuffled,main,boundary_v2_regime_sequence,component_B_preservation,1.0,0.0,0.0,1.0,1.0
0.5,900,shuffled,main,boundary_v2_regime_sequence,singleton_fraction,0.25751056848557036,0.03571244195318627,0.003571244195318627,0.2502171873963983,0.26461457463674953
0.5,900,shuffled,main,center_of_mass,viable_propagation_index,0.188737978583362,0.008486889535713934,0.0008486889535713934,0.1870163531742773,0.1902765730356175
0.5,900,shuffled,main,center_of_mass,component_B_preservation,0.7154157474620797,0.009523931003806928,0.0009523931003806929,0.7133884820863645,0.7172403654968829
0.5,900,shuffled,main,center_of_mass,singleton_fraction,0.42209727491076654,0.020149997235569043,0.0020149997235569045,0.4181275038102198,0.4257626625983395
0.5,900,shuffled,main,joint_basin,viable_propagation_index,0.5257966259274383,0.06691643827094443,0.006691643827094443,0.5128100316394352,0.5385929497472346
0.5,900,shuffled,main,joint_basin,component_B_preservation,1.0,0.0,0.0,1.0,1.0
0.5,900,shuffled,main,joint_basin,singleton_fraction,0.4707509600109562,0.06734223120350288,0.006734223120350288,0.45631018858505096,0.4818271871031908
0.5,900,shuffled,strict,boundary_v2_regime_sequence,viable_propagation_index,0.7304363637819422,0.035187529105757225,0.0035187529105757225,0.7229593210790245,0.7375811402037279
0.5,900,shuffled,strict,boundary_v2_regime_sequence,component_B_preservation,1.0,0.0,0.0,1.0,1.0
0.5,900,shuffled,strict,boundary_v2_regime_sequence,singleton_fraction,0.25751056848557036,0.03571244195318627,0.003571244195318627,0.24987886198700582,0.265008712428744
0.5,900,shuffled,strict,center_of_mass,viable_propagation_index,0.1856373016301764,0.00845184964574354,0.0008451849645743539,0.18414810960589859,0.187291725977502
0.5,900,shuffled,strict,center_of_mass,component_B_preservation,0.7154157474620797,0.009523931003806928,0.0009523931003806929,0.7136937915663294,0.717373249725313
0.5,900,shuffled,strict,center_of_mass,singleton_fraction,0.42209727491076654,0.020149997235569043,0.0020149997235569045,0.41811509775512123,0.4262801366503746
0.5,900,shuffled,strict,joint_basin,viable_propagation_index,0.5245989314509891,0.06687409772744463,0.006687409772744462,0.5115421543838027,0.5381113769061087
0.5,900,shuffled,strict,joint_basin,component_B_preservation,1.0,0.0,0.0,1.0,1.0
0.5,900,shuffled,strict,joint_basin,singleton_fraction,0.4707509600109562,0.06734223120350288,0.006734223120350288,0.4573597583875038,0.4827961038021381
0.5,1500,coupled,loose,boundary_v2_regime_sequence,viable_propagation_index,0.5973095103910948,0.12069051861575968,0.012069051861575968,0.5746476163734059,0.6195793463461596
0.5,1500,coupled,loose,boundary_v2_regime_sequence,component_B_preservation,1.0,0.0,0.0,1.0,1.0
0.5,1500,coupled,loose,boundary_v2_regime_sequence,singleton_fraction,0.4003427071294718,0.12096092678878961,0.012096092678878961,0.3762800146748676,0.4237769180574327
0.5,1500,coupled,loose,center_of_mass,viable_propagation_index,0.26380742222502457,0.01150278044909191,0.001150278044909191,0.2617748250559254,0.26589251741705244
0.5,1500,coupled,loose,center_of_mass,component_B_preservation,0.8071518418531828,0.008477523861431432,0.0008477523861431432,0.8054260535578129,0.8087696543797736
0.5,1500,coupled,loose,center_of_mass,singleton_fraction,0.45753458848486517,0.019651495339788327,0.0019651495339788327,0.454060675427245,0.46133575401362426
0.5,1500,coupled,loose,joint_basin,viable_propagation_index,0.511052856485652,0.018665181811350302,0.0018665181811350303,0.5075587006180743,0.5141725419414193
0.5,1500,coupled,loose,joint_basin,component_B_preservation,0.9755463837684556,0.008101346438342032,0.0008101346438342032,0.9738475120760347,0.9773043355867334
0.5,1500,coupled,loose,joint_basin,singleton_fraction,0.4721229413344144,0.018278507640645373,0.0018278507640645373,0.46881052630425535,0.4763582171128813
0.5,1500,coupled,main,boundary_v2_regime_sequence,viable_propagation_index,0.5957653199033345,0.12034115527151737,0.012034115527151737,0.5724698964379707,0.6151909054834251
0.5,1500,coupled,main,boundary_v2_regime_sequence,component_B_preservation,1.0,0.0,0.0,1.0,1.0
0.5,1500,coupled,main,boundary_v2_regime_sequence,singleton_fraction,0.4003427071294718,0.12096092678878961,0.012096092678878961,0.3794931225024975,0.42502270388924795
0.5,1500,coupled,main,center_of_mass,viable_propagation_index,0.262648927261632,0.011444994511257606,0.0011444994511257607,0.26031061572389463,0.26477706831345316
0.5,1500,coupled,main,center_of_mass,component_B_preservation,0.8071518418531828,0.008477523861431432,0.0008477523861431432,0.8054946075543876,0.8086468008416301
0.5,1500,coupled,main,center_of_mass,singleton_fraction,0.45753458848486517,0.019651495339788327,0.0019651495339788327,0.4540267756254607,0.46157611274424404
0.5,1500,coupled,main,joint_basin,viable_propagation_index,0.5072440220815212,0.018591459777192017,0.0018591459777192016,0.5041844016536106,0.5110074058810903
0.5,1500,coupled,main,joint_basin,component_B_preservation,0.9755463837684556,0.008101346438342032,0.0008101346438342032,0.9741631972309535,0.9771744752942954
0.5,1500,coupled,main,joint_basin,singleton_fraction,0.4721229413344144,0.018278507640645373,0.0018278507640645373,0.46831286250356713,0.47565839752408035
0.5,1500,coupled,strict,boundary_v2_regime_sequence,viable_propagation_index,0.5947580784057884,0.12008964450731048,0.012008964450731048,0.5722258960946388,0.6176370432389784
0.5,1500,coupled,strict,boundary_v2_regime_sequence,component_B_preservation,1.0,0.0,0.0,1.0,1.0
0.5,1500,coupled,strict,boundary_v2_regime_sequence,singleton_fraction,0.4003427071294718,0.12096092678878961,0.012096092678878961,0.3754755686103111,0.42589832718343745
0.5,1500,coupled,strict,center_of_mass,viable_propagation_index,0.26151464023587506,0.011468630119709387,0.0011468630119709387,0.2592897891517299,0.2638624080764192
0.5,1500,coupled,strict,center_of_mass,component_B_preservation,0.8071518418531828,0.008477523861431432,0.0008477523861431432,0.8056207075138183,0.8086920523663786
0.5,1500,coupled,strict,center_of_mass,singleton_fraction,0.45753458848486517,0.019651495339788327,0.0019651495339788327,0.4538416676250167,0.46130499554046006
0.5,1500,coupled,strict,joint_basin,viable_propagation_index,0.504341422554262,0.018202721917378338,0.001820272191737834,0.5007946382670333,0.5071643548124094
0.5,1500,coupled,strict,joint_basin,component_B_preservation,0.9755463837684556,0.008101346438342032,0.0008101346438342032,0.9741450854821596,0.9772696473287137
0.5,1500,coupled,strict,joint_basin,singleton_fraction,0.4721229413344144,0.018278507640645373,0.0018278507640645373,0.46840369728283493,0.4758310611418878
0.5,1500,independent_alpha0,loose,boundary_v2_regime_sequence,viable_propagation_index,0.7775504963572226,0.033072931172676956,0.0033072931172676958,0.7717659100230702,0.7843160818039151
0.5,1500,independent_alpha0,loose,boundary_v2_regime_sequence,component_B_preservation,1.0,0.0,0.0,1.0,1.0
0.5,1500,independent_alpha0,loose,boundary_v2_regime_sequence,singleton_fraction,0.21961596273385428,0.03297194642899259,0.0032971946428992593,0.21306903570062358,0.22601347749438153
0.5,1500,independent_alpha0,loose,center_of_mass,viable_propagation_index,0.19288510666728467,0.008118107481058618,0.0008118107481058618,0.19139860088722754,0.19449249571763869
0.5,1500,independent_alpha0,loose,center_of_mass,component_B_preservation,0.7167540825753101,0.008515585676044608,0.0008515585676044608,0.7149679283330826,0.7182686896844053
0.5,1500,independent_alpha0,loose,center_of_mass,singleton_fraction,0.43898953340792546,0.01686134879282138,0.001686134879282138,0.43511716896680824,0.4421193406866116
0.5,1500,independent_alpha0,loose,joint_basin,viable_propagation_index,0.5609237930069484,0.07724762979165986,0.007724762979165986,0.544599863550532,0.5754705870191319
0.5,1500,independent_alpha0,loose,joint_basin,component_B_preservation,1.0,0.0,0.0,1.0,1.0
0.5,1500,independent_alpha0,loose,joint_basin,singleton_fraction,0.4369785990737835,0.07755486521522247,0.007755486521522246,0.4205121908407584,0.45160942134206183
0.5,1500,independent_alpha0,main,boundary_v2_regime_sequence,viable_propagation_index,0.7742802519550819,0.03261075839826369,0.003261075839826369,0.7678298230724295,0.7800389077245877
0.5,1500,independent_alpha0,main,boundary_v2_regime_sequence,component_B_preservation,1.0,0.0,0.0,1.0,1.0
0.5,1500,independent_alpha0,main,boundary_v2_regime_sequence,singleton_fraction,0.21961596273385428,0.03297194642899259,0.0032971946428992593,0.2132288248194689,0.22613744735850091
0.5,1500,independent_alpha0,main,center_of_mass,viable_propagation_index,0.1913648598646106,0.008109532821679071,0.0008109532821679071,0.18988056612140333,0.19289128433514305
0.5,1500,independent_alpha0,main,center_of_mass,component_B_preservation,0.7167540825753101,0.008515585676044608,0.0008515585676044608,0.7150881367143945,0.7185381390973747
0.5,1500,independent_alpha0,main,center_of_mass,singleton_fraction,0.43898953340792546,0.01686134879282138,0.001686134879282138,0.43603218914285585,0.4423907857868622
0.5,1500,independent_alpha0,main,joint_basin,viable_propagation_index,0.559485136104648,0.076963491546335,0.0076963491546335,0.5435656436590884,0.5742896997639558
0.5,1500,independent_alpha0,main,joint_basin,component_B_preservation,1.0,0.0,0.0,1.0,1.0
0.5,1500,independent_alpha0,main,joint_basin,singleton_fraction,0.4369785990737835,0.07755486521522247,0.007755486521522246,0.42431896059140695,0.45014984155045856
0.5,1500,independent_alpha0,strict,boundary_v2_regime_sequence,viable_propagation_index,0.7730272428173834,0.03250786119570034,0.003250786119570034,0.7662499179777011,0.77921264471982
0.5,1500,independent_alpha0,strict,boundary_v2_regime_sequence,component_B_preservation,1.0,0.0,0.0,1.0,1.0
0.5,1500,independent_alpha0,strict,boundary_v2_regime_sequence,singleton_fraction,0.21961596273385428,0.03297194642899259,0.0032971946428992593,0.21341766816112304,0.22494656681448835
0.5,1500,independent_alpha0,strict,center_of_mass,viable_propagation_index,0.18810108963483319,0.007976882038088676,0.0007976882038088675,0.18630574990020973,0.18949462510859288
0.5,1500,independent_alpha0,strict,center_of_mass,component_B_preservation,0.7167540825753101,0.008515585676044608,0.0008515585676044608,0.7149819681001294,0.7184442003382773
0.5,1500,independent_alpha0,strict,center_of_mass,singleton_fraction,0.43898953340792546,0.01686134879282138,0.001686134879282138,0.43594285408543193,0.44211073415015867
0.5,1500,independent_alpha0,strict,joint_basin,viable_propagation_index,0.5569987475176768,0.07691486584028001,0.007691486584028001,0.5420005843440743,0.5713522354214347
0.5,1500,independent_alpha0,strict,joint_basin,component_B_preservation,1.0,0.0,0.0,1.0,1.0
0.5,1500,independent_alpha0,strict,joint_basin,singleton_fraction,0.4369785990737835,0.07755486521522247,0.007755486521522246,0.4222665205912709,0.45075685665515564
0.5,1500,product,loose,boundary_v2_regime_sequence,viable_propagation_index,0.781709293989106,0.03114377820922393,0.003114377820922393,0.7756447926495411,0.7880567515551701
0.5,1500,product,loose,boundary_v2_regime_sequence,component_B_preservation,1.0,0.0,0.0,1.0,1.0
0.5,1500,product,loose,boundary_v2_regime_sequence,singleton_fraction,0.21521990572756383,0.03126340433318849,0.003126340433318849,0.20904905758940087,0.2209987247544612
0.5,1500,product,loose,center_of_mass,viable_propagation_index,0.19196689210087087,0.00715945110066102,0.000715945110066102,0.19039091559550098,0.19345787555818714
0.5,1500,product,loose,center_of_mass,component_B_preservation,0.7173867803231785,0.009847386727545022,0.0009847386727545023,0.7154543042598481,0.7193328078270514
0.5,1500,product,loose,center_of_mass,singleton_fraction,0.44207611221015897,0.018413995435051355,0.0018413995435051355,0.4384248481711198,0.44523713416573524
0.5,1500,product,loose,joint_basin,viable_propagation_index,0.5578858796274401,0.07148192373676637,0.007148192373676638,0.5455869449417946,0.5723487415573549
0.5,1500,product,loose,joint_basin,component_B_preservation,1.0,0.0,0.0,1.0,1.0
0.5,1500,product,loose,joint_basin,singleton_fraction,0.4401373174672764,0.07168808627317114,0.007168808627317114,0.4252830380103976,0.45388193283040024
0.5,1500,product,main,boundary_v2_regime_sequence,viable_propagation_index,0.7784042550982571,0.03102651624266515,0.003102651624266515,0.7721986124465937,0.7841905392569336
0.5,1500,product,main,boundary_v2_regime_sequence,component_B_preservation,1.0,0.0,0.0,1.0,1.0
0.5,1500,product,main,boundary_v2_regime_sequence,singleton_fraction,0.21521990572756383,0.03126340433318849,0.003126340433318849,0.20903198129122197,0.22117860951541232
0.5,1500,product,main,center_of_mass,viable_propagation_index,0.19040484425682333,0.007148017408889316,0.0007148017408889316,0.18916425350242197,0.19183066244571606
0.5,1500,product,main,center_of_mass,component_B_preservation,0.7173867803231785,0.009847386727545022,0.0009847386727545023,0.7155045854402188,0.7191625272542655
0.5,1500,product,main,center_of_mass,singleton_fraction,0.44207611221015897,0.018413995435051355,0.0018413995435051355,0.43809954104440196,0.4452904098250144
0.5,1500,product,main,joint_basin,viable_propagation_index,0.556291641064501,0.07131447739603129,0.00713144773960313,0.5430101801381971,0.5704952668558368
0.5,1500,product,main,joint_basin,component_B_preservation,1.0,0.0,0.0,1.0,1.0
0.5,1500,product,main,joint_basin,singleton_fraction,0.4401373174672764,0.07168808627317114,0.007168808627317114,0.42566480023258396,0.4536663157839701
0.5,1500,product,strict,boundary_v2_regime_sequence,viable_propagation_index,0.7768818855036553,0.031190619605391632,0.003119061960539163,0.7708176806750178,0.7820128283930843
0.5,1500,product,strict,boundary_v2_regime_sequence,component_B_preservation,1.0,0.0,0.0,1.0,1.0
0.5,1500,product,strict,boundary_v2_regime_sequence,singleton_fraction,0.21521990572756383,0.03126340433318849,0.003126340433318849,0.20859905813059076,0.22169777594610074
0.5,1500,product,strict,center_of_mass,viable_propagation_index,0.18710391113784483,0.007068357513336745,0.0007068357513336745,0.18583841477491336,0.1885280152058608
0.5,1500,product,strict,center_of_mass,component_B_preservation,0.7173867803231785,0.009847386727545022,0.0009847386727545023,0.7153689057234305,0.7192438792655321
0.5,1500,product,strict,center_of_mass,singleton_fraction,0.44207611221015897,0.018413995435051355,0.0018413995435051355,0.43878882107496764,0.445260821716024
0.5,1500,product,strict,joint_basin,viable_propagation_index,0.5536491838586933,0.07071167296881493,0.007071167296881493,0.5409001211824863,0.5660172432264698
0.5,1500,product,strict,joint_basin,component_B_preservation,1.0,0.0,0.0,1.0,1.0
0.5,1500,product,strict,joint_basin,singleton_fraction,0.4401373174672764,0.07168808627317114,0.007168808627317114,0.42779176010904635,0.4524034029335988
0.5,1500,shuffled,loose,boundary_v2_regime_sequence,viable_propagation_index,0.7753232967938495,0.03350846472819275,0.0033508464728192753,0.7695379253290863,0.7815516748823456
0.5,1500,shuffled,loose,boundary_v2_regime_sequence,component_B_preservation,1.0,0.0,0.0,1.0,1.0
0.5,1500,shuffled,loose,boundary_v2_regime_sequence,singleton_fraction,0.22155132716272793,0.033687682210156146,0.0033687682210156145,0.21457237850007063,0.22837778508456816
0.5,1500,shuffled,loose,center_of_mass,viable_propagation_index,0.19293350426801317,0.007882387245662287,0.0007882387245662287,0.19150188004896518,0.19430120023471323
0.5,1500,shuffled,loose,center_of_mass,component_B_preservation,0.7158057397801443,0.008898527022385172,0.0008898527022385171,0.714153561620734,0.7176856246590181
0.5,1500,shuffled,loose,center_of_mass,singleton_fraction,0.4381433182639596,0.017211090524876106,0.0017211090524876106,0.43520225987906264,0.4413502438884046
0.5,1500,shuffled,loose,joint_basin,viable_propagation_index,0.575961824208735,0.06537794017786537,0.006537794017786537,0.5641057803800392,0.5877620651895195
0.5,1500,shuffled,loose,joint_basin,component_B_preservation,1.0,0.0,0.0,1.0,1.0
0.5,1500,shuffled,loose,joint_basin,singleton_fraction,0.42188584354547515,0.06561304561848119,0.006561304561848119,0.4076311188907859,0.43424276933516986
0.5,1500,shuffled,main,boundary_v2_regime_sequence,viable_propagation_index,0.7720659634920498,0.033587986773922246,0.0033587986773922244,0.7657811800098664,0.7791142109465191
0.5,1500,shuffled,main,boundary_v2_regime_sequence,component_B_preservation,1.0,0.0,0.0,1.0,1.0
0.5,1500,shuffled,main,boundary_v2_regime_sequence,singleton_fraction,0.22155132716272793,0.033687682210156146,0.0033687682210156145,0.2150691803803253,0.2283721308885375
0.5,1500,shuffled,main,center_of_mass,viable_propagation_index,0.19125489175277444,0.007913939902951618,0.0007913939902951618,0.18965879485929713,0.19279948563723445
0.5,1500,shuffled,main,center_of_mass,component_B_preservation,0.7158057397801443,0.008898527022385172,0.0008898527022385171,0.7140585729964762,0.7176902547628174
0.5,1500,shuffled,main,center_of_mass,singleton_fraction,0.4381433182639596,0.017211090524876106,0.0017211090524876106,0.43486117824874304,0.4416102674440109
0.5,1500,shuffled,main,joint_basin,viable_propagation_index,0.574486345078672,0.06523864442903364,0.006523864442903364,0.5615249340608169,0.588526451910027
0.5,1500,shuffled,main,joint_basin,component_B_preservation,1.0,0.0,0.0,1.0,1.0
0.5,1500,shuffled,main,joint_basin,singleton_fraction,0.42188584354547515,0.06561304561848119,0.006561304561848119,0.4105885858575835,0.4343044321095554
0.5,1500,shuffled,strict,boundary_v2_regime_sequence,viable_propagation_index,0.7710027430064601,0.033716572449684776,0.0033716572449684775,0.7643060255866698,0.7767452956103016
0.5,1500,shuffled,strict,boundary_v2_regime_sequence,component_B_preservation,1.0,0.0,0.0,1.0,1.0
0.5,1500,shuffled,strict,boundary_v2_regime_sequence,singleton_fraction,0.22155132716272793,0.033687682210156146,0.0033687682210156145,0.21518489808826421,0.22854102083686031
0.5,1500,shuffled,strict,center_of_mass,viable_propagation_index,0.18789895537768342,0.00794345823835497,0.000794345823835497,0.1864860226447526,0.18947240991458594
0.5,1500,shuffled,strict,center_of_mass,component_B_preservation,0.7158057397801443,0.008898527022385172,0.0008898527022385171,0.7140413979866208,0.7176833024401921
0.5,1500,shuffled,strict,center_of_mass,singleton_fraction,0.4381433182639596,0.017211090524876106,0.0017211090524876106,0.4347589258971915,0.441533237682598
0.5,1500,shuffled,strict,joint_basin,viable_propagation_index,0.5719611435229432,0.06512554045986618,0.006512554045986618,0.5591976643432213,0.5817653431414838
0.5,1500,shuffled,strict,joint_basin,component_B_preservation,1.0,0.0,0.0,1.0,1.0
0.5,1500,shuffled,strict,joint_basin,singleton_fraction,0.42188584354547515,0.06561304561848119,0.006561304561848119,0.40785934841225224,0.43479343845439833
0.5,2400,coupled,loose,boundary_v2_regime_sequence,viable_propagation_index,0.7282434345893674,0.11578987448296953,0.011578987448296952,0.7059837223950229,0.7507951802338987
0.5,2400,coupled,loose,boundary_v2_regime_sequence,component_B_preservation,1.0,0.0,0.0,1.0,1.0
0.5,2400,coupled,loose,boundary_v2_regime_sequence,singleton_fraction,0.26984867909867905,0.11585911688022103,0.011585911688022104,0.24645791292041294,0.29225812798312795
0.5,2400,coupled,loose,center_of_mass,viable_propagation_index,0.26680538402597237,0.008493636540993353,0.0008493636540993354,0.2651281879829425,0.2682806877898642
0.5,2400,coupled,loose,center_of_mass,component_B_preservation,0.7476413579091187,0.007522643209490036,0.0007522643209490036,0.7462379165983244,0.749031132633216
0.5,2400,coupled,loose,center_of_mass,singleton_fraction,0.48508318261018846,0.015851173755519577,0.0015851173755519576,0.4819249221968948,0.4882515841443122
0.5,2400,coupled,loose,joint_basin,viable_propagation_index,0.4316012524276083,0.019109429680129724,0.0019109429680129724,0.4279695536710386,0.43568868173863523
0.5,2400,coupled,loose,joint_basin,component_B_preservation,0.9545400527532455,0.008511754188976378,0.0008511754188976377,0.9530539366282016,0.9561809679136227
0.5,2400,coupled,loose,joint_basin,singleton_fraction,0.5440216957070638,0.019184624896500278,0.0019184624896500277,0.5407274081092539,0.5474767215275418
0.5,2400,coupled,main,boundary_v2_regime_sequence,viable_propagation_index,0.72671065717253,0.11570553025513308,0.011570553025513308,0.7059398573897888,0.7508923489229519
0.5,2400,coupled,main,boundary_v2_regime_sequence,component_B_preservation,1.0,0.0,0.0,1.0,1.0
0.5,2400,coupled,main,boundary_v2_regime_sequence,singleton_fraction,0.26984867909867905,0.11585911688022103,0.011585911688022104,0.24622909312909314,0.2903100066600066
0.5,2400,coupled,main,center_of_mass,viable_propagation_index,0.2652618169419909,0.008420930521516028,0.0008420930521516028,0.2633997644491772,0.26670780322290233
0.5,2400,coupled,main,center_of_mass,component_B_preservation,0.7476413579091187,0.007522643209490036,0.0007522643209490036,0.7462210035191945,0.7490199201107857
0.5,2400,coupled,main,center_of_mass,singleton_fraction,0.48508318261018846,0.015851173755519577,0.0015851173755519576,0.4818432295426342,0.4883016315042145
0.5,2400,coupled,main,joint_basin,viable_propagation_index,0.42964419566208717,0.018965062894373483,0.0018965062894373483,0.4264649562463741,0.4330080242929941
0.5,2400,coupled,main,joint_basin,component_B_preservation,0.9545400527532455,0.008511754188976378,0.0008511754188976377,0.9531586098345155,0.956263838700623
0.5,2400,coupled,main,joint_basin,singleton_fraction,0.5440216957070638,0.019184624896500278,0.0019184624896500277,0.5405342355014787,0.5479408580384516
0.5,2400,coupled,strict,boundary_v2_regime_sequence,viable_propagation_index,0.7190470709856918,0.11417052534631292,0.011417052534631291,0.6959976092041179,0.7424927829594657
0.5,2400,coupled,strict,boundary_v2_regime_sequence,component_B_preservation,1.0,0.0,0.0,1.0,1.0
0.5,2400,coupled,strict,boundary_v2_regime_sequence,singleton_fraction,0.26984867909867905,0.11585911688022103,0.011585911688022104,0.24941925088800088,0.2941383491508491
0.5,2400,coupled,strict,center_of_mass,viable_propagation_index,0.2622361311481207,0.008449667077952088,0.0008449667077952089,0.26077384739515064,0.26406443883125885
0.5,2400,coupled,strict,center_of_mass,component_B_preservation,0.7476413579091187,0.007522643209490036,0.0007522643209490036,0.745980189389032,0.7490316797713141
0.5,2400,coupled,strict,center_of_mass,singleton_fraction,0.48508318261018846,0.015851173755519577,0.0015851173755519576,0.48246855495987606,0.4884756829095939
0.5,2400,coupled,strict,joint_basin,viable_propagation_index,0.4280414668374746,0.018898803314811204,0.0018898803314811204,0.42404513966623353,0.43147998353078504
0.5,2400,coupled,strict,joint_basin,component_B_preservation,0.9545400527532455,0.008511754188976378,0.0008511754188976377,0.9528509800754901,0.9560516729278428
0.5,2400,coupled,strict,joint_basin,singleton_fraction,0.5440216957070638,0.019184624896500278,0.0019184624896500277,0.5403716184471239,0.5480159872430733
0.5,2400,independent_alpha0,loose,boundary_v2_regime_sequence,viable_propagation_index,0.8027532778557734,0.03307280766766338,0.003307280766766338,0.796336029155195,0.8090020988833788
0.5,2400,independent_alpha0,loose,boundary_v2_regime_sequence,component_B_preservation,1.0,0.0,0.0,1.0,1.0
0.5,2400,independent_alpha0,loose,boundary_v2_regime_sequence,singleton_fraction,0.19547360463983982,0.033070844938809914,0.0033070844938809913,0.18854055557305158,0.2013137948065816
0.5,2400,independent_alpha0,loose,center_of_mass,viable_propagation_index,0.18523340376653918,0.006940911733556132,0.0006940911733556132,0.18401092136887545,0.18666729096563373
0.5,2400,independent_alpha0,loose,center_of_mass,component_B_preservation,0.7221004842364367,0.008645735346719856,0.0008645735346719856,0.7206528490669822,0.723715498808106
0.5,2400,independent_alpha0,loose,center_of_mass,singleton_fraction,0.47094222835066707,0.015362349965195038,0.0015362349965195037,0.4677068044206297,0.4739253633270483
0.5,2400,independent_alpha0,loose,joint_basin,viable_propagation_index,0.5703871511685839,0.08082404764815905,0.008082404764815905,0.5552854947809939,0.5866164202191742
0.5,2400,independent_alpha0,loose,joint_basin,component_B_preservation,1.0,0.0,0.0,1.0,1.0
0.5,2400,independent_alpha0,loose,joint_basin,singleton_fraction,0.42714557384001933,0.08115262387525468,0.008115262387525468,0.4110888920192947,0.4438813462453351
0.5,2400,independent_alpha0,main,boundary_v2_regime_sequence,viable_propagation_index,0.8012440577184714,0.03302734417025898,0.003302734417025898,0.7955933820847704,0.8076786233909504
0.5,2400,independent_alpha0,main,boundary_v2_regime_sequence,component_B_preservation,1.0,0.0,0.0,1.0,1.0
0.5,2400,independent_alpha0,main,boundary_v2_regime_sequence,singleton_fraction,0.19547360463983982,0.033070844938809914,0.0033070844938809913,0.18897296726245597,0.2012910587821998
0.5,2400,independent_alpha0,main,center_of_mass,viable_propagation_index,0.1832220759035348,0.007017270097087119,0.0007017270097087119,0.18176994365561305,0.18455878095246261
0.5,2400,independent_alpha0,main,center_of_mass,component_B_preservation,0.7221004842364367,0.008645735346719856,0.0008645735346719856,0.7204578355740185,0.7238291151055728
0.5,2400,independent_alpha0,main,center_of_mass,singleton_fraction,0.47094222835066707,0.015362349965195038,0.0015362349965195037,0.4683203039534793,0.47365389485320186
0.5,2400,independent_alpha0,main,joint_basin,viable_propagation_index,0.5678227930579111,0.08049325373269464,0.008049325373269463,0.5540703454816898,0.5845428544842389
0.5,2400,independent_alpha0,main,joint_basin,component_B_preservation,1.0,0.0,0.0,1.0,1.0
0.5,2400,independent_alpha0,main,joint_basin,singleton_fraction,0.42714557384001933,0.08115262387525468,0.008115262387525468,0.4119266116394724,0.44284655523556926
0.5,2400,independent_alpha0,strict,boundary_v2_regime_sequence,viable_propagation_index,0.7993928149084181,0.03281662114282317,0.0032816621142823165,0.7929065595874958,0.806191989658521
0.5,2400,independent_alpha0,strict,boundary_v2_regime_sequence,component_B_preservation,1.0,0.0,0.0,1.0,1.0
0.5,2400,independent_alpha0,strict,boundary_v2_regime_sequence,singleton_fraction,0.19547360463983982,0.033070844938809914,0.0033070844938809913,0.1883915070637124,0.2019246089683598
0.5,2400,independent_alpha0,strict,center_of_mass,viable_propagation_index,0.17919590377217964,0.00692392409710604,0.000692392409710604,0.17792168454237156,0.18049952288354654
0.5,2400,independent_alpha0,strict,center_of_mass,component_B_preservation,0.7221004842364367,0.008645735346719856,0.0008645735346719856,0.7204831483860693,0.7238191132355002
0.5,2400,independent_alpha0,strict,center_of_mass,singleton_fraction,0.47094222835066707,0.015362349965195038,0.0015362349965195037,0.4680568211511507,0.4739268617304009
0.5,2400,independent_alpha0,strict,joint_basin,viable_propagation_index,0.5640413029915925,0.07983570099460634,0.007983570099460633,0.5476153304154291,0.578886343958191
0.5,2400,independent_alpha0,strict,joint_basin,component_B_preservation,1.0,0.0,0.0,1.0,1.0
0.5,2400,independent_alpha0,strict,joint_basin,singleton_fraction,0.42714557384001933,0.08115262387525468,0.008115262387525468,0.4115598102822946,0.4428789884910822
0.5,2400,product,loose,boundary_v2_regime_sequence,viable_propagation_index,0.7956497599175294,0.029249829737394234,0.0029249829737394233,0.7898841793622713,0.8007094563242831
0.5,2400,product,loose,boundary_v2_regime_sequence,component_B_preservation,1.0,0.0,0.0,1.0,1.0
0.5,2400,product,loose,boundary_v2_regime_sequence,singleton_fraction,0.20260691375025552,0.029360555488798887,0.0029360555488798885,0.19709533123361012,0.20846526182933117
0.5,2400,product,loose,center_of_mass,viable_propagation_index,0.18477352163105867,0.007053109419400168,0.0007053109419400169,0.18343012784264573,0.1861172170679918
0.5,2400,product,loose,center_of_mass,component_B_preservation,0.7198245786443419,0.006524399769619762,0.0006524399769619763,0.7185626335380942,0.7212753388611359
0.5,2400,product,loose,center_of_mass,singleton_fraction,0.47001421035742275,0.01728502701063967,0.0017285027010639671,0.46677712562472057,0.4729652787350921
0.5,2400,product,loose,joint_basin,viable_propagation_index,0.5879239269439585,0.07828932272681242,0.007828932272681242,0.5735490515623013,0.6039336612005811
0.5,2400,product,loose,joint_basin,component_B_preservation,1.0,0.0,0.0,1.0,1.0
0.5,2400,product,loose,joint_basin,singleton_fraction,0.4095629315204848,0.07858248872103288,0.007858248872103287,0.3950944812236823,0.4244165651452719
0.5,2400,product,main,boundary_v2_regime_sequence,viable_propagation_index,0.7941735214755505,0.029277505556313747,0.002927750555631375,0.7894809878952929,0.7997454164004546
0.5,2400,product,main,boundary_v2_regime_sequence,component_B_preservation,1.0,0.0,0.0,1.0,1.0
0.5,2400,product,main,boundary_v2_regime_sequence,singleton_fraction,0.20260691375025552,0.029360555488798887,0.0029360555488798885,0.19728050086831733,0.20868977841563616
0.5,2400,product,main,center_of_mass,viable_propagation_index,0.1827441613916803,0.006985956330333168,0.0006985956330333167,0.1814480804061803,0.18410700377784975
0.5,2400,product,main,center_of_mass,component_B_preservation,0.7198245786443419,0.006524399769619762,0.0006524399769619763,0.7184610220934274,0.7210271269787798
0.5,2400,product,main,center_of_mass,singleton_fraction,0.47001421035742275,0.01728502701063967,0.0017285027010639671,0.46624787713354326,0.47350333679752155
0.5,2400,product,main,joint_basin,viable_propagation_index,0.5854034543625132,0.07799739300446572,0.007799739300446572,0.5719202406083865,0.5991644511414491
0.5,2400,product,main,joint_basin,component_B_preservation,1.0,0.0,0.0,1.0,1.0
0.5,2400,product,main,joint_basin,singleton_fraction,0.4095629315204848,0.07858248872103288,0.007858248872103287,0.39483679986409487,0.4266937879283861
0.5,2400,product,strict,boundary_v2_regime_sequence,viable_propagation_index,0.7923276380530466,0.029263367417137556,0.0029263367417137554,0.7874147910199593,0.7983837961175845
0.5,2400,product,strict,boundary_v2_regime_sequence,component_B_preservation,1.0,0.0,0.0,1.0,1.0
0.5,2400,product,strict,boundary_v2_regime_sequence,singleton_fraction,0.20260691375025552,0.029360555488798887,0.0029360555488798885,0.1968164539137133,0.2091255360831012
0.5,2400,product,strict,center_of_mass,viable_propagation_index,0.1788761380746087,0.006908470688021155,0.0006908470688021154,0.17757744430927047,0.18007080345036683
0.5,2400,product,strict,center_of_mass,component_B_preservation,0.7198245786443419,0.006524399769619762,0.0006524399769619763,0.7185391949985009,0.7211038079607778
0.5,2400,product,strict,center_of_mass,singleton_fraction,0.47001421035742275,0.01728502701063967,0.0017285027010639671,0.46680829373279953,0.4730787569642043
0.5,2400,product,strict,joint_basin,viable_propagation_index,0.5811073491539611,0.07729471128316699,0.007729471128316699,0.5637339045620011,0.5946812111581861
0.5,2400,product,strict,joint_basin,component_B_preservation,1.0,0.0,0.0,1.0,1.0
0.5,2400,product,strict,joint_basin,singleton_fraction,0.4095629315204848,0.07858248872103288,0.007858248872103287,0.3933067251561944,0.4241696552003598
0.5,2400,shuffled,loose,boundary_v2_regime_sequence,viable_propagation_index,0.8008365048379353,0.03481189361465629,0.0034811893614656287,0.7942748254372176,0.807056844324592
0.5,2400,shuffled,loose,boundary_v2_regime_sequence,component_B_preservation,1.0,0.0,0.0,1.0,1.0
0.5,2400,shuffled,loose,boundary_v2_regime_sequence,singleton_fraction,0.19757932679856885,0.034777907476280706,0.0034777907476280707,0.1910274336361431,0.20502742218208164
0.5,2400,shuffled,loose,center_of_mass,viable_propagation_index,0.1846373622357088,0.006824231425692055,0.0006824231425692055,0.1834076966485767,0.18573985583793687
0.5,2400,shuffled,loose,center_of_mass,component_B_preservation,0.7216253870510283,0.008290654481270534,0.0008290654481270534,0.7198164787655076,0.722987378541869
0.5,2400,shuffled,loose,center_of_mass,singleton_fraction,0.4716323342487774,0.01603054059424322,0.001603054059424322,0.46907332560141995,0.475012386893385
0.5,2400,shuffled,loose,joint_basin,viable_propagation_index,0.5992976381304809,0.07859298525736312,0.007859298525736313,0.5833989434297475,0.6138727261694841
0.5,2400,shuffled,loose,joint_basin,component_B_preservation,1.0,0.0,0.0,1.0,1.0
0.5,2400,shuffled,loose,joint_basin,singleton_fraction,0.39813004849113925,0.0789773541744982,0.007897735417449819,0.383287045937539,0.4114646435694325
0.5,2400,shuffled,main,boundary_v2_regime_sequence,viable_propagation_index,0.7990545824594639,0.03472491596886177,0.003472491596886177,0.7920150808258921,0.806778211683239
0.5,2400,shuffled,main,boundary_v2_regime_sequence,component_B_preservation,1.0,0.0,0.0,1.0,1.0
0.5,2400,shuffled,main,boundary_v2_regime_sequence,singleton_fraction,0.19757932679856885,0.034777907476280706,0.0034777907476280707,0.19061162802109224,0.2034018624567365
0.5,2400,shuffled,main,center_of_mass,viable_propagation_index,0.18256123016671913,0.0067380023274474996,0.0006738002327447499,0.18126395839937687,0.18379558001760535
0.5,2400,shuffled,main,center_of_mass,component_B_preservation,0.7216253870510283,0.008290654481270534,0.0008290654481270534,0.7199280120102021,0.7231851448288789
0.5,2400,shuffled,main,center_of_mass,singleton_fraction,0.4716323342487774,0.01603054059424322,0.001603054059424322,0.4691515783038653,0.47439999647498365
0.5,2400,shuffled,main,joint_basin,viable_propagation_index,0.5965891736954143,0.0780201764508975,0.0078020176450897495,0.5815116846223626,0.6103436295888993
0.5,2400,shuffled,main,joint_basin,component_B_preservation,1.0,0.0,0.0,1.0,1.0
0.5,2400,shuffled,main,joint_basin,singleton_fraction,0.39813004849113925,0.0789773541744982,0.007897735417449819,0.3827001991806976,0.4151302083922015
0.5,2400,shuffled,strict,boundary_v2_regime_sequence,viable_propagation_index,0.79768619864698,0.03442678310032636,0.003442678310032636,0.7907826458198526,0.804595593579681
0.5,2400,shuffled,strict,boundary_v2_regime_sequence,component_B_preservation,1.0,0.0,0.0,1.0,1.0
0.5,2400,shuffled,strict,boundary_v2_regime_sequence,singleton_fraction,0.19757932679856885,0.034777907476280706,0.0034777907476280707,0.1897864394963585,0.20531146820598264
0.5,2400,shuffled,strict,center_of_mass,viable_propagation_index,0.1789132357481143,0.006598573929545652,0.0006598573929545652,0.17785211305823478,0.18028162380299648
0.5,2400,shuffled,strict,center_of_mass,component_B_preservation,0.7216253870510283,0.008290654481270534,0.0008290654481270534,0.7200542571083389,0.7233211214096361
0.5,2400,shuffled,strict,center_of_mass,singleton_fraction,0.4716323342487774,0.01603054059424322,0.001603054059424322,0.4686229215488649,0.4744582170356487
0.5,2400,shuffled,strict,joint_basin,viable_propagation_index,0.5924216275520132,0.07742369842746136,0.007742369842746136,0.5775735024778745,0.6093643384676133
0.5,2400,shuffled,strict,joint_basin,component_B_preservation,1.0,0.0,0.0,1.0,1.0
0.5,2400,shuffled,strict,joint_basin,singleton_fraction,0.39813004849113925,0.0789773541744982,0.007897735417449819,0.38403636410586744,0.4141518860063525
0.525,900,coupled,loose,boundary_v2_regime_sequence,viable_propagation_index,0.6204068963295236,0.10276919964153364,0.010276919964153364,0.5999210973323632,0.6385272405437578
0.525,900,coupled,loose,boundary_v2_regime_sequence,component_B_preservation,1.0,0.0,0.0,1.0,1.0
0.525,900,coupled,loose,boundary_v2_regime_sequence,singleton_fraction,0.3763956328329393,0.10315789589085646,0.010315789589085645,0.35434297285209626,0.3975144532991088
0.525,900,coupled,loose,center_of_mass,viable_propagation_index,0.2497095345227875,0.01034264989985732,0.0010342649899857319,0.24777094267311978,0.25190739239287857
0.525,900,coupled,loose,center_of_mass,component_B_preservation,0.838033682057352,0.009079260535066724,0.0009079260535066724,0.8362087913769806,0.8395652532362654
0.525,900,coupled,loose,center_of_mass,singleton_fraction,0.43097223854410366,0.01919356196555605,0.001919356196555605,0.4276433339318081,0.43449387873110523
0.525,900,coupled,loose,joint_basin,viable_propagation_index,0.5176673377848254,0.024183282728432898,0.0024183282728432896,0.5130677123755596,0.5223278019802705
0.525,900,coupled,loose,joint_basin,component_B_preservation,1.0,0.0,0.0,1.0,1.0
0.525,900,coupled,loose,joint_basin,singleton_fraction,0.47838697438903016,0.024415391791350452,0.0024415391791350453,0.47413132368091876,0.48290918948874323
0.525,900,coupled,main,boundary_v2_regime_sequence,viable_propagation_index,0.6186273416040882,0.10253919361817314,0.010253919361817314,0.598229242751111,0.6352134240541201
0.525,900,coupled,main,boundary_v2_regime_sequence,component_B_preservation,1.0,0.0,0.0,1.0,1.0
0.525,900,coupled,main,boundary_v2_regime_sequence,singleton_fraction,0.3763956328329393,0.10315789589085646,0.010315789589085645,0.35833519376113226,0.39756251774004286
0.525,900,coupled,main,center_of_mass,viable_propagation_index,0.24854819184748994,0.01030766117113299,0.0010307661171132991,0.24633029570654302,0.25058848452616916
0.525,900,coupled,main,center_of_mass,component_B_preservation,0.838033682057352,0.009079260535066724,0.0009079260535066724,0.8364242814439129,0.8397839762485846
0.525,900,coupled,main,center_of_mass,singleton_fraction,0.43097223854410366,0.01919356196555605,0.001919356196555605,0.42716611542589455,0.43469242734952834
0.525,900,coupled,main,joint_basin,viable_propagation_index,0.5129740413594387,0.024001066817121386,0.0024001066817121385,0.5084738883833427,0.5171587502012616
0.525,900,coupled,main,joint_basin,component_B_preservation,1.0,0.0,0.0,1.0,1.0
0.525,900,coupled,main,joint_basin,singleton_fraction,0.47838697438903016,0.024415391791350452,0.0024415391791350453,0.4732367274419526,0.48357274066989
0.525,900,coupled,strict,boundary_v2_regime_sequence,viable_propagation_index,0.6180105199372128,0.1025017590260759,0.01025017590260759,0.5982034048708317,0.6387113985984124
0.525,900,coupled,strict,boundary_v2_regime_sequence,component_B_preservation,1.0,0.0,0.0,1.0,1.0
0.525,900,coupled,strict,boundary_v2_regime_sequence,singleton_fraction,0.3763956328329393,0.10315789589085646,0.010315789589085645,0.3559322654340843,0.39558160082091964
0.525,900,coupled,strict,center_of_mass,viable_propagation_index,0.24762124457780335,0.010410979432054391,0.001041097943205439,0.24530453982500222,0.24950597415771453
0.525,900,coupled,strict,center_of_mass,component_B_preservation,0.838033682057352,0.009079260535066724,0.0009079260535066724,0.8364113160227045,0.8398947279774943
0.525,900,coupled,strict,center_of_mass,singleton_fraction,0.43097223854410366,0.01919356196555605,0.001919356196555605,0.42731350099940263,0.43449738312919695
0.525,900,coupled,strict,joint_basin,viable_propagation_index,0.5062756605920867,0.02433477696901142,0.0024334776969011417,0.5016891085245054,0.5107813596453665
0.525,900,coupled,strict,joint_basin,component_B_preservation,1.0,0.0,0.0,1.0,1.0
0.525,900,coupled,strict,joint_basin,singleton_fraction,0.47838697438903016,0.024415391791350452,0.0024415391791350453,0.4742234061505307,0.4826153199329236
0.525,900,independent_alpha0,loose,boundary_v2_regime_sequence,viable_propagation_index,0.7441437819331351,0.03512596910060783,0.0035125969100607826,0.7368953221855836,0.7503300952445645
0.525,900,independent_alpha0,loose,boundary_v2_regime_sequence,component_B_preservation,1.0,0.0,0.0,1.0,1.0
0.525,900,independent_alpha0,loose,boundary_v2_regime_sequence,singleton_fraction,0.2522179003926454,0.03510460379847744,0.0035104603798477444,0.24547974778578374,0.2595498645757899
0.525,900,independent_alpha0,loose,center_of_mass,viable_propagation_index,0.19072605057471034,0.007476421177378922,0.0007476421177378922,0.18927645071899446,0.19226381732001205
0.525,900,independent_alpha0,loose,center_of_mass,component_B_preservation,0.7153877207383155,0.00917674082755838,0.000917674082755838,0.7136435659244894,0.7177072216372469
0.525,900,independent_alpha0,loose,center_of_mass,singleton_fraction,0.4219413350122967,0.019552109606382737,0.0019552109606382735,0.41834912948279696,0.42575817190589643
0.525,900,independent_alpha0,loose,joint_basin,viable_propagation_index,0.5280244272185265,0.05384102734208466,0.005384102734208466,0.517422257931284,0.5397167352402458
0.525,900,independent_alpha0,loose,joint_basin,component_B_preservation,1.0,0.0,0.0,1.0,1.0
0.525,900,independent_alpha0,loose,joint_basin,singleton_fraction,0.4697184778695271,0.05409555529486623,0.005409555529486623,0.45948880292074323,0.4799656477214888
0.525,900,independent_alpha0,main,boundary_v2_regime_sequence,viable_propagation_index,0.7418909606606874,0.0349266276162551,0.0034926627616255097,0.7357955376812498,0.7497106058448593
0.525,900,independent_alpha0,main,boundary_v2_regime_sequence,component_B_preservation,1.0,0.0,0.0,1.0,1.0
0.525,900,independent_alpha0,main,boundary_v2_regime_sequence,singleton_fraction,0.2522179003926454,0.03510460379847744,0.0035104603798477444,0.24509146603561136,0.2586846014468773
0.525,900,independent_alpha0,main,center_of_mass,viable_propagation_index,0.18925960879633102,0.007471586074525414,0.0007471586074525414,0.18788059409568575,0.19077203197852757
0.525,900,independent_alpha0,main,center_of_mass,component_B_preservation,0.7153877207383155,0.00917674082755838,0.000917674082755838,0.7134616256066243,0.7172567984127223
0.525,900,independent_alpha0,main,center_of_mass,singleton_fraction,0.4219413350122967,0.019552109606382737,0.0019552109606382735,0.4180638838177076,0.42574178400353135
0.525,900,independent_alpha0,main,joint_basin,viable_propagation_index,0.5267559718434516,0.05364044292703763,0.005364044292703763,0.5177905666153114,0.5361644027461703
0.525,900,independent_alpha0,main,joint_basin,component_B_preservation,1.0,0.0,0.0,1.0,1.0
0.525,900,independent_alpha0,main,joint_basin,singleton_fraction,0.4697184778695271,0.05409555529486623,0.005409555529486623,0.45943480829858896,0.47956118131280134
0.525,900,independent_alpha0,strict,boundary_v2_regime_sequence,viable_propagation_index,0.7359152824492452,0.03502082063334735,0.0035020820633347347,0.7289875677286005,0.7418382399492405
0.525,900,independent_alpha0,strict,boundary_v2_regime_sequence,component_B_preservation,1.0,0.0,0.0,1.0,1.0
0.525,900,independent_alpha0,strict,boundary_v2_regime_sequence,singleton_fraction,0.2522179003926454,0.03510460379847744,0.0035104603798477444,0.24491383837839814,0.2580989605547869
0.525,900,independent_alpha0,strict,center_of_mass,viable_propagation_index,0.18616502393139342,0.007347628856906807,0.0007347628856906807,0.18495257880038599,0.1875527986258737
0.525,900,independent_alpha0,strict,center_of_mass,component_B_preservation,0.7153877207383155,0.00917674082755838,0.000917674082755838,0.7137050462522009,0.717061601383499
0.525,900,independent_alpha0,strict,center_of_mass,singleton_fraction,0.4219413350122967,0.019552109606382737,0.0019552109606382735,0.4178991353880991,0.4257536012568221
0.525,900,independent_alpha0,strict,joint_basin,viable_propagation_index,0.5256542204888501,0.05349758776316956,0.0053497587763169565,0.5160013278555631,0.5365044003112377
0.525,900,independent_alpha0,strict,joint_basin,component_B_preservation,1.0,0.0,0.0,1.0,1.0
0.525,900,independent_alpha0,strict,joint_basin,singleton_fraction,0.4697184778695271,0.05409555529486623,0.005409555529486623,0.45847997488391656,0.4808076501244765
0.525,900,product,loose,boundary_v2_regime_sequence,viable_propagation_index,0.7357437302568216,0.03810043966005069,0.003810043966005069,0.7278652310550293,0.7428751608087811
0.525,900,product,loose,boundary_v2_regime_sequence,component_B_preservation,1.0,0.0,0.0,1.0,1.0
0.525,900,product,loose,boundary_v2_regime_sequence,singleton_fraction,0.26081773252714613,0.03809503155815045,0.003809503155815045,0.2544896893470303,0.2686270938643543
0.525,900,product,loose,center_of_mass,viable_propagation_index,0.189867583642181,0.008845397404679167,0.0008845397404679166,0.18804172571849617,0.19132604861570102
0.525,900,product,loose,center_of_mass,component_B_preservation,0.7160390779581902,0.010706394956434287,0.0010706394956434286,0.7141976199272636,0.717846593615506
0.525,900,product,loose,center_of_mass,singleton_fraction,0.42328712505667826,0.02090287008515615,0.002090287008515615,0.41923768094709757,0.4273823313521526
0.525,900,product,loose,joint_basin,viable_propagation_index,0.5342252180271467,0.061506064901289036,0.006150606490128904,0.5218838719060094,0.5451039772137604
0.525,900,product,loose,joint_basin,component_B_preservation,1.0,0.0,0.0,1.0,1.0
0.525,900,product,loose,joint_basin,singleton_fraction,0.46353214185623465,0.06163752642871639,0.0061637526428716385,0.4529086389523994,0.4773883060955374
0.525,900,product,main,boundary_v2_regime_sequence,viable_propagation_index,0.7332765731438576,0.03803330732125677,0.0038033307321256767,0.7260706318098121,0.7400453328493521
0.525,900,product,main,boundary_v2_regime_sequence,component_B_preservation,1.0,0.0,0.0,1.0,1.0
0.525,900,product,main,boundary_v2_regime_sequence,singleton_fraction,0.26081773252714613,0.03809503155815045,0.003809503155815045,0.25415408707107334,0.2675430143732205
0.525,900,product,main,center_of_mass,viable_propagation_index,0.1884213288124514,0.008789888468540842,0.0008789888468540843,0.1869087519222527,0.19033474722748187
0.525,900,product,main,center_of_mass,component_B_preservation,0.7160390779581902,0.010706394956434287,0.0010706394956434286,0.7140997600145805,0.7178989865953084
0.525,900,product,main,center_of_mass,singleton_fraction,0.42328712505667826,0.02090287008515615,0.002090287008515615,0.41895240197224115,0.42775300193716653
0.525,900,product,main,joint_basin,viable_propagation_index,0.5328385193877823,0.06126699430919539,0.006126699430919539,0.5220104561866572,0.5453228238571504
0.525,900,product,main,joint_basin,component_B_preservation,1.0,0.0,0.0,1.0,1.0
0.525,900,product,main,joint_basin,singleton_fraction,0.46353214185623465,0.06163752642871639,0.0061637526428716385,0.4507864848878544,0.4742563004493218
0.525,900,product,strict,boundary_v2_regime_sequence,viable_propagation_index,0.7268360713836138,0.037539324092808385,0.0037539324092808386,0.7200207382744365,0.7346735164533277
0.525,900,product,strict,boundary_v2_regime_sequence,component_B_preservation,1.0,0.0,0.0,1.0,1.0
0.525,900,product,strict,boundary_v2_regime_sequence,singleton_fraction,0.26081773252714613,0.03809503155815045,0.003809503155815045,0.2528983112850718,0.26769498814900905
0.525,900,product,strict,center_of_mass,viable_propagation_index,0.18527088577083248,0.008768364914767197,0.0008768364914767197,0.1836585683348922,0.186867112505126
0.525,900,product,strict,center_of_mass,component_B_preservation,0.7160390779581902,0.010706394956434287,0.0010706394956434286,0.7140699443728931,0.7182648384226613
0.525,900,product,strict,center_of_mass,singleton_fraction,0.42328712505667826,0.02090287008515615,0.002090287008515615,0.4191028963731842,0.4274088365822435
0.525,900,product,strict,joint_basin,viable_propagation_index,0.5315794576456535,0.06105864635867594,0.006105864635867594,0.5191906822954124,0.54195993503788
0.525,900,product,strict,joint_basin,component_B_preservation,1.0,0.0,0.0,1.0,1.0
0.525,900,product,strict,joint_basin,singleton_fraction,0.46353214185623465,0.06163752642871639,0.0061637526428716385,0.45246641146191563,0.47703039072221576
0.525,900,shuffled,loose,boundary_v2_regime_sequence,viable_propagation_index,0.7361483345518239,0.03884689990738297,0.003884689990738297,0.7289364144410816,0.7432689319484045
0.525,900,shuffled,loose,boundary_v2_regime_sequence,component_B_preservation,1.0,0.0,0.0,1.0,1.0
0.525,900,shuffled,loose,boundary_v2_regime_sequence,singleton_fraction,0.2603538016908021,0.038958171248165085,0.0038958171248165085,0.2533913048154154,0.2677092511558142
0.525,900,shuffled,loose,center_of_mass,viable_propagation_index,0.1927957977527557,0.00971998173672842,0.000971998173672842,0.19092289235493962,0.19487407754103225
0.525,900,shuffled,loose,center_of_mass,component_B_preservation,0.716397706006191,0.009652328195066798,0.0009652328195066798,0.7146995670239281,0.7181891539578836
0.525,900,shuffled,loose,center_of_mass,singleton_fraction,0.41945084662129245,0.022361473653683513,0.0022361473653683514,0.41493156678258447,0.42389324835117265
0.525,900,shuffled,loose,joint_basin,viable_propagation_index,0.5351678879865797,0.06305203130466012,0.006305203130466013,0.5234064169685075,0.5471846538814594
0.525,900,shuffled,loose,joint_basin,component_B_preservation,1.0,0.0,0.0,1.0,1.0
0.525,900,shuffled,loose,joint_basin,singleton_fraction,0.4625680652328806,0.06324443944643848,0.006324443944643848,0.4490788382836022,0.47506309163140004
0.525,900,shuffled,main,boundary_v2_regime_sequence,viable_propagation_index,0.7336372324215588,0.03867151833048381,0.003867151833048381,0.7264639077874969,0.74139640732867
0.525,900,shuffled,main,boundary_v2_regime_sequence,component_B_preservation,1.0,0.0,0.0,1.0,1.0
0.525,900,shuffled,main,boundary_v2_regime_sequence,singleton_fraction,0.2603538016908021,0.038958171248165085,0.0038958171248165085,0.25223908767919273,0.26736788819639906
0.525,900,shuffled,main,center_of_mass,viable_propagation_index,0.1912531535703227,0.009698066874069494,0.0009698066874069494,0.18933219711655683,0.1929025525437184
0.525,900,shuffled,main,center_of_mass,component_B_preservation,0.716397706006191,0.009652328195066798,0.0009652328195066798,0.7146399927024563,0.718179228592846
0.525,900,shuffled,main,center_of_mass,singleton_fraction,0.41945084662129245,0.022361473653683513,0.0022361473653683514,0.41544758509736585,0.42337751658129996
0.525,900,shuffled,main,joint_basin,viable_propagation_index,0.5339067456185143,0.06278339735933518,0.006278339735933518,0.5234417998308435,0.5459881578284399
0.525,900,shuffled,main,joint_basin,component_B_preservation,1.0,0.0,0.0,1.0,1.0
0.525,900,shuffled,main,joint_basin,singleton_fraction,0.4625680652328806,0.06324443944643848,0.006324443944643848,0.44901738629973553,0.4733570751562673
0.525,900,shuffled,strict,boundary_v2_regime_sequence,viable_propagation_index,0.7278944816390682,0.03874627882605846,0.003874627882605846,0.7206369420806683,0.7357383014735908
0.525,900,shuffled,strict,boundary_v2_regime_sequence,component_B_preservation,1.0,0.0,0.0,1.0,1.0
0.525,900,shuffled,strict,boundary_v2_regime_sequence,singleton_fraction,0.2603538016908021,0.038958171248165085,0.0038958171248165085,0.2521818468746839,0.2680755100467477
0.525,900,shuffled,strict,center_of_mass,viable_propagation_index,0.18803285056717126,0.009721527655216299,0.0009721527655216298,0.1860856342335643,0.18995425278400296
0.525,900,shuffled,strict,center_of_mass,component_B_preservation,0.716397706006191,0.009652328195066798,0.0009652328195066798,0.7145625284801337,0.717936376900418
0.525,900,shuffled,strict,center_of_mass,singleton_fraction,0.41945084662129245,0.022361473653683513,0.0022361473653683514,0.415470562718983,0.42345342844609896
0.525,900,shuffled,strict,joint_basin,viable_propagation_index,0.5325856142539276,0.06267795874373275,0.006267795874373275,0.5190360670010803,0.5438821734947716
0.525,900,shuffled,strict,joint_basin,component_B_preservation,1.0,0.0,0.0,1.0,1.0
0.525,900,shuffled,strict,joint_basin,singleton_fraction,0.4625680652328806,0.06324443944643848,0.006324443944643848,0.45012726235248046,0.47497825789970766
0.525,1500,coupled,loose,boundary_v2_regime_sequence,viable_propagation_index,0.6415248259205558,0.11593475147596397,0.011593475147596396,0.6194048018008977,0.6620426371586374
0.525,1500,coupled,loose,boundary_v2_regime_sequence,component_B_preservation,1.0,0.0,0.0,1.0,1.0
0.525,1500,coupled,loose,boundary_v2_regime_sequence,singleton_fraction,0.35616239316239323,0.11613051596241754,0.011613051596241753,0.33171652201964696,0.3762952589077589
0.525,1500,coupled,loose,center_of_mass,viable_propagation_index,0.27005853289207704,0.009703450709239702,0.0009703450709239702,0.26809035832938666,0.271950922474478
0.525,1500,coupled,loose,center_of_mass,component_B_preservation,0.8220628350750036,0.00862878306376951,0.000862878306376951,0.8204397933024863,0.8237214590383164
0.525,1500,coupled,loose,center_of_mass,singleton_fraction,0.45807347102900364,0.017471086142784576,0.0017471086142784576,0.4548266449930795,0.4614833092833568
0.525,1500,coupled,loose,joint_basin,viable_propagation_index,0.5097924619442723,0.01792843192518366,0.001792843192518366,0.5062107858710039,0.5130496644607675
0.525,1500,coupled,loose,joint_basin,component_B_preservation,0.9692957533672792,0.007381774840693674,0.0007381774840693674,0.9679240282777071,0.9706933276718211
0.525,1500,coupled,loose,joint_basin,singleton_fraction,0.47001454215385785,0.018294431065169776,0.0018294431065169776,0.4668667282632032,0.47353642316741534
0.525,1500,coupled,main,boundary_v2_regime_sequence,viable_propagation_index,0.6400316116625144,0.11561823488449692,0.011561823488449693,0.6159182810474101,0.6633309295095655
0.525,1500,coupled,main,boundary_v2_regime_sequence,component_B_preservation,1.0,0.0,0.0,1.0,1.0
0.525,1500,coupled,main,boundary_v2_regime_sequence,singleton_fraction,0.35616239316239323,0.11613051596241754,0.011613051596241753,0.33485374972249976,0.37567693244255745
0.525,1500,coupled,main,center_of_mass,viable_propagation_index,0.2689160907418228,0.009773567017021423,0.0009773567017021423,0.2670997843242406,0.2709298938144679
0.525,1500,coupled,main,center_of_mass,component_B_preservation,0.8220628350750036,0.00862878306376951,0.000862878306376951,0.8203733817535385,0.8236038061158433
0.525,1500,coupled,main,center_of_mass,singleton_fraction,0.45807347102900364,0.017471086142784576,0.0017471086142784576,0.4548059238637299,0.46185374163567516
0.525,1500,coupled,main,joint_basin,viable_propagation_index,0.5063881678498062,0.017660286341561863,0.0017660286341561863,0.5031315994038014,0.5096435574379363
0.525,1500,coupled,main,joint_basin,component_B_preservation,0.9692957533672792,0.007381774840693674,0.0007381774840693674,0.9680474724262647,0.9707159705015683
0.525,1500,coupled,main,joint_basin,singleton_fraction,0.47001454215385785,0.018294431065169776,0.0018294431065169776,0.46677348300389676,0.4739164732922757
0.525,1500,coupled,strict,boundary_v2_regime_sequence,viable_propagation_index,0.6384932038380371,0.1154247651842662,0.01154247651842662,0.616825683334154,0.6623779886402261
0.525,1500,coupled,strict,boundary_v2_regime_sequence,component_B_preservation,1.0,0.0,0.0,1.0,1.0
0.525,1500,coupled,strict,boundary_v2_regime_sequence,singleton_fraction,0.35616239316239323,0.11613051596241754,0.011613051596241753,0.3326021624209124,0.3822626432595182
0.525,1500,coupled,strict,center_of_mass,viable_propagation_index,0.26768468352845914,0.009793753493137748,0.0009793753493137747,0.26594681234429235,0.2694013954846777
0.525,1500,coupled,strict,center_of_mass,component_B_preservation,0.8220628350750036,0.00862878306376951,0.000862878306376951,0.8206466692449383,0.8238411089843727
0.525,1500,coupled,strict,center_of_mass,singleton_fraction,0.45807347102900364,0.017471086142784576,0.0017471086142784576,0.45511393500087943,0.4614796968948944
0.525,1500,coupled,strict,joint_basin,viable_propagation_index,0.5020187399050449,0.01772224893147192,0.001772224893147192,0.49860632252436055,0.5053649515981531
0.525,1500,coupled,strict,joint_basin,component_B_preservation,0.9692957533672792,0.007381774840693674,0.0007381774840693674,0.9679512163066493,0.9708291999494827
0.525,1500,coupled,strict,joint_basin,singleton_fraction,0.47001454215385785,0.018294431065169776,0.0018294431065169776,0.46638348703989946,0.473872785783072
0.525,1500,independent_alpha0,loose,boundary_v2_regime_sequence,viable_propagation_index,0.776045707194315,0.039849962768586066,0.0039849962768586066,0.7678201858779702,0.7838744509786812
0.525,1500,independent_alpha0,loose,boundary_v2_regime_sequence,component_B_preservation,1.0,0.0,0.0,1.0,1.0
0.525,1500,independent_alpha0,loose,boundary_v2_regime_sequence,singleton_fraction,0.2209831986929884,0.03994913438197491,0.0039949134381974906,0.21368342835950907,0.22804145031857762
0.525,1500,independent_alpha0,loose,center_of_mass,viable_propagation_index,0.19430927142003676,0.0069786587987406895,0.000697865879874069,0.19293193925112714,0.1956436924007548
0.525,1500,independent_alpha0,loose,center_of_mass,component_B_preservation,0.7165545147751453,0.008228286830680748,0.0008228286830680748,0.7150619202475291,0.7181037911711977
0.525,1500,independent_alpha0,loose,center_of_mass,singleton_fraction,0.4350879600720197,0.01794132401112558,0.001794132401112558,0.43155090016668174,0.4385231644894582
0.525,1500,independent_alpha0,loose,joint_basin,viable_propagation_index,0.5585333106566555,0.07643187095908642,0.007643187095908642,0.5443443799630512,0.5740232575349733
0.525,1500,independent_alpha0,loose,joint_basin,component_B_preservation,1.0,0.0,0.0,1.0,1.0
0.525,1500,independent_alpha0,loose,joint_basin,singleton_fraction,0.4393535774755047,0.07680879367475738,0.007680879367475737,0.42333372094854504,0.45519975138595836
0.525,1500,independent_alpha0,main,boundary_v2_regime_sequence,viable_propagation_index,0.7729940537257777,0.03982337655600465,0.003982337655600465,0.7657367872398109,0.78145195508834
0.525,1500,independent_alpha0,main,boundary_v2_regime_sequence,component_B_preservation,1.0,0.0,0.0,1.0,1.0
0.525,1500,independent_alpha0,main,boundary_v2_regime_sequence,singleton_fraction,0.2209831986929884,0.03994913438197491,0.0039949134381974906,0.21317696249243626,0.22934432641541344
0.525,1500,independent_alpha0,main,center_of_mass,viable_propagation_index,0.19280137309829948,0.006849055885531337,0.0006849055885531337,0.1913132620228839,0.19398557049715007
0.525,1500,independent_alpha0,main,center_of_mass,component_B_preservation,0.7165545147751453,0.008228286830680748,0.0008228286830680748,0.7151311112412844,0.7181902139055676
0.525,1500,independent_alpha0,main,center_of_mass,singleton_fraction,0.4350879600720197,0.01794132401112558,0.001794132401112558,0.43137609339453126,0.43843763263775354
0.525,1500,independent_alpha0,main,joint_basin,viable_propagation_index,0.5572557913880257,0.07637797685490257,0.0076377976854902566,0.5445626434152885,0.5739047975926792
0.525,1500,independent_alpha0,main,joint_basin,component_B_preservation,1.0,0.0,0.0,1.0,1.0
0.525,1500,independent_alpha0,main,joint_basin,singleton_fraction,0.4393535774755047,0.07680879367475738,0.007680879367475737,0.42208031967960863,0.45455990199453283
0.525,1500,independent_alpha0,strict,boundary_v2_regime_sequence,viable_propagation_index,0.7716675549277305,0.039843106643988324,0.003984310664398832,0.7647032788233376,0.779895327340255
0.525,1500,independent_alpha0,strict,boundary_v2_regime_sequence,component_B_preservation,1.0,0.0,0.0,1.0,1.0
0.525,1500,independent_alpha0,strict,boundary_v2_regime_sequence,singleton_fraction,0.2209831986929884,0.03994913438197491,0.0039949134381974906,0.21277666884879037,0.22909879511471223
0.525,1500,independent_alpha0,strict,center_of_mass,viable_propagation_index,0.18950102074504688,0.006963638103720139,0.0006963638103720138,0.1881223141276077,0.1908728564987628
0.525,1500,independent_alpha0,strict,center_of_mass,component_B_preservation,0.7165545147751453,0.008228286830680748,0.0008228286830680748,0.7149898605378897,0.718030464827486
0.525,1500,independent_alpha0,strict,center_of_mass,singleton_fraction,0.4350879600720197,0.01794132401112558,0.001794132401112558,0.4316293459229558,0.4383179394158483
0.525,1500,independent_alpha0,strict,joint_basin,viable_propagation_index,0.5549185243607586,0.07633459293062453,0.007633459293062453,0.540982838913273,0.5697548991381823
0.525,1500,independent_alpha0,strict,joint_basin,component_B_preservation,1.0,0.0,0.0,1.0,1.0
0.525,1500,independent_alpha0,strict,joint_basin,singleton_fraction,0.4393535774755047,0.07680879367475738,0.007680879367475737,0.42573462567339676,0.45348678688190763
0.525,1500,product,loose,boundary_v2_regime_sequence,viable_propagation_index,0.7730452211626079,0.03164711593896073,0.003164711593896073,0.766723229836421,0.7789791580803117
0.525,1500,product,loose,boundary_v2_regime_sequence,component_B_preservation,1.0,0.0,0.0,1.0,1.0
0.525,1500,product,loose,boundary_v2_regime_sequence,singleton_fraction,0.22391584593712657,0.03163325962501957,0.003163325962501957,0.21781662142679953,0.22982259379395156
0.525,1500,product,loose,center_of_mass,viable_propagation_index,0.1946586918625487,0.008395466401105224,0.0008395466401105225,0.19308684657056566,0.19624246955201935
0.525,1500,product,loose,center_of_mass,component_B_preservation,0.7164708869274163,0.008987706573743438,0.0008987706573743438,0.7146528437586226,0.7179412981808404
0.525,1500,product,loose,center_of_mass,singleton_fraction,0.43564825679975344,0.018053057713625618,0.0018053057713625618,0.4318756296981393,0.4390417455626352
0.525,1500,product,loose,joint_basin,viable_propagation_index,0.5630934681788304,0.07536520093316776,0.007536520093316776,0.5481792487137914,0.5767382401759742
0.525,1500,product,loose,joint_basin,component_B_preservation,1.0,0.0,0.0,1.0,1.0
0.525,1500,product,loose,joint_basin,singleton_fraction,0.4348865895591914,0.07563900146217988,0.0075639001462179875,0.4196465390934819,0.4502129284525752
0.525,1500,product,main,boundary_v2_regime_sequence,viable_propagation_index,0.7697402775624239,0.031383222139953384,0.0031383222139953386,0.7633542080277543,0.7763683528009659
0.525,1500,product,main,boundary_v2_regime_sequence,component_B_preservation,1.0,0.0,0.0,1.0,1.0
0.525,1500,product,main,boundary_v2_regime_sequence,singleton_fraction,0.22391584593712657,0.03163325962501957,0.003163325962501957,0.217822242497966,0.22991664639599252
0.525,1500,product,main,center_of_mass,viable_propagation_index,0.19303144806414874,0.008366339020389822,0.0008366339020389822,0.1913572210458552,0.19449740571927396
0.525,1500,product,main,center_of_mass,component_B_preservation,0.7164708869274163,0.008987706573743438,0.0008987706573743438,0.7146751145215584,0.7181351964748022
0.525,1500,product,main,center_of_mass,singleton_fraction,0.43564825679975344,0.018053057713625618,0.0018053057713625618,0.43222411253145304,0.4389708454609202
0.525,1500,product,main,joint_basin,viable_propagation_index,0.5615846481498875,0.0751065013286688,0.0075106501328668805,0.5463554956709193,0.5770150967061292
0.525,1500,product,main,joint_basin,component_B_preservation,1.0,0.0,0.0,1.0,1.0
0.525,1500,product,main,joint_basin,singleton_fraction,0.4348865895591914,0.07563900146217988,0.0075639001462179875,0.41968965517726037,0.4491315936310007
0.525,1500,product,strict,boundary_v2_regime_sequence,viable_propagation_index,0.7685141131492746,0.03146702733037193,0.0031467027330371934,0.7631696342435565,0.7755709736399097
0.525,1500,product,strict,boundary_v2_regime_sequence,component_B_preservation,1.0,0.0,0.0,1.0,1.0
0.525,1500,product,strict,boundary_v2_regime_sequence,singleton_fraction,0.22391584593712657,0.03163325962501957,0.003163325962501957,0.21708019880999302,0.22958184243600732
0.525,1500,product,strict,center_of_mass,viable_propagation_index,0.18969108250489242,0.008279267682922893,0.0008279267682922894,0.18784279491320946,0.19129555628517647
0.525,1500,product,strict,center_of_mass,component_B_preservation,0.7164708869274163,0.008987706573743438,0.0008987706573743438,0.7146229971798688,0.7180271782510593
0.525,1500,product,strict,center_of_mass,singleton_fraction,0.43564825679975344,0.018053057713625618,0.0018053057713625618,0.4323170444162382,0.43976918597522435
0.525,1500,product,strict,joint_basin,viable_propagation_index,0.5591452387849765,0.07488830965096055,0.007488830965096055,0.5445795546685512,0.573124813146116
0.525,1500,product,strict,joint_basin,component_B_preservation,1.0,0.0,0.0,1.0,1.0
0.525,1500,product,strict,joint_basin,singleton_fraction,0.4348865895591914,0.07563900146217988,0.0075639001462179875,0.42163830072618896,0.4488406136593265
0.525,1500,shuffled,loose,boundary_v2_regime_sequence,viable_propagation_index,0.7814433880144152,0.03397194981942102,0.003397194981942102,0.7754661424560982,0.7883108743218564
0.525,1500,shuffled,loose,boundary_v2_regime_sequence,component_B_preservation,1.0,0.0,0.0,1.0,1.0
0.525,1500,shuffled,loose,boundary_v2_regime_sequence,singleton_fraction,0.21581796377633208,0.0339515517115624,0.00339515517115624,0.20859337771423186,0.22207343168728144
0.525,1500,shuffled,loose,center_of_mass,viable_propagation_index,0.19423607704891555,0.008298808890785013,0.0008298808890785013,0.19253570696653863,0.19600880272918078
0.525,1500,shuffled,loose,center_of_mass,component_B_preservation,0.7169555760831853,0.008411164402769445,0.0008411164402769445,0.7152971700159946,0.7183805812272126
0.525,1500,shuffled,loose,center_of_mass,singleton_fraction,0.4349655439726679,0.019017929911411314,0.0019017929911411314,0.43095668299225554,0.4385220751335413
0.525,1500,shuffled,loose,joint_basin,viable_propagation_index,0.5696389487419333,0.07163775074805127,0.007163775074805127,0.5561594867071226,0.5830221641188965
0.525,1500,shuffled,loose,joint_basin,component_B_preservation,1.0,0.0,0.0,1.0,1.0
0.525,1500,shuffled,loose,joint_basin,singleton_fraction,0.428245458323737,0.07179100594557102,0.007179100594557101,0.41421762219751695,0.44220084492839884
0.525,1500,shuffled,main,boundary_v2_regime_sequence,viable_propagation_index,0.7779515103376861,0.03386079757492016,0.003386079757492016,0.7710216615213302,0.7849278370470547
0.525,1500,shuffled,main,boundary_v2_regime_sequence,component_B_preservation,1.0,0.0,0.0,1.0,1.0
0.525,1500,shuffled,main,boundary_v2_regime_sequence,singleton_fraction,0.21581796377633208,0.0339515517115624,0.00339515517115624,0.2090820509517813,0.22229581416035948
0.525,1500,shuffled,main,center_of_mass,viable_propagation_index,0.19260953298003464,0.008341409369785762,0.0008341409369785762,0.1909378446573064,0.1941212728974082
0.525,1500,shuffled,main,center_of_mass,component_B_preservation,0.7169555760831853,0.008411164402769445,0.0008411164402769445,0.7153250120010729,0.7186298066893971
0.525,1500,shuffled,main,center_of_mass,singleton_fraction,0.4349655439726679,0.019017929911411314,0.0019017929911411314,0.4315664444185218,0.43856196995972374
0.525,1500,shuffled,main,joint_basin,viable_propagation_index,0.568045237527411,0.07143034985648933,0.007143034985648933,0.5546138013707897,0.5805957767753875
0.525,1500,shuffled,main,joint_basin,component_B_preservation,1.0,0.0,0.0,1.0,1.0
0.525,1500,shuffled,main,joint_basin,singleton_fraction,0.428245458323737,0.07179100594557102,0.007179100594557101,0.41223936894126295,0.44231788848321413
0.525,1500,shuffled,strict,boundary_v2_regime_sequence,viable_propagation_index,0.7766643603650132,0.033701095060830986,0.0033701095060830986,0.7697994554208812,0.783722536491319
0.525,1500,shuffled,strict,boundary_v2_regime_sequence,component_B_preservation,1.0,0.0,0.0,1.0,1.0
0.525,1500,shuffled,strict,boundary_v2_regime_sequence,singleton_fraction,0.21581796377633208,0.0339515517115624,0.00339515517115624,0.2098888786126859,0.22232273755208518
0.525,1500,shuffled,strict,center_of_mass,viable_propagation_index,0.18929028187473612,0.00816057202513966,0.0008160572025139661,0.18774444887611758,0.19108670037988407
0.525,1500,shuffled,strict,center_of_mass,component_B_preservation,0.7169555760831853,0.008411164402769445,0.0008411164402769445,0.7153108553103558,0.7186764766442101
0.525,1500,shuffled,strict,center_of_mass,singleton_fraction,0.4349655439726679,0.019017929911411314,0.0019017929911411314,0.43085858797022425,0.4383051171472349
0.525,1500,shuffled,strict,joint_basin,viable_propagation_index,0.565608126737223,0.07118514108822224,0.007118514108822224,0.5531953298566787,0.5793192341134878
0.525,1500,shuffled,strict,joint_basin,component_B_preservation,1.0,0.0,0.0,1.0,1.0
0.525,1500,shuffled,strict,joint_basin,singleton_fraction,0.428245458323737,0.07179100594557102,0.007179100594557101,0.4136685281958427,0.44029069626629597
0.525,2400,coupled,loose,boundary_v2_regime_sequence,viable_propagation_index,0.70082259269264,0.11975275311243719,0.011975275311243719,0.6747703757234447,0.7266390721269724
0.525,2400,coupled,loose,boundary_v2_regime_sequence,component_B_preservation,1.0,0.0,0.0,1.0,1.0
0.525,2400,coupled,loose,boundary_v2_regime_sequence,singleton_fraction,0.2970658508158508,0.11996038510860389,0.01199603851086039,0.27324813034188034,0.31742344599844596
0.525,2400,coupled,loose,center_of_mass,viable_propagation_index,0.2704551452352321,0.009187446307165361,0.0009187446307165361,0.2686847082655966,0.27219686356077727
0.525,2400,coupled,loose,center_of_mass,component_B_preservation,0.760003700493261,0.007667679229690228,0.0007667679229690228,0.7586142059196063,0.7614659692351868
0.525,2400,coupled,loose,center_of_mass,singleton_fraction,0.48891862446732914,0.016158164690103772,0.0016158164690103771,0.48583377290313917,0.49184203420477673
0.525,2400,coupled,loose,joint_basin,viable_propagation_index,0.4327495025668874,0.017331480435053507,0.0017331480435053507,0.4295284258364109,0.43643783320871093
0.525,2400,coupled,loose,joint_basin,component_B_preservation,0.9674343257405696,0.007861495548336015,0.0007861495548336015,0.9661196929313025,0.9688658975238805
0.525,2400,coupled,loose,joint_basin,singleton_fraction,0.548651602985153,0.01741493159592676,0.001741493159592676,0.5449011536917804,0.5525848448297002
0.525,2400,coupled,main,boundary_v2_regime_sequence,viable_propagation_index,0.6972278290294385,0.11950027976750273,0.011950027976750273,0.675722824889216,0.7190741277141527
0.525,2400,coupled,main,boundary_v2_regime_sequence,component_B_preservation,1.0,0.0,0.0,1.0,1.0
0.525,2400,coupled,main,boundary_v2_regime_sequence,singleton_fraction,0.2970658508158508,0.11996038510860389,0.01199603851086039,0.27132396076146076,0.3184156322843823
0.525,2400,coupled,main,center_of_mass,viable_propagation_index,0.26907597899366203,0.00915358665192111,0.000915358665192111,0.2674071957892233,0.2705749247470547
0.525,2400,coupled,main,center_of_mass,component_B_preservation,0.760003700493261,0.007667679229690228,0.0007667679229690228,0.7585552786519074,0.7613539810212054
0.525,2400,coupled,main,center_of_mass,singleton_fraction,0.48891862446732914,0.016158164690103772,0.0016158164690103771,0.4858961096066398,0.49157423173371834
0.525,2400,coupled,main,joint_basin,viable_propagation_index,0.4304126214094226,0.0172523368659795,0.00172523368659795,0.42725225259977273,0.43383596582927925
0.525,2400,coupled,main,joint_basin,component_B_preservation,0.9674343257405696,0.007861495548336015,0.0007861495548336015,0.9659858069196636,0.9687671249378802
0.525,2400,coupled,main,joint_basin,singleton_fraction,0.548651602985153,0.01741493159592676,0.001741493159592676,0.5455109478225058,0.552327346307978
0.525,2400,coupled,strict,boundary_v2_regime_sequence,viable_propagation_index,0.6939862552039728,0.11838033728436266,0.011838033728436266,0.6740357995188655,0.714024654627772
0.525,2400,coupled,strict,boundary_v2_regime_sequence,component_B_preservation,1.0,0.0,0.0,1.0,1.0
0.525,2400,coupled,strict,boundary_v2_regime_sequence,singleton_fraction,0.2970658508158508,0.11996038510860389,0.01199603851086039,0.27796695804195803,0.31853185703185705
0.525,2400,coupled,strict,center_of_mass,viable_propagation_index,0.26637203949678195,0.009284868864526395,0.0009284868864526394,0.26437470992307976,0.2681771391572447
0.525,2400,coupled,strict,center_of_mass,component_B_preservation,0.760003700493261,0.007667679229690228,0.0007667679229690228,0.7585787479150368,0.761590854029479
0.525,2400,coupled,strict,center_of_mass,singleton_fraction,0.48891862446732914,0.016158164690103772,0.0016158164690103771,0.4858694017090996,0.49202147142321545
0.525,2400,coupled,strict,joint_basin,viable_propagation_index,0.42907326381403094,0.017339117240076526,0.0017339117240076525,0.4253253903503646,0.4321351562526012
0.525,2400,coupled,strict,joint_basin,component_B_preservation,0.9674343257405696,0.007861495548336015,0.0007861495548336015,0.9660089080353257,0.9689047922960118
0.525,2400,coupled,strict,joint_basin,singleton_fraction,0.548651602985153,0.01741493159592676,0.001741493159592676,0.54558924115788,0.5519848284042411
0.525,2400,independent_alpha0,loose,boundary_v2_regime_sequence,viable_propagation_index,0.8026010257772576,0.03186939127016783,0.003186939127016783,0.7965781291020894,0.808705094909668
0.525,2400,independent_alpha0,loose,boundary_v2_regime_sequence,component_B_preservation,1.0,0.0,0.0,1.0,1.0
0.525,2400,independent_alpha0,loose,boundary_v2_regime_sequence,singleton_fraction,0.19575427993865332,0.031942171470918435,0.0031942171470918435,0.1895308629236996,0.20214276422894145
0.525,2400,independent_alpha0,loose,center_of_mass,viable_propagation_index,0.18518723002984216,0.006322035085124003,0.0006322035085124003,0.18397510896603214,0.1863161079427669
0.525,2400,independent_alpha0,loose,center_of_mass,component_B_preservation,0.722710880315371,0.008443275934910394,0.0008443275934910394,0.7211159431339599,0.7243216141891314
0.525,2400,independent_alpha0,loose,center_of_mass,singleton_fraction,0.47320306206745405,0.015296979098761595,0.0015296979098761594,0.4701367123128879,0.47632390447871653
0.525,2400,independent_alpha0,loose,joint_basin,viable_propagation_index,0.5934688153773048,0.09070367372100337,0.009070367372100336,0.5762127853596111,0.6115493772046591
0.525,2400,independent_alpha0,loose,joint_basin,component_B_preservation,1.0,0.0,0.0,1.0,1.0
0.525,2400,independent_alpha0,loose,joint_basin,singleton_fraction,0.40417741793215256,0.09106658901301913,0.009106658901301913,0.3878853325905178,0.42119936905260347
0.525,2400,independent_alpha0,main,boundary_v2_regime_sequence,viable_propagation_index,0.8011864865731375,0.031871606332843035,0.0031871606332843035,0.7949148113084953,0.807563721466513
0.525,2400,independent_alpha0,main,boundary_v2_regime_sequence,component_B_preservation,1.0,0.0,0.0,1.0,1.0
0.525,2400,independent_alpha0,main,boundary_v2_regime_sequence,singleton_fraction,0.19575427993865332,0.031942171470918435,0.0031942171470918435,0.18885467276655185,0.20171935465682195
0.525,2400,independent_alpha0,main,center_of_mass,viable_propagation_index,0.18310326055346163,0.006403779594859805,0.0006403779594859805,0.18200050166683998,0.18440253458679678
0.525,2400,independent_alpha0,main,center_of_mass,component_B_preservation,0.722710880315371,0.008443275934910394,0.0008443275934910394,0.7211458761487587,0.7242304921515464
0.525,2400,independent_alpha0,main,center_of_mass,singleton_fraction,0.47320306206745405,0.015296979098761595,0.0015296979098761594,0.47078133177539355,0.47642673840398736
0.525,2400,independent_alpha0,main,joint_basin,viable_propagation_index,0.5907773534840218,0.09033512396691336,0.009033512396691337,0.5734874288307648,0.6084997205057798
0.525,2400,independent_alpha0,main,joint_basin,component_B_preservation,1.0,0.0,0.0,1.0,1.0
0.525,2400,independent_alpha0,main,joint_basin,singleton_fraction,0.40417741793215256,0.09106658901301913,0.009106658901301913,0.3889113785826464,0.4194980820830338
0.525,2400,independent_alpha0,strict,boundary_v2_regime_sequence,viable_propagation_index,0.7991591458061111,0.03165925227442243,0.003165925227442243,0.7935009672516261,0.8052426197470617
0.525,2400,independent_alpha0,strict,boundary_v2_regime_sequence,component_B_preservation,1.0,0.0,0.0,1.0,1.0
0.525,2400,independent_alpha0,strict,boundary_v2_regime_sequence,singleton_fraction,0.19575427993865332,0.031942171470918435,0.0031942171470918435,0.18887296514489574,0.2019563480630369
0.525,2400,independent_alpha0,strict,center_of_mass,viable_propagation_index,0.17927925684901588,0.006301905961861644,0.0006301905961861644,0.17813384657843673,0.18030293327490826
0.525,2400,independent_alpha0,strict,center_of_mass,component_B_preservation,0.722710880315371,0.008443275934910394,0.0008443275934910394,0.7212309053595539,0.7241729369811556
0.525,2400,independent_alpha0,strict,center_of_mass,singleton_fraction,0.47320306206745405,0.015296979098761595,0.0015296979098761594,0.47035508471447507,0.4761303320935009
0.525,2400,independent_alpha0,strict,joint_basin,viable_propagation_index,0.5863130112217313,0.08970729234543033,0.008970729234543033,0.5702906230516382,0.6049919434171215
0.525,2400,independent_alpha0,strict,joint_basin,component_B_preservation,1.0,0.0,0.0,1.0,1.0
0.525,2400,independent_alpha0,strict,joint_basin,singleton_fraction,0.40417741793215256,0.09106658901301913,0.009106658901301913,0.3877622601771928,0.4208565307873635
0.525,2400,product,loose,boundary_v2_regime_sequence,viable_propagation_index,0.8025401167249163,0.023915845031629274,0.0023915845031629275,0.7979045417466823,0.8074340538806097
0.525,2400,product,loose,boundary_v2_regime_sequence,component_B_preservation,1.0,0.0,0.0,1.0,1.0
0.525,2400,product,loose,boundary_v2_regime_sequence,singleton_fraction,0.19593039198968573,0.023808792514760906,0.0023808792514760906,0.19119343431218142,0.20064306633037976
0.525,2400,product,loose,center_of_mass,viable_propagation_index,0.18424202583639906,0.007796050383352083,0.0007796050383352083,0.1828889081295013,0.18594408512454966
0.525,2400,product,loose,center_of_mass,component_B_preservation,0.7212483130127627,0.008053210928104295,0.0008053210928104295,0.7195103173765395,0.7225095955087217
0.525,2400,product,loose,center_of_mass,singleton_fraction,0.47501851913019066,0.01847629919120876,0.001847629919120876,0.47179344835251885,0.47842882638503703
0.525,2400,product,loose,joint_basin,viable_propagation_index,0.5995305650970828,0.08082584097222313,0.008082584097222314,0.5831042674934916,0.6142879654018513
0.525,2400,product,loose,joint_basin,component_B_preservation,1.0,0.0,0.0,1.0,1.0
0.525,2400,product,loose,joint_basin,singleton_fraction,0.3981199073637676,0.08113498856799291,0.008113498856799291,0.3823388139542159,0.4127183770673587
0.525,2400,product,main,boundary_v2_regime_sequence,viable_propagation_index,0.8006177797091399,0.023677190650622792,0.0023677190650622792,0.7965203191188506,0.8047542509061981
0.525,2400,product,main,boundary_v2_regime_sequence,component_B_preservation,1.0,0.0,0.0,1.0,1.0
0.525,2400,product,main,boundary_v2_regime_sequence,singleton_fraction,0.19593039198968573,0.023808792514760906,0.0023808792514760906,0.19154952810696244,0.2000066027809565
0.525,2400,product,main,center_of_mass,viable_propagation_index,0.18220769625892858,0.007712616805093902,0.0007712616805093902,0.18073612095816693,0.183604580336077
0.525,2400,product,main,center_of_mass,component_B_preservation,0.7212483130127627,0.008053210928104295,0.0008053210928104295,0.7197453950301989,0.7229460545666431
0.525,2400,product,main,center_of_mass,singleton_fraction,0.47501851913019066,0.01847629919120876,0.001847629919120876,0.47127461523645187,0.47838640954914335
0.525,2400,product,main,joint_basin,viable_propagation_index,0.5965136902306765,0.08046853916880845,0.008046853916880845,0.5812934522049372,0.6125116375919357
0.525,2400,product,main,joint_basin,component_B_preservation,1.0,0.0,0.0,1.0,1.0
0.525,2400,product,main,joint_basin,singleton_fraction,0.3981199073637676,0.08113498856799291,0.008113498856799291,0.3824368024987915,0.4139816857638738
0.525,2400,product,strict,boundary_v2_regime_sequence,viable_propagation_index,0.7992470933008312,0.0239772257441818,0.0023977225744181803,0.7946695345931245,0.8042854165323032
0.525,2400,product,strict,boundary_v2_regime_sequence,component_B_preservation,1.0,0.0,0.0,1.0,1.0
0.525,2400,product,strict,boundary_v2_regime_sequence,singleton_fraction,0.19593039198968573,0.023808792514760906,0.0023808792514760906,0.19089929832417568,0.2010328500376671
0.525,2400,product,strict,center_of_mass,viable_propagation_index,0.17833934999933146,0.007861870710919006,0.0007861870710919006,0.17678015307985565,0.1798316554660595
0.525,2400,product,strict,center_of_mass,component_B_preservation,0.7212483130127627,0.008053210928104295,0.0008053210928104295,0.7198652725964603,0.722724803314371
0.525,2400,product,strict,center_of_mass,singleton_fraction,0.47501851913019066,0.01847629919120876,0.001847629919120876,0.47134975814367935,0.47863216891861143
0.525,2400,product,strict,joint_basin,viable_propagation_index,0.592627599636246,0.08040507172420204,0.008040507172420204,0.5763667783199595,0.6082774280024994
0.525,2400,product,strict,joint_basin,component_B_preservation,1.0,0.0,0.0,1.0,1.0
0.525,2400,product,strict,joint_basin,singleton_fraction,0.3981199073637676,0.08113498856799291,0.008113498856799291,0.3816692442428532,0.4133634305615441
0.525,2400,shuffled,loose,boundary_v2_regime_sequence,viable_propagation_index,0.7968415481901545,0.03077301468620397,0.003077301468620397,0.7917992821155683,0.8026942862911238
0.525,2400,shuffled,loose,boundary_v2_regime_sequence,component_B_preservation,1.0,0.0,0.0,1.0,1.0
0.525,2400,shuffled,loose,boundary_v2_regime_sequence,singleton_fraction,0.2014876299025868,0.03075499383936821,0.0030754993839368213,0.19593383247343055,0.20778119852114674
0.525,2400,shuffled,loose,center_of_mass,viable_propagation_index,0.18540507723988206,0.00720951608280444,0.0007209516082804441,0.1840451630385779,0.18678709237996274
0.525,2400,shuffled,loose,center_of_mass,component_B_preservation,0.7215628731382283,0.0071088869701979125,0.0007108886970197913,0.7202060593457015,0.7230733063750118
0.525,2400,shuffled,loose,center_of_mass,singleton_fraction,0.46948979997779966,0.016559170059740048,0.0016559170059740047,0.46638404672026473,0.4730326885250515
0.525,2400,shuffled,loose,joint_basin,viable_propagation_index,0.5979383417575758,0.07666246111004314,0.007666246111004314,0.5815146787997791,0.6130744972638758
0.525,2400,shuffled,loose,joint_basin,component_B_preservation,1.0,0.0,0.0,1.0,1.0
0.525,2400,shuffled,loose,joint_basin,singleton_fraction,0.39967901374636056,0.07699906557189003,0.007699906557189003,0.3834185205275326,0.4141199510579832
0.525,2400,shuffled,main,boundary_v2_regime_sequence,viable_propagation_index,0.7953651489665635,0.03065029204436746,0.003065029204436746,0.7899735398093939,0.800391765597646
0.525,2400,shuffled,main,boundary_v2_regime_sequence,component_B_preservation,1.0,0.0,0.0,1.0,1.0
0.525,2400,shuffled,main,boundary_v2_regime_sequence,singleton_fraction,0.2014876299025868,0.03075499383936821,0.0030754993839368213,0.1946230354051807,0.2070995791738246
0.525,2400,shuffled,main,center_of_mass,viable_propagation_index,0.18330278065380218,0.007166968677166607,0.0007166968677166606,0.18194894058376831,0.18475207599144478
0.525,2400,shuffled,main,center_of_mass,component_B_preservation,0.7215628731382283,0.0071088869701979125,0.0007108886970197913,0.7200829028292774,0.7228641943010405
0.525,2400,shuffled,main,center_of_mass,singleton_fraction,0.46948979997779966,0.016559170059740048,0.0016559170059740047,0.46591088934385094,0.47256641295112034
0.525,2400,shuffled,main,joint_basin,viable_propagation_index,0.5950699879742686,0.07609638706587042,0.0076096387065870425,0.5794425436870336,0.6087938581932789
0.525,2400,shuffled,main,joint_basin,component_B_preservation,1.0,0.0,0.0,1.0,1.0
0.525,2400,shuffled,main,joint_basin,singleton_fraction,0.39967901374636056,0.07699906557189003,0.007699906557189003,0.38368611473733877,0.4119209165642569
0.525,2400,shuffled,strict,boundary_v2_regime_sequence,viable_propagation_index,0.7937931704438967,0.030846789448485814,0.0030846789448485813,0.787768582257266,0.8001319032801962
0.525,2400,shuffled,strict,boundary_v2_regime_sequence,component_B_preservation,1.0,0.0,0.0,1.0,1.0
0.525,2400,shuffled,strict,boundary_v2_regime_sequence,singleton_fraction,0.2014876299025868,0.03075499383936821,0.0030754993839368213,0.19583502230193667,0.2068609043558726
0.525,2400,shuffled,strict,center_of_mass,viable_propagation_index,0.1796231145959743,0.007258332744440562,0.0007258332744440562,0.17806125895434202,0.18099330035527944
0.525,2400,shuffled,strict,center_of_mass,component_B_preservation,0.7215628731382283,0.0071088869701979125,0.0007108886970197913,0.7202464296686965,0.7230385727654411
0.525,2400,shuffled,strict,center_of_mass,singleton_fraction,0.46948979997779966,0.016559170059740048,0.0016559170059740047,0.46604720927158355,0.47252967829981546
0.525,2400,shuffled,strict,joint_basin,viable_propagation_index,0.5910887359604796,0.07588351254236851,0.007588351254236851,0.5787127762924851,0.6081715204962584
0.525,2400,shuffled,strict,joint_basin,component_B_preservation,1.0,0.0,0.0,1.0,1.0
0.525,2400,shuffled,strict,joint_basin,singleton_fraction,0.39967901374636056,0.07699906557189003,0.007699906557189003,0.38430090745214457,0.4120293497382018
