space,rule_id,stratum,q,radius,table_digest,table_json,active_fraction_mean,active_fraction_final,symbol_entropy_mean,extinction_rate,all_zero_attractor_rate,all_one_attractor_rate,global_fixed_point_rate,global_periodic_rate,localized_component_lifetime_mean,localized_component_lifetime_max,component_size_median,component_size_entropy,persistent_component_count,recurrence_up_to_shift,motif_survival_depth,motif_material_turnover,translation_velocity_estimate,period_estimate,pattern_background_contrast,local_entropy_inside_pattern,local_entropy_outside_pattern,signal_to_background_ratio,exact_static_fraction,global_period_fraction,low_turnover_persistence_fraction,frozen_order_index,activity_entropy,damage_spreading_rate,compressibility_proxy,component_fragmentation_rate,chaos_index,classification,depends_center,relation_degree,relation_complete,self_only,left_right_asymmetry,output_entropy,temporal_irreversibility_proxy,directional_consequence,DAR_complete_structural,DAR_asymmetric_structural,stage1_score,relation_asymmetry_priority
q3_radius1,q3r1_s1_0005,S1_random_unbiased,3,1,65cb0f043d0c,"[0,0,1,0,2,2,2,0,2,0,1,2,2,1,1,2,1,1,1,2,1,0,0,2,2,2,2]",0.126750728626943,0.08677164713541667,0.18467200598100886,0.875,0.875,0.0,0.875,0.8723958333333333,33.822916666666664,56.5,1.6875,1.659227501389859,0.25,0.9498799641927083,0.2942708333333333,0.05141194661458333,-0.08037651909722221,0.875,0.109375,0.126750728626943,0.873249271373057,0.35377032548949866,0.875,0.8723958333333333,0.8411458333333333,0.8631510416666667,0.18467200598100886,0.059000651041666664,0.9409993489583333,0.049440082779614175,0.05183745797864816,collapse,True,2,True,False,0.2962962962962963,1.5448491887169091,0.02530868205777448,0.0,True,True,0.006336611267446658,0.020887348251953798
q3_radius1,q3r1_s1_0007,S1_random_unbiased,3,1,c8316d10b533,"[0,1,1,2,2,1,1,1,1,1,1,0,1,2,2,1,1,1,2,1,0,0,2,2,0,2,2]",0.8201025137629534,0.9811197916666667,0.7574906964654966,0.0,0.0,0.0,0.0,0.3802083333333333,51.53124999999999,82.5,10.625,2.1209734631123376,0.5182291666666667,0.7356465657552083,0.4296875,0.2874247233072917,-0.057807074652777776,2.0,0.15885416666666666,0.8201025137629534,0.17989748623704663,125000000.71765654,0.0,0.3802083333333333,0.0,0.0,0.7574906964654966,0.5085957845052084,0.4914042154947917,0.03901242815098376,0.38523973646296933,transported_identity,True,2,True,False,0.4444444444444444,1.486565953154142,0.06208130950873836,0.0,True,True,0.1299867609282181,0.447732176530529
q3_radius1,q3r1_s1_0002,S1_random_unbiased,3,1,161b7b98f66d,"[1,2,1,0,2,2,2,0,0,2,0,0,0,0,1,1,0,1,1,2,1,0,1,0,1,2,2]",0.5190165623482027,0.49964396158854174,0.776325775558021,0.0,0.0,0.0,0.0,0.0,111.32291666666667,158.0,2.125,2.347598360714762,0.9401041666666667,0.6401265462239583,0.8229166666666666,0.46356201171875,-0.02742513020833333,0.0,1.0,0.5190165623482027,0.48098343765179724,28.925164929994374,0.0,0.0,0.0,0.0,0.776325775558021,0.2108154296875,0.7891845703125,0.1858632919300267,0.174458394049625,emitter_or_generator,True,2,True,False,0.4444444444444444,1.579013207279971,0.0037535862447711787,0.0,False,False,0.2449698536115823,0.8437850513287836
q3_radius1,q3r1_s1_0017,S1_random_unbiased,3,1,52f90b36862d,"[0,2,2,2,1,1,2,2,2,0,2,1,0,1,0,1,0,2,0,2,1,0,0,1,0,0,0]",0.12815195455864098,0.12278238932291667,0.3067993963585899,0.0,0.0,0.0,0.0,0.0,149.42708333333334,162.5,2.0,0.33954433030529085,1.0,0.8384602864583333,0.8463541666666666,0.18019612630208334,-0.05305989583333333,0.0,1.0,0.12815195455864098,0.8718480454413591,375000049.2462748,0.0,0.0,0.3802083333333333,0.13307291666666665,0.3067993963585899,0.13392130533854166,0.8660786946614583,0.493252572142205,0.09168803081166439,transported_identity,True,2,True,False,0.5925925925925926,1.5610150105933092,0.015109184045017376,0.0,False,False,0.11897221730710458,0.4274187066218202
q3_radius1,q3r1_s1_0000,S1_random_unbiased,3,1,36a70518011c,"[2,0,2,2,2,2,2,1,2,0,1,2,0,1,2,2,2,0,2,2,0,0,2,2,2,1,1]",0.8448979142210438,0.8028564453125,0.8107121612810293,0.0,0.0,0.0,0.125,0.125,170.64583333333331,171.0,1.125,2.1522467865564394,0.875,0.5085245768229167,0.890625,0.5401611328125,0.005995008680555557,0.125,0.875,0.8448979142210438,0.15510208577895618,42.69731736511055,0.125,0.125,0.125,0.125,0.8107121612810293,0.5374043782552084,0.46259562174479163,0.19651370453483016,0.49391132100144775,emitter_or_generator,True,2,True,False,0.2962962962962963,1.3800943362833298,0.12925742050339462,0.0,True,True,0.12163819134090843,0.4009555196052167
q3_radius1,q3r1_s1_0011,S1_random_unbiased,3,1,7e0a9a6ec530,"[1,0,2,0,2,1,0,1,2,0,2,2,2,0,2,1,2,2,1,0,1,1,1,2,1,2,1]",0.7969307644173683,0.8972269694010417,0.9338574930438155,0.0,0.0,0.0,0.0,0.0,193.44791666666669,195.0,10.875,4.941405755539214,1.0,0.413177490234375,1.015625,0.6371968587239584,-0.009819878472222222,0.0,1.0,0.7969307644173683,0.20306923558263168,25.746761740342755,0.0,0.0,0.0,0.0,0.9338574930438155,0.47324625651041663,0.5267537434895833,0.08591217293296602,0.44243001402869725,mixed,True,2,True,False,0.2962962962962963,1.540709585192697,0.02792048108918921,0.0,True,True,0.14679446045609218,0.4838780363182298
q3_radius1,q3r1_s1_0013,S1_random_unbiased,3,1,2b2e1c3f3583,"[0,0,0,2,0,1,0,0,1,2,1,0,2,2,2,2,0,1,2,2,1,0,0,1,0,2,2]",0.09325270578651229,0.09161376953125,0.22177648004485068,0.0,0.0,0.0,0.0,0.0,147.91666666666669,154.0,1.0,0.1783185377157107,1.0,0.8831990559895834,0.8020833333333333,0.13834635416666669,-0.052490234375,0.0,1.0,0.09325270578651229,0.9067472942134877,375000073.12148654,0.0,0.0,0.3854166666666667,0.13489583333333333,0.22177648004485068,0.1832275390625,0.8167724609375,0.9904807240905726,0.08997411163590768,transported_identity,True,2,True,False,0.6666666666666666,1.540709585192697,0.02792048108918921,0.0,True,True,0.09619410669169697,0.3527117245362222
q3_radius1,q3r1_s1_0004,S1_random_unbiased,3,1,b97524413605,"[0,0,1,0,0,2,0,2,0,0,1,2,0,0,1,0,2,0,2,2,2,0,0,0,0,0,1]",0.3251746512035838,0.4173380533854167,0.5469676960167346,0.12760416666666666,0.12760416666666666,0.0,0.12760416666666666,0.5026041666666666,164.82291666666666,172.0,1.125,0.276783612693,0.8723958333333333,0.7671407063802083,0.8958333333333333,0.3351542154947917,-0.009684244791666666,0.875,0.8723958333333333,0.3251746512035838,0.6748253487964162,55.28438962845114,0.12760416666666666,0.5026041666666666,0.12760416666666666,0.12760416666666666,0.5469676960167346,0.7431844075520833,0.2568155924479167,0.7969776111868778,0.4699495931015211,localized_persistence,True,2,True,False,0.2962962962962963,1.360388077926312,0.14169068523240325,0.0,True,True,0.1188914076996899,0.39190130686194075
q3_radius1,q3r1_s1_0016,S1_random_unbiased,3,1,ca85e6baebeb,"[0,0,2,1,0,0,0,1,1,2,1,0,1,2,1,1,2,0,0,1,0,0,1,1,0,0,2]",0.31068987014586036,0.36365763346354163,0.5713675540351394,0.0026041666666666665,0.0026041666666666665,0.0,0.0026041666666666665,0.0026041666666666665,178.76041666666666,188.0,1.75,1.7808370739505488,0.9973958333333333,0.6764322916666666,0.9791666666666666,0.35193888346354163,-0.044352213541666664,0.0,0.9973958333333333,0.31068987014586036,0.6893101298541398,125000135.5774548,0.0026041666666666665,0.0026041666666666665,0.3802083333333333,0.134765625,0.5713675540351394,0.359222412109375,0.640777587890625,0.4832128158625116,0.32022497659276183,emitter_or_generator,True,2,True,False,0.37037037037037035,1.5012404120907166,0.05282275674809089,0.0,True,True,0.14002015449292432,0.4719197799576338
q3_radius1,q3r1_s1_0008,S1_random_unbiased,3,1,f488398ffc24,"[1,0,1,2,0,0,0,0,0,0,2,2,0,0,0,1,2,2,2,0,0,0,2,2,0,2,0]",0.4200143764673737,0.30537923177083337,0.7156455056817492,0.0,0.0,0.0,0.0,0.09375,194.66666666666669,196.0,2.0,0.8948669418274603,1.0,0.83966064453125,1.0208333333333333,0.16313680013020831,-0.027425130208333336,0.0,1.0,0.4200143764673737,0.5799856235326263,28.749264491260092,0.0,0.09375,0.04947916666666667,0.017317708333333334,0.7156455056817492,0.3466084798177083,0.6533915201822916,0.5429078884624619,0.2596925247690903,transported_identity,True,2,True,False,0.2962962962962963,1.3516441151533924,0.14720751150995937,0.0,True,True,0.09965084877403252,0.32847872373662573
q3_radius1,q3r1_s1_0001,S1_random_unbiased,3,1,2a8319e14793,"[0,0,1,1,1,1,2,1,0,1,2,2,2,0,1,1,1,2,1,1,0,1,2,2,1,0,2]",0.5068492197619818,0.6424458821614584,0.8241576691342869,0.0,0.0,0.0,0.0,0.0,174.57291666666669,184.5,3.0,3.3180774990554607,1.0,0.46131388346354163,0.9609375,0.578643798828125,-0.02094184027777778,0.0,1.0,0.5068492197619818,0.49315078023801817,23.809249745744545,0.0,0.0,0.0,0.0,0.8241576691342869,0.5221659342447916,0.4778340657552083,0.2387390300539436,0.43793839529354534,emitter_or_generator,True,2,True,False,0.4444444444444444,1.5098693043797229,0.047378531862593554,0.0,True,True,0.15003471144414993,0.5167862283076275
q3_radius1,q3r1_s1_0014,S1_random_unbiased,3,1,7394274c4783,"[0,2,1,2,2,0,0,2,2,0,0,0,0,0,1,2,1,2,0,0,2,2,2,0,0,1,0]",0.18209158941871761,0.17704264322916666,0.3886716906330627,0.0,0.0,0.0,0.0,0.0,160.52083333333331,163.5,1.25,0.5513743874267225,1.0,0.7943216959635417,0.8515625,0.22501627604166666,-0.04296875,0.0,1.0,0.18209158941871761,0.8179084105812824,375000037.27500904,0.0,0.0,0.375,0.13124999999999998,0.3886716906330627,0.2772318522135417,0.7227681477864584,0.7834720703477487,0.19779613892136844,transported_identity,True,2,True,False,0.5185185185185185,1.446554269396512,0.08732587128191893,0.0,True,True,0.1245632478486007,0.4382780942821136
q3_radius1,q3r1_s1_0003,S1_random_unbiased,3,1,0d1e83d51132,"[2,0,1,0,1,1,1,0,0,1,0,1,2,1,0,0,0,1,2,0,1,0,2,0,0,0,1]",0.656873001335816,0.5649617513020833,0.8160079187842189,0.0,0.0,0.0,0.0,0.0,189.90625,196.0,1.875,1.9576855519224863,1.0,0.477630615234375,1.0208333333333333,0.5617472330729167,-0.009494357638888888,0.0,1.0,0.656873001335816,0.34312699866418395,29.540865541325946,0.0,0.0,0.0,0.0,0.8160079187842189,0.569366455078125,0.430633544921875,0.3270496406353347,0.47283834231096666,emitter_or_generator,True,2,True,False,0.5185185185185185,1.446554269396512,0.08732587128191893,0.0,True,True,0.1414415195349,0.49766460577094446
q3_radius1,q3r1_s1_0006,S1_random_unbiased,3,1,c91c089d2f37,"[1,2,0,0,2,1,0,0,2,0,2,1,2,2,0,0,2,2,2,1,0,1,0,1,2,1,0]",0.6031809330810125,0.6094258626302083,0.9882068588460178,0.0,0.0,0.0,0.0,0.0,112.64583333333333,137.0,2.0,2.5025334953726954,1.0,0.39560953776041663,0.7135416666666666,0.6602071126302084,0.0005154079861111119,0.0,1.0,0.6031809330810125,0.3968190669189875,29.272497841579998,0.0,0.0,0.0,0.0,0.9882068588460178,0.640472412109375,0.359527587890625,0.3322199438575376,0.6329137064692261,chaotic,True,2,True,False,0.2222222222222222,1.5663672668986361,0.011732286293246186,0.0,False,False,0.0958771511593814,0.3089374870691179
q3_radius1,q3r1_s1_0012,S1_random_unbiased,3,1,ee9a1c69e307,"[2,0,0,1,2,0,0,2,2,0,1,0,2,1,1,0,2,1,0,0,2,2,0,0,1,1,1]",0.6756659262332685,0.5692850748697917,0.9465944916577806,0.0,0.0,0.0,0.0,0.0,174.66666666666666,196.0,2.0,2.384126214335863,1.0,0.3780517578125,1.0208333333333333,0.668060302734375,-0.0014105902777777762,0.0,1.0,0.6756659262332685,0.32433407376673146,26.628298052787425,0.0,0.0,0.0,0.0,0.9465944916577806,0.6213277180989583,0.37867228190104163,0.2963127381870313,0.588248362953959,emitter_or_generator,True,2,True,False,0.2962962962962963,1.5677116575334586,0.01088407024131377,0.0,False,False,0.10399255828232473,0.3427902847084037
q3_radius1,q3r1_s1_0009,S1_random_unbiased,3,1,304d403bc145,"[2,0,1,1,2,0,2,2,1,1,2,0,0,0,1,0,2,0,1,2,0,2,2,0,1,1,2]",0.7070183893971287,0.6563008626302083,0.9591937714693872,0.0,0.0,0.0,0.0,0.0,188.67708333333331,194.5,2.0,2.6330694826701713,1.0,0.38576253255208337,1.0130208333333333,0.65777587890625,-0.004503038194444445,0.0,1.0,0.7070183893971287,0.2929816106028713,35.84622977923239,0.0,0.0,0.0,0.0,0.9591937714693872,0.66937255859375,0.33062744140625,0.2965633740099656,0.6422911729840985,chaotic,True,2,True,False,0.5185185185185185,1.5790132072799707,0.003753586244771401,0.0,False,False,0.09076692965271048,0.3193651228521295
q3_radius1,q3r1_s1_0010,S1_random_unbiased,3,1,61fdb4a901eb,"[1,0,0,0,0,0,0,1,0,2,2,2,2,1,2,0,1,0,1,0,1,2,2,2,1,0,2]",0.5636596152613611,0.4829915364583333,0.9222879919504845,0.0,0.0,0.0,0.0,0.1328125,195.66666666666666,196.0,1.875,0.4797124178613846,1.0,0.6584676106770834,1.0208333333333333,0.38086954752604174,-0.049262152777777776,0.5,1.0,0.5636596152613611,0.4363403847386388,125000490.36866754,0.0,0.1328125,0.0,0.0,0.9222879919504845,0.5273539225260417,0.47264607747395837,0.45978404404779305,0.4843088794053185,emitter_or_generator,True,2,True,False,0.5185185185185185,1.5610150105933092,0.015109184045017376,0.0,False,False,0.12933031069793485,0.45505109319643744
q3_radius1,q3r1_s1_0015,S1_random_unbiased,3,1,a24befa0e850,"[1,2,2,1,2,2,0,0,1,0,2,2,2,0,0,0,0,0,0,1,0,0,1,1,2,1,2]",0.5431408396244872,0.48846435546875,0.9221663492649115,0.0,0.0,0.0,0.0,0.0,192.69791666666669,196.0,1.875,1.9705617368515589,1.0,0.5187174479166667,1.0208333333333333,0.5252888997395833,-0.03225368923611111,0.0,1.0,0.5431408396244872,0.4568591603755128,20.978993588122265,0.0,0.0,0.0,0.0,0.9221663492649115,0.6049092610677083,0.39509073893229163,0.5223193082405471,0.5621939945780814,emitter_or_generator,True,2,True,False,0.5185185185185185,1.5610150105933092,0.015109184045017376,0.0,False,False,0.11929185569439134,0.41973060336915474
q3_radius1,q3r1_s1_0018,S1_random_unbiased,3,1,97d9f3547350,"[2,1,2,0,2,1,0,0,2,2,0,2,0,0,0,1,2,2,2,1,2,0,1,1,1,0,2]",0.8994677186218156,0.903411865234375,0.41782691129106986,0.0,0.0,0.0,0.0,0.0,170.59375,171.0,1.5,1.4450069348600372,0.875,0.7832743326822917,0.8906249999999999,0.240753173828125,-0.05162217881944444,0.0,1.0,0.8994677186218156,0.10053228137818436,247.44583563135106,0.0,0.0,0.0,0.0,0.41782691129106986,0.21461995442708331,0.7853800455729166,0.13325232380018107,0.18043371134888073,transported_identity,True,2,True,False,0.5925925925925926,1.5610150105933087,0.015109184045017598,0.0,False,False,0.15455035343193052,0.5552364549221207
q3_radius1,q3r1_s1_0021,S1_random_unbiased,3,1,8f2f68ab7142,"[1,0,0,0,2,2,2,2,2,2,0,1,1,0,2,0,2,2,1,1,0,2,1,1,1,2,2]",0.9132460625472258,1.0,0.6546907714144726,0.0,0.0,0.0,1.0,1.0,21.364583333333332,24.0,13.0,3.108701184328995,0.3984375,0.8764750162760417,0.12499999999999999,0.12352498372395833,-0.010633680555555554,1.0,0.0,0.9132460625472258,0.08675393745277418,0.0,1.0,1.0,0.5,0.825,0.6546907714144726,0.233154296875,0.766845703125,0.01885023903638821,0.12718402619657232,mixed,True,2,True,False,0.4444444444444444,1.5448491887169091,0.02530868205777448,0.0,True,True,0.016536937348238495,0.05696056197726593
q3_radius1,q3r1_s1_0020,S1_random_unbiased,3,1,91cb46747c0d,"[2,2,1,1,0,1,1,1,0,1,0,0,1,2,1,0,2,1,2,2,1,1,1,1,0,2,2]",0.9826620098634499,0.98516845703125,0.6063050280816207,0.0,0.0,0.0,0.515625,0.515625,61.94791666666666,124.0,2.5,1.2040359883839606,0.328125,0.8996073404947916,0.6458333333333333,0.10039265950520834,-0.03233506944444444,0.5,0.5234375,0.9826620098634499,0.017337990136550074,103.1477133005643,0.515625,0.515625,0.4973958333333333,0.5092447916666667,0.6063050280816207,0.8155924479166667,0.18440755208333334,0.02446128254572063,0.501626861439527,transported_identity,True,2,True,False,0.4444444444444444,1.5098693043797229,0.047378531862593554,0.0,True,True,0.022088920582539067,0.07608405978430123
q3_radius1,q3r1_s1_0019,S1_random_unbiased,3,1,5ac38ae32126,"[1,1,0,0,1,0,0,1,2,0,1,2,0,1,1,2,0,1,1,0,1,2,0,0,1,1,1]",0.8506628902876727,0.85321044921875,0.37488423591038866,0.0,0.0,0.0,0.0,0.0,146.5,148.0,2.25,1.7209629500023889,0.7473958333333333,0.8012186686197916,0.7708333333333333,0.217742919921875,-0.034206814236111105,0.0,1.0,0.8506628902876727,0.14933710971232728,250000086.50298756,0.0,0.0,0.25,0.0875,0.37488423591038866,0.23105875651041669,0.7689412434895833,0.16445515378708017,0.15120518504653052,transported_identity,True,2,True,False,0.5925925925925926,1.446554269396512,0.08732587128191893,0.0,True,True,0.13512344012476332,0.48544347007785343
q3_radius1,q3r1_s1_0022,S1_random_unbiased,3,1,0968a48c7400,"[0,2,1,1,0,2,2,2,0,0,2,0,2,1,2,1,2,0,0,1,2,1,1,2,1,1,2]",0.5876176534333171,0.7611490885416666,0.8476738469175877,0.0,0.0,0.0,0.0,0.0,195.91666666666669,196.0,5.625,2.8337965526554854,1.0,0.5662841796875,1.0208333333333333,0.5827534993489583,0.026095920138888888,0.0,1.0,0.5876176534333171,0.4123823465666829,48.54888861939841,0.0,0.0,0.0,0.0,0.8476738469175877,0.64044189453125,0.35955810546875,0.19913864225575711,0.5474689157870537,emitter_or_generator,True,2,True,False,0.6666666666666666,1.5610150105933087,0.015109184045017598,0.0,False,False,0.14933710743815132,0.5475693939398881
q3_radius1,q3r1_s1_0025,S1_random_unbiased,3,1,c638fffe3baa,"[1,1,0,0,0,0,2,1,0,0,1,0,0,0,1,0,2,0,2,1,2,1,0,2,1,2,0]",0.45173647654900695,0.13349405924479166,0.6791318247953162,0.0,0.0,0.0,0.0,0.020833333333333332,192.97916666666669,196.0,1.0,0.5613998230267776,1.0,0.8623453776041667,1.0208333333333333,0.15387980143229166,-0.05013020833333333,0.0,1.0,0.45173647654900695,0.548263523450993,31.707975730335797,0.0,0.020833333333333332,0.3776041666666667,0.13216145833333331,0.6791318247953162,0.21529134114583331,0.7847086588541667,0.8805407104100271,0.14745733678924583,transported_identity,True,2,True,False,0.5925925925925926,1.5098693043797227,0.047378531862593665,0.0,True,True,0.09817884350264315,0.3527165859169032
q3_radius1,q3r1_s1_0036,S1_random_unbiased,3,1,be95646ce1ff,"[0,0,0,1,0,2,2,1,2,2,2,1,1,1,1,2,2,2,1,2,1,1,1,0,1,1,2]",0.5720327637562068,0.6663411458333334,0.5057720237686384,0.0,0.0,0.0,0.4583333333333333,0.4583333333333333,84.34375,126.0,17.625,4.108917521410247,0.7395833333333333,0.7327067057291666,0.65625,0.272735595703125,-0.04492187499999999,0.5,0.5416666666666666,0.5720327637562068,0.4279672362437932,16.274889193249695,0.4583333333333333,0.4583333333333333,0.4375,0.4510416666666667,0.5057720237686384,0.24184163411458331,0.7581583658854166,0.03558277915008822,0.12642658172999544,transported_identity,True,2,True,False,0.5925925925925926,1.5012404120907163,0.052822756748091004,0.0,True,True,0.09583205075053168,0.34428551565931753
q3_radius1,q3r1_s1_0030,S1_random_unbiased,3,1,8806a98ef2b3,"[2,2,0,2,1,0,0,1,2,0,0,1,0,0,0,2,2,0,1,0,1,1,2,1,2,2,2]",0.8673615925052622,0.8560892740885417,0.5044117525812484,0.0,0.0,0.0,0.0,0.0,147.19791666666669,155.0,2.0,2.407710045066773,0.8697916666666667,0.7069498697916667,0.8072916666666666,0.3201802571614583,-0.04793294270833333,0.0,1.0,0.8673615925052622,0.1326384074947377,88.2355181919153,0.0,0.0,0.125,0.04375,0.5044117525812484,0.27801513671875006,0.72198486328125,0.1249222122606633,0.2347826856570558,transported_identity,True,2,True,False,0.5925925925925926,1.5663672668986361,0.011732286293246186,0.0,False,False,0.1656301534454667,0.5950416623781581
q3_radius1,q3r1_s1_0024,S1_random_unbiased,3,1,af14a0519c48,"[2,1,1,1,0,0,1,0,0,0,0,0,2,1,1,2,2,0,0,0,1,1,1,1,2,0,0]",0.5002781895981757,0.4265645345052083,0.8740753406188095,0.0,0.0,0.0,0.0,0.5,195.95833333333334,196.0,1.125,0.3805485276742548,1.0,0.9193929036458334,1.0208333333333333,0.08060709635416666,-0.03233506944444444,1.0,1.0,0.5002781895981757,0.4997218104018243,29.315425316449556,0.0,0.5,0.4947916666666667,0.17317708333333331,0.8740753406188095,0.7259012858072917,0.27409871419270837,0.8590229758471813,0.6276933770535146,transported_identity,True,2,True,False,0.4444444444444444,1.5012404120907166,0.05282275674809089,0.0,True,True,0.022813277943359783,0.07857906847157259
q3_radius1,q3r1_s1_0027,S1_random_unbiased,3,1,5185bed472c0,"[1,2,0,0,0,2,2,2,1,0,2,1,1,1,2,2,1,2,2,1,2,1,0,0,2,2,1]",0.8545779424216051,0.823883056640625,0.8768005483159702,0.0,0.0,0.0,0.0,0.0,193.65625,194.0,3.6875,2.7867827505445644,1.0,0.5560302734375,1.0104166666666665,0.48268636067708337,-0.006374782986111109,0.0,1.0,0.8545779424216051,0.14542205757839485,35.15160887583832,0.0,0.0,0.0,0.0,0.8768005483159702,0.6892496744791666,0.3107503255208333,0.19248936819659868,0.6048079834121218,chaotic,True,2,True,False,0.4444444444444444,1.5304930567574826,0.0343663928571748,0.0,True,True,0.10606488549115373,0.3653346055806406
q3_radius1,q3r1_s1_0023,S1_random_unbiased,3,1,cd6f578bde98,"[1,0,0,1,1,2,2,2,0,0,2,0,1,0,2,0,0,1,2,2,1,0,0,2,0,1,0]",0.5357562709142918,0.55853271484375,0.9492632547550519,0.0,0.0,0.0,0.0,0.0,178.07291666666669,196.0,1.625,1.9702872412015422,1.0,0.41575113932291663,1.0208333333333333,0.6340128580729167,1.3010426069826053e-18,0.0,1.0,0.5357562709142918,0.4642437290857081,31.672095184773628,0.0,0.0,0.0,0.0,0.9492632547550519,0.727264404296875,0.272735595703125,0.49325990519461554,0.6902141219666937,chaotic,True,2,True,False,0.37037037037037035,1.5448491887169091,0.02530868205777448,0.0,True,True,0.08165694536268692,0.2752141491853522
q3_radius1,q3r1_s1_0033,S1_random_unbiased,3,1,2f88c650cd32,"[1,0,2,1,0,1,2,2,2,1,0,1,2,2,2,1,1,1,1,0,2,2,2,1,1,1,0]",0.7076134558168717,0.573822021484375,0.9951536765035114,0.0,0.0,0.0,0.0,0.0,90.97916666666666,102.0,5.875,3.487809875573431,0.7291666666666666,0.5331217447916666,0.53125,0.5222676595052084,-0.008300781249999998,0.0,1.0,0.7076134558168717,0.29238654418312826,15.158702957319527,0.0,0.0,0.0,0.0,0.9951536765035114,0.294219970703125,0.705780029296875,0.12710663884339338,0.29237188047656815,emitter_or_generator,True,2,True,False,0.5185185185185185,1.5012404120907163,0.052822756748091004,0.0,True,True,0.19702648656935198,0.6932413416329052
q3_radius1,q3r1_s1_0028,S1_random_unbiased,3,1,a3a872b83c63,"[2,1,2,0,1,0,0,1,0,1,2,2,2,2,2,0,0,2,0,1,2,2,2,0,1,0,0]",0.5226118387541829,0.47020467122395826,0.8386215795161076,0.0,0.0,0.0,0.0,0.0,188.44791666666669,196.0,1.0,1.5668117923939713,1.0,0.5776875813802083,1.0208333333333333,0.4672953287760417,-0.005696614583333332,0.0,1.0,0.5226118387541829,0.4773881612458171,15.843667647713755,0.0,0.0,0.0,0.0,0.8386215795161076,0.6440327962239583,0.35596720377604163,0.5685958612622661,0.5490783610525749,emitter_or_generator,True,2,True,False,0.5185185185185185,1.540709585192697,0.02792048108918921,0.0,True,True,0.12172661580853278,0.42829735191891166
q3_radius1,q3r1_s1_0031,S1_random_unbiased,3,1,cb403f0299a2,"[0,1,0,2,2,0,1,0,0,1,1,0,2,1,0,2,1,2,0,2,1,2,0,1,1,2,2]",0.5300975002361291,0.655487060546875,0.9395378576309406,0.0,0.0,0.0,0.0,0.2578125,195.15625,196.0,3.0,1.7333016752442159,1.0,0.5555623372395834,1.0208333333333333,0.47929890950520837,-0.023952907986111112,1.0,1.0,0.5300975002361291,0.4699024997638709,250000021.6136108,0.0,0.2578125,0.0,0.0,0.9395378576309406,0.7451171875,0.2548828125,0.3405464774012037,0.7003415014129771,chaotic,True,2,True,False,0.2962962962962963,1.584962500721156,0.0,0.0,False,False,0.07979319157983102,0.2630220018742578
q3_radius1,q3r1_s1_0026,S1_random_unbiased,3,1,73c1f7cad8ce,"[0,1,2,0,1,2,0,2,2,2,1,0,2,2,2,0,1,2,1,2,2,0,0,2,1,0,0]",0.5244156437216645,0.6233113606770833,0.7412488454438191,0.0,0.0,0.0,0.0,0.25260416666666663,195.9375,196.0,1.25,0.9226614738490405,1.0,0.7005615234375,1.0208333333333333,0.336090087890625,-0.039252387152777776,0.5,1.0,0.5244156437216645,0.47558435627833545,294.7178570196098,0.0,0.25260416666666663,0.0,0.0,0.7412488454438191,0.8511149088541667,0.14888509114583334,0.648204827457616,0.617650392273823,chaotic,True,2,True,False,0.6666666666666666,1.5304930567574826,0.0343663928571748,0.0,True,True,0.0900248972450549,0.33009128989853465
q3_radius1,q3r1_s1_0035,S1_random_unbiased,3,1,4707a676f7ae,"[2,2,1,0,2,2,0,0,0,2,0,1,2,0,1,1,1,1,2,2,0,2,1,1,0,2,2]",0.8290492240629048,0.8081461588541666,0.726307840998314,0.0,0.0,0.0,0.0,0.12760416666666666,169.65625,171.0,2.75,1.3375092821151513,0.8697916666666667,0.706787109375,0.890625,0.3230489095052083,-0.05338541666666667,0.5,1.0,0.8290492240629048,0.17095077593709523,250000059.4869349,0.0,0.12760416666666666,0.13020833333333334,0.045572916666666664,0.726307840998314,0.5585734049479167,0.44142659505208326,0.21573036322540046,0.4658781591434175,transported_identity,True,2,True,False,0.2962962962962963,1.5677116575334584,0.010884070241313881,0.0,False,False,0.11639651869750474,0.38367741348436746
q3_radius1,q3r1_s1_0029,S1_random_unbiased,3,1,5e688371388a,"[2,0,1,2,1,2,1,2,0,1,1,0,2,2,2,1,0,0,2,0,2,0,2,1,1,0,1]",0.7333867891670716,0.6471455891927083,0.9656642373468137,0.0,0.0,0.0,0.0,0.0,193.19791666666669,196.0,1.375,2.0309327267050614,1.0,0.45135498046875,1.0208333333333333,0.5908406575520834,-0.03450520833333333,0.0,1.0,0.7333867891670716,0.26661321083292855,36.391901751382434,0.0,0.0,0.0,0.0,0.9656642373468137,0.7814534505208333,0.21854654947916669,0.33588906989632783,0.7571068898614934,chaotic,True,2,True,False,0.4444444444444444,1.5790132072799707,0.003753586244771401,0.0,False,False,0.0647744609803978,0.22311203226581464
q3_radius1,q3r1_s1_0034,S1_random_unbiased,3,1,0ad4dbb9520e,"[1,2,0,2,2,0,2,1,2,1,1,0,2,2,2,2,0,0,2,2,1,0,0,2,1,2,2]",0.831965892837867,0.696990966796875,0.7615951494647859,0.0,0.0,0.0,0.0,0.0,193.125,194.5,1.0,0.8927952624355204,0.9973958333333333,0.7169698079427083,1.0130208333333333,0.30695597330729163,-0.02208116319444444,0.0,0.9973958333333333,0.831965892837867,0.168034107162133,9.314687660708557,0.0,0.0,0.0,0.0,0.7615951494647859,0.8157552083333333,0.18424479166666666,0.30976372012590747,0.6309880190601018,chaotic,True,2,True,False,0.5185185185185185,1.478434599662112,0.06721162236366729,0.0,True,True,0.08121147971277001,0.2857440952856723
q3_radius1,q3r1_s1_0032,S1_random_unbiased,3,1,c162fbe428f2,"[0,0,1,2,0,2,2,2,0,2,2,1,1,0,0,0,0,2,1,2,1,2,2,1,0,0,2]",0.5004500683931077,0.63916015625,0.8580809495289536,0.0,0.0,0.0,0.0,0.0,195.875,196.0,1.75,1.86085659987367,1.0,0.50048828125,1.0208333333333333,0.535400390625,-0.023844401041666668,0.0,1.0,0.5004500683931077,0.4995499316068923,28.035470519117023,0.0,0.0,0.0,0.0,0.8580809495289536,0.6873372395833334,0.3126627604166667,0.49274470761897554,0.5906923183877907,emitter_or_generator,True,2,True,False,0.4444444444444444,1.540709585192697,0.02792048108918921,0.0,True,True,0.10967874996900134,0.377782361004338
q3_radius1,q3r1_s1_0037,S1_random_unbiased,3,1,8262d8ab0ce0,"[1,0,1,1,2,2,0,1,1,2,0,1,1,2,2,1,0,0,2,0,0,2,2,0,0,0,1]",0.8573920426179296,0.8653462727864584,0.8420953182679054,0.0,0.0,0.0,0.0,0.0,146.11458333333331,147.0,2.875,1.8217095268020511,0.7473958333333333,0.6709696451822917,0.7656249999999999,0.36886596679687494,-0.04248046875,0.0,1.0,0.8573920426179296,0.14260795738207038,155.566764065668,0.0,0.0,0.0,0.0,0.8420953182679054,0.29335530598958337,0.7066446940104167,0.15630322057797869,0.28336582707462277,emitter_or_generator,True,2,True,False,0.37037037037037035,1.579013207279971,0.0037535862447711787,0.0,False,False,0.17736542911910208,0.5977871870310477
q3_radius1,q3r1_s1_0038,S1_random_unbiased,3,1,ad60d0512b9c,"[2,2,0,0,0,1,2,1,2,1,2,2,2,2,0,1,2,0,2,1,0,1,0,2,1,0,0]",0.5686438894848338,0.347320556640625,0.8257796776740406,0.125,0.125,0.0,0.0,0.125,170.61458333333331,172.0,1.5,1.7825325788309472,0.875,0.6642049153645834,0.8958333333333333,0.36967976888020837,-0.004557291666666668,0.25,0.875,0.5686438894848338,0.4313561105151662,13.205787040391302,0.0,0.125,0.25,0.0875,0.8257796776740406,0.33664957682291663,0.6633504231770833,0.4309684660077301,0.3167356064992779,emitter_or_generator,True,2,True,False,0.37037037037037035,1.5610150105933087,0.015109184045017598,0.0,False,False,0.15309091950691128,0.5159730990788491
q3_radius1,q3r1_s1_0048,S1_random_unbiased,3,1,e85388ffe421,"[2,1,0,1,1,0,0,0,2,0,1,2,1,2,0,1,0,2,0,1,1,0,2,2,1,2,2]",0.9786347964061151,0.9847513834635417,0.1868658963844108,0.0,0.0,0.27083333333333337,0.27083333333333337,0.9921875,87.125,124.5,6.125,2.5607685128418964,0.4244791666666667,0.99957275390625,0.6484375,0.00042724609375,-0.02256944444444444,1.75,0.7005208333333333,0.9786347964061151,0.02136520359388494,150.97543696061643,0.27083333333333337,0.9921875,0.9895833333333333,0.5223958333333334,0.1868658963844108,0.053761800130208336,0.9462381998697917,0.028239075232894477,0.020473287280590398,mixed,True,2,True,False,0.37037037037037035,1.584962500721156,0.0,0.0,False,False,0.0001997914512669412,0.0006733711876033944
q3_radius1,q3r1_s1_0039,S1_random_unbiased,3,1,2893ff0111fb,"[0,2,1,2,1,0,0,2,2,2,1,2,1,1,2,2,0,2,1,0,1,0,0,0,2,0,0]",0.5759992055942358,0.6900634765625,0.9447384288252908,0.0,0.0,0.0,0.0,0.0,195.16666666666669,196.0,2.875,2.6830638364778623,1.0,0.39238484700520837,1.0208333333333333,0.654449462890625,-0.012152777777777778,0.0,1.0,0.5759992055942358,0.4240007944057642,46.44505773792828,0.0,0.0,0.0,0.0,0.9447384288252908,0.7373555501302084,0.2626444498697917,0.3300321484703729,0.6967070140116949,chaotic,True,2,True,False,0.2222222222222222,1.5663672668986361,0.011732286293246186,0.0,False,False,0.07788444151299671,0.25096097820854496
q3_radius1,q3r1_s1_0042,S1_random_unbiased,3,1,bf298feee257,"[0,2,0,0,0,2,0,1,0,0,1,1,1,0,0,0,1,0,1,0,0,0,1,2,1,1,0]",0.05534144057305159,0.034576416015625,0.18973957874568298,0.0625,0.0625,0.0,0.0625,0.9921875,179.45833333333334,196.0,1.125,0.1629975415192444,0.9765625,0.997802734375,1.0208333333333333,0.002197265625,-0.00564236111111111,2.0,0.9375,0.05534144057305159,0.9446585594269484,375000054.30147815,0.0625,0.9921875,0.9921875,0.387890625,0.18973957874568298,0.06915283203125,0.93084716796875,0.9230321183196117,0.021731702326133584,emitter_or_generator,True,2,True,False,0.6666666666666666,1.3516441151533922,0.1472075115099596,0.0,True,True,0.0013128474414618773,0.004813773952026883
q3_radius1,q3r1_s1_0041,S1_random_unbiased,3,1,7be7201d227e,"[0,0,1,1,1,1,2,1,1,0,0,2,2,2,2,2,1,1,1,2,0,0,1,0,2,2,1]",0.20998845075696246,0.18376668294270834,0.43012038095692906,0.0,0.0,0.0,0.125,0.875,195.07291666666669,196.0,2.125,1.4529375111460758,1.0,0.9592793782552083,1.0208333333333333,0.041412353515625,-0.001763237847222222,3.5,0.9947916666666667,0.20998845075696246,0.7900115492430375,125000158.86608471,0.125,0.875,0.875,0.38749999999999996,0.43012038095692906,0.182525634765625,0.817474365234375,0.4699973578008281,0.1461976085888701,emitter_or_generator,True,2,True,False,0.4444444444444444,1.5610150105933092,0.015109184045017376,0.0,False,False,0.020774877953589378,0.0715579129512523
q3_radius1,q3r1_s2_0001,S2_quiescent_preserving,3,1,2f86c3e64996,"[0,0,0,1,0,1,1,0,2,2,1,2,0,1,1,2,1,1,0,2,1,1,0,0,1,1,0]",0.1317350028504156,0.10580444335937501,0.35852130039585944,0.0,0.0,0.0,0.828125,0.8125,195.94791666666666,196.0,1.875,0.4732612999169731,1.0,0.97412109375,1.0208333333333333,0.027028401692708336,-0.006076388888888888,0.875,1.0,0.1317350028504156,0.8682649971495844,375000038.03145576,0.828125,0.8125,0.7213541666666667,0.7907552083333333,0.35852130039585944,0.16182454427083334,0.8381754557291667,0.5257808685330326,0.10457639061811108,frozen_order,True,2,True,False,0.2962962962962963,1.5012404120907166,0.05282275674809089,0.0,True,True,0.004933061278470937,0.016260831621626424
q3_radius1,q3r1_s1_0045,S1_random_unbiased,3,1,a1e3934a7e7e,"[0,0,2,2,2,2,2,1,1,0,0,0,1,1,1,0,2,0,2,1,2,2,1,1,0,0,0]",0.6913099536006315,0.8865763346354167,0.8583335044699156,0.0,0.0,0.0,0.0,0.34375,195.85416666666669,196.0,2.375,2.971000621646408,1.0,0.7567342122395833,1.0208333333333333,0.24870808919270831,0.018473307291666664,1.125,1.0,0.6913099536006315,0.3086900463993685,41.36676901761162,0.0,0.34375,0.10677083333333333,0.037369791666666666,0.8583335044699156,0.302642822265625,0.697357177734375,0.1968623037855135,0.26012627017974244,transported_identity,True,2,True,False,0.2962962962962963,1.5790132072799712,0.0037535862447710677,0.0,False,False,0.13404492420111042,0.441851787181438
q3_radius1,q3r1_s1_0044,S1_random_unbiased,3,1,c715a9db1862,"[0,0,1,1,0,2,2,2,1,1,1,1,0,1,2,2,2,1,0,0,1,0,2,0,0,2,2]",0.14942950576492336,0.11605834960937501,0.3331848209761614,0.0,0.0,0.0,0.0,0.140625,151.375,171.5,1.375,0.7520398420848236,1.0,0.911590576171875,0.8932291666666666,0.09401448567708333,-0.046875,0.25,1.0,0.14942950576492336,0.8505704942350767,213.34805850008144,0.0,0.140625,0.49479166666666663,0.17317708333333331,0.3331848209761614,0.18009440104166669,0.8199055989583333,0.738796158319098,0.11379028033868424,transported_identity,True,2,True,False,0.4444444444444444,1.584962500721156,0.0,0.0,False,False,0.0627976823329444,0.2163031280356974
q3_radius1,q3r1_s1_0047,S1_random_unbiased,3,1,0103c6fb1d93,"[0,1,2,0,1,0,1,2,2,0,1,0,0,1,2,2,1,0,1,1,1,2,0,2,1,0,0]",0.24147953435341107,0.22761027018229166,0.4757124943630894,0.0,0.0,0.0,0.0,0.0,156.39583333333331,163.5,1.875,1.5259881308875771,1.0,0.7470296223958334,0.8515625,0.2845357259114583,-0.043402777777777776,0.0,1.0,0.24147953435341107,0.7585204656465889,125000079.06503497,0.0,0.0,0.25,0.0875,0.4757124943630894,0.20880126953125,0.79119873046875,0.532339959501858,0.1830957733734357,transported_identity,True,2,True,False,0.5185185185185185,1.5663672668986361,0.011732286293246186,0.0,False,False,0.15844503809699706,0.5574918007116564
q3_radius1,q3r1_s1_0049,S1_random_unbiased,3,1,3ea84ab661a1,"[0,2,0,2,2,1,2,0,0,2,0,0,0,1,1,0,2,2,1,2,1,0,1,1,0,1,0]",0.11260496149409004,0.10014851888020833,0.3025900338734258,0.0,0.0,0.0,0.0,0.0,142.20833333333331,154.0,1.625,0.9237907147908934,1.0,0.8528951009114583,0.8020833333333333,0.15921020507812497,-0.054144965277777776,0.0,1.0,0.11260496149409004,0.88739503850591,161.07058713187882,0.0,0.0,0.25,0.0875,0.3025900338734258,0.131195068359375,0.868804931640625,0.6511700258602315,0.08749417731372222,transported_identity,True,2,True,False,0.37037037037037035,1.5677116575334586,0.01088407024131377,0.0,False,False,0.11306678387169981,0.3810769382342475
q3_radius1,q3r1_s1_0043,S1_random_unbiased,3,1,60da98a4af85,"[1,0,2,1,0,2,0,1,1,1,2,2,2,0,2,2,0,1,0,0,2,1,0,1,2,0,0]",0.5929554888209737,0.5832722981770834,0.9486325547490746,0.0,0.0,0.0,0.0,0.0,194.15625,196.0,1.875,2.6471816453168753,1.0,0.45310465494791663,1.0208333333333333,0.585113525390625,0.014811197916666668,0.0,1.0,0.5929554888209737,0.40704451117902635,20.627937929612195,0.0,0.0,0.0,0.0,0.9486325547490746,0.591766357421875,0.408233642578125,0.3593565601166478,0.5643527067806209,emitter_or_generator,True,2,True,False,0.6666666666666666,1.5790132072799712,0.0037535862447710677,0.0,False,False,0.11549779184692105,0.4234919034387105
q3_radius1,q3r1_s1_0046,S1_random_unbiased,3,1,65d34d63f48c,"[1,1,1,0,0,1,2,2,2,0,0,2,2,0,1,0,0,0,0,0,2,0,0,1,2,0,1]",0.5024964327639249,0.4018961588541667,0.8657449049866852,0.0,0.0,0.0,0.0,0.0,166.65625,191.0,1.0,1.8678629898034136,1.0,0.565826416015625,0.9947916666666666,0.47762044270833337,0.006890190972222222,0.0,1.0,0.5024964327639249,0.49750356723607514,19.80057698416667,0.0,0.0,0.0,0.0,0.8657449049866852,0.49436442057291663,0.5056355794270833,0.5424080965350455,0.43477458083572534,emitter_or_generator,True,2,True,False,0.5185185185185185,1.5175287893989997,0.04254593486689695,0.0,True,True,0.15275231836060177,0.5374618608984136
q3_radius1,q3r1_s2_0000,S2_quiescent_preserving,3,1,a9ae8fc9f8b1,"[0,1,1,1,2,2,2,2,0,2,1,2,1,2,2,1,0,1,1,1,2,1,0,1,0,0,0]",0.6165093140280926,0.720062255859375,0.9679918841760937,0.0,0.0,0.0,0.0,0.0,194.59375,196.0,3.25,2.9414000298415126,1.0,0.4186808268229167,1.0208333333333333,0.641845703125,0.02275933159722222,0.0,1.0,0.6165093140280926,0.3834906859719074,33.8129608458829,0.0,0.0,0.0,0.0,0.9679918841760937,0.6622111002604167,0.33778889973958337,0.28771240871783477,0.6411366856379118,chaotic,True,2,True,False,0.5185185185185185,1.5610150105933092,0.015109184045017376,0.0,False,False,0.09643679646904638,0.33931465424294094
q3_radius1,q3r1_s2_0004,S2_quiescent_preserving,3,1,269fe232c651,"[0,0,2,1,1,0,2,2,0,2,1,0,1,0,1,1,2,2,2,0,2,1,2,2,2,1,2]",0.514927417709008,0.5934346516927084,0.5417544402219805,0.0,0.0,0.0,0.10416666666666667,0.23177083333333331,177.40625,179.0,2.75,1.5904625316157037,1.0,0.7899068196614583,0.9322916666666666,0.22529093424479169,-0.043646918402777776,0.625,1.0,0.514927417709008,0.485072582290992,375000010.0300822,0.10416666666666667,0.23177083333333331,0.32552083333333337,0.181640625,0.5417544402219805,0.2605997721354167,0.7394002278645834,0.3159724216394479,0.19492523554949073,transported_identity,True,2,True,False,0.4444444444444444,1.5448491887169091,0.02530868205777448,0.0,True,True,0.11724649129175464,0.40384902556048824
q3_radius1,q3r1_s1_0040,S1_random_unbiased,3,1,c942e3ea147a,"[2,0,2,1,0,0,2,1,1,0,0,0,1,2,2,2,1,2,1,2,0,2,2,1,0,0,1]",0.6697682856689875,0.5557149251302083,0.9555508749098264,0.0,0.0,0.0,0.0,0.0,195.65625,196.0,1.0,0.7831353773246063,1.0,0.5581766764322916,1.0208333333333333,0.5213521321614584,0.028130425347222224,0.0,1.0,0.6697682856689875,0.3302317143310125,21.063531163263775,0.0,0.0,0.0,0.0,0.9555508749098264,0.9267679850260417,0.07323201497395834,0.5539844926129567,0.8847511587280111,chaotic,True,2,True,False,0.5185185185185185,1.5790132072799707,0.003753586244771401,0.0,False,False,0.03353817349638465,0.11800468452431638
q3_radius1,q3r1_s2_0002,S2_quiescent_preserving,3,1,5ca4e9006cff,"[0,2,2,1,1,2,1,1,2,2,2,0,2,0,0,1,2,2,2,1,1,1,1,2,0,1,0]",0.6372233705405332,0.7532246907552083,0.9473445422699023,0.0,0.0,0.0,0.0,0.13020833333333334,195.72916666666669,196.0,3.0,1.7299986452373004,1.0,0.6178690592447917,1.0208333333333333,0.40149943033854163,-0.039794921875,0.5,1.0,0.6372233705405332,0.36277662945946676,125000203.88372473,0.0,0.13020833333333334,0.0,0.0,0.9473445422699023,0.7033182779947917,0.29668172200520837,0.3086678383450603,0.6658650051944108,chaotic,True,2,True,False,0.4444444444444444,1.540709585192697,0.02792048108918921,0.0,True,True,0.08289022986530684,0.2855107917582791
q3_radius1,q3r1_s2_0003,S2_quiescent_preserving,3,1,902978bcab03,"[0,1,2,2,0,1,2,1,2,2,1,0,2,1,0,0,0,1,1,2,1,2,0,0,2,2,0]",0.5679363454973554,0.6788126627604166,0.9534473326993798,0.0,0.0,0.0,0.0,0.0,180.30208333333331,189.0,2.125,2.7952795168334017,1.0,0.39117431640625,0.984375,0.6551411946614584,-0.006673177083333332,0.0,1.0,0.5679363454973554,0.43206365450264467,33.666086881390946,0.0,0.0,0.0,0.0,0.9534473326993798,0.6699117024739583,0.33008829752604163,0.3290914711819999,0.6382966668349099,chaotic,True,2,True,False,0.5185185185185185,1.5790132072799707,0.003753586244771401,0.0,False,False,0.09269530792982181,0.3261501575308545
q3_radius1,q3r1_s2_0005,S2_quiescent_preserving,3,1,13add088a721,"[0,1,1,2,2,0,0,2,2,2,1,1,0,0,1,1,1,0,2,1,1,0,0,0,1,2,1]",0.6033893380963946,0.7579549153645833,0.9399892638136265,0.0,0.0,0.0,0.0,0.2864583333333333,185.84375,187.5,1.25,1.0193275779110382,1.0,0.7095540364583333,0.9765625,0.32701619466145837,-0.008138020833333334,0.5,0.8619791666666667,0.6033893380963946,0.3966106619036054,23.670262942471417,0.0,0.2864583333333333,0.046875,0.016406249999999997,0.9399892638136265,0.94732666015625,0.05267333984375,0.40990301839992394,0.8907148215705978,chaotic,True,2,True,False,0.5185185185185185,1.561015010593309,0.015109184045017487,0.0,False,False,0.024942027955475798,0.08775898725074818
q3_radius1,q3r1_s2_0006,S2_quiescent_preserving,3,1,caa1d9692ffd,"[0,1,2,0,0,1,0,1,2,0,2,0,2,0,1,2,0,0,0,1,2,1,0,0,1,1,2]",0.14894644254641623,0.14763387044270831,0.3558860262869828,0.0,0.0,0.0,0.0,0.0,154.23958333333331,163.5,1.0,0.6082632858946446,1.0,0.8110758463541666,0.8515625,0.20549519856770831,-0.03586154513888889,0.0,1.0,0.14894644254641623,0.8510535574535838,375000041.0973145,0.0,0.0,0.375,0.13124999999999998,0.3558860262869828,0.24579874674479169,0.7542012532552084,0.8502413272056937,0.17200088694029128,transported_identity,True,2,True,False,0.5925925925925926,1.5448491887169091,0.02530868205777448,0.0,True,True,0.11989134615652748,0.430720762117895
q3_radius1,q3r1_s2_0008,S2_quiescent_preserving,3,1,fcfa2a2735f4,"[0,2,0,0,2,0,0,1,1,2,2,0,1,1,1,0,2,1,1,2,0,2,0,2,0,0,2]",0.11126740608808289,0.10789998372395834,0.32267343098583334,0.0,0.0,0.0,0.0,0.0,153.21875,162.0,1.0,0.17105589992180248,1.0,0.8612060546875,0.84375,0.17030843098958331,-0.044108072916666664,0.0,1.0,0.11126740608808289,0.8887325939119171,125000163.84861529,0.0,0.0,0.25260416666666663,0.08841145833333333,0.32267343098583334,0.215576171875,0.784423828125,0.9738223158314481,0.1255806003053691,transported_identity,True,2,True,False,0.5925925925925926,1.5610150105933092,0.015109184045017376,0.0,False,False,0.1169127468194303,0.42001986820313847
q3_radius1,q3r1_s2_0007,S2_quiescent_preserving,3,1,2244f024da47,"[0,0,2,0,2,1,1,1,1,1,0,2,2,2,0,1,2,2,1,0,0,0,1,2,2,0,0]",0.30449733174114857,0.30772908528645837,0.6450960086855251,0.0,0.0,0.0,0.0,0.0,185.26041666666669,187.5,1.125,1.0340731210400906,1.0,0.6529947916666667,0.9765625,0.382781982421875,-0.014024522569444442,0.0,1.0,0.30449733174114857,0.6955026682588514,125000096.14225304,0.0,0.0,0.125,0.04375,0.6450960086855251,0.5044453938802083,0.49555460611979163,0.727264778768681,0.3759354232897475,emitter_or_generator,True,2,True,False,0.5185185185185185,1.5790132072799712,0.0037535862447710677,0.0,False,False,0.14916336927314108,0.5248340770721631
q3_radius1,q3r1_s2_0009,S2_quiescent_preserving,3,1,0b5ea58cf40f,"[0,2,1,0,2,1,0,1,2,1,2,1,0,2,2,1,0,1,1,0,0,0,2,1,0,0,0]",0.4263368912929081,0.5045674641927084,0.8470649400684047,0.0,0.0,0.0,0.0,0.25,190.79166666666669,196.0,1.625,1.3624025835518587,1.0,0.58026123046875,1.0208333333333333,0.4540201822916667,-0.00035264756944444406,1.0,1.0,0.4263368912929081,0.5736631087070919,27.01288528901906,0.0,0.25,0.0,0.0,0.8470649400684047,0.6727498372395834,0.3272501627604167,0.666674129208297,0.5646107249093127,emitter_or_generator,True,2,True,False,0.4444444444444444,1.561015010593309,0.015109184045017487,0.0,False,False,0.11470343933405522,0.3950896243728569
q3_radius1,q3r1_s2_0013,S2_quiescent_preserving,3,1,36a276d378cc,"[0,0,1,1,1,1,0,0,1,2,2,0,2,1,2,2,1,2,1,1,2,2,1,1,0,1,0]",0.683596069125108,0.8801167805989584,0.7763403999848283,0.0,0.0,0.0,0.0,0.0,95.23958333333333,139.5,12.125,3.525125820795324,0.7760416666666667,0.626556396484375,0.7265625,0.4071044921875,-0.031249999999999997,0.0,0.7942708333333334,0.683596069125108,0.31640393087489205,68.61353527060464,0.0,0.0,0.0,0.0,0.7763403999848283,0.46190388997395837,0.5380961100260417,0.028751999719674466,0.3516701341683217,mixed,True,2,True,False,0.5925925925925926,1.5448491887169091,0.02530868205777448,0.0,True,True,0.16537204267615926,0.5941143755402759
q3_radius1,q3r1_s2_0010,S2_quiescent_preserving,3,1,355594fb790d,"[0,2,0,1,2,0,2,1,1,0,1,1,2,0,1,1,1,0,2,0,1,0,2,2,1,2,1]",0.47302267176705526,0.6374918619791667,0.8094850355927548,0.0,0.0,0.0,0.0,0.0,191.67708333333331,196.0,2.0,2.5848245139462414,1.0,0.45561726888020837,1.0208333333333333,0.5881856282552084,-0.01611328125,0.0,1.0,0.47302267176705526,0.5269773282329447,87.6335011906455,0.0,0.0,0.125,0.04375,0.8094850355927548,0.57086181640625,0.42913818359375,0.390713405594841,0.5247111464958227,emitter_or_generator,True,2,True,False,0.37037037037037035,1.5677116575334586,0.01088407024131377,0.0,False,False,0.1217989831705907,0.41050768401939824
q3_radius1,q3r1_s2_0012,S2_quiescent_preserving,3,1,191dd3d5649d,"[0,2,1,2,1,1,0,2,2,1,1,2,0,1,1,2,1,0,2,0,1,1,1,1,1,2,2]",0.7517924728788861,0.904083251953125,0.7820266640242615,0.0,0.0,0.0,0.0,0.6354166666666666,187.66666666666669,188.5,5.75,2.573776327923102,1.0,0.8316548665364583,0.9817708333333333,0.171417236328125,0.010633680555555554,1.25,1.0,0.7517924728788861,0.248207527121114,50.68094875802055,0.0,0.6354166666666666,0.5,0.175,0.7820266640242615,0.3325093587239583,0.6674906412760417,0.16307984798119118,0.2636071740639492,transported_identity,True,2,True,False,0.4444444444444444,1.486565953154142,0.06208130950873836,0.0,True,True,0.08660862016479336,0.29831858056762156
q3_radius1,q3r1_s2_0015,S2_quiescent_preserving,3,1,f67be0d0e2a7,"[0,2,0,0,1,1,0,0,2,1,2,1,2,1,1,2,2,0,1,0,2,2,0,2,2,0,2]",0.49598501465687067,0.6390889485677083,0.43415263834306383,0.0,0.0,0.3046875,0.30208333333333337,0.2734375,136.73958333333331,151.0,1.5,1.3197911468303118,0.8880208333333334,0.8221028645833334,0.7864583333333333,0.18692016601562497,-0.07633463541666667,0.25,0.6953125,0.49598501465687067,0.5040149853431293,132.0695809344876,0.30208333333333337,0.2734375,0.5,0.3713541666666667,0.43415263834306383,0.06248982747395833,0.9375101725260416,0.34951052544990374,0.05187056272174392,transported_identity,True,2,True,False,0.5185185185185185,1.5610150105933087,0.015109184045017598,0.0,False,False,0.09159167294904531,0.3222669974133076
q3_radius1,q3r1_s2_0014,S2_quiescent_preserving,3,1,e63fe44d74e0,"[0,0,2,1,0,1,1,1,2,0,0,2,0,2,2,0,1,1,0,0,2,1,1,0,2,0,0]",0.18961620166099957,0.1612548828125,0.37177216527329715,0.0,0.0,0.0,0.25520833333333337,0.25520833333333337,151.125,188.0,1.5,1.0678466276416447,0.9817708333333333,0.8095804850260417,0.9791666666666666,0.211334228515625,-0.014756944444444444,0.25,1.0,0.18961620166099957,0.8103837983390004,375000012.5607302,0.25520833333333337,0.25520833333333337,0.25520833333333337,0.25520833333333337,0.37177216527329715,0.1807861328125,0.8192138671875,0.5508610846317508,0.12200352935774367,transported_identity,True,2,True,False,0.37037037037037035,1.5448491887169091,0.02530868205777448,0.0,True,True,0.11188128676263902,0.37708137390370927
q3_radius1,q3r1_s2_0011,S2_quiescent_preserving,3,1,de2c1a163c7a,"[0,0,0,2,1,2,1,2,1,0,1,2,2,2,2,2,2,1,2,1,2,0,0,1,2,1,0]",0.48988745496680697,0.6690673828125,0.8554870585654033,0.0,0.0,0.0,0.0,0.0,189.59375,191.0,3.75,2.9086193704259804,1.0,0.450225830078125,0.9947916666666665,0.605560302734375,-0.026258680555555556,0.0,1.0,0.48988745496680697,0.510112545033193,31.437280598615516,0.0,0.0,0.0,0.0,0.8554870585654033,0.5332845052083334,0.46671549479166663,0.24639059097317323,0.46606318341814734,emitter_or_generator,True,2,True,False,0.4444444444444444,1.5448491887169091,0.02530868205777448,0.0,True,True,0.1455719409821568,0.5014144633829846
q3_radius1,q3r1_s2_0020,S2_quiescent_preserving,3,1,0f95f775eb0b,"[0,1,1,2,2,2,0,1,2,1,0,1,1,1,1,0,0,1,1,2,2,0,1,0,0,0,2]",0.7351876425207793,0.8833516438802083,0.6580639565955726,0.0,0.0,0.0,0.29687499999999994,0.546875,167.42708333333334,188.0,2.0,1.591884601765454,1.0,0.8075154622395834,0.9791666666666666,0.20408121744791669,-0.039822048611111105,1.0,0.703125,0.7351876425207793,0.26481235747922066,159.7151330398437,0.29687499999999994,0.546875,0.13020833333333331,0.23854166666666665,0.6580639565955726,0.23974609375,0.76025390625,0.16740160618271402,0.2006606422741697,transported_identity,True,2,True,False,0.4444444444444444,1.561015010593309,0.015109184045017487,0.0,False,False,0.10030699602595305,0.34550187520050496
q3_radius1,q3r1_s2_0018,S2_quiescent_preserving,3,1,997c524bd6f3,"[0,1,0,2,2,2,2,2,0,0,2,2,1,0,1,1,1,1,1,0,2,2,2,2,1,0,1]",0.6695434359482946,0.9322408040364583,0.9476200848547074,0.0,0.0,0.0,0.0,0.0,139.13541666666669,140.0,14.125,3.685195222320866,1.0,0.5013631184895834,0.7291666666666666,0.5314737955729167,-0.033447265625,0.0,0.9973958333333333,0.6695434359482946,0.33045656405170554,22.18179638293325,0.0,0.0,0.0,0.0,0.9476200848547074,0.8209940592447917,0.17900594075520837,0.0829530385353311,0.7791703781946264,chaotic,True,2,True,False,0.5925925925925926,1.5610150105933087,0.015109184045017598,0.0,False,False,0.05884256125383236,0.21139734968969404
q3_radius1,q3r1_s2_0016,S2_quiescent_preserving,3,1,4189b2e222a7,"[0,2,1,1,2,0,1,1,0,1,2,0,1,1,0,2,1,2,1,0,0,2,2,0,0,2,2]",0.5912059197565847,0.6907958984375,0.9083317611493664,0.0,0.0,0.0,0.0,0.0,195.63541666666669,196.0,3.25,2.3367310402907,1.0,0.519287109375,1.0208333333333333,0.52325439453125,0.002848307291666667,0.0,1.0,0.5912059197565847,0.40879408024341535,39.75543119873855,0.0,0.0,0.0,0.0,0.9083317611493664,0.5494486490885417,0.45055135091145837,0.30649644054948383,0.5147580158104298,emitter_or_generator,True,2,True,False,0.37037037037037035,1.584962500721156,0.0,0.0,False,False,0.13184959383729747,0.44438196441459515
q3_radius1,q3r1_s2_0024,S2_quiescent_preserving,3,1,47a3c8dcd53c,"[0,0,1,1,1,2,2,2,2,2,1,2,2,2,1,0,2,2,0,1,1,1,1,1,1,1,1]",0.48167806832901555,0.5421346028645834,0.4766626572411474,0.0,0.0,0.0,0.37239583333333337,0.41666666666666663,116.91666666666667,157.0,4.5,1.7602270550183425,0.7447916666666666,0.945037841796875,0.8177083333333333,0.05501302083333333,-0.031141493055555552,0.375,0.6276041666666666,0.48167806832901555,0.5183219316709844,199.682604750717,0.37239583333333337,0.41666666666666663,0.7578125,0.5072916666666667,0.4766626572411474,0.473175048828125,0.526824951171875,0.33385025026564175,0.3588417479275232,emitter_or_generator,True,2,True,False,0.5925925925925926,1.446554269396512,0.08732587128191893,0.0,True,True,0.0164236558627749,0.05900350439589501
q3_radius1,q3r1_s2_0017,S2_quiescent_preserving,3,1,04975a8679ee,"[0,2,1,2,1,0,1,2,2,0,0,0,1,2,1,0,1,1,2,0,0,2,1,1,0,2,1]",0.627203854048602,0.7494405110677083,0.9092823731187394,0.0,0.0,0.0,0.0,0.0,194.5,196.0,2.875,1.9418439692562233,0.9947916666666667,0.47820027669270837,1.0208333333333333,0.5818990071614583,0.023328993055555556,0.0,1.0,0.627203854048602,0.37279614595139793,91.34481891175042,0.0,0.0,0.0,0.0,0.9092823731187394,0.7177530924479167,0.28224690755208337,0.308863211778286,0.6582757464371836,chaotic,True,2,True,False,0.4444444444444444,1.579013207279971,0.0037535862447711787,0.0,False,False,0.09508964867127408,0.32753101208994406
q3_radius1,q3r1_s2_0019,S2_quiescent_preserving,3,1,b3424a96fa9d,"[0,2,2,2,0,0,0,2,0,0,2,0,1,2,0,1,2,1,0,1,2,0,0,0,1,0,2]",0.33380764712529687,0.420440673828125,0.6955239705969447,0.0,0.0,0.0,0.0,0.0,182.86458333333334,185.0,1.125,1.40797970235489,1.0,0.5575459798177083,0.9635416666666666,0.47355143229166663,-0.002251519097222222,0.0,1.0,0.33380764712529687,0.6661923528747031,125000030.46973173,0.0,0.0,0.12760416666666666,0.04466145833333333,0.6955239705969447,0.5645853678385417,0.43541463216145837,0.6481914471456963,0.4621372080238594,emitter_or_generator,True,2,True,False,0.5185185185185185,1.486565953154142,0.06208130950873836,0.0,True,True,0.13566775677458554,0.4773495145772454
q3_radius1,q3r1_s2_0022,S2_quiescent_preserving,3,1,0d868fbcd6c5,"[0,2,1,0,1,0,0,1,0,2,2,0,1,0,2,1,1,2,0,2,2,2,1,2,1,0,2]",0.4473906469262737,0.535919189453125,0.5881948333282987,0.0,0.0,0.0,0.0,0.0,169.17708333333331,172.0,3.875,1.8056506804720862,1.0,0.7211507161458333,0.8958333333333333,0.3486328125,-0.03464084201388888,0.0,1.0,0.4473906469262737,0.5526093530737263,193.41403168848313,0.0,0.0,0.25,0.0875,0.5881948333282987,0.5508015950520833,0.4491984049479167,0.5142412590335224,0.49984052560980274,transported_identity,True,2,True,False,0.4444444444444444,1.5790132072799707,0.003753586244771401,0.0,False,False,0.1147455023667692,0.395234508152205
q3_radius1,q3r1_s2_0021,S2_quiescent_preserving,3,1,88d185d0f9c1,"[0,1,2,2,2,2,1,2,2,2,1,0,0,1,0,1,2,2,0,0,2,0,0,1,2,1,1]",0.5525136364556347,0.7487691243489584,0.9157880416651771,0.0,0.0,0.0,0.0,0.0,195.85416666666666,196.0,3.0,2.9458711435546663,1.0,0.38930257161458337,1.0208333333333333,0.6890157063802083,-0.012125651041666666,0.0,1.0,0.5525136364556347,0.4474863635443653,26.89383904898326,0.0,0.0,0.0,0.0,0.9157880416651771,0.6656494140625,0.3343505859375,0.28157976337243135,0.609864405547155,chaotic,True,2,True,False,0.4444444444444444,1.5677116575334584,0.010884070241313881,0.0,False,False,0.10464824994446327,0.36045508314204017
q3_radius1,q3r1_s2_0023,S2_quiescent_preserving,3,1,33e72d81d6b2,"[0,0,2,1,0,1,1,0,1,2,1,1,1,0,1,1,1,0,0,1,1,0,1,2,2,0,2]",0.13908921210465242,0.16328938802083334,0.3952716120575701,0.0,0.0,0.0,0.0,0.0,192.91666666666669,195.0,1.875,0.8175930042290396,1.0,0.8255513509114584,1.015625,0.19232177734375,-0.03965928819444444,0.0,1.0,0.13908921210465242,0.8609107878953476,250000048.73713142,0.0,0.0,0.26041666666666663,0.09114583333333333,0.3952716120575701,0.18674723307291669,0.8132527669270833,0.5144817002967144,0.10796514576242881,transported_identity,True,2,True,False,0.4444444444444444,1.486565953154142,0.06208130950873836,0.0,True,True,0.12872075625725654,0.4433714937749948
q3_radius1,q3r1_s2_0025,S2_quiescent_preserving,3,1,d55859a18b8e,"[0,1,1,2,2,0,1,2,0,0,0,1,0,1,1,2,2,2,2,0,0,2,1,2,0,1,2]",0.7888306401965943,0.9954020182291667,0.7556645076288901,0.0,0.0,0.0,0.6432291666666666,0.375,142.36458333333331,191.5,2.125,3.106375863241238,0.9973958333333333,0.74029541015625,0.9973958333333333,0.26060994466145837,0.0033365885416666665,0.375,0.5026041666666666,0.7888306401965943,0.21116935980340568,55.21879032009646,0.6432291666666666,0.375,0.375,0.5493489583333333,0.7556645076288901,0.22589111328125,0.77410888671875,0.06983067017398667,0.1703184214379746,localized_persistence,True,2,True,False,0.4444444444444444,1.5790132072799707,0.003753586244771401,0.0,False,False,0.0721353041994277,0.24846604779802875
q3_radius1,q3r1_s2_0026,S2_quiescent_preserving,3,1,e1ad3a61aaf0,"[0,1,0,1,1,0,2,0,0,1,1,1,0,1,2,1,0,2,1,1,1,0,1,0,0,2,2]",0.6790470525184855,0.8053995768229166,0.5255956645149151,0.0,0.0,0.0,0.005208333333333333,0.26041666666666663,180.9375,196.0,3.125,1.148088818121971,0.921875,0.7945353190104167,1.0208333333333333,0.22391764322916663,-0.05284288194444444,1.0,0.9791666666666667,0.6790470525184855,0.3209529474815145,375000110.7574588,0.005208333333333333,0.26041666666666663,0.125,0.047135416666666666,0.5255956645149151,0.39821370442708337,0.6017862955729166,0.2638906049203963,0.23639626709750744,transported_identity,True,2,True,False,0.2962962962962963,1.5012404120907166,0.05282275674809089,0.0,True,True,0.12944961102182892,0.4267042733682509
q3_radius1,q3r1_s2_0028,S2_quiescent_preserving,3,1,574580a553f6,"[0,2,0,0,0,2,1,1,0,0,1,0,0,0,1,1,1,2,1,1,0,1,0,2,1,1,1]",0.11289775103896804,0.09488932291666666,0.3170427842306379,0.0,0.0,0.0,0.0,0.0,188.66666666666669,196.0,1.25,0.6656948315949109,1.0,0.8715718587239583,1.0208333333333333,0.17087809244791666,-0.03271484375,0.0,1.0,0.11289775103896804,0.887102248961032,231.93587776127276,0.0,0.0,0.3958333333333333,0.13854166666666667,0.3170427842306379,0.13808186848958331,0.8619181315104166,0.7052380385837638,0.08234642195418282,transported_identity,True,2,True,False,0.5185185185185185,1.4558764720277595,0.08144421627304277,0.0,True,True,0.11773419681705509,0.4142499517637124
q3_radius1,q3r1_s2_0027,S2_quiescent_preserving,3,1,b047daabe6f3,"[0,2,1,1,2,2,2,1,1,0,0,0,1,2,1,0,0,1,2,1,2,1,1,2,0,0,1]",0.4305931183546524,0.51751708984375,0.6971527248419177,0.0,0.0,0.0,0.13541666666666666,0.7994791666666666,195.88541666666669,196.0,1.125,0.4292956311103812,1.0,0.9212443033854167,1.0208333333333333,0.07875569661458333,-0.011284722222222222,2.375,1.0,0.4305931183546524,0.5694068816453476,125000300.44445835,0.13541666666666666,0.7994791666666666,0.5,0.2630208333333333,0.6971527248419177,0.937591552734375,0.062408447265625,0.8372200695970576,0.6607174600295803,emitter_or_generator,True,2,True,False,0.5925925925925926,1.5677116575334586,0.01088407024131377,0.0,False,False,0.018141513426430268,0.06517506675421245
q3_radius1,q3r1_s2_0038,S2_quiescent_preserving,3,1,cc3ab03fa710,"[0,0,0,1,0,0,2,1,1,0,1,0,1,0,0,0,0,1,0,2,2,1,0,2,2,2,0]",0.08258541548602115,0.07085164388020833,0.23606402590101433,0.13020833333333334,0.13020833333333334,0.0,1.0,1.0,170.625,172.0,1.125,0.17629466862986837,0.8697916666666667,1.0,0.8958333333333333,0.0,-0.010850694444444444,1.0,0.8697916666666667,0.08258541548602115,0.9174145845139788,250000104.262545,1.0,1.0,1.0,1.0,0.23606402590101433,0.14170328776041666,0.8582967122395833,0.850467464026247,0.0640841824113024,frozen_order,True,2,True,False,0.4444444444444444,1.4784345996621122,0.06721162236366718,0.0,True,True,0.0,0.0
q3_radius1,q3r1_s2_0029,S2_quiescent_preserving,3,1,b1164202979b,"[0,1,2,1,1,1,0,1,0,2,0,0,0,0,1,2,2,1,1,1,0,1,2,0,2,0,0]",0.5967794098796416,0.696929931640625,0.9574737181275512,0.0,0.0,0.0,0.0,0.0,191.34375,196.0,3.0,2.8651416487451913,1.0,0.40431722005208337,1.0208333333333333,0.6573384602864583,0.009874131944444442,0.0,1.0,0.5967794098796416,0.4032205901203584,35.15725706064249,0.0,0.0,0.0,0.0,0.9574737181275512,0.6964314778645834,0.3035685221354167,0.29850347285064094,0.6669119906688639,chaotic,True,2,True,False,0.5925925925925926,1.540709585192697,0.02792048108918921,0.0,True,True,0.08852588573922977,0.3180374413594551
q3_radius1,q3r1_s2_0030,S2_quiescent_preserving,3,1,08275a9b26af,"[0,1,0,2,0,1,0,2,1,2,2,0,0,2,2,0,0,1,1,1,2,1,0,0,2,2,1]",0.509315872851225,0.612762451171875,0.9346783139772767,0.0,0.0,0.0,0.0,0.0,176.32291666666669,191.5,2.0,2.409009221662629,1.0,0.39686075846354163,0.9973958333333333,0.6659037272135417,-0.010823567708333334,0.0,1.0,0.509315872851225,0.49068412714877485,32.78947753190724,0.0,0.0,0.0,0.0,0.9346783139772767,0.6760457356770834,0.3239542643229167,0.4116301936901251,0.6329554810787479,chaotic,True,2,True,False,0.5185185185185185,1.5790132072799712,0.0037535862447710677,0.0,False,False,0.09699924343859048,0.34129363432096654
q3_radius1,q3r1_s2_0033,S2_quiescent_preserving,3,1,60af855294ed,"[0,2,2,1,1,0,0,2,1,2,1,2,1,1,0,0,1,1,1,0,2,1,0,1,2,0,0]",0.6992194351960546,0.860626220703125,0.7001974163394595,0.0,0.0,0.0,0.0,0.0,184.75,187.5,1.625,2.4788228648329547,0.9973958333333333,0.6740926106770833,0.9765625,0.343963623046875,-0.023573133680555556,0.0,0.8515625,0.6992194351960546,0.30078056480394544,25.54664645145263,0.0,0.0,0.0,0.0,0.7001974163394595,0.27002970377604163,0.7299702962239583,0.12374881492873485,0.21035929193840563,emitter_or_generator,True,2,True,False,0.4444444444444444,1.561015010593309,0.015109184045017487,0.0,False,False,0.18308872931605102,0.6306389565330647
q3_radius1,q3r1_s2_0032,S2_quiescent_preserving,3,1,3c4970423b41,"[0,1,1,1,0,1,2,2,0,1,1,1,0,0,2,1,1,1,0,2,2,2,0,0,1,1,2]",0.4038976692371006,0.45311482747395837,0.6275252942111602,0.0,0.0,0.0,0.0,0.390625,188.71875,196.0,1.625,0.8835098356223883,1.0,0.779693603515625,1.0208333333333333,0.22703043619791669,-0.03390842013888889,1.5,1.0,0.4038976692371006,0.5961023307628994,7.798403687928576,0.0,0.390625,0.0078125,0.002734375,0.6275252942111602,0.4830322265625,0.5169677734375,0.6107224567835753,0.3024558422634571,transported_identity,True,2,True,False,0.4444444444444444,1.5448491887169091,0.02530868205777448,0.0,True,True,0.12313757881570696,0.4241405492541018
q3_radius1,q3r1_s2_0034,S2_quiescent_preserving,3,1,1b9803ab03e0,"[0,0,0,0,0,2,1,1,0,1,0,1,0,1,0,2,0,0,2,2,1,2,2,0,2,1,2]",0.24636044938741364,0.24531046549479169,0.3606128008173083,0.0,0.0,0.0,0.0,0.0,150.69791666666669,162.0,2.0,1.157743468468176,1.0,0.802276611328125,0.84375,0.21553548177083331,-0.05113389756944444,0.0,1.0,0.24636044938741364,0.7536395506125864,375000022.65060693,0.0,0.0,0.125,0.04375,0.3606128008173083,0.15531412760416666,0.8446858723958334,0.46663799704151,0.11372619088563071,transported_identity,True,2,True,False,0.5185185185185185,1.5448491887169091,0.02530868205777448,0.0,True,True,0.14654880099410036,0.5156346701644272
q3_radius1,q3r1_s2_0031,S2_quiescent_preserving,3,1,bfdfab437108,"[0,2,2,2,0,1,2,0,0,2,2,1,0,1,2,1,0,1,2,0,1,0,2,1,0,0,1]",0.5324759211564929,0.626495361328125,0.9395036538675928,0.0,0.0,0.0,0.0,0.0,184.85416666666669,189.0,2.0,2.399200975872382,1.0,0.38267008463541663,0.984375,0.6735026041666667,-0.006700303819444445,0.0,1.0,0.5324759211564929,0.46752407884350716,35.761282222366184,0.0,0.0,0.0,0.0,0.9395036538675928,0.5847574869791667,0.41524251302083337,0.4082357786341436,0.5487326770418913,emitter_or_generator,True,2,True,False,0.2962962962962963,1.5790132072799712,0.0037535862447710677,0.0,False,False,0.1163048105993996,0.3833751164202431
q3_radius1,q3r1_s2_0037,S2_quiescent_preserving,3,1,76d4f37f9173,"[0,0,1,0,0,2,1,1,2,2,1,1,1,0,0,2,0,1,1,1,2,0,0,2,2,2,2]",0.39347299104733374,0.4051513671875,0.5581306472025394,0.0,0.0,0.0,0.0,0.0,161.27083333333334,162.0,5.25,2.4706105393361937,1.0,0.7105509440104167,0.84375,0.32568359375,-0.044677734375,0.0,1.0,0.39347299104733374,0.6065270089526662,210.5094021242887,0.0,0.0,0.0,0.0,0.5581306472025394,0.29831949869791663,0.7016805013020833,0.16791481347896653,0.26126309397483205,transported_identity,True,2,True,False,0.37037037037037035,1.584962500721156,0.0,0.0,False,False,0.1709546422703429,0.5761804609852298
q3_radius1,q3r1_s2_0035,S2_quiescent_preserving,3,1,a4d244c4a032,"[0,2,2,2,2,1,0,2,1,0,0,0,2,0,0,2,2,2,2,1,2,0,2,2,2,0,1]",0.5809139060644699,0.6822509765625,0.8523495471498839,0.0,0.0,0.0,0.0,0.125,190.45833333333331,196.0,1.5,2.01558098980561,1.0,0.5659383138020834,1.0208333333333333,0.463470458984375,-0.022867838541666668,0.25,1.0,0.5809139060644699,0.41908609393553,125000020.93240708,0.0,0.125,0.0,0.0,0.8523495471498839,0.6708272298177084,0.3291727701822917,0.42350606281836284,0.5569077428598452,emitter_or_generator,True,2,True,False,0.4444444444444444,1.4277655050602363,0.09918026173451766,0.0,True,True,0.11622118934446918,0.40031742996428277
q3_radius1,q3r1_s2_0040,S2_quiescent_preserving,3,1,fb32880d10a4,"[0,2,0,0,1,1,0,0,1,0,1,2,0,1,1,2,1,2,2,1,2,0,1,2,2,0,1]",0.38037409807116257,0.498931884765625,0.5117124127530065,0.0234375,0.0234375,0.0,0.0625,0.04166666666666667,122.0625,163.0,5.0,1.4863658845857088,0.9921875,0.81414794921875,0.8489583333333333,0.18802897135416669,-0.05360243055555555,0.0,0.9375,0.38037409807116257,0.6196259019288375,250000003.87008965,0.0625,0.04166666666666667,0.3802083333333333,0.17369791666666667,0.5117124127530065,0.026896158854166664,0.9731038411458334,0.41113506930542676,0.017750115113705358,transported_identity,True,2,True,False,0.5925925925925926,1.579013207279971,0.0037535862447711787,0.0,False,False,0.12424786583746171,0.4463719624531032
q3_radius1,q3r1_s2_0039,S2_quiescent_preserving,3,1,57b6f422cb77,"[0,0,0,0,0,0,2,2,0,2,2,2,1,0,1,1,2,2,2,1,2,2,2,0,2,0,0]",0.12346273629776554,0.12171427408854167,0.2808697976802321,0.0,0.0,0.0,0.0,0.0,147.63541666666666,161.5,2.0,0.25573605564449314,1.0,0.8430582682291666,0.8411458333333333,0.17597452799479169,-0.053656684027777776,0.0,1.0,0.12346273629776554,0.8765372637022344,375000053.40906775,0.0,0.0,0.3802083333333333,0.13307291666666665,0.2808697976802321,0.13112386067708331,0.8688761393229167,0.4974016516965575,0.08327114578795507,transported_identity,True,2,True,False,0.6666666666666666,1.4558764720277595,0.08144421627304277,0.0,True,True,0.11790463357197949,0.43231698976392474
q3_radius1,q3r1_s2_0041,S2_quiescent_preserving,3,1,9e22e7ea002b,"[0,0,2,0,2,0,2,0,2,0,1,0,2,1,0,0,2,0,2,0,2,1,0,0,2,2,1]",0.49667806411242443,0.59674072265625,0.8158210051907678,0.125,0.125,0.0,0.125,0.125,156.07291666666669,168.0,2.75,2.879240030975539,0.875,0.48249308268229163,0.875,0.5691121419270833,-0.024495442708333332,0.125,0.875,0.49667806411242443,0.5033219358875756,24.808163522406275,0.125,0.125,0.125,0.125,0.8158210051907678,0.39054361979166663,0.6094563802083333,0.21710230514444837,0.36420048648659453,emitter_or_generator,True,2,True,False,0.14814814814814814,1.446554269396512,0.08732587128191893,0.0,True,True,0.1527626512240499,0.48091945755719406
q3_radius1,q3r1_s2_0036,S2_quiescent_preserving,3,1,8b87abc8dd91,"[0,2,2,1,2,0,2,0,1,1,0,1,1,0,1,2,1,1,2,1,0,1,1,1,2,0,2]",0.5452443915121707,0.6365152994791666,0.880446646773988,0.0,0.0,0.0,0.0,0.0,195.60416666666666,196.0,2.0,1.209445756252344,1.0,0.5675557454427084,1.0208333333333333,0.476654052734375,0.0015190972222222225,0.0,1.0,0.5452443915121707,0.45475560848782925,124.00772529881206,0.0,0.0,0.0,0.0,0.880446646773988,0.8496805826822916,0.15031941731770834,0.5086993660409724,0.7492543295038132,chaotic,True,2,True,False,0.4444444444444444,1.5448491887169091,0.02530868205777448,0.0,True,True,0.06783366111324118,0.23364927716783077
q3_radius1,q3r1_s2_0042,S2_quiescent_preserving,3,1,fcdf359044a5,"[0,2,1,2,2,2,1,1,2,1,0,0,0,1,1,2,2,2,0,1,1,1,0,0,0,1,1]",0.5738123760322215,0.69482421875,0.9542178122755726,0.0,0.0,0.0,0.0,0.0,194.55208333333334,196.0,2.125,2.680620929256409,1.0,0.3899129231770833,1.0208333333333333,0.6560567220052083,0.002766927083333334,0.0,1.0,0.5738123760322215,0.4261876239677785,41.618794523375385,0.0,0.0,0.0,0.0,0.9542178122755726,0.701171875,0.298828125,0.3546242391473817,0.6691686813499831,chaotic,True,2,True,False,0.6666666666666666,1.5677116575334586,0.01088407024131377,0.0,False,False,0.08462830356400355,0.3103037797346797
q3_radius1,q3r1_s2_0043,S2_quiescent_preserving,3,1,3ca24c74aa89,"[0,2,0,0,1,1,2,0,1,2,1,1,1,2,2,1,1,0,0,0,0,0,2,1,0,1,1]",0.3197335093338461,0.3875935872395833,0.580506673665781,0.0,0.0,0.0,0.27083333333333337,0.27083333333333337,193.19791666666666,196.0,1.25,1.5789653735529177,1.0,0.6678670247395833,1.0208333333333333,0.3528645833333333,-0.006049262152777778,0.25,1.0,0.3197335093338461,0.680266490666154,250000017.9463212,0.27083333333333337,0.27083333333333337,0.27083333333333337,0.27083333333333337,0.580506673665781,0.35802205403645837,0.6419779459635417,0.5802893270570555,0.2978815020216121,emitter_or_generator,True,2,True,False,0.37037037037037035,1.540709585192697,0.02792048108918921,0.0,True,True,0.12065221353029763,0.4066426456021142
q3_radius1,q3r1_s3_0001,S3_sparse_active_preserving,3,1,b1567123d928,"[0,0,0,2,0,0,1,1,0,0,1,0,1,0,0,2,0,1,0,0,0,0,1,0,2,0,1]",0.11047247324994602,0.10970052083333334,0.313728309432703,0.0,0.0,0.0,0.0,1.0,195.94791666666669,196.0,1.0,0.0793648680648707,1.0,1.0,1.0208333333333333,0.0,0.0,1.625,1.0,0.11047247324994602,0.889527526750054,375000078.86491126,0.0,1.0,1.0,0.35,0.313728309432703,0.21940104166666669,0.7805989583333333,0.9930043443614255,0.13866395685463961,emitter_or_generator,True,2,True,False,0.37037037037037035,1.2773600852070808,0.19407551621828056,0.0,True,True,0.0,0.0
q3_radius1,q3r1_s2_0045,S2_quiescent_preserving,3,1,b60f89ca4e60,"[0,0,0,2,0,2,1,2,2,1,2,0,0,2,1,1,0,0,2,0,2,2,1,2,2,0,0]",0.4438232527289777,0.6724039713541666,0.8060179951811064,0.0,0.0,0.0,0.0,0.0,162.01041666666669,162.5,9.0,2.418774814925466,1.0,0.6588236490885417,0.8463541666666665,0.3523050944010417,-0.03870985243055555,0.0,1.0,0.4438232527289777,0.5561767472710222,8.86589655294544,0.0,0.0,0.0,0.0,0.8060179951811064,0.7240397135416667,0.27596028645833337,0.27432969358859655,0.5987263895396,emitter_or_generator,True,2,True,False,0.2222222222222222,1.5061046842206038,0.049753742731876605,0.0,True,True,0.09313838496559762,0.3001125737780368
q3_radius1,q3r1_s2_0047,S2_quiescent_preserving,3,1,56efeff7625a,"[0,0,2,0,0,1,1,2,0,0,0,1,2,2,0,2,0,2,2,1,0,1,2,1,0,2,0]",0.4561182526109132,0.5166219075520833,0.765060675371825,0.125,0.125,0.0,0.125,0.22916666666666669,141.5,170.0,1.875,2.1103616574240713,0.875,0.5765889485677084,0.8854166666666666,0.44970703125000006,-0.017306857638888888,0.875,0.875,0.4561182526109132,0.5438817473890869,20.72490489324956,0.125,0.22916666666666669,0.21614583333333334,0.15690104166666666,0.765060675371825,0.5460408528645833,0.45395914713541663,0.2833765778289432,0.4769027436144925,emitter_or_generator,True,2,True,False,0.14814814814814814,1.5304930567574826,0.0343663928571748,0.0,True,True,0.11435548149762435,0.3600079973073359
q3_radius1,q3r1_s2_0044,S2_quiescent_preserving,3,1,6f0484daa438,"[0,0,0,0,2,0,2,0,2,1,1,2,2,1,2,0,1,0,2,1,2,1,1,1,0,0,2]",0.40612097231217614,0.5222371419270834,0.6388059009007548,0.0,0.0,0.0,0.0,0.0,183.21875,187.5,2.25,0.998919624614252,1.0,0.65936279296875,0.9765625,0.377960205078125,-0.03504774305555555,0.0,1.0,0.40612097231217614,0.5938790276878239,125000018.79726686,0.0,0.0,0.125,0.04375,0.6388059009007548,0.466766357421875,0.533233642578125,0.5347034077205548,0.36345970808158035,emitter_or_generator,True,2,True,False,0.4444444444444444,1.5790132072799712,0.0037535862447710677,0.0,False,False,0.1516938101757369,0.5225009017164272
q3_radius1,q3r1_s2_0046,S2_quiescent_preserving,3,1,33242d607a50,"[0,2,0,1,2,2,2,2,2,2,2,1,2,0,2,2,0,1,1,0,2,2,2,1,2,2,0]",0.45816314117484347,0.6111653645833333,0.750997858330323,0.0,0.0,0.0,0.0,0.0,192.71875,193.5,3.0,2.647702134423337,1.0,0.5387674967447917,1.0078125,0.5127054850260416,0.007948133680555554,0.0,1.0,0.45816314117484347,0.5418368588251565,28.425029917488725,0.0,0.0,0.0,0.0,0.750997858330323,0.4902445475260417,0.5097554524739584,0.3079827344796086,0.3832539358296359,emitter_or_generator,True,2,True,False,0.2222222222222222,1.3800943362833298,0.12925742050339462,0.0,True,True,0.17036317985020666,0.548948023961777
q3_radius1,q3r1_s2_0049,S2_quiescent_preserving,3,1,cb32fee4ac83,"[0,2,2,1,0,2,0,0,0,0,1,1,2,0,2,1,0,0,0,2,0,2,2,1,1,0,2]",0.10286648079933074,0.08974202473958333,0.2595247831346783,0.0,0.0,0.0,0.0,0.0078125,159.52083333333331,163.5,1.0,0.1759832612843114,1.0,0.888671875,0.8515625,0.13271077473958331,-0.0556640625,0.0,1.0,0.10286648079933074,0.8971335192006693,375000107.9717814,0.0,0.0078125,0.421875,0.14765625,0.2595247831346783,0.17948404947916666,0.8205159505208333,0.974592151725878,0.09201546119592534,transported_identity,True,2,True,False,0.4444444444444444,1.5304930567574826,0.0343663928571748,0.0,True,True,0.09127269088903422,0.314383713062229
q3_radius1,q3r1_s2_0048,S2_quiescent_preserving,3,1,fa75e2b11bd8,"[0,2,2,1,1,0,2,1,1,1,2,2,2,2,2,1,0,0,0,0,0,1,1,2,0,2,2]",0.5323525331592724,0.6104227701822916,0.9500625460900181,0.0,0.0,0.0,0.0,0.0,175.78125,194.0,2.375,2.637011045775129,1.0,0.40199788411458337,1.0104166666666665,0.6665751139322917,-0.008138020833333334,0.0,1.0,0.5323525331592724,0.46764746684072755,33.036096379712305,0.0,0.0,0.0,0.0,0.9500625460900181,0.7154744466145833,0.28452555338541663,0.3443491124575064,0.6800652550881008,chaotic,True,2,True,False,0.5925925925925926,1.5677116575334584,0.010884070241313881,0.0,False,False,0.08573028545943576,0.3079939885024173
q3_radius1,q3r1_s3_0003,S3_sparse_active_preserving,3,1,fe90a4d4196f,"[0,2,1,0,2,0,1,0,2,1,2,0,1,0,0,0,0,1,2,2,0,1,0,0,1,1,0]",0.43835939397465995,0.5155741373697917,0.8782735829706907,0.0,0.0,0.0,0.0,0.125,180.25,192.5,2.5,1.8791287472926932,1.0,0.538848876953125,1.0026041666666665,0.500701904296875,-0.009847005208333332,1.0,1.0,0.43835939397465995,0.56164060602534,17.820886145783426,0.0,0.125,0.0,0.0,0.8782735829706907,0.59735107421875,0.40264892578125,0.44529933980509884,0.5316483573533461,emitter_or_generator,True,2,True,False,0.4444444444444444,1.5098693043797227,0.047378531862593665,0.0,True,True,0.12636251844815513,0.4352486746547566
q3_radius1,q3r1_s3_0000,S3_sparse_active_preserving,3,1,951ce5a1ff68,"[0,2,1,2,0,0,2,1,1,0,2,0,2,2,0,1,0,1,2,1,2,1,0,1,0,1,0]",0.5372721354166667,0.638214111328125,0.9477946837149136,0.0,0.0,0.0,0.0,0.0,193.79166666666669,196.0,2.0,2.127923920358433,1.0,0.39898681640625,1.0208333333333333,0.6592915852864583,-0.01869032118055556,0.0,1.0,0.5372721354166667,0.4627278645833333,44.56645680788756,0.0,0.0,0.0,0.0,0.9477946837149136,0.6790364583333334,0.3209635416666667,0.4543886141512543,0.6437001946285594,chaotic,True,2,True,False,0.4444444444444444,1.579013207279971,0.0037535862447711787,0.0,False,False,0.09372418304651613,0.32282774160466665
q3_radius1,q3r1_s3_0004,S3_sparse_active_preserving,3,1,b993fcca6d3c,"[0,2,0,1,2,0,0,2,0,2,2,2,0,2,1,1,1,0,2,0,0,0,0,0,1,0,0]",0.10863894131517163,0.108551025390625,0.30117401898528057,0.0,0.0,0.0,0.0,0.0,144.6875,153.5,1.5,0.9051504816080644,1.0,0.84423828125,0.7994791666666666,0.172454833984375,-0.05376519097222222,0.0,1.0,0.10863894131517163,0.8913610586848284,125000174.75346747,0.0,0.0,0.2526041666666667,0.08841145833333333,0.30117401898528057,0.17298380533854166,0.8270161946614583,0.6781894317687864,0.11059505680392129,transported_identity,True,2,True,False,0.4444444444444444,1.4618278953766808,0.07768928620610849,0.0,True,True,0.1180426117201085,0.4065912181470404
q3_radius1,q3r1_s3_0002,S3_sparse_active_preserving,3,1,f217b03ae5a3,"[0,1,2,0,2,1,0,1,1,2,0,0,0,0,0,1,2,0,1,1,0,0,2,0,0,1,0]",0.36294418624851577,0.44871012369791663,0.7836969607539767,0.0,0.0,0.0,0.0,0.125,195.77083333333334,196.0,1.125,0.622362279472611,1.0,0.6778462727864583,1.0208333333333333,0.35005696614583337,-0.005886501736111111,0.5,1.0,0.36294418624851577,0.6370558137514841,26.833215512148353,0.0,0.125,0.0,0.0,0.7836969607539767,0.7709248860677083,0.22907511393229166,0.7998453482718481,0.6033530737192754,chaotic,True,2,True,False,0.5925925925925926,1.461827895376681,0.07768928620610838,0.0,True,True,0.09411829044634952,0.33812867308503347
q3_radius1,q3r1_s3_0007,S3_sparse_active_preserving,3,1,ffcaec734e32,"[0,2,0,2,0,0,0,1,0,0,2,0,0,1,0,0,0,0,2,2,1,1,0,0,0,0,0]",0.09996546611884716,0.09874471028645833,0.23701121268986236,0.0,0.0,0.0,0.0,0.0,159.17708333333334,163.0,1.0,0.08214638001439237,1.0,0.8810831705729167,0.8489583333333333,0.133056640625,-0.054226345486111105,0.0,1.0,0.09996546611884716,0.9000345338811528,375000120.5901648,0.0,0.0,0.40625,0.1421875,0.23701121268986236,0.19748942057291666,0.8025105794270834,0.9927526843004365,0.09295587124899388,transported_identity,True,2,True,False,0.37037037037037035,1.2486545206672304,0.212186710979538,0.0,True,True,0.09121667705382616,0.30743398562585855
q3_radius1,q3r1_s3_0006,S3_sparse_active_preserving,3,1,5656a0dae9b4,"[0,2,2,2,1,0,1,1,0,2,1,2,0,0,0,1,0,0,2,0,2,1,0,1,1,0,0]",0.4524151895948025,0.5467122395833334,0.8949821530940165,0.0,0.0,0.0,0.0,0.0,167.30208333333331,196.0,2.0,2.3713703043542584,1.0,0.45154825846354163,1.0208333333333333,0.5918375651041667,0.004720052083333334,0.0,1.0,0.4524151895948025,0.5475848104051976,28.185790931739106,0.0,0.0,0.0,0.0,0.8949821530940165,0.627716064453125,0.372283935546875,0.40896164180004213,0.5613989357949298,emitter_or_generator,True,2,True,False,0.2962962962962963,1.5448491887169091,0.02530868205777448,0.0,True,True,0.11721316149012846,0.38636931009709014
q3_radius1,q3r1_s3_0005,S3_sparse_active_preserving,3,1,959cd751923b,"[0,1,1,0,2,0,1,2,0,0,2,0,0,0,0,1,0,2,2,0,0,1,0,2,0,0,1]",0.2716487166383312,0.30527750651041663,0.550255966978332,0.0,0.0,0.0,0.0,0.0,186.92708333333331,188.0,1.0,0.31637293224832674,1.0,0.7746683756510417,0.9791666666666666,0.26251220703125,-0.031087239583333332,0.0,1.0,0.2716487166383312,0.7283512833616688,125000158.1105707,0.0,0.0,0.12760416666666666,0.04466145833333333,0.550255966978332,0.58819580078125,0.41180419921875,0.9210315949527391,0.37391399765126354,transported_identity,True,2,True,False,0.4444444444444444,1.4355205042826666,0.09428740198616281,0.0,True,True,0.12163445780939021,0.4189631324545663
q3_radius1,q3r1_s3_0009,S3_sparse_active_preserving,3,1,3ad360323594,"[0,0,1,2,0,0,0,0,1,2,2,0,1,1,1,1,0,0,2,2,1,0,0,1,0,0,1]",0.1543984421382502,0.151580810546875,0.4415972139429813,0.0,0.0,0.0,0.0,0.0,86.85416666666666,126.5,1.25,0.7579263608937664,0.9609375,0.798980712890625,0.6588541666666666,0.21331787109375,-0.015489366319444444,0.0,1.0,0.1543984421382502,0.8456015578617497,125000014.0663528,0.0,0.0,0.125,0.04375,0.4415972139429813,0.26609293619791663,0.7339070638020833,0.765743501216883,0.15283842081195195,transported_identity,True,2,True,False,0.5185185185185185,1.486565953154142,0.06208130950873836,0.0,True,True,0.1380706075653512,0.4858039895817913
q3_radius1,q3r1_s3_0008,S3_sparse_active_preserving,3,1,bd9dbc16283b,"[0,2,2,2,0,2,0,0,0,1,0,0,1,0,0,2,0,1,1,0,0,1,0,1,0,0,2]",0.4516345931664238,0.528656005859375,0.8936816720612646,0.0,0.0,0.0,0.0,0.0,195.55208333333334,196.0,1.125,1.6522892387273331,1.0,0.5152587890625,1.0208333333333333,0.5269877115885416,-0.0037434895833333335,0.0,1.0,0.4516345931664238,0.5483654068335762,30.42480277043438,0.0,0.0,0.0,0.0,0.8936816720612646,0.7336324055989583,0.2663675944010417,0.5526712499456017,0.6563242602447851,chaotic,True,2,True,False,0.4444444444444444,1.4355205042826666,0.09428740198616281,0.0,True,True,0.093320009220811,0.3214355873161268
q3_radius1,q3r1_s3_0010,S3_sparse_active_preserving,3,1,6d532b4a86be,"[0,0,2,2,1,0,1,2,1,0,2,1,0,0,0,2,1,1,0,0,2,2,0,0,0,0,0]",0.1924791088993685,0.17744954427083334,0.41776880666275673,0.0,0.0,0.0,0.0,0.0,159.26041666666669,163.5,2.375,0.6730296002756965,1.0,0.78594970703125,0.8515625,0.24143473307291666,-0.04090711805555555,0.0,1.0,0.1924791088993685,0.8075208911006315,218.3112500758828,0.0,0.0,0.25,0.0875,0.41776880666275673,0.19526163736979166,0.8047383626302084,0.43035004709343305,0.14959226547242427,transported_identity,True,2,True,False,0.4444444444444444,1.4784345996621122,0.06721162236366718,0.0,True,True,0.14724975448816885,0.5071935987925816
q3_radius1,q3r1_s3_0011,S3_sparse_active_preserving,3,1,23c75377cbf9,"[0,1,0,1,2,0,0,1,2,1,1,0,0,0,0,0,2,0,1,2,0,1,2,0,0,0,2]",0.4166548075041829,0.5187174479166666,0.7719257332072148,0.0,0.0,0.0,0.0,0.0,143.91666666666669,154.5,2.0,2.263339319639559,1.0,0.5165608723958334,0.8046875,0.57733154296875,-0.010877821180555556,0.0,1.0,0.4166548075041829,0.5833451924958172,43.915143185007224,0.0,0.0,0.0,0.0,0.7719257332072148,0.48187255859375,0.51812744140625,0.40945313907638303,0.3742676522475794,emitter_or_generator,True,2,True,False,0.5185185185185185,1.4784345996621122,0.06721162236366718,0.0,True,True,0.18661020922528682,0.6565914769037869
q3_radius1,q3r1_s3_0014,S3_sparse_active_preserving,3,1,c5619fd39d28,"[0,0,1,1,0,1,2,2,0,2,0,2,0,0,0,0,0,2,0,1,0,0,1,1,0,0,0]",0.09084619182790911,0.08266194661458333,0.26105536131647034,0.0,0.0,0.0,0.0,1.0,194.0,195.5,1.125,0.596021027956374,0.9921875,1.0,1.0182291666666665,0.0,0.0,3.125,1.0,0.09084619182790911,0.9091538081720909,246.0643174003224,0.0,1.0,1.0,0.35,0.26105536131647034,0.14615885416666669,0.8538411458333334,0.8132572121776442,0.08641012457585837,emitter_or_generator,True,2,True,False,0.5185185185185185,1.3800943362833298,0.12925742050339462,0.0,True,True,0.0,0.0
q3_radius1,q3r1_s3_0027,S3_sparse_active_preserving,3,1,b30fe6b1cff2,"[0,2,0,1,0,0,0,2,1,2,0,0,0,2,1,0,0,1,0,0,0,0,0,0,1,0,0]",0.002355914865338946,0.0,0.015023859300499886,1.0,1.0,0.0,1.0,1.0,4.5625,7.0,1.5,0.8575239260731579,0.0,1.0,0.03645833333333333,0.0,-0.08333333333333333,1.0,0.0,0.002355914865338946,0.9976440851346611,0.0,1.0,1.0,1.0,1.0,0.015023859300499886,0.0,1.0,0.01975982525687597,0.0,collapse,True,2,True,False,0.2222222222222222,1.2486545206672304,0.212186710979538,0.0,True,True,0.0,0.0
q3_radius1,q3r1_s3_0019,S3_sparse_active_preserving,3,1,fc211b71afb4,"[0,0,1,0,1,0,0,2,0,2,0,1,2,0,2,0,0,2,0,0,2,0,0,0,0,0,0]",0.05188557521049223,0.050333658854166664,0.18258966228834073,0.13020833333333334,0.13020833333333334,0.0,0.13020833333333334,1.0,170.34375,171.5,1.125,0.19185973158879518,0.8697916666666667,1.0,0.8932291666666665,0.0,-0.010850694444444444,1.875,0.8697916666666667,0.05188557521049223,0.9481144247895077,250000101.0481818,0.13020833333333334,1.0,1.0,0.43463541666666666,0.18258966228834073,0.10066731770833333,0.8993326822916666,0.8655914409689114,0.04193131360528796,emitter_or_generator,True,2,True,False,0.5185185185185185,1.224394445405986,0.22749311428573982,0.0,True,True,0.0,0.0
q3_radius1,q3r1_s3_0013,S3_sparse_active_preserving,3,1,d58b6c7cbb95,"[0,0,2,1,2,0,2,0,0,0,0,0,0,2,0,1,0,0,1,0,0,0,2,0,2,1,0]",0.21982106684814876,0.29521687825520837,0.5244981994765756,0.0,0.0,0.0,0.203125,0.65625,193.72916666666666,195.5,1.0,0.14480099466935173,1.0,0.9263407389322917,1.0182291666666665,0.07365926106770834,0.0,1.0,1.0,0.21982106684814876,0.7801789331518513,125000018.65775464,0.203125,0.65625,0.5390625,0.320703125,0.5244981994765756,0.581451416015625,0.418548583984375,0.9697510645330818,0.34835392760222006,emitter_or_generator,True,2,True,False,0.4444444444444444,1.3105673797344795,0.17312404606533416,0.0,True,True,0.030204351837691046,0.10403721188538027
q3_radius1,q3r1_s3_0012,S3_sparse_active_preserving,3,1,8a5560de0784,"[0,1,1,0,0,0,1,1,0,2,0,1,0,0,0,2,2,1,1,2,0,0,0,1,2,0,2]",0.4099359858221341,0.5045064290364584,0.8288144048607895,0.0,0.0,0.0,0.0,0.0,138.46875,151.0,2.0,1.9456836715292583,1.0,0.5653584798177084,0.7864583333333333,0.49492390950520837,-0.005859375,0.0,1.0,0.4099359858221341,0.5900640141778659,29.213459366778437,0.0,0.0,0.0,0.0,0.8288144048607895,0.5528666178385417,0.44713338216145837,0.4603700945186709,0.4584223104168124,emitter_or_generator,True,2,True,False,0.37037037037037035,1.5098693043797227,0.047378531862593665,0.0,True,True,0.15153854413735685,0.5107410191296101
q3_radius1,q3r1_s3_0022,S3_sparse_active_preserving,3,1,86616308e2f5,"[0,0,2,0,0,0,1,0,2,1,0,0,1,2,1,0,0,2,2,0,1,1,0,0,2,0,2]",0.4898424428567574,0.5865885416666667,0.4457588997672235,0.0,0.0,0.4921875,0.4921875,0.38541666666666663,100.45833333333334,124.5,1.5,1.2041702688826863,0.8932291666666667,0.8553263346354167,0.6484375,0.14715576171875,-0.05875651041666666,0.375,0.5052083333333333,0.4898424428567574,0.5101575571432426,125000004.65586422,0.4921875,0.38541666666666663,0.4557291666666667,0.4794270833333334,0.4457588997672235,0.14217122395833334,0.8578287760416667,0.4529020793502815,0.08867376961667814,transported_identity,True,2,True,False,0.37037037037037035,1.4784345996621122,0.06721162236366718,0.0,True,True,0.0597124038737257,0.20125291675959403
q3_radius1,q3r1_s3_0016,S3_sparse_active_preserving,3,1,a2d6f0d7d8f8,"[0,0,1,1,1,2,1,1,0,2,0,0,2,2,0,1,0,0,0,1,2,1,0,2,0,0,1]",0.34790413284960603,0.457305908203125,0.6994792971611475,0.0,0.0,0.0,0.0,0.0,178.42708333333331,189.0,2.5,1.7174050673725643,1.0,0.609283447265625,0.984375,0.4841206868489583,-0.037896050347222224,0.0,1.0,0.34790413284960603,0.652095867150394,60.498623904420434,0.0,0.0,0.125,0.04375,0.6994792971611475,0.49052937825520837,0.5094706217447917,0.43513345067561304,0.4062872661810948,emitter_or_generator,True,2,True,False,0.37037037037037035,1.5304930567574824,0.03436639285717491,0.0,True,True,0.1674637577457612,0.5644148872171951
q3_radius1,q3r1_s3_0018,S3_sparse_active_preserving,3,1,aff7b0013d68,"[0,0,1,2,0,2,0,0,0,2,0,2,2,0,0,0,0,0,1,0,0,0,0,2,0,0,0]",0.19785431382569624,0.22640991210937497,0.5202459502624517,0.0,0.0,0.0,0.0,0.0,109.34374999999999,145.5,1.75,0.6463498217080338,0.9661458333333334,0.7558695475260416,0.7578125,0.26749674479166663,-0.005343967013888888,0.0,1.0,0.19785431382569624,0.8021456861743037,16.35313148408676,0.0,0.0,0.12760416666666666,0.04466145833333333,0.5202459502624517,0.27335611979166663,0.7266438802083333,0.6643860433751919,0.1743307138642427,localized_persistence,True,2,True,False,0.2962962962962963,1.1170949925429108,0.29519153163899214,0.0,True,True,0.15948828166500933,0.5257206321550307
q3_radius1,q3r1_s3_0015,S3_sparse_active_preserving,3,1,dac3df1ff345,"[0,1,2,2,0,2,0,0,0,2,0,2,0,0,0,0,0,0,1,0,2,2,2,0,2,0,1]",0.44150918753035945,0.5199381510416666,0.652208970295374,0.0,0.0,0.0,0.0,0.1328125,195.85416666666669,196.0,1.125,0.26845882235749857,1.0,0.6846720377604166,1.0208333333333333,0.36725870768229163,-0.05018446180555555,0.25,1.0,0.44150918753035945,0.5584908124696406,125000260.55344737,0.0,0.1328125,0.0,0.0,0.652208970295374,0.9478047688802083,0.052195231119791664,0.8902234798769526,0.6198087098834192,chaotic,True,2,True,False,0.37037037037037035,1.3516441151533924,0.14720751150995937,0.0,True,True,0.09559977199212684,0.3222066389364275
q3_radius1,q3r1_s3_0017,S3_sparse_active_preserving,3,1,bebd47c59099,"[0,0,0,1,1,1,1,2,2,1,0,2,2,0,2,0,1,0,0,2,2,1,0,0,1,1,0]",0.4183611038023532,0.5099385579427084,0.7321151643371753,0.0,0.0,0.0,0.0,0.0,178.40625,189.0,1.375,0.932626259057477,1.0,0.5478312174479167,0.984375,0.5157674153645834,-0.038764105902777776,0.0,1.0,0.4183611038023532,0.5816388961976467,29.598499326256885,0.0,0.0,0.0,0.0,0.7321151643371753,0.8163248697916667,0.18367513020833331,0.678884361418225,0.610766503316712,chaotic,True,2,True,False,0.4444444444444444,1.561015010593309,0.015109184045017487,0.0,False,False,0.10997928333280585,0.3788175314796646
q3_radius1,q3r1_s3_0020,S3_sparse_active_preserving,3,1,ca67369dfddd,"[0,0,0,1,0,2,1,0,2,2,1,0,1,0,0,2,2,0,1,2,0,2,0,2,0,0,0]",0.24862644544743093,0.266876220703125,0.5896000889873428,0.0,0.0,0.0,0.0,0.0,106.80208333333334,146.0,1.875,1.8843211444694308,0.9947916666666666,0.6382242838541667,0.7604166666666666,0.385467529296875,-0.042290581597222224,0.0,1.0,0.24862644544743093,0.751373554552569,34.793826387296754,0.0,0.0,0.0,0.0,0.5896000889873428,0.3006591796875,0.6993408203125,0.49303756309318164,0.2237224919754373,emitter_or_generator,True,2,True,False,0.4444444444444444,1.4618278953766808,0.07768928620610849,0.0,True,True,0.19097570762350746,0.6578052151476369
q3_radius1,q3r1_s3_0021,S3_sparse_active_preserving,3,1,c9637bd2a20f,"[0,0,0,1,0,2,0,1,1,2,0,1,2,2,0,0,2,2,2,0,1,0,0,2,0,1,0]",0.20242878810111722,0.20750935872395837,0.45670127221022605,0.0,0.0,0.0,0.0,0.0,161.15625,162.0,1.0,0.69005703981288,1.0,0.7500712076822917,0.84375,0.278533935546875,-0.04977756076388888,0.0,1.0,0.20242878810111722,0.7975712118988827,375000046.5033104,0.0,0.0,0.125,0.04375,0.45670127221022605,0.35615030924479163,0.6438496907552083,0.8317738986719252,0.2801050380074993,transported_identity,True,2,True,False,0.5925925925925926,1.5098693043797229,0.047378531862593554,0.0,True,True,0.14382063201346998,0.5166889372335773
q3_radius1,q3r1_s3_0025,S3_sparse_active_preserving,3,1,041a2669dc32,"[0,0,0,2,1,2,0,0,0,0,0,0,0,0,1,1,0,2,2,0,1,0,0,0,2,1,0]",0.06583838059288644,0.06425984700520833,0.18792004194081066,0.028645833333333336,0.028645833333333336,0.0,0.028645833333333336,0.028645833333333336,141.97916666666669,156.5,1.25,0.390023977260179,0.9713541666666666,0.9035542805989584,0.8151041666666666,0.10838826497395833,-0.05455186631944444,0.0,0.9713541666666666,0.06583838059288644,0.9341616194071136,250000133.94801843,0.028645833333333336,0.028645833333333336,0.5286458333333334,0.20364583333333336,0.18792004194081066,0.12034098307291667,0.8796590169270834,0.8637515468109372,0.05132573823941115,transported_identity,True,2,True,False,0.5185185185185185,1.321326418825343,0.1663358481830699,0.0,True,True,0.07398776130675408,0.26032730830154216
q3_radius1,q3r1_s3_0024,S3_sparse_active_preserving,3,1,5d216deee40c,"[0,1,1,1,0,0,1,1,1,0,1,2,0,0,0,2,1,0,1,2,2,1,2,0,0,0,1]",0.2274571552177785,0.2535807291666667,0.42934340091015166,0.0,0.0,0.0,0.0,0.0,168.9375,180.0,1.375,0.7494679886870215,1.0,0.8082478841145833,0.9375,0.21077473958333334,-0.026312934027777776,0.0,1.0,0.2274571552177785,0.7725428447822215,139.4969327955983,0.0,0.0,0.2578125,0.09023437499999999,0.42934340091015166,0.33416748046875,0.66583251953125,0.7554685102282586,0.20757084693174999,transported_identity,True,2,True,False,0.37037037037037035,1.5061046842206038,0.049753742731876605,0.0,True,True,0.12281547878075082,0.4139336507054935
q3_radius1,q3r1_s3_0028,S3_sparse_active_preserving,3,1,754badaa7cc6,"[0,2,0,0,1,1,2,0,1,0,0,0,2,0,0,0,0,0,2,0,2,0,0,0,1,0,0]",0.10007425416936529,0.10322062174479167,0.29634863137553147,0.005208333333333333,0.005208333333333333,0.0,0.005208333333333333,0.005208333333333333,125.625,170.5,2.0,1.5084942275036366,0.9192708333333334,0.8476969401041667,0.8880208333333333,0.16758219401041666,-0.054280598958333336,0.0,0.9947916666666667,0.10007425416936529,0.8999257458306347,225.56046835294995,0.005208333333333333,0.005208333333333333,0.013020833333333334,0.007942708333333333,0.29634863137553147,0.12757364908854166,0.8724263509114584,0.5011651742222872,0.07406809581492307,transported_identity,True,2,True,False,0.2962962962962963,1.2486545206672304,0.212186710979538,0.0,True,True,0.1304921208212362,0.4301406945588897
q3_radius1,q3r1_s3_0023,S3_sparse_active_preserving,3,1,e94f9bfdb635,"[0,2,0,2,2,2,1,1,1,2,2,0,2,0,0,0,1,0,2,2,2,0,1,0,0,0,0]",0.43724268252779575,0.5763041178385416,0.8411169276524229,0.0,0.0,0.0,0.0,0.0,194.88541666666669,195.5,1.5,1.3887818137362498,1.0,0.6368204752604166,1.0182291666666665,0.40288289388020837,-0.025065104166666664,0.0,1.0,0.43724268252779575,0.5627573174722043,34.40717168239543,0.0,0.0,0.0,0.0,0.8411169276524229,0.66876220703125,0.33123779296875,0.584289350275355,0.5623880493619126,emitter_or_generator,True,2,True,False,0.4444444444444444,1.5012404120907163,0.052822756748091004,0.0,True,True,0.11227550574236374,0.3867267420014751
q3_radius1,q3r1_s3_0030,S3_sparse_active_preserving,3,1,15090760b9d1,"[0,1,0,1,0,0,2,0,1,0,1,1,0,1,1,0,0,1,0,0,1,0,1,1,2,2,0]",0.10523225194637845,0.10378011067708333,0.22788885018285926,0.0,0.0,0.0,0.4765625,0.45052083333333337,155.72916666666669,180.0,1.25,0.5584918282321145,1.0,0.943084716796875,0.9375,0.059214274088541664,-0.020480685763888888,0.5,1.0,0.10523225194637845,0.8947677480536216,125000157.80914876,0.4765625,0.45052083333333337,0.6536458333333333,0.5385416666666667,0.22788885018285926,0.11905924479166666,0.8809407552083334,0.7754525193062228,0.06211457610585019,emitter_or_generator,True,2,True,False,0.2962962962962963,1.3876892931631746,0.12446553623080825,0.0,True,True,0.024169039754733525,0.07966831622856607
q3_radius1,q3r1_s3_0026,S3_sparse_active_preserving,3,1,89f564f7fce4,"[0,0,1,2,0,2,0,0,1,0,0,0,1,0,0,1,0,0,2,0,0,1,0,0,0,0,0]",0.2859198219417908,0.3562520345052083,0.7051555932625694,0.0,0.0,0.0,0.0,0.0,183.08333333333334,196.0,1.0,0.5183628920510053,1.0,0.5517069498697917,1.0208333333333333,0.4886474609375,0.00835503472222222,0.0,1.0,0.2859198219417908,0.7140801780582091,44.46538269726769,0.0,0.0,0.0,0.0,0.7051555932625694,0.6758829752604167,0.32411702473958337,0.8955817156783077,0.47627289470353706,emitter_or_generator,True,2,True,False,0.37037037037037035,1.1595115491253796,0.26842966404706536,0.0,True,True,0.14119169518560412,0.475868305995925
q3_radius1,q3r1_s3_0029,S3_sparse_active_preserving,3,1,12e3c9d849ad,"[0,2,0,0,2,0,1,1,2,0,0,0,2,0,0,1,0,0,0,0,2,0,0,0,2,0,2]",0.08601982894133203,0.07220458984375,0.25407884957556154,0.0,0.0,0.0,0.22916666666666666,0.203125,186.01041666666666,196.0,1.125,0.6824666404767774,1.0,0.9558207194010416,1.0208333333333333,0.046112060546875,-0.031792534722222224,0.125,1.0,0.08601982894133203,0.9139801710586679,375000037.58517,0.22916666666666666,0.203125,0.5859375,0.3540364583333333,0.25407884957556154,0.10981241861979167,0.8901875813802084,0.8365874419799246,0.06602196190690686,emitter_or_generator,True,2,True,False,0.07407407407407407,1.2773600852070808,0.19407551621828056,0.0,True,True,0.026591059456767766,0.08174288647821201
q3_radius1,q3r1_s3_0031,S3_sparse_active_preserving,3,1,d68c46cb87cb,"[0,2,0,2,0,2,1,0,0,0,1,1,0,0,0,0,0,0,1,0,2,0,0,0,0,0,2]",0.05671177997490284,0.020060221354166664,0.1917172127165293,0.013020833333333332,0.013020833333333332,0.0,0.013020833333333332,0.010416666666666666,154.76041666666666,187.0,1.375,0.5371359498340641,0.9895833333333333,0.93609619140625,0.9739583333333333,0.07850138346354166,-0.058213975694444434,0.0,0.9869791666666666,0.05671177997490284,0.9432882200250972,231.27201678897603,0.013020833333333332,0.010416666666666666,0.4375,0.16158854166666664,0.1917172127165293,0.026702880859375,0.973297119140625,0.8079528291082093,0.008795662164989589,emitter_or_generator,True,2,True,False,0.2962962962962963,1.2486545206672304,0.212186710979538,0.0,True,True,0.06106863149865004,0.20130030382888348
q3_radius1,q3r1_s3_0034,S3_sparse_active_preserving,3,1,d233a1a1b09c,"[0,0,2,1,0,2,0,2,0,0,1,2,2,2,0,0,0,0,2,0,0,1,0,1,2,0,0]",0.14369304439564443,0.12743123372395834,0.3484651421133801,0.28645833333333337,0.28645833333333337,0.0,0.40364583333333337,0.3802083333333333,107.36458333333333,145.5,1.0,0.27881747813836255,0.9635416666666667,0.832855224609375,0.7578125,0.185150146484375,-0.038601345486111105,0.375,0.7135416666666666,0.14369304439564443,0.8563069556043555,125000011.89395903,0.40364583333333337,0.3802083333333333,0.375,0.3936197916666666,0.3484651421133801,0.23153686523437503,0.768463134765625,0.8563450336366398,0.11895851369821014,transported_identity,True,2,True,False,0.37037037037037035,1.3992075416402174,0.11719833055761275,0.0,True,True,0.08238249700099032,0.27765952692926366
q3_radius1,q3r1_s3_0033,S3_sparse_active_preserving,3,1,e1df46140507,"[0,1,1,0,1,0,1,1,1,0,2,0,0,1,0,2,0,1,1,0,0,1,0,0,1,0,1]",0.20877270212651122,0.203033447265625,0.35495617851048333,0.0,0.0,0.0,0.0,0.0,155.16666666666666,163.5,2.0,1.1506444260790754,1.0,0.8011271158854166,0.8515625,0.22925821940104166,-0.04313151041666667,0.0,1.0,0.20877270212651122,0.7912272978734887,375000026.3723677,0.0,0.0,0.125,0.04375,0.35495617851048333,0.22234090169270831,0.7776590983072917,0.5701921138703838,0.155100445665925,transported_identity,True,2,True,False,0.37037037037037035,1.305803563478725,0.17612967948163694,0.0,True,True,0.14838939898526074,0.5001272336169899
q3_radius1,q3r1_s3_0036,S3_sparse_active_preserving,3,1,9a4b5b78a548,"[0,0,2,2,0,0,0,1,0,0,0,0,2,1,2,2,2,1,2,0,0,0,0,1,0,0,0]",0.13632940051880937,0.11468505859375,0.33266238107880086,0.3723958333333333,0.3723958333333333,0.0,0.3723958333333333,0.27083333333333337,106.16666666666666,140.5,1.0,0.17661777303303983,0.9869791666666666,0.8173726399739583,0.7317708333333333,0.19322713216145831,-0.053873697916666664,0.25,0.6276041666666666,0.13632940051880937,0.8636705994811906,20.669247982220835,0.3723958333333333,0.27083333333333337,0.13541666666666666,0.289453125,0.33266238107880086,0.22530110677083334,0.7746988932291667,0.8514240121287255,0.10869597660297711,transported_identity,True,2,True,False,0.2962962962962963,1.360388077926312,0.14169068523240325,0.0,True,True,0.10002459586290631,0.3297107048814319
q3_radius1,q3r1_s3_0032,S3_sparse_active_preserving,3,1,d77327c09821,"[0,1,1,0,1,0,2,1,2,2,0,0,0,0,0,0,2,0,2,0,0,0,0,0,0,0,1]",0.4075099174222798,0.47198486328125006,0.848197110930119,0.0,0.0,0.0,0.0,0.0,185.08333333333331,187.5,1.375,1.0349344284678115,1.0,0.70697021484375,0.9765625,0.41865030924479163,-0.030517578125,0.0,1.0,0.4075099174222798,0.5924900825777202,9.830506781809621,0.0,0.0,0.0,0.0,0.848197110930119,0.765960693359375,0.234039306640625,0.6888059134329859,0.6540077054331882,chaotic,True,2,True,False,0.37037037037037035,1.321326418825343,0.1663358481830699,0.0,True,True,0.1024044808761512,0.34514102813813924
q3_radius1,q3r1_s3_0037,S3_sparse_active_preserving,3,1,6db269525fb0,"[0,0,2,0,0,0,2,2,0,2,0,0,0,1,0,0,0,0,0,1,2,2,0,1,0,1,0]",0.13283764142446566,0.11210123697916666,0.2687395744346447,0.125,0.125,0.0,0.125,0.125,137.71875,148.5,1.5,0.6866891032132598,0.875,0.8640543619791667,0.7734375,0.15262858072916669,-0.03781467013888889,0.125,0.875,0.13283764142446566,0.8671623585755344,161.31420116071456,0.125,0.125,0.4088541666666667,0.22434895833333335,0.2687395744346447,0.17540486653645831,0.8245951334635417,0.6443252574813637,0.09484551214179038,transported_identity,True,2,True,False,0.4444444444444444,1.3105673797344795,0.17312404606533416,0.0,True,True,0.09259041312904764,0.3189225341111641
q3_radius1,q3r1_s3_0035,S3_sparse_active_preserving,3,1,3199ba3331c9,"[0,0,2,2,0,0,2,0,0,1,1,2,0,0,0,2,0,0,0,1,0,0,1,0,0,0,1]",0.1703263515017811,0.20739746093750003,0.3819535445676644,0.0,0.0,0.0,0.0,0.005208333333333333,176.6875,179.5,1.5,0.5875278316952248,1.0,0.7920633951822917,0.9348958333333333,0.230499267578125,-0.036539713541666664,0.0,1.0,0.1703263515017811,0.8296736484982189,141.77795253428937,0.0,0.005208333333333333,0.2552083333333333,0.08932291666666665,0.3819535445676644,0.267578125,0.732421875,0.721336326793195,0.13287514654042482,transported_identity,True,2,True,False,0.37037037037037035,1.321326418825343,0.1663358481830699,0.0,True,True,0.14417021125717996,0.4859070083112362
q3_radius1,q3r1_s3_0041,S3_sparse_active_preserving,3,1,998f67dfdf1a,"[0,0,2,1,0,0,0,0,2,0,0,2,1,0,0,0,0,1,2,0,2,2,0,0,2,1,2]",0.5016851606352548,0.5423583984375,0.4795949171588265,0.0,0.0,0.20572916666666669,0.3697916666666667,0.6744791666666666,158.45833333333331,196.0,1.0,0.3770607341292814,0.8958333333333334,0.8599650065104167,1.0208333333333333,0.14206949869791666,-0.054307725694444434,1.0,0.7942708333333333,0.5016851606352548,0.49831483936474524,375000001.5427646,0.3697916666666667,0.6744791666666666,0.27864583333333337,0.337890625,0.4795949171588265,0.3542582194010417,0.6457417805989583,0.5239896270721077,0.20731465240509356,transported_identity,True,2,True,False,0.2222222222222222,1.3992075416402174,0.11719833055761275,0.0,True,True,0.06412275823046255,0.20661777652037935
q3_radius1,q3r1_s3_0038,S3_sparse_active_preserving,3,1,ae7bde96491c,"[0,2,2,1,2,0,2,0,0,2,2,1,0,2,0,0,0,0,0,0,1,2,1,1,0,0,2]",0.26081429120790156,0.261138916015625,0.541062773539044,0.0,0.0,0.0,0.0,0.010416666666666666,166.04166666666669,172.0,1.25,0.45905317617342856,1.0,0.8346659342447917,0.8958333333333333,0.170440673828125,-0.038519965277777776,0.0,1.0,0.26081429120790156,0.7391857087920984,195.06706433170842,0.0,0.010416666666666666,0.3828125,0.133984375,0.541062773539044,0.394256591796875,0.605743408203125,0.7219370251689112,0.33790535558980317,transported_identity,True,2,True,False,0.37037037037037035,1.486565953154142,0.06208130950873836,0.0,True,True,0.08157023884600476,0.2749219161106086
q3_radius1,q3r1_s3_0040,S3_sparse_active_preserving,3,1,c1ed8bffb57d,"[0,0,0,1,1,0,2,1,0,2,0,2,0,2,0,0,2,0,2,0,0,0,0,0,1,0,1]",0.1482930290472528,0.140625,0.35759681532167914,0.0,0.0,0.0,0.0,0.0,135.125,161.5,2.0,0.9547820997489824,1.0,0.8341776529947917,0.8411458333333333,0.19873046875,-0.03919813368055555,0.0,1.0,0.1482930290472528,0.8517069709527472,257.053066060614,0.0,0.0,0.375,0.13124999999999998,0.35759681532167914,0.1956787109375,0.8043212890625,0.6271779990128923,0.13491595038235282,transported_identity,True,2,True,False,0.4444444444444444,1.3800943362833298,0.12925742050339462,0.0,True,True,0.12458797594530473,0.42913636158938295
q3_radius1,q3r1_s3_0039,S3_sparse_active_preserving,3,1,eabed77575d7,"[0,1,0,0,1,2,2,1,2,1,2,2,0,0,0,2,0,1,1,2,0,2,2,0,0,0,0]",0.5245253805051813,0.636260986328125,0.9243539388079991,0.0,0.0,0.0,0.0,0.0,195.8125,196.0,2.125,2.1727848767244273,1.0,0.450469970703125,1.0208333333333333,0.6240743001302084,-0.024169921875,0.0,1.0,0.5245253805051813,0.4754746194948187,59.163508413377585,0.0,0.0,0.0,0.0,0.9243539388079991,0.695770263671875,0.304229736328125,0.4048879184037928,0.6436102118791076,chaotic,True,2,True,False,0.4444444444444444,1.5304930567574826,0.0343663928571748,0.0,True,True,0.10019069634433773,0.34510128740827445
q3_radius1,q3r1_s3_0042,S3_sparse_active_preserving,3,1,317f5c2b1851,"[0,1,2,1,1,0,2,0,1,2,2,0,0,0,0,2,0,0,2,0,0,0,0,0,2,0,1]",0.43765285142756905,0.555267333984375,0.8696519280702455,0.013020833333333334,0.013020833333333334,0.0,0.013020833333333334,0.013020833333333334,144.86458333333331,188.0,2.0,2.4358032286417823,0.9869791666666667,0.43314615885416663,0.9791666666666666,0.62298583984375,-0.015245225694444444,0.0,0.9869791666666667,0.43765285142756905,0.562347148572431,26.755160208308993,0.013020833333333334,0.013020833333333334,0.013020833333333334,0.013020833333333336,0.8696519280702455,0.5437113444010417,0.45628865559895837,0.3970387544485581,0.473849001131805,emitter_or_generator,True,2,True,False,0.2962962962962963,1.4265732850165125,0.09993246883290718,0.0,True,True,0.14012996957632556,0.46190989971455465
q3_radius1,q3r1_s3_0043,S3_sparse_active_preserving,3,1,e3e9f940fa7f,"[0,2,2,1,0,0,1,1,1,0,0,1,0,0,0,1,0,0,1,0,2,2,1,0,1,0,1]",0.22495076075736722,0.22330729166666669,0.4678820629261581,0.0,0.0,0.0,0.0,0.0,161.80208333333334,172.0,1.875,0.8642114673864646,1.0,0.7823384602864584,0.8958333333333333,0.24059041341145831,-0.028320312499999997,0.0,1.0,0.22495076075736722,0.7750492392426327,125000141.19585913,0.0,0.0,0.0,0.0,0.4678820629261581,0.359039306640625,0.640960693359375,0.4782768415204863,0.2858678875425775,transported_identity,True,2,True,False,0.37037037037037035,1.446554269396512,0.08732587128191893,0.0,True,True,0.13441618400255606,0.4530323238604667
q3_radius1,q3r1_s3_0044,S3_sparse_active_preserving,3,1,058b8dca985c,"[0,1,1,1,1,0,0,1,2,0,1,0,0,2,0,0,0,0,0,0,2,0,0,0,2,0,0]",0.20734680913684694,0.20682779947916669,0.3179855668359205,0.0,0.0,0.0,0.0,0.0,161.22916666666666,163.5,2.0,0.12255409812596985,1.0,0.81390380859375,0.8515625,0.21006266276041669,-0.03990342881944444,0.0,1.0,0.20734680913684694,0.7926531908631531,375000025.793306,0.0,0.0,0.3776041666666667,0.13216145833333331,0.3179855668359205,0.20682779947916669,0.7931722005208334,0.5038665871539869,0.11957206693020198,transported_identity,True,2,True,False,0.2962962962962963,1.3105673797344792,0.17312404606533427,0.0,True,True,0.13063353932716984,0.4306068518562265
q3_radius1,q3r1_s3_0048,S3_sparse_active_preserving,3,1,21eb385c7ef1,"[0,2,0,1,0,2,0,2,0,2,2,0,0,2,0,0,1,1,2,0,2,0,0,0,0,2,0]",0.13289103400933722,0.13212076822916666,0.28032217908151064,0.0,0.0,0.0,0.0,0.0,156.86458333333334,162.0,1.0,0.06314907048040752,1.0,0.8470662434895834,0.84375,0.17291259765625,-0.05251736111111111,0.0,1.0,0.13289103400933722,0.8671089659906628,375000106.5505029,0.0,0.0,0.3776041666666667,0.13216145833333331,0.28032217908151064,0.2642415364583333,0.7357584635416667,0.9929640329802158,0.1374078439042823,transported_identity,True,2,True,False,0.2962962962962963,1.3516441151533924,0.14720751150995937,0.0,True,True,0.10964490321430374,0.3614220883730753
q3_radius1,q3r1_s3_0047,S3_sparse_active_preserving,3,1,4ae0664a557e,"[0,1,2,0,0,0,1,2,1,0,0,0,1,0,1,1,1,0,1,2,2,2,2,0,2,1,0]",0.2664520843453152,0.3224894205729167,0.5671914528435298,0.0,0.0,0.0,0.0,0.0,163.16666666666669,172.5,1.75,1.4706850531839852,1.0,0.6437784830729166,0.8984375,0.39422607421875,-0.005398220486111109,0.0,1.0,0.2664520843453152,0.7335479156546847,250000013.3626156,0.0,0.0,0.25,0.0875,0.5671914528435298,0.38105265299479163,0.6189473470052083,0.6198569178324123,0.3058770105039813,emitter_or_generator,True,2,True,False,0.6666666666666666,1.561015010593309,0.015109184045017487,0.0,False,False,0.16075004536633403,0.5894168330098914
q3_radius1,q3r1_s3_0045,S3_sparse_active_preserving,3,1,624ea2faba33,"[0,0,1,2,0,2,1,0,0,2,0,1,1,1,1,0,0,0,2,0,0,1,0,0,0,1,0]",0.3412193074333441,0.45667521158854163,0.7748619778745307,0.0,0.0,0.0,0.0,0.0,179.96875,190.5,1.125,1.4383339157349435,1.0,0.49046834309895837,0.9921875,0.5509440104166667,0.007703993055555556,0.0,1.0,0.3412193074333441,0.658780692566656,24.398543223793062,0.0,0.0,0.0,0.0,0.7748619778745307,0.670196533203125,0.329803466796875,0.6574538256931857,0.5221501076756714,emitter_or_generator,True,2,True,False,0.5185185185185185,1.3992075416402177,0.11719833055761264,0.0,True,True,0.12912488266865954,0.4543282908712095
q3_radius1,q3r1_s3_0046,S3_sparse_active_preserving,3,1,2c602ad0d297,"[0,1,0,1,2,0,2,1,0,1,2,0,0,0,0,1,0,0,1,0,2,0,0,0,0,0,0]",0.38216567492443865,0.461273193359375,0.8203331519655226,0.0,0.0,0.0,0.0,0.0,121.81249999999999,169.5,2.0,2.0431865370818603,1.0,0.47712198893229163,0.8828125,0.5645853678385417,0.008978949652777778,0.0,1.0,0.38216567492443865,0.6178343250755614,29.030458684816736,0.0,0.0,0.0,0.0,0.8203331519655226,0.5297444661458334,0.4702555338541667,0.49684587526506463,0.4347794089814567,emitter_or_generator,True,2,True,False,0.14814814814814814,1.3105673797344792,0.17312404606533427,0.0,True,True,0.15225691484509887,0.4793273245123483
q3_radius1,q3r1_s3_0049,S3_sparse_active_preserving,3,1,cb5fadc0e94d,"[0,1,1,1,2,0,0,0,0,1,2,1,1,0,0,0,1,0,1,0,2,1,0,0,1,0,2]",0.4632364908854167,0.5695902506510417,0.849148379893838,0.0,0.0,0.0,0.0,0.0,152.02083333333331,176.5,2.0,2.574637293856699,1.0,0.449249267578125,0.9192708333333334,0.604766845703125,-0.011338975694444446,0.0,1.0,0.4632364908854167,0.5367635091145834,32.66494944661251,0.0,0.0,0.0,0.0,0.849148379893838,0.5775553385416667,0.42244466145833337,0.3689401943741616,0.4902510370128784,emitter_or_generator,True,2,True,False,0.2962962962962963,1.446554269396512,0.08732587128191893,0.0,True,True,0.13849423735595487,0.4565180416548142
q3_radius1,q3r1_s4_0000,S4_neighbor_dependent,3,1,8b99c0c36dc1,"[0,0,0,1,1,0,1,2,1,2,0,1,1,2,2,2,0,1,1,2,2,2,1,0,0,0,2]",0.4089577893930807,0.49260457356770837,0.7593988245281724,0.0,0.0,0.0,0.0,0.0,189.64583333333331,196.0,1.875,2.1269255738462354,1.0,0.5321044921875,1.0208333333333333,0.5098063151041666,-0.03938802083333333,0.0,1.0,0.4089577893930807,0.5910422106069193,35.607883935632806,0.0,0.0,0.0,0.0,0.7593988245281724,0.5449422200520833,0.45505777994791663,0.3982401934094482,0.4543059043964463,emitter_or_generator,True,2,True,False,0.5185185185185185,1.584962500721156,0.0,0.0,False,False,0.14803056304910764,0.5208482773950084
q3_radius1,q3r1_s4_0004,S4_neighbor_dependent,3,1,727cebcc0a98,"[2,0,2,2,2,0,1,1,1,0,2,0,1,0,0,0,1,1,0,2,1,0,0,0,1,2,1]",0.6386205380032923,0.30626424153645837,0.9967485558344429,0.125,0.125,0.0,0.0,0.13020833333333334,32.96875,81.5,2.0,2.0731714756602826,0.5,0.7661234537760417,0.4244791666666667,0.262969970703125,-0.054850260416666664,0.375,0.8697916666666667,0.6386205380032923,0.3613794619967077,3.831317619496514,0.0,0.13020833333333334,0.25,0.0875,0.9967485558344429,0.103790283203125,0.896209716796875,0.21295534458758536,0.10326081058033201,transported_identity,True,2,True,False,0.37037037037037035,1.561015010593309,0.015109184045017487,0.0,False,False,0.16485568897771377,0.5556247295174798
q3_radius1,q3r1_s4_0001,S4_neighbor_dependent,3,1,864f558ef259,"[2,2,0,0,0,0,2,0,1,0,1,0,2,2,1,0,2,0,0,0,1,2,1,0,0,0,1]",0.6815929775205094,0.6117451985677083,0.9473696649042247,0.0,0.0,0.0,0.0,0.0,175.60416666666669,196.0,1.25,2.009670998366655,1.0,0.4724222819010417,1.0208333333333333,0.5749613444010416,0.014322916666666668,0.0,1.0,0.6815929775205094,0.3184070224794905,31.632924138940623,0.0,0.0,0.0,0.0,0.9473696649042247,0.5880635579427084,0.4119364420572917,0.32409384888154114,0.5576935312804131,emitter_or_generator,True,2,True,False,0.2962962962962963,1.4784345996621122,0.06721162236366718,0.0,True,True,0.12014129567260624,0.39602130795785023
q3_radius1,q3r1_s4_0002,S4_neighbor_dependent,3,1,4c718844a3d3,"[1,0,1,2,2,0,0,2,2,0,1,1,1,0,2,1,0,0,2,2,2,1,2,1,1,1,2]",0.7105624342211787,0.735260009765625,0.9815635519496141,0.0,0.0,0.0,0.0,0.0,195.61458333333334,196.0,2.0,2.416756946405978,1.0,0.42668660481770837,1.0208333333333333,0.6310933430989583,-0.006646050347222224,0.0,1.0,0.7105624342211787,0.28943756577882124,29.325427575956542,0.0,0.0,0.0,0.0,0.9815635519496141,0.7228902180989583,0.27710978190104163,0.29815810947439014,0.7095392158036207,chaotic,True,2,True,False,0.5185185185185185,1.5663672668986361,0.011732286293246186,0.0,False,False,0.0782150115506717,0.27520096656717824
q3_radius1,q3r1_s4_0006,S4_neighbor_dependent,3,1,7162355dedb6,"[2,2,1,2,2,1,2,1,1,1,1,1,1,2,0,0,0,2,2,0,1,1,1,1,1,1,2]",0.903788723064416,0.874053955078125,0.7979864799956786,0.0,0.0,0.0,0.0,0.0,181.52083333333334,183.5,6.875,4.405910802196549,1.0,0.44089762369791663,0.9557291666666666,0.60247802734375,-0.008572048611111112,0.0,1.0,0.903788723064416,0.09621127693558398,45.88334271406205,0.0,0.0,0.0,0.0,0.7979864799956786,0.41619873046875,0.58380126953125,0.08959285914965368,0.3335400989155286,mixed,True,2,True,False,0.5185185185185185,1.4277655050602363,0.09918026173451766,0.0,True,True,0.17703249701534704,0.622892119128073
q3_radius1,q3r1_s4_0005,S4_neighbor_dependent,3,1,6e703933c14b,"[1,1,0,0,0,1,2,1,0,1,2,1,2,0,2,2,0,0,2,0,0,2,2,2,0,0,0]",0.6221531685152202,0.6639200846354166,0.9855119591460043,0.0,0.0,0.0,0.0,0.19270833333333331,192.36458333333331,196.0,3.0,2.2999725027554607,1.0,0.7353312174479167,1.0208333333333333,0.26468912760416663,-0.00018988715277777778,1.125,1.0,0.6221531685152202,0.37784683148477977,90.26031694897384,0.0,0.19270833333333331,0.005208333333333333,0.0018229166666666665,0.9855119591460043,0.6736958821614583,0.32630411783854163,0.31652864026938615,0.664196685794149,chaotic,True,2,True,False,0.37037037037037035,1.5304930567574826,0.0343663928571748,0.0,True,True,0.06523965853022638,0.21988181208335558
q3_radius1,q3r1_s4_0003,S4_neighbor_dependent,3,1,6e8945f6b78d,"[1,2,1,1,0,2,2,0,0,1,2,0,1,2,0,1,2,1,2,0,1,2,2,2,2,0,1]",0.7247161601697432,0.70184326171875,0.9614407315071536,0.0,0.0,0.125,0.0,0.0,187.07291666666669,188.0,2.375,1.8341292247558665,1.0,0.5526529947916667,0.9791666666666666,0.4875996907552083,-0.022705078125,0.0,0.875,0.7247161601697432,0.2752838398302569,24.349434329299395,0.0,0.0,0.0,0.0,0.9614407315071536,0.6297709147135417,0.37022908528645837,0.2980494701665134,0.6249003180285619,chaotic,True,2,True,False,0.5185185185185185,1.5610150105933087,0.015109184045017598,0.0,False,False,0.10107939765094699,0.35564973247555426
q3_radius1,q3r1_s4_0007,S4_neighbor_dependent,3,1,d42195a2d140,"[2,1,1,1,1,0,2,0,0,0,1,0,0,1,1,1,0,0,1,1,2,2,0,1,2,2,0]",0.5506102145232892,0.409698486328125,0.7916561994357219,0.0,0.0,0.0,0.0,0.0,177.96875,180.0,1.8125,1.2107281630830586,1.0,0.7093607584635416,0.9375,0.35611979166666663,-0.022705078125,0.0,1.0,0.5506102145232892,0.44938978547671093,20.800738036463656,0.0,0.0,0.0,0.0,0.7916561994357219,0.333099365234375,0.666900634765625,0.49705604820141536,0.2723589318496327,transported_identity,True,2,True,False,0.5925925925925926,1.540709585192697,0.02792048108918921,0.0,True,True,0.1838147987863439,0.660371684528717
q3_radius1,q3r1_s4_0009,S4_neighbor_dependent,3,1,ed332d797966,"[2,0,1,0,1,1,2,0,2,2,2,0,1,1,1,0,0,1,0,2,2,0,2,1,1,1,1]",0.8440694594836193,0.81719970703125,0.6292777455731187,0.0,0.0,0.0,0.0,0.0,147.0625,148.5,2.875,2.1586373185008023,0.75,0.6335652669270834,0.7734375,0.39030965169270837,-0.02669270833333333,0.0,1.0,0.8440694594836193,0.1559305405163806,86.97436914791342,0.0,0.0,0.0,0.0,0.6292777455731187,0.3569844563802083,0.6430155436197916,0.12601712747302382,0.3008557687421788,emitter_or_generator,True,2,True,False,0.4444444444444444,1.5677116575334586,0.01088407024131377,0.0,False,False,0.17288902688551264,0.5955066481612102
q3_radius1,q3r1_s4_0011,S4_neighbor_dependent,3,1,7493456cc7fc,"[0,0,2,1,2,0,0,0,1,2,1,2,0,1,2,1,1,2,2,0,1,0,2,2,1,2,2]",0.6287031157234996,0.729736328125,0.46916689879000195,0.0,0.0,0.028645833333333332,0.028645833333333332,0.5286458333333334,173.66666666666669,179.0,5.125,3.108789537189497,1.0,0.89227294921875,0.9322916666666666,0.108001708984375,-0.025906032986111112,1.125,0.9713541666666667,0.6287031157234996,0.3712968842765004,250000063.2048623,0.028645833333333332,0.5286458333333334,0.6223958333333333,0.23645833333333333,0.46916689879000195,0.081634521484375,0.918365478515625,0.18819808310128366,0.04489396940326751,transported_identity,True,2,True,False,0.2962962962962963,1.5677116575334584,0.010884070241313881,0.0,False,False,0.07027691413234378,0.23165353176957765
q3_radius1,q3r1_s4_0008,S4_neighbor_dependent,3,1,0b65609d2774,"[1,2,2,0,1,0,0,1,1,2,0,2,2,2,2,0,2,1,1,1,0,0,2,2,2,0,0]",0.6727525780238018,0.6402384440104166,0.9979682633014507,0.0,0.0,0.0,0.0,0.0,149.10416666666666,155.0,3.625,2.307173757811712,1.0,0.5117390950520833,0.8072916666666666,0.6235148111979166,-0.021185980902777776,0.0,1.0,0.6727525780238018,0.32724742197619816,34.41254639587242,0.0,0.0,0.0,0.0,0.9979682633014507,0.7524515787760417,0.24754842122395837,0.29629850182449746,0.751024914151273,chaotic,True,2,True,False,0.4444444444444444,1.5610150105933087,0.015109184045017598,0.0,False,False,0.07944219987297937,0.273634244006929
q3_radius1,q3r1_s4_0010,S4_neighbor_dependent,3,1,d283a3ec8c1f,"[1,2,2,2,0,1,1,2,2,2,1,0,1,1,1,1,1,1,1,1,0,1,0,0,1,1,1]",0.8968983915391571,0.9004720052083333,0.2796036718804369,0.0,0.0,0.0,0.0,0.0,122.20833333333333,124.0,3.375,1.724788683354382,0.6171875,0.8884480794270833,0.6458333333333333,0.12615966796875,-0.053005642361111105,0.0,1.0,0.8968983915391571,0.10310160846084303,375000134.4623789,0.0,0.0,0.4036458333333333,0.14127604166666666,0.2796036718804369,0.19926961263020834,0.8007303873697917,0.1410753698362746,0.11748327347380261,transported_identity,True,2,True,False,0.4444444444444444,1.3800943362833298,0.12925742050339462,0.0,True,True,0.08494329733800454,0.2925824686086823
q3_radius1,q3r1_s4_0013,S4_neighbor_dependent,3,1,055445743678,"[0,0,0,0,0,2,0,0,0,1,2,2,1,0,1,1,0,0,0,2,1,2,1,2,1,2,0]",0.16968495528726793,0.16483561197916669,0.35871786781836995,0.125,0.125,0.0,0.125,0.125,130.125,147.0,1.625,0.808072025859476,0.875,0.822235107421875,0.765625,0.22202555338541669,-0.05330403645833333,0.125,0.875,0.16968495528726793,0.8303150447127321,250000032.02805033,0.125,0.125,0.3802083333333333,0.2143229166666667,0.35871786781836995,0.20402018229166669,0.7959798177083333,0.5567324452054099,0.16201409040192105,transported_identity,True,2,True,False,0.37037037037037035,1.5175287893989997,0.04254593486689695,0.0,True,True,0.12019316718967334,0.40509548941704715
q3_radius1,q3r1_s4_0014,S4_neighbor_dependent,3,1,f62ba809cda5,"[2,1,2,2,1,1,1,1,2,2,2,1,1,1,0,1,1,2,1,2,2,0,1,2,0,2,0]",0.8448393036046794,0.9717915852864583,0.7158522782655596,0.0,0.0,0.0,0.0,0.0,163.09375,187.0,4.625,2.8528824299625333,0.8854166666666666,0.6997172037760416,0.9739583333333333,0.3099263509114583,-0.037516276041666664,0.0,0.9244791666666666,0.8448393036046794,0.1551606963953206,28.552844878938245,0.0,0.0,0.0,0.0,0.7158522782655596,0.16642252604166669,0.8335774739583333,0.05673792790982339,0.10405446532344478,mixed,True,2,True,False,0.4444444444444444,1.4558764720277595,0.08144421627304277,0.0,True,True,0.1942954650805103,0.6692399352773133
q3_radius1,q3r1_s4_0012,S4_neighbor_dependent,3,1,b4468ad38878,"[0,1,2,2,0,1,1,1,1,1,0,0,2,0,0,2,0,2,0,2,2,0,0,2,0,0,2]",0.4823422341354976,0.5910441080729166,0.9195895128598879,0.0,0.0,0.0,0.0,0.0,175.67708333333331,188.5,2.0,2.4588558867654697,1.0,0.39631144205729163,0.9817708333333333,0.6542154947916667,-0.018364800347222224,0.0,1.0,0.4823422341354976,0.5176577658645024,33.42164553170052,0.0,0.0,0.0,0.0,0.9195895128598879,0.686798095703125,0.313201904296875,0.401623040461038,0.6322067648699743,chaotic,True,2,True,False,0.5185185185185185,1.5304930567574826,0.0343663928571748,0.0,True,True,0.09535888713986938,0.33552201030694784
q3_radius1,q3r1_s4_0016,S4_neighbor_dependent,3,1,9d667ba7a60d,"[1,0,2,1,2,0,0,2,1,1,2,1,1,1,0,1,1,1,0,0,1,2,2,1,2,2,0]",0.7733791002131908,0.7330322265625,0.8460467693599574,0.0,0.0,0.0,0.0,0.0,190.75,195.0,4.125,2.015808500234984,0.9921875,0.5784505208333334,1.015625,0.5326741536458333,-0.036322699652777776,0.0,1.0,0.7733791002131908,0.22662089978680913,37.7268857593196,0.0,0.0,0.0,0.0,0.8460467693599574,0.5716756184895834,0.4283243815104167,0.19608453612885024,0.48423583906960554,emitter_or_generator,True,2,True,False,0.6666666666666666,1.5448491887169091,0.02530868205777448,0.0,True,True,0.1589201630065787,0.5827072643574552
q3_radius1,q3r1_s4_0015,S4_neighbor_dependent,3,1,0355025d5b7a,"[1,2,0,1,1,2,2,1,0,2,0,1,1,2,1,1,1,2,2,1,2,1,1,1,1,0,1]",0.7871687235198079,0.714324951171875,0.9291852701094917,0.0,0.0,0.005208333333333333,0.0,0.005208333333333333,193.41666666666669,195.0,1.625,2.3556076971246487,0.9947916666666667,0.4805094401041667,1.015625,0.5579630533854167,0.013807508680555554,0.0,0.9947916666666667,0.7871687235198079,0.21283127648019215,47.48161830202268,0.0,0.005208333333333333,0.005208333333333333,0.0018229166666666665,0.9291852701094917,0.6968892415364583,0.30311075846354163,0.2798302169736825,0.6478489333329749,chaotic,True,2,True,False,0.2962962962962963,1.3992075416402174,0.11719833055761275,0.0,True,True,0.09424188617457267,0.31064918035322103
q3_radius1,q3r1_s4_0022,S4_neighbor_dependent,3,1,13f59733e304,"[2,2,0,2,2,0,2,0,1,2,0,1,1,0,1,1,1,1,1,2,0,2,1,1,0,2,0]",0.5218053629978952,0.24854532877604163,0.738600411253473,0.39322916666666663,0.39322916666666663,0.0,0.0,0.39322916666666663,118.8125,126.5,1.625,2.12300370988738,0.609375,0.7826639811197917,0.6588541666666666,0.23405965169270831,-0.04229058159722222,0.75,0.6067708333333334,0.5218053629978952,0.4781946370021049,2.4766933537833764,0.0,0.39322916666666663,0.39322916666666663,0.13763020833333334,0.738600411253473,0.073150634765625,0.926849365234375,0.1622024422778398,0.06268936228307609,transported_identity,True,2,True,False,0.5185185185185185,1.5790132072799712,0.0037535862447710677,0.0,False,False,0.1480740595569918,0.5210013206634897
q3_radius1,q3r1_s4_0018,S4_neighbor_dependent,3,1,9f055f47fc07,"[0,0,1,0,1,0,0,1,2,1,0,0,1,2,2,1,0,1,2,2,1,2,0,0,2,1,0]",0.1884355034441116,0.179779052734375,0.40544818924179404,0.0,0.0,0.0,0.0,0.0,141.61458333333334,162.5,1.5,0.8085482196541087,1.0,0.805084228515625,0.8463541666666666,0.21119181315104169,-0.04918077256944445,0.0,1.0,0.1884355034441116,0.8115644965558884,250000100.0199442,0.0,0.0,0.375,0.13124999999999998,0.40544818924179404,0.26202392578125,0.73797607421875,0.6849239826528137,0.21935766971052456,transported_identity,True,2,True,False,0.37037037037037035,1.561015010593309,0.015109184045017487,0.0,False,False,0.11530955934907439,0.388635922250584
q3_radius1,q3r1_s4_0020,S4_neighbor_dependent,3,1,9da9e748fe86,"[1,2,0,0,0,2,0,1,2,1,0,1,1,1,1,1,2,2,1,0,0,2,1,0,0,0,2]",0.9124684704400097,0.9184163411458333,0.36495110877093695,0.0,0.0,0.0,0.0,0.0,102.51041666666667,124.0,3.0,1.9098568601569004,0.5130208333333334,0.827117919921875,0.6458333333333333,0.19005330403645834,-0.051025390625,0.0,0.9817708333333333,0.9124684704400097,0.0875315295599903,240.016073959173,0.0,0.0,0.3802083333333333,0.13307291666666665,0.36495110877093695,0.1614990234375,0.8385009765625,0.08053124192044205,0.10840885246755892,transported_identity,True,2,True,False,0.4444444444444444,1.5663672668986361,0.011732286293246186,0.0,False,False,0.12150416712937775,0.41851435344563453
q3_radius1,q3r1_s4_0017,S4_neighbor_dependent,3,1,6fc1afd73c8a,"[0,2,0,2,1,0,1,2,2,1,0,1,1,1,0,0,0,0,2,2,1,0,0,1,1,0,2]",0.4714338602385578,0.6044820149739583,0.861752500496344,0.0,0.0,0.0,0.0,0.0,194.55208333333334,196.0,1.75,1.5069650657875058,1.0,0.5619608561197917,1.0208333333333333,0.47491455078125,-0.030870225694444444,0.0,1.0,0.4714338602385578,0.5285661397614422,19.83702694745203,0.0,0.0,0.0,0.0,0.861752500496344,0.6999613444010417,0.30003865559895837,0.5704248038555191,0.5954643443525772,emitter_or_generator,True,2,True,False,0.37037037037037035,1.561015010593309,0.015109184045017487,0.0,False,False,0.10796384616021368,0.36387814816960906
q3_radius1,q3r1_s4_0019,S4_neighbor_dependent,3,1,03d0c39ec8ad,"[2,0,1,1,1,2,1,0,0,1,1,1,0,0,0,2,1,2,1,0,0,1,2,0,1,2,1]",0.634335216462921,0.6230672200520834,0.9430823736498983,0.0,0.0,0.0,0.0,0.0,98.4375,117.5,2.0,2.4176467905003065,1.0,0.4416910807291667,0.6119791666666666,0.603057861328125,-0.017279730902777773,0.0,1.0,0.634335216462921,0.365664783537079,22.7323513405171,0.0,0.0,0.0,0.0,0.9430823736498983,0.5762227376302084,0.4237772623697917,0.3334101322417835,0.5434080447756173,emitter_or_generator,True,2,True,False,0.5185185185185185,1.5304930567574824,0.03436639285717491,0.0,True,True,0.12162024331979066,0.42792307834741156
q3_radius1,q3r1_s4_0021,S4_neighbor_dependent,3,1,9c966c0ac040,"[1,0,0,1,2,2,0,2,1,2,1,2,1,2,0,0,2,0,2,0,2,1,1,2,2,2,0]",0.7206282278004912,0.7269388834635417,0.9371789951360325,0.0,0.0,0.0,0.0,0.0,139.10416666666666,143.5,2.875,2.7980892410125517,1.0,0.4632059733072917,0.7473958333333333,0.5963643391927084,-0.0016004774305555542,0.0,1.0,0.7206282278004912,0.2793717721995088,31.02044912245191,0.0,0.0,0.0,0.0,0.9371789951360325,0.658782958984375,0.341217041015625,0.2481643806091876,0.6171349657984053,chaotic,True,2,True,False,0.6666666666666666,1.5448491887169091,0.02530868205777448,0.0,True,True,0.10576245487358925,0.3877956678698272
q3_radius1,q3r1_s4_0024,S4_neighbor_dependent,3,1,ef047d565058,"[2,0,0,0,0,0,0,0,0,0,2,1,2,0,0,0,0,2,0,1,2,2,2,0,0,0,1]",0.5538549867936366,0.20259602864583334,0.9455339146873718,0.0,0.0,0.0,0.0,0.0,33.57291666666667,56.0,1.5,1.540557936629599,0.43489583333333337,0.7422383626302083,0.2916666666666667,0.2832743326822917,-0.041910807291666664,0.0,1.0,0.5538549867936366,0.44614501320636335,9.700733171951597,0.0,0.0,0.3828125,0.133984375,0.9455339146873718,0.15268961588541666,0.8473103841145833,0.3311113160893874,0.13694198081602732,transported_identity,True,2,True,False,0.2962962962962963,1.2773600852070808,0.19407551621828056,0.0,True,True,0.15715070811327808,0.5180152971141389
q3_radius1,q3r1_s4_0025,S4_neighbor_dependent,3,1,3b45394a075a,"[1,1,1,0,2,2,1,0,2,1,0,2,1,1,1,1,2,1,0,0,2,2,2,0,0,1,0]",0.8918029574326695,0.8939107259114584,0.512088147338403,0.0,0.0,0.0,0.0,0.0,143.76041666666669,147.0,2.875,2.245313793539095,0.7369791666666667,0.7249959309895834,0.765625,0.301116943359375,-0.04234483506944444,0.0,1.0,0.8918029574326695,0.10819704256733054,250000052.60218775,0.0,0.0,0.0,0.0,0.512088147338403,0.28977457682291663,0.7102254231770833,0.12129250654899337,0.252807980456952,transported_identity,True,2,True,False,0.4444444444444444,1.5677116575334586,0.01088407024131377,0.0,False,False,0.1631184128492957,0.5618523109253519
q3_radius1,q3r1_s4_0023,S4_neighbor_dependent,3,1,3ff13fbb1e8b,"[0,0,1,0,2,0,1,1,0,2,2,2,0,1,0,0,0,1,1,2,2,2,1,0,2,0,1]",0.5625529182183722,0.699920654296875,0.9060896378113942,0.0,0.0,0.0,0.0,0.0,193.38541666666666,196.0,3.0,2.001524108741024,1.0,0.5061238606770833,1.0208333333333333,0.537017822265625,-0.03464084201388889,0.0,1.0,0.5625529182183722,0.43744708178162783,25.0469535094857,0.0,0.0,0.0,0.0,0.9060896378113942,0.68304443359375,0.31695556640625,0.32436191782068635,0.617500098328601,chaotic,True,2,True,False,0.5185185185185185,1.5677116575334586,0.01088407024131377,0.0,False,False,0.10396252982201407,0.36579408641079025
q3_radius1,q3r1_s4_0026,S4_neighbor_dependent,3,1,79c944f90e25,"[1,2,1,0,0,2,2,2,2,0,1,0,2,0,1,2,1,2,2,2,1,0,1,2,0,0,0]",0.6633471026115878,0.7066650390625,0.983290181119186,0.0,0.0,0.0,0.0,0.0,192.5,196.0,3.625,3.2260831550024407,1.0,0.43516031901041663,1.0208333333333333,0.6416422526041666,-0.048611111111111105,0.0,1.0,0.6633471026115878,0.3366528973884121,32.85944824340105,0.0,0.0,0.0,0.0,0.983290181119186,0.5772501627604166,0.4227498372395833,0.23477212389658342,0.5675050576225902,emitter_or_generator,True,2,True,False,0.5185185185185185,1.5610150105933087,0.015109184045017598,0.0,False,False,0.12076004729640714,0.4248964627095807
q3_radius1,q3r1_s4_0027,S4_neighbor_dependent,3,1,9a0f183ccf24,"[0,1,1,2,0,2,0,1,0,0,0,0,1,1,0,2,1,0,2,1,2,0,2,1,1,0,0]",0.5008646647135417,0.5956522623697916,0.9293240651440389,0.0,0.0,0.0,0.0,0.0,161.41666666666666,196.0,2.0,2.696261913993867,1.0,0.3990478515625,1.0208333333333333,0.6578470865885417,-0.003689236111111111,0.0,1.0,0.5008646647135417,0.4991353352864583,32.10597003494924,0.0,0.0,0.0,0.0,0.9293240651440389,0.6466776529947917,0.35332234700520837,0.3438585121704425,0.6017946973028359,chaotic,True,2,True,False,0.5925925925925926,1.5304930567574824,0.03436639285717491,0.0,True,True,0.10453385620822732,0.3755475574888167
q3_radius1,q3r1_s4_0028,S4_neighbor_dependent,3,1,9e936f2e37d0,"[2,1,1,1,1,1,1,0,2,0,1,2,2,2,0,2,2,0,0,1,2,1,0,0,0,2,1]",0.7883823111473176,0.7536519368489583,0.9084800536538366,0.0,0.0,0.0,0.0,0.0,191.76041666666666,196.0,2.75,2.1462436424281446,1.0,0.5176289876302084,1.0208333333333333,0.523223876953125,-0.022243923611111112,0.0,1.0,0.7883823111473176,0.21161768885268242,250000023.52394933,0.0,0.0,0.0,0.0,0.9084800536538366,0.48840332031249994,0.5115966796875,0.21055897374128266,0.47781617778669855,emitter_or_generator,True,2,True,False,0.5185185185185185,1.5790132072799712,0.0037535862447710677,0.0,False,False,0.14142609711628945,0.4976103417054629
q3_radius1,q3r1_s4_0029,S4_neighbor_dependent,3,1,fe521d4c294e,"[2,0,1,2,0,0,0,2,1,1,2,0,2,1,0,0,0,2,2,0,2,2,2,2,2,2,1]",0.833253112687554,0.794677734375,0.9193902176411974,0.0,0.0,0.0,0.0,0.0,190.96875,193.0,5.375,3.6777338052637485,1.0,0.45684814453125,1.0052083333333333,0.662322998046875,-0.017008463541666664,0.0,1.0,0.833253112687554,0.16674688731244602,43.60848484006227,0.0,0.0,0.0,0.0,0.9193902176411974,0.477752685546875,0.522247314453125,0.13874297084417908,0.4393030157320241,emitter_or_generator,True,2,True,False,0.5185185185185185,1.486565953154142,0.06208130950873836,0.0,True,True,0.1696562725529365,0.5969387367603322
q3_radius1,q3r1_s4_0030,S4_neighbor_dependent,3,1,f033f114ba9c,"[2,1,2,0,1,2,0,0,2,2,1,0,2,2,1,0,2,0,2,0,2,0,0,2,0,0,2]",0.9192664586200614,0.92388916015625,0.2078253568709488,0.0,0.0,0.0,0.0,0.0,142.69791666666669,148.0,2.375,1.7413492201608223,0.7239583333333333,0.8934122721354167,0.7708333333333333,0.12109375000000001,-0.056342230902777776,0.0,1.0,0.9192664586200614,0.08073354137993848,375000081.35254025,0.0,0.0,0.40625,0.1421875,0.2078253568709488,0.1522216796875,0.8477783203125,0.10650503922793632,0.06904122994422861,transported_identity,True,2,True,False,0.37037037037037035,1.4558764720277595,0.08144421627304277,0.0,True,True,0.08639656189055794,0.2911884122978064
q3_radius1,q3r1_s4_0031,S4_neighbor_dependent,3,1,fad2d4af6c9e,"[2,1,1,2,2,2,0,1,1,1,2,0,1,2,1,1,0,0,2,1,0,2,1,2,1,2,1]",0.9236633617025582,0.9351399739583334,0.7980444456229341,0.0,0.0,0.0,0.0,0.0,169.78125,170.0,6.5,1.985208300925899,0.875,0.7017415364583334,0.8854166666666665,0.35248819986979163,-0.04066297743055555,0.0,1.0,0.9236633617025582,0.07633663829744171,375000067.2408158,0.0,0.0,0.0,0.0,0.7980444456229341,0.25243123372395837,0.7475687662760417,0.09111752727217236,0.2241236234962128,transported_identity,True,2,True,False,0.2962962962962963,1.5012404120907163,0.052822756748091004,0.0,True,True,0.19191737513957158,0.6326165328674767
q3_radius1,q3r1_s4_0033,S4_neighbor_dependent,3,1,706b6f0df2ad,"[1,0,1,1,1,1,0,0,1,0,1,0,1,1,2,1,0,0,2,0,2,1,2,2,2,1,2]",0.8497158439254102,0.8442789713541666,0.41513477743634153,0.0,0.0,0.0,0.609375,0.7239583333333333,140.69791666666666,148.0,3.0,1.794277436374457,0.7265625,0.9537150065104167,0.7708333333333333,0.046417236328125,-0.03862847222222222,1.125,0.8619791666666667,0.8497158439254102,0.1502841560745898,250000046.7558424,0.609375,0.7239583333333333,0.5651041666666667,0.5938802083333333,0.41513477743634153,0.2803751627604167,0.7196248372395833,0.1785037304146122,0.19935708342282382,emitter_or_generator,True,2,True,False,0.2962962962962963,1.5448491887169091,0.02530868205777448,0.0,True,True,0.014394312128659418,0.04744791775743289
q3_radius1,q3r1_s4_0032,S4_neighbor_dependent,3,1,e295f080a541,"[1,0,0,0,1,1,0,1,2,1,1,1,2,1,1,0,2,2,1,0,1,0,1,2,1,1,0]",0.9397791201998327,0.9485066731770834,0.3322828278190517,0.0,0.0,0.0,0.0026041666666666665,0.0026041666666666665,95.29166666666667,112.0,4.25,2.202422332087023,0.515625,0.8608907063802083,0.5833333333333333,0.15311686197916666,-0.0390625,0.0,0.9947916666666666,0.9397791201998327,0.06022087980016731,267.1082192174157,0.0026041666666666665,0.0026041666666666665,0.4036458333333333,0.14296874999999998,0.3322828278190517,0.1600341796875,0.8399658203125,0.058537802406649984,0.09218418473684553,transported_identity,True,2,True,False,0.5925925925925926,1.461827895376681,0.07768928620610838,0.0,True,True,0.10255703150735831,0.3684456317116206
q3_radius1,q3r1_s4_0035,S4_neighbor_dependent,3,1,e01e94802202,"[2,2,0,2,1,0,2,0,0,2,0,0,0,1,1,2,2,0,2,1,1,2,2,0,0,2,1]",0.7017825955142217,0.6357828776041667,0.8636018310107989,0.0,0.0,0.0,0.125,0.125,165.26041666666669,172.0,1.875,2.134368940091075,0.875,0.4654744466145833,0.8958333333333333,0.5810546875,-0.014621310763888886,0.125,0.875,0.7017825955142217,0.29821740448577827,40.99588892898356,0.125,0.125,0.125,0.125,0.8636018310107989,0.45583089192708337,0.5441691080729167,0.28657904671238354,0.4460754408838351,emitter_or_generator,True,2,True,False,0.5185185185185185,1.540709585192697,0.02792048108918921,0.0,True,True,0.13109059271737444,0.4612446780796508
q3_radius1,q3r1_s4_0036,S4_neighbor_dependent,3,1,e9f3904ebd9e,"[2,2,0,2,2,1,1,2,0,0,2,0,2,2,2,1,1,0,2,0,2,1,1,2,0,0,0]",0.5085080267028281,0.17571004231770834,0.7147691232361869,0.0,0.0,0.0,0.0,0.14322916666666666,183.30208333333331,196.0,2.0,1.6018392591124369,1.0,0.869384765625,1.0208333333333333,0.17690022786458331,-0.03572591145833333,0.25,1.0,0.5085080267028281,0.49149197329717187,4.3156591816861125,0.0,0.14322916666666666,0.3958333333333333,0.13854166666666667,0.7147691232361869,0.06828816731770834,0.9317118326822917,0.5238101851222051,0.055237697581595795,transported_identity,True,2,True,False,0.2962962962962963,1.5304930567574826,0.0343663928571748,0.0,True,True,0.12516913483837408,0.4125945555783442
q3_radius1,q3r1_s4_0034,S4_neighbor_dependent,3,1,acc2b375ec51,"[1,1,0,1,0,2,0,2,1,0,2,0,0,1,1,1,2,0,1,2,0,2,2,1,1,0,2]",0.7156361001760849,0.669219970703125,0.9316391387223437,0.0,0.0,0.0,0.0,0.0,191.79166666666666,195.0,2.125,2.2988912737539158,1.0,0.44804890950520837,1.015625,0.5897928873697917,-0.020589192708333332,0.0,1.0,0.7156361001760849,0.28436389982391513,125000032.98073749,0.0,0.0,0.0,0.0,0.9316391387223437,0.6658833821614583,0.33411661783854163,0.30735087165442254,0.6186681205186826,chaotic,True,2,True,False,0.37037037037037035,1.579013207279971,0.0037535862447711787,0.0,False,False,0.10076926003174046,0.3396297282551252
q3_radius1,q3r1_s4_0037,S4_neighbor_dependent,3,1,4cb20587593b,"[1,0,0,0,1,1,0,1,1,0,2,2,0,1,1,1,2,1,0,2,2,0,0,0,1,1,1]",0.631005374467023,0.536224365234375,0.8625993133983573,0.0,0.0,0.0,0.0,0.0,157.58333333333334,196.0,1.625,1.3433018784120652,1.0,0.5456441243489584,1.0208333333333333,0.48435465494791663,-0.025797526041666664,0.0,1.0,0.631005374467023,0.3689946255329771,26.755340179504365,0.0,0.0,0.0,0.0,0.8625993133983573,0.6901652018229166,0.3098347981770833,0.40166707491113274,0.5912907322040721,emitter_or_generator,True,2,True,False,0.2222222222222222,1.5012404120907166,0.05282275674809089,0.0,True,True,0.10801583983401139,0.3480510394651478
q3_radius1,q3r1_s4_0038,S4_neighbor_dependent,3,1,c6a70faca87a,"[1,2,2,1,0,0,0,0,2,1,2,2,1,1,2,2,0,1,2,1,1,0,2,1,2,0,2]",0.7846723434632719,0.7559305826822917,0.9435867944475715,0.0,0.0,0.0,0.0,0.0,195.53125,196.0,3.375,2.733336945302435,1.0,0.468292236328125,1.0208333333333333,0.565460205078125,0.01055230034722222,0.0,1.0,0.7846723434632719,0.2153276565367282,46.18309178491395,0.0,0.0,0.0,0.0,0.9435867944475715,0.645416259765625,0.354583740234375,0.2465580213851255,0.6089813872682837,chaotic,True,2,True,False,0.37037037037037035,1.5610150105933087,0.015109184045017598,0.0,False,False,0.10354197264329544,0.3489747966866624
q3_radius1,q3r1_s4_0039,S4_neighbor_dependent,3,1,89094b29a4f4,"[2,1,1,1,2,0,1,1,0,0,0,1,1,2,1,2,0,2,2,1,0,0,0,1,1,0,2]",0.6945751236304512,0.6404012044270833,0.9667263039815238,0.0,0.0,0.0,0.0,0.0,192.40625,196.0,2.0,2.5571586444346757,1.0,0.38553873697916663,1.0208333333333333,0.6760152180989584,0.007893880208333332,0.0,1.0,0.6945751236304512,0.30542487636954885,34.6643644037873,0.0,0.0,0.0,0.0,0.9667263039815238,0.63409423828125,0.36590576171875,0.30360564190035005,0.6130329517784231,chaotic,True,2,True,False,0.5185185185185185,1.561015010593309,0.015109184045017487,0.0,False,False,0.10085524242831906,0.3548610381737152
q3_radius1,q3r1_s4_0040,S4_neighbor_dependent,3,1,8aa7c567bc78,"[2,0,0,0,0,1,1,2,2,1,2,0,1,0,0,1,1,1,2,1,1,1,1,1,1,0,2]",0.6413668037902094,0.572723388671875,0.9747919341359566,0.0,0.0,0.0,0.0,0.0078125,195.69791666666666,196.0,2.25,1.0494359279180474,1.0,0.6007893880208333,1.0208333333333333,0.46213785807291674,-0.03439670138888889,0.0,1.0,0.6413668037902094,0.3586331962097906,48.10803187330407,0.0,0.0078125,0.0078125,0.002734375,0.9747919341359566,0.5845438639322916,0.4154561360677083,0.34022915833271067,0.5706447673323536,emitter_or_generator,True,2,True,False,0.5925925925925926,1.5098693043797227,0.047378531862593665,0.0,True,True,0.1188834527029971,0.4270998115626192
q3_radius1,q3r1_s4_0042,S4_neighbor_dependent,3,1,fb21561b74a0,"[2,1,2,2,2,2,0,1,2,0,2,2,1,2,0,1,1,1,2,1,2,2,1,0,1,0,0]",0.6583414291882557,0.5699462890625,0.9406284546541239,0.0,0.0,0.0,0.0,0.11458333333333331,195.29166666666666,196.0,2.375,1.8381107720964407,1.0,0.8612467447916666,1.0208333333333333,0.13904825846354169,-0.017903645833333336,0.0,1.0,0.6583414291882557,0.3416585708117444,27.076347655332086,0.0,0.11458333333333331,0.09635416666666667,0.03372395833333333,0.9406284546541239,0.5815226236979167,0.41847737630208337,0.4022221700678179,0.552156771718061,transported_identity,True,2,True,False,0.4444444444444444,1.5304930567574826,0.0343663928571748,0.0,True,True,0.051822739888495575,0.1785005485048181
q3_radius1,q3r1_s4_0041,S4_neighbor_dependent,3,1,1fd2d4f42592,"[2,2,0,1,2,0,2,2,2,2,2,2,2,1,0,0,1,1,1,1,2,1,2,0,1,1,0]",0.6692878578199212,0.4923807779947917,0.9571602673280954,0.0,0.0,0.0,0.0,0.11197916666666667,195.77083333333331,196.0,1.0,0.46893496303550875,1.0,0.740234375,1.0208333333333333,0.2762349446614583,-0.03700086805555555,0.5,1.0,0.6692878578199212,0.3307121421800788,5.982961590263146,0.0,0.11197916666666667,0.013020833333333334,0.004557291666666667,0.9571602673280954,0.8262837727864583,0.17371622721354166,0.8175818637595766,0.7920905343198271,chaotic,True,2,True,False,0.4444444444444444,1.5304930567574826,0.0343663928571748,0.0,True,True,0.04231929249637265,0.14576645193195026
q3_radius1,q3r1_s4_0044,S4_neighbor_dependent,3,1,76e33e90b1f6,"[1,1,2,0,2,2,2,2,1,1,0,1,0,0,2,1,2,0,0,0,1,2,1,1,0,1,2]",0.6634868298993415,0.63458251953125,0.974491726932019,0.0,0.0,0.0,0.0,0.25,195.14583333333331,196.0,2.375,2.4010904562798325,1.0,0.5279541015625,1.0208333333333333,0.5145467122395833,-0.013183593749999997,1.0,1.0,0.6634868298993415,0.33651317010065845,22.213593661862348,0.0,0.25,0.0,0.0,0.974491726932019,0.6208394368489583,0.37916056315104163,0.4444199861306056,0.6061703356363426,chaotic,True,2,True,False,0.5185185185185185,1.5790132072799712,0.0037535862447710677,0.0,False,False,0.10698660370992359,0.3764343463867682
q3_radius1,q3r1_s4_0046,S4_neighbor_dependent,3,1,2098c0299fcc,"[2,2,0,2,1,2,2,0,1,1,1,0,2,1,2,2,0,2,2,1,2,2,0,0,1,0,0]",0.5707941401190091,0.3315836588541667,0.8048268078242091,0.125,0.125,0.0,0.0,0.125,164.90625,172.0,2.5,2.0352310772186133,0.875,0.6838887532552084,0.8958333333333333,0.34578450520833337,-0.042724609375,0.25,0.875,0.5707941401190091,0.4292058598809909,10.625160371346647,0.0,0.125,0.125,0.04375,0.8048268078242091,0.261444091796875,0.738555908203125,0.3067179940005172,0.2404563371771361,emitter_or_generator,True,2,True,False,0.5185185185185185,1.5448491887169091,0.02530868205777448,0.0,True,True,0.17175729146514387,0.6043312107106914
q3_radius1,q3r1_s5_0001,S5_asymmetric_neighbor_dependent,3,1,ad539a65134a,"[0,0,2,0,1,0,2,1,2,0,2,0,2,1,0,1,1,1,2,0,1,0,1,2,2,1,2]",0.49442087018633957,0.57891845703125,0.6595947159648868,0.125,0.125,0.005208333333333333,0.13020833333333334,0.15104166666666666,127.11458333333334,143.0,5.5,1.7037324143288362,0.8619791666666666,0.6856689453125,0.7447916666666666,0.34284464518229163,-0.047526041666666664,0.125,0.71875,0.49442087018633957,0.5055791298136605,125000005.77451213,0.13020833333333334,0.15104166666666666,0.2578125,0.17486979166666666,0.6595947159648868,0.3585713704427083,0.6414286295572916,0.16497379981410296,0.3126919663734737,emitter_or_generator,True,2,True,False,0.14814814814814814,1.584962500721156,0.0,0.0,False,False,0.13331706936697402,0.41970188504417744
q3_radius1,q3r1_s4_0043,S4_neighbor_dependent,3,1,8cdf1e0ad512,"[2,2,0,1,0,0,2,0,0,0,2,1,1,2,2,2,1,0,1,2,1,0,0,1,1,1,0]",0.5475687873589972,0.4910888671875,0.9282407985872213,0.0,0.0,0.0,0.0,0.0,195.16666666666669,196.0,2.125,1.8497042103909878,1.0,0.567291259765625,1.0208333333333333,0.4625345865885417,-0.025933159722222224,0.0,1.0,0.5475687873589972,0.45243121264100283,22.6855170988232,0.0,0.0,0.0,0.0,0.9282407985872213,0.6032816569010417,0.39671834309895837,0.4587257652038005,0.564701176773627,emitter_or_generator,True,2,True,False,0.5925925925925926,1.579013207279971,0.0037535862447711787,0.0,False,False,0.11421885408798889,0.41034180913092305
q3_radius1,q3r1_s4_0048,S4_neighbor_dependent,3,1,016462da47bc,"[0,2,2,1,1,0,1,2,1,1,0,0,1,2,2,0,0,1,0,2,2,0,0,2,2,2,2]",0.7857943783564065,0.96820068359375,0.8334267684290365,0.0,0.0,0.0,0.0,0.0,124.80208333333334,137.0,3.625,3.108865583455868,0.9947916666666667,0.682891845703125,0.7135416666666666,0.34079996744791663,-0.047037760416666664,0.0,0.7213541666666667,0.7857943783564065,0.21420562164359347,77.35504812606786,0.0,0.0,0.0,0.0,0.8334267684290365,0.5291239420572917,0.47087605794270837,0.060219998943410104,0.43996159702182813,mixed,True,2,True,False,0.5185185185185185,1.5610150105933087,0.015109184045017598,0.0,False,False,0.1303374680268306,0.4585947949092188
q3_radius1,q3r1_s4_0049,S4_neighbor_dependent,3,1,a6b2f91bdbcf,"[0,1,0,0,1,2,2,2,0,2,0,0,2,0,2,2,1,1,0,2,0,2,1,2,0,0,1]",0.22484244707334844,0.3381449381510417,0.5181706136460766,0.0,0.0,0.0,0.6197916666666667,0.6197916666666667,175.5,178.5,4.75,0.590320121452138,1.0,0.8830973307291666,0.9296875,0.11782836914062501,0.0021701388888888886,0.625,1.0,0.22484244707334844,0.7751575529266516,125000018.11598064,0.6197916666666667,0.6197916666666667,0.515625,0.5833333333333334,0.5181706136460766,0.5393575032552084,0.4606424967447917,0.8074931802978621,0.32390944286500456,localized_persistence,True,2,True,False,0.37037037037037035,1.540709585192697,0.02792048108918921,0.0,True,True,0.02931244649032059,0.09879380113404346
q3_radius1,q3r1_s4_0047,S4_neighbor_dependent,3,1,38439ec112f3,"[1,1,0,1,2,2,2,1,2,0,2,1,2,0,1,1,1,2,2,2,1,2,0,0,0,1,2]",0.7807254033591051,0.8642985026041667,0.9118138824444955,0.0,0.0,0.0,0.0,0.0,185.34375,186.5,2.875,3.76302197616464,1.0,0.40501912434895837,0.9713541666666666,0.655029296875,-0.017062717013888888,0.0,1.0,0.7807254033591051,0.21927459664089488,17.39703446075214,0.0,0.0,0.0,0.0,0.9118138824444955,0.62286376953125,0.37713623046875,0.12259435234316138,0.5685458708447084,emitter_or_generator,True,2,True,False,0.4444444444444444,1.540709585192697,0.02792048108918921,0.0,True,True,0.11446451824572937,0.3942666739575123
q3_radius1,q3r1_s5_0002,S5_asymmetric_neighbor_dependent,3,1,da88ceacdbfd,"[0,0,0,0,0,1,0,1,0,2,1,0,1,0,1,1,0,2,0,1,0,0,1,2,0,2,0]",0.028891028106109672,0.026855468750000003,0.10747050290403659,0.4036458333333333,0.4036458333333333,0.0,0.4036458333333333,0.4036458333333333,104.0,146.5,1.75,0.3374201553914403,0.5963541666666666,0.9556477864583333,0.7630208333333333,0.049275716145833336,-0.0661892361111111,0.375,0.5963541666666666,0.028891028106109672,0.9711089718938903,125000049.94809808,0.4036458333333333,0.4036458333333333,0.6744791666666666,0.4984375,0.10747050290403659,0.034200032552083336,0.9657999674479166,0.30763291119208414,0.012116118912180642,emitter_or_generator,True,2,True,False,0.2962962962962963,1.3992075416402177,0.11719833055761264,0.0,True,True,0.023332526120264846,0.0769109194334656
q3_radius1,q3r1_s4_0045,S4_neighbor_dependent,3,1,36d3d5d38fd7,"[1,2,0,1,1,1,2,0,2,0,0,2,1,1,1,2,0,0,1,0,1,0,2,1,1,2,0]",0.7038083512960114,0.6397908528645833,0.7544251897498923,0.0,0.0,0.0,0.020833333333333332,0.20052083333333334,195.05208333333331,196.0,1.625,1.2545926487035737,1.0,0.667938232421875,1.0208333333333333,0.3441162109375,-0.021782769097222224,0.375,1.0,0.7038083512960114,0.29619164870398856,31.5529767858543,0.020833333333333332,0.20052083333333334,0.12760416666666669,0.058203124999999994,0.7544251897498923,0.6832173665364584,0.3167826334635417,0.35094884750678595,0.526494029629494,emitter_or_generator,True,2,True,False,0.5925925925925926,1.561015010593309,0.015109184045017487,0.0,False,False,0.10250006471590556,0.36824097323862365
q3_radius1,q3r1_s5_0000,S5_asymmetric_neighbor_dependent,3,1,b9899ecd06be,"[0,0,2,2,2,0,0,2,0,1,2,0,2,1,2,2,1,1,0,1,0,1,2,0,2,1,2]",0.47909350881098883,0.5794881184895834,0.7310635843062645,0.0,0.0,0.0,0.0,0.0,177.96875,180.0,2.625,2.184959484604665,1.0,0.6008402506510416,0.9375,0.43902587890625006,-0.006673177083333332,0.0,1.0,0.47909350881098883,0.5209064911890112,250000022.72329095,0.0,0.0,0.2604166666666667,0.09114583333333333,0.7310635843062645,0.49730428059895837,0.5026957194010417,0.4883652404002931,0.47945604260011576,emitter_or_generator,True,2,True,False,0.37037037037037035,1.5610150105933087,0.015109184045017598,0.0,False,False,0.1247960247801059,0.4206088242588754
q3_radius1,q3r1_s5_0003,S5_asymmetric_neighbor_dependent,3,1,a24f26f34e33,"[0,2,0,0,1,2,0,0,2,2,1,1,0,1,1,2,2,1,2,1,1,0,0,1,0,2,2]",0.5214655584621923,0.6202392578125,0.6081181858558997,0.0,0.0,0.0,0.0026041666666666665,0.29166666666666663,164.21875,183.5,2.25,1.1345696850760008,1.0,0.8743896484375,0.9557291666666666,0.125946044921875,-0.023627387152777776,1.5,0.9765625,0.5214655584621923,0.4785344415378076,125000043.88922219,0.0026041666666666665,0.29166666666666663,0.3385416666666667,0.12018229166666668,0.6081181858558997,0.6787618001302084,0.3212381998697917,0.5497307660701295,0.47641102910539157,transported_identity,True,2,True,False,0.5185185185185185,1.584962500721156,0.0,0.0,False,False,0.05073091905045011,0.1784976781404726
q3_radius1,q3r1_s5_0006,S5_asymmetric_neighbor_dependent,3,1,b75816c7a2a6,"[0,2,1,2,2,1,2,2,2,1,2,1,2,2,0,2,2,2,1,0,2,2,2,1,1,1,0]",0.8012731680598284,0.9471333821614584,0.9058060881561738,0.0,0.0,0.0,0.25,0.25,94.80208333333334,134.5,11.25,3.3121414339753565,0.8463541666666667,0.662200927734375,0.7005208333333333,0.40704345703125,-0.04869249131944445,0.25,0.6015625,0.8012731680598284,0.19872683194017163,37.88772974717543,0.25,0.25,0.0,0.1625,0.9058060881561738,0.90753173828125,0.09246826171875,0.053664811063079174,0.8292024073136739,chaotic,True,2,True,False,0.4444444444444444,1.3992075416402174,0.11719833055761275,0.0,True,True,0.038556457416424265,0.13280557554546138
q3_radius1,q3r1_s5_0004,S5_asymmetric_neighbor_dependent,3,1,a9877b297c82,"[0,1,2,1,1,2,2,0,0,0,1,2,2,0,1,2,1,0,1,0,2,0,2,2,1,1,1]",0.4661107829197701,0.5983479817708333,0.8379143234097167,0.0,0.0,0.0,0.0,0.0,190.85416666666669,193.5,2.0,2.376041790380909,1.0,0.4585367838541667,1.0078125,0.5847066243489583,0.019612630208333336,0.0,1.0,0.4661107829197701,0.53388921708023,27.49180374083374,0.0,0.0,0.0,0.0,0.8379143234097167,0.61260986328125,0.38739013671875,0.418979382753239,0.5255997709924098,emitter_or_generator,True,2,True,False,0.6666666666666666,1.5790132072799712,0.0037535862447710677,0.0,False,False,0.12719120584001195,0.46636775474671044
q3_radius1,q3r1_s5_0017,S5_asymmetric_neighbor_dependent,3,1,ff0fdfdbcc89,"[0,0,0,1,0,1,0,0,0,0,1,2,0,2,0,2,1,2,0,2,1,2,2,2,2,2,0]",0.04360803791896049,0.020660400390624997,0.15614194794259995,0.3125,0.3125,0.0,1.0,0.9895833333333333,144.79166666666669,169.5,1.5,0.5933395228153396,0.8098958333333334,0.9967854817708333,0.8828125,0.0032145182291666665,-0.026041666666666664,1.0,0.6875,0.04360803791896049,0.9563919620810395,250000035.16498882,1.0,0.9895833333333333,0.9895833333333333,0.9963541666666667,0.15614194794259995,0.036702473958333336,0.9632975260416667,0.5645643603237008,0.0076861717146419805,frozen_order,True,2,True,False,0.2962962962962963,1.5012404120907163,0.052822756748091004,0.0,True,True,1.1592135569669772e-05,3.8211113544467025e-05
q3_radius1,q3r1_s5_0005,S5_asymmetric_neighbor_dependent,3,1,f4bbbba4dbf8,"[0,1,0,2,0,1,0,1,2,1,1,1,2,1,2,1,2,1,1,2,1,0,0,2,0,2,0]",0.6383224250121438,0.7716471354166666,0.9581589303778488,0.0,0.0,0.0,0.0,0.0234375,195.84375,196.0,3.375,2.094571792132011,1.0,0.5386861165364583,1.0208333333333333,0.6296183268229166,0.013346354166666668,0.0,1.0,0.6383224250121438,0.36167757498785624,82.28860611789207,0.0,0.0234375,0.0234375,0.008203124999999999,0.9581589303778488,0.7640482584635417,0.23595174153645831,0.30431369174082723,0.7319361286757182,chaotic,True,2,True,False,0.5185185185185185,1.5677116575334586,0.01088407024131377,0.0,False,False,0.09017251120243373,0.3172736505270817
q3_radius1,q3r1_s5_0014,S5_asymmetric_neighbor_dependent,3,1,8e348c3b9100,"[0,2,2,1,1,1,0,1,2,0,1,0,1,2,0,0,1,2,2,0,2,0,0,2,2,2,2]",0.6101310874925788,0.7397664388020833,0.48096958054413785,0.0,0.0,0.109375,0.6015625,0.7161458333333333,170.82291666666669,188.0,2.0,1.6703629799458581,0.984375,0.9056498209635416,0.9791666666666666,0.09435017903645834,-0.04296875,0.875,0.890625,0.6101310874925788,0.3898689125074212,250000035.59165716,0.6015625,0.7161458333333333,0.6119791666666666,0.6052083333333333,0.48096958054413785,0.2630513509114583,0.7369486490885417,0.35882032642900324,0.16046194745982378,transported_identity,True,2,True,False,0.2222222222222222,1.5610150105933087,0.015109184045017598,0.0,False,False,0.028321183420838406,0.09125714657825709
q3_radius1,q3r1_s5_0013,S5_asymmetric_neighbor_dependent,3,1,0e49eed8eb0b,"[0,0,2,0,2,0,0,1,2,2,0,2,0,0,0,0,2,2,0,0,2,0,0,1,0,2,1]",0.18581789639329663,0.18572998046875,0.35265846284297264,0.125,0.125,0.0,0.125,0.125,139.51041666666666,147.5,1.25,0.5738343711903053,0.875,0.8234456380208333,0.7682291666666667,0.19429524739583334,-0.03662109375,0.125,0.875,0.18581789639329663,0.8141821036067034,250000055.92891836,0.125,0.125,0.3776041666666667,0.21341145833333336,0.35265846284297264,0.27864583333333337,0.7213541666666667,0.6911283668452773,0.22087469047228359,transported_identity,True,2,True,False,0.4444444444444444,1.3516441151533924,0.14720751150995937,0.0,True,True,0.09805100264985274,0.3377312313494928
q3_radius1,q3r1_s5_0007,S5_asymmetric_neighbor_dependent,3,1,c086cc84a130,"[0,2,0,2,1,1,1,2,1,1,0,0,1,0,2,0,1,1,2,1,2,0,1,1,1,0,0]",0.46505136440454986,0.5923055013020833,0.8052296675514349,0.0,0.0,0.0,0.0,0.0,193.44791666666669,196.0,2.0,2.2756850043471695,1.0,0.487152099609375,1.0208333333333333,0.553131103515625,-0.014539930555555556,0.0,1.0,0.46505136440454986,0.5349486355954501,28.584977517157974,0.0,0.0,0.0,0.0,0.8052296675514349,0.6042683919270834,0.3957316080729167,0.42660724045016696,0.49397489748570095,emitter_or_generator,True,2,True,False,0.5185185185185185,1.5304930567574824,0.03436639285717491,0.0,True,True,0.13635300718692417,0.47976058084288137
q3_radius1,q3r1_s5_0009,S5_asymmetric_neighbor_dependent,3,1,725e107b3fe8,"[0,2,2,0,2,2,2,1,1,2,0,2,0,2,1,0,0,1,0,1,1,2,2,2,1,1,0]",0.39205084028227555,0.3981526692708333,0.5849977639880192,0.0,0.0,0.0,0.0,0.0,164.32291666666669,172.0,1.75,1.4512786257651769,1.0,0.6947021484375,0.8958333333333333,0.3653767903645833,-0.041775173611111105,0.0,1.0,0.39205084028227555,0.6079491597177245,375000016.2013989,0.0,0.0,0.0,0.0,0.5849977639880192,0.4835205078125,0.5164794921875,0.37813450322888376,0.4375619219820422,emitter_or_generator,True,2,True,False,0.37037037037037035,1.5677116575334584,0.010884070241313881,0.0,False,False,0.14276255567079177,0.4811626876311871
q3_radius1,q3r1_s5_0011,S5_asymmetric_neighbor_dependent,3,1,0414f544a320,"[0,0,0,0,1,2,1,1,2,1,0,2,0,0,1,1,2,2,1,2,0,0,1,1,2,1,2]",0.18524739161674222,0.20965576171875,0.411716872367472,0.0,0.0,0.0,0.020833333333333332,0.018229166666666668,155.6875,170.5,1.125,0.36183862375167475,1.0,0.8380126953125,0.8880208333333333,0.171875,-0.051947699652777776,0.0,1.0,0.18524739161674222,0.8147526083832578,375000009.7134795,0.020833333333333332,0.018229166666666668,0.3828125,0.14752604166666666,0.411716872367472,0.15549723307291666,0.8445027669270834,0.8198575555785816,0.11985817205386433,transported_identity,True,2,True,False,0.37037037037037035,1.579013207279971,0.0037535862447711787,0.0,False,False,0.10806799423427543,0.3642291657525579
q3_radius1,q3r1_s5_0010,S5_asymmetric_neighbor_dependent,3,1,32a13e6884ca,"[0,0,1,0,0,0,0,2,2,2,0,0,0,2,0,0,2,0,2,2,2,2,2,0,1,0,2]",0.19780271329204446,0.24632771809895831,0.41135816478613924,0.0,0.0,0.0,0.0,0.0,148.32291666666669,169.5,1.0,0.8809434868468925,1.0,0.736114501953125,0.8828125,0.2874959309895833,-0.05216471354166666,0.0,1.0,0.19780271329204446,0.8021972867079554,199.36018687612219,0.0,0.0,0.3776041666666667,0.13216145833333331,0.41135816478613924,0.3418172200520833,0.6581827799479167,0.7460239905790562,0.25354033452876507,transported_identity,True,2,True,False,0.5185185185185185,1.2972313275776637,0.18153815816625007,0.0,True,True,0.13709523351773784,0.4823721179327813
q3_radius1,q3r1_s5_0020,S5_asymmetric_neighbor_dependent,3,1,70d5442bdee1,"[0,1,1,1,0,1,2,1,1,0,2,0,0,2,2,0,0,1,2,2,1,2,2,0,1,2,1]",0.7189560331828854,0.8754170735677084,0.7682611050332602,0.0,0.0,0.0,0.0,0.0,103.07291666666666,129.5,1.75,2.1341010433791694,0.8489583333333333,0.652587890625,0.6744791666666666,0.49518839518229163,-0.008761935763888888,0.0,0.14322916666666666,0.7189560331828854,0.28104396681711463,71.6322787199304,0.0,0.0,0.125,0.04375,0.7682611050332602,0.09218343098958334,0.9078165690104167,0.1804676193007279,0.0830260941107819,emitter_or_generator,True,2,True,False,0.4444444444444444,1.5790132072799712,0.0037535862447710677,0.0,False,False,0.283359576361872,0.9760163185797813
q3_radius1,q3r1_s5_0018,S5_asymmetric_neighbor_dependent,3,1,c594fbcf7ad1,"[0,0,1,2,0,0,1,2,1,1,0,2,1,0,2,2,1,0,0,0,1,0,0,2,2,0,1]",0.1351153385248003,0.10010782877604166,0.37450482102739413,0.0,0.0,0.0,0.0,0.4296875,156.88541666666669,171.5,2.0,1.1978526946178216,1.0,0.959808349609375,0.8932291666666666,0.04148356119791667,-0.03602430555555555,0.75,1.0,0.1351153385248003,0.8648846614751997,250000067.08386746,0.0,0.4296875,0.6145833333333333,0.21510416666666665,0.37450482102739413,0.10300699869791666,0.8969930013020834,0.4529244992969502,0.06455860772510486,emitter_or_generator,True,2,True,False,0.4444444444444444,1.5448491887169091,0.02530868205777448,0.0,True,True,0.029234061892114728,0.10069510207283962
q3_radius1,q3r1_s5_0012,S5_asymmetric_neighbor_dependent,3,1,620a4ba56ad0,"[0,2,0,1,1,1,1,0,1,2,1,0,0,2,2,1,0,2,2,1,0,2,0,2,0,0,2]",0.3278833366222744,0.34043375651041663,0.5224242254374386,0.0,0.0,0.0,0.0,0.0,163.57291666666669,170.5,2.75,1.2690408501373462,1.0,0.691680908203125,0.8880208333333333,0.3470662434895833,-0.042751736111111105,0.0,1.0,0.3278833366222744,0.6721166633777256,375000013.37483776,0.0,0.0,0.0,0.0,0.5224242254374386,0.31617228190104163,0.6838277180989583,0.31769280912699654,0.2666213988900178,emitter_or_generator,True,2,True,False,0.5925925925925926,1.5790132072799712,0.0037535862447710677,0.0,False,False,0.17605420291072194,0.6324910252718529
q3_radius1,q3r1_s5_0008,S5_asymmetric_neighbor_dependent,3,1,ed4ffeb91ce5,"[0,1,2,1,0,0,2,0,1,2,0,1,1,0,0,1,2,1,0,0,2,0,0,1,1,2,2]",0.44814220158341433,0.5755106608072917,0.8721342744139592,0.0,0.0,0.0,0.0,0.0,174.33333333333331,189.0,1.25,2.0219815920439075,1.0,0.418914794921875,0.984375,0.63116455078125,-0.02102322048611111,0.0,1.0,0.44814220158341433,0.5518577984165858,28.71596819722029,0.0,0.0,0.0,0.0,0.8721342744139592,0.7160542805989583,0.28394571940104163,0.4953261643990242,0.6243801718850628,chaotic,True,2,True,False,0.4444444444444444,1.561015010593309,0.015109184045017487,0.0,False,False,0.09931544826943323,0.3420865440391589
q3_radius1,q3r1_s5_0016,S5_asymmetric_neighbor_dependent,3,1,a50a23d92df4,"[0,1,1,1,2,2,0,2,0,0,0,2,2,2,2,0,0,2,2,2,1,2,1,1,0,0,1]",0.6739243159845909,0.8610127766927084,0.9482006789385804,0.0,0.0,0.0,0.0,0.0,195.90625,196.0,2.375,3.045622654327356,1.0,0.518341064453125,1.0208333333333333,0.519622802734375,-0.004258897569444445,0.0,1.0,0.6739243159845909,0.3260756840154091,42.40258207375142,0.0,0.0,0.0,0.0,0.9482006789385804,0.3076273600260417,0.6923726399739583,0.27408755177967653,0.29064911233953405,emitter_or_generator,True,2,True,False,0.37037037037037035,1.5610150105933087,0.015109184045017598,0.0,False,False,0.19105787093550702,0.6439357872270792
q3_radius1,q3r1_s5_0015,S5_asymmetric_neighbor_dependent,3,1,c13ef2ca1191,"[0,1,1,1,1,0,2,2,1,0,2,0,2,0,1,1,0,0,1,0,2,2,0,2,1,1,1]",0.5042201225004048,0.653900146484375,0.8980186424438275,0.0,0.0,0.0,0.0,0.0,174.77083333333331,184.5,2.0,2.5445118139126572,1.0,0.39387003580729163,0.9609375,0.65106201171875,-0.00466579861111111,0.0,1.0,0.5042201225004048,0.4957798774995952,25.326285993825415,0.0,0.0,0.0,0.0,0.8980186424438275,0.6485595703125,0.3514404296875,0.3805255277924351,0.5817096612937344,emitter_or_generator,True,2,True,False,0.4444444444444444,1.561015010593309,0.015109184045017487,0.0,False,False,0.107263788531927,0.3694641604988597
q3_radius1,q3r1_s5_0019,S5_asymmetric_neighbor_dependent,3,1,27dd2c32e3b4,"[0,1,0,2,0,2,0,2,1,1,2,2,1,0,2,0,0,2,2,1,0,0,1,1,1,0,1]",0.447313114357324,0.5392862955729166,0.7999740991085509,0.0,0.0,0.0,0.0,0.0,179.60416666666669,187.5,2.375,1.7471645224755035,1.0,0.5581563313802083,0.9765625,0.47496541341145837,-0.031087239583333332,0.0,1.0,0.447313114357324,0.552686885642676,125000017.66882719,0.0,0.0,0.125,0.04375,0.7999740991085509,0.559722900390625,0.440277099609375,0.5064344658848966,0.5120972381574275,emitter_or_generator,True,2,True,False,0.5185185185185185,1.579013207279971,0.0037535862447711787,0.0,False,False,0.12368657565341008,0.4351935069286651
q3_radius1,q3r1_s5_0021,S5_asymmetric_neighbor_dependent,3,1,3bbf0401de4a,"[0,0,1,1,2,1,2,2,2,0,2,2,0,0,0,1,2,0,2,2,1,1,2,1,0,2,0]",0.4871474613591591,0.5908711751302083,0.7826398058514723,0.0,0.0,0.0,0.140625,0.6744791666666666,195.89583333333331,196.0,2.5,2.4905617013906785,1.0,0.8772379557291667,1.0208333333333333,0.12276204427083333,-0.011067708333333332,1.125,1.0,0.4871474613591591,0.5128525386408409,125000011.69146533,0.140625,0.6744791666666666,0.6744791666666666,0.3274739583333333,0.7826398058514723,0.6636454264322916,0.3363545735677083,0.2754178222538391,0.5965232356029704,transported_identity,True,2,True,False,0.4444444444444444,1.5610150105933087,0.015109184045017598,0.0,False,False,0.02922194784166491,0.10065337589906803
q3_radius1,q3r1_s5_0029,S5_asymmetric_neighbor_dependent,3,1,6cbd8b99d28d,"[0,0,0,2,1,0,1,0,0,0,2,0,2,0,1,2,0,0,1,1,0,0,0,2,0,2,1]",0.011743944131854492,0.007517496744791667,0.055732403459973844,0.6953125,0.6953125,0.0,0.6953125,0.6953125,50.614583333333336,121.0,1.3125,0.8755893125716404,0.3046875,0.9865214029947916,0.6302083333333333,0.014750162760416666,-0.07478841145833333,0.75,0.3046875,0.011743944131854492,0.9882560558681455,30.869578198465348,0.6953125,0.6953125,0.7760416666666666,0.7235677083333334,0.055732403459973844,0.009785970052083334,0.9902140299479166,0.23221096803700805,0.001645774412656659,collapse,True,2,True,False,0.4444444444444444,1.4355205042826666,0.09428740198616281,0.0,True,True,0.0040158433085718745,0.01383234917396979
q3_radius1,q3r1_s5_0023,S5_asymmetric_neighbor_dependent,3,1,5b2896ea879b,"[0,0,0,2,0,0,0,1,2,2,2,1,0,0,1,2,1,0,2,2,0,0,2,0,1,2,1]",0.41502261779468913,0.5386861165364583,0.7621516010912257,0.0,0.0,0.0,0.0,0.0,183.16666666666669,187.5,2.0,1.7477110452810583,1.0,0.581085205078125,0.9765625,0.5179951985677083,-0.033501519097222224,0.0,1.0,0.41502261779468913,0.5849773822053108,125000023.37743813,0.0,0.0,0.125,0.04375,0.7621516010912257,0.5921427408854167,0.4078572591145833,0.44785756955718126,0.5193455039061752,emitter_or_generator,True,2,True,False,0.5185185185185185,1.5304930567574826,0.0343663928571748,0.0,True,True,0.13834708392045364,0.4867767767571517
q3_radius1,q3r1_s5_0022,S5_asymmetric_neighbor_dependent,3,1,1b5b78e2c964,"[0,2,1,1,1,0,0,2,1,1,1,0,2,0,0,1,0,2,2,2,1,2,1,0,0,1,0]",0.5384187319529901,0.6441446940104166,0.9474531951601914,0.0,0.0,0.0,0.0,0.0,192.8125,196.0,2.0,2.4539013405589056,1.0,0.38603719075520837,1.0208333333333333,0.6544087727864584,-0.002848307291666667,0.0,1.0,0.5384187319529901,0.46158126804700994,38.33386817570084,0.0,0.0,0.0,0.0,0.9474531951601914,0.7654622395833333,0.23453776041666669,0.4001804250449569,0.7248733800767231,chaotic,True,2,True,False,0.6666666666666666,1.5663672668986361,0.011732286293246186,0.0,False,False,0.06950417166978369,0.2548486294558735
q3_radius1,q3r1_s5_0024,S5_asymmetric_neighbor_dependent,3,1,6295d8550011,"[0,1,1,1,1,1,2,1,1,2,0,2,0,0,0,1,1,0,1,2,2,0,0,0,2,1,0]",0.5437339558708442,0.6594136555989584,0.9475453399508943,0.0,0.0,0.0,0.0,0.026041666666666664,195.88541666666669,196.0,2.0,1.3232728341628253,1.0,0.7219746907552084,1.0208333333333333,0.29107666015625,-0.006673177083333334,0.0,1.0,0.5437339558708442,0.45626604412915583,79.82883208477288,0.0,0.026041666666666664,0.0026041666666666665,0.0009114583333333332,0.9475453399508943,0.8960978190104166,0.10390218098958334,0.4742089969893831,0.8507313873485638,chaotic,True,2,True,False,0.37037037037037035,1.540709585192697,0.02792048108918921,0.0,True,True,0.03134020486671808,0.1056280978841239
q3_radius1,q3r1_s5_0028,S5_asymmetric_neighbor_dependent,3,1,147b124455b1,"[0,2,0,2,2,0,0,1,2,2,0,2,0,2,2,2,1,2,1,2,2,1,1,2,0,1,2]",0.553082718132691,0.6942952473958334,0.6598771951099548,0.0,0.0,0.0,0.0,0.0,157.25,178.5,6.625,1.4752080742272142,0.9114583333333334,0.6403096516927083,0.9296875,0.4037984212239583,-0.03805881076388889,0.0,1.0,0.553082718132691,0.44691728186730895,54.432414705536566,0.0,0.0,0.0,0.0,0.6598771951099548,0.44189453125,0.55810546875,0.2406079471970461,0.3019440610008014,emitter_or_generator,True,2,True,False,0.5185185185185185,1.478434599662112,0.06721162236366729,0.0,True,True,0.18048656982604508,0.6350453382768253
q3_radius1,q3r1_s5_0025,S5_asymmetric_neighbor_dependent,3,1,a5d349e28695,"[0,2,0,0,1,1,1,1,0,1,2,0,2,2,0,0,2,1,2,0,2,2,1,0,2,0,2]",0.43392032498110966,0.5616658528645834,0.8658810780449453,0.0,0.0,0.0,0.0,0.0,170.26041666666669,188.5,1.375,1.8868580936133241,1.0,0.4350992838541667,0.9817708333333333,0.6232503255208333,0.011664496527777778,0.0,1.0,0.43392032498110966,0.5660796750188903,26.679276277177884,0.0,0.0,0.0,0.0,0.8658810780449453,0.754302978515625,0.245697021484375,0.5352152656232755,0.651033416470675,chaotic,True,2,True,False,0.5925925925925926,1.5663672668986361,0.011732286293246186,0.0,False,False,0.09463128209612492,0.3399716430860784
q3_radius1,q3r1_s5_0027,S5_asymmetric_neighbor_dependent,3,1,8ea9308ab751,"[0,2,0,1,2,0,1,0,2,1,2,1,2,2,1,1,1,2,0,0,0,1,2,0,0,0,1]",0.5118582137508095,0.637542724609375,0.8380614388507259,0.0,0.0,0.0,0.0,0.0,195.33333333333334,196.0,3.0,2.1072135619310295,1.0,0.570037841796875,1.0208333333333333,0.49250284830729163,0.0023057725694444445,0.0,1.0,0.5118582137508095,0.48814178624919047,33.420649641372286,0.0,0.0,0.0,0.0,0.8380614388507259,0.623870849609375,0.376129150390625,0.31902252420545907,0.5324336739316378,emitter_or_generator,True,2,True,False,0.5185185185185185,1.579013207279971,0.0037535862447711787,0.0,False,False,0.1312670301196497,0.46186547634691566
q3_radius1,q3r1_s5_0026,S5_asymmetric_neighbor_dependent,3,1,dba9be7906d7,"[0,0,2,0,2,2,1,1,1,2,0,1,1,0,0,1,2,2,1,0,0,0,0,1,2,2,0]",0.5160116614043609,0.6244608561197917,0.9313406262928517,0.0,0.0,0.0,0.0,0.0,193.84375,196.0,1.875,2.2889093429406144,1.0,0.40199788411458337,1.0208333333333333,0.6497802734375,-0.03415256076388889,0.0,1.0,0.5160116614043609,0.48398833859563906,27.784121238032597,0.0,0.0,0.0,0.0,0.9313406262928517,0.701385498046875,0.298614501953125,0.4332176178352573,0.6523703990687116,chaotic,True,2,True,False,0.4444444444444444,1.5677116575334586,0.01088407024131377,0.0,False,False,0.09080443063129352,0.31277081661889994
q3_radius1,q3r1_s5_0034,S5_asymmetric_neighbor_dependent,3,1,e4160f63fa13,"[0,1,0,1,0,0,2,1,0,1,2,2,1,1,2,2,1,1,2,2,2,2,1,0,1,0,1]",0.6683596807028551,0.794281005859375,0.9197053820989357,0.0,0.0,0.0,0.0,0.0078125,191.13541666666666,196.0,3.0,1.3374828071961995,1.0,0.5913187662760417,1.0208333333333333,0.4479471842447917,-0.043484157986111105,0.0,0.9895833333333333,0.6683596807028551,0.3316403192971449,125000456.54579943,0.0,0.0078125,0.0,0.0,0.9197053820989357,0.6382548014322916,0.3617451985677083,0.2751500540495001,0.5893104348239511,emitter_or_generator,True,2,True,False,0.5185185185185185,1.5610150105933092,0.015109184045017376,0.0,False,False,0.1087832780329211,0.3827559782639816
q3_radius1,q3r1_s5_0032,S5_asymmetric_neighbor_dependent,3,1,677f09164e43,"[0,2,2,2,1,0,2,0,0,0,0,1,2,0,2,1,0,1,1,0,0,2,2,0,1,0,0]",0.4349324122611723,0.5538838704427083,0.867871487058895,0.0,0.0,0.0,0.0,0.0,172.01041666666666,192.0,2.0,2.1115196156060128,1.0,0.441009521484375,1.0,0.6334635416666667,0.020670572916666664,0.0,1.0,0.4349324122611723,0.5650675877388277,28.02790242168389,0.0,0.0,0.0,0.0,0.867871487058895,0.6970723470052083,0.30292765299479163,0.47833603614446424,0.6051068659887684,chaotic,True,2,True,False,0.5925925925925926,1.5098693043797229,0.047378531862593554,0.0,True,True,0.11031870963667251,0.3963301790650827
q3_radius1,q3r1_s5_0035,S5_asymmetric_neighbor_dependent,3,1,7a0784143cff,"[0,2,1,2,1,2,2,0,0,0,0,2,0,1,0,1,2,0,1,2,1,1,1,0,2,2,2]",0.5135280365359186,0.674407958984375,0.8859281683354611,0.0,0.0,0.0,0.0,0.0,195.32291666666669,196.0,2.0,2.276958838181362,1.0,0.4751180013020833,1.0208333333333333,0.6074117024739583,-0.003797743055555555,0.0,1.0,0.5135280365359186,0.4864719634640814,29.210817099237392,0.0,0.0,0.0,0.0,0.8859281683354611,0.7017008463541667,0.29829915364583337,0.40392713324949125,0.6253669081345189,chaotic,True,2,True,False,0.5185185185185185,1.5790132072799707,0.003753586244771401,0.0,False,False,0.10811620092936523,0.38040885512184064
q3_radius1,q3r1_s5_0033,S5_asymmetric_neighbor_dependent,3,1,37a0ac224cc8,"[0,1,1,0,0,2,1,1,0,2,2,1,1,1,2,0,1,0,2,2,0,1,0,0,1,0,2]",0.5400803850928324,0.6360880533854167,0.9427127004366743,0.0,0.0,0.0,0.0,0.0,194.20833333333331,196.0,2.0,2.2377677814097114,1.0,0.38981119791666663,1.0208333333333333,0.6561991373697917,0.00661892361111111,0.0,1.0,0.5400803850928324,0.45991961490716754,42.86396711464698,0.0,0.0,0.0,0.0,0.9427127004366743,0.7604268391927084,0.23957316080729166,0.43772369503199915,0.7165930170618422,chaotic,True,2,True,False,0.5925925925925926,1.5663672668986361,0.011732286293246186,0.0,False,False,0.07249374112304421,0.26044047736797366
q3_radius1,q3r1_s5_0030,S5_asymmetric_neighbor_dependent,3,1,a426621f7ad3,"[0,2,2,1,1,2,0,1,1,0,0,2,1,0,1,1,1,0,2,1,1,1,1,1,0,1,1]",0.4687034593756747,0.5779520670572917,0.7346289553225305,0.0,0.0,0.0,0.0,0.0,194.8125,195.5,1.0,0.9404745150890055,1.0,0.6789042154947917,1.0182291666666665,0.37309773763020826,-0.03667534722222222,0.0,1.0,0.4687034593756747,0.5312965406243253,108.97508086531982,0.0,0.0,0.0,0.0,0.7346289553225305,0.8620503743489584,0.13794962565104166,0.6623117900137778,0.6320431065534906,chaotic,True,2,True,False,0.37037037037037035,1.4265732850165125,0.09993246883290718,0.0,True,True,0.09320260789998662,0.3141273081073623
q3_radius1,q3r1_s5_0037,S5_asymmetric_neighbor_dependent,3,1,6d04d7a5f627,"[0,2,0,0,2,2,2,2,2,2,2,2,2,2,2,2,1,0,2,0,2,2,0,0,0,2,1]",0.6101404167003994,0.7735087076822917,0.7752385267379898,0.0,0.0,0.0,0.0,0.0,177.375,196.0,4.875,1.741035710286756,0.9036458333333334,0.6361490885416666,1.0208333333333333,0.38775634765625,-0.040717230902777776,0.0,1.0,0.6101404167003994,0.3898595832996006,64.39783704070315,0.0,0.0,0.0,0.0,0.7752385267379898,0.4060465494791667,0.5939534505208333,0.1745024456137631,0.3164120820828707,emitter_or_generator,True,2,True,False,0.37037037037037035,1.2183368243391808,0.23131504765264854,0.0,True,True,0.16862121080576203,0.5683159327157165
q3_radius1,q3r1_s5_0031,S5_asymmetric_neighbor_dependent,3,1,91c9b307081f,"[0,1,0,0,2,0,2,1,0,1,2,2,2,1,0,1,1,0,0,2,0,0,2,2,1,2,1]",0.4747103623569733,0.5498555501302084,0.8333441388631889,0.0,0.0,0.0,0.125,0.125,195.73958333333334,196.0,1.875,0.9850269171030752,1.0,0.5968424479166666,1.0208333333333333,0.452911376953125,0.005805121527777777,0.125,1.0,0.4747103623569733,0.5252896376430267,125000224.72219549,0.125,0.125,0.125,0.125,0.8333441388631889,0.8255513509114583,0.17444864908854166,0.6208221018929063,0.781250881179846,chaotic,True,2,True,False,0.2222222222222222,1.5790132072799712,0.0037535862447710677,0.0,False,False,0.05174010411841787,0.16671811327045757
q3_radius1,q3r1_s5_0036,S5_asymmetric_neighbor_dependent,3,1,44cf69ba0b30,"[0,2,1,1,0,2,2,0,0,2,0,1,0,0,0,1,1,0,2,1,0,2,0,1,2,1,1]",0.48791519718466647,0.5793253580729167,0.9220856198609313,0.0,0.0,0.0,0.0,0.0,144.22916666666669,184.5,2.0,2.520727580586388,1.0,0.4013671875,0.9609375,0.646636962890625,-0.021267361111111112,0.0,1.0,0.48791519718466647,0.5120848028153335,30.906913427955274,0.0,0.0,0.0,0.0,0.9220856198609313,0.6086934407552084,0.3913065592447917,0.3776604979735958,0.5612612727865312,emitter_or_generator,True,2,True,False,0.2962962962962963,1.561015010593309,0.015109184045017487,0.0,False,False,0.1138697487166722,0.3753484309549565
q3_radius1,q3r1_s5_0038,S5_asymmetric_neighbor_dependent,3,1,d69f795a567d,"[0,2,2,0,1,2,1,1,0,1,1,0,0,2,0,2,2,2,2,1,0,2,2,1,0,1,2]",0.5779998199515599,0.709625244140625,0.9520424068075072,0.0,0.0,0.0,0.0,0.0,190.23958333333334,196.0,2.875,2.903129918223523,1.0,0.39277140299479163,1.0208333333333333,0.6570332845052083,-0.003553602430555556,0.0,1.0,0.5779998199515599,0.4220001800484402,36.132749465422016,0.0,0.0,0.0,0.0,0.9520424068075072,0.6521402994791667,0.34785970052083337,0.3102104888250451,0.6211285122466338,chaotic,True,2,True,False,0.4444444444444444,1.5677116575334584,0.010884070241313881,0.0,False,False,0.09777304803376512,0.3367738321163021
q3_radius1,q3r1_s5_0039,S5_asymmetric_neighbor_dependent,3,1,918e386d1671,"[0,1,1,1,2,1,0,2,1,1,1,1,2,2,0,0,1,0,1,0,0,1,0,0,0,2,0]",0.5030957157747733,0.6140848795572916,0.9278159002287182,0.0,0.0,0.0,0.0,0.0,164.40625,189.5,1.625,2.6687757381425072,1.0,0.3985188802083333,0.9869791666666665,0.6470133463541666,0.007161458333333335,0.0,1.0,0.5030957157747733,0.4969042842252267,16.75747886507863,0.0,0.0,0.0,0.0,0.9278159002287182,0.4751383463541667,0.5248616536458334,0.324891455487107,0.44048073869899307,emitter_or_generator,True,2,True,False,0.2962962962962963,1.5061046842206038,0.049753742731876605,0.0,True,True,0.14427038214279536,0.4755579263225477
q3_radius1,q3r1_s5_0040,S5_asymmetric_neighbor_dependent,3,1,72e9f455d480,"[0,0,2,1,2,1,2,2,2,1,2,2,0,2,0,1,0,0,2,1,0,1,0,1,1,0,1]",0.5634050912807642,0.65789794921875,0.9584629882754168,0.0,0.0,0.0,0.0,0.0,179.91666666666669,189.0,1.875,2.4785115359493366,1.0,0.386810302734375,0.984375,0.6640828450520833,0.005588107638888888,0.0,1.0,0.5634050912807642,0.4365949087192358,25.743801938860194,0.0,0.0,0.0,0.0,0.9584629882754168,0.65869140625,0.34130859375,0.3843801675629547,0.6308524230510342,chaotic,True,2,True,False,0.37037037037037035,1.584962500721156,0.0,0.0,False,False,0.09482444655165595,0.31959350504447004
q3_radius1,q3r1_s5_0048,S5_asymmetric_neighbor_dependent,3,1,22a4f4ff66f5,"[0,2,2,2,2,1,1,1,2,2,0,0,2,1,1,1,2,1,2,1,2,2,1,0,2,1,1]",0.8325396654725281,1.0,0.5128953026883748,0.0,0.0,0.0,1.0,1.0,49.5625,61.0,5.875,2.453985591544493,0.44270833333333337,0.8764139811197917,0.31770833333333337,0.12358601888020833,-0.012369791666666666,1.0,0.0,0.8325396654725281,0.16746033452747194,0.0,1.0,1.0,0.5,0.825,0.5128953026883748,0.14796956380208334,0.8520304361979166,0.020749202837473033,0.08541949936224283,mixed,True,2,True,False,0.14814814814814814,1.4558764720277595,0.08144421627304277,0.0,True,True,0.017335589954754507,0.05457500541311604
q3_radius1,q3r1_s5_0042,S5_asymmetric_neighbor_dependent,3,1,5d819f5e0057,"[0,1,0,2,0,0,2,1,2,2,2,2,0,2,1,2,0,0,0,0,1,1,1,0,0,1,1]",0.17345469315023207,0.178131103515625,0.42826137615029747,0.0,0.0,0.0,0.12760416666666666,0.12760416666666666,151.29166666666669,180.0,1.625,0.8305302167609164,1.0,0.7952779134114583,0.9375,0.22048950195312503,-0.018771701388888888,0.125,1.0,0.17345469315023207,0.8265453068497679,125000060.2337315,0.12760416666666666,0.12760416666666666,0.25260416666666663,0.17135416666666664,0.42826137615029747,0.26648966471354163,0.7335103352864583,0.6706497461806235,0.1756234414204399,transported_identity,True,2,True,False,0.4444444444444444,1.5677116575334586,0.01088407024131377,0.0,False,False,0.11978472018599233,0.4125918139739736
q3_radius1,q3r1_s5_0041,S5_asymmetric_neighbor_dependent,3,1,28b200ac2bad,"[0,2,1,0,1,0,1,0,2,1,2,2,1,1,0,0,1,0,2,0,1,2,0,2,2,0,1]",0.5935747479321838,0.73388671875,0.8757845186251213,0.0,0.0,0.0,0.0,0.0,183.76041666666669,193.0,2.25,3.097967555152678,1.0,0.465576171875,1.0052083333333333,0.5694580078125,-0.00613064236111111,0.0,1.0,0.5935747479321838,0.40642525206781627,23.198312086216916,0.0,0.0,0.0,0.0,0.8757845186251213,0.42142740885416663,0.5785725911458333,0.24780215360665606,0.37391049277652755,emitter_or_generator,True,2,True,False,0.2962962962962963,1.579013207279971,0.0037535862447711787,0.0,False,False,0.1659926563541183,0.547160978352464
q3_radius1,q3r1_s6_0003,S6_relation_rich_nonchaotic_bias,3,1,dc2e96ad30a3,"[0,0,2,1,1,1,2,2,2,0,0,2,1,0,1,2,1,2,1,0,1,1,1,2,2,2,2]",0.43673358185921307,0.5056050618489584,0.5044085149873154,0.0,0.0,0.0,0.8255208333333333,1.0,167.71875,179.5,5.25,2.191854462042954,0.9401041666666667,0.9345703125,0.9348958333333333,0.0654296875,0.0,1.0,0.96875,0.43673358185921307,0.5632664181407869,250000026.01818824,0.8255208333333333,1.0,0.8255208333333333,0.8255208333333333,0.5044085149873154,0.127899169921875,0.872100830078125,0.34965630529101693,0.11050247638238116,frozen_order,True,2,True,False,0.14814814814814814,1.540709585192697,0.02792048108918921,0.0,True,True,0.009490195276906477,0.029876540686557426
q3_radius1,q3r1_s6_0000,S6_relation_rich_nonchaotic_bias,3,1,0d3c42995638,"[0,0,0,1,2,1,2,2,2,2,0,2,0,0,1,2,2,2,0,1,0,1,2,1,2,0,0]",0.2516012504722582,0.264923095703125,0.418940865588575,0.0,0.0,0.0,0.47395833333333337,1.0,195.98958333333331,196.0,1.75,1.079705056427726,1.0,1.0,1.0208333333333333,0.0,0.0,1.75,1.0,0.2516012504722582,0.7483987495277418,375000022.4822496,0.47395833333333337,1.0,1.0,0.6580729166666667,0.418940865588575,0.276153564453125,0.723846435546875,0.525478592026728,0.22557972351380753,frozen_order,True,2,True,False,0.37037037037037035,1.540709585192697,0.02792048108918921,0.0,True,True,0.0,0.0
q3_radius1,q3r1_s6_0004,S6_relation_rich_nonchaotic_bias,3,1,94ee710d8ab4,"[0,0,0,1,1,1,2,2,2,1,2,0,1,1,1,1,1,1,0,0,1,0,1,2,2,0,0]",0.422301666312473,0.5583597819010417,0.6196260449678288,0.0,0.0,0.0,0.6484375,1.0,159.5,163.0,8.5,2.4639044295122536,1.0,0.8681640625,0.8489583333333333,0.1318359375,-0.02256944444444444,1.0,1.0,0.422301666312473,0.577698333687527,125000029.08770248,0.6484375,1.0,0.6484375,0.6484375,0.6196260449678288,0.18827311197916669,0.8117268880208333,0.3400839348089373,0.14028478324313826,transported_identity,True,2,True,False,0.2962962962962963,1.5304930567574824,0.03436639285717491,0.0,True,True,0.0345933621992049,0.1140299716936754
q3_radius1,q3r1_s5_0043,S5_asymmetric_neighbor_dependent,3,1,1d58ea34f211,"[0,2,2,1,1,0,1,0,0,2,0,0,1,1,0,1,2,1,2,1,1,0,0,0,1,0,0]",0.5306120297657599,0.6045430501302084,0.9395029791532401,0.0,0.0,0.0,0.0,0.0,186.84375,191.0,1.25,1.4612535402631024,1.0,0.6555074055989584,0.9947916666666666,0.37892659505208337,-0.020263671875,0.0,0.8541666666666667,0.5306120297657599,0.46938797023424006,4.277649043093318,0.0,0.0,0.0,0.0,0.9395029791532401,0.6061808268229167,0.39381917317708337,0.4420064175889409,0.5706744040464555,emitter_or_generator,True,2,True,False,0.2962962962962963,1.5012404120907166,0.05282275674809089,0.0,True,True,0.10663983669675053,0.35151649874114066
q3_radius1,q3r1_s5_0044,S5_asymmetric_neighbor_dependent,3,1,2f139cb72f48,"[0,0,1,1,0,2,2,0,0,0,2,1,1,0,2,1,0,0,2,0,2,1,0,2,0,1,2]",0.35122859869184475,0.4129638671875,0.6487282288137564,0.0,0.0,0.0,0.125,0.125,181.77083333333331,187.5,1.625,1.8353478149681957,1.0,0.6043497721354166,0.9765625,0.425445556640625,-0.013509114583333332,0.125,1.0,0.35122859869184475,0.6487714013081552,250000015.3941626,0.125,0.125,0.125,0.125,0.6487282288137564,0.4607340494791667,0.5392659505208334,0.5020776799748761,0.4028944689933752,emitter_or_generator,True,2,True,False,0.5185185185185185,1.5448491887169091,0.02530868205777448,0.0,True,True,0.13433571835679262,0.47266271273686294
q3_radius1,q3r1_s5_0045,S5_asymmetric_neighbor_dependent,3,1,6768bbfaf486,"[0,1,1,0,1,1,2,0,1,0,2,0,0,1,0,2,1,2,0,2,1,0,1,2,0,1,1]",0.21793867516394108,0.28284708658854163,0.4295338275809315,0.0,0.0,0.0,0.0,0.0,176.35416666666669,188.0,1.875,0.7440593102393038,1.0,0.7778116861979167,0.9791666666666666,0.2550557454427083,-0.022054036458333332,0.0,1.0,0.21793867516394108,0.782061324836059,125000020.44948433,0.0,0.0,0.13020833333333334,0.045572916666666664,0.4295338275809315,0.287200927734375,0.712799072265625,0.5902609490754388,0.15278169364700833,transported_identity,True,2,True,False,0.6666666666666666,1.540709585192697,0.02792048108918921,0.0,True,True,0.16041599181075228,0.5881919699727584
q3_radius1,q3r1_s5_0047,S5_asymmetric_neighbor_dependent,3,1,4c2d810968f5,"[0,2,1,0,1,2,1,0,0,0,1,1,1,1,0,2,2,1,2,1,0,1,2,0,1,1,0]",0.6724684324906898,0.7995198567708333,0.7115691538299413,0.0,0.0,0.0,0.0,0.0,182.82291666666669,196.0,3.25,2.159994568648277,0.9322916666666666,0.7233683268229167,1.0208333333333333,0.2975362141927083,-0.04500325520833333,0.0,1.0,0.6724684324906898,0.32753156750931023,359.7297204526327,0.0,0.0,0.0234375,0.008203124999999999,0.7115691538299413,0.442962646484375,0.557037353515625,0.23329825751004138,0.3542571946705038,transported_identity,True,2,True,False,0.4444444444444444,1.5304930567574824,0.03436639285717491,0.0,True,True,0.13784202145731447,0.4747891850196388
q3_radius1,q3r1_s6_0001,S6_relation_rich_nonchaotic_bias,3,1,b1e50ff83d3a,"[0,0,0,1,1,2,2,2,2,0,0,0,1,0,0,2,2,1,1,0,1,2,1,2,0,0,0]",0.20253251624230895,0.195281982421875,0.4175175210675428,0.0,0.0,0.0,0.46614583333333337,0.7994791666666667,195.97916666666666,196.0,1.125,0.5025511435295198,1.0,0.9388224283854166,1.0208333333333333,0.07440185546875,-0.003770616319444444,4.1875,1.0,0.20253251624230895,0.797467483757691,375000035.3174715,0.46614583333333337,0.7994791666666667,0.6979166666666666,0.547265625,0.4175175210675428,0.3279622395833333,0.6720377604166667,0.8786884605029022,0.2654489173688192,emitter_or_generator,True,2,True,False,0.2962962962962963,1.5448491887169091,0.02530868205777448,0.0,True,True,0.023229116733292,0.07657005145418475
q3_radius1,q3r1_s6_0002,S6_relation_rich_nonchaotic_bias,3,1,085fe929352f,"[0,1,0,1,1,1,1,2,2,2,0,2,1,1,0,1,1,2,0,0,1,1,0,1,2,2,2]",0.6123747356197377,0.787445068359375,0.7031037501508713,0.0,0.0,0.0,0.9505208333333333,0.5963541666666667,186.84375,196.0,1.25,1.2885864406675558,0.953125,0.8270975748697917,1.0208333333333333,0.17298380533854166,0.00043402777777777775,0.625,1.0,0.6123747356197377,0.3876252643802623,53.75654182321599,0.9505208333333333,0.5963541666666667,0.5078125,0.7955729166666667,0.7031037501508713,0.47342936197916663,0.5265706380208333,0.2738252784059638,0.34106517512133827,emitter_or_generator,True,2,True,False,0.2222222222222222,1.5448491887169091,0.02530868205777448,0.0,True,True,0.019272723339228633,0.062100997426403376
q3_radius1,q3r1_s5_0046,S5_asymmetric_neighbor_dependent,3,1,fee48bddb78b,"[0,1,0,1,2,0,2,1,0,1,1,0,0,1,1,0,0,2,2,1,0,2,1,1,2,1,1]",0.5225173344060341,0.6050821940104167,0.7552082960594514,0.0,0.0,0.0,0.0,0.0,187.15625,187.5,2.75,2.091686480304642,1.0,0.6447957356770833,0.9765625,0.3879597981770833,-0.03694661458333333,0.0,1.0,0.5225173344060341,0.4774826655939659,125000031.0245982,0.0,0.0,0.125,0.04375,0.7552082960594514,0.5949300130208333,0.40506998697916663,0.3677416507829431,0.5095866060237327,emitter_or_generator,True,2,True,False,0.5185185185185185,1.5304930567574824,0.03436639285717491,0.0,True,True,0.11731205767665973,0.4127646473808398
q3_radius1,q3r1_s5_0049,S5_asymmetric_neighbor_dependent,3,1,cbff52b78750,"[0,1,0,2,2,1,2,0,0,2,2,0,2,2,0,1,1,2,0,0,0,2,0,1,2,2,0]",0.2204176090747787,0.2793172200520833,0.4669565055825073,0.0,0.0,0.0,0.6822916666666666,0.6822916666666666,195.75,196.0,1.0,0.1750451298608471,1.0,0.9361165364583333,1.0208333333333333,0.06388346354166666,0.0,0.625,1.0,0.2204176090747787,0.7795823909252213,125000058.71662305,0.6822916666666666,0.6822916666666666,0.6822916666666666,0.6822916666666666,0.4669565055825073,0.5467020670572916,0.45329793294270826,0.9525426224928979,0.2914609693073393,frozen_order,True,2,True,False,0.2962962962962963,1.5061046842206038,0.049753742731876605,0.0,True,True,0.01346203627025887,0.04437486029826072
q3_radius1,q3r1_s6_0009,S6_relation_rich_nonchaotic_bias,3,1,7a3be4e37a87,"[0,0,0,1,1,1,2,2,2,2,1,0,0,0,1,2,1,2,1,1,1,2,2,1,2,2,2]",0.6873885238726521,0.8842976888020833,0.5631730996557698,0.0,0.0,0.0,0.5,0.5,41.625,60.5,13.625,3.493696619495025,0.5234375,0.8117879231770833,0.31510416666666663,0.18821207682291666,-0.010416666666666666,0.5,0.5,0.6873885238726521,0.3126114761273478,6.870028832897537,0.5,0.5,0.5,0.5,0.5631730996557698,0.183349609375,0.816650390625,0.02263210724873383,0.0953734330373625,transported_identity,True,2,True,False,0.4444444444444444,1.540709585192697,0.02792048108918921,0.0,True,True,0.06910817356203335,0.23803926449144822
q3_radius1,q3r1_s6_0007,S6_relation_rich_nonchaotic_bias,3,1,3f23a216dc8c,"[0,0,0,1,1,1,2,2,2,0,0,1,0,0,1,1,2,1,0,0,0,2,2,0,0,2,0]",0.11518667481312068,0.11341349283854166,0.2933672429222571,0.0,0.0,0.0,1.0,1.0,195.97916666666666,196.0,1.0,0.076139039588319,1.0,1.0,1.0208333333333333,0.0,0.0,1.0,1.0,0.11518667481312068,0.8848133251868793,375000104.26806116,1.0,1.0,1.0,1.0,0.2933672429222571,0.22682698567708331,0.7731730143229166,0.9931311707612124,0.13109951193978314,frozen_order,True,2,True,False,0.5185185185185185,1.5175287893989997,0.04254593486689695,0.0,True,True,0.0,0.0
q3_radius1,q3r1_s6_0005,S6_relation_rich_nonchaotic_bias,3,1,08d4f992ec60,"[0,1,0,1,1,1,1,0,2,0,0,0,0,0,1,2,1,1,0,1,1,2,2,2,2,0,1]",0.26042320238287997,0.29482014973958337,0.44330975751354085,0.0,0.0,0.0,0.0026041666666666665,0.0026041666666666665,175.15625,180.0,1.875,0.337822883627809,1.0,0.8162943522135416,0.9375,0.20561726888020834,-0.05205620659722222,0.0,1.0,0.26042320238287997,0.73957679761712,250000018.9170745,0.0026041666666666665,0.0026041666666666665,0.26302083333333337,0.09375,0.44330975751354085,0.32539876302083337,0.6746012369791666,0.5414441297647136,0.1987695549107098,transported_identity,True,2,True,False,0.5185185185185185,1.540709585192697,0.02792048108918921,0.0,True,True,0.12187421764650727,0.42881669171919223
q3_radius1,q3r1_s6_0008,S6_relation_rich_nonchaotic_bias,3,1,b62cd8b85506,"[0,0,0,1,1,1,2,2,2,0,2,2,1,1,1,1,2,2,0,2,0,1,2,2,0,2,2]",0.22963270539858593,0.21216837565104166,0.3250428090069992,0.0,0.0,0.041666666666666664,0.9557291666666667,1.0,176.48958333333331,196.0,1.75,1.2051019829284497,0.8984375,0.9833984375,1.0208333333333333,0.0166015625,-0.003472222222222222,1.0,0.9583333333333333,0.22963270539858593,0.7703672946014141,375000018.10599756,0.9557291666666667,1.0,0.9557291666666667,0.9557291666666667,0.3250428090069992,0.10777791341145833,0.8922220865885417,0.5570715979971033,0.07022481745235666,frozen_order,True,2,True,False,0.2222222222222222,1.5448491887169091,0.02530868205777448,0.0,True,True,0.0006720075084531367,0.002165357527237885
q3_radius1,q3r1_s6_0006,S6_relation_rich_nonchaotic_bias,3,1,8de3dc44a165,"[0,0,0,1,0,1,2,2,2,0,0,0,1,1,0,1,1,1,2,1,0,1,1,1,0,0,1]",0.264571273882772,0.29789225260416663,0.5397080499630678,0.0,0.0,0.0,0.3020833333333333,0.6744791666666666,185.94791666666666,187.5,1.25,0.4676318445585208,1.0,0.96380615234375,0.9765625,0.03619384765625,-0.02105034722222222,1.0,1.0,0.264571273882772,0.735428726117228,125000109.51923533,0.3020833333333333,0.6744791666666666,0.8151041666666667,0.48164062500000004,0.5397080499630678,0.4991658528645833,0.5008341471354166,0.7493482084343509,0.37229935683236387,emitter_or_generator,True,2,True,False,0.5185185185185185,1.4558764720277595,0.08144421627304277,0.0,True,True,0.011350316699856958,0.0399362994994967
q3_radius1,q3r1_s6_0011,S6_relation_rich_nonchaotic_bias,3,1,a9eed630dab2,"[0,0,0,1,1,1,2,2,2,2,0,2,1,1,1,2,1,2,1,1,0,2,1,2,2,2,2]",0.6672312682156736,0.8628743489583333,0.6100758866450025,0.0,0.0,0.0,0.5,0.5,117.32291666666666,146.5,16.875,4.021619106352652,0.8854166666666666,0.8117879231770833,0.7630208333333333,0.18821207682291666,-0.010633680555555554,0.5,0.921875,0.6672312682156736,0.3327687317843264,56.74549717208862,0.5,0.5,0.5,0.5,0.6100758866450025,0.10063680013020833,0.8993631998697916,0.043874649628938195,0.07417069228647774,transported_identity,True,2,True,False,0.2962962962962963,1.5012404120907163,0.052822756748091004,0.0,True,True,0.07072793882354092,0.23314024278870896
q3_radius1,q3r1_s6_0010,S6_relation_rich_nonchaotic_bias,3,1,3a09c667b093,"[0,2,0,1,1,1,2,2,2,0,2,2,0,1,1,2,2,2,1,1,1,1,2,2,0,0,2]",0.22773133905440412,0.20171101888020831,0.41373529994106956,0.0,0.0,0.0,0.25,0.7109375,195.38541666666666,196.0,2.625,1.8806824960764752,1.0,0.8950297037760417,1.0208333333333333,0.1077880859375,-0.001356336805555556,4.0,1.0,0.22773133905440412,0.772268660945596,250000090.29843852,0.25,0.7109375,0.6614583333333333,0.39401041666666664,0.41373529994106956,0.156036376953125,0.843963623046875,0.42626576807372196,0.11802824433013062,localized_persistence,True,2,True,False,0.5185185185185185,1.5304930567574826,0.0343663928571748,0.0,True,True,0.05156179703842425,0.18142113772778903
q3_radius1,q3r1_s6_0012,S6_relation_rich_nonchaotic_bias,3,1,73cabdf79b9d,"[0,0,0,1,1,1,2,2,1,0,0,2,1,1,1,1,2,2,1,1,1,2,1,2,0,0,2]",0.30755636317330526,0.308990478515625,0.3170916175770695,0.0,0.0,0.0,1.0,1.0,179.71875,196.0,2.375,1.570639483245088,0.9401041666666667,0.9703369140625,1.0208333333333333,0.0296630859375,-0.003472222222222222,1.0,0.9401041666666667,0.30755636317330526,0.6924436368266947,375000031.78804654,1.0,1.0,0.875,0.95625,0.3170916175770695,0.112030029296875,0.887969970703125,0.4833217467968326,0.05873679507686383,frozen_order,True,2,True,False,0.4444444444444444,1.5448491887169091,0.02530868205777448,0.0,True,True,0.0011852992855295296,0.004082697539046158
q3_radius1,q3r1_s6_0014,S6_relation_rich_nonchaotic_bias,3,1,55aec6175589,"[0,2,0,1,1,1,2,2,2,0,0,0,0,0,0,2,1,2,0,0,1,1,2,2,0,2,2]",0.17770185454109994,0.17659505208333331,0.385329199343599,0.0,0.0,0.0,1.0,1.0,195.94791666666666,196.0,1.25,0.6540580074803327,1.0,1.0,1.0208333333333333,0.0,0.0,1.0,1.0,0.17770185454109994,0.8222981454589,375000041.339384,1.0,1.0,1.0,1.0,0.385329199343599,0.27680460611979163,0.7231953938802083,0.7210285979564581,0.22249221926158821,frozen_order,True,2,True,False,0.2962962962962963,1.540709585192697,0.02792048108918921,0.0,True,True,0.0,0.0
q3_radius1,q3r1_s6_0016,S6_relation_rich_nonchaotic_bias,3,1,39216e88b473,"[0,0,1,1,1,1,2,2,2,0,0,2,1,1,0,1,1,1,1,0,1,1,2,1,2,0,0]",0.2321730434173953,0.23184204101562497,0.32109292905762243,0.0,0.0,0.0,1.0,1.0,195.92708333333334,196.0,1.75,0.8765068732900283,1.0,1.0,1.0208333333333333,0.0,0.0,1.0,1.0,0.2321730434173953,0.7678269565826048,375000064.990323,1.0,1.0,1.0,1.0,0.32109292905762243,0.2506103515625,0.7493896484375,0.5537467415855744,0.14635834213195115,frozen_order,True,2,True,False,0.2962962962962963,1.5098693043797227,0.047378531862593665,0.0,True,True,0.0,0.0
q3_radius1,q3r1_s6_0017,S6_relation_rich_nonchaotic_bias,3,1,b42d6fe377b2,"[0,0,0,1,1,1,0,2,2,0,0,0,1,0,0,1,0,2,1,1,0,2,2,2,2,0,2]",0.134834724386739,0.11968994140625,0.30419846533253914,0.0,0.0,0.0,0.9921875,0.9921875,195.98958333333331,196.0,1.0,0.48557161207183713,1.0,0.978485107421875,1.0208333333333333,0.021514892578125,0.0,1.0,1.0,0.134834724386739,0.8651652756132611,375000038.9399792,0.9921875,0.9921875,0.875,0.951171875,0.30419846533253914,0.213623046875,0.786376953125,0.8961263473354733,0.13538664621633437,frozen_order,True,2,True,False,0.4444444444444444,1.5448491887169091,0.02530868205777448,0.0,True,True,0.0008887618179627588,0.0030612907063161695
q3_radius1,q3r1_s6_0020,S6_relation_rich_nonchaotic_bias,3,1,1468cb3b3ec7,"[0,0,0,1,1,1,2,2,2,0,2,2,0,0,0,1,2,1,0,0,0,2,2,1,2,2,2]",0.236594718972636,0.229644775390625,0.33741046433534994,0.0,0.0,0.0,0.5,0.9166666666666667,189.70833333333331,196.0,1.75,1.0504313459548777,0.96875,0.9775187174479166,1.0208333333333333,0.022481282552083336,0.0,4.25,1.0,0.236594718972636,0.7634052810273639,375000028.21507406,0.5,0.9166666666666667,0.90625,0.6421875,0.33741046433534994,0.20567830403645831,0.7943216959635416,0.6924701811950584,0.1395204396555278,emitter_or_generator,True,2,True,False,0.4444444444444444,1.540709585192697,0.02792048108918921,0.0,True,True,0.006766159526589805,0.023305660591587105
q3_radius1,q3r1_s6_0018,S6_relation_rich_nonchaotic_bias,3,1,b146c3024736,"[0,0,0,1,0,1,2,2,2,2,0,0,0,0,1,1,2,0,0,0,0,1,1,2,2,2,0]",0.19110687203151988,0.19343058268229169,0.3800650077980426,0.0,0.0,0.0,0.9739583333333333,0.9739583333333333,195.875,196.0,1.125,0.4392413276132314,1.0,0.9971720377604167,1.0208333333333333,0.0028279622395833335,-0.00021701388888888888,1.0,1.0,0.19110687203151988,0.8088931279684801,375000047.4192507,0.9739583333333333,0.9739583333333333,0.9739583333333333,0.9739583333333333,0.3800650077980426,0.3115030924479167,0.6884969075520833,0.8449993829663835,0.24614937363426198,frozen_order,True,2,True,False,0.2222222222222222,1.5098693043797229,0.047378531862593554,0.0,True,True,5.5360215701607995e-05,0.0001783829172607369
q3_radius1,q3r1_s6_0022,S6_relation_rich_nonchaotic_bias,3,1,5d23d3150431,"[0,0,0,1,1,1,2,2,2,0,2,0,0,0,1,2,2,1,0,0,0,0,1,2,2,0,0]",0.13318482499460274,0.132568359375,0.3230123649168454,0.0,0.0,0.0,1.0,1.0,195.9375,196.0,1.125,0.4125976508996101,1.0,1.0,1.0208333333333333,0.0,0.0,1.0,1.0,0.13318482499460274,0.8668151750053972,375000063.9760047,1.0,1.0,1.0,1.0,0.3230123649168454,0.24101765950520831,0.7589823404947917,0.8543076953475323,0.15172522052835277,frozen_order,True,2,True,False,0.2222222222222222,1.5098693043797229,0.047378531862593554,0.0,True,True,0.0,0.0
q3_radius1,q3r1_s6_0019,S6_relation_rich_nonchaotic_bias,3,1,f3b54a050d06,"[0,0,0,0,1,1,2,2,2,2,0,0,0,1,0,2,2,1,1,0,0,1,2,2,2,2,2]",0.5372499983133636,0.6858011881510417,0.6324097905166863,0.0,0.0,0.0,0.5,0.5,154.60416666666669,155.0,10.875,2.8170878283129293,1.0,0.851806640625,0.8072916666666666,0.148193359375,-0.033447265625,0.5,1.0,0.5372499983133636,0.4627500016866364,125000086.02982564,0.5,0.5,0.5,0.5,0.6324097905166863,0.29195149739583337,0.7080485026041666,0.1833037921698854,0.2430409238247867,transported_identity,True,2,True,False,0.37037037037037035,1.540709585192697,0.02792048108918921,0.0,True,True,0.04777626221128162,0.16102369856394916
q3_radius1,q3r1_s6_0015,S6_relation_rich_nonchaotic_bias,3,1,c77dbd36cfc6,"[0,0,0,1,1,1,2,2,2,2,0,2,1,0,1,2,2,1,1,1,2,2,1,1,1,2,2]",0.5025516701074051,0.6232401529947916,0.821872899709081,0.0,0.0,0.0,0.0,0.1171875,194.34375,196.0,2.625,2.3888729596622333,1.0,0.715362548828125,1.0208333333333333,0.28983561197916663,-0.014539930555555556,1.0,1.0,0.5025516701074051,0.49744832989259496,24.947551685055252,0.0,0.1171875,0.0078125,0.002734375,0.821872899709081,0.6211751302083333,0.37882486979166663,0.29284025197654073,0.5300262867248482,transported_identity,True,2,True,False,0.4444444444444444,1.5061046842206038,0.049753742731876605,0.0,True,True,0.09717674833940533,0.3347199109468406
q3_radius1,q3r1_s6_0013,S6_relation_rich_nonchaotic_bias,3,1,bf8c90df9f73,"[0,0,0,1,1,1,2,2,2,2,2,0,0,0,0,1,2,1,1,0,0,2,2,2,0,2,0]",0.36087115193895725,0.46223958333333337,0.7362166615765445,0.0,0.0,0.0,0.0,0.5,195.88541666666666,196.0,1.125,0.5923261902937437,1.0,0.9002685546875,1.0208333333333333,0.0997314453125,-0.008138020833333334,1.5,1.0,0.36087115193895725,0.6391288480610428,33.2403381062398,0.0,0.5,0.5,0.175,0.7362166615765445,0.8303120930989584,0.16968790690104166,0.8374208441681728,0.6218713408318897,localized_persistence,True,2,True,False,0.5925925925925926,1.540709585192697,0.02792048108918921,0.0,True,True,0.028009008616677204,0.10062495688213662
q3_radius1,q3r1_s6_0025,S6_relation_rich_nonchaotic_bias,3,1,d350fec9a6c0,"[0,0,0,1,1,1,2,2,2,0,2,2,1,1,1,1,0,1,0,1,0,1,1,1,0,2,2]",0.23862274117214483,0.25840250651041663,0.3706955833748069,0.0,0.0,0.0,0.4791666666666667,1.0,179.5,196.0,1.625,1.1051825547260556,0.9140625,1.0,1.0208333333333333,0.0,0.0,1.375,0.9791666666666667,0.23862274117214483,0.7613772588278551,375000023.25649273,0.4791666666666667,1.0,1.0,0.6614583333333333,0.3706955833748069,0.2177734375,0.7822265625,0.5854826867834169,0.15898079096955597,frozen_order,True,2,True,False,0.2962962962962963,1.5448491887169091,0.02530868205777448,0.0,True,True,0.0,0.0
q3_radius1,q3r1_s6_0023,S6_relation_rich_nonchaotic_bias,3,1,e1cfa1fd03df,"[0,2,0,1,1,1,2,2,2,2,2,0,0,0,1,1,2,1,0,1,0,2,1,2,2,2,2]",0.2669840073132556,0.267425537109375,0.3226659006218413,0.0,0.0,0.0,1.0,1.0,195.84375,196.0,2.125,1.4361217782338902,1.0,1.0,1.0208333333333333,0.0,0.0,1.0,1.0,0.2669840073132556,0.7330159926867443,375000056.8405164,1.0,1.0,1.0,1.0,0.3226659006218413,0.20379638671875,0.79620361328125,0.48175206773356327,0.1147319813036194,frozen_order,True,2,True,False,0.37037037037037035,1.5448491887169091,0.02530868205777448,0.0,True,True,0.0,0.0
q3_radius1,q3r1_s6_0026,S6_relation_rich_nonchaotic_bias,3,1,ac37d210dd72,"[0,0,0,1,1,1,2,2,2,1,2,2,0,1,1,1,2,0,2,1,0,1,1,1,2,2,2]",0.6371564848641246,0.8091634114583333,0.7813663320614956,0.0,0.0,0.0,0.0,0.6276041666666666,160.75,163.0,11.375,3.460405698337275,1.0,0.811859130859375,0.8489583333333333,0.188140869140625,-0.031439887152777776,1.125,1.0,0.6371564848641246,0.3628435151358754,28.568276120261054,0.0,0.6276041666666666,0.5,0.175,0.7813663320614956,0.492706298828125,0.507293701171875,0.12245082254725961,0.41504255409000057,transported_identity,True,2,True,False,0.4444444444444444,1.540709585192697,0.02792048108918921,0.0,True,True,0.07371265389292503,0.2538991411867418
q3_radius1,q3r1_s6_0024,S6_relation_rich_nonchaotic_bias,3,1,d06d49fb358c,"[0,0,0,1,1,1,2,2,2,0,0,0,0,0,0,1,1,2,1,0,1,2,1,2,2,0,0]",0.22775590069759283,0.22066243489583331,0.4331544758435646,0.0,0.0,0.0,0.26822916666666663,0.7473958333333333,195.875,196.0,1.625,1.0594955659300291,1.0,0.9789225260416667,1.0208333333333333,0.021077473958333336,0.0,5.125,1.0,0.22775590069759283,0.7722440993024071,375000028.45901346,0.26822916666666663,0.7473958333333333,0.7317708333333334,0.43046875,0.4331544758435646,0.2856648763020833,0.7143351236979167,0.6410710614965798,0.23462868289780617,emitter_or_generator,True,2,True,False,0.4444444444444444,1.5448491887169091,0.02530868205777448,0.0,True,True,0.008994077488725365,0.030979600238942927
q3_radius1,q3r1_s6_0027,S6_relation_rich_nonchaotic_bias,3,1,ee60d35c82e5,"[0,0,0,1,1,1,2,2,2,2,0,2,0,1,1,2,2,2,0,0,0,1,2,2,2,0,0]",0.21351541838703586,0.213165283203125,0.3774109714510764,0.0,0.0,0.0,1.0,1.0,195.97916666666666,196.0,1.5,0.7515910318122346,1.0,1.0,1.0208333333333333,0.0,0.0,1.0,1.0,0.21351541838703586,0.7864845816129642,375000071.45837677,1.0,1.0,1.0,1.0,0.3774109714510764,0.281524658203125,0.718475341796875,0.6310705331072461,0.20236685504931895,frozen_order,True,2,True,False,0.37037037037037035,1.540709585192697,0.02792048108918921,0.0,True,True,0.0,0.0
q3_radius1,q3r1_s6_0021,S6_relation_rich_nonchaotic_bias,3,1,65affbec2889,"[0,0,2,1,1,1,1,2,1,2,0,0,1,0,0,2,2,1,1,1,1,2,1,2,2,2,2]",0.48321296019875326,0.5593159993489583,0.7924538897653431,0.0,0.0,0.0,0.5,0.375,187.46875,188.0,1.125,0.7947778516369337,0.9973958333333333,0.8495686848958333,0.9791666666666666,0.15091959635416666,-0.031901041666666664,0.375,0.9973958333333333,0.48321296019875326,0.5167870398012467,46.641977314459595,0.5,0.375,0.375,0.45625,0.7924538897653431,0.8490804036458334,0.15091959635416669,0.605113208524168,0.6827571654972899,transported_identity,True,2,True,False,0.5185185185185185,1.540709585192697,0.02792048108918921,0.0,True,True,0.022117458570180784,0.0778206875617472
q3_radius1,q3r1_s6_0030,S6_relation_rich_nonchaotic_bias,3,1,167bd6dfb401,"[0,0,0,1,1,1,0,2,2,0,0,0,0,0,0,1,2,2,0,0,0,1,2,1,0,2,2]",0.13488579784650256,0.133941650390625,0.29085662014212155,0.125,0.125,0.0,1.0,1.0,171.52083333333334,172.0,1.125,0.49097756989947045,0.875,1.0,0.8958333333333333,0.0,-0.010416666666666666,1.0,0.875,0.13488579784650256,0.8651142021534974,250000049.39142448,1.0,1.0,1.0,1.0,0.29085662014212155,0.21110026041666666,0.7888997395833334,0.7169254645602392,0.16238079552897833,frozen_order,True,2,True,False,0.2962962962962963,1.4784345996621122,0.06721162236366718,0.0,True,True,0.0,0.0
q3_radius1,q3r1_s6_0029,S6_relation_rich_nonchaotic_bias,3,1,279e3b1f59b6,"[0,0,0,1,1,1,2,2,2,0,0,0,1,1,1,2,2,1,1,1,1,1,1,1,2,2,2]",0.2478883311744387,0.24805704752604166,0.4376923915002501,0.0,0.0,0.0,1.0,1.0,196.0,196.0,2.5,1.3589426768284785,1.0,1.0,1.0208333333333333,0.0,0.0,1.0,1.0,0.2478883311744387,0.7521116688255614,375000051.5212259,1.0,1.0,1.0,1.0,0.4376923915002501,0.30035400390625,0.69964599609375,0.4842528889019005,0.2598988735177523,frozen_order,True,2,True,False,0.2222222222222222,1.5098693043797229,0.047378531862593554,0.0,True,True,0.0,0.0
q3_radius1,q3r1_s6_0028,S6_relation_rich_nonchaotic_bias,3,1,31383ed56d3d,"[0,0,0,1,1,1,2,2,2,2,2,2,1,1,1,2,1,2,1,0,1,1,2,1,1,2,0]",0.6687006975085007,0.8612060546875,0.6403795560406115,0.0,0.0,0.0,0.38802083333333337,0.359375,145.25,163.0,16.125,3.718568875054038,0.9296875,0.7778523763020833,0.8489583333333333,0.25879923502604163,-0.012613932291666664,0.375,1.0,0.6687006975085007,0.33129930249149936,73.41480039370893,0.38802083333333337,0.359375,0.2994791666666667,0.35703124999999997,0.6403795560406115,0.22349039713541669,0.7765096028645834,0.04850384342354635,0.147913912184879,transported_identity,True,2,True,False,0.37037037037037035,1.5012404120907163,0.052822756748091004,0.0,True,True,0.11028933324440525,0.3717159009348473
q3_radius1,q3r1_s6_0033,S6_relation_rich_nonchaotic_bias,3,1,73fabf5f576f,"[0,0,0,1,1,1,0,2,2,2,0,0,1,0,1,2,2,2,0,0,0,2,2,1,2,2,2]",0.21606187046294795,0.216064453125,0.3638691739872283,0.125,0.125,0.0,1.0,1.0,171.79166666666669,172.0,1.875,0.9879906404140166,0.875,1.0,0.8958333333333333,0.0,-0.010416666666666666,1.0,0.875,0.21606187046294795,0.783938129537052,250000047.69189566,1.0,1.0,1.0,1.0,0.3638691739872283,0.22784423828125,0.77215576171875,0.3960414502647377,0.16168303869595946,frozen_order,True,2,True,False,0.2222222222222222,1.540709585192697,0.02792048108918921,0.0,True,True,0.0,0.0
q3_radius1,q3r1_s6_0036,S6_relation_rich_nonchaotic_bias,3,1,5d49d5606a02,"[0,0,0,1,1,1,2,2,2,2,2,0,1,1,1,2,2,2,1,1,1,1,1,1,0,1,2]",0.6319040354463514,0.8272908528645834,0.8511054561268914,0.0,0.0,0.0,0.5,1.0,138.84375,146.5,17.625,4.108994281322628,0.9973958333333333,0.8125,0.7630208333333333,0.1875,-0.03125,1.0,1.0,0.6319040354463514,0.36809596455364857,98.35985183461463,0.5,1.0,0.5,0.5,0.8511054561268914,0.8360697428385416,0.16393025716145834,0.09756134298350136,0.7146034564877,transported_identity,True,2,True,False,0.37037037037037035,1.486565953154142,0.06208130950873836,0.0,True,True,0.02173918983785098,0.07326912130534959
q3_radius1,q3r1_s6_0031,S6_relation_rich_nonchaotic_bias,3,1,1bdcec70c893,"[0,0,0,1,1,1,2,2,2,2,2,0,1,0,1,1,2,1,1,1,1,1,1,1,2,2,2]",0.6190253012332686,0.8132832845052084,0.873000004031919,0.0,0.0,0.0,0.109375,0.5,175.30208333333331,179.5,8.625,3.347917873703098,0.9973958333333333,0.811767578125,0.9348958333333333,0.188232421875,-0.031684027777777776,1.25,1.0,0.6190253012332686,0.38097469876673146,71.65599219347243,0.109375,0.5,0.5,0.24609374999999997,0.873000004031919,0.8546244303385416,0.14537556966145834,0.11526362180912114,0.7488202566756981,transported_identity,True,2,True,False,0.37037037037037035,1.486565953154142,0.06208130950873836,0.0,True,True,0.02893530654839037,0.09752269984827865
q3_radius1,q3r1_s6_0034,S6_relation_rich_nonchaotic_bias,3,1,620d7fafafa4,"[0,0,0,1,1,1,2,2,2,0,1,0,0,0,0,1,1,1,1,1,0,1,1,2,0,2,2]",0.17700511556832899,0.17627970377604169,0.38819834472571246,0.0,0.0,0.0,1.0,1.0,195.91666666666669,196.0,1.75,0.7665435978872162,1.0,1.0,1.0208333333333333,0.0,0.0,1.0,1.0,0.17700511556832899,0.822994884431671,375000048.36442983,1.0,1.0,1.0,1.0,0.38819834472571246,0.264678955078125,0.735321044921875,0.6774250609960661,0.21383302542873472,frozen_order,True,2,True,False,0.5185185185185185,1.540709585192697,0.02792048108918921,0.0,True,True,0.0,0.0
q3_radius1,q3r1_s6_0037,S6_relation_rich_nonchaotic_bias,3,1,a7053cf48920,"[0,0,0,1,1,1,2,2,2,0,0,0,0,1,1,1,1,1,0,1,1,2,1,1,0,2,0]",0.09765503773005721,0.05535888671875,0.26475578269894834,0.0,0.0,0.0,0.9947916666666667,1.0,184.04166666666666,196.0,1.125,0.4150269179094869,0.9947916666666667,0.9700113932291667,1.0208333333333333,0.029988606770833332,0.0,1.0,1.0,0.09765503773005721,0.9023449622699429,375000055.3524186,0.9947916666666667,1.0,0.875,0.9528645833333333,0.26475578269894834,0.10817464192708333,0.8918253580729167,0.9092009911598851,0.04879649408281095,frozen_order,True,2,True,False,0.4444444444444444,1.5012404120907166,0.05282275674809089,0.0,True,True,0.00130422919503368,0.004492345005116009
q3_radius1,q3r1_s6_0041,S6_relation_rich_nonchaotic_bias,3,1,b4a3b8d1b077,"[0,1,0,1,1,1,2,2,2,0,0,0,1,1,1,1,2,2,1,1,1,2,1,1,2,2,2]",0.5775509111210061,0.7281595865885417,0.7307062005064997,0.0,0.0,0.0,0.5651041666666667,1.0,130.91666666666666,154.5,15.75,4.048069564004662,0.8932291666666666,0.856903076171875,0.8046875,0.143096923828125,-0.010416666666666666,1.0,0.9921875,0.5775509111210061,0.42244908887899396,58.67901453317067,0.5651041666666667,1.0,0.5364583333333333,0.555078125,0.7307062005064997,0.21335856119791666,0.7866414388020833,0.06480012536308909,0.1699608239384448,transported_identity,True,2,True,False,0.37037037037037035,1.486565953154142,0.06208130950873836,0.0,True,True,0.045283954886736345,0.1526236998034447
q3_radius1,q3r1_s6_0032,S6_relation_rich_nonchaotic_bias,3,1,b56e635e88a6,"[0,0,0,1,1,1,2,2,2,2,0,0,0,1,1,1,1,2,1,1,1,2,1,1,1,0,0]",0.5816859111884715,0.7302347819010417,0.6636363150545135,0.0,0.0,0.0,0.059895833333333336,0.059895833333333336,180.45833333333331,196.0,4.125,2.118215178446119,0.9192708333333334,0.7057698567708333,1.0208333333333333,0.31992594401041663,-0.02525499131944444,0.0,0.9401041666666667,0.5816859111884715,0.41831408881152854,46.24634743544687,0.059895833333333336,0.059895833333333336,0.059895833333333336,0.05989583333333333,0.6636363150545135,0.3873291015625,0.6126708984375,0.20807616450258523,0.2900989045131604,transported_identity,True,2,True,False,0.5925925925925926,1.5098693043797227,0.047378531862593665,0.0,True,True,0.15069067901572483,0.5413702172046411
q3_radius1,q3r1_s6_0035,S6_relation_rich_nonchaotic_bias,3,1,79e5c9d5963f,"[0,0,0,1,1,1,2,2,2,2,0,0,1,1,1,1,1,2,1,0,1,1,2,2,2,2,2]",0.6001042973809909,0.7950236002604166,0.8090064636648249,0.0,0.0,0.0,0.5,0.5,144.36458333333331,146.5,14.625,3.5570322327547466,1.0,0.8110860188802083,0.7630208333333333,0.18891398111979166,-0.03255208333333333,0.5,1.0,0.6001042973809909,0.3998957026190091,71.8429558074582,0.5,0.5,0.5,0.5,0.8090064636648249,0.25139363606770837,0.7486063639322917,0.1384335313193817,0.23928685646385833,transported_identity,True,2,True,False,0.2962962962962963,1.540709585192697,0.02792048108918921,0.0,True,True,0.058280321649235155,0.19210920839933068
q3_radius1,q3r1_s6_0039,S6_relation_rich_nonchaotic_bias,3,1,32c63935dbcd,"[0,2,0,1,2,1,2,2,2,0,2,2,1,0,0,2,1,2,0,1,0,2,1,2,2,0,2]",0.2763463680814173,0.2761942545572917,0.2583218676645252,0.0,0.0,0.0,0.875,0.875,195.97916666666669,196.0,1.875,1.4048064922070735,1.0,0.9968058268229167,1.0208333333333333,0.0031941731770833335,0.0,0.875,1.0,0.2763463680814173,0.7236536319185827,375000043.79427683,0.875,0.875,0.875,0.875,0.2583218676645252,0.13368733723958331,0.8663126627604166,0.4640427470429107,0.07349520933752361,frozen_order,True,2,True,False,0.4444444444444444,1.5098693043797229,0.047378531862593554,0.0,True,True,0.00036874548264601996,0.0012701233291140689
q3_radius1,q3r1_s6_0040,S6_relation_rich_nonchaotic_bias,3,1,793d132be6ad,"[0,0,0,1,1,0,2,2,2,0,0,0,0,1,1,2,2,2,0,0,0,2,2,1,0,2,0]",0.13570323673966428,0.13496907552083334,0.3235761370986149,0.0,0.0,0.0,1.0,1.0,195.97916666666669,196.0,1.0,0.38904938230123154,1.0,1.0,1.0208333333333333,0.0,0.0,1.0,1.0,0.13570323673966428,0.8642967632603357,375000057.7794297,1.0,1.0,1.0,1.0,0.3235761370986149,0.23836263020833334,0.7616373697916667,0.8991957199726422,0.15390599723020806,frozen_order,True,2,True,False,0.2962962962962963,1.486565953154142,0.06208130950873836,0.0,True,True,0.0,0.0
q3_radius1,q3r1_s6_0042,S6_relation_rich_nonchaotic_bias,3,1,2cad73dfa928,"[0,1,0,1,1,1,2,2,2,0,0,2,1,1,1,2,2,2,0,0,2,1,1,1,2,2,2]",0.47915501833373814,0.5971781412760416,0.6336177837442843,0.0,0.0,0.0,0.6953125,1.0,142.875,163.0,9.625,2.7702865251661972,0.8984375,0.8857421875,0.8489583333333333,0.1142578125,0.0,1.0,0.9635416666666667,0.47915501833373814,0.5208449816662619,125000032.9494361,0.6953125,1.0,0.6953125,0.6953125,0.6336177837442843,0.22874959309895831,0.7712504069010417,0.24212593353214135,0.18155595527806878,localized_persistence,True,2,True,False,0.14814814814814814,1.540709585192697,0.02792048108918921,0.0,True,True,0.025236949918359654,0.0794496571503915
q3_radius1,q3r1_s6_0043,S6_relation_rich_nonchaotic_bias,3,1,fefd6ba55a4a,"[0,0,0,1,1,1,0,2,0,0,0,0,1,0,0,2,2,1,0,1,0,1,2,2,2,2,0]",0.14923738733268566,0.14861043294270834,0.3180214323809327,0.125,0.125,0.0,1.0,1.0,171.65625,172.0,1.5,0.5091847912477966,0.875,1.0,0.8958333333333333,0.0,-0.010416666666666666,1.0,0.875,0.14923738733268566,0.8507626126673143,250000059.28601012,1.0,1.0,1.0,1.0,0.3180214323809327,0.22959391276041669,0.7704060872395833,0.610909511554064,0.18123739400024536,frozen_order,True,2,True,False,0.2962962962962963,1.5175287893989997,0.04254593486689695,0.0,True,True,0.0,0.0
q3_radius1,q3r1_s6_0038,S6_relation_rich_nonchaotic_bias,3,1,b78a331adf7c,"[0,0,0,1,1,2,2,2,0,2,1,0,1,0,1,1,2,1,1,1,1,1,1,2,2,2,2]",0.5766577844175033,0.76544189453125,0.8668899094513858,0.0,0.0,0.0,0.005208333333333333,0.17708333333333331,195.88541666666669,196.0,7.25,1.8638055012304595,1.0,0.7168680826822917,1.0208333333333333,0.28582763671875,0.006537543402777778,0.75,1.0,0.5766577844175033,0.4233422155824968,25.52946424256585,0.005208333333333333,0.17708333333333331,0.14583333333333331,0.054427083333333334,0.8668899094513858,0.6207275390625,0.3792724609375,0.17799764542717283,0.5457000997347878,localized_persistence,True,2,True,False,0.5185185185185185,1.5304930567574826,0.0343663928571748,0.0,True,True,0.088019952347122,0.3096998323324663
q3_radius1,q3r1_s6_0045,S6_relation_rich_nonchaotic_bias,3,1,05155fe94360,"[0,0,0,2,1,1,2,2,2,0,0,0,1,0,0,2,1,2,0,1,0,2,1,0,2,0,0]",0.18839860827193977,0.18816121419270834,0.3157482472522335,0.0,0.0,0.0,1.0,1.0,196.0,196.0,1.25,0.4343310571195595,1.0,1.0,1.0208333333333333,0.0,0.0,1.0,1.0,0.18839860827193977,0.8116013917280602,375000074.4050269,1.0,1.0,1.0,1.0,0.3157482472522335,0.2576395670572917,0.7423604329427083,0.7888992183269166,0.16213427890115323,frozen_order,True,2,True,False,0.2962962962962963,1.5098693043797229,0.047378531862593554,0.0,True,True,0.0,0.0
q3_radius1,q3r1_s6_0044,S6_relation_rich_nonchaotic_bias,3,1,ba2722bc1282,"[0,0,0,1,1,1,2,2,2,0,2,0,0,1,1,1,1,0,2,0,1,1,1,1,0,2,0]",0.2899298000829825,0.3784383138020833,0.6228072772812074,0.0,0.0,0.0,0.35416666666666663,0.6666666666666666,178.94791666666666,179.5,5.5,1.0579490316788416,1.0,0.908721923828125,0.9348958333333333,0.091278076171875,-0.020833333333333332,0.75,1.0,0.2899298000829825,0.7100701999170175,125000042.97834836,0.35416666666666663,0.6666666666666666,0.6666666666666666,0.46354166666666663,0.6228072772812074,0.414215087890625,0.585784912109375,0.5540861429849284,0.31840706738493174,transported_identity,True,2,True,False,0.37037037037037035,1.540709585192697,0.02792048108918921,0.0,True,True,0.030329032651937326,0.10222007301208506
q3_radius1,q3r1_s7_0009,S7_symmetric_control,3,1,dcddc810ee91,"[0,0,0,2,0,1,0,1,0,0,2,2,0,0,1,1,1,1,0,2,1,1,1,0,0,1,1]",0.0033069142817627375,0.0,0.019271274489913795,1.0,1.0,0.0,1.0,1.0,4.791666666666667,6.0,1.5,0.873418093074156,0.0,1.0,0.03125,0.0,-0.08333333333333333,1.0,0.0,0.0033069142817627375,0.9966930857182372,0.0,1.0,1.0,1.0,1.0,0.019271274489913795,0.0,1.0,0.01890480528582013,0.0,collapse,True,2,True,False,0.0,1.4558764720277595,0.08144421627304277,0.0,True,False,0.0,0.0
q3_radius1,q3r1_s6_0047,S6_relation_rich_nonchaotic_bias,3,1,6c7cc43d0c37,"[0,0,0,1,1,1,2,2,2,0,0,2,1,2,1,1,2,1,0,0,1,1,1,1,1,2,2]",0.27149085800882444,0.27176920572916663,0.36683119767453803,0.0,0.0,0.0,1.0,1.0,176.5,196.0,1.75,1.2060907256230602,0.8984375,1.0,1.0208333333333333,0.0,0.0,1.0,0.9609375,0.27149085800882444,0.7285091419911756,375000035.8317328,1.0,1.0,1.0,1.0,0.36683119767453803,0.263397216796875,0.736602783203125,0.5562793336107199,0.19029452094952073,frozen_order,True,2,True,False,0.2962962962962963,1.5448491887169091,0.02530868205777448,0.0,True,True,0.0,0.0
q3_radius1,q3r1_s6_0046,S6_relation_rich_nonchaotic_bias,3,1,f00d18b35da3,"[0,0,0,1,1,1,2,2,0,0,2,0,0,1,0,1,0,1,1,1,1,2,1,1,0,2,0]",0.10399710699684261,0.09949747721354169,0.24745982987081971,0.0,0.0,0.0,0.9765625,0.9765625,195.88541666666669,196.0,1.0,0.11222342791930304,1.0,0.9936930338541667,1.0208333333333333,0.006306966145833333,-0.0006510416666666666,1.0,1.0,0.10399710699684261,0.8960028930031574,375000059.77480257,0.9765625,0.9765625,0.9505208333333333,0.9674479166666667,0.24745982987081971,0.19890340169270837,0.8010965983072917,0.9887228082226356,0.09724203850147066,frozen_order,True,2,True,False,0.5185185185185185,1.5061046842206038,0.049753742731876605,0.0,True,True,0.00018417168475205178,0.0006480114833868489
q3_radius1,q3r1_s6_0048,S6_relation_rich_nonchaotic_bias,3,1,97f2d10f9110,"[0,0,0,1,2,1,2,2,2,2,2,2,1,0,1,2,2,2,0,0,0,1,1,0,2,0,2]",0.17760081447673792,0.17683919270833334,0.36926941266839175,0.0,0.0,0.0,1.0,1.0,196.0,196.0,1.25,0.7558419397789504,1.0,1.0,1.0208333333333333,0.0,0.0,1.0,1.0,0.17760081447673792,0.8223991855232621,375000056.56426847,1.0,1.0,1.0,1.0,0.36926941266839175,0.28028361002604163,0.7197163899739584,0.6895432468772771,0.19427813225376267,frozen_order,True,2,True,False,0.2962962962962963,1.5304930567574826,0.0343663928571748,0.0,True,True,0.0,0.0
q3_radius1,q3r1_s6_0049,S6_relation_rich_nonchaotic_bias,3,1,45ece4d1db6f,"[0,0,0,1,1,1,2,2,2,0,2,0,0,0,2,2,2,2,0,0,0,2,1,2,0,2,0]",0.11783474673467186,0.116790771484375,0.29875459956509587,0.0,0.0,0.0,1.0,1.0,195.97916666666666,196.0,1.125,0.3079281709156175,1.0,1.0,1.0208333333333333,0.0,0.0,1.0,1.0,0.11783474673467186,0.8821652532653281,375000097.253315,1.0,1.0,1.0,1.0,0.29875459956509587,0.22458902994791669,0.7754109700520834,0.8797243771798728,0.12948449009121,frozen_order,True,2,True,False,0.2962962962962963,1.4558764720277595,0.08144421627304277,0.0,True,True,0.0,0.0
q3_radius1,q3r1_s7_0007,S7_symmetric_control,3,1,faffd25c8616,"[0,0,0,1,0,0,0,2,1,0,0,2,0,0,2,2,0,0,0,2,1,0,2,2,1,0,0]",0.027151895104706388,0.024597167968750003,0.09964337700204087,0.35677083333333337,0.35677083333333337,0.0,1.0,1.0,126.72916666666666,148.0,1.25,0.21495560224395782,0.6432291666666666,1.0,0.7708333333333333,0.0,-0.029730902777777776,1.0,0.6432291666666666,0.027151895104706388,0.9728481048952936,125000065.38608259,1.0,1.0,1.0,1.0,0.09964337700204087,0.04919433593750001,0.9508056640625,0.6436800655914474,0.011064699932851979,frozen_order,True,2,True,False,0.0,1.360388077926312,0.14169068523240325,0.0,True,False,0.0,0.0
q3_radius1,q3r1_s7_0001,S7_symmetric_control,3,1,8f88f77bede8,"[0,1,1,0,1,1,1,0,1,1,0,0,1,1,2,0,0,0,1,0,2,1,2,2,1,0,0]",0.6755957726987533,0.7926534016927084,0.46722298539289403,0.125,0.125,0.0,0.9635416666666667,0.9505208333333333,151.34375,158.5,5.5,2.2930368957998817,0.9947916666666667,0.89923095703125,0.8255208333333333,0.101287841796875,-0.036376953125,1.0,0.8515625,0.6755957726987533,0.32440422730124674,250000040.5288927,0.9635416666666667,0.9505208333333333,0.5625,0.8231770833333334,0.46722298539289403,0.160888671875,0.839111328125,0.19873462853566237,0.08213665572004845,emitter_or_generator,True,2,True,False,0.0,1.4558764720277595,0.08144421627304277,0.0,True,False,0.014782406583058483,0.04434721974917545
q3_radius1,q3r1_s7_0006,S7_symmetric_control,3,1,08fc2046c906,"[0,0,0,2,0,2,0,2,2,0,1,2,0,1,1,2,0,1,0,2,2,2,1,1,2,1,2]",0.22581558359307535,0.220428466796875,0.31668909152045815,0.2578125,0.2578125,0.0,0.8046875,0.9244791666666667,130.5,148.0,2.75,1.5673542907955205,0.6770833333333333,0.95867919921875,0.7708333333333333,0.042714436848958336,-0.021999782986111112,1.125,0.7395833333333333,0.22581558359307535,0.7741844164069247,125000023.2902385,0.8046875,0.9244791666666667,0.8671875,0.8265625,0.31668909152045815,0.08196004231770834,0.9180399576822917,0.21595272939453977,0.06125437388185315,frozen_order,True,2,True,False,0.0,1.5610150105933087,0.015109184045017598,0.0,False,False,0.006667129959425932,0.020001389878277796
q3_radius1,q3r1_s7_0003,S7_symmetric_control,3,1,ce78c2f4578b,"[0,2,1,2,2,1,1,0,1,2,2,1,2,1,1,0,2,0,1,1,2,1,1,0,1,0,2]",0.7988699219593318,0.9928080240885416,0.820289452411027,0.0,0.0,0.0,0.7760416666666667,0.4739583333333333,108.03125,140.0,3.25,3.3141569349441116,0.9427083333333333,0.7639363606770834,0.7291666666666666,0.236724853515625,-0.0087890625,0.5,0.22395833333333331,0.7988699219593318,0.20113007804066818,5.5632643488232105,0.7760416666666667,0.4739583333333333,0.4427083333333333,0.659375,0.820289452411027,0.600067138671875,0.399932861328125,0.06945404655474446,0.4963569658358744,localized_persistence,True,2,True,False,0.0,1.5304930567574826,0.0343663928571748,0.0,True,False,0.031024185548400616,0.09307255664520185
q3_radius1,q3r1_s7_0010,S7_symmetric_control,3,1,cd9ca9f07490,"[0,0,0,0,1,1,1,2,0,0,0,0,1,0,1,2,2,2,0,0,1,1,1,0,0,2,1]",0.1560750114691278,0.155548095703125,0.30808864801431135,0.27864583333333337,0.27864583333333337,0.0,0.8359375,1.0,141.94791666666669,148.0,1.875,0.8650746732506395,0.7213541666666667,1.0,0.7708333333333333,0.0,-0.023220486111111112,1.125,0.7213541666666667,0.1560750114691278,0.8439249885308722,125000044.08692479,0.8359375,1.0,1.0,0.893359375,0.30808864801431135,0.20648193359375,0.79351806640625,0.3157315331446098,0.1832624342928267,frozen_order,True,2,True,False,0.0,1.486565953154142,0.06208130950873836,0.0,True,False,0.0,0.0
q3_radius1,q3r1_s7_0000,S7_symmetric_control,3,1,779feecbd241,"[0,1,1,1,2,0,2,2,0,1,2,0,2,1,0,2,1,2,1,0,0,0,0,2,0,2,2]",0.5024596957139194,0.6003621419270834,0.9136219063150037,0.0,0.0,0.0,0.013020833333333334,0.9296875,195.6875,196.0,2.5,0.8954093891066289,1.0,0.8943990071614584,1.0208333333333333,0.10560099283854166,-0.008897569444444444,12.25,1.0,0.5024596957139194,0.49754030428608054,250000176.27880403,0.013020833333333334,0.9296875,0.18489583333333334,0.07317708333333334,0.9136219063150037,0.7932230631510417,0.20677693684895834,0.5141828705397605,0.7257953450174671,localized_persistence,True,2,True,False,0.0,1.5663672668986361,0.011732286293246186,0.0,False,False,0.024003296881865272,0.07200989064559582
q3_radius1,q3r1_s7_0002,S7_symmetric_control,3,1,25f9ecd37ab4,"[0,1,0,1,0,1,1,0,1,1,1,0,0,1,2,0,0,2,0,0,0,1,2,1,1,2,1]",0.6853084267729922,0.8505045572916667,0.5536980568262391,0.0,0.0,0.0,0.0,0.0,177.15625,179.5,2.5,2.282261854607598,1.0,0.715972900390625,0.9348958333333333,0.2982686360677083,-0.044921875,0.0,1.0,0.6853084267729922,0.31469157322700775,28.53172586562189,0.0,0.0,0.0,0.0,0.5536980568262391,0.2946980794270833,0.7053019205729167,0.2198372802071754,0.14922856642556293,transported_identity,True,2,True,False,0.0,1.4558764720277595,0.08144421627304277,0.0,True,False,0.18168416277542648,0.5450524883262795
q3_radius1,q3r1_s7_0014,S7_symmetric_control,3,1,7bb207d0fa51,"[0,1,0,0,2,1,0,2,0,1,0,2,2,1,1,2,2,0,0,2,2,1,1,1,0,0,0]",0.5150965557197215,0.6719563802083333,0.6977038371510901,0.2578125,0.2578125,0.0,0.4479166666666667,0.7395833333333333,110.10416666666666,147.0,6.375,2.2245648928712978,0.8619791666666666,0.8648274739583333,0.765625,0.13527425130208331,-0.023274739583333332,1.5,0.6458333333333333,0.5150965557197215,0.48490344428027854,12.639777638984926,0.4479166666666667,0.7395833333333333,0.5598958333333334,0.487109375,0.6977038371510901,0.6190592447916667,0.38094075520833337,0.13539489644809485,0.5606959070160852,transported_identity,True,2,True,False,0.0,1.5677116575334586,0.01088407024131377,0.0,False,False,0.026359345781185105,0.07907803734355531
q3_radius1,q3r1_s7_0004,S7_symmetric_control,3,1,f9bf78b69322,"[0,1,1,0,0,0,0,1,1,1,1,1,0,0,1,1,2,0,1,1,1,0,1,2,1,0,1]",0.4186226378656628,0.478240966796875,0.6111517407412277,0.0,0.0,0.0,0.0,1.0,195.84375,196.0,1.0,0.22379202085890518,1.0,0.9434814453125,1.0208333333333333,0.0565185546875,-0.021267361111111112,2.0,1.0,0.4186226378656628,0.5813773621343372,250000106.17565888,0.0,1.0,0.5,0.175,0.6111517407412277,0.9182942708333333,0.08170572916666666,0.9548699444455606,0.5589647237121991,emitter_or_generator,True,2,True,False,0.0,1.2799749139041574,0.19242574299280246,0.0,True,False,0.019402231744265454,0.05820669523279636
q3_radius1,q3r1_s7_0008,S7_symmetric_control,3,1,b520d0a9bcb9,"[0,1,2,1,1,2,0,1,2,1,1,1,1,0,1,1,2,0,2,1,2,2,1,2,2,0,0]",0.4143654093635309,0.44013468424479163,0.661645940346079,0.0078125,0.0078125,0.0,0.0078125,0.125,124.40624999999999,165.0,2.25,1.98550976087983,1.0,0.6326192220052083,0.859375,0.40254720052083337,-0.022894965277777776,0.25,0.9921875,0.4143654093635309,0.585634590636469,125000015.63060643,0.0078125,0.125,0.0,0.005078125,0.661645940346079,0.3160502115885417,0.6839497884114583,0.37815471538345935,0.2110620185049727,emitter_or_generator,True,2,True,False,0.0,1.5304930567574826,0.0343663928571748,0.0,True,False,0.19988998652861195,0.5996699595858359
q3_radius1,q3r1_s7_0005,S7_symmetric_control,3,1,5d95cd939e2e,"[0,1,1,1,1,0,0,2,2,1,2,2,1,1,2,2,1,2,1,2,2,0,2,0,2,2,0]",0.5567787183587003,0.6784261067708333,0.866401244331019,0.0,0.0,0.0,0.0,0.0,150.4375,179.5,1.75,2.261180592045921,1.0,0.47721354166666663,0.9348958333333333,0.554962158203125,-0.023546006944444444,0.0,1.0,0.5567787183587003,0.44322128164129965,23.03679525312843,0.0,0.0,0.0,0.0,0.866401244331019,0.5529073079427083,0.44709269205729163,0.3412845160366409,0.47536871723671636,emitter_or_generator,True,2,True,False,0.0,1.5304930567574826,0.0343663928571748,0.0,True,False,0.13894096553083018,0.41682289659249055
q3_radius1,q3r1_s7_0013,S7_symmetric_control,3,1,63414d7e5700,"[0,0,2,0,2,0,1,0,1,0,1,2,2,2,1,0,1,0,2,2,1,0,1,0,1,0,2]",0.17385200144713403,0.1600341796875,0.47069937731079003,0.4088541666666667,0.4088541666666667,0.0,0.4088541666666667,0.3880208333333333,82.96875,136.0,1.5,0.7602592867153769,0.8463541666666667,0.7555135091145833,0.7083333333333334,0.25950113932291663,-0.040717230902777776,0.375,0.5911458333333333,0.17385200144713403,0.8261479985528659,7.630799374023901,0.4088541666666667,0.3880208333333333,0.125,0.30950520833333334,0.47069937731079003,0.24879964192708331,0.7512003580729166,0.4860073275053896,0.164821447213581,transported_identity,True,2,True,False,0.0,1.5677116575334586,0.01088407024131377,0.0,False,False,0.11306319230281775,0.33918957690845325
q3_radius1,q3r1_s7_0011,S7_symmetric_control,3,1,2c28c54b5835,"[0,2,2,2,1,1,2,1,1,2,2,2,1,0,0,1,0,1,2,2,2,1,0,1,1,1,2]",0.5880404721064065,0.6929423014322917,0.9492265131744448,0.0,0.0,0.0,0.0,0.15364583333333334,187.21875,196.0,2.0,1.3866023333046766,1.0,0.6125081380208334,1.0208333333333333,0.4039306640625,-0.013264973958333334,0.5,0.9947916666666666,0.5880404721064065,0.41195952789359347,9.03023233848278,0.0,0.15364583333333334,0.020833333333333332,0.007291666666666666,0.9492265131744448,0.5099690755208333,0.49003092447916663,0.27432472966509003,0.4844116046652397,emitter_or_generator,True,2,True,False,0.0,1.5061046842206038,0.049753742731876605,0.0,True,False,0.12663200646676295,0.37989601940028883
q3_radius1,q3r1_s7_0016,S7_symmetric_control,3,1,987170cb525e,"[0,2,2,2,1,2,0,2,1,2,0,2,1,1,1,2,0,2,2,2,1,2,1,2,1,2,1]",0.68369710918947,0.806854248046875,0.6311242673954007,0.0,0.0,0.0,0.3515625,1.0,195.92708333333331,196.0,2.875,1.5072135171922065,1.0,0.905181884765625,1.0208333333333333,0.094818115234375,-0.010416666666666666,3.375,1.0,0.68369710918947,0.31630289081053,250000114.358428,0.3515625,1.0,0.5,0.40351562500000004,0.6311242673954007,0.432098388671875,0.567901611328125,0.24787833280944385,0.3021246867045665,transported_identity,True,2,True,False,0.0,1.4277655050602363,0.09918026173451766,0.0,True,False,0.03572761944042216,0.10718285832126648
q3_radius1,q3r1_s7_0019,S7_symmetric_control,3,1,11296a235877,"[0,0,0,1,1,1,0,1,0,0,1,1,1,1,2,1,1,0,0,1,0,1,2,1,0,0,2]",0.22914368624514247,0.22913614908854169,0.23805641496113722,0.125,0.125,0.0,0.7265625,0.7890625,151.66666666666669,172.0,2.0,1.294879654247131,0.7734375,0.9707132975260416,0.8958333333333333,0.029490152994791668,-0.012044270833333332,0.75,0.8541666666666667,0.22914368624514247,0.7708563137548575,250000038.35538667,0.7265625,0.7890625,0.8177083333333333,0.7584635416666666,0.23805641496113722,0.09271240234375,0.90728759765625,0.4112891150712928,0.04782032296867804,frozen_order,True,2,True,False,0.0,1.3876892931631746,0.12446553623080825,0.0,True,False,0.006583693530399248,0.019751080591197744
q3_radius1,q3r1_s7_0012,S7_symmetric_control,3,1,c5ab620d6aec,"[0,1,2,1,2,0,2,0,1,1,1,1,2,0,2,0,1,1,2,1,1,0,2,1,1,1,0]",0.41843721327180483,0.5255839029947917,0.808826836936313,0.0,0.0,0.0,0.0,0.0,114.84375,177.5,1.75,2.46130683435121,1.0,0.520416259765625,0.9244791666666666,0.517608642578125,-0.026557074652777776,0.0,1.0,0.41843721327180483,0.5815627867281952,13.948637524172582,0.0,0.0,0.0,0.0,0.808826836936313,0.4859720865885417,0.5140279134114584,0.38230570153559407,0.4148293967670156,emitter_or_generator,True,2,True,False,0.0,1.5175287893989997,0.04254593486689695,0.0,True,False,0.15762854869502138,0.4728856460850641
q3_radius1,q3r1_s7_0017,S7_symmetric_control,3,1,e78479f56d52,"[0,2,2,2,0,0,2,1,2,2,2,1,0,1,0,1,2,0,2,1,1,0,0,2,2,0,2]",0.7746408623940793,0.9333394368489583,0.5999352486773281,0.0,0.0,0.1640625,0.1640625,0.1640625,122.07291666666667,146.5,9.0,2.7437386214863473,0.8958333333333333,0.7324117024739584,0.7630208333333333,0.2816874186197917,-0.04747178819444444,0.125,0.5052083333333333,0.7746408623940793,0.2253591376059208,9.300126358093948,0.1640625,0.1640625,0.028645833333333332,0.11666666666666667,0.5999352486773281,0.248565673828125,0.751434326171875,0.07958992453816088,0.15654751385689036,transported_identity,True,2,True,False,0.0,1.5304930567574826,0.0343663928571748,0.0,True,False,0.1537120684271302,0.4611362052813906
q3_radius1,q3r1_s7_0018,S7_symmetric_control,3,1,0c2a8d3637da,"[0,2,0,2,0,1,2,1,0,2,0,1,0,1,1,1,2,1,0,1,1,1,1,2,0,1,2]",0.2937924083650421,0.302703857421875,0.5363241067184853,0.0,0.0,0.0,0.3046875,0.2994791666666667,186.64583333333331,196.0,1.375,1.9168696850668394,1.0,0.698089599609375,1.0208333333333333,0.324951171875,-0.012179904513888888,0.25,1.0,0.2937924083650421,0.7062075916349578,250000013.75102752,0.3046875,0.2994791666666667,0.2916666666666667,0.30013020833333337,0.5363241067184853,0.249786376953125,0.750213623046875,0.51500625018012,0.20744967641254441,emitter_or_generator,True,2,True,False,0.0,1.5448491887169091,0.02530868205777448,0.0,True,False,0.12582686362578585,0.3774805908773575
q3_radius1,q3r1_s7_0015,S7_symmetric_control,3,1,b927980cc87f,"[0,1,1,1,0,1,2,2,1,1,2,0,0,0,0,2,1,2,1,0,0,1,0,0,1,2,2]",0.4405103825122787,0.5108642578125,0.8226281356285212,0.0,0.0,0.0,0.0,0.3333333333333333,157.80208333333334,185.5,1.125,0.9106198154934737,1.0,0.7737528483072917,0.9661458333333333,0.22690836588541666,-0.0006510416666666667,2.625,1.0,0.4405103825122787,0.5594896174877213,83.81494650577874,0.0,0.3333333333333333,0.0,0.0,0.8226281356285212,0.8944803873697917,0.10551961263020833,0.726942652764425,0.7239904504493699,chaotic,True,2,True,False,0.0,1.5663672668986361,0.011732286293246186,0.0,False,False,0.048459271080872286,0.14537781324261687
q3_radius1,q3r1_s7_0024,S7_symmetric_control,3,1,248b08cdcf01,"[0,2,1,1,2,0,2,1,1,2,0,2,2,0,2,1,0,2,1,2,2,0,2,2,1,2,2]",0.7211222541558722,0.8431599934895833,0.5385980712775946,0.125,0.125,0.140625,0.265625,1.0,131.40625,146.5,14.25,3.4250442993606125,0.9609375,0.9059956868489583,0.7630208333333333,0.09400431315104167,-0.03428819444444444,1.75,0.5651041666666667,0.7211222541558722,0.2788777458441278,80.22042523645462,0.265625,1.0,0.625,0.39140624999999996,0.5385980712775946,0.10201009114583334,0.8979899088541666,0.1261657844200861,0.05994258613582702,transported_identity,True,2,True,False,0.0,1.478434599662112,0.06721162236366729,0.0,True,False,0.04872544090278172,0.14617632270834516
q3_radius1,q3r1_s8_0000,S8_self_only_control,3,1,653a723e9cd8,"[0,0,0,2,1,1,0,2,2,0,0,0,1,1,1,2,2,2,0,0,0,1,1,1,2,2,2]",0.17996474086517705,0.17966715494791669,0.3377848970844597,0.2708333333333333,0.2708333333333333,0.0,1.0,1.0,143.625,148.0,2.0,1.0001839586050643,0.7291666666666666,1.0,0.7708333333333333,0.0,-0.02256944444444444,1.0,0.7291666666666666,0.17996474086517705,0.8200352591348229,125000042.72377963,1.0,1.0,1.0,1.0,0.3377848970844597,0.212921142578125,0.787078857421875,0.3041802845357323,0.19484961045229426,frozen_order,True,2,True,False,0.0,1.5790132072799712,0.0037535862447710677,0.0,False,False,0.0,0.0
q3_radius1,q3r1_s7_0022,S7_symmetric_control,3,1,ea75aa6ea6db,"[0,0,2,0,2,1,1,0,1,0,2,2,2,0,0,0,0,0,2,2,1,1,0,1,1,0,0]",0.4741865036195218,0.5850423177083334,0.8320024322072771,0.125,0.125,0.0,0.125,0.4088541666666667,166.82291666666669,172.0,2.25,1.420844418835157,0.875,0.8365376790364583,0.8958333333333333,0.16346232096354166,-0.010416666666666666,0.875,0.875,0.4741865036195218,0.5258134963804781,51.555897262680034,0.125,0.4088541666666667,0.3828125,0.21523437499999998,0.8320024322072771,0.751983642578125,0.24801635742187497,0.395225043223701,0.716953782864215,transported_identity,True,2,True,False,0.0,1.5175287893989997,0.04254593486689695,0.0,True,False,0.030373895509338163,0.09112168652801449
q3_radius1,q3r1_s7_0021,S7_symmetric_control,3,1,3b9db0b47215,"[0,0,2,1,0,0,0,2,0,0,2,0,0,1,2,2,2,2,2,0,2,0,2,1,0,2,0]",0.3602231145934532,0.442718505859375,0.5930312448377111,0.0,0.0,0.0,0.125,1.0,195.8125,196.0,1.125,0.29691333614655774,1.0,0.9542338053385417,1.0208333333333333,0.045766194661458336,-0.010416666666666666,1.875,1.0,0.3602231145934532,0.6397768854065469,375000014.019366,0.125,1.0,0.6276041666666666,0.3009114583333333,0.5930312448377111,0.7535807291666666,0.24641927083333334,0.8708696780102079,0.5028043458697415,emitter_or_generator,True,2,True,False,0.0,1.3876892931631746,0.12446553623080825,0.0,True,False,0.015179557424575822,0.04553867227372747
q3_radius1,q3r1_s7_0023,S7_symmetric_control,3,1,39409b7201a9,"[0,1,2,2,2,2,1,1,1,1,2,2,2,0,0,1,1,0,2,2,0,2,0,0,1,0,2]",0.6616840790796362,0.8497721354166666,0.8924459808000693,0.0,0.0,0.0,0.0,0.0,168.39583333333331,175.5,5.0,2.6500232757840774,0.9973958333333333,0.5668843587239584,0.9140625,0.45346069335937506,-0.03450520833333333,0.0,0.8723958333333333,0.6616840790796362,0.3383159209203638,13.872666351934207,0.0,0.0,0.0,0.0,0.8924459808000693,0.43824259440104163,0.5617574055989583,0.18006620409891877,0.404003582839207,emitter_or_generator,True,2,True,False,0.0,1.5677116575334584,0.010884070241313881,0.0,False,False,0.1532067045156462,0.45962011354693855
q3_radius1,q3r1_s7_0020,S7_symmetric_control,3,1,76a9b16a14b0,"[0,1,2,2,2,1,2,0,1,1,0,0,2,0,0,0,1,0,2,0,0,1,0,0,1,0,2]",0.457900131304647,0.5384928385416666,0.8567668657438923,0.0,0.0,0.0,0.125,0.125,188.76041666666669,196.0,1.0,1.3316363804774785,1.0,0.5055033365885417,1.0208333333333333,0.5377095540364584,-0.030978732638888888,0.125,1.0,0.457900131304647,0.5420998686953529,125000034.87579264,0.125,0.125,0.0,0.08125,0.8567668657438923,0.81842041015625,0.18157958984375,0.640775843242804,0.6945188188741732,chaotic,True,2,True,False,0.0,1.5175287893989997,0.04254593486689695,0.0,True,False,0.07628753686128255,0.22886261058384766
q3_radius1,q3r1_s8_0001,S8_self_only_control,3,1,ef9a15e8c176,"[0,0,0,1,1,1,2,2,2,0,0,0,1,1,1,2,2,2,0,0,0,1,0,1,2,2,2]",0.21084578914345856,0.2108154296875,0.40701513013016927,0.0,0.0,0.0,1.0,1.0,196.0,196.0,1.5,0.7801553989720053,1.0,1.0,1.0208333333333333,0.0,0.0,1.0,1.0,0.21084578914345856,0.7891542108565415,375000062.4232733,1.0,1.0,1.0,1.0,0.40701513013016927,0.29362996419270837,0.7063700358072916,0.7006037233825788,0.2538822537404174,frozen_order,True,2,True,False,0.07407407407407407,1.5790132072799712,0.0037535862447710677,0.0,False,False,0.0,0.0
q3_radius1,q3r1_s8_0002,S8_self_only_control,3,1,309a6d02d7c4,"[0,0,0,1,1,1,2,2,2,0,0,0,0,1,2,2,2,2,0,0,0,1,1,1,2,2,2]",0.2065008555463353,0.2064208984375,0.40322108163798925,0.0,0.0,0.0,1.0,1.0,195.98958333333331,196.0,1.5,0.7989215733979645,1.0,1.0,1.0208333333333333,0.0,0.0,1.0,1.0,0.2065008555463353,0.7934991444536648,375000050.9505215,1.0,1.0,1.0,1.0,0.40322108163798925,0.28847249348958337,0.7115275065104166,0.6914078766990641,0.24561858708966552,frozen_order,True,2,True,False,0.14814814814814814,1.5663672668986361,0.011732286293246186,0.0,False,False,0.0,0.0
q3_radius1,q3r1_s8_0003,S8_self_only_control,3,1,bb307758d01c,"[1,0,0,1,1,1,2,2,2,0,0,0,1,1,1,2,2,2,0,2,0,1,1,1,2,2,2]",0.87103761663091,0.87451171875,0.49341274747090014,0.0,0.0,0.0,1.0,1.0,147.65625,148.0,2.0,1.5696579478056236,0.75,1.0,0.7708333333333333,0.0,0.0,1.0,1.0,0.87103761663091,0.12896238336909002,375000072.54896116,1.0,1.0,1.0,1.0,0.49341274747090014,0.32234700520833337,0.6776529947916667,0.16311327425179467,0.2906995488243641,frozen_order,True,2,True,False,0.07407407407407407,1.5663672668986361,0.011732286293246186,0.0,False,False,0.0,0.0
q3_radius1,q3r1_s8_0004,S8_self_only_control,3,1,2aa57631cbdd,"[0,0,0,1,0,1,0,2,2,1,0,0,1,1,1,2,2,1,0,0,0,1,1,1,2,0,2]",0.24812846603788857,0.26860555013020837,0.4575559743918894,0.125,0.125,0.0,0.7369791666666667,0.7369791666666666,153.13541666666669,163.5,1.75,1.0000063426440047,0.875,0.970550537109375,0.8515625,0.030019124348958336,-0.021511501736111112,0.6875,0.875,0.24812846603788857,0.7518715339621114,250000036.04728428,0.7369791666666667,0.7369791666666666,0.8463541666666667,0.7752604166666667,0.4575559743918894,0.25232950846354163,0.7476704915364583,0.38965118295379364,0.22810445555411213,frozen_order,True,2,True,False,0.2222222222222222,1.540709585192697,0.02792048108918921,0.0,True,True,0.005054221601034161,0.01628582515888785
q3_radius1,q3r1_s8_0005,S8_self_only_control,3,1,978058a5824d,"[0,0,0,1,1,1,2,2,2,0,0,0,1,2,1,2,2,2,0,0,0,1,1,0,2,2,2]",0.20769235877793069,0.20763142903645831,0.4052011972410374,0.0,0.0,0.0,1.0,1.0,196.0,196.0,1.5,0.7326454861844443,1.0,1.0,1.0208333333333333,0.0,0.0,1.0,1.0,0.20769235877793069,0.7923076412220693,375000059.9237651,1.0,1.0,1.0,1.0,0.4052011972410374,0.2937723795572917,0.7062276204427083,0.7072108337472954,0.2522009414690951,frozen_order,True,2,True,False,0.0,1.5663672668986361,0.011732286293246186,0.0,False,False,0.0,0.0
q3_radius1,q3r1_s8_0008,S8_self_only_control,3,1,55455ed4e262,"[0,0,0,0,1,1,2,2,2,0,0,0,1,1,2,2,2,2,0,0,0,1,1,1,2,2,2]",0.199290432048791,0.199188232421875,0.3741719503631034,0.125,0.125,0.0,1.0,1.0,171.8125,172.0,1.625,1.0050287219617615,0.875,1.0,0.8958333333333333,0.0,-0.010416666666666666,1.0,0.875,0.199290432048791,0.800709567951209,250000044.11653388,1.0,1.0,1.0,1.0,0.3741719503631034,0.25140380859375,0.74859619140625,0.5197069832641296,0.21790930871972392,frozen_order,True,2,True,False,0.07407407407407407,1.5663672668986361,0.011732286293246186,0.0,False,False,0.0,0.0
q3_radius1,q3r1_s8_0006,S8_self_only_control,3,1,54e30e802c38,"[0,0,0,2,1,1,2,2,2,1,2,0,1,1,1,2,2,2,0,0,0,1,1,1,2,2,2]",0.3876747039109726,0.46247355143229163,0.6311590677929508,0.0,0.0,0.0,0.8098958333333334,1.0,178.59375,179.5,5.5,2.0744394360706218,1.0,0.9287109375,0.9348958333333333,0.0712890625,0.0,1.0,1.0,0.3876747039109726,0.6123252960890274,250000043.3186963,0.8098958333333334,1.0,0.8098958333333334,0.8098958333333333,0.6311590677929508,0.29683430989583337,0.7031656901041667,0.3712862180115044,0.2832160471372326,frozen_order,True,2,True,False,0.07407407407407407,1.5610150105933087,0.015109184045017598,0.0,False,False,0.009021595970417585,0.027733054279431835
q3_radius1,q3r1_s8_0009,S8_self_only_control,3,1,9b7874235f16,"[0,0,0,1,1,1,1,2,2,0,0,1,1,1,1,2,2,2,0,0,0,1,1,1,2,2,2]",0.26605951971340674,0.26631673177083337,0.3592521906095884,0.0,0.0,0.0,1.0,1.0,180.5,196.0,1.75,1.1309112017246317,0.9192708333333334,1.0,1.0208333333333333,0.0,0.0,1.0,0.9817708333333333,0.26605951971340674,0.7339404802865933,375000043.2632889,1.0,1.0,1.0,1.0,0.3592521906095884,0.23897298177083334,0.7610270182291666,0.5787750395811624,0.1666176142068111,frozen_order,True,2,True,False,0.07407407407407407,1.5677116575334586,0.01088407024131377,0.0,False,False,0.0,0.0
q3_radius1,q3r1_s8_0007,S8_self_only_control,3,1,f8056797d515,"[0,0,1,1,1,1,2,2,2,0,0,0,1,1,1,2,2,2,0,0,0,0,1,1,2,2,2]",0.2316012736635093,0.23189290364583331,0.4379830762221596,0.0,0.0,0.0,1.0,1.0,196.0,196.0,1.75,1.0541323858926765,1.0,1.0,1.0208333333333333,0.0,0.0,1.0,1.0,0.2316012736635093,0.7683987263364906,375000049.82103866,1.0,1.0,1.0,1.0,0.4379830762221596,0.30364990234375,0.69635009765625,0.5644114602381464,0.2656304318392444,frozen_order,True,2,True,False,0.14814814814814814,1.584962500721156,0.0,0.0,False,False,0.0,0.0
q3_radius1,q3r1_s8_0010,S8_self_only_control,3,1,88d725d26087,"[0,0,0,1,1,1,2,2,2,0,0,0,1,1,1,2,2,2,0,0,0,1,1,1,2,2,2]",0.21864827473958331,0.21864827473958331,0.415209876493176,0.0,0.0,0.0,1.0,1.0,196.0,196.0,1.5,0.8817979432162537,1.0,1.0,1.0208333333333333,0.0,0.0,1.0,1.0,0.21864827473958331,0.7813517252604167,375000052.2489788,1.0,1.0,1.0,1.0,0.415209876493176,0.2903645833333333,0.7096354166666666,0.6744245300528755,0.2507734634517498,frozen_order,True,0,False,True,0.0,1.584962500721156,0.0,0.0,False,False,0.0,0.0
q3_radius1,q3r1_s8_0011,S8_self_only_control,3,1,055febd5559a,"[0,0,0,1,1,1,2,2,2,0,0,0,1,1,1,2,2,2,0,0,0,1,1,1,2,2,1]",0.217376708984375,0.217376708984375,0.4119738302629817,0.0,0.0,0.0,1.0,1.0,196.0,196.0,1.5,0.8842237976043542,1.0,1.0,1.0208333333333333,0.0,0.0,1.0,1.0,0.217376708984375,0.782623291015625,375000055.1512435,1.0,1.0,1.0,1.0,0.4119738302629817,0.2958577473958333,0.7041422526041667,0.6763973478557751,0.2557477699507712,frozen_order,True,2,True,False,0.0,1.579013207279971,0.0037535862447711787,0.0,False,False,0.0,0.0
q3_radius1,q3r1_s8_0013,S8_self_only_control,3,1,d1830bf6d956,"[0,0,0,1,1,1,2,1,2,0,0,2,1,1,1,2,2,2,1,0,0,1,1,1,2,2,2]",0.28745018097609026,0.28782145182291663,0.39048382691311156,0.0,0.0,0.0,1.0,1.0,181.47916666666669,196.0,2.0,1.3383913493971213,0.9244791666666666,1.0,1.0208333333333333,0.0,0.0,1.0,0.984375,0.28745018097609026,0.7125498190239097,375000038.0717739,1.0,1.0,1.0,1.0,0.39048382691311156,0.24566650390625,0.75433349609375,0.4455059119792153,0.17969000973854948,frozen_order,True,2,True,False,0.2222222222222222,1.5610150105933092,0.015109184045017376,0.0,False,False,0.0,0.0
q3_radius1,q3r1_s8_0012,S8_self_only_control,3,1,88d725d26087,"[0,0,0,1,1,1,2,2,2,0,0,0,1,1,1,2,2,2,0,0,0,1,1,1,2,2,2]",0.21868896484375,0.21868896484375,0.41425632196345186,0.0,0.0,0.0,1.0,1.0,196.0,196.0,1.5,0.9046217084677646,1.0,1.0,1.0208333333333333,0.0,0.0,1.0,1.0,0.21868896484375,0.78131103515625,375000051.4984859,1.0,1.0,1.0,1.0,0.41425632196345186,0.29035441080729163,0.7096455891927084,0.668762987692326,0.25121592653314356,frozen_order,True,0,False,True,0.0,1.584962500721156,0.0,0.0,False,False,0.0,0.0
q3_radius1,q3r1_s8_0014,S8_self_only_control,3,1,0d2cfe044d32,"[0,0,0,1,1,1,2,2,2,0,0,0,1,1,1,1,2,2,0,0,0,1,1,1,2,2,2]",0.21779378255208334,0.21779378255208334,0.4114536675770493,0.0,0.0,0.0,1.0,1.0,196.0,196.0,1.5,0.8727821144050723,1.0,1.0,1.0208333333333333,0.0,0.0,1.0,1.0,0.21779378255208334,0.7822062174479166,375000052.48934627,1.0,1.0,1.0,1.0,0.4114536675770493,0.28289794921875,0.71710205078125,0.6744863170736397,0.2445101008105211,frozen_order,True,2,True,False,0.07407407407407407,1.579013207279971,0.0037535862447711787,0.0,False,False,0.0,0.0
q3_radius1,q3r1_s8_0016,S8_self_only_control,3,1,37ad35cf43aa,"[2,1,0,1,1,1,2,2,2,2,0,0,1,1,1,2,2,2,0,0,0,1,1,2,2,2,2]",0.8891908319502915,0.8926900227864583,0.47121752407890716,0.0,0.0,0.0,1.0,1.0,146.15625,148.0,1.75,1.5769027717300688,0.7421875,1.0,0.7708333333333333,0.0,0.0,1.0,0.875,0.8891908319502915,0.11080916804970854,250000076.82743,1.0,1.0,1.0,1.0,0.47121752407890716,0.30426025390625,0.69573974609375,0.1479538500103461,0.26772756718135676,frozen_order,True,2,True,False,0.07407407407407407,1.5304930567574826,0.0343663928571748,0.0,True,True,0.0,0.0
q3_radius1,q3r1_s8_0015,S8_self_only_control,3,1,88d725d26087,"[0,0,0,1,1,1,2,2,2,0,0,0,1,1,1,2,2,2,0,0,0,1,1,1,2,2,2]",0.216644287109375,0.216644287109375,0.412851363021535,0.0,0.0,0.0,1.0,1.0,196.0,196.0,1.5,0.8438749415645037,1.0,1.0,1.0208333333333333,0.0,0.0,1.0,1.0,0.216644287109375,0.783355712890625,375000052.1387343,1.0,1.0,1.0,1.0,0.412851363021535,0.29107666015625,0.70892333984375,0.6813740632501689,0.2510578398944058,frozen_order,True,0,False,True,0.0,1.584962500721156,0.0,0.0,False,False,0.0,0.0
q3_radius1,q3r1_s8_0020,S8_self_only_control,3,1,e5c70dc9aca5,"[0,2,0,1,1,1,0,2,1,0,0,1,1,1,1,2,2,2,0,0,0,1,1,1,1,2,2]",0.280455119869252,0.2808634440104167,0.37853021910373985,0.125,0.125,0.0,1.0,1.0,151.35416666666666,172.0,2.5,1.4414122954290725,0.7682291666666666,1.0,0.8958333333333333,0.0,-0.010416666666666666,1.0,0.8333333333333333,0.280455119869252,0.719544880130748,250000032.54676703,1.0,1.0,1.0,1.0,0.37853021910373985,0.23528035481770831,0.7647196451822917,0.25876445271398574,0.16869916044526984,frozen_order,True,2,True,False,0.14814814814814814,1.5448491887169091,0.02530868205777448,0.0,True,True,0.0,0.0
q3_radius1,q3r1_s8_0017,S8_self_only_control,3,1,3e6168e3e3e5,"[0,0,0,2,1,1,2,2,2,0,0,1,1,1,1,1,0,2,0,0,0,1,1,1,2,2,2]",0.22411566488895185,0.2239990234375,0.3634543904263311,0.0,0.0,0.0,1.0,1.0,196.0,196.0,1.625,1.030719548276525,1.0,1.0,1.0208333333333333,0.0,0.0,1.0,1.0,0.22411566488895185,0.775884335111048,375000055.44008625,1.0,1.0,1.0,1.0,0.3634543904263311,0.21953328450520837,0.7804667154947917,0.6385026276981609,0.15135780214668929,frozen_order,True,2,True,False,0.14814814814814814,1.579013207279971,0.0037535862447711787,0.0,False,False,0.0,0.0
q3_radius1,q3r1_s8_0019,S8_self_only_control,3,1,a443ac19d824,"[0,0,0,1,1,1,2,2,2,0,0,1,1,1,1,2,1,2,0,0,0,1,1,1,2,2,2]",0.26660235311083225,0.266845703125,0.3041739071936097,0.0,0.0,0.0,1.0,1.0,180.5,196.0,1.625,1.100947113418736,0.9192708333333334,1.0,1.0208333333333333,0.0,-0.00021701388888888888,1.0,0.9895833333333333,0.26660235311083225,0.7333976468891678,375000049.21973544,1.0,1.0,1.0,1.0,0.3041739071936097,0.14823404947916666,0.8517659505208334,0.5811687343286405,0.10914274449431184,frozen_order,True,2,True,False,0.07407407407407407,1.5677116575334586,0.01088407024131377,0.0,False,False,0.0,0.0
q3_radius1,q3r1_s8_0018,S8_self_only_control,3,1,033de7b46a76,"[0,0,0,1,1,1,2,2,2,0,0,0,1,1,1,1,2,1,0,0,0,1,1,1,2,2,2]",0.21709187825520834,0.21709187825520834,0.4072744850677375,0.0,0.0,0.0,1.0,1.0,196.0,196.0,1.5,0.8913099660241666,1.0,1.0,1.0208333333333333,0.0,0.0,1.0,1.0,0.21709187825520834,0.7829081217447917,375000055.17718863,1.0,1.0,1.0,1.0,0.4072744850677375,0.2790629069010417,0.7209370930989584,0.6718931741858241,0.23904526269595913,frozen_order,True,2,True,False,0.14814814814814814,1.561015010593309,0.015109184045017487,0.0,False,False,0.0,0.0
q3_radius1,q3r1_s8_0021,S8_self_only_control,3,1,18ffc09a8267,"[0,0,0,1,1,1,2,2,2,0,0,2,1,1,1,2,2,1,0,0,0,1,1,1,2,2,2]",0.26375177940144645,0.26399739583333337,0.36467282589946054,0.0,0.0,0.0,1.0,1.0,181.5,196.0,1.75,1.0860170591495582,0.9244791666666666,1.0,1.0208333333333333,0.0,0.0,1.0,0.9895833333333333,0.26375177940144645,0.7362482205985535,375000049.2715072,1.0,1.0,1.0,1.0,0.36467282589946054,0.24208577473958331,0.7579142252604166,0.5853171303657558,0.17244182589581103,frozen_order,True,2,True,False,0.14814814814814814,1.5790132072799712,0.0037535862447710677,0.0,False,False,0.0,0.0
q3_radius1,q3r1_s8_0022,S8_self_only_control,3,1,88d725d26087,"[0,0,0,1,1,1,2,2,2,0,0,0,1,1,1,2,2,2,0,0,0,1,1,1,2,2,2]",0.21666463216145834,0.21666463216145834,0.41284085320361996,0.0,0.0,0.0,1.0,1.0,196.0,196.0,1.5,0.8737655793420805,1.0,1.0,1.0208333333333333,0.0,0.0,1.0,1.0,0.21666463216145834,0.7833353678385416,375000049.28196394,1.0,1.0,1.0,1.0,0.41284085320361996,0.288787841796875,0.711212158203125,0.6761330295591818,0.24929848906211938,frozen_order,True,0,False,True,0.0,1.584962500721156,0.0,0.0,False,False,0.0,0.0
q3_radius1,q3r1_s8_0023,S8_self_only_control,3,1,c9e0ca6e92ef,"[0,0,0,1,1,1,2,2,2,0,0,0,1,1,1,2,0,2,0,0,0,1,1,1,2,2,2]",0.21090645534798683,0.21087646484375,0.40923553512854893,0.0,0.0,0.0,1.0,1.0,196.0,196.0,1.5,0.7869299166698631,1.0,1.0,1.0208333333333333,0.0,0.0,1.0,1.0,0.21090645534798683,0.7890935446520132,375000056.05068517,1.0,1.0,1.0,1.0,0.40923553512854893,0.2886962890625,0.7113037109375,0.6942037644255852,0.24901879374491875,frozen_order,True,2,True,False,0.0,1.579013207279971,0.0037535862447711787,0.0,False,False,0.0,0.0
q3_radius1,q3r1_s8_0024,S8_self_only_control,3,1,42af3072b9d4,"[0,0,0,1,1,1,2,2,2,0,0,0,1,1,1,2,2,2,0,0,0,1,2,1,1,2,2]",0.21842447916666669,0.21842447916666669,0.41469176167066657,0.0,0.0,0.0,1.0,1.0,196.0,196.0,1.5,0.9042099257702869,1.0,1.0,1.0208333333333333,0.0,0.0,1.0,1.0,0.21842447916666669,0.7815755208333333,375000052.8970398,1.0,1.0,1.0,1.0,0.41469176167066657,0.29700724283854163,0.7029927571614583,0.6690250426304452,0.25633654436169173,frozen_order,True,2,True,False,0.14814814814814814,1.584962500721156,0.0,0.0,False,False,0.0,0.0
q2_radius2,q2r2_s1_0003,S1_random_unbiased,2,2,251d2088dfe1,"[0,0,0,1,0,1,1,0,0,1,1,0,1,0,1,1,0,0,1,1,1,1,0,0,1,1,0,0,1,0,0,1]",0.3467281782977116,0.4015706380208333,0.6940187761251861,0.17361111111111113,0.17361111111111113,0.08333333333333333,0.2569444444444445,0.2569444444444445,82.27777777777779,138.66666666666666,1.8333333333333333,1.8489319218732845,0.7430555555555557,0.6919759114583334,0.7222222222222223,0.3482259114583333,-0.010091145833333332,0.25,0.7430555555555557,0.3467281782977116,0.6532718217022885,15.322432072762568,0.2569444444444445,0.2569444444444445,0.2569444444444445,0.2569444444444445,0.6940187761251861,0.26513671875000006,0.73486328125,0.32307712652136283,0.22709916932547988,emitter_or_generator,True,4,True,False,0.125,1.0,0.0,0.0,False,False,0.13838758159199152,0.7092363556589566
q2_radius2,q2r2_s1_0001,S1_random_unbiased,2,2,8071d76b6688,"[0,1,1,0,1,0,1,0,1,1,1,1,1,0,0,0,1,0,1,0,1,1,0,0,0,0,0,1,0,0,0,1]",0.44919295851773894,0.498996310763889,0.9830021776830803,0.0,0.0,0.0,0.0,0.0,87.43055555555556,142.0,1.5,2.347929130885277,1.0,0.5525716145833334,0.7395833333333334,0.49104817708333326,0.01291232638888889,0.0,1.0,0.44919295851773894,0.5508070414822611,21.60738783809951,0.0,0.0,0.0,0.0,0.9830021776830803,0.38604058159722227,0.6139594184027778,0.40558106649500036,0.3795533019999952,emitter_or_generator,True,4,True,False,0.125,0.9971803988942642,0.0028196011057357584,0.0,False,False,0.1683515628259743,0.8628017594831183
q2_radius2,q2r2_s1_0000,S1_random_unbiased,2,2,aa627956f84f,"[0,1,0,1,1,1,1,0,0,1,0,1,0,0,1,1,1,0,1,0,0,1,1,1,0,0,0,0,0,1,1,0]",0.4088713844136802,0.45798068576388884,0.9577523400845318,0.0,0.0,0.0,0.0,0.0,170.93055555555554,196.0,1.3333333333333333,1.50908844418219,1.0,0.639621310763889,1.0208333333333333,0.41010199652777773,-0.006257233796296297,0.0,1.0,0.4088713844136802,0.5911286155863198,33.91464681282387,0.0,0.0,0.17708333333333334,0.06197916666666666,0.9577523400845318,0.5137532552083334,0.4862467447916667,0.6267685860170792,0.48611141655840856,emitter_or_generator,True,4,True,False,0.3125,1.0,0.0,0.0,False,False,0.12644342823252294,0.6717307124852782
q2_radius2,q2r2_s1_0002,S1_random_unbiased,2,2,f6b4040200f2,"[0,1,0,0,1,0,0,0,0,0,0,1,1,0,1,1,1,1,1,1,0,0,1,1,0,1,1,1,0,0,0,1]",0.37216609939461004,0.4141981336805556,0.9254771972407188,0.0,0.0,0.0,0.0,0.16666666666666666,182.125,196.0,1.0,0.9325410001102229,1.0,0.6474473741319444,1.0208333333333333,0.40265570746527773,-0.027235243055555552,0.6666666666666666,1.0,0.37216609939461004,0.6278339006053901,32.5218337631826,0.0,0.16666666666666666,0.16666666666666666,0.05833333333333333,0.9254771972407188,0.5877278645833334,0.4122721354166667,0.7621780256607674,0.5564875079616298,emitter_or_generator,True,4,True,False,0.3125,1.0,0.0,0.0,False,False,0.10887831407290267,0.5784160435122955
q2_radius2,q2r2_s1_0004,S1_random_unbiased,2,2,8a2b989c5a9e,"[1,1,0,1,1,0,0,0,1,1,1,1,0,1,0,0,1,0,1,0,1,1,1,0,1,0,1,1,0,1,1,1]",0.6326053248236904,0.5513509114583334,0.9188319263982901,0.0,0.0,0.08333333333333333,0.08333333333333333,0.08333333333333333,161.24999999999997,196.0,3.0,1.9863408095372541,0.9131944444444445,0.7135009765625,1.0208333333333333,0.4826795789930555,0.011501736111111112,0.08333333333333333,0.9166666666666666,0.6326053248236904,0.3673946751763097,68.69611965602296,0.08333333333333333,0.08333333333333333,0.08333333333333333,0.08333333333333333,0.9188319263982901,0.2828504774305556,0.7171495225694445,0.2288470121488678,0.2656046689759655,transported_identity,True,4,True,False,0.25,0.954434002924965,0.04556599707503495,0.0,True,True,0.23184345671563075,1.2171781477570613
q2_radius2,q2r2_s1_0011,S1_random_unbiased,2,2,d69f703f40f0,"[1,0,0,0,1,1,1,0,1,1,0,1,0,1,1,0,1,0,0,0,0,1,1,0,1,0,0,1,0,1,0,0]",0.4851155036746186,0.24461534288194442,0.9988879402057949,0.17361111111111113,0.17361111111111113,0.0,0.0,0.8506944444444445,158.59722222222223,164.0,1.6666666666666667,1.2090139040775132,0.826388888888889,0.9644504123263888,0.8541666666666665,0.035603841145833336,-0.022497106481481483,1.6666666666666667,0.826388888888889,0.4851155036746186,0.5148844963253815,3.2108054111752407,0.0,0.8506944444444445,0.7013888888888888,0.24548611111111107,0.9988879402057949,0.17203776041666666,0.8279622395833334,0.3812282187405522,0.17182305415682997,emitter_or_generator,True,4,True,False,0.5,0.9971803988942642,0.0028196011057357584,0.0,False,False,0.021456907703982862,0.11801299237190574
q2_radius2,q2r2_s1_0006,S1_random_unbiased,2,2,725676bf9d3c,"[0,0,1,0,1,0,1,0,0,0,0,0,0,0,1,0,0,1,0,0,1,1,1,1,0,1,0,1,1,1,1,0]",0.1853876986857729,0.1831732855902778,0.4983416922074835,0.0,0.0,0.0,0.0,0.3333333333333333,194.3611111111111,196.0,1.1666666666666667,0.535893086215107,1.0,0.8841959635416666,1.0208333333333333,0.16593424479166666,-0.06101707175925925,0.3333333333333333,1.0,0.1853876986857729,0.8146123013142269,290.4501708435317,0.0,0.3333333333333333,0.3368055555555556,0.11788194444444444,0.4983416922074835,0.30878363715277773,0.6912163628472222,0.7713103512563712,0.28496191506105834,transported_identity,True,4,True,False,0.4375,0.9886994082884974,0.01130059171150255,0.0,False,False,0.09254233146726103,0.5031989273532318
q2_radius2,q2r2_s1_0005,S1_random_unbiased,2,2,9100b80205f9,"[1,1,0,1,0,1,0,0,0,1,0,1,1,0,1,1,1,0,0,1,0,0,0,0,0,0,0,0,0,0,0,1]",0.49050599374370324,0.36233181423611116,0.9891648080634879,0.0,0.0,0.0,0.0,0.0,191.73611111111111,196.0,1.0,1.2442881804574122,1.0,0.6286078559027778,1.0208333333333333,0.4779188368055556,0.01830150462962963,0.0,1.0,0.49050599374370324,0.5094940062562968,11.798150235312695,0.0,0.0,0.0,0.0,0.9891648080634879,0.47507052951388884,0.5249294704861112,0.5484472094359778,0.470149533521111,emitter_or_generator,True,4,True,False,0.4375,0.954434002924965,0.04556599707503495,0.0,True,True,0.15917955031988362,0.8655388048643672
q2_radius2,q2r2_s1_0010,S1_random_unbiased,2,2,64c17ab21212,"[0,0,0,1,0,0,1,0,0,0,1,0,1,1,1,0,0,0,1,1,1,0,0,0,1,0,1,1,1,1,0,1]",0.19012686598211714,0.17612033420138892,0.5035030874322147,0.17708333333333334,0.17708333333333334,0.0,0.17708333333333334,0.17708333333333334,131.48611111111111,142.66666666666666,1.6666666666666667,1.3886953047454853,0.8229166666666666,0.8308919270833334,0.7430555555555555,0.18546549479166666,-0.04564525462962962,0.16666666666666666,0.8229166666666666,0.19012686598211714,0.8098731340178827,108.72023988396124,0.17708333333333334,0.17708333333333334,0.17708333333333334,0.17708333333333334,0.5035030874322147,0.15934244791666666,0.8406575520833334,0.43558256846875903,0.14496448487186417,transported_identity,True,4,True,False,0.4375,0.9971803988942642,0.0028196011057357584,0.0,False,False,0.1084295547201316,0.5895857037907156
q2_radius2,q2r2_s1_0009,S1_random_unbiased,2,2,d5e6bc66ff5b,"[1,0,1,0,0,1,0,1,0,0,0,1,0,0,0,1,0,1,1,0,0,1,0,0,1,1,0,1,1,0,1,1]",0.8233645389185739,0.8425428602430557,0.5474969724434829,0.0,0.0,0.0,0.0,0.0,195.05555555555557,196.0,1.8333333333333333,1.9083480300069493,1.0,0.7991943359375,1.0208333333333333,0.2198486328125,-0.038339120370370364,0.0,1.0,0.8233645389185739,0.17663546108142633,93.90266436093646,0.0,0.0,0.0,0.0,0.5474969724434829,0.17182074652777776,0.8281792534722222,0.16807115134162035,0.14458889671953767,transported_identity,True,4,True,False,0.375,0.9971803988942642,0.0028196011057357584,0.0,False,False,0.1502972552807944,0.80784774713427
q2_radius2,q2r2_s1_0013,S1_random_unbiased,2,2,da40873afebb,"[0,0,0,0,0,1,0,0,1,1,1,0,1,0,1,0,1,1,1,0,1,1,1,1,1,1,0,0,1,1,0,0]",0.17591934335870033,0.17777506510416666,0.45168494418504784,0.10416666666666667,0.10416666666666667,0.0,0.10416666666666667,0.1076388888888889,135.30555555555554,160.0,2.8333333333333335,0.8520367994600605,0.8958333333333334,0.8655327690972222,0.8333333333333334,0.19862196180555555,-0.048755787037037035,0.16666666666666666,0.8958333333333334,0.17591934335870033,0.8240806566412996,190.42624617220505,0.10416666666666667,0.1076388888888889,0.10416666666666667,0.10416666666666667,0.45168494418504784,0.10297309027777778,0.8970269097222222,0.2680354912890321,0.09404254730290797,transported_identity,True,4,True,False,0.4375,0.9971803988942642,0.0028196011057357584,0.0,False,False,0.13952299885675115,0.7586563062835844
q2_radius2,q2r2_s1_0008,S1_random_unbiased,2,2,f3d95d266b48,"[1,1,0,0,0,0,1,1,0,1,1,0,0,1,1,0,0,1,0,1,0,0,1,1,1,1,0,0,1,0,0,0]",0.38403573307966327,0.3423936631944445,0.9570864702350911,0.0,0.0,0.0,0.0,0.0,192.75,196.0,1.0,0.14201539587012757,1.0,0.7953965928819443,1.0208333333333333,0.3079833984375,-0.00734230324074074,0.0,1.0,0.38403573307966327,0.6159642669203368,47.753282746568175,0.0,0.0,0.0,0.0,0.9570864702350911,0.682644314236111,0.3173556857638889,0.9631267573567097,0.6550780707633349,chaotic,True,4,True,False,0.3125,0.9971803988942642,0.0028196011057357584,0.0,False,False,0.084495161381989,0.44888054484181655
q2_radius2,q2r2_s1_0007,S1_random_unbiased,2,2,ca7c1e4bd586,"[1,0,1,1,1,0,1,1,1,0,0,0,1,0,1,0,1,1,1,1,1,1,1,1,0,0,1,0,1,0,0,1]",0.5412911089522164,0.5165201822916666,0.9914254613250986,0.0,0.0,0.0,0.0,0.04513888888888889,195.8472222222222,196.0,1.3333333333333333,0.8551523434494362,1.0,0.8345811631944443,1.0208333333333333,0.20266384548611113,-0.05653211805555555,0.0,1.0,0.5412911089522164,0.4587088910477835,109.32261663831498,0.0,0.04513888888888889,0.03819444444444444,0.013368055555555555,0.9914254613250986,0.7587076822916666,0.2412923177083333,0.6786348248884896,0.7523474071284454,transported_identity,True,4,True,False,0.5,0.954434002924965,0.04556599707503495,0.0,True,True,0.04132785920057172,0.22730322560314448
q2_radius2,q2r2_s1_0018,S1_random_unbiased,2,2,489cdf0265cd,"[0,0,0,0,0,0,0,1,0,1,1,1,0,1,0,1,1,1,1,1,0,1,1,1,0,0,0,1,1,1,1,1]",0.5687879914858592,0.6385091145833334,0.25763402788355916,0.0,0.0,0.5902777777777778,0.5902777777777778,0.5902777777777778,79.05555555555556,96.66666666666667,1.0,0.9018822076132568,0.642361111111111,0.9460856119791666,0.5034722222222222,0.053914388020833336,-0.07783564814814814,0.6666666666666666,0.40972222222222227,0.5687879914858592,0.4312120085141407,333333333.58714575,0.5902777777777778,0.5902777777777778,0.8368055555555555,0.6765625000000001,0.25763402788355916,0.016845703125,0.983154296875,0.39632556890185694,0.014329544657769278,frozen_order,True,4,True,False,0.1875,0.9886994082884974,0.01130059171150255,0.0,False,False,0.016261373623263048,0.08435587567067707
q2_radius2,q2r2_s1_0015,S1_random_unbiased,2,2,ee511b746d1a,"[0,0,1,1,1,0,1,1,1,1,0,0,0,0,0,1,0,1,0,1,0,0,0,1,0,1,1,0,0,0,0,0]",0.08436885783228987,0.079833984375,0.3276990450471676,0.0,0.0,0.0,0.0,0.0,125.6388888888889,154.0,1.8333333333333333,0.8788577356689254,1.0,0.886474609375,0.8020833333333331,0.12955729166666666,-0.058232060185185175,0.0,1.0,0.08436885783228987,0.9156311421677102,333333396.60529584,0.0,0.0,0.34722222222222227,0.12152777777777778,0.3276990450471676,0.0915798611111111,0.9084201388888888,0.5599652812953663,0.06354670652904636,transported_identity,True,4,True,False,0.4375,0.9744894033980523,0.025510596601947655,0.0,True,True,0.09448052904778796,0.513737876697347
q2_radius2,q2r2_s1_0012,S1_random_unbiased,2,2,1e6f0e396597,"[1,0,1,0,1,1,0,1,1,0,1,1,1,0,0,0,0,1,0,0,0,1,0,0,0,0,1,1,1,0,1,0]",0.44825455616724236,0.43401421440972215,0.9920450663758159,0.0,0.0,0.0,0.0,0.0,143.16666666666666,182.0,1.0,1.531541898514839,1.0,0.5713568793402778,0.9479166666666665,0.507229275173611,0.016022858796296297,0.0,1.0,0.44825455616724236,0.5517454438327577,40.09143894799029,0.0,0.0,0.0,0.0,0.9920450663758159,0.5246039496527778,0.47539605034722227,0.6063170916449492,0.5203890623629063,emitter_or_generator,True,4,True,False,0.1875,0.9971803988942642,0.0028196011057357584,0.0,False,False,0.13899553542180496,0.7210393400006132
q2_radius2,q2r2_s1_0014,S1_random_unbiased,2,2,9744d2173fdc,"[0,0,0,1,1,1,0,1,0,0,1,1,0,0,1,1,1,0,1,0,1,1,1,1,1,1,1,0,0,1,1,0]",0.49840170114151555,0.5654161241319444,0.9907195578304092,0.0,0.0,0.0,0.0,0.0,126.30555555555556,170.0,2.0,2.4958470768108874,1.0,0.558932834201389,0.8854166666666666,0.4792344835069445,0.014973958333333334,0.0,1.0,0.49840170114151555,0.5015982988584845,27.044398533711064,0.0,0.0,0.0,0.0,0.9907195578304092,0.4298502604166667,0.5701497395833334,0.38462506948381486,0.4258420645591863,emitter_or_generator,True,4,True,False,0.3125,0.9744894033980523,0.025510596601947655,0.0,True,True,0.15379388034669772,0.8170299893418317
q2_radius2,q2r2_s1_0016,S1_random_unbiased,2,2,1638806240e9,"[1,1,1,0,1,1,1,1,0,0,1,0,1,0,0,0,0,0,0,1,0,1,0,1,0,0,1,0,0,1,1,1]",0.5308771127932499,0.4281005859375,0.9796427104722287,0.0,0.0,0.0,0.0,0.0,151.18055555555554,178.0,1.0,1.6089779208288386,1.0,0.559787326388889,0.9270833333333334,0.4948459201388889,-0.012839988425925925,0.0,1.0,0.5308771127932499,0.4691228872067501,38.1401644559326,0.0,0.0,0.0,0.0,0.9796427104722287,0.5231119791666666,0.4768880208333333,0.495300681779685,0.5122054188902067,emitter_or_generator,True,4,True,False,0.4375,1.0,0.0,0.0,False,False,0.13512323283575917,0.7347325785444405
q2_radius2,q2r2_s1_0017,S1_random_unbiased,2,2,52b8efe28782,"[0,1,1,1,0,0,0,0,0,0,1,0,1,0,1,0,0,1,1,0,0,0,0,0,1,0,0,0,1,1,0,1]",0.26835313444516407,0.3616943359375,0.7904482582725083,0.006944444444444444,0.006944444444444444,0.0,0.006944444444444444,0.006944444444444444,78.125,116.66666666666667,1.8333333333333333,0.3642175795696434,0.9722222222222222,0.640285915798611,0.6076388888888888,0.40488009982638884,-0.0037977430555555546,0.0,0.9930555555555555,0.26835313444516407,0.7316468655548358,15.328843806311383,0.006944444444444444,0.006944444444444444,0.006944444444444444,0.006944444444444444,0.7904482582725083,0.40228949652777785,0.5977105034722222,0.5520586720093384,0.3305190521137424,emitter_or_generator,True,4,True,False,0.375,0.954434002924965,0.04556599707503495,0.0,True,True,0.17235034138231445,0.9263830849299401
q2_radius2,q2r2_s1_0020,S1_random_unbiased,2,2,ae5f8791267c,"[1,0,0,0,0,1,0,1,0,0,0,1,1,0,0,1,1,0,1,1,0,0,1,1,0,1,0,0,1,1,0,0]",0.4614695635209773,0.45342339409722227,0.9956341244044542,0.0,0.0,0.0,0.0,0.0,96.13888888888887,151.33333333333334,1.8333333333333333,2.130090566726969,1.0,0.5590413411458334,0.7881944444444443,0.49306911892361116,-0.012586805555555558,0.0,1.0,0.4614695635209773,0.5385304364790228,26.89667282374366,0.0,0.0,0.0,0.0,0.9956341244044542,0.4308268229166667,0.5691731770833334,0.44543680257517854,0.4289552738120146,emitter_or_generator,True,4,True,False,0.4375,0.9886994082884974,0.01130059171150255,0.0,False,False,0.15740620688406712,0.855896249932115
q2_radius2,q2r2_s1_0021,S1_random_unbiased,2,2,4afa2f7d61ee,"[1,0,0,1,0,0,1,1,0,0,0,1,1,1,0,1,1,0,0,0,0,0,0,1,0,1,0,0,1,1,1,0]",0.5019923392972798,0.5530463324652778,0.9999803343949306,0.0,0.0,0.08333333333333333,0.0,0.08333333333333333,75.8888888888889,124.0,2.0,2.1013701822799935,0.9166666666666666,0.5925157335069444,0.6458333333333334,0.4523518880208333,-0.025933159722222224,0.16666666666666666,0.9166666666666666,0.5019923392972798,0.4980076607027202,19.830134384852435,0.0,0.08333333333333333,0.08333333333333333,0.029166666666666664,0.9999803343949306,0.4191623263888889,0.5808376736111112,0.43261353717269985,0.419153823722968,emitter_or_generator,True,4,True,False,0.3125,0.9886994082884974,0.01130059171150255,0.0,False,False,0.15114093631422015,0.8029362241692946
q2_radius2,q2r2_s1_0019,S1_random_unbiased,2,2,7afb2bb1cb96,"[1,0,1,1,0,0,1,1,1,0,0,0,0,0,0,1,0,0,1,1,1,1,0,0,1,0,1,1,1,1,0,0]",0.4966506914084989,0.5012749565972222,0.9999550463169248,0.0,0.0,0.0,0.0,0.0,193.45833333333334,196.0,1.0,1.02498461025265,1.0,0.625217013888889,1.0208333333333333,0.4455837673611111,-0.02213541666666666,0.0,1.0,0.4966506914084989,0.5033493085915012,58.32711256519928,0.0,0.0,0.0,0.0,0.9999550463169248,0.6896158854166666,0.3103841145833333,0.7016128044209943,0.6895858413782733,chaotic,True,4,True,False,0.4375,1.0,0.0,0.0,False,False,0.0864772102873326,0.470219830937371
q2_radius2,q2r2_s1_0026,S1_random_unbiased,2,2,c77346bd1777,"[1,1,1,1,1,0,1,1,0,0,1,1,1,1,1,1,0,0,0,1,1,1,1,1,1,1,0,0,1,1,1,0]",0.6891076456354347,0.7417805989583334,0.8915043523004035,0.0,0.0,0.0,0.4895833333333333,1.0,195.95833333333334,196.0,3.0,0.8523996943205949,1.0,0.8875054253472222,1.0208333333333333,0.11249457465277778,-0.028645833333333332,1.5833333333333333,1.0,0.6891076456354347,0.31089235436456536,333333465.46113515,0.4895833333333333,1.0,0.3333333333333333,0.4348958333333333,0.8915043523004035,0.5062391493055556,0.4937608506944445,0.35230705754925307,0.4510348884725291,transported_identity,True,4,True,False,0.25,0.8571484374283715,0.14285156257162845,0.0,True,True,0.03097247054243304,0.16260547034777348
q2_radius2,q2r2_s1_0022,S1_random_unbiased,2,2,a4952aabca76,"[1,1,0,1,0,1,0,1,0,0,1,0,0,1,0,1,1,0,0,0,0,0,1,0,0,1,0,0,0,0,1,0]",0.4600010653920193,0.4427490234375,0.9953386585735338,0.0,0.0,0.0,0.0,0.0,119.83333333333333,175.33333333333334,1.8333333333333333,2.1073728815825876,0.9965277777777777,0.5699055989583334,0.9131944444444443,0.4967176649305556,-0.003219039351851853,0.0,1.0,0.4600010653920193,0.5399989346079809,32.63370183323548,0.0,0.0,0.0,0.0,0.9953386585735338,0.38848198784722227,0.6115180121527778,0.47086552482005944,0.38666740858189125,emitter_or_generator,True,4,True,False,0.25,0.954434002924965,0.04556599707503495,0.0,True,True,0.17362352602888764,0.9115235116516601
q2_radius2,q2r2_s1_0024,S1_random_unbiased,2,2,1a8568364aa2,"[1,0,0,0,1,1,1,1,1,0,0,1,1,0,0,1,1,1,0,1,1,1,0,1,1,1,1,0,1,1,0,1]",0.8297606156897669,0.838107638888889,0.5078905413822415,0.0,0.0,0.0,0.07291666666666667,0.07291666666666667,131.20833333333334,132.0,2.1666666666666665,1.3933314434433728,0.6631944444444444,0.8690999348958334,0.6875,0.1478000217013889,-0.043004918981481476,0.0,1.0,0.8297606156897669,0.17023938431023314,205.55034354410475,0.07291666666666667,0.07291666666666667,0.40972222222222227,0.1907986111111111,0.5078905413822415,0.3038194444444445,0.6961805555555557,0.24765223762242203,0.2692116081724188,transported_identity,True,4,True,False,0.25,0.9283620723948676,0.07163792760513243,0.0,True,True,0.07596131509398778,0.39879690424343583
q2_radius2,q2r2_s1_0025,S1_random_unbiased,2,2,2e94eff206bd,"[0,1,0,1,1,0,0,0,1,1,0,1,1,0,1,1,1,0,1,1,1,1,0,1,0,1,1,1,0,1,0,1]",0.6451537594001872,0.6914333767361112,0.8910802164984505,0.0,0.0,0.0,0.0,0.0,195.875,196.0,2.5,2.5275443230260057,1.0,0.8211263020833334,1.0208333333333333,0.19466145833333334,-0.0030743634259259253,0.0,1.0,0.6451537594001872,0.3548462405998129,66.89951978865548,0.0,0.0,0.0,0.0,0.8910802164984505,0.33490668402777773,0.6650933159722222,0.28276688060566174,0.3025544131421614,localized_persistence,True,4,True,False,0.3125,0.954434002924965,0.04556599707503495,0.0,True,True,0.11148084881291295,0.5922420093186
q2_radius2,q2r2_s1_0034,S1_random_unbiased,2,2,7b22b9178ada,"[0,1,0,1,0,0,0,1,0,0,0,0,0,0,1,1,1,0,1,1,1,0,0,0,0,1,0,1,0,1,0,1]",0.11548997069750287,0.1122097439236111,0.436375385357209,0.5,0.5,0.0,0.49652777777777773,0.4895833333333333,73.33333333333333,131.33333333333334,1.1666666666666667,0.7238929288250716,0.8576388888888888,0.9095458984375,0.6840277777777777,0.0958251953125,-0.06029369212962962,0.5,0.49999999999999994,0.11548997069750287,0.8845100293024971,4.934565916161422,0.49652777777777773,0.4895833333333333,0.5034722222222222,0.49895833333333334,0.436375385357209,0.14919704861111108,0.8508029513888888,0.5443812104896146,0.1028983154325493,transported_identity,True,4,True,False,0.375,0.9744894033980523,0.025510596601947655,0.0,True,True,0.039175978115398184,0.21057088237026525
q2_radius2,q2r2_s1_0023,S1_random_unbiased,2,2,cd2e2cfa3b3a,"[1,0,1,1,1,1,0,0,1,1,1,0,0,1,1,0,0,0,1,0,0,0,0,0,1,0,1,1,0,1,1,0]",0.529088997058506,0.5176323784722222,0.9969693802501696,0.0,0.0,0.0,0.0,0.0,169.56944444444443,173.33333333333334,1.0,0.8068653111933558,1.0,0.7783745659722222,0.9027777777777777,0.2571614583333333,-0.01859085648148148,0.0,1.0,0.529088997058506,0.470911002941494,89.58493447726478,0.0,0.0,0.0,0.0,0.9969693802501696,0.7175021701388888,0.2824978298611111,0.6858866974987533,0.7154898380235452,chaotic,True,4,True,False,0.3125,1.0,0.0,0.0,False,False,0.05694981260939344,0.30254587948740264
q2_radius2,q2r2_s1_0027,S1_random_unbiased,2,2,a9e4a1081590,"[1,1,0,1,0,1,0,0,0,1,0,1,0,1,1,1,1,0,1,1,0,1,0,0,1,1,0,1,0,1,1,1]",0.794611041959017,0.7978786892361112,0.5441798130601745,0.0,0.0,0.0,0.0,0.0,195.8888888888889,196.0,1.8333333333333333,0.3654847367305328,1.0,0.8843044704861112,1.0208333333333333,0.16753472222222224,-0.06933593749999999,0.0,1.0,0.794611041959017,0.20538895804098298,500000033.1710164,0.0,0.0,0.17361111111111113,0.06076388888888889,0.5441798130601745,0.39553493923611116,0.604465060763889,0.3391041823599917,0.36597117010994445,transported_identity,True,4,True,False,0.25,0.9744894033980523,0.025510596601947655,0.0,True,True,0.08822475037975826,0.4631799394937309
q2_radius2,q2r2_s1_0032,S1_random_unbiased,2,2,9d13a7cef8a9,"[0,1,0,1,1,1,1,1,1,0,0,0,1,1,1,1,1,0,1,1,0,1,0,0,1,0,1,0,1,0,1,1]",0.6912116543204879,0.7647569444444445,0.8717796198983397,0.0,0.0,0.0,0.0,0.9930555555555555,161.88888888888889,166.0,6.333333333333333,2.0564583110629373,0.8333333333333334,0.9998372395833334,0.8645833333333334,0.00016276041666666666,0.0,4.0,1.0,0.6912116543204879,0.30878834567951213,125.96671407283829,0.0,0.9930555555555555,0.9930555555555555,0.34756944444444443,0.8717796198983397,0.2840983072916667,0.7159016927083334,0.2366819293634067,0.26408802928201675,emitter_or_generator,True,4,True,False,0.375,0.954434002924965,0.04556599707503495,0.0,True,True,7.813367667638367e-05,0.00041996851213556226
q2_radius2,q2r2_s1_0031,S1_random_unbiased,2,2,ce084b20b222,"[0,1,0,0,0,0,1,1,0,1,0,0,1,0,0,1,1,1,0,1,0,0,1,1,0,0,0,1,1,0,0,0]",0.22842763879893493,0.2520616319444445,0.7731669886917318,0.0,0.0,0.0,0.0,0.736111111111111,195.69444444444443,196.0,1.0,0.11198179051738028,1.0,0.9307454427083334,1.0208333333333333,0.07291666666666666,-0.03598813657407407,1.3333333333333333,1.0,0.22842763879893493,0.7715723612010651,333333470.8183488,0.0,0.736111111111111,0.6666666666666666,0.2333333333333333,0.7731669886917318,0.5023871527777778,0.49761284722222215,0.9794394095228349,0.3884564542183852,emitter_or_generator,True,4,True,False,0.3125,0.9744894033980523,0.025510596601947655,0.0,True,True,0.03181937857252889,0.1690404486665597
q2_radius2,q2r2_s1_0035,S1_random_unbiased,2,2,ff46b6ec6548,"[1,1,0,0,0,1,1,1,0,1,0,0,1,0,0,1,1,0,0,1,0,1,1,0,0,1,0,1,1,0,1,1]",0.8822021484375,0.9011908637152778,0.35002205937666275,0.0,0.0,0.3229166666666667,0.6979166666666666,0.8333333333333334,91.47222222222223,132.66666666666666,1.6666666666666667,1.5730571944301888,0.548611111111111,0.9932454427083334,0.6909722222222222,0.006754557291666667,-0.040798611111111105,0.8333333333333334,0.6770833333333334,0.8822021484375,0.11779785156249999,333333350.17621976,0.6979166666666666,0.8333333333333334,0.8263888888888888,0.7428819444444444,0.35002205937666275,0.17805989583333334,0.8219401041666666,0.19242668207990776,0.1700681742581035,frozen_order,True,4,True,False,0.1875,0.9971803988942642,0.0028196011057357584,0.0,False,False,0.0014316223335259979,0.007426540855166114
q2_radius2,q2r2_s1_0036,S1_random_unbiased,2,2,cab58a38d88c,"[0,0,0,1,1,1,0,1,0,1,0,0,0,0,0,0,0,1,0,0,0,0,1,0,0,0,0,1,1,1,0,0]",0.03726468610571388,0.035685221354166664,0.1916277093385096,0.0,0.0,0.0,1.0,1.0,195.45833333333334,196.0,1.0,0.11304804219459975,1.0,1.0,1.0208333333333333,0.0,0.0,1.0,1.0,0.03726468610571388,0.962735313894286,333333525.68065923,1.0,1.0,1.0,1.0,0.1916277093385096,0.07137044270833333,0.9286295572916666,0.99389594568067,0.03031404089608988,frozen_order,True,4,True,False,0.3125,0.8960382325345574,0.10396176746544261,0.0,True,True,0.0,0.0
q2_radius2,q2r2_s1_0028,S1_random_unbiased,2,2,0510285f4a13,"[1,0,0,1,0,0,1,0,0,1,1,0,1,1,1,1,0,0,0,0,0,0,0,1,0,1,0,0,1,1,0,0]",0.41120835975730424,0.4038899739583333,0.9750989479323869,0.0,0.0,0.0,0.0,0.0,109.56944444444446,160.0,1.0,1.4086684784795815,0.9965277777777777,0.6136881510416666,0.8333333333333334,0.4456380208333333,-0.020652488425925923,0.0,1.0,0.41120835975730424,0.5887916402426957,31.185774970023854,0.0,0.0,0.0,0.0,0.9750989479323869,0.510715060763889,0.48928493923611116,0.6533800943827786,0.4992226394866768,emitter_or_generator,True,4,True,False,0.375,0.9744894033980523,0.025510596601947655,0.0,True,True,0.13695398122837274,0.7361276491025035
q2_radius2,q2r2_s1_0029,S1_random_unbiased,2,2,71a2000f3571,"[0,0,1,1,1,1,1,0,0,0,0,0,1,1,0,1,1,1,0,1,1,0,1,0,1,1,1,1,0,0,1,0]",0.44024141670714595,0.502102322048611,0.9822195721105103,0.0,0.0,0.0,0.0,0.0,93.2638888888889,142.66666666666666,1.0,1.898558179283939,1.0,0.5542399088541666,0.7430555555555555,0.49871148003472215,0.008572048611111107,0.0,1.0,0.44024141670714595,0.5597585832928541,26.636496264186395,0.0,0.0,0.0,0.0,0.9822195721105103,0.5125868055555556,0.48741319444444436,0.5152245403317789,0.503628391399178,emitter_or_generator,True,4,True,False,0.1875,0.9886994082884974,0.01130059171150255,0.0,False,False,0.13719999417307352,0.7117249697728188
q2_radius2,q2r2_s1_0030,S1_random_unbiased,2,2,b3d3ee8503bb,"[1,1,0,0,1,1,1,1,1,0,1,1,0,1,1,1,0,0,0,1,1,1,0,0,0,1,0,1,1,1,0,0]",0.6200397427766985,0.6434733072916666,0.9577381296753811,0.0,0.0,0.0,0.0,0.0,195.6527777777778,196.0,2.0,1.3012618979158084,1.0,0.6498209635416667,1.0208333333333333,0.3841417100694444,-0.020724826388888888,0.0,1.0,0.6200397427766985,0.3799602572233017,333333422.32789904,0.0,0.0,0.0,0.0,0.9577381296753811,0.678439670138889,0.3215603298611111,0.5217050435688463,0.6498681609285396,chaotic,True,4,True,False,0.4375,0.9744894033980523,0.025510596601947655,0.0,True,True,0.08740107776971048,0.47524336037280074
q2_radius2,q2r2_s1_0033,S1_random_unbiased,2,2,e9467e240c8d,"[0,0,1,1,1,0,0,1,1,0,0,1,0,1,0,1,0,1,1,1,0,1,0,1,0,1,0,0,1,1,0,0]",0.3923808588127879,0.4689534505208333,0.9525229981211124,0.0,0.0,0.0,0.0,0.0,185.06944444444443,196.0,1.0,1.4811328766625405,1.0,0.6684434678819443,1.0208333333333333,0.41833496093750006,-0.03294994212962963,0.0,1.0,0.3923808588127879,0.6076191411872122,24.125066875775317,0.0,0.0,0.0,0.0,0.9525229981211124,0.4916720920138889,0.5083279079861112,0.5569291493976282,0.46859329257426513,emitter_or_generator,True,4,True,False,0.3125,1.0,0.0,0.0,False,False,0.1485989963736603,0.7894321682350703
q2_radius2,q2r2_s1_0037,S1_random_unbiased,2,2,5191cd2a80b9,"[1,0,0,0,1,1,1,1,0,0,1,1,1,0,1,1,0,0,0,1,0,0,1,1,1,0,0,1,0,0,0,1]",0.420367920062428,0.2858344184027778,0.9650377289287438,0.0,0.0,0.0,0.5381944444444445,0.9930555555555557,195.8888888888889,196.0,1.0,0.542090763519549,1.0,0.8844265407986112,1.0208333333333333,0.11557345920138888,0.0,4.666666666666667,1.0,0.420367920062428,0.579632079937572,333333401.19374937,0.5381944444444445,0.9930555555555557,0.10763888888888888,0.38749999999999996,0.9650377289287438,0.5069173177083334,0.49308268229166674,0.6597976497619444,0.4889954012771949,localized_persistence,True,4,True,False,0.5,1.0,0.0,0.0,False,False,0.031992691681714445,0.17595980424942945
q2_radius2,q2r2_s1_0038,S1_random_unbiased,2,2,c86f01f357e9,"[1,0,0,0,0,1,1,1,0,0,1,1,1,0,0,1,1,0,1,0,0,1,0,0,0,1,0,0,0,1,0,0]",0.4304784622148459,0.4164632161458333,0.9856802998354294,0.0,0.0,0.0,0.0,0.0,114.90277777777779,172.0,1.8333333333333333,1.8455579750580575,1.0,0.5694715711805555,0.8958333333333334,0.4716796875,-0.006655092592592592,0.0,1.0,0.4304784622148459,0.569521537785154,33.29990283483538,0.0,0.0,0.0,0.0,0.9856802998354294,0.4396701388888889,0.5603298611111112,0.5403397861811802,0.4333567230005006,emitter_or_generator,True,4,True,False,0.5,0.9744894033980523,0.025510596601947655,0.0,True,True,0.1522050152271691,0.83712758374943
q2_radius2,q2r2_s1_0048,S1_random_unbiased,2,2,160de2381217,"[1,0,1,1,1,1,0,0,1,0,1,1,1,1,0,0,0,1,1,1,1,0,0,0,1,0,1,0,0,0,0,0]",0.4953407371051022,0.2588026258680555,0.9998878143645847,0.5,0.5,0.06944444444444445,0.0,0.5555555555555556,98.40277777777777,132.0,2.1666666666666665,1.2092683353609017,0.6041666666666666,0.8376600477430555,0.6875,0.16792805989583334,-0.06861255787037036,1.0,0.4305555555555555,0.4953407371051022,0.5046592628948977,1.358772202589998,0.0,0.5555555555555556,0.3993055555555555,0.13975694444444445,0.9998878143645847,0.10381401909722222,0.8961859809027778,0.20287055391706285,0.10380928846876046,transported_identity,True,4,True,False,0.25,1.0,0.0,0.0,False,False,0.10844578743546963,0.5693403840362156
q2_radius2,q2r2_s1_0039,S1_random_unbiased,2,2,6e5ab66b6ecb,"[0,0,1,1,1,0,0,1,1,1,1,0,1,1,1,1,0,0,1,1,0,0,1,1,1,0,0,1,1,0,1,0]",0.5576402381980426,0.684299045138889,0.9757920537637941,0.0,0.0,0.0,0.0,0.17708333333333334,195.875,196.0,2.6666666666666665,1.216532160797583,1.0,0.7383490668402778,1.0208333333333333,0.28405761718750006,-0.033962673611111105,0.6666666666666666,1.0,0.5576402381980426,0.4423597618019574,166666739.98702294,0.0,0.17708333333333334,0.0,0.0,0.9757920537637941,0.5789930555555556,0.4210069444444444,0.4647548867467022,0.566341721258374,transported_identity,True,4,True,False,0.1875,0.9744894033980523,0.025510596601947655,0.0,True,True,0.09095274517951629,0.47181736561874077
q2_radius2,q2r2_s1_0041,S1_random_unbiased,2,2,d4fd6d4e3b04,"[0,0,0,0,0,0,1,1,0,1,0,0,0,0,1,0,1,0,0,1,0,0,1,0,1,1,1,0,0,1,0,1]",0.05408783046830023,0.05242241753472223,0.250743015517439,0.0,0.0,0.0,0.0,0.0,117.30555555555556,150.0,1.1666666666666667,0.5868882654096201,0.9965277777777777,0.917507595486111,0.78125,0.09120008680555557,-0.05721932870370369,0.0,1.0,0.05408783046830023,0.9459121695316997,500000053.6386106,0.0,0.0,0.3541666666666667,0.12395833333333332,0.250743015517439,0.088134765625,0.911865234375,0.8539380465028996,0.04662154284704272,transported_identity,True,4,True,False,0.5,0.954434002924965,0.04556599707503495,0.0,True,True,0.06988677772663449,0.38437727749648964
q2_radius2,q2r2_s1_0049,S1_random_unbiased,2,2,51cfb5860b0b,"[1,1,1,1,0,0,1,1,1,0,1,1,1,0,0,0,1,0,0,1,0,0,1,0,1,0,0,1,0,1,0,0]",0.5034129088406737,0.2926567925347222,0.9998413577761328,0.3854166666666667,0.3854166666666667,0.0,0.0,0.3854166666666667,108.81944444444444,122.0,4.0,2.0149920399781536,0.6145833333333334,0.8406032986111112,0.6354166666666667,0.17702907986111113,-0.03942418981481481,0.6666666666666666,0.6145833333333334,0.5034129088406737,0.49658709115932637,2.613218804686872,0.0,0.3854166666666667,0.3854166666666667,0.13489583333333333,0.9998413577761328,0.019504123263888888,0.9804958767361112,0.10672446893619315,0.019495852277923147,transported_identity,True,4,True,False,0.3125,1.0,0.0,0.0,False,False,0.1262273721029594,0.6705829142969718
q2_radius2,q2r2_s1_0044,S1_random_unbiased,2,2,6ed73012fcb7,"[1,0,0,1,1,1,0,0,1,0,0,1,1,1,1,1,1,1,1,1,0,0,0,0,1,1,0,0,1,1,1,1]",0.9200718450903137,0.9251030815972222,0.32208301716315807,0.0,0.0,0.0,0.0,0.0,129.20833333333334,132.0,3.1666666666666665,1.826726750612605,0.6527777777777778,0.8924424913194443,0.6875,0.122314453125,-0.06014901620370369,0.0,1.0,0.9200718450903137,0.07992815490968624,258.5836064251965,0.0,0.0,0.4375,0.15312499999999998,0.32208301716315807,0.09947374131944443,0.9005262586805555,0.0731245835919287,0.0683947450097204,transported_identity,True,4,True,False,0.5625,0.954434002924965,0.04556599707503495,0.0,True,True,0.08612103886074093,0.4790482786628714
q2_radius2,q2r2_s1_0043,S1_random_unbiased,2,2,82c08174aca5,"[1,0,1,1,0,0,1,0,0,1,1,0,0,0,0,1,0,0,0,1,1,1,0,0,0,1,0,0,1,1,1,1]",0.6843741004605642,0.6171196831597222,0.6276453931635161,0.0,0.0,0.0,0.0,0.0,192.20833333333334,196.0,1.0,0.47573405464292845,1.0,0.7311197916666666,1.0208333333333333,0.3004557291666667,-0.05747251157407407,0.0,1.0,0.6843741004605642,0.3156258995394358,68.86468119612236,0.0,0.0,0.0,0.0,0.6276453931635161,0.24107530381944445,0.7589246961805557,0.30283540133203374,0.1787194501108705,transported_identity,True,4,True,False,0.4375,0.9971803988942642,0.0028196011057357584,0.0,False,False,0.18040998397319147,0.9809792878542286
q2_radius2,q2r2_s1_0040,S1_random_unbiased,2,2,e5616f09a6b9,"[1,0,0,1,0,1,0,0,1,1,1,0,1,0,0,0,0,0,0,0,0,1,1,0,0,1,1,1,1,0,0,0]",0.4417329655341465,0.4319932725694445,0.9896017285806248,0.0,0.0,0.0,0.0,0.0,127.73611111111109,166.66666666666666,1.0,1.2383969799372265,1.0,0.5827229817708334,0.8680555555555555,0.4753824869791667,-0.0052445023148148156,0.0,1.0,0.4417329655341465,0.5582670344658536,33.16086251864211,0.0,0.0,0.0,0.0,0.9896017285806248,0.587429470486111,0.41257052951388884,0.6977103820209237,0.5813318940664624,emitter_or_generator,True,4,True,False,0.5625,0.9744894033980523,0.025510596601947655,0.0,True,True,0.11597788975686132,0.6451270117725412
q2_radius2,q2r2_s1_0042,S1_random_unbiased,2,2,067d893d851e,"[0,0,1,0,1,1,0,1,1,0,1,1,0,0,1,1,0,1,1,0,0,0,1,0,1,1,1,1,0,1,1,0]",0.4152883333108448,0.528957790798611,0.8776884520405458,0.003472222222222222,0.003472222222222222,0.0,0.003472222222222222,0.003472222222222222,195.29166666666666,196.0,2.0,0.8006189216177146,0.9965277777777778,0.701144748263889,1.0208333333333333,0.3492567274305556,-0.05501302083333332,0.0,0.9965277777777778,0.4152883333108448,0.5847116666891552,124.41055871450654,0.003472222222222222,0.003472222222222222,0.003472222222222222,0.003472222222222222,0.8776884520405458,0.5631510416666666,0.4368489583333333,0.5355666619288119,0.517317860364209,transported_identity,True,4,True,False,0.4375,0.9886994082884974,0.01130059171150255,0.0,False,False,0.11778855768643633,0.6404752824199975
q2_radius2,q2r2_s2_0004,S2_quiescent_preserving,2,2,1a93492567e4,"[0,0,0,0,1,1,1,1,1,0,0,0,0,1,1,1,0,1,0,1,0,1,0,0,0,1,1,0,0,1,1,1]",0.16743977864583334,0.11143663194444443,0.42837059412502776,0.0,0.0,0.0,0.0,0.7951388888888888,185.94444444444443,196.0,1.1666666666666667,0.9852747252153297,1.0,0.9046495225694443,1.0208333333333333,0.09608289930555557,0.0006148726851851853,1.1666666666666667,1.0,0.16743977864583334,0.8325602213541666,187.06444923667837,0.0,0.7951388888888888,0.7569444444444445,0.26493055555555556,0.42837059412502776,0.06084526909722223,0.9391547309027778,0.5984059220152408,0.04147259706797259,localized_persistence,True,4,True,False,0.4375,1.0,0.0,0.0,False,False,0.061243409619823726,0.3330110398077915
q2_radius2,q2r2_s1_0046,S1_random_unbiased,2,2,ace3b1e9a378,"[0,0,1,1,1,0,1,0,1,0,0,1,0,1,0,1,1,0,0,1,1,0,0,0,0,0,0,0,0,0,0,0]",0.36360761415155435,0.4321695963541667,0.9426045172104818,0.0,0.0,0.0,0.0,0.0,146.125,183.33333333333334,1.8333333333333333,1.6314882337019514,1.0,0.5937093098958334,0.954861111111111,0.5279812282986112,0.005244502314814814,0.0,1.0,0.36360761415155435,0.6363923858484456,15.216437186897453,0.0,0.0,0.0,0.0,0.9426045172104818,0.4271647135416667,0.5728352864583334,0.4818841684959303,0.4027453476660936,emitter_or_generator,True,4,True,False,0.5,0.9283620723948676,0.07163792760513243,0.0,True,True,0.18721984550015036,1.0297091502508269
q2_radius2,q2r2_s1_0045,S1_random_unbiased,2,2,f141569394c6,"[0,1,0,1,1,1,0,1,0,1,0,1,1,0,1,0,0,1,1,1,1,0,1,0,0,0,1,1,1,0,1,1]",0.4441516021921776,0.5609130859375,0.9288599412322959,0.0,0.0,0.0,0.0,0.0,151.01388888888889,161.33333333333334,1.8333333333333333,1.6504099742850509,1.0,0.6241590711805556,0.8402777777777777,0.4302842881944444,-0.020363136574074073,0.0,1.0,0.4441516021921776,0.5558483978078225,48.72413140972123,0.0,0.0,0.0,0.0,0.9288599412322959,0.54833984375,0.45166015625,0.5546854329151945,0.5079832262483582,emitter_or_generator,True,4,True,False,0.375,0.9744894033980523,0.025510596601947655,0.0,True,True,0.13213889895493874,0.7102465818827958
q2_radius2,q2r2_s1_0047,S1_random_unbiased,2,2,f5eac5243a0b,"[1,1,1,0,0,1,1,0,0,1,0,0,0,0,0,0,0,1,1,1,0,1,1,1,0,1,0,0,1,0,1,1]",0.6348505190342545,0.5442165798611112,0.87418410859377,0.0,0.0,0.0,0.0,0.0,179.9722222222222,196.0,1.0,0.8451759318406341,1.0,0.5687798394097222,1.0208333333333333,0.4724527994791667,0.033239293981481476,0.0,1.0,0.6348505190342545,0.36514948096574545,35.417805156268734,0.0,0.0,0.0,0.0,0.87418410859377,0.6654730902777778,0.33452690972222227,0.4493300968376665,0.5697408726744277,emitter_or_generator,True,4,True,False,0.5,1.0,0.0,0.0,False,False,0.11561993290570252,0.6359096309813639
q2_radius2,q2r2_s2_0002,S2_quiescent_preserving,2,2,3421d000ac74,"[0,0,0,0,1,1,0,0,0,1,1,1,0,0,1,0,1,1,0,0,0,1,1,1,1,0,1,0,1,0,0,1]",0.19867235006926454,0.17350260416666666,0.5400207090030458,0.0,0.0,0.0,0.0,0.0,132.44444444444443,161.33333333333334,1.1666666666666667,1.241131620460535,0.9895833333333334,0.8143853081597223,0.8402777777777777,0.20259602864583334,-0.05400028935185185,0.0,1.0,0.19867235006926454,0.8013276499307355,166666775.03323522,0.0,0.0,0.17013888888888887,0.0595486111111111,0.5400207090030458,0.2081976996527778,0.7918023003472222,0.5758461132298771,0.18957837805829628,transported_identity,True,4,True,False,0.4375,0.9971803988942642,0.0028196011057357584,0.0,False,False,0.12575006833426824,0.6837659965675836
q2_radius2,q2r2_s2_0001,S2_quiescent_preserving,2,2,d0b97be9e3c1,"[0,1,0,0,0,1,1,0,1,0,0,1,0,1,1,0,1,0,0,0,0,0,0,1,1,0,0,0,1,0,1,0]",0.3414014290308362,0.39279513888888884,0.9236594228361487,0.0,0.0,0.0,0.0,0.0,115.86111111111113,163.33333333333334,1.0,1.5697879023204093,1.0,0.5771891276041666,0.8506944444444443,0.4757893880208333,-0.030273437500000003,0.0,1.0,0.3414014290308362,0.6585985709691639,36.997719063754346,0.0,0.0,0.0,0.0,0.9236594228361487,0.4779188368055556,0.5220811631944444,0.6124817791675077,0.4410781846782501,emitter_or_generator,True,4,True,False,0.5625,0.954434002924965,0.04556599707503495,0.0,True,True,0.15349136703099506,0.85379572910991
q2_radius2,q2r2_s2_0000,S2_quiescent_preserving,2,2,f388bfbed26a,"[0,1,1,0,0,1,1,1,0,0,1,0,0,1,0,0,1,1,1,0,0,1,1,1,1,1,0,0,1,0,0,0]",0.500814926507628,0.6086968315972222,0.9899758095385215,0.0,0.0,0.0,0.0,0.0,184.18055555555554,196.0,2.0,1.607007046107232,1.0,0.6197509765625,1.0208333333333333,0.4979519314236111,-0.019748263888888888,0.0,1.0,0.500814926507628,0.49918507349237196,51.81156653205273,0.0,0.0,0.0,0.0,0.9899758095385215,0.6353081597222222,0.36469184027777785,0.5183470504648079,0.6289378782270711,chaotic,True,4,True,False,0.4375,1.0,0.0,0.0,False,False,0.11451206979875712,0.6226593795307419
q2_radius2,q2r2_s2_0003,S2_quiescent_preserving,2,2,75f9ffae65c8,"[0,0,0,0,1,0,1,0,1,0,1,1,0,1,0,0,1,0,0,1,0,0,0,0,1,1,0,1,1,0,1,0]",0.2886087245205455,0.3401828342013889,0.763943747559534,0.0,0.0,0.0,0.0,0.0,138.88888888888889,151.33333333333334,1.3333333333333333,0.963870934353321,1.0,0.6728786892361112,0.7881944444444445,0.3749186197916667,-0.014756944444444442,0.0,1.0,0.2886087245205455,0.7113912754794546,166666699.89068168,0.0,0.0,0.0,0.0,0.763943747559534,0.4798719618055556,0.5201280381944444,0.6623015595679451,0.4313857570891843,emitter_or_generator,True,4,True,False,0.5,0.9744894033980523,0.025510596601947655,0.0,True,True,0.14344701566722795,0.7889585861697537
q2_radius2,q2r2_s2_0005,S2_quiescent_preserving,2,2,a66558829a27,"[0,1,1,1,0,0,0,1,1,0,1,1,0,1,0,0,1,1,0,0,0,0,0,0,1,0,0,0,1,0,0,0]",0.33528948022362554,0.3561740451388889,0.8333831372044086,0.17361111111111113,0.17361111111111113,0.0,0.17361111111111113,0.17361111111111113,75.43055555555556,109.33333333333333,2.1666666666666665,1.5472522858467037,0.9791666666666666,0.6543240017361112,0.5694444444444444,0.3814832899305556,-0.01982060185185185,0.16666666666666666,0.826388888888889,0.33528948022362554,0.6647105197763744,21.274000390865666,0.17361111111111113,0.17361111111111113,0.17361111111111113,0.17361111111111113,0.8333831372044086,0.3084309895833333,0.6915690104166666,0.4303213741947028,0.29753052667571506,emitter_or_generator,True,4,True,False,0.125,0.954434002924965,0.04556599707503495,0.0,True,True,0.14490397397185853,0.742632866605775
q2_radius2,q2r2_s2_0008,S2_quiescent_preserving,2,2,eb8048d0ee7b,"[0,0,1,0,1,0,1,1,1,1,1,0,0,0,1,1,0,0,1,1,0,1,0,1,0,1,0,0,0,1,0,1]",0.11994789136712003,0.06141493055555555,0.4197639281482144,0.0,0.0,0.0,0.0,0.0,151.11111111111111,192.66666666666666,1.8333333333333333,1.6089391892977514,0.9791666666666666,0.8692491319444445,1.003472222222222,0.14293077256944442,-0.05888310185185185,0.0,1.0,0.11994789136712003,0.88005210863288,174.7172047305602,0.0,0.0,0.37847222222222227,0.13246527777777775,0.4197639281482144,0.06328667534722222,0.9367133246527778,0.504320112508888,0.04023019285515617,transported_identity,True,4,True,False,0.1875,1.0,0.0,0.0,False,False,0.10344844250791939,0.5366387955098318
q2_radius2,q2r2_s2_0006,S2_quiescent_preserving,2,2,1293c0c60f19,"[0,1,0,1,1,0,1,0,0,0,0,1,1,0,1,0,1,1,0,1,1,0,1,0,1,1,1,1,0,0,1,0]",0.504394039314371,0.5830078125,0.9581323607939289,0.0,0.0,0.0,0.0,0.3090277777777778,194.05555555555557,196.0,1.8333333333333333,0.8432625745638087,1.0,0.8697374131944443,1.0208333333333333,0.1401909722222222,0.0010489004629629635,0.5,1.0,0.504394039314371,0.49560596068562895,123.71032688052048,0.0,0.3090277777777778,0.28125000000000006,0.0984375,0.9581323607939289,0.6466200086805556,0.3533799913194445,0.6131871465719945,0.6198906953312359,localized_persistence,True,4,True,False,0.1875,0.9971803988942642,0.0028196011057357584,0.0,False,False,0.04178424313534148,0.21675576126458393
q2_radius2,q2r2_s2_0009,S2_quiescent_preserving,2,2,1d76cd93449c,"[0,0,0,1,1,0,1,1,0,1,1,1,1,1,0,1,0,1,1,0,1,1,0,1,0,1,0,0,1,1,0,1]",0.4925126694507412,0.5781928168402778,0.5924164339856032,0.0,0.0,0.0,0.17361111111111113,0.17361111111111113,196.0,196.0,1.1666666666666667,1.2888835766776794,1.0,0.793117947048611,1.0208333333333333,0.23704698350694442,-0.015082465277777776,0.16666666666666666,1.0,0.4925126694507412,0.5074873305492588,333333360.29488075,0.17361111111111113,0.17361111111111113,0.17361111111111113,0.17361111111111113,0.5924164339856032,0.3565266927083333,0.6434733072916666,0.46971541604684397,0.29740368529065925,transported_identity,True,4,True,False,0.375,0.9744894033980523,0.025510596601947655,0.0,True,True,0.10915975376614281,0.5867336764930177
q2_radius2,q2r2_s2_0007,S2_quiescent_preserving,2,2,4d377ec81d5f,"[0,1,1,0,0,0,0,0,1,0,1,0,0,1,1,1,0,1,0,0,1,0,0,1,1,1,1,0,1,1,1,0]",0.5250315119908607,0.6258273654513888,0.9804485990197551,0.0,0.0,0.0,0.0,0.0,183.56944444444443,184.0,3.8333333333333335,1.8617835873616597,1.0,0.6466742621527778,0.9583333333333334,0.435302734375,-0.01826533564814815,0.0,1.0,0.5250315119908607,0.4749684880091393,87.77826262324254,0.0,0.0,0.0,0.0,0.9804485990197551,0.3546006944444444,0.6453993055555555,0.3466651536193808,0.34776498173984766,emitter_or_generator,True,4,True,False,0.4375,1.0,0.0,0.0,False,False,0.18360355403914472,0.9983443250878494
q2_radius2,q2r2_s2_0010,S2_quiescent_preserving,2,2,e5dd0d0b281f,"[0,0,1,0,1,1,1,0,0,1,0,0,1,1,0,1,1,0,1,1,1,1,0,0,0,0,1,0,0,0,1,0]",0.39933289312122194,0.48200141059027785,0.9376076816216975,0.0,0.0,0.0,0.0,0.0,112.18055555555556,168.0,1.8333333333333333,1.841328619886496,0.9930555555555557,0.6243489583333334,0.8749999999999999,0.4759385850694445,0.02426938657407407,0.0,1.0,0.39933289312122194,0.6006671068787781,30.20992549163741,0.0,0.0,0.0,0.0,0.9376076816216975,0.45928276909722227,0.5407172309027778,0.4925321805829988,0.43158617424946194,emitter_or_generator,True,4,True,False,0.3125,0.9971803988942642,0.0028196011057357584,0.0,False,False,0.1689051686270797,0.8973087083313609
q2_radius2,q2r2_s2_0013,S2_quiescent_preserving,2,2,910600224167,"[0,1,0,0,1,1,0,0,0,0,1,1,0,0,0,0,1,1,1,0,0,1,0,1,1,1,1,1,0,1,0,0]",0.3861049548880973,0.43096245659722227,0.960111259614362,0.0,0.0,0.0,0.0,0.17361111111111113,194.9027777777778,196.0,2.0,1.4276498603319325,1.0,0.7371419270833334,1.0208333333333333,0.2977159288194444,0.0022786458333333326,0.6666666666666666,1.0,0.3861049548880973,0.6138950451119027,53.82009928704355,0.0,0.17361111111111113,0.17361111111111113,0.06076388888888889,0.960111259614362,0.47479926215277773,0.5252007378472222,0.5566849827987931,0.4555765502205582,localized_persistence,True,4,True,False,0.25,0.9971803988942642,0.0028196011057357584,0.0,False,False,0.11221858545714887,0.5891475736500316
q2_radius2,q2r2_s2_0012,S2_quiescent_preserving,2,2,983f58f68210,"[0,1,1,0,0,1,1,1,0,1,0,1,1,1,1,1,0,1,0,1,1,1,0,0,0,1,1,0,1,0,1,0]",0.46981342427677036,0.5843912760416667,0.9669738229499952,0.0,0.0,0.0,0.0,0.0,111.47222222222221,150.66666666666666,1.8333333333333333,2.1867867675464816,1.0,0.5454372829861112,0.7847222222222222,0.5059678819444445,-0.00944010416666667,0.0,1.0,0.46981342427677036,0.5301865757232297,29.76990044202387,0.0,0.0,0.0,0.0,0.9669738229499952,0.4969618055555556,0.5030381944444444,0.4531752775408651,0.48040286023261664,emitter_or_generator,True,4,True,False,0.25,0.9744894033980523,0.025510596601947655,0.0,True,True,0.14339516949129358,0.7528246398292913
q2_radius2,q2r2_s2_0011,S2_quiescent_preserving,2,2,1a68bf9162cf,"[0,0,0,0,1,0,1,1,0,0,1,1,0,1,0,1,1,0,1,1,1,0,0,0,0,1,0,0,1,0,0,0]",0.3554041658795697,0.4520128038194444,0.8923290667156326,0.0,0.0,0.0,0.0,0.17013888888888887,158.45833333333331,169.33333333333334,1.0,0.4806364203427414,1.0,0.666164822048611,0.8819444444444443,0.3776991102430556,-0.003002025462962963,0.3333333333333333,1.0,0.3554041658795697,0.6445958341204303,72.68560241321318,0.0,0.17013888888888887,0.16666666666666666,0.05833333333333333,0.8923290667156326,0.8409559461805557,0.15904405381944445,0.8911509198455237,0.7593048289232575,chaotic,True,4,True,False,0.4375,0.9744894033980523,0.025510596601947655,0.0,True,True,0.05702853719088924,0.3100926709754602
q2_radius2,q2r2_s2_0016,S2_quiescent_preserving,2,2,e049c641da0d,"[0,0,1,1,0,1,0,1,0,0,1,1,0,1,1,1,0,1,1,0,0,1,0,1,1,0,1,0,1,0,0,1]",0.23584019513259213,0.193359375,0.49879017853316987,0.0,0.0,0.0,0.0,0.0,160.54166666666666,174.66666666666666,1.0,0.8870346460394347,1.0,0.7788899739583334,0.9097222222222222,0.24509006076388892,-0.05320457175925925,0.0,1.0,0.23584019513259213,0.7641598048674078,333333348.8817478,0.0,0.0,0.3368055555555556,0.11788194444444444,0.49879017853316987,0.21226671006944442,0.7877332899305555,0.6815827347548904,0.1724644119073756,transported_identity,True,4,True,False,0.375,0.9971803988942642,0.0028196011057357584,0.0,False,False,0.1393526411032778,0.7490204459301182
q2_radius2,q2r2_s2_0017,S2_quiescent_preserving,2,2,8b536c07c167,"[0,1,1,1,1,1,0,1,0,1,1,1,1,0,0,1,0,0,1,0,1,1,0,1,1,0,1,0,1,1,0,1]",0.6303611144843839,0.752197265625,0.8008977087236375,0.0,0.0,0.08680555555555557,0.08680555555555557,0.08680555555555557,134.18055555555557,162.0,2.1666666666666665,2.574345338311534,0.9131944444444445,0.6454942491319444,0.8437499999999999,0.41228569878472227,-0.027596932870370367,0.16666666666666666,0.9131944444444445,0.6303611144843839,0.3696388855156161,28.892810014926336,0.08680555555555557,0.08680555555555557,0.08680555555555557,0.08680555555555557,0.8008977087236375,0.2895236545138889,0.7104763454861112,0.25141576202183646,0.27205602430517456,emitter_or_generator,True,4,True,False,0.25,0.954434002924965,0.04556599707503495,0.0,True,True,0.17690978911082764,0.9287763928318451
q2_radius2,q2r2_s2_0014,S2_quiescent_preserving,2,2,e18b62e6cbf1,"[0,0,0,0,0,0,1,1,0,0,1,0,1,1,1,0,1,0,0,1,1,0,0,1,0,0,0,0,1,0,0,0]",0.3320624527741796,0.37920464409722227,0.8002366836533717,0.0,0.0,0.0,0.0,0.11111111111111112,154.38888888888889,171.33333333333334,1.8333333333333333,1.3022032202533498,1.0,0.7596842447916666,0.892361111111111,0.2418891059027778,-0.016601562499999997,2.3333333333333335,1.0,0.3320624527741796,0.6679375472258204,166666704.98446268,0.0,0.11111111111111112,0.18055555555555555,0.06319444444444444,0.8002366836533717,0.3668077256944445,0.6331922743055556,0.6076837545335813,0.3482495570729294,transported_identity,True,4,True,False,0.3125,0.9283620723948676,0.07163792760513243,0.0,True,True,0.11219673565880958,0.5960451581874259
q2_radius2,q2r2_s2_0018,S2_quiescent_preserving,2,2,3b6084f10b0b,"[0,1,1,0,0,1,1,1,1,1,0,1,1,1,1,0,0,1,0,0,1,0,1,0,0,0,1,0,0,1,1,1]",0.46856432943832765,0.5983208550347222,0.9793200128725984,0.0,0.0,0.0,0.003472222222222222,0.5833333333333334,159.29166666666666,169.33333333333334,2.0,0.8660627924523233,1.0,0.8744845920138888,0.8819444444444443,0.1255154079861111,0.0,3.0,1.0,0.46856432943832765,0.5314356705616724,84.83255046694518,0.003472222222222222,0.5833333333333334,0.3229166666666667,0.11527777777777777,0.9793200128725984,0.5822753906250001,0.417724609375,0.4959957053594242,0.5702065507125794,localized_persistence,True,4,True,False,0.3125,0.9886994082884974,0.01130059171150255,0.0,False,False,0.04173649088534125,0.2217251078283754
q2_radius2,q2r2_s2_0019,S2_quiescent_preserving,2,2,c8941c71d8a3,"[0,0,1,1,0,1,1,1,1,1,1,0,0,1,0,0,0,0,0,0,1,0,0,0,0,0,1,1,0,1,0,0]",0.13938391668465747,0.1223415798611111,0.4612340629876635,0.0,0.0,0.0,0.0,0.0,162.30555555555554,164.0,1.8333333333333333,0.3349815260389537,1.0,0.8278537326388888,0.8541666666666665,0.2062445746527778,-0.03461371527777777,0.0,1.0,0.13938391668465747,0.8606160833153426,333333421.7689838,0.0,0.0,0.3576388888888889,0.1251736111111111,0.4612340629876635,0.1223415798611111,0.8776584201388888,0.5223584647520796,0.09745563346308234,transported_identity,True,4,True,False,0.4375,0.9744894033980523,0.025510596601947655,0.0,True,True,0.1348113876675564,0.7330369204423379
q2_radius2,q2r2_s2_0015,S2_quiescent_preserving,2,2,b85b8e26c6c8,"[0,1,1,0,1,0,1,0,1,0,0,1,0,1,0,0,0,0,1,0,1,1,0,0,1,1,1,0,1,0,0,1]",0.4378192662231937,0.4846462673611111,0.9808163875423643,0.0,0.0,0.0,0.0,0.0,169.13888888888889,184.66666666666666,1.0,1.5448667812202233,1.0,0.5957845052083334,0.9618055555555554,0.4720865885416666,-0.0022063078703703706,0.0,1.0,0.4378192662231937,0.5621807337768063,48.2278010733539,0.0,0.0,0.0,0.0,0.9808163875423643,0.5819769965277778,0.41802300347222227,0.6122990979148858,0.57178785667565,emitter_or_generator,True,4,True,False,0.5,0.9971803988942642,0.0028196011057357584,0.0,False,False,0.12043975014495294,0.6624186257972412
q2_radius2,q2r2_s2_0021,S2_quiescent_preserving,2,2,969831801804,"[0,0,0,1,1,1,1,0,1,0,1,1,0,1,0,0,0,0,1,0,0,1,0,0,1,0,0,0,0,0,1,0]",0.29197117482099166,0.3795301649305556,0.8586477359557515,0.0,0.0,0.0,0.0,0.0,124.55555555555554,168.66666666666666,1.3333333333333333,1.4941994457960959,1.0,0.6030815972222222,0.8784722222222222,0.4490559895833333,-0.003110532407407407,0.0,1.0,0.29197117482099166,0.7080288251790083,44.10816889342953,0.0,0.0,0.0,0.0,0.8586477359557515,0.45111762152777785,0.5488823784722222,0.6001856122089665,0.3873787340789574,emitter_or_generator,True,4,True,False,0.4375,0.954434002924965,0.04556599707503495,0.0,True,True,0.1659085005289374,0.9021274716260972
q2_radius2,q2r2_s2_0020,S2_quiescent_preserving,2,2,ca9889e2e46d,"[0,1,1,1,1,1,0,0,0,1,1,1,1,0,1,1,1,1,0,0,1,1,0,0,0,0,1,0,1,0,1,1]",0.5107292566206102,0.5028889973958334,0.9712572918119079,0.0,0.0,0.0,0.0,0.0,159.16666666666666,188.66666666666666,2.0,2.0327956562473015,1.0,0.5487196180555555,0.9826388888888888,0.5093858506944444,0.004484953703703704,0.0,1.0,0.5107292566206102,0.48927074337938975,30.232670279936315,0.0,0.0,0.0,0.0,0.9712572918119079,0.4643825954861111,0.535617404513889,0.4313961868915,0.4509751222562121,emitter_or_generator,True,4,True,False,0.3125,0.9744894033980523,0.025510596601947655,0.0,True,True,0.1534579487587428,0.8152453527808211
q2_radius2,q2r2_s2_0022,S2_quiescent_preserving,2,2,cc51313c8fc3,"[0,1,0,0,0,0,1,1,1,0,0,0,0,1,1,1,1,1,0,0,1,1,1,1,1,0,1,0,1,1,1,0]",0.5951849762296705,0.6524251302083334,0.9635033798275074,0.0,0.0,0.0,0.13541666666666666,0.1284722222222222,195.9722222222222,196.0,1.8333333333333333,1.4495473006161408,1.0,0.7518174913194445,1.0208333333333333,0.3654513888888889,0.04260706018518518,0.0,1.0,0.5951849762296705,0.4048150237703296,150.25083526209602,0.13541666666666666,0.1284722222222222,0.0798611111111111,0.11597222222222221,0.9635033798275074,0.5632052951388888,0.43679470486111116,0.4416084988239606,0.5410564291091843,transported_identity,True,4,True,False,0.3125,0.9886994082884974,0.01130059171150255,0.0,False,False,0.11147237244994186,0.5921969786403162
q2_radius2,q2r2_s2_0023,S2_quiescent_preserving,2,2,7d031ced6069,"[0,1,0,0,1,0,0,1,1,0,1,0,1,0,0,0,0,0,0,0,1,0,1,1,1,1,0,1,1,1,0,1]",0.39756016794401267,0.43923611111111116,0.9621067316170917,0.0,0.0,0.0,0.0,0.0,195.83333333333334,196.0,1.8333333333333333,1.0603394455739563,1.0,0.6923149956597223,1.0208333333333333,0.3519015842013889,-0.02029079861111111,0.0,1.0,0.39756016794401267,0.6024398320559873,166666709.79122257,0.0,0.0,0.0,0.0,0.9621067316170917,0.4653591579861111,0.534640842013889,0.5688265923504706,0.4453492061454581,emitter_or_generator,True,4,True,False,0.4375,0.9971803988942642,0.0028196011057357584,0.0,False,False,0.13512776681905225,0.7347572320785967
q2_radius2,q2r2_s2_0038,S2_quiescent_preserving,2,2,0ad83ce8437c,"[0,1,1,1,1,1,1,1,1,0,0,1,1,1,1,1,1,0,1,1,0,1,1,0,1,1,0,0,1,1,1,1]",0.8894993810044257,1.0,0.44596774358306596,0.0,0.0,1.0,1.0,1.0,31.694444444444443,32.666666666666664,9.666666666666666,2.12448109710842,0.16666666666666666,0.9795328776041666,0.17013888888888887,0.020467122395833332,-0.08333333333333333,1.0,0.0,0.8894993810044257,0.11050061899557427,0.0,1.0,1.0,0.8333333333333334,0.9416666666666668,0.44596774358306596,0.0,1.0,0.05493031776429869,0.0,collapse,True,4,True,False,0.25,0.8112781244591328,0.18872187554086717,0.0,True,True,0.0011694794589722577,0.006139767159604353
q2_radius2,q2r2_s2_0025,S2_quiescent_preserving,2,2,95c265f16169,"[0,0,1,0,0,1,0,1,1,0,0,1,1,1,0,0,0,1,1,0,0,0,0,1,1,0,0,0,1,0,1,0]",0.25709012766713446,0.349853515625,0.7213124472172359,0.0,0.0,0.0,0.0,0.0,128.3472222222222,169.33333333333334,1.1666666666666667,1.4000201132752785,1.0,0.6550835503472222,0.8819444444444443,0.3838161892361111,-0.021846064814814815,0.0,1.0,0.25709012766713446,0.7429098723328655,166666687.39656156,0.0,0.0,0.17013888888888887,0.0595486111111111,0.7213124472172359,0.4062771267361111,0.593722873263889,0.5731403820491268,0.34669535780702376,emitter_or_generator,True,4,True,False,0.5,0.9744894033980523,0.025510596601947655,0.0,True,True,0.15447993556174536,0.8496396455895995
q2_radius2,q2r2_s2_0024,S2_quiescent_preserving,2,2,d4d437c2674a,"[0,1,0,1,1,1,0,1,0,0,1,1,1,0,1,0,0,0,1,0,0,1,1,1,1,1,0,1,1,0,1,1]",0.6089860897470495,0.669284396701389,0.9464931591321823,0.0,0.0,0.0,0.0,0.0,195.8888888888889,196.0,2.0,0.8841009504844366,1.0,0.6996256510416666,1.0208333333333333,0.40044487847222215,0.0357349537037037,0.0,1.0,0.6089860897470495,0.39101391025295046,229.87108664950247,0.0,0.0,0.0,0.0,0.9464931591321823,0.633273654513889,0.36672634548611116,0.4503468078918733,0.5992181714131757,emitter_or_generator,True,4,True,False,0.5625,0.9744894033980523,0.025510596601947655,0.0,True,True,0.11228364179948529,0.624577757509637
q2_radius2,q2r2_s2_0027,S2_quiescent_preserving,2,2,ca808870b73c,"[0,1,1,1,1,1,1,0,1,0,1,1,0,1,1,0,0,0,1,0,0,0,0,0,1,1,1,0,1,0,1,1]",0.4481447139689479,0.4910888671875,0.984421581438396,0.0,0.0,0.0,0.0,0.8993055555555555,195.4861111111111,196.0,1.0,0.20513614196765842,1.0,0.9870198567708331,1.0208333333333333,0.012980143229166666,-0.046875,2.6666666666666665,1.0,0.4481447139689479,0.551855286031052,333333453.6699654,0.0,0.8993055555555555,0.8958333333333334,0.31354166666666666,0.984421581438396,0.9434407552083335,0.05655924479166666,0.9375649668473636,0.9279541402820048,emitter_or_generator,True,4,True,False,0.5,0.9886994082884974,0.01130059171150255,0.0,False,False,0.0006336195726504935,0.0034849076495777143
q2_radius2,q2r2_s2_0026,S2_quiescent_preserving,2,2,555800304cfc,"[0,0,1,1,1,1,1,0,1,0,0,0,0,0,0,1,1,1,1,1,0,1,1,0,1,1,0,1,1,0,1,1]",0.5439577514437608,0.588717990451389,0.987292075202823,0.0,0.0,0.0,0.0,0.0,195.2222222222222,196.0,1.6666666666666667,1.487862539307824,1.0,0.7161322699652777,1.0208333333333333,0.3101264105902778,0.008644386574074075,0.0,1.0,0.5439577514437608,0.4560422485562392,73.03643161219044,0.0,0.0,0.0,0.0,0.987292075202823,0.5922309027777778,0.40776909722222215,0.48529130055394315,0.5849248618126716,localized_persistence,True,4,True,False,0.375,0.9744894033980523,0.025510596601947655,0.0,True,True,0.09218467266777741,0.4954926155893036
q2_radius2,q2r2_s2_0028,S2_quiescent_preserving,2,2,8a2adc65b799,"[0,0,0,1,0,0,1,0,0,1,0,0,1,1,1,1,1,0,1,1,1,1,0,0,1,1,1,0,1,0,1,0]",0.3828522062329088,0.47629123263888884,0.7976974076900175,0.0,0.0,0.0,0.0,0.0,152.25,172.0,1.6666666666666667,1.6073814817237928,1.0,0.6613905164930556,0.8958333333333331,0.41806369357638884,-0.012731481481481483,0.0,1.0,0.3828522062329088,0.6171477937670913,166666693.29060307,0.0,0.0,0.17013888888888887,0.0595486111111111,0.7976974076900175,0.4348958333333333,0.5651041666666666,0.5716144062132251,0.4103947925778273,emitter_or_generator,True,4,True,False,0.3125,0.9971803988942642,0.0028196011057357584,0.0,False,False,0.15331974184893063,0.814511128572444
q2_radius2,q2r2_s2_0031,S2_quiescent_preserving,2,2,fdb8ee4b7ff7,"[0,0,0,0,1,0,0,1,0,0,0,0,0,1,0,1,1,0,0,1,0,1,0,0,0,0,0,1,1,1,0,0]",0.0952014209349813,0.08143446180555557,0.37330381119564277,0.0,0.0,0.0,0.0,0.16666666666666666,155.30555555555557,161.33333333333334,1.0,0.07065858165769295,1.0,0.921142578125,0.8402777777777777,0.090576171875,-0.060329861111111105,0.6666666666666666,1.0,0.0952014209349813,0.9047985790650187,214.4065019490764,0.0,0.16666666666666666,0.5590277777777778,0.1956597222222222,0.37330381119564277,0.16286892361111113,0.8371310763888888,0.9943432826053695,0.10660058410123623,transported_identity,True,4,True,False,0.3125,0.8960382325345574,0.10396176746544261,0.0,True,True,0.059955123216662916,0.31851159208852176
q2_radius2,q2r2_s2_0034,S2_quiescent_preserving,2,2,2a78b5d768c7,"[0,0,1,0,1,0,1,1,0,1,1,1,0,0,0,1,0,1,0,1,1,1,0,1,0,1,1,1,1,0,0,1]",0.4343852744269934,0.46845160590277785,0.444942580889268,0.0,0.0,0.0,0.0,0.3333333333333333,194.65277777777774,196.0,2.3333333333333335,1.2438028636155742,1.0,0.827975802951389,1.0208333333333333,0.21143934461805555,-0.038556134259259266,0.3333333333333333,1.0,0.4343852744269934,0.5656147255730066,230.83800093633704,0.0,0.3333333333333333,0.5034722222222222,0.17621527777777776,0.444942580889268,0.1640353732638889,0.8359646267361112,0.40078684103388235,0.13335345739699112,transported_identity,True,4,True,False,0.375,0.9886994082884974,0.01130059171150255,0.0,False,False,0.12498537313520153,0.6717963806017082
q2_radius2,q2r2_s2_0030,S2_quiescent_preserving,2,2,c7de4fa2910e,"[0,0,1,1,1,0,0,0,1,0,0,0,0,1,1,1,1,1,0,1,1,1,0,0,1,0,1,0,1,0,1,1]",0.5937011578196963,0.677883572048611,0.9726435035690987,0.0,0.0,0.0,0.0,0.0,194.625,196.0,2.6666666666666665,1.9406328399802264,1.0,0.6577826605902778,1.0208333333333333,0.3724636501736111,0.0027488425925925927,0.0,1.0,0.5937011578196963,0.4062988421803037,166666685.4770147,0.0,0.0,0.0,0.0,0.9726435035690987,0.379150390625,0.620849609375,0.3443209638833264,0.3685576945237667,emitter_or_generator,True,4,True,False,0.375,0.9971803988942642,0.0028196011057357584,0.0,False,False,0.1547034474244577,0.8315310299064602
q2_radius2,q2r2_s2_0029,S2_quiescent_preserving,2,2,3eb2c8bc24a5,"[0,0,1,0,0,0,0,0,1,0,1,0,1,0,1,1,0,0,1,1,0,0,0,1,1,0,1,1,1,1,1,1]",0.3599557651482441,0.4092881944444445,0.809504728633859,0.0,0.0,0.0,0.0,0.18055555555555555,182.58333333333334,184.66666666666666,1.1666666666666667,0.2839014852331793,1.0,0.8143446180555557,0.9618055555555555,0.20480685763888887,-0.05989583333333332,0.3333333333333333,1.0,0.3599557651482441,0.6400442348517559,500000024.650429,0.0,0.18055555555555555,0.16666666666666666,0.05833333333333333,0.809504728633859,0.6190049913194444,0.3809950086805555,0.7273165546130095,0.5916148296546225,transported_identity,True,4,True,False,0.375,1.0,0.0,0.0,False,False,0.06413866045155132,0.34474529992708836
q2_radius2,q2r2_s2_0036,S2_quiescent_preserving,2,2,d9df43ee519a,"[0,0,0,1,1,1,1,0,1,1,0,1,1,1,0,0,0,0,1,0,1,0,0,0,0,0,0,1,0,1,1,0]",0.1740024810422064,0.20860460069444445,0.5260482786939845,0.0,0.0,0.0,0.0,0.0,161.77777777777774,195.33333333333334,2.0,1.7361430476203683,1.0,0.7933892144097223,1.017361111111111,0.24106174045138892,-0.04723668981481482,0.0,1.0,0.1740024810422064,0.8259975189577936,116.39699284405067,0.0,0.0,0.34722222222222227,0.12152777777777778,0.5260482786939845,0.2057562934027778,0.7942437065972222,0.5431112571757499,0.16484555708245102,transported_identity,True,4,True,False,0.375,0.9886994082884974,0.01130059171150255,0.0,False,False,0.14031671518988503,0.754202344145632
q2_radius2,q2r2_s2_0032,S2_quiescent_preserving,2,2,0e479b38542f,"[0,1,1,1,1,1,1,1,0,1,0,1,1,1,0,1,1,1,0,1,0,0,1,1,1,0,1,0,1,1,0,1]",0.5875913875845568,0.660495334201389,0.9708602559956215,0.0,0.0,0.0,0.0,0.0,191.90277777777774,196.0,2.0,2.333336785616502,1.0,0.607204861111111,1.0208333333333333,0.45163302951388884,0.0004340277777777771,0.0,1.0,0.5875913875845568,0.4124086124154433,39.589473691048006,0.0,0.0,0.0,0.0,0.9708602559956215,0.5395779079861112,0.4604220920138889,0.4149474048598194,0.5239894390494458,emitter_or_generator,True,4,True,False,0.3125,0.8960382325345574,0.10396176746544261,0.0,True,True,0.13053817114586086,0.6934840342123858
q2_radius2,q2r2_s2_0033,S2_quiescent_preserving,2,2,9e4f335d2546,"[0,1,1,1,0,0,1,0,0,0,1,1,1,1,0,1,0,0,0,0,0,0,1,0,1,1,1,1,1,0,0,1]",0.4521655146939767,0.4810655381944444,0.9861621551899863,0.0,0.0,0.0,0.0,0.0,159.68055555555554,173.33333333333334,1.0,1.244813356956158,1.0,0.6843939887152778,0.9027777777777777,0.3343505859375,-0.010163483796296295,0.0,1.0,0.4521655146939767,0.5478344853060234,57.41886200006794,0.0,0.0,0.0,0.0,0.9861621551899863,0.6365559895833334,0.3634440104166667,0.623890703697214,0.6273048228264962,chaotic,True,4,True,False,0.3125,1.0,0.0,0.0,False,False,0.08528291726004587,0.4530654979439937
q2_radius2,q2r2_s2_0037,S2_quiescent_preserving,2,2,2532353c0b88,"[0,0,1,1,1,1,0,0,1,1,0,1,0,1,1,0,0,1,1,1,0,1,1,1,0,1,0,0,1,0,1,1]",0.3517189355300087,0.3806016710069444,0.5972256408336009,0.0,0.0,0.0,0.0,0.0,167.58333333333334,174.66666666666666,2.6666666666666665,1.5957491875176875,1.0,0.7971055772569445,0.9097222222222222,0.2505832248263889,-0.037037037037037035,0.0,1.0,0.3517189355300087,0.6482810644699913,185.45630828027743,0.0,0.0,0.0,0.0,0.5972256408336009,0.2268608940972222,0.7731391059027777,0.38775380382016505,0.2014459510950135,transported_identity,True,4,True,False,0.375,0.9744894033980523,0.025510596601947655,0.0,True,True,0.15950421272959514,0.8573351434215739
q2_radius2,q2r2_s2_0035,S2_quiescent_preserving,2,2,f26a1b694f5b,"[0,1,1,1,1,1,1,1,1,1,1,1,1,0,1,1,0,0,1,0,0,0,1,0,0,1,0,1,1,0,1,0]",0.4746550547369747,0.5678304036458334,0.9781604604092831,0.0,0.0,0.0,0.0,0.0,166.56944444444443,173.33333333333334,1.3333333333333333,1.2656735858769281,1.0,0.7155354817708334,0.9027777777777777,0.3363037109375,-0.01884403935185185,0.0,1.0,0.4746550547369747,0.5253449452630252,147.95264466750908,0.0,0.0,0.0,0.0,0.9781604604092831,0.6681043836805557,0.3318956163194445,0.5861771907719041,0.6547241845370629,chaotic,True,4,True,False,0.375,0.954434002924965,0.04556599707503495,0.0,True,True,0.08308621852146034,0.4465884245528493
q2_radius2,q2r2_s2_0040,S2_quiescent_preserving,2,2,49d5b7b3da93,"[0,0,1,0,0,1,1,0,0,1,1,0,0,0,0,1,0,0,1,0,1,1,1,1,0,0,1,0,1,0,1,1]",0.15826342225280657,0.11561414930555554,0.30744500391345897,0.0,0.0,0.09375,0.09375,0.09375,108.54166666666667,167.33333333333334,1.0,0.5749735838674418,0.90625,0.9309353298611112,0.8715277777777777,0.07367621527777778,-0.06329571759259257,0.16666666666666666,0.90625,0.15826342225280657,0.8417365777471933,333333392.0431678,0.09375,0.09375,0.5381944444444444,0.24930555555555553,0.30744500391345897,0.0419921875,0.9580078125,0.789104053057554,0.01684040160199319,emitter_or_generator,True,4,True,False,0.375,0.9971803988942642,0.0028196011057357584,0.0,False,False,0.05062138765627391,0.27208995865247226
q2_radius2,q2r2_s2_0039,S2_quiescent_preserving,2,2,b897779463a7,"[0,0,0,1,0,0,0,0,0,0,0,0,0,0,1,0,1,1,0,1,1,0,0,1,1,1,1,0,1,0,0,1]",0.09632964016173721,0.0953369140625,0.3396834770702339,0.0,0.0,0.0,0.0,0.0,140.91666666666666,149.33333333333334,1.1666666666666667,0.8235147666485423,1.0,0.8701171875,0.7777777777777778,0.1431206597222222,-0.05783420138888889,0.0,1.0,0.09632964016173721,0.9036703598382628,500000031.3924498,0.0,0.0,0.3368055555555555,0.11788194444444444,0.3396834770702339,0.13308376736111113,0.866916232638889,0.7934488495503365,0.10167838348661139,transported_identity,True,4,True,False,0.3125,0.954434002924965,0.04556599707503495,0.0,True,True,0.09868215812000213,0.5242489650125113
q2_radius2,q2r2_s2_0041,S2_quiescent_preserving,2,2,44ab349ab387,"[0,1,1,0,0,1,0,1,1,0,0,0,1,1,1,1,0,1,1,0,0,0,0,1,1,0,1,1,0,0,1,1]",0.41374203907599316,0.5179036458333334,0.9614084702955227,0.0,0.0,0.0,0.0,0.0,180.11111111111111,184.66666666666666,1.8333333333333333,1.573259483579233,1.0,0.5989854600694444,0.9618055555555555,0.494873046875,-0.02741608796296296,0.0,1.0,0.41374203907599316,0.5862579609240068,29.12432771185235,0.0,0.0,0.0,0.0,0.9614084702955227,0.5439181857638888,0.4560818142361111,0.5517003997238651,0.5219534714953368,emitter_or_generator,True,4,True,False,0.5625,0.9971803988942642,0.0028196011057357584,0.0,False,False,0.1417033931779368,0.7882251245522733
q2_radius2,q2r2_s2_0042,S2_quiescent_preserving,2,2,3850bd09e141,"[0,1,0,1,1,1,0,0,1,1,0,0,0,1,0,1,0,1,1,1,0,1,1,0,1,0,1,0,1,1,1,1]",0.582400271998237,0.673434787326389,0.9619712198892006,0.0,0.0,0.0,0.0,0.0,194.45833333333334,196.0,1.8333333333333333,2.438698413939967,1.0,0.6042209201388888,1.0208333333333333,0.4505750868055556,-0.011176215277777776,0.0,1.0,0.582400271998237,0.4175997280017631,44.24922822771844,0.0,0.0,0.0,0.0,0.9619712198892006,0.4468587239583333,0.5531412760416666,0.39147402146266064,0.43049641377514763,emitter_or_generator,True,4,True,False,0.4375,0.9744894033980523,0.025510596601947655,0.0,True,True,0.15504558221035306,0.8430603532687947
q2_radius2,q2r2_s2_0044,S2_quiescent_preserving,2,2,24d11b5c8154,"[0,1,1,1,0,0,0,1,1,1,0,0,0,1,0,0,0,1,1,0,0,0,1,1,0,0,0,1,0,1,1,0]",0.27967320575615284,0.3110080295138889,0.6799287231251498,0.003472222222222222,0.003472222222222222,0.0,0.003472222222222222,0.003472222222222222,136.37499999999997,159.33333333333334,1.8333333333333333,1.33528417041876,0.9965277777777778,0.6958550347222223,0.8298611111111112,0.3445638020833333,-0.037615740740740734,0.0,0.9965277777777778,0.27967320575615284,0.7203267942438472,333333354.04623157,0.003472222222222222,0.003472222222222222,0.17013888888888887,0.06180555555555555,0.6799287231251498,0.33417426215277785,0.6658257378472222,0.5336548998928643,0.3212048342278235,emitter_or_generator,True,4,True,False,0.25,0.9886994082884974,0.01130059171150255,0.0,False,False,0.1526933145272266,0.8016399012679396
q2_radius2,q2r2_s2_0043,S2_quiescent_preserving,2,2,5cb84ba6677c,"[0,1,0,1,0,1,0,1,1,0,1,0,0,0,1,1,1,1,1,0,0,0,0,0,0,0,1,1,1,0,0,0]",0.3494584210384284,0.3765733506944445,0.8965477226203108,0.0,0.0,0.0,0.0,0.16666666666666666,160.125,196.0,1.0,1.1461553406128433,1.0,0.7065022786458334,1.0208333333333333,0.3307156032986111,-0.024160879629629626,0.6666666666666666,1.0,0.3494584210384284,0.6505415789615717,26.917281508966216,0.0,0.16666666666666666,0.3333333333333333,0.11666666666666665,0.8965477226203108,0.46210394965277773,0.5378960503472222,0.7030247422001238,0.42148097630371745,transported_identity,True,4,True,False,0.375,0.9886994082884974,0.01130059171150255,0.0,False,False,0.11940170169078397,0.6417841465879638
q2_radius2,q2r2_s2_0046,S2_quiescent_preserving,2,2,376e4f011a40,"[0,1,0,1,1,0,0,1,0,0,0,1,1,1,1,0,0,1,1,1,0,0,1,0,1,1,0,1,0,0,0,1]",0.25138571239025614,0.31530761718749994,0.6894985096304845,0.0,0.0,0.0,0.0,0.0,86.20833333333333,136.0,1.6666666666666667,1.800597773485612,1.0,0.6756863064236112,0.7083333333333334,0.3559977213541667,-0.024739583333333332,0.0,1.0,0.25138571239025614,0.7486142876097438,97.8884470573978,0.0,0.0,0.18055555555555555,0.06319444444444444,0.6894985096304845,0.2808430989583333,0.7191569010416666,0.5899358906409645,0.2407415456153658,emitter_or_generator,True,4,True,False,0.3125,1.0,0.0,0.0,False,False,0.17109268025020924,0.9089298638292366
q2_radius2,q2r2_s2_0048,S2_quiescent_preserving,2,2,44c9db62acc8,"[0,0,0,1,0,1,0,1,0,0,1,0,1,0,1,1,1,1,1,0,1,1,0,0,1,1,0,0,0,1,1,1]",0.5411181584403785,0.6034749348958333,0.6869676272714078,0.0,0.0,0.0,0.0,0.0,179.58333333333334,184.66666666666666,1.6666666666666667,1.8075987545290733,1.0,0.7417941623263888,0.9618055555555554,0.28796386718750006,-0.03168402777777778,0.0,1.0,0.5411181584403785,0.4588818415596216,166666721.06350282,0.0,0.0,0.17013888888888887,0.0595486111111111,0.6869676272714078,0.2515733506944445,0.7484266493055557,0.38782877370282415,0.24166757514177914,transported_identity,True,4,True,False,0.375,0.9971803988942642,0.0028196011057357584,0.0,False,False,0.15234120506220197,0.8188339772093356
q2_radius2,q2r2_s2_0045,S2_quiescent_preserving,2,2,aa1809f15065,"[0,1,0,0,1,1,1,0,1,0,0,1,0,1,1,0,1,0,1,1,0,1,0,0,1,1,1,1,0,0,0,0]",0.49840177141803393,0.5528971354166666,0.9949353436134988,0.0,0.0,0.0,0.0,0.0,174.05555555555554,189.33333333333334,1.8333333333333333,1.8322536696431537,1.0,0.5619032118055555,0.986111111111111,0.4911024305555555,-0.00010850694444444348,0.0,1.0,0.49840177141803393,0.501598228581966,31.55734017354742,0.0,0.0,0.0,0.0,0.9949353436134988,0.5596245659722222,0.44037543402777773,0.5422569060104008,0.5567973267116854,emitter_or_generator,True,4,True,False,0.375,1.0,0.0,0.0,False,False,0.12230267874918017,0.6573768982768434
q2_radius2,q2r2_s2_0049,S2_quiescent_preserving,2,2,e7e0ce368400,"[0,1,1,0,0,0,0,1,1,1,1,0,0,0,0,1,1,0,0,0,1,1,1,1,0,0,1,1,1,1,0,1]",0.7377515758806492,0.8311360677083334,0.7517020513609388,0.0,0.0,0.0,0.0,0.0,195.94444444444443,196.0,3.5,2.043068239229929,1.0,0.7591417100694443,1.0208333333333333,0.2998589409722222,-0.039966724537037035,0.0,1.0,0.7377515758806492,0.2622484241193509,151.59106733647607,0.0,0.0,0.0,0.0,0.7517020513609388,0.337646484375,0.662353515625,0.2529795281754648,0.2899193959452015,transported_identity,True,4,True,False,0.3125,0.9971803988942642,0.0028196011057357584,0.0,False,False,0.16163950309139005,0.8587098601730097
q2_radius2,q2r2_s2_0047,S2_quiescent_preserving,2,2,008b21331bec,"[0,1,1,1,1,0,1,1,1,0,1,1,1,1,0,0,0,1,0,1,1,0,1,0,1,1,1,1,0,0,0,1]",0.5463372440810306,0.6361897786458334,0.9817581607236286,0.0,0.0,0.0,0.0,0.0,168.73611111111111,172.0,2.6666666666666665,2.4231909309479946,1.0,0.5992024739583333,0.8958333333333331,0.4837510850694445,-0.00047019675925925875,0.0,1.0,0.5463372440810306,0.45366275591896943,43.290933714492446,0.0,0.0,0.0,0.0,0.9817581607236286,0.38161892361111116,0.618381076388889,0.3748644493568729,0.3749056362474947,emitter_or_generator,True,4,True,False,0.1875,0.954434002924965,0.04556599707503495,0.0,True,True,0.18119288208070247,0.9399380757936441
q2_radius2,q2r2_s3_0001,S3_sparse_active_preserving,2,2,e5a90b99cc11,"[0,1,0,1,1,1,1,1,1,0,1,1,1,1,0,0,1,0,1,0,1,1,1,0,1,0,1,1,0,1,0,0]",0.4169311172054908,0.47062174479166674,0.95324685560985,0.07986111111111112,0.07986111111111112,0.0,0.07986111111111112,0.07986111111111112,95.91666666666664,155.33333333333334,2.0,2.702890531119602,0.9201388888888888,0.5898708767361112,0.8090277777777777,0.4508463541666667,-0.020833333333333332,0.0,0.9201388888888888,0.4169311172054908,0.5830688827945092,19.292855417702857,0.07986111111111112,0.07986111111111112,0.07986111111111112,0.0798611111111111,0.95324685560985,0.2955729166666667,0.7044270833333334,0.3173536756237411,0.28635838940920616,emitter_or_generator,True,4,True,False,0.25,0.954434002924965,0.04556599707503495,0.0,True,True,0.17463008584810286,0.91680795070254
q2_radius2,q2r2_s3_0002,S3_sparse_active_preserving,2,2,129adac3d57c,"[0,1,1,0,1,1,0,1,1,0,1,1,1,1,1,0,1,1,1,1,1,0,1,0,0,0,1,0,1,0,0,0]",0.30777341220045334,0.3200412326388889,0.8411006609407005,0.0,0.0,0.0,0.0,0.0,100.98611111111113,147.33333333333334,2.0,1.23251398552517,0.9513888888888888,0.6537543402777778,0.767361111111111,0.39431423611111116,-0.04560908564814814,0.0,1.0,0.30777341220045334,0.6922265877995466,9.826243119289613,0.0,0.0,0.0,0.0,0.8411006609407005,0.22998046875,0.77001953125,0.5253225986691729,0.21038896545331007,emitter_or_generator,True,4,True,False,0.1875,0.9744894033980523,0.025510596601947655,0.0,True,True,0.20354959887922072,1.0559135441859575
q2_radius2,q2r2_s3_0000,S3_sparse_active_preserving,2,2,e228165e5dea,"[0,1,1,0,1,0,0,1,1,0,1,0,1,0,0,0,1,0,0,1,1,0,1,0,0,1,1,1,1,0,1,0]",0.4625334797333766,0.5045166015625001,0.991352338271745,0.0,0.0,0.0,0.0,0.0,159.18055555555554,184.0,1.0,1.7373222298988622,1.0,0.5583767361111112,0.9583333333333334,0.4849446614583333,0.01052517361111111,0.0,1.0,0.4625334797333766,0.5374665202666234,37.52856262043098,0.0,0.0,0.0,0.0,0.991352338271745,0.5645345052083333,0.4354654947916667,0.569227021061298,0.559557655472721,emitter_or_generator,True,4,True,False,0.3125,1.0,0.0,0.0,False,False,0.11926377844918071,0.6335888230112725
q2_radius2,q2r2_s3_0003,S3_sparse_active_preserving,2,2,8db8ec22cc92,"[0,0,1,1,1,1,0,1,1,0,0,0,0,0,0,0,1,1,1,0,0,1,1,0,0,0,0,1,0,0,1,0]",0.39710414361596863,0.4354112413194444,0.9637199689560401,0.0,0.0,0.0,0.0,0.0,94.55555555555556,150.0,1.8333333333333333,1.96022318610245,1.0,0.5667860243055556,0.78125,0.4932996961805555,0.004521122685185186,0.0,1.0,0.39710414361596863,0.6028958563840313,29.62378771713699,0.0,0.0,0.0,0.0,0.9637199689560401,0.4181043836805555,0.5818956163194444,0.501825320979104,0.4031362832407342,emitter_or_generator,True,4,True,False,0.4375,0.9744894033980523,0.025510596601947655,0.0,True,True,0.16688033386921433,0.907411815413853
q2_radius2,q2r2_s3_0004,S3_sparse_active_preserving,2,2,102a5e62a969,"[0,1,1,1,0,0,1,1,0,1,0,0,0,1,1,0,1,0,0,1,0,0,0,0,0,0,0,0,0,0,0,0]",0.36389518566493956,0.39667426215277785,0.9423016389754277,0.0,0.0,0.0,0.0,0.0,163.98611111111111,182.0,2.0,1.968403752760168,1.0,0.5694037543402778,0.9479166666666665,0.48159450954861116,-0.025245949074074073,0.0,1.0,0.36389518566493956,0.6361048143350604,36.32709677635399,0.0,0.0,0.0,0.0,0.9423016389754277,0.40386284722222227,0.5961371527777778,0.4831504167814396,0.3805245706460471,emitter_or_generator,True,4,True,False,0.4375,0.8960382325345574,0.10396176746544261,0.0,True,True,0.16987361885435098,0.9236878025205335
q2_radius2,q2r2_s3_0006,S3_sparse_active_preserving,2,2,d395d7acc56c,"[0,1,1,0,1,0,0,1,0,0,1,0,1,1,0,0,1,0,0,0,0,1,0,0,1,0,0,0,1,0,0,1]",0.35044292478501005,0.35234917534722227,0.9249011653932762,0.0,0.0,0.0,0.0,0.6319444444444444,188.66666666666666,196.0,1.0,0.8650924910182152,1.0,0.8894585503472223,1.0208333333333333,0.110595703125,0.0,2.0,1.0,0.35044292478501005,0.64955707521499,43.466345638641194,0.0,0.6319444444444444,0.2465277777777778,0.08628472222222222,0.9249011653932762,0.5999077690972222,0.40009223090277773,0.7779056787256878,0.5551073437808071,localized_persistence,True,4,True,False,0.25,0.954434002924965,0.04556599707503495,0.0,True,True,0.03998803761377437,0.20993719747231543
q2_radius2,q2r2_s3_0005,S3_sparse_active_preserving,2,2,d517f2bde156,"[0,1,1,0,1,0,1,0,1,1,0,0,0,1,0,1,0,1,0,1,1,1,0,0,0,0,0,0,1,1,0,1]",0.3626642924447683,0.4637315538194444,0.915714707048432,0.0,0.0,0.0,0.0,0.0,123.41666666666667,167.33333333333334,1.0,1.2443440333096043,1.0,0.5493706597222222,0.8715277777777777,0.4974229600694444,-0.0019169560185185192,0.0,1.0,0.3626642924447683,0.6373357075552317,31.164230907765944,0.0,0.0,0.0,0.0,0.915714707048432,0.6244303385416666,0.3755696614583333,0.6559741565009497,0.5652604774648918,emitter_or_generator,True,4,True,False,0.5625,0.9971803988942642,0.0028196011057357584,0.0,False,False,0.11880108661707287,0.6608310443074679
q2_radius2,q2r2_s3_0008,S3_sparse_active_preserving,2,2,46d9f099b0f0,"[0,1,1,1,1,1,0,1,0,0,1,0,0,1,1,0,1,0,1,1,0,0,1,0,1,0,1,0,1,0,0,0]",0.4640184928441638,0.5074055989583334,0.9913397279463588,0.003472222222222222,0.003472222222222222,0.0,0.003472222222222222,0.003472222222222222,154.97222222222223,178.0,1.8333333333333333,1.7533429569382795,1.0,0.5554470486111112,0.9270833333333331,0.5059678819444444,0.0166015625,0.0,0.9965277777777778,0.4640184928441638,0.5359815071558361,35.931081326756704,0.003472222222222222,0.003472222222222222,0.003472222222222222,0.003472222222222222,0.9913397279463588,0.5479600694444444,0.4520399305555555,0.5549944540468804,0.5431476501714386,emitter_or_generator,True,4,True,False,0.3125,1.0,0.0,0.0,False,False,0.12794722906661432,0.6797196544163886
q2_radius2,q2r2_s3_0007,S3_sparse_active_preserving,2,2,e45bcfad4522,"[0,1,1,1,1,1,1,1,1,0,1,1,0,0,1,1,1,1,0,0,1,0,0,0,0,1,1,1,0,0,0,0]",0.4693238780494387,0.510403103298611,0.994047154182891,0.0,0.0,0.0,0.0,0.0,195.81944444444443,196.0,1.5,0.8618305357536727,1.0,0.715060763888889,1.0208333333333333,0.47271050347222215,-0.0023871527777777762,0.0,1.0,0.4693238780494387,0.5306761219505614,166666912.92997035,0.0,0.0,0.0,0.0,0.994047154182891,0.7291124131944443,0.2708875868055556,0.696990070840891,0.7249126621922667,chaotic,True,4,True,False,0.3125,0.9886994082884974,0.01130059171150255,0.0,False,False,0.09298412341106534,0.4939781556212846
q2_radius2,q2r2_s3_0009,S3_sparse_active_preserving,2,2,58077eb66c46,"[0,0,1,1,1,1,0,1,0,1,1,0,1,1,1,0,1,1,0,1,1,0,1,0,1,1,1,1,0,0,1,0]",0.4963925657563328,0.5704481336805556,0.9910798241175764,0.0,0.0,0.0,0.0,0.0,143.70833333333334,188.0,1.0,1.9603880246482541,1.0,0.5720757378472222,0.9791666666666665,0.4814181857638889,-0.011067708333333334,0.0,1.0,0.4963925657563328,0.5036074342436673,28.321959857708794,0.0,0.0,0.0,0.0,0.9910798241175764,0.5177951388888888,0.4822048611111111,0.5019558322333451,0.513139803632347,emitter_or_generator,True,4,True,False,0.4375,0.954434002924965,0.04556599707503495,0.0,True,True,0.1340850292953524,0.7290873467934786
q2_radius2,q2r2_s3_0010,S3_sparse_active_preserving,2,2,0e830961939f,"[0,1,0,1,1,1,0,1,1,1,1,1,1,1,0,1,1,1,0,0,0,1,1,0,0,1,1,0,1,0,0,0]",0.4657049184567501,0.5153266059027778,0.9754957622560697,0.0625,0.0625,0.0,0.0625,0.0625,113.3888888888889,169.33333333333334,2.0,2.2293704425110397,0.9375,0.5864393446180556,0.8819444444444443,0.4623616536458333,-0.02951388888888889,0.0,0.9375,0.4657049184567501,0.5342950815432499,23.236925351319044,0.0625,0.0625,0.0625,0.0625,0.9754957622560697,0.4523111979166667,0.5476888020833334,0.4191815199736226,0.44378223503742475,emitter_or_generator,True,4,True,False,0.4375,0.9744894033980523,0.025510596601947655,0.0,True,True,0.14139076363936579,0.7688122772890514
q2_radius2,q2r2_s3_0011,S3_sparse_active_preserving,2,2,366a22a2677e,"[0,1,1,0,0,1,1,1,1,0,0,1,1,1,1,0,1,0,0,0,0,0,1,1,0,0,1,1,0,1,0,0]",0.4129966863216033,0.4586995442708333,0.9747204081141781,0.0,0.0,0.0,0.0,0.0,81.7361111111111,124.66666666666667,2.0,2.2175107044362705,1.0,0.5594482421875,0.6493055555555555,0.4947238498263889,-0.0023871527777777762,0.0,1.0,0.4129966863216033,0.5870033136783966,24.021414454138938,0.0,0.0,0.0,0.0,0.9747204081141781,0.3822157118055555,0.6177842881944444,0.4325063621900032,0.3725693369304642,emitter_or_generator,True,4,True,False,0.125,1.0,0.0,0.0,False,False,0.17365548301855596,0.8899843504700993
q2_radius2,q2r2_s3_0012,S3_sparse_active_preserving,2,2,fa00cd9893a9,"[0,1,1,1,0,0,0,1,0,0,0,1,0,0,1,0,1,0,1,0,0,1,0,0,1,1,1,1,0,1,0,0]",0.3557365738117084,0.38628472222222227,0.9355733385966113,0.0,0.0,0.0,0.0,0.0,157.79166666666666,184.0,1.0,1.273393112809489,1.0,0.5786132812499999,0.9583333333333334,0.46896701388888884,-0.022243923611111115,0.0,1.0,0.3557365738117084,0.6442634261882916,45.367166775142096,0.0,0.0,0.0,0.0,0.9355733385966113,0.520046657986111,0.4799533420138889,0.6878784430629868,0.48645502490814935,emitter_or_generator,True,4,True,False,0.3125,0.9886994082884974,0.01130059171150255,0.0,False,False,0.1393507076942215,0.7403006346255517
q2_radius2,q2r2_s3_0013,S3_sparse_active_preserving,2,2,a25a959467a5,"[0,1,1,0,1,0,1,1,1,0,1,1,1,0,0,1,1,0,0,0,0,1,0,1,0,1,0,0,0,0,0,0]",0.40707040807606515,0.4477674696180556,0.9716638191864081,0.0,0.0,0.0,0.0,0.0,101.72222222222223,148.66666666666666,1.0,1.7686447752992687,1.0,0.5630696614583334,0.7743055555555555,0.4983723958333333,-0.0060040509259259274,0.0,1.0,0.40707040807606515,0.5929295919239349,32.6232442949867,0.0,0.0,0.0,0.0,0.9716638191864081,0.4903700086805555,0.5096299913194445,0.562786571331292,0.4766003335300884,emitter_or_generator,True,4,True,False,0.3125,0.9886994082884974,0.01130059171150255,0.0,False,False,0.146875564509483,0.7802764364566285
q2_radius2,q2r2_s3_0014,S3_sparse_active_preserving,2,2,124907ac465a,"[0,0,1,0,0,0,1,1,1,0,1,1,0,0,1,1,1,1,0,1,1,0,0,1,1,0,0,0,1,1,1,0]",0.47630852066242085,0.556884765625,0.9893246011667377,0.0,0.0,0.0,0.0,0.0,144.875,189.33333333333334,1.8333333333333333,2.1750418449344058,1.0,0.5645616319444444,0.986111111111111,0.48920355902777785,0.003472222222222222,0.0,1.0,0.47630852066242085,0.5236914793375792,30.572704704079076,0.0,0.0,0.0,0.0,0.9893246011667377,0.4186740451388889,0.581325954861111,0.4366289424850523,0.4141958108533433,emitter_or_generator,True,4,True,False,0.375,0.9971803988942642,0.0028196011057357584,0.0,False,False,0.1617906578176093,0.86962478576965
q2_radius2,q2r2_s3_0015,S3_sparse_active_preserving,2,2,7e32b6a28f80,"[0,1,1,1,1,0,1,1,0,1,1,1,0,0,1,0,1,1,0,1,1,0,0,1,0,0,0,0,1,0,1,0]",0.47459749826838654,0.512234157986111,0.9934087620515207,0.0,0.0,0.0,0.0,0.0,159.30555555555557,194.66666666666666,1.8333333333333333,2.082742198863,1.0,0.55712890625,1.0138888888888888,0.47241210937500006,-0.012586805555555554,0.0,1.0,0.47459749826838654,0.5254025017316134,35.96148772039694,0.0,0.0,0.0,0.0,0.9934087620515207,0.4522298177083333,0.5477701822916666,0.4684804964262033,0.4492561143756008,emitter_or_generator,True,4,True,False,0.5625,0.9971803988942642,0.0028196011057357584,0.0,False,False,0.14495272954911537,0.8062995581169542
q2_radius2,q2r2_s3_0017,S3_sparse_active_preserving,2,2,2272d6c166b1,"[0,1,1,1,1,0,0,0,0,1,1,1,1,0,0,0,0,0,1,0,1,1,1,0,1,1,0,1,0,0,0,0]",0.37318243840403714,0.4569905598958333,0.9438865561539082,0.0,0.0,0.0,0.0,0.0,164.73611111111111,184.66666666666666,2.1666666666666665,1.8253783164318145,1.0,0.56298828125,0.9618055555555554,0.4782443576388889,-0.013201678240740741,0.0,1.0,0.37318243840403714,0.6268175615959629,45.747441205971306,0.0,0.0,0.0,0.0,0.9438865561539082,0.42523871527777785,0.5747612847222222,0.45341814065848135,0.4018903808327776,emitter_or_generator,True,4,True,False,0.4375,0.9971803988942642,0.0028196011057357584,0.0,False,False,0.16103860393581926,0.8756474089010172
q2_radius2,q2r2_s3_0018,S3_sparse_active_preserving,2,2,3f5693548826,"[0,1,0,1,0,0,0,0,1,0,0,1,0,1,1,0,1,1,0,0,1,1,0,0,0,1,1,0,1,0,0,0]",0.3376135246878598,0.35439724392361116,0.893086929673461,0.0,0.0,0.0,0.0,0.16666666666666666,133.2777777777778,192.0,1.5,1.3204358633385402,1.0,0.7110731336805557,0.9999999999999999,0.3253309461805555,-0.035951967592592594,0.6666666666666666,1.0,0.3376135246878598,0.6623864753121401,21.65898113069565,0.0,0.16666666666666666,0.34027777777777773,0.1190972222222222,0.893086929673461,0.4163411458333333,0.5836588541666666,0.6520689588417293,0.3753183194321923,transported_identity,True,4,True,False,0.375,0.9744894033980523,0.025510596601947655,0.0,True,True,0.12729941147125703,0.6842343366580066
q2_radius2,q2r2_s3_0016,S3_sparse_active_preserving,2,2,f18bbc5ccca8,"[0,0,0,1,0,1,1,0,1,1,0,0,0,0,0,0,1,0,1,0,1,0,1,0,0,1,1,0,0,0,1,0]",0.4090325987469416,0.49777560763888884,0.973184069642134,0.0,0.0,0.0,0.0,0.0,183.45833333333334,196.0,1.5,0.8287089814246982,1.0,0.8386637369791666,1.0208333333333333,0.18306477864583337,0.017578124999999997,0.0,1.0,0.4090325987469416,0.5909674012530584,10.215124016600042,0.0,0.0,0.0,0.0,0.973184069642134,0.6380208333333334,0.3619791666666667,0.6802776907606067,0.6205372462062619,transported_identity,True,4,True,False,0.5,0.954434002924965,0.04556599707503495,0.0,True,True,0.058258837422023,0.3204236058211265
q2_radius2,q2r2_s3_0020,S3_sparse_active_preserving,2,2,5554835c7d5b,"[0,0,0,1,0,1,1,0,1,0,1,1,0,1,0,0,1,0,0,0,1,0,1,1,0,1,1,0,0,0,1,1]",0.3376911099641983,0.4016384548611111,0.8864667472689702,0.0,0.0,0.0,0.0,0.0,94.90277777777777,142.0,1.0,1.6477701820431794,1.0,0.6248779296875,0.7395833333333334,0.4598388671875,-0.028428819444444448,0.0,1.0,0.3376911099641983,0.6623088900358017,28.29759268821519,0.0,0.0,0.0,0.0,0.8864667472689702,0.4375,0.5625,0.5845094868744372,0.3897748052046533,emitter_or_generator,True,4,True,False,0.4375,0.9971803988942642,0.0028196011057357584,0.0,False,False,0.17534403536791876,0.9534331923130582
q2_radius2,q2r2_s3_0022,S3_sparse_active_preserving,2,2,c20ca22e80d3,"[0,1,1,1,1,0,0,0,0,1,1,1,1,0,0,0,0,1,1,0,0,1,1,0,1,0,0,0,0,1,1,0]",0.3387401978312104,0.4389784071180555,0.9078401347314872,0.0,0.0,0.0,0.0,0.0,79.02777777777779,134.0,2.0,1.9580679724980443,1.0,0.564480251736111,0.6979166666666666,0.49164496527777773,-0.017180266203703703,0.0,1.0,0.3387401978312104,0.6612598021687895,29.855871702350964,0.0,0.0,0.0,0.0,0.9078401347314872,0.4234483506944444,0.5765516493055556,0.48396043470272215,0.3843467745948678,emitter_or_generator,True,4,True,False,0.4375,0.9971803988942642,0.0028196011057357584,0.0,False,False,0.17085846801022064,0.9290429198055747
q2_radius2,q2r2_s3_0019,S3_sparse_active_preserving,2,2,2f53915b9870,"[0,1,0,0,1,1,1,0,1,0,0,0,1,1,1,0,1,0,1,0,1,0,1,0,0,1,1,0,1,1,0,0]",0.5644546008068869,0.6516248914930556,0.9797685287251067,0.0,0.0,0.0,0.0,0.0,195.83333333333334,196.0,2.0,0.8943119384977144,1.0,0.5952148437500001,1.0208333333333333,0.4431966145833334,-0.005280671296296294,0.0,1.0,0.5644546008068869,0.4355453991931131,161.7806421207642,0.0,0.0,0.0,0.0,0.9797685287251067,0.6028645833333334,0.39713541666666674,0.4782365631189895,0.5908474827199556,emitter_or_generator,True,4,True,False,0.375,1.0,0.0,0.0,False,False,0.10793328994518848,0.5801414334553882
q2_radius2,q2r2_s3_0023,S3_sparse_active_preserving,2,2,803a4e4613c2,"[0,0,1,0,0,0,0,1,1,0,0,1,1,1,0,0,1,1,0,1,1,0,1,0,1,0,1,1,0,0,0,0]",0.3958069093624064,0.4607069227430556,0.9623734464053285,0.0,0.0,0.0,0.0,0.0,118.45833333333333,170.0,2.0,2.06611472698796,1.0,0.5617540147569444,0.8854166666666666,0.4721815321180556,-0.0006872106481481477,0.0,1.0,0.3958069093624064,0.6041930906375934,36.94053931240578,0.0,0.0,0.0,0.0,0.9623734464053285,0.4272189670138889,0.5727810329861112,0.4779594154955727,0.4111690207915489,emitter_or_generator,True,4,True,False,0.375,0.9886994082884974,0.01130059171150255,0.0,False,False,0.15618734148865054,0.8395069605014966
q2_radius2,q2r2_s3_0021,S3_sparse_active_preserving,2,2,e1341130d2ba,"[0,1,1,0,1,0,0,0,0,1,0,1,1,1,1,0,1,0,0,0,1,1,0,0,1,1,0,0,1,0,0,1]",0.46578510396427025,0.5217149522569444,0.9911222905839455,0.0,0.0,0.0,0.0,0.0,195.94444444444443,196.0,1.8333333333333333,1.229209541646144,1.0,0.666110568576389,1.0208333333333333,0.47370062934027773,-0.01783130787037037,0.0,1.0,0.46578510396427025,0.5342148960357297,67.99532543748226,0.0,0.0,0.0,0.0,0.9911222905839455,0.548611111111111,0.451388888888889,0.537570080817496,0.5441603452336016,emitter_or_generator,True,4,True,False,0.5625,0.9971803988942642,0.0028196011057357584,0.0,False,False,0.14383427511518904,0.800078155328239
q2_radius2,q2r2_s3_0024,S3_sparse_active_preserving,2,2,d4f20892f8e3,"[0,1,1,0,0,0,0,1,1,0,1,0,1,0,1,1,0,0,0,0,0,0,0,1,1,1,1,1,1,0,0,0]",0.41535629070415947,0.4533284505208333,0.9683666446164699,0.0,0.0,0.0,0.0,0.6284722222222222,195.43055555555557,196.0,1.0,0.2683967130323196,1.0,0.9098442925347223,1.0208333333333333,0.09549967447916667,-0.025643807870370367,1.3333333333333333,1.0,0.41535629070415947,0.5846437092958405,166666717.45152104,0.0,0.6284722222222222,0.6215277777777778,0.21753472222222223,0.9683666446164699,0.8674587673611112,0.1325412326388889,0.9429901850857267,0.8423077227373356,transported_identity,True,4,True,False,0.4375,0.9886994082884974,0.01130059171150255,0.0,False,False,0.01072122637111835,0.058296668392956025
q2_radius2,q2r2_s3_0025,S3_sparse_active_preserving,2,2,f911b5af6e95,"[0,0,0,0,0,1,1,1,1,1,0,0,0,0,0,0,1,1,0,0,1,0,1,0,0,1,1,0,0,0,1,1]",0.28571031007124353,0.3882107204861111,0.8467862368657908,0.0,0.0,0.0,0.0,0.0,92.375,138.66666666666666,1.0,1.1862054635844557,1.0,0.5919053819444445,0.7222222222222222,0.45144314236111116,-0.00737847222222222,0.0,1.0,0.28571031007124353,0.7142896899287564,32.54468797789446,0.0,0.0,0.0,0.0,0.8467862368657908,0.547336154513889,0.4526638454861111,0.7145209102163558,0.4627377716636947,emitter_or_generator,True,4,True,False,0.5625,0.9744894033980523,0.025510596601947655,0.0,True,True,0.14356271341015261,0.7985675933439739
q2_radius2,q2r2_s3_0026,S3_sparse_active_preserving,2,2,8dab2ecd0732,"[0,1,1,0,0,1,1,0,1,0,1,0,0,0,0,0,1,0,1,1,0,0,0,0,1,0,1,0,0,1,0,0]",0.4356517275654865,0.45978461371527785,0.9842578412575941,0.0,0.0,0.0,0.0,0.0,195.30555555555557,196.0,1.1666666666666667,1.079954888282501,1.0,0.665744357638889,1.0208333333333333,0.36602105034722227,0.00980179398148148,0.0,1.0,0.4356517275654865,0.5643482724345136,89.35433978100461,0.0,0.0,0.0,0.0,0.9842578412575941,0.6558973524305556,0.3441026475694444,0.7018208154398415,0.6464431687602407,chaotic,True,4,True,False,0.4375,0.954434002924965,0.04556599707503495,0.0,True,True,0.08615347317236247,0.4684595103747209
q2_radius2,q2r2_s3_0028,S3_sparse_active_preserving,2,2,82fd5e81d62d,"[0,0,0,0,1,1,0,0,1,0,0,1,0,1,0,0,1,0,0,0,0,1,1,0,1,0,1,0,0,1,0,0]",0.14420080981037708,0.1342230902777778,0.4678013815410413,0.0,0.0,0.0,0.0,0.0,154.70833333333334,161.33333333333334,1.8333333333333333,0.5994242655482083,1.0,0.8567979600694443,0.8402777777777777,0.16419813368055555,-0.05548321759259259,0.0,1.0,0.14420080981037708,0.8557991901896229,333333374.44467795,0.0,0.0,0.3541666666666667,0.12395833333333332,0.4678013815410413,0.13717990451388887,0.8628200954861112,0.539855485901716,0.11117713562525432,transported_identity,True,4,True,False,0.3125,0.9283620723948676,0.07163792760513243,0.0,True,True,0.10954350207798512,0.581949854789296
q2_radius2,q2r2_s3_0027,S3_sparse_active_preserving,2,2,186634e53449,"[0,1,1,1,1,0,0,1,1,0,0,0,1,1,1,0,1,0,0,1,0,1,0,0,0,1,1,0,1,0,0,1]",0.4430368760569588,0.4644504123263889,0.9863311789309659,0.0,0.0,0.0,0.0,0.0,139.76388888888889,184.66666666666666,1.1666666666666667,1.8171391490972744,1.0,0.5536024305555557,0.9618055555555555,0.5110677083333334,-0.017144097222222224,0.0,1.0,0.4430368760569588,0.5569631239430411,31.102872964719463,0.0,0.0,0.0,0.0,0.9863311789309659,0.5032823350694445,0.4967176649305555,0.551109015307831,0.49634377316688316,emitter_or_generator,True,4,True,False,0.25,1.0,0.0,0.0,False,False,0.14249861289148064,0.7481177176802734
q2_radius2,q2r2_s3_0029,S3_sparse_active_preserving,2,2,5677562b31a5,"[0,1,0,0,0,1,0,1,0,1,1,0,1,0,1,0,0,1,1,0,1,1,0,1,1,1,1,0,1,1,1,0]",0.43808097597779944,0.5046793619791667,0.7859586338899875,0.08333333333333333,0.08333333333333333,0.0,0.08333333333333333,0.08333333333333333,166.38888888888889,184.66666666666666,1.3333333333333333,1.5088503470644712,0.9166666666666666,0.740383572048611,0.9618055555555554,0.3277045355902778,-0.0484302662037037,0.08333333333333333,0.9166666666666666,0.43808097597779944,0.5619190240222007,166666707.87373662,0.08333333333333333,0.08333333333333333,0.2604166666666667,0.14531249999999998,0.7859586338899875,0.39599609375,0.6040039062500001,0.47240291106804216,0.37332964884066017,transported_identity,True,4,True,False,0.375,0.9886994082884974,0.01130059171150255,0.0,False,False,0.12995282546395442,0.6984964368687551
q2_radius2,q2r2_s3_0042,S3_sparse_active_preserving,2,2,4ecf5ebf56bb,"[0,0,1,0,1,0,0,0,0,1,0,1,0,1,0,0,0,0,0,0,1,0,1,1,0,1,0,0,0,1,0,1]",0.020508796371257916,0.012953016493055554,0.12028945187914698,0.5798611111111112,0.5798611111111112,0.0,0.5798611111111112,0.6875,44.25,98.0,1.1666666666666667,0.6425676455853592,0.38888888888888884,0.9820421006944443,0.5104166666666666,0.01953125,-0.05953414351851852,0.6666666666666666,0.4201388888888889,0.020508796371257916,0.9794912036287421,30.89239137464291,0.5798611111111112,0.6875,0.6875,0.6175347222222222,0.12028945187914698,0.017686631944444444,0.9823133680555557,0.3226470238322175,0.00501249805112835,emitter_or_generator,True,4,True,False,0.3125,0.9283620723948676,0.07163792760513243,0.0,True,True,0.0072991079214227575,0.0387765108325584
q2_radius2,q2r2_s3_0030,S3_sparse_active_preserving,2,2,8ce850e99b61,"[0,1,0,1,1,0,1,1,0,1,1,0,1,0,0,0,1,1,1,0,1,1,0,1,0,0,1,1,0,0,0,1]",0.5168563851558002,0.5547417534722222,0.9887508806694895,0.0,0.0,0.0,0.0,0.0,185.41666666666666,192.66666666666666,2.0,2.038731766939586,1.0,0.5583767361111112,1.003472222222222,0.4815809461805556,-0.007921006944444444,0.0,1.0,0.5168563851558002,0.4831436148441998,36.23489917857553,0.0,0.0,0.0,0.0,0.9887508806694895,0.522705078125,0.47729492187499994,0.47187286597375105,0.5169066900516263,emitter_or_generator,True,4,True,False,0.3125,0.9971803988942642,0.0028196011057357584,0.0,False,False,0.12990552868421687,0.6901231211349022
q2_radius2,q2r2_s3_0031,S3_sparse_active_preserving,2,2,6b8c5141bd41,"[0,1,1,1,0,1,1,1,1,1,0,1,0,0,0,0,0,1,1,0,1,1,1,0,0,0,0,0,1,0,0,0]",0.42433980833063467,0.5006917317708334,0.9686419569520877,0.0,0.0,0.0,0.0,0.0,138.55555555555557,164.66666666666666,1.0,1.7922841002949703,1.0,0.5672336154513888,0.8576388888888888,0.4838731553819444,-0.0006148726851851865,0.0,1.0,0.42433980833063467,0.5756601916693653,39.48379955982329,0.0,0.0,0.0,0.0,0.9686419569520877,0.49663628472222227,0.5033637152777778,0.5396052767004553,0.4815829887012287,emitter_or_generator,True,4,True,False,0.3125,0.9971803988942642,0.0028196011057357584,0.0,False,False,0.1422894605457667,0.7559127591493855
q2_radius2,q2r2_s3_0032,S3_sparse_active_preserving,2,2,88aaac0cf198,"[0,0,1,1,0,0,1,0,0,1,0,0,0,1,0,1,1,0,0,0,1,1,0,1,0,1,1,0,1,1,0,0]",0.35331133116094565,0.38812934027777785,0.9299645675166089,0.0,0.0,0.0,0.0,0.0,151.81944444444443,168.66666666666666,1.0,0.8822848015791199,1.0,0.5775146484374999,0.8784722222222222,0.47502983940972227,-0.007306134259259259,0.0,1.0,0.35331133116094565,0.6466886688390544,52.20377378085866,0.0,0.0,0.0,0.0,0.9299645675166089,0.6097547743055555,0.3902452256944444,0.8027217679322942,0.5670851624086807,emitter_or_generator,True,4,True,False,0.6875,0.9886994082884974,0.01130059171150255,0.0,False,False,0.11876442390147418,0.6754726609396344
q2_radius2,q2r2_s3_0033,S3_sparse_active_preserving,2,2,1b60717f77bf,"[0,0,1,1,0,1,0,0,1,0,0,0,0,0,1,0,0,0,1,1,1,1,1,0,0,0,1,0,1,0,1,1]",0.33126692258563617,0.40508355034722227,0.8168359930052951,0.0,0.0,0.0,0.0,0.10069444444444443,195.97222222222226,196.0,1.0,0.4120316170301332,1.0,0.7710367838541666,1.0208333333333333,0.2539198133680556,-0.04325810185185185,0.5,1.0,0.33126692258563617,0.6687330774143638,166666702.3758187,0.0,0.10069444444444443,0.0,0.0,0.8168359930052951,0.721923828125,0.27807617187499994,0.895588442025264,0.6117997795695075,chaotic,True,4,True,False,0.4375,0.9886994082884974,0.01130059171150255,0.0,False,False,0.07600242776685574,0.4132632009822781
q2_radius2,q2r2_s3_0034,S3_sparse_active_preserving,2,2,27ef590b8fd6,"[0,1,1,1,0,0,0,0,1,1,1,0,1,1,1,0,0,0,0,0,0,1,0,0,1,1,0,0,0,0,0,1]",0.3314386081201425,0.34661187065972215,0.8988449994610526,0.0,0.0,0.0,0.0,0.0,192.5,196.0,1.0,0.333267805889441,1.0,0.7223578559027778,1.0208333333333333,0.3138563368055556,-0.04372829861111111,0.0,1.0,0.3314386081201425,0.6685613918798575,166666899.02326226,0.0,0.0,0.0,0.0,0.8988449994610526,0.656955295138889,0.34304470486111116,0.901114272776025,0.5898941642432581,transported_identity,True,4,True,False,0.3125,0.9744894033980523,0.025510596601947655,0.0,True,True,0.09297779683363133,0.49394454567866647
q2_radius2,q2r2_s3_0035,S3_sparse_active_preserving,2,2,e73f7f392d68,"[0,1,1,1,1,0,0,1,1,0,1,1,0,0,1,0,1,1,0,1,0,0,0,0,1,0,1,0,0,0,0,0]",0.4435971204618236,0.4908447265625,0.9858688740869203,0.0,0.0,0.0,0.0,0.23263888888888887,163.81944444444446,180.0,1.0,1.0871366517849799,1.0,0.7459174262152777,0.9375,0.2602945963541667,-0.0005787037037037036,0.3333333333333333,1.0,0.4435971204618236,0.5564028795381765,166666701.53434733,0.0,0.23263888888888887,0.1840277777777778,0.06440972222222222,0.9858688740869203,0.792209201388889,0.20779079861111113,0.711256074560049,0.7817499937854476,chaotic,True,4,True,False,0.125,0.9886994082884974,0.01130059171150255,0.0,False,False,0.039645679941043496,0.20318410969784792
q2_radius2,q2r2_s3_0036,S3_sparse_active_preserving,2,2,ea563eb013e8,"[0,1,1,1,1,1,0,0,1,0,1,1,0,1,1,0,1,1,0,1,1,0,0,1,0,1,0,0,0,1,0,0]",0.45343801161305414,0.49431694878472227,0.9889052347155819,0.003472222222222222,0.003472222222222222,0.0,0.003472222222222222,0.003472222222222222,164.51388888888889,196.0,1.0,1.5586632187863092,0.9965277777777778,0.5662706163194444,1.0208333333333333,0.4972330729166667,0.009620949074074075,0.0,0.9965277777777778,0.45343801161305414,0.5465619883869458,33.532216283090804,0.003472222222222222,0.003472222222222222,0.003472222222222222,0.003472222222222222,0.9889052347155819,0.5264214409722222,0.47357855902777785,0.5987293187882807,0.5205814104865861,emitter_or_generator,True,4,True,False,0.1875,0.9971803988942642,0.0028196011057357584,0.0,False,False,0.13452045051704578,0.697824837057175
q2_radius2,q2r2_s3_0039,S3_sparse_active_preserving,2,2,3006063bd2e9,"[0,0,1,1,1,0,0,1,1,1,1,1,0,1,0,0,0,0,1,1,1,0,1,1,0,0,0,1,0,1,1,0]",0.20688908060323116,0.1976318359375,0.5302677972106409,0.0,0.0,0.0,0.0,0.0,154.98611111111111,163.33333333333334,1.3333333333333333,1.298208969727067,1.0,0.837619357638889,0.8506944444444443,0.18145073784722224,-0.04669415509259259,0.0,1.0,0.20688908060323116,0.7931109193967689,148.83223351909163,0.0,0.0,0.3368055555555556,0.11788194444444444,0.5302677972106409,0.29150390625,0.70849609375,0.6716475840118105,0.27509991621553564,transported_identity,True,4,True,False,0.375,0.9971803988942642,0.0028196011057357584,0.0,False,False,0.09718747644437126,0.5223826858884955
q2_radius2,q2r2_s3_0038,S3_sparse_active_preserving,2,2,be72e6261a8d,"[0,1,1,0,1,0,0,1,0,1,1,1,1,0,0,0,1,1,0,0,0,1,0,0,1,1,0,0,0,0,0,0]",0.36314154028137596,0.4129503038194444,0.9425468684905968,0.0,0.0,0.0,0.0,0.0,96.76388888888887,150.0,1.0,1.6316296762333995,1.0,0.5731608072916666,0.78125,0.4906412760416667,0.023690682870370367,0.0,1.0,0.36314154028137596,0.6368584597186241,31.38879594008563,0.0,0.0,0.0,0.0,0.9425468684905968,0.4804958767361111,0.519504123263889,0.5980817356820833,0.45287086787573666,emitter_or_generator,True,4,True,False,0.4375,0.9744894033980523,0.025510596601947655,0.0,True,True,0.1538616574416962,0.8366227623392231
q2_radius2,q2r2_s3_0037,S3_sparse_active_preserving,2,2,aab6f7604362,"[0,1,0,1,1,0,1,1,1,0,1,1,1,1,1,0,0,1,0,0,0,0,1,0,0,1,1,0,0,0,1,0]",0.40515087525187105,0.4503038194444445,0.9639584167841767,0.0,0.0,0.0,0.0,0.003472222222222222,185.72222222222226,196.0,1.0,0.5680738388907264,1.0,0.613254123263889,1.0208333333333333,0.4363606770833333,0.002459490740740741,0.0,1.0,0.40515087525187105,0.5948491247481289,45.71209150560295,0.0,0.003472222222222222,0.003472222222222222,0.0012152777777777776,0.9639584167841767,0.7558051215277777,0.2441948784722222,0.8425795525999348,0.7262832933465857,chaotic,True,4,True,False,0.375,1.0,0.0,0.0,False,False,0.07315757149578621,0.3932219467898509
q2_radius2,q2r2_s3_0040,S3_sparse_active_preserving,2,2,39c635b4de78,"[0,0,1,0,1,0,0,1,1,0,0,0,1,0,1,1,1,0,1,1,0,1,1,0,0,1,1,1,0,0,0,0]",0.3832421706336356,0.49066840277777785,0.9253178020470877,0.0,0.0,0.0,0.0,0.0,145.01388888888889,169.33333333333334,1.0,1.3813731585055768,1.0,0.6003553602430555,0.8819444444444443,0.44833713107638884,0.019422743055555556,0.0,1.0,0.3832421706336356,0.6167578293663644,36.44887271940595,0.0,0.0,0.0,0.0,0.9253178020470877,0.652072482638889,0.34792751736111116,0.6563842511857936,0.6052052054674665,chaotic,True,4,True,False,0.4375,0.9971803988942642,0.0028196011057357584,0.0,False,False,0.10626359850397411,0.5778083168653593
q2_radius2,q2r2_s3_0041,S3_sparse_active_preserving,2,2,45a9ef5f8ccc,"[0,1,1,0,0,0,1,0,1,0,1,1,0,0,0,0,1,0,1,1,1,0,0,1,0,1,1,0,0,1,0,0]",0.45140111700309443,0.5033637152777778,0.9884712067390519,0.0,0.0,0.0,0.0,0.0,187.0,196.0,1.0,0.8740002083412892,1.0,0.6512993706597222,1.0208333333333333,0.3918863932291667,-0.029441550925925927,0.0,1.0,0.45140111700309443,0.5485988829969056,86.67668242633401,0.0,0.0,0.0,0.0,0.9884712067390519,0.8201768663194445,0.17982313368055555,0.7857107059093812,0.810902836216146,chaotic,True,4,True,False,0.1875,0.9886994082884974,0.01130059171150255,0.0,False,False,0.04826428291544536,0.2503709676238728
q2_radius2,q2r2_s3_0044,S3_sparse_active_preserving,2,2,f1cc85f2b8b6,"[0,1,0,0,1,1,1,0,1,1,1,0,0,0,1,1,1,1,1,1,0,1,1,0,0,1,0,1,0,0,0,0]",0.4779966329114494,0.534030490451389,0.9952546909206784,0.0,0.0,0.0,0.0,0.0,193.5,196.0,1.0,1.964150178586113,1.0,0.5923258463541666,1.0208333333333333,0.503024631076389,0.030201099537037035,0.0,1.0,0.4779966329114494,0.5220033670885508,34.90195158300178,0.0,0.0,0.0,0.0,0.9952546909206784,0.3973524305555555,0.6026475694444444,0.41506012690961996,0.395468441444611,emitter_or_generator,True,4,True,False,0.3125,0.9971803988942642,0.0028196011057357584,0.0,False,False,0.1801228924234024,0.9569028659993253
q2_radius2,q2r2_s3_0043,S3_sparse_active_preserving,2,2,a1baa8add21d,"[0,1,1,0,1,0,1,0,1,0,1,0,0,1,0,1,1,0,0,1,0,0,0,0,1,0,1,0,1,0,0,0]",0.42393318839504174,0.45840115017361116,0.9776434045099157,0.0,0.0,0.0,0.0,0.0,143.34722222222223,178.0,1.0,1.139100589216693,1.0,0.6129557291666666,0.9270833333333331,0.42971462673611116,0.0009403935185185175,0.0,1.0,0.42393318839504174,0.5760668116049582,37.98897310760569,0.0,0.0,0.0,0.0,0.9776434045099157,0.663547092013889,0.33645290798611116,0.7171699493333602,0.6495914682847307,chaotic,True,4,True,False,0.4375,0.9744894033980523,0.025510596601947655,0.0,True,True,0.09229622046459761,0.5018606987762495
q2_radius2,q2r2_s3_0046,S3_sparse_active_preserving,2,2,8f0cff51e16b,"[0,0,1,0,0,1,0,0,0,1,1,1,1,0,1,0,1,0,1,1,0,1,1,0,1,0,1,0,0,0,0,0]",0.12651930805177752,0.1307644314236111,0.40588710762310254,0.16666666666666666,0.16666666666666666,0.0,0.16666666666666666,0.16666666666666666,86.09722222222223,129.33333333333334,1.1666666666666667,1.1107700394465982,0.8229166666666666,0.8492838541666666,0.673611111111111,0.170166015625,-0.059100115740740734,0.16666666666666666,0.8333333333333334,0.12651930805177752,0.8734806919482225,57.077228595516836,0.16666666666666666,0.16666666666666666,0.34375,0.22864583333333333,0.40588710762310254,0.1312934027777778,0.8687065972222223,0.4649284723101898,0.1101752043298459,transported_identity,True,4,True,False,0.4375,0.9886994082884974,0.01130059171150255,0.0,False,False,0.09919368655886754,0.5393656706638422
q2_radius2,q2r2_s3_0048,S3_sparse_active_preserving,2,2,d5826d77a42f,"[0,0,1,1,0,0,0,1,1,0,0,0,0,0,1,1,0,0,1,1,0,0,0,1,0,1,1,0,1,0,0,0]",0.146683116994099,0.16942003038194445,0.5155978768641819,0.3506944444444444,0.3506944444444444,0.0,0.3506944444444444,0.34722222222222227,132.23611111111111,156.0,1.0,0.1910552462318742,1.0,0.7614339192708334,0.8125,0.25627983940972227,-0.057146990740740734,0.3333333333333333,0.6493055555555556,0.146683116994099,0.8533168830059011,18.382725749330575,0.3506944444444444,0.34722222222222227,0.16666666666666666,0.2862847222222222,0.5155978768641819,0.3072102864583333,0.6927897135416666,0.8212587945774317,0.21188612947961602,transported_identity,True,4,True,False,0.3125,0.954434002924965,0.04556599707503495,0.0,True,True,0.10976417733471276,0.5831221920906615
q2_radius2,q2r2_s4_0001,S4_neighbor_dependent,2,2,368a810d0af6,"[1,1,1,1,1,1,1,1,0,0,1,1,1,1,1,1,1,1,1,0,0,0,0,1,1,0,0,1,1,1,0,0]",0.5276536694462435,0.2718912760416667,0.9943392121228286,0.16666666666666666,0.16666666666666666,0.0,0.0,0.3541666666666667,163.83333333333334,164.0,3.1666666666666665,1.792805139151499,0.8333333333333334,0.798366970486111,0.8541666666666666,0.220947265625,-0.05635127314814814,0.6666666666666666,0.8333333333333334,0.5276536694462435,0.4723463305537565,6.343812288751984,0.0,0.3541666666666667,0.18055555555555555,0.06319444444444444,0.9943392121228286,0.039143880208333336,0.9608561197916666,0.17181248662387463,0.03858793304183953,transported_identity,True,4,True,False,0.375,0.8960382325345574,0.10396176746544261,0.0,True,True,0.15887304481071177,0.8539426158575757
q2_radius2,q2r2_s3_0047,S3_sparse_active_preserving,2,2,25571e1a9e9f,"[0,1,1,1,1,1,1,0,1,1,0,1,0,0,1,0,1,0,0,0,1,0,0,0,0,1,0,0,1,0,0,0]",0.4025663157338442,0.4610731336805556,0.9693503514857938,0.0,0.0,0.0,0.0,0.0,90.6388888888889,145.33333333333334,2.0,2.0127941988846367,0.9965277777777777,0.5595296223958334,0.7569444444444443,0.4989013671875,0.009837962962962962,0.0,1.0,0.4025663157338442,0.5974336842661557,26.802433061262334,0.0,0.0,0.0,0.0,0.9693503514857938,0.4313693576388889,0.568630642361111,0.48864849741272764,0.41815320841748016,emitter_or_generator,True,4,True,False,0.375,0.9886994082884974,0.01130059171150255,0.0,False,False,0.1624225863283196,0.8730214015147179
q2_radius2,q2r2_s3_0045,S3_sparse_active_preserving,2,2,dbce16fb39af,"[0,1,0,1,1,1,1,0,1,0,0,0,1,1,1,0,1,1,0,1,0,1,0,0,0,0,1,0,1,0,0,0]",0.4267249933658966,0.46710883246527773,0.9803023175592219,0.0,0.0,0.0,0.0,0.0,181.31944444444446,196.0,1.0,1.3909757283712791,1.0,0.5539143880208334,1.0208333333333333,0.5048149956597222,0.00220630787037037,0.0,1.0,0.4267249933658966,0.5732750066341034,38.650226511108464,0.0,0.0,0.0,0.0,0.9803023175592219,0.60400390625,0.39599609375,0.6584160780030867,0.5920691477343117,emitter_or_generator,True,4,True,False,0.4375,0.9971803988942642,0.0028196011057357584,0.0,False,False,0.11406737468284514,0.6202413498379704
q2_radius2,q2r2_s3_0049,S3_sparse_active_preserving,2,2,d7d4c497ce35,"[0,1,1,1,0,0,1,0,0,1,1,0,0,0,1,1,0,1,1,1,1,1,1,0,0,0,1,0,1,0,1,1]",0.42290089661593266,0.5218912760416666,0.8938912693653088,0.0,0.0,0.0,0.0,0.0,153.93055555555554,157.33333333333334,1.6666666666666667,1.6112990291231728,1.0,0.5503743489583333,0.8194444444444443,0.4834255642361111,0.00730613425925926,0.0,1.0,0.42290089661593266,0.5770991033840674,25.432089899593535,0.0,0.0,0.0,0.0,0.8938912693653088,0.592502170138889,0.40749782986111116,0.5221485420998744,0.5292076185951212,emitter_or_generator,True,4,True,False,0.5625,0.9886994082884974,0.01130059171150255,0.0,False,False,0.12526138916995244,0.6967664772578605
q2_radius2,q2r2_s4_0005,S4_neighbor_dependent,2,2,49fbef8e766e,"[0,0,1,0,0,0,1,0,0,0,0,1,0,0,0,0,0,0,0,1,0,0,1,0,0,0,0,1,0,0,0,1]",0.05059916354076712,0.04966905381944444,0.2297525156332411,0.09027777777777779,0.09027777777777779,0.0,0.09027777777777779,0.09027777777777779,130.90277777777777,154.66666666666666,1.0,0.35180358373899967,0.9097222222222222,0.9228786892361112,0.8055555555555555,0.08677842881944443,-0.06036603009259259,0.0,0.9097222222222222,0.05059916354076712,0.9494008364592329,333333399.76757383,0.09027777777777779,0.09027777777777779,0.5868055555555556,0.2640625,0.2297525156332411,0.0888400607638889,0.9111599392361112,0.8590781426720353,0.04821308174216251,transported_identity,True,4,True,False,0.3125,0.7578784625383954,0.24212153746160459,0.0,True,True,0.056096667834331086,0.2980135478698839
q2_radius2,q2r2_s4_0000,S4_neighbor_dependent,2,2,1cc7f8660929,"[1,0,1,1,1,1,0,0,0,0,1,0,1,0,1,0,0,1,0,0,0,0,1,1,0,0,0,1,1,1,0,1]",0.5436620278542387,0.528171115451389,0.9904954062499373,0.0,0.0,0.0,0.0,0.0,132.375,166.66666666666666,1.6666666666666667,1.896724805223078,1.0,0.5599907769097222,0.8680555555555555,0.4981418185763889,-0.03414351851851852,0.0,1.0,0.5436620278542387,0.4563379721457614,35.40052951631421,0.0,0.0,0.0,0.0,0.9904954062499373,0.521511501736111,0.4784884982638889,0.47967566768613695,0.5164949807317579,emitter_or_generator,True,4,True,False,0.375,0.9971803988942642,0.0028196011057357584,0.0,False,False,0.13487605755106508,0.7249588093369748
q2_radius2,q2r2_s4_0006,S4_neighbor_dependent,2,2,998edc9b35e7,"[1,1,0,0,0,0,1,0,1,0,1,1,1,1,0,1,1,0,1,0,0,1,1,1,1,0,0,0,0,1,0,0]",0.4488006047153857,0.1608615451388889,0.985657678626493,0.0,0.0,0.0,0.0,0.0,160.31944444444446,174.0,1.0,0.3933538503763325,1.0,0.8661838107638888,0.9062499999999999,0.14935980902777776,-0.061559606481481476,0.0,1.0,0.4488006047153857,0.5511993952846143,10.589213197810297,0.0,0.0,0.4305555555555556,0.15069444444444444,0.985657678626493,0.2732476128472222,0.7267523871527777,0.8767346603329077,0.2653412068673518,transported_identity,True,4,True,False,0.3125,1.0,0.0,0.0,False,False,0.08072228705492947,0.42883714997931277
q2_radius2,q2r2_s4_0003,S4_neighbor_dependent,2,2,d58c7bee39fd,"[1,1,0,0,0,1,1,1,0,0,1,0,0,0,1,0,0,1,0,0,1,1,1,0,0,1,1,1,0,0,0,0]",0.508688285972582,0.5150824652777778,0.9997510288403229,0.0,0.0,0.0,0.0,0.0,191.26388888888889,196.0,1.0,1.528878890581489,1.0,0.5840386284722222,1.0208333333333333,0.4976942274305555,-0.014467592592592593,0.0,1.0,0.508688285972582,0.49131171402741797,21.527383939488782,0.0,0.0,0.0,0.0,0.9997510288403229,0.536865234375,0.46313476562500006,0.6094554806196273,0.5367319845604689,emitter_or_generator,True,4,True,False,0.375,0.9886994082884974,0.01130059171150255,0.0,False,False,0.13465934355513784,0.7237939716088659
q2_radius2,q2r2_s4_0002,S4_neighbor_dependent,2,2,ab2cdd10194b,"[1,1,1,0,1,1,0,1,0,1,1,1,1,0,0,1,1,1,1,1,0,0,0,0,0,0,1,0,0,1,0,1]",0.6016005898729851,0.5555962456597222,0.9588829903790034,0.0,0.0,0.0,0.0,0.0,169.70833333333334,184.0,1.0,1.3844166282631205,1.0,0.6504584418402778,0.9583333333333331,0.3859727647569444,-0.009367766203703705,0.0,1.0,0.6016005898729851,0.39839941012701496,79.16981337071097,0.0,0.0,0.0,0.0,0.9588829903790034,0.686008029513889,0.3139919704861111,0.5466857852928947,0.6599852913989689,chaotic,True,4,True,False,0.4375,0.9886994082884974,0.01130059171150255,0.0,False,False,0.08536383540348207,0.46416585500643376
q2_radius2,q2r2_s4_0004,S4_neighbor_dependent,2,2,0217331697ac,"[0,1,0,1,1,1,1,1,0,0,1,0,1,1,0,0,1,0,0,1,0,1,1,1,0,1,1,1,1,1,0,0]",0.5318919759957902,0.5847167968750001,0.992384007430183,0.0,0.0,0.0,0.0,0.0,156.87500000000003,182.66666666666666,2.5,2.4835649451896034,1.0,0.5777180989583334,0.9513888888888887,0.48139105902777785,0.02546296296296296,0.0,1.0,0.5318919759957902,0.46810802400420987,28.55156997672387,0.0,0.0,0.0,0.0,0.992384007430183,0.4286024305555556,0.5713975694444445,0.3629372993696384,0.42535869734938614,emitter_or_generator,True,4,True,False,0.1875,0.9744894033980523,0.025510596601947655,0.0,True,True,0.1598125315794051,0.8290275075681639
q2_radius2,q2r2_s4_0008,S4_neighbor_dependent,2,2,cbd6c0e6949a,"[1,0,0,1,1,0,1,0,1,0,0,1,1,1,1,1,0,0,0,0,1,0,1,0,1,0,0,0,0,0,1,1]",0.5780637188759356,0.48980034722222227,0.965479956162897,0.0,0.0,0.0,0.31249999999999994,0.3020833333333333,195.79166666666666,196.0,2.0,1.4421645750188439,1.0,0.7275390625,1.0208333333333333,0.3323567708333333,0.02737991898148148,0.3333333333333333,1.0,0.5780637188759356,0.4219362811240645,51.49269014940135,0.31249999999999994,0.3020833333333333,0.19444444444444445,0.27118055555555554,0.965479956162897,0.5200737847222222,0.47992621527777773,0.414507748480599,0.5022651671999275,transported_identity,True,4,True,False,0.1875,0.9971803988942642,0.0028196011057357584,0.0,False,False,0.08771600275879084,0.45502676431122746
q2_radius2,q2r2_s4_0007,S4_neighbor_dependent,2,2,626f47f37762,"[0,0,0,1,1,0,0,1,1,1,1,0,0,0,1,0,1,1,1,1,0,1,1,1,0,1,0,1,1,0,1,1]",0.5820181785675733,0.6443006727430555,0.9625093620262332,0.0,0.0,0.0,0.0,0.0,195.95833333333334,196.0,2.0,0.7544187365222262,1.0,0.7527398003472223,1.0208333333333333,0.44352213541666674,0.035951967592592594,0.0,1.0,0.5820181785675733,0.4179818214324267,166666816.67058143,0.0,0.0,0.0,0.0,0.9625093620262332,0.6397840711805555,0.3602159288194444,0.4824544493983643,0.6151788598329896,chaotic,True,4,True,False,0.375,0.9744894033980523,0.025510596601947655,0.0,True,True,0.1284751404453082,0.6905538798935316
q2_radius2,q2r2_s4_0009,S4_neighbor_dependent,2,2,f0ff4fca02b4,"[0,1,0,1,0,0,0,1,1,0,1,1,0,1,1,1,1,1,0,0,1,0,1,0,1,1,0,1,0,1,0,1]",0.5015720154405944,0.5406629774305555,0.9952036349310217,0.0,0.0,0.0,0.0,0.0,168.5,187.33333333333334,1.0,1.7810261668310836,1.0,0.5812310112847222,0.9756944444444443,0.4773356119791667,-0.01833767361111111,0.0,1.0,0.5015720154405944,0.49842798455940557,35.06561948444848,0.0,0.0,0.0,0.0,0.9952036349310217,0.5751139322916666,0.4248860677083333,0.5559037254473203,0.5725065418190489,emitter_or_generator,True,4,True,False,0.4375,0.9886994082884974,0.01130059171150255,0.0,False,False,0.1186047513750843,0.6449133356020209
q2_radius2,q2r2_s4_0010,S4_neighbor_dependent,2,2,4b970234a7c0,"[0,1,1,0,0,0,1,0,0,0,1,0,1,1,1,0,1,0,1,1,0,1,1,1,1,0,1,1,1,1,1,1]",0.45997639833405296,0.4626329210069444,0.937676432502705,0.0,0.0,0.0,0.0,0.0,195.90277777777774,196.0,1.0,0.83223899540768,1.0,0.6694607204861112,1.0208333333333333,0.4310167100694444,-0.05551938657407407,0.0,1.0,0.45997639833405296,0.5400236016659471,333333404.23153335,0.0,0.0,0.06597222222222222,0.023090277777777776,0.937676432502705,0.5906575520833334,0.4093424479166667,0.6323799469433062,0.5593021443625761,emitter_or_generator,True,4,True,False,0.4375,0.954434002924965,0.04556599707503495,0.0,True,True,0.12422659376950762,0.6754821036216977
q2_radius2,q2r2_s4_0011,S4_neighbor_dependent,2,2,c720483c5f7b,"[1,1,1,1,1,1,1,0,1,0,0,0,0,0,0,0,0,0,0,0,1,1,1,1,1,1,0,0,1,0,0,1]",0.5028529455418825,0.4634874131944444,0.9832303497257158,0.0,0.0,0.0,1.0,1.0,195.91666666666666,196.0,1.0,0.031557893618398766,1.0,1.0,1.0208333333333333,0.0,-0.00028935185185185184,1.0,1.0,0.5028529455418825,0.4971470544581174,500000090.1890107,1.0,1.0,1.0,1.0,0.9832303497257158,0.9269748263888888,0.07302517361111112,0.8986182471456035,0.9121192019508527,frozen_order,True,4,True,False,0.375,1.0,0.0,0.0,False,False,0.0,0.0
q2_radius2,q2r2_s4_0013,S4_neighbor_dependent,2,2,7c5c5f07402b,"[1,0,0,1,0,0,1,1,0,0,0,1,0,1,1,0,1,0,1,1,0,1,1,1,0,1,1,1,0,0,0,1]",0.5491480939883779,0.497802734375,0.9840144785439108,0.0,0.0,0.0,0.0,0.0,195.7361111111111,196.0,2.0,1.6992792989538048,1.0,0.626953125,1.0208333333333333,0.4078233506944444,-0.007776331018518518,0.0,1.0,0.5491480939883779,0.45085190601162206,166666726.0103549,0.0,0.0,0.0,0.0,0.9840144785439108,0.45770941840277773,0.5422905815972222,0.4251183767573994,0.45012427610841277,emitter_or_generator,True,4,True,False,0.375,0.9971803988942642,0.0028196011057357584,0.0,False,False,0.1405955926147326,0.7557013103041876
q2_radius2,q2r2_s4_0012,S4_neighbor_dependent,2,2,0ead262b234c,"[1,1,0,0,1,0,0,0,0,1,0,1,0,1,1,0,1,1,0,1,0,1,1,0,1,1,0,0,0,0,1,0]",0.48558242086301817,0.4782579210069444,0.9993156956714607,0.0,0.0,0.0,0.0,0.0,154.97222222222223,175.33333333333334,1.0,1.3542772363593494,1.0,0.5600314670138888,0.9131944444444443,0.48925781249999994,-0.007269965277777777,0.0,1.0,0.48558242086301817,0.5144175791369817,28.7562339109371,0.0,0.0,0.0,0.0,0.9993156956714607,0.6286078559027777,0.37139214409722215,0.6702906422707544,0.6281802257127463,chaotic,True,4,True,False,0.25,0.9971803988942642,0.0028196011057357584,0.0,False,False,0.10187853281551826,0.5348622972814708
q2_radius2,q2r2_s4_0014,S4_neighbor_dependent,2,2,f9e652185226,"[1,0,0,1,0,1,1,0,1,1,0,0,0,0,0,1,0,0,1,1,0,0,0,1,1,0,1,0,1,0,0,0]",0.3929863612955167,0.35885959201388884,0.9659313052058089,0.0,0.0,0.0,0.0,0.0,135.91666666666666,172.66666666666666,1.0,1.0631423505917645,1.0,0.5909288194444444,0.8993055555555555,0.4667697482638889,-0.03023726851851852,0.0,1.0,0.3929863612955167,0.6070136387044833,44.338169917872456,0.0,0.0,0.0,0.0,0.9659313052058089,0.5653483072916666,0.4346516927083333,0.7213296374572532,0.5460403819801697,emitter_or_generator,True,4,True,False,0.5,0.9744894033980523,0.025510596601947655,0.0,True,True,0.125214635648896,0.6886804960689281
q2_radius2,q2r2_s4_0016,S4_neighbor_dependent,2,2,a8e6245eed8e,"[1,0,1,1,0,1,1,0,0,0,1,0,0,0,0,0,1,1,1,1,1,0,0,0,1,0,0,0,1,0,1,0]",0.4880810321990141,0.431396484375,0.9993183272422437,0.0,0.0,0.0,0.0,0.5138888888888888,170.70833333333334,196.0,1.0,0.8682215749834484,1.0,0.8494873046875,1.0208333333333333,0.15254720052083334,-0.043872974537037035,2.0,1.0,0.4880810321990141,0.5119189678009859,15.153674692074198,0.0,0.5138888888888888,0.16666666666666666,0.05833333333333333,0.9993183272422437,0.6114366319444445,0.3885633680555555,0.7463672994178158,0.611082360570637,transported_identity,True,4,True,False,0.4375,0.9886994082884974,0.01130059171150255,0.0,False,False,0.04745871483128712,0.2580567618951237
q2_radius2,q2r2_s4_0017,S4_neighbor_dependent,2,2,4f225c17cfea,"[1,1,0,0,1,1,1,0,0,0,0,1,0,0,0,0,0,0,1,0,0,1,0,0,0,1,0,0,0,1,1,0]",0.40810269985517417,0.15894911024305555,0.9565506323794182,0.0,0.0,0.0,0.0,0.0,145.72222222222223,151.33333333333334,1.3333333333333333,0.49775665117654894,1.0,0.8387993706597222,0.7881944444444443,0.24287923177083334,-0.049298321759259266,0.0,1.0,0.40810269985517417,0.5918973001448259,80.30095547474805,0.0,0.0,0.3333333333333333,0.11666666666666665,0.9565506323794182,0.2857530381944444,0.7142469618055555,0.7188144159099857,0.2621498911375893,transported_identity,True,4,True,False,0.5,0.9283620723948676,0.07163792760513243,0.0,True,True,0.13278262236033947,0.730304422981867
q2_radius2,q2r2_s4_0015,S4_neighbor_dependent,2,2,7701bda8ee41,"[1,0,0,0,0,1,1,1,1,1,0,0,1,1,1,0,1,1,1,1,1,1,0,1,1,0,1,0,0,0,0,1]",0.5915012216869963,0.5691460503472222,0.9716160544045129,0.0,0.0,0.0,0.0,0.0,192.7222222222222,196.0,1.8333333333333333,1.880454690785837,1.0,0.5631103515625,1.0208333333333333,0.5008002387152778,-0.02307581018518519,0.0,1.0,0.5915012216869963,0.4084987783130038,45.63836226775921,0.0,0.0,0.0,0.0,0.9716160544045129,0.5401475694444445,0.4598524305555556,0.46423943149719543,0.5247548626489689,emitter_or_generator,True,4,True,False,0.5,0.9744894033980523,0.025510596601947655,0.0,True,True,0.1340218844350496,0.7371203643927727
q2_radius2,q2r2_s4_0024,S4_neighbor_dependent,2,2,3c5fb0d539b4,"[0,0,0,0,1,0,1,0,0,1,0,1,0,1,0,1,0,1,1,1,0,1,1,1,0,0,1,0,1,0,1,0]",0.05295159971844415,0.032294379340277776,0.25357408713447444,0.010416666666666666,0.010416666666666666,0.0,1.0,1.0,178.54166666666666,185.33333333333334,1.0,0.34733871383960957,0.9895833333333334,1.0,0.9652777777777777,0.0,-0.0008680555555555555,1.0,0.9895833333333334,0.05295159971844415,0.9470484002815559,333333422.37720096,1.0,1.0,1.0,1.0,0.25357408713447444,0.06290690104166667,0.9370930989583334,0.9537705333968433,0.02634841950221567,frozen_order,True,4,True,False,0.25,0.9971803988942642,0.0028196011057357584,0.0,False,False,0.0,0.0
q2_radius2,q2r2_s4_0018,S4_neighbor_dependent,2,2,785251cba335,"[1,0,0,0,0,0,0,0,0,0,1,1,0,0,0,0,0,0,0,1,1,0,0,1,1,0,1,1,1,1,0,0]",0.36141210543951496,0.3304985894097222,0.9428415742951043,0.0,0.0,0.0,0.0,0.0,77.20833333333333,106.66666666666667,1.8333333333333333,1.7497848142793428,0.9756944444444443,0.6128743489583333,0.5555555555555555,0.4438205295138889,-0.0031467013888888903,0.0,1.0,0.36141210543951496,0.6385878945604851,27.40935618378079,0.0,0.0,0.0,0.0,0.9428415742951043,0.3267957899305555,0.6732042100694443,0.5317211822840926,0.3080636012757661,emitter_or_generator,True,4,True,False,0.25,0.9283620723948676,0.07163792760513243,0.0,True,True,0.18821100296898965,0.9881077655871957
q2_radius2,q2r2_s4_0023,S4_neighbor_dependent,2,2,4b0d6b42bad0,"[1,1,0,1,1,0,1,1,1,0,0,1,1,1,1,0,1,0,0,1,0,0,1,0,0,1,0,1,0,0,0,0]",0.49934354704141476,0.320556640625,0.9999890699427961,0.0,0.0,0.09027777777777778,0.0,0.09027777777777778,156.90277777777777,170.66666666666666,3.8333333333333335,2.1155994844674013,0.9097222222222222,0.8426378038194443,0.8888888888888888,0.1776801215277778,-0.05960648148148148,0.3333333333333333,0.9097222222222222,0.49934354704141476,0.5006564529585852,5.313005928726349,0.0,0.09027777777777778,0.4479166666666667,0.15677083333333333,0.9999890699427961,0.033935546875,0.966064453125,0.4253567784740677,0.03393528380240517,transported_identity,True,4,True,False,0.25,1.0,0.0,0.0,False,False,0.12196398965793973,0.6403109457041836
q2_radius2,q2r2_s4_0021,S4_neighbor_dependent,2,2,363044a41124,"[0,0,1,0,1,0,1,0,0,1,0,0,1,0,0,0,1,0,1,1,1,1,0,1,0,0,0,1,0,0,0,0]",0.22573555620772168,0.22805447048611113,0.5938172885132033,0.0,0.0,0.0,0.0,0.0,153.51388888888889,172.0,1.0,0.4997710186282966,1.0,0.8315158420138888,0.8958333333333334,0.19352213541666663,-0.05284288194444444,0.0,1.0,0.22573555620772168,0.7742644437922784,114.51646058930969,0.0,0.0,0.0,0.0,0.5938172885132033,0.3360731336805556,0.6639268663194445,0.8009841166744587,0.3108367314711496,transported_identity,True,4,True,False,0.3125,0.954434002924965,0.04556599707503495,0.0,True,True,0.11089789366671533,0.5891450601044252
q2_radius2,q2r2_s4_0020,S4_neighbor_dependent,2,2,a56be1ee789d,"[0,1,0,1,0,1,1,1,0,1,0,1,1,1,0,0,0,0,1,0,1,1,0,0,0,1,0,0,0,1,0,0]",0.3168137132538141,0.3421223958333333,0.6654068118900237,0.0,0.0,0.0,0.0,0.0,168.26388888888889,173.33333333333334,1.3333333333333333,0.3705477596576477,1.0,0.8261176215277778,0.9027777777777777,0.20445421006944445,-0.05146846064814815,0.0,1.0,0.3168137132538141,0.683186286746186,500000065.313199,0.0,0.0,0.16666666666666666,0.05833333333333333,0.6654068118900237,0.601779513888889,0.3982204861111111,0.7919177610676026,0.5805019016012251,transported_identity,True,4,True,False,0.4375,0.9886994082884974,0.01130059171150255,0.0,False,False,0.06672139805828131,0.36279760194190463
q2_radius2,q2r2_s4_0019,S4_neighbor_dependent,2,2,1739f9db908a,"[0,1,0,0,1,0,0,1,0,0,1,0,1,1,0,0,1,1,1,1,0,0,0,1,0,0,1,1,0,1,0,1]",0.42271297720567075,0.4583875868055556,0.976157988500718,0.0,0.0,0.0,0.0,0.0,195.93055555555554,196.0,1.0,0.7248840119643328,1.0,0.6036512586805555,1.0208333333333333,0.4703233506944444,-0.024052372685185185,0.0,1.0,0.42271297720567075,0.5772870227943293,88.49878106980553,0.0,0.0,0.0,0.0,0.976157988500718,0.7511121961805555,0.24888780381944442,0.8277036173645742,0.733197717311126,chaotic,True,4,True,False,0.375,0.9971803988942642,0.0028196011057357584,0.0,False,False,0.07574817828775925,0.4071464582967059
q2_radius2,q2r2_s4_0025,S4_neighbor_dependent,2,2,91832c60ae75,"[0,1,0,0,0,1,0,0,1,0,1,0,0,0,0,0,0,0,0,1,1,1,1,1,0,1,0,0,0,0,0,1]",0.1632602935422064,0.15037706163194445,0.5653156789991504,0.0,0.0,0.0,0.0,0.0,70.54166666666667,110.66666666666667,1.0,0.41356062504712804,0.951388888888889,0.7956949869791666,0.5763888888888888,0.23012966579861113,-0.021448206018518517,0.0,1.0,0.1632602935422064,0.8367397064577936,22.600795764047884,0.0,0.0,0.16666666666666666,0.05833333333333333,0.5653156789991504,0.2779676649305555,0.7220323350694443,0.8511879397460045,0.1592763739773859,transported_identity,True,4,True,False,0.25,0.9283620723948676,0.07163792760513243,0.0,True,True,0.14496717582082586,0.7610776730593357
q2_radius2,q2r2_s4_0022,S4_neighbor_dependent,2,2,1c4dc7de3017,"[0,0,1,0,0,1,0,0,0,1,1,1,0,1,0,1,1,1,0,0,0,0,1,0,0,1,1,0,1,1,0,1]",0.3399010253625144,0.43206108940972215,0.8623562431364595,0.0,0.0,0.0,0.0,0.0,164.37499999999997,172.66666666666666,1.3333333333333333,0.6292797560418318,1.0,0.769775390625,0.8993055555555555,0.2718912760416667,-0.06148726851851852,0.0,1.0,0.3399010253625144,0.6600989746374856,166666688.88090736,0.0,0.0,0.0,0.0,0.8623562431364595,0.6304524739583334,0.3695475260416667,0.7626038734727848,0.5607839182048782,transported_identity,True,4,True,False,0.5,0.9971803988942642,0.0028196011057357584,0.0,False,False,0.09192582349006265,0.5055920291953445
q2_radius2,q2r2_s4_0026,S4_neighbor_dependent,2,2,b898602db155,"[0,1,0,0,0,1,1,0,0,1,0,1,0,0,1,0,0,0,0,1,0,1,1,0,1,0,1,1,0,0,0,1]",0.233908012535082,0.24472384982638892,0.5806466452224343,0.003472222222222222,0.003472222222222222,0.0,0.003472222222222222,0.003472222222222222,121.2638888888889,157.33333333333334,1.0,0.6933230775445529,0.9965277777777778,0.8112250434027778,0.8194444444444443,0.2441948784722222,-0.053638599537037035,0.0,0.9965277777777778,0.233908012535082,0.766091987464918,333333345.78527886,0.003472222222222222,0.003472222222222222,0.17708333333333334,0.0642361111111111,0.5806466452224343,0.37700737847222215,0.6229926215277778,0.8527949294221281,0.3474364247171729,transported_identity,True,4,True,False,0.4375,0.9744894033980523,0.025510596601947655,0.0,True,True,0.12096702808134492,0.657758215192313
q2_radius2,q2r2_s4_0027,S4_neighbor_dependent,2,2,fdd8d7b22a08,"[0,0,1,0,0,1,0,1,1,0,0,0,0,1,1,1,1,0,0,1,0,0,0,1,0,1,1,1,0,0,0,0]",0.20077284492839667,0.2792154947916667,0.702521986041127,0.0,0.0,0.0,0.0,0.0,75.23611111111113,110.66666666666667,1.0,0.9840524391575286,1.0,0.6758355034722223,0.576388888888889,0.37079535590277785,-0.031901041666666664,0.0,1.0,0.20077284492839667,0.7992271550716032,33.77766519748705,0.0,0.0,0.0,0.0,0.702521986041127,0.4014485677083333,0.5985514322916666,0.7150112440264386,0.2839815336077769,emitter_or_generator,True,4,True,False,0.4375,0.9744894033980523,0.025510596601947655,0.0,True,True,0.17943184050219338,0.9756606327306765
q2_radius2,q2r2_s4_0028,S4_neighbor_dependent,2,2,293edf99ff25,"[0,0,1,1,0,0,0,1,1,0,0,0,0,1,1,0,1,0,0,0,1,0,1,0,0,1,0,1,0,1,0,0]",0.344831344788968,0.40070258246527773,0.9241747499713674,0.0,0.0,0.0,0.0,0.0,103.30555555555556,149.33333333333334,1.0,1.4815495323883774,1.0,0.5702311197916666,0.7777777777777777,0.47024197048611116,-0.030635127314814815,0.0,1.0,0.344831344788968,0.655168655211032,32.72777183604645,0.0,0.0,0.0,0.0,0.9241747499713674,0.514377170138889,0.48562282986111116,0.6426455514920192,0.47538250634703444,emitter_or_generator,True,4,True,False,0.375,0.954434002924965,0.04556599707503495,0.0,True,True,0.14067440005824836,0.7561249003130849
q2_radius2,q2r2_s4_0036,S4_neighbor_dependent,2,2,ff4bbb43e587,"[1,0,1,1,1,1,0,0,1,1,1,1,0,0,1,1,0,0,1,1,1,1,1,1,0,1,1,0,1,1,1,1]",0.9646539331237407,0.9691975911458334,0.19224770244292574,0.0,0.0,0.2743055555555555,1.0,1.0,137.90277777777777,164.0,4.666666666666667,2.299803955928039,0.6979166666666666,1.0,0.8541666666666666,0.0,-0.022858796296296297,1.0,0.7256944444444443,0.9646539331237407,0.03534606687625935,166666750.10262367,1.0,1.0,1.0,1.0,0.19224770244292574,0.06160481770833334,0.9383951822916666,0.04597220843559647,0.024436773908719248,frozen_order,True,4,True,False,0.1875,0.8571484374283715,0.14285156257162845,0.0,True,True,0.0,0.0
q2_radius2,q2r2_s4_0033,S4_neighbor_dependent,2,2,84a2b6cf7b62,"[0,0,0,1,0,0,1,1,0,0,1,0,1,0,0,0,0,0,0,1,1,0,0,0,0,0,1,1,0,1,0,0]",0.09004445973661485,0.0736355251736111,0.35663946930372004,0.24305555555555558,0.24305555555555558,0.0,0.24305555555555558,0.24305555555555558,102.06944444444444,122.66666666666667,1.6666666666666667,0.8284202696008606,0.8159722222222223,0.895779079861111,0.638888888888889,0.11962890625,-0.040219907407407406,0.16666666666666666,0.7569444444444445,0.09004445973661485,0.9099555402633852,123.26400290185195,0.24305555555555558,0.24305555555555558,0.4166666666666667,0.3038194444444445,0.35663946930372004,0.07451714409722222,0.9254828559027778,0.4237417494020941,0.05175933872777264,transported_identity,True,4,True,False,0.375,0.8960382325345574,0.10396176746544261,0.0,True,True,0.07074202887308349,0.38023840519282376
q2_radius2,q2r2_s4_0032,S4_neighbor_dependent,2,2,5ccc043d4acc,"[0,1,1,0,0,0,1,1,0,0,1,0,0,1,1,0,0,0,0,0,1,1,0,1,0,0,0,0,1,0,0,1]",0.16512571344721505,0.15223524305555555,0.5336138977318795,0.0,0.0,0.0,0.0,0.4444444444444444,156.56944444444443,173.33333333333334,1.6666666666666667,0.9774736132234851,1.0,0.9281412760416666,0.9027777777777777,0.14146592881944445,-0.06767216435185185,3.8333333333333335,1.0,0.16512571344721505,0.8348742865527848,124.22360603614878,0.0,0.4444444444444444,0.2569444444444444,0.08993055555555556,0.5336138977318795,0.18668619791666666,0.8133138020833334,0.5871245702492329,0.14941442606450706,transported_identity,True,4,True,False,0.375,0.954434002924965,0.04556599707503495,0.0,True,True,0.1016385564436138,0.5463072408844242
q2_radius2,q2r2_s4_0029,S4_neighbor_dependent,2,2,61b7404c8391,"[1,1,1,1,0,1,1,1,0,0,1,1,0,0,1,1,0,0,1,0,1,0,1,1,1,0,0,0,1,0,0,1]",0.5900519090475677,0.47079806857638884,0.9210009007725946,0.0,0.0,0.0,0.0,0.0,192.43055555555557,196.0,1.3333333333333333,1.3145967970916277,1.0,0.5691460503472222,1.0208333333333333,0.4656846788194445,-0.0012297453703703704,0.0,1.0,0.5900519090475677,0.4099480909524323,30.090137244171782,0.0,0.0,0.0,0.0,0.9210009007725946,0.521267361111111,0.4787326388888889,0.4247991784764377,0.4812535151415518,emitter_or_generator,True,4,True,False,0.5,0.9886994082884974,0.01130059171150255,0.0,False,False,0.13748991483498418,0.756194531592413
q2_radius2,q2r2_s4_0030,S4_neighbor_dependent,2,2,53799baa0801,"[0,0,0,1,0,0,1,1,1,1,1,1,1,0,1,0,1,0,0,1,0,1,0,1,0,1,0,0,0,0,0,0]",0.41721960231361543,0.48688422309027785,0.9763507323283563,0.0,0.0,0.0,0.0,0.0,181.2222222222222,196.0,2.6666666666666665,1.1079251494332354,1.0,0.7287868923611112,1.0208333333333333,0.34160698784722215,-0.03591579861111111,0.0,1.0,0.41721960231361543,0.5827803976863845,90.3792141431549,0.0,0.0,0.0,0.0,0.9763507323283563,0.3545193142361111,0.645480685763889,0.37939881969426037,0.3464096632349465,transported_identity,True,4,True,False,0.4375,0.9886994082884974,0.01130059171150255,0.0,False,False,0.1627169973592437,0.8847736731408876
q2_radius2,q2r2_s4_0039,S4_neighbor_dependent,2,2,b719b19cc073,"[0,0,0,0,0,1,1,0,0,1,0,0,0,0,1,1,0,1,1,0,0,0,0,0,1,1,1,1,1,1,1,0]",0.08254616605048214,0.08147515190972222,0.27583774727389315,0.4583333333333333,0.4583333333333333,0.0,0.4583333333333333,0.4583333333333333,74.65277777777777,106.66666666666667,2.1666666666666665,0.9501960369074324,0.5416666666666666,0.8951280381944443,0.5555555555555556,0.11664496527777778,-0.06192129629629629,0.5,0.5416666666666666,0.08254616605048214,0.9174538339495178,26.0995506525982,0.4583333333333333,0.4583333333333333,0.4583333333333333,0.4583333333333333,0.27583774727389315,0.05995008680555555,0.9400499131944445,0.2098552750226194,0.047755292390200266,transported_identity,True,4,True,False,0.4375,0.9886994082884974,0.01130059171150255,0.0,False,False,0.05385572010013445,0.2928404780444811
q2_radius2,q2r2_s4_0031,S4_neighbor_dependent,2,2,b3e6acf0e485,"[0,1,1,1,1,1,1,1,0,1,1,1,1,0,0,0,1,0,0,0,0,0,1,0,0,0,1,1,1,0,0,0]",0.4740329669958981,0.5153401692708333,0.9914734249187872,0.0,0.0,0.0,0.0,0.003472222222222222,195.90277777777774,196.0,1.0,0.448057515324445,1.0,0.7174750434027778,1.0208333333333333,0.33425564236111116,-0.04477719907407408,0.0,1.0,0.4740329669958981,0.5259670330041019,500000032.76104516,0.0,0.003472222222222222,0.003472222222222222,0.0012152777777777776,0.9914734249187872,0.9303385416666666,0.06966145833333334,0.8939922067990008,0.9221009326097036,chaotic,True,4,True,False,0.3125,1.0,0.0,0.0,False,False,0.01865905716252769,0.09912624117592835
q2_radius2,q2r2_s4_0034,S4_neighbor_dependent,2,2,e7919328fbad,"[1,1,1,0,1,0,1,1,0,1,1,1,1,1,0,1,0,1,0,1,1,0,1,1,0,0,0,0,0,0,1,0]",0.5264686667926021,0.5428466796875,0.9970321905732978,0.0,0.0,0.0,0.0,0.0,183.54166666666666,196.0,1.8333333333333333,1.3893306809783563,1.0,0.6593153211805556,1.0208333333333333,0.5168185763888888,-0.0067274305555555525,0.0,1.0,0.5264686667926021,0.4735313332073979,30.673534577590974,0.0,0.0,0.0,0.0,0.9970321905732978,0.5192057291666666,0.4807942708333333,0.5143635460477393,0.517586869947266,emitter_or_generator,True,4,True,False,0.5,0.9886994082884974,0.01130059171150255,0.0,False,False,0.16438054012019745,0.904092970661086
q2_radius2,q2r2_s4_0035,S4_neighbor_dependent,2,2,4818a1f41b87,"[1,1,0,1,1,0,0,1,1,1,0,1,0,1,0,0,0,0,1,0,1,1,0,1,1,0,1,0,0,0,0,1]",0.5210199877662637,0.4881320529513889,0.9943317943855495,0.0,0.0,0.0,0.0,0.0,131.76388888888889,178.66666666666666,1.1666666666666667,1.8468770228281113,1.0,0.5586208767361112,0.9305555555555555,0.5049370659722222,0.0030381944444444462,0.0,1.0,0.5210199877662637,0.4789800122337364,32.10987279227792,0.0,0.0,0.0,0.0,0.9943317943855495,0.5067274305555556,0.4932725694444444,0.49500930805031,0.5039148636461138,emitter_or_generator,True,4,True,False,0.375,1.0,0.0,0.0,False,False,0.13992993397299364,0.7521233951048408
q2_radius2,q2r2_s4_0037,S4_neighbor_dependent,2,2,b54fbea9c38c,"[1,0,0,0,1,1,0,1,0,1,1,1,0,1,0,0,1,0,1,0,0,1,1,1,0,0,0,0,0,0,0,0]",0.42595342747013526,0.36282009548611116,0.9821841631424237,0.0,0.0,0.0,0.0,0.0,94.59722222222221,132.66666666666666,1.1666666666666667,1.9486720946200728,1.0,0.6268853081597222,0.6909722222222222,0.4139675564236111,-0.014648437499999998,0.0,1.0,0.42595342747013526,0.5740465725298648,15.342033876608353,0.0,0.0,0.0,0.0,0.9821841631424237,0.3744303385416667,0.6255696614583333,0.5191691559135347,0.36760134258273447,emitter_or_generator,True,4,True,False,0.3125,0.9744894033980523,0.025510596601947655,0.0,True,True,0.16411388889748604,0.8718550347678946
q2_radius2,q2r2_s4_0038,S4_neighbor_dependent,2,2,642813de7d9c,"[0,1,1,0,0,0,0,0,0,1,1,0,0,1,0,1,0,0,0,0,0,1,0,0,0,0,0,1,0,1,0,1]",0.15079134170804548,0.12550184461805555,0.445729120905274,0.0,0.0,0.0,0.0,0.0,156.09722222222223,162.0,1.1666666666666667,0.4743991282200972,1.0,0.863498263888889,0.8437499999999999,0.17881944444444442,-0.0546875,0.0,1.0,0.15079134170804548,0.8492086582919546,263.5990979484346,0.0,0.0,0.3541666666666667,0.12395833333333332,0.445729120905274,0.21763780381944445,0.7823621961805557,0.7591198980352637,0.18380516227754073,transported_identity,True,4,True,False,0.375,0.8960382325345574,0.10396176746544261,0.0,True,True,0.11040654420191041,0.5934351750852684
q2_radius2,q2r2_s4_0042,S4_neighbor_dependent,2,2,4b1e214b5717,"[0,1,0,0,0,1,0,0,0,1,1,0,0,0,1,0,1,0,1,1,0,0,0,0,0,1,0,1,0,1,0,0]",0.21482639169994963,0.28447808159722227,0.7001102051150884,0.17013888888888887,0.17013888888888887,0.0,0.17013888888888887,0.40624999999999994,84.40277777777777,130.66666666666666,1.3333333333333333,0.6826472803701158,0.9895833333333334,0.788425021701389,0.6805555555555555,0.2312689887152778,-0.04741753472222222,0.5,0.829861111111111,0.21482639169994963,0.7851736083000503,166666675.07243532,0.17013888888888887,0.40624999999999994,0.19444444444444445,0.1786458333333333,0.7001102051150884,0.3257107204861111,0.674289279513889,0.6625040621573504,0.2667610918001828,transported_identity,True,4,True,False,0.125,0.9283620723948676,0.07163792760513243,0.0,True,True,0.10981300265132127,0.5627916385880215
q2_radius2,q2r2_s4_0043,S4_neighbor_dependent,2,2,562cc292116c,"[0,0,0,0,0,1,1,0,1,0,0,0,1,0,0,1,1,0,0,1,1,0,0,1,0,0,1,1,0,0,1,1]",0.2846434422450705,0.3594835069444444,0.8503598179554551,0.0,0.0,0.0,0.0,0.4236111111111111,173.0,185.33333333333334,1.0,0.9174150486016908,1.0,0.777370876736111,0.9652777777777777,0.24131944444444442,-0.046368634259259266,1.0,1.0,0.2846434422450705,0.7153565577549296,18.158500630664296,0.0,0.4236111111111111,0.003472222222222222,0.0012152777777777776,0.8503598179554551,0.4874403211805555,0.5125596788194444,0.7062310694044805,0.4146369160535357,transported_identity,True,4,True,False,0.3125,0.9744894033980523,0.025510596601947655,0.0,True,True,0.10967756597763124,0.582662069256166
q2_radius2,q2r2_s4_0040,S4_neighbor_dependent,2,2,c0a931754872,"[0,1,1,0,0,1,0,0,1,1,1,1,1,0,0,1,1,0,0,1,1,1,1,1,1,1,0,1,0,1,0,1]",0.6005504478581967,0.645263671875,0.8997619995367302,0.0,0.0,0.0,0.0,0.0,179.29166666666666,183.33333333333334,2.0,2.063275494429031,1.0,0.6342095269097222,0.954861111111111,0.42571343315972215,-0.006655092592592592,0.0,1.0,0.6005504478581967,0.39944955214180333,32.817179643798326,0.0,0.0,0.10069444444444443,0.03524305555555555,0.8997619995367302,0.4297688802083333,0.5702311197916666,0.35067580338294196,0.4066351470428391,emitter_or_generator,True,4,True,False,0.375,0.954434002924965,0.04556599707503495,0.0,True,True,0.15455741563178552,0.8307461090208471
q2_radius2,q2r2_s4_0044,S4_neighbor_dependent,2,2,fdd0edf1b971,"[0,0,0,0,0,1,0,1,0,0,0,0,0,1,0,1,1,1,1,1,1,0,0,1,1,0,0,1,1,1,0,0]",0.09198971376655152,0.09031846788194443,0.3413220728894865,0.0,0.0,0.0,0.0,0.0,108.77777777777777,150.66666666666666,1.1666666666666667,0.30965258683796915,0.9965277777777777,0.8792588975694443,0.7847222222222222,0.143310546875,-0.05635127314814814,0.0,1.0,0.09198971376655152,0.9080102862334485,333333394.2467579,0.0,0.0,0.4131944444444445,0.14461805555555554,0.3413220728894865,0.17371961805555555,0.8262803819444445,0.8472245086735133,0.12753241438633237,transported_identity,True,4,True,False,0.375,0.9886994082884974,0.01130059171150255,0.0,False,False,0.09403819937109935,0.505455321619659
q2_radius2,q2r2_s4_0041,S4_neighbor_dependent,2,2,159633d27152,"[1,0,1,0,0,0,0,0,1,1,1,1,1,1,1,1,0,1,0,1,1,0,1,1,1,0,1,1,1,0,1,0]",0.6301837365518854,0.6554497612847222,0.9405157508117066,0.0,0.0,0.0,0.0,0.0,195.95833333333334,196.0,1.6666666666666667,1.2035352673780608,1.0,0.7439236111111112,1.0208333333333333,0.2886555989583333,0.02003761574074074,0.0,1.0,0.6301837365518854,0.3698162634481146,166666714.82813224,0.0,0.0,0.0,0.0,0.9405157508117066,0.6775444878472222,0.32245551215277773,0.5613687429666386,0.641590818178032,chaotic,True,4,True,False,0.4375,0.954434002924965,0.04556599707503495,0.0,True,True,0.07696396893463135,0.418491581082058
q2_radius2,q2r2_s4_0045,S4_neighbor_dependent,2,2,7e426e281e6d,"[0,1,0,1,1,1,1,0,1,0,0,1,1,0,0,1,0,0,0,0,1,1,0,0,0,1,1,0,1,0,0,0]",0.37866323379929473,0.42898220486111116,0.9439990755566513,0.0,0.0,0.0,0.09722222222222222,0.09722222222222222,96.69444444444444,156.0,1.8333333333333333,1.4730649016783428,1.0,0.6090087890625001,0.8124999999999999,0.4274766710069444,-0.007306134259259259,0.16666666666666666,1.0,0.37866323379929473,0.6213367662007051,30.830877520668764,0.09722222222222222,0.09722222222222222,0.09375,0.09600694444444445,0.9439990755566513,0.5259060329861112,0.4740939670138889,0.6189616260102183,0.49907969376992395,emitter_or_generator,True,4,True,False,0.375,0.9886994082884974,0.01130059171150255,0.0,False,False,0.11788803006787045,0.6336481616148036
q2_radius2,q2r2_s4_0046,S4_neighbor_dependent,2,2,e166e8604fa0,"[0,0,1,1,0,0,0,0,0,1,0,0,1,1,1,0,1,0,0,0,0,1,1,1,0,0,1,1,1,1,1,0]",0.2635846618406376,0.2848714192708333,0.8116976453325192,0.0,0.0,0.0,0.0,0.16666666666666666,194.81944444444446,196.0,1.0,0.04515858826329348,1.0,0.782009548611111,1.0208333333333333,0.2547200520833333,-0.04539207175925925,0.6666666666666666,1.0,0.2635846618406376,0.7364153381593623,166666744.8319408,0.0,0.16666666666666666,0.16666666666666666,0.05833333333333333,0.8116976453325192,0.565673828125,0.434326171875,0.9890537437644092,0.4665417368949359,transported_identity,True,4,True,False,0.5,0.9971803988942642,0.0028196011057357584,0.0,False,False,0.10006284229037792,0.5503456325970786
q2_radius2,q2r2_s5_0001,S5_asymmetric_neighbor_dependent,2,2,39e3f836f72c,"[0,1,1,0,0,1,1,1,0,1,1,0,1,1,0,1,1,0,0,1,1,1,1,1,1,1,1,1,0,0,0,1]",0.7269414309873344,0.7915717230902777,0.7664591053865505,0.0,0.0,0.0,0.0,0.003472222222222222,195.93055555555557,196.0,4.333333333333333,2.040795475134727,1.0,0.8720431857638888,1.0208333333333333,0.14339192708333334,-0.04304108796296296,0.0,1.0,0.7269414309873344,0.2730585690126655,166666725.67612183,0.0,0.003472222222222222,0.03819444444444444,0.013368055555555555,0.7664591053865505,0.23410373263888892,0.7658962673611112,0.1710101573740307,0.2087057315189261,transported_identity,True,4,True,False,0.4375,0.9283620723948676,0.07163792760513243,0.0,True,True,0.0976238400887225,0.5308296304824286
q2_radius2,q2r2_s4_0048,S4_neighbor_dependent,2,2,b1b46e51031b,"[1,1,1,1,1,0,0,1,1,1,0,1,0,0,1,0,0,1,0,0,1,0,0,1,1,0,1,0,0,1,1,1]",0.7018515894861831,0.6280653211805556,0.8650576169835368,0.0,0.0,0.0,0.0,0.0,160.22222222222223,184.0,2.0,2.4955624958628833,1.0,0.6026340060763888,0.9583333333333334,0.4420437282986111,0.02448640046296296,0.0,1.0,0.7018515894861831,0.29814841051381696,27.18014369359096,0.0,0.0,0.0,0.0,0.8650576169835368,0.47379557291666674,0.5262044270833334,0.2794388506531313,0.40939433223587507,emitter_or_generator,True,4,True,False,0.3125,0.9886994082884974,0.01130059171150255,0.0,False,False,0.1573317880675615,0.8358251241089205
q2_radius2,q2r2_s4_0049,S4_neighbor_dependent,2,2,22cd86113075,"[1,0,0,1,0,0,1,0,0,1,1,0,0,0,0,0,1,0,1,1,0,0,1,0,1,0,0,0,0,0,0,1]",0.5053302630927965,0.4623887803819445,0.9937866419752126,0.0,0.0,0.0,0.0,0.0,194.4722222222222,196.0,1.0,1.0376379513409903,1.0,0.6009657118055556,1.0208333333333333,0.4599880642361111,0.007957175925925925,0.0,1.0,0.5053302630927965,0.49466973690720356,34.028915752995374,0.0,0.0,0.0,0.0,0.9937866419752126,0.6509331597222222,0.34906684027777785,0.6470863863364028,0.6468777309442597,chaotic,True,4,True,False,0.25,0.9283620723948676,0.07163792760513243,0.0,True,True,0.0976160799169558,0.5124844195640179
q2_radius2,q2r2_s5_0000,S5_asymmetric_neighbor_dependent,2,2,6c1926374662,"[0,1,1,1,0,1,0,1,1,0,1,1,0,0,1,0,0,0,1,0,0,0,1,0,1,1,1,1,0,1,0,0]",0.4867147161278426,0.5466172960069444,0.9859361514288946,0.0,0.0,0.0,0.0,0.0,195.69444444444443,196.0,1.0,0.9096271030878462,1.0,0.7403700086805555,1.0208333333333333,0.3022732204861111,-0.013671875,0.0,1.0,0.4867147161278426,0.5132852838721574,166666813.8178933,0.0,0.0,0.0,0.0,0.9859361514288946,0.7852918836805557,0.21470811631944445,0.7196458739584378,0.775486855284643,chaotic,True,4,True,False,0.4375,1.0,0.0,0.0,False,False,0.050244700742264614,0.27320556028606385
q2_radius2,q2r2_s5_0003,S5_asymmetric_neighbor_dependent,2,2,bd844bb0b329,"[0,0,1,0,1,0,1,0,0,0,1,0,0,0,1,1,0,0,0,1,0,1,0,0,0,1,0,0,0,1,1,1]",0.12181014882879966,0.06089952256944444,0.4221577433548703,0.0,0.0,0.0,0.0,0.3506944444444444,169.52777777777777,196.0,1.1666666666666667,0.7833607218692872,1.0,0.8694525824652777,1.0208333333333333,0.14478895399305555,-0.05758101851851852,0.3333333333333333,1.0,0.12181014882879966,0.8781898511712004,166666881.9777608,0.0,0.3506944444444444,0.3645833333333333,0.12760416666666666,0.4221577433548703,0.08349609375,0.91650390625,0.6440020289351345,0.05552501965635243,transported_identity,True,4,True,False,0.1875,0.954434002924965,0.04556599707503495,0.0,True,True,0.10372546078045423,0.5380758277986063
q2_radius2,q2r2_s4_0047,S4_neighbor_dependent,2,2,aac3fee4e65d,"[0,1,1,0,0,1,0,0,1,1,1,1,1,0,0,1,1,1,1,0,0,0,1,1,0,0,1,1,1,0,1,0]",0.5324558045030944,0.5802815755208334,0.988467970927867,0.003472222222222222,0.003472222222222222,0.0,0.003472222222222222,0.003472222222222222,195.1111111111111,196.0,1.0,1.291722241330093,0.9965277777777778,0.6899820963541666,1.0208333333333333,0.37628851996527773,-0.004376446759259259,0.0,0.9965277777777778,0.5324558045030944,0.4675441954969057,133.38254678373997,0.003472222222222222,0.003472222222222222,0.003472222222222222,0.003472222222222222,0.988467970927867,0.827880859375,0.17211914062499997,0.6499533822663603,0.8188445753185757,chaotic,True,4,True,False,0.3125,0.9886994082884974,0.01130059171150255,0.0,False,False,0.046870495316622844,0.24899950636955887
q2_radius2,q2r2_s5_0005,S5_asymmetric_neighbor_dependent,2,2,8e721d091f1e,"[0,0,0,0,0,0,1,1,0,1,1,0,0,1,1,1,1,0,1,1,0,1,0,0,0,1,0,1,1,0,1,0]",0.16538552573582327,0.1863335503472222,0.5177235052505879,0.0,0.0,0.0,0.0,0.0,97.40277777777777,134.0,1.1666666666666667,1.3367951265773852,1.0,0.7746717664930555,0.6979166666666666,0.25090874565972227,-0.029007523148148143,0.0,1.0,0.16538552573582327,0.8346144742641767,166666765.54444185,0.0,0.0,0.17361111111111113,0.06076388888888889,0.5177235052505879,0.20255533854166666,0.7974446614583334,0.6689886130830454,0.16458981071225454,transported_identity,True,4,True,False,0.1875,0.9971803988942642,0.0028196011057357584,0.0,False,False,0.1525134260012507,0.791163397381488
q2_radius2,q2r2_s5_0002,S5_asymmetric_neighbor_dependent,2,2,d64bedb957d4,"[0,0,0,1,1,0,1,1,1,1,0,1,1,1,1,1,1,1,0,0,0,1,1,1,0,1,0,0,0,0,1,0]",0.5817242821675302,0.6661376953125,0.969135306686768,0.0,0.0,0.0,0.0,0.0,195.91666666666666,196.0,2.6666666666666665,1.4246928029505517,1.0,0.7140570746527778,1.0208333333333333,0.4241536458333333,0.004991319444444443,0.0,1.0,0.5817242821675302,0.4182757178324698,167.31155890757702,0.0,0.0,0.0,0.0,0.969135306686768,0.5426703559027778,0.45732964409722215,0.42923432821007595,0.5246281841474839,localized_persistence,True,4,True,False,0.5,0.9886994082884974,0.01130059171150255,0.0,False,False,0.143975819819217,0.7918670090056935
q2_radius2,q2r2_s5_0004,S5_asymmetric_neighbor_dependent,2,2,a19a60332c21,"[0,1,0,0,0,0,1,1,1,0,1,1,1,1,0,1,1,1,1,0,0,1,0,0,1,1,0,0,0,0,1,1]",0.4873455181572035,0.4977620442708333,0.9698201178852884,0.0,0.0,0.0,0.0,0.0,172.58333333333334,196.0,2.0,1.820734262678813,1.0,0.5533582899305556,1.0208333333333333,0.49020724826388884,-0.030309606481481486,0.0,1.0,0.4873455181572035,0.5126544818427965,32.78311610320355,0.0,0.0,0.0,0.0,0.9698201178852884,0.5020616319444444,0.4979383680555555,0.4697392998364269,0.48678582904419887,emitter_or_generator,True,4,True,False,0.4375,0.9971803988942642,0.0028196011057357584,0.0,False,False,0.13921460155123488,0.7569793959348396
q2_radius2,q2r2_s5_0008,S5_asymmetric_neighbor_dependent,2,2,b9c60d6a5ebb,"[0,0,0,1,0,0,1,1,1,1,0,0,1,0,0,0,0,0,1,0,1,0,1,0,1,1,0,0,1,0,0,1]",0.1992633053126799,0.18546549479166663,0.5806292826645253,0.22569444444444445,0.22569444444444445,0.0,0.22569444444444445,0.20138888888888887,112.52777777777777,150.66666666666666,1.8333333333333333,1.2263552387763668,1.0,0.7781168619791666,0.7847222222222222,0.2484673394097222,-0.04991319444444444,0.16666666666666666,0.7743055555555557,0.1992633053126799,0.8007366946873201,166666678.43556425,0.22569444444444445,0.20138888888888887,0.2604166666666667,0.2378472222222222,0.5806292826645253,0.1596950954861111,0.8403049045138888,0.5502892156986371,0.1412333646232827,transported_identity,True,4,True,False,0.25,0.9744894033980523,0.025510596601947655,0.0,True,True,0.12654102152519084,0.6643403630072519
q2_radius2,q2r2_s5_0007,S5_asymmetric_neighbor_dependent,2,2,1ed38f7f8b63,"[0,0,0,1,0,1,1,0,0,0,1,1,0,1,1,0,1,0,1,1,1,1,0,1,1,1,0,1,0,0,0,0]",0.19586641951820663,0.19788953993055555,0.5331408505718999,0.0,0.0,0.0,0.0,0.0,115.06944444444444,146.0,1.0,1.3156505201253534,1.0,0.7778862847222223,0.7604166666666665,0.24416775173611113,-0.04918981481481482,0.0,1.0,0.19586641951820663,0.8041335804817932,166666720.2569516,0.0,0.0,0.16666666666666666,0.05833333333333333,0.5331408505718999,0.21343315972222224,0.7865668402777778,0.6550323931438922,0.18321236384336828,transported_identity,True,4,True,False,0.375,1.0,0.0,0.0,False,False,0.1460867310846269,0.7852161795798696
q2_radius2,q2r2_s5_0009,S5_asymmetric_neighbor_dependent,2,2,bc862058bd7d,"[0,0,1,1,0,0,0,0,1,0,0,1,0,1,1,0,0,0,0,0,0,0,1,0,0,0,0,0,1,1,0,1]",0.1176894851710924,0.10412597656249999,0.46796137676338273,0.4826388888888889,0.4826388888888889,0.0,0.4826388888888889,0.44097222222222227,92.33333333333333,130.66666666666666,1.0,0.07571780703731328,0.9236111111111112,0.8274739583333334,0.6805555555555557,0.18332248263888887,-0.05678530092592592,0.3333333333333333,0.517361111111111,0.1176894851710924,0.8823105148289075,18.11465553876774,0.4826388888888889,0.44097222222222227,0.24305555555555555,0.3987847222222222,0.46796137676338273,0.20817057291666663,0.7918294270833334,0.7770531815575635,0.1465690183441458,transported_identity,True,4,True,False,0.25,0.8960382325345574,0.10396176746544261,0.0,True,True,0.07783384367718342,0.40862767930521293
q2_radius2,q2r2_s5_0006,S5_asymmetric_neighbor_dependent,2,2,2efde6879ef2,"[0,0,1,0,1,1,0,1,1,1,0,0,0,1,0,1,1,1,0,1,0,1,0,1,0,0,1,0,1,1,0,0]",0.41673307797657605,0.519626193576389,0.931069104395791,0.0,0.0,0.0,0.0,0.0,161.45833333333334,170.66666666666666,1.0,0.7053077377874019,1.0,0.6933186848958334,0.8888888888888888,0.3411593967013889,-0.015588831018518517,0.0,1.0,0.41673307797657605,0.583266922023424,36.53302352988283,0.0,0.0,0.0,0.0,0.931069104395791,0.8323567708333334,0.16764322916666666,0.7884120291581995,0.7758272262789762,chaotic,True,4,True,False,0.4375,1.0,0.0,0.0,False,False,0.05302407582004993,0.2883184122715215
q2_radius2,q2r2_s5_0011,S5_asymmetric_neighbor_dependent,2,2,0e5c68faf4e8,"[0,0,0,1,0,1,0,0,1,0,0,0,1,1,1,1,0,1,0,1,0,1,1,1,1,0,0,1,1,1,1,1]",0.4524599733061672,0.5760091145833333,0.7616593568323732,0.0,0.0,0.0,0.40625,0.6354166666666666,182.81944444444443,184.66666666666666,1.0,1.2315223667978217,1.0,0.8712293836805557,0.9618055555555554,0.12877061631944445,-0.04651331018518518,0.5,1.0,0.4524599733061672,0.5475400266938328,166666696.7626547,0.40625,0.6354166666666666,0.5833333333333334,0.4682291666666667,0.7616593568323732,0.3217502170138889,0.6782497829861112,0.4762910364859915,0.2925068572809229,transported_identity,True,4,True,False,0.3125,0.9886994082884974,0.01130059171150255,0.0,False,False,0.042208122749333346,0.2242306521058334
q2_radius2,q2r2_s5_0010,S5_asymmetric_neighbor_dependent,2,2,fc4a8bdfa41d,"[0,1,1,0,1,1,0,0,0,1,0,0,1,0,1,1,0,1,0,1,0,0,1,0,1,1,0,1,0,0,1,1]",0.3152792957505757,0.4466417100694445,0.8762057684739176,0.0,0.0,0.0,0.0,0.0,117.47222222222223,158.66666666666666,1.0,1.444846602717601,1.0,0.631130642361111,0.8263888888888888,0.3968641493055555,-0.006365740740740741,0.0,1.0,0.3152792957505757,0.6847207042494242,14.480209680372775,0.0,0.0,0.0,0.0,0.8762057684739176,0.41460503472222215,0.5853949652777778,0.47952720606747556,0.36416803273127424,emitter_or_generator,True,4,True,False,0.4375,1.0,0.0,0.0,False,False,0.15925882012272846,0.865969834417336
q2_radius2,q2r2_s5_0012,S5_asymmetric_neighbor_dependent,2,2,db32b09fc92e,"[0,0,0,1,1,1,0,1,0,0,0,1,0,0,0,0,1,0,1,0,0,1,1,0,0,1,1,1,1,1,0,1]",0.2967267868226468,0.3370768229166667,0.838862974414314,0.0,0.0,0.0,0.34027777777777773,0.3576388888888889,159.66666666666666,193.33333333333334,1.0,0.8149625684026627,1.0,0.7326795789930555,1.0069444444444444,0.2961561414930555,-0.03602430555555555,0.3333333333333333,1.0,0.2967267868226468,0.7032732131773534,333333353.2968894,0.34027777777777773,0.3576388888888889,0.0,0.22118055555555557,0.838862974414314,0.5173882378472222,0.48261176215277773,0.808291760506036,0.43587772288839705,transported_identity,True,4,True,False,0.4375,0.9971803988942642,0.0028196011057357584,0.0,False,False,0.09533335266970014,0.5183751051414945
q2_radius2,q2r2_s5_0013,S5_asymmetric_neighbor_dependent,2,2,fd3d7f509dc6,"[0,0,0,0,0,0,0,0,1,1,1,1,1,0,1,1,1,0,1,1,1,1,0,0,0,0,0,0,0,0,0,0]",0.16879344494368884,0.225830078125,0.618481176857684,0.0,0.0,0.0,0.0,0.0,144.01388888888889,147.33333333333334,1.0,0.43064276623663217,1.0,0.7411566840277777,0.767361111111111,0.2861056857638889,0.046079282407407406,0.0,1.0,0.16879344494368884,0.831206555056311,50.69686137565045,0.0,0.0,0.0,0.0,0.618481176857684,0.4052463107638889,0.5947536892361112,0.8959751591023871,0.2546562891294614,transported_identity,True,4,True,False,0.4375,0.954434002924965,0.04556599707503495,0.0,True,True,0.15804949389494935,0.859394123053787
q2_radius2,q2r2_s5_0014,S5_asymmetric_neighbor_dependent,2,2,df436b8086b1,"[0,0,0,0,0,0,0,0,1,1,1,0,0,0,1,0,1,0,1,1,0,1,1,1,0,1,1,0,0,1,1,1]",0.27012213496689697,0.2597384982638889,0.3605359593167657,0.0,0.0,0.0,0.0,0.0,151.125,162.0,1.1666666666666667,0.6027848878964247,1.0,0.8771158854166666,0.8437499999999999,0.1449924045138889,-0.05660445601851851,0.0,1.0,0.27012213496689697,0.729877865033103,274.69168974496023,0.0,0.0,0.34027777777777773,0.1190972222222222,0.3605359593167657,0.1469184027777778,0.8530815972222223,0.6309490532633548,0.1198555310659548,transported_identity,True,4,True,False,0.3125,0.9971803988942642,0.0028196011057357584,0.0,False,False,0.09860164768005693,0.5238212533003024
q2_radius2,q2r2_s5_0016,S5_asymmetric_neighbor_dependent,2,2,800d3881f554,"[0,1,1,1,1,1,0,0,0,0,1,1,1,0,1,1,1,1,0,1,1,0,1,1,1,0,1,1,0,1,0,0]",0.5508673387350677,0.6064588758680556,0.9870484575728584,0.0,0.0,0.0,0.0,0.0,165.50000000000003,191.33333333333334,1.8333333333333333,2.2186795488811524,1.0,0.5967881944444444,0.9965277777777777,0.45046657986111116,-0.01197193287037037,0.0,1.0,0.5508673387350677,0.4491326612649324,28.750018783076523,0.0,0.0,0.0,0.0,0.9870484575728584,0.5078125,0.4921875,0.4477405372431172,0.5015102023795016,emitter_or_generator,True,4,True,False,0.3125,0.954434002924965,0.04556599707503495,0.0,True,True,0.1340105759834742,0.7119311849122067
q2_radius2,q2r2_s5_0020,S5_asymmetric_neighbor_dependent,2,2,e3d497afcd01,"[0,0,1,0,0,1,0,0,0,1,0,1,1,0,1,0,0,0,0,1,1,1,1,1,1,0,0,1,0,0,0,1]",0.06469157322700776,0.028659396701388885,0.2858276567851401,0.0,0.0,0.0,0.0,0.0,141.47222222222223,167.33333333333334,1.1666666666666667,0.3482807185264513,1.0,0.928927951388889,0.8715277777777777,0.07736545138888888,-0.04864728009259259,0.0,1.0,0.06469157322700776,0.9353084267729922,333333432.21471894,0.0,0.0,0.4756944444444444,0.16649305555555555,0.2858276567851401,0.05517578125,0.94482421875,0.8451565207251749,0.02149178000553852,emitter_or_generator,True,4,True,False,0.5,0.9886994082884974,0.01130059171150255,0.0,False,False,0.058614193756865746,0.3223780656627616
q2_radius2,q2r2_s5_0017,S5_asymmetric_neighbor_dependent,2,2,79049b00d214,"[0,0,0,1,0,1,1,1,1,0,1,1,1,0,1,0,1,0,1,1,1,1,0,0,1,1,0,0,0,1,1,0]",0.46125880424222804,0.537841796875,0.9885655001704756,0.0,0.0,0.0,0.0,0.0,125.93055555555556,177.33333333333334,2.0,2.3398043132179547,1.0,0.5618489583333334,0.923611111111111,0.4948459201388889,0.009367766203703705,0.0,1.0,0.46125880424222804,0.538741195757772,29.09716327564908,0.0,0.0,0.0,0.0,0.9885655001704756,0.41891818576388884,0.581081814236111,0.3894261629639116,0.41409046239488556,emitter_or_generator,True,4,True,False,0.4375,0.9886994082884974,0.01130059171150255,0.0,False,False,0.16289964641374177,0.8857668273747209
q2_radius2,q2r2_s5_0022,S5_asymmetric_neighbor_dependent,2,2,3dbdd00c1f80,"[0,0,0,0,1,0,0,0,0,0,0,0,0,1,1,0,1,0,0,0,0,0,0,0,1,0,0,1,1,1,1,1]",0.07140797036917097,0.07081434461805555,0.2860895429468627,0.09722222222222222,0.09722222222222222,0.0,0.09722222222222222,0.09722222222222222,124.29166666666669,150.66666666666666,1.1666666666666667,0.5106129150579689,0.9027777777777778,0.8988444010416665,0.7847222222222222,0.11368815104166664,-0.05989583333333332,0.16666666666666666,0.9027777777777778,0.07140797036917097,0.928592029630829,166666805.64182946,0.09722222222222222,0.09722222222222222,0.5243055555555556,0.2467013888888889,0.2860895429468627,0.10411241319444442,0.8958875868055555,0.6955945702388098,0.06900224165446155,transported_identity,True,4,True,False,0.375,0.8960382325345574,0.10396176746544261,0.0,True,True,0.07166638906401913,0.38520684121910287
q2_radius2,q2r2_s5_0015,S5_asymmetric_neighbor_dependent,2,2,f347b97b0e5f,"[0,1,1,0,1,0,0,1,0,1,1,1,1,1,1,0,1,0,0,1,1,0,0,0,1,0,0,0,1,1,1,1]",0.45999410801669544,0.5047064887152778,0.9889314665619539,0.0,0.0,0.0,0.0,0.0,195.08333333333334,196.0,1.0,1.0909857975435062,1.0,0.6349283854166666,1.0208333333333333,0.4328884548611111,-0.006329571759259259,0.0,1.0,0.45999410801669544,0.5400058919833045,79.11894125313935,0.0,0.0,0.0,0.0,0.9889314665619539,0.7164171006944445,0.2835828993055556,0.7296016499544994,0.708381495625248,chaotic,True,4,True,False,0.625,0.9886994082884974,0.01130059171150255,0.0,False,False,0.08015226969039331,0.45085651700846235
q2_radius2,q2r2_s5_0018,S5_asymmetric_neighbor_dependent,2,2,054b2b71caaf,"[0,1,1,1,0,1,1,1,0,0,0,0,1,0,1,0,0,1,0,1,1,1,0,1,0,1,1,1,1,0,0,1]",0.4446769894439047,0.562160915798611,0.9555123868235104,0.0,0.0,0.0,0.08333333333333333,0.08333333333333333,141.98611111111111,164.0,1.8333333333333333,1.724787773987415,1.0,0.5927327473958334,0.8541666666666665,0.4548746744791667,-0.035590277777777776,0.08333333333333333,1.0,0.4446769894439047,0.5553230105560952,30.905224825062167,0.08333333333333333,0.08333333333333333,0.08333333333333333,0.08333333333333333,0.9555123868235104,0.5895182291666666,0.4104817708333333,0.553343861261417,0.5651358126602503,emitter_or_generator,True,4,True,False,0.3125,0.9886994082884974,0.01130059171150255,0.0,False,False,0.10747705610030009,0.5709718605328442
q2_radius2,q2r2_s5_0021,S5_asymmetric_neighbor_dependent,2,2,61f93b204fea,"[0,1,1,0,1,1,0,1,0,1,1,0,0,0,0,1,0,0,1,0,1,1,1,1,0,0,0,0,1,0,0,0]",0.27247288450813184,0.3320719401041667,0.8116282372489696,0.08680555555555557,0.08680555555555557,0.0,0.08680555555555557,0.08680555555555557,96.72222222222223,148.0,1.0,1.8430303493556035,0.9131944444444445,0.6615939670138888,0.7708333333333334,0.41997612847222227,-0.01779513888888889,0.16666666666666666,0.9131944444444445,0.27247288450813184,0.7275271154918682,33.448408313932454,0.08680555555555557,0.08680555555555557,0.08680555555555557,0.08680555555555557,0.8116282372489696,0.3299967447916667,0.6700032552083334,0.46852665397712606,0.27871118477028195,emitter_or_generator,True,4,True,False,0.3125,0.9886994082884974,0.01130059171150255,0.0,False,False,0.18301580672151638,0.9722714732080557
q2_radius2,q2r2_s5_0019,S5_asymmetric_neighbor_dependent,2,2,5466ab498961,"[0,0,1,1,1,1,1,1,0,0,1,1,0,0,1,0,1,0,1,0,1,0,0,0,0,1,0,1,0,0,1,0]",0.47019228498758636,0.5297037760416666,0.9872264894175474,0.0,0.0,0.0,0.0,0.0,195.8888888888889,196.0,1.3333333333333333,1.3044383980643002,1.0,0.6000162760416666,1.0208333333333333,0.48486328125,-0.014250578703703705,0.0,1.0,0.47019228498758636,0.5298077150124136,11.233742483757586,0.0,0.0,0.0,0.0,0.9872264894175474,0.6721733940972222,0.32782660590277773,0.6496374395559111,0.6635375762283888,chaotic,True,4,True,False,0.5625,0.9971803988942642,0.0028196011057357584,0.0,False,False,0.09788562012969702,0.5444887619714397
q2_radius2,q2r2_s5_0025,S5_asymmetric_neighbor_dependent,2,2,dd8d223e7f4e,"[0,1,1,1,1,1,0,1,0,0,0,1,0,1,0,1,0,1,0,1,1,0,0,0,0,0,1,1,1,1,1,0]",0.33454363553360683,0.40509711371527785,0.8100954188812945,0.0,0.0,0.0,0.0,0.5277777777777778,156.95833333333334,173.33333333333334,2.0,1.212024402607294,1.0,0.7908935546875,0.9027777777777777,0.4226481119791667,-0.015335648148148149,2.5,1.0,0.33454363553360683,0.6654563644663932,166666869.43705007,0.0,0.5277777777777778,0.16666666666666666,0.05833333333333333,0.8100954188812945,0.3807237413194445,0.6192762586805557,0.479685217249274,0.36534097812221256,transported_identity,True,4,True,False,0.375,0.9971803988942642,0.0028196011057357584,0.0,False,False,0.199772003471565,1.073774518659662
q2_radius2,q2r2_s5_0024,S5_asymmetric_neighbor_dependent,2,2,df097dea2f05,"[0,1,1,0,1,1,0,0,1,0,1,0,1,0,0,0,1,1,0,0,0,1,0,1,1,1,0,0,1,0,1,1]",0.6233067575651267,0.6808403862847223,0.8457474138449431,0.0,0.0,0.0,0.0,0.17361111111111113,172.16666666666666,196.0,3.6666666666666665,1.690018453738652,0.90625,0.746242947048611,1.0208333333333333,0.2763807508680555,-0.048032407407407406,0.6666666666666666,1.0,0.6233067575651267,0.3766932424348733,166666710.35619923,0.0,0.17361111111111113,0.18055555555555555,0.06319444444444444,0.8457474138449431,0.2934027777777778,0.7065972222222223,0.23704620153326772,0.28763651080252056,transported_identity,True,4,True,False,0.4375,1.0,0.0,0.0,False,False,0.13763824992681722,0.7484079839770686
q2_radius2,q2r2_s5_0023,S5_asymmetric_neighbor_dependent,2,2,73d855661610,"[0,1,0,0,0,1,1,1,1,1,1,1,0,0,0,1,0,1,1,1,1,1,1,0,1,0,0,1,1,0,0,1]",0.5743996417584197,0.6322021484375,0.9187673404434836,0.0,0.0,0.09722222222222222,0.09722222222222222,0.09722222222222222,164.09722222222223,184.66666666666666,2.0,2.1180843756563057,0.9027777777777778,0.6191270616319444,0.9618055555555554,0.4383544921875,0.001989293981481483,0.16666666666666666,0.9027777777777778,0.5743996417584197,0.4256003582415803,45.04561068017853,0.09722222222222222,0.09722222222222222,0.09722222222222222,0.09722222222222222,0.9187673404434836,0.45868598090277785,0.5413140190972222,0.393642506111822,0.43865367628330204,emitter_or_generator,True,4,True,False,0.5,0.9744894033980523,0.025510596601947655,0.0,True,True,0.13753619069638842,0.7564490488301363
q2_radius2,q2r2_s5_0026,S5_asymmetric_neighbor_dependent,2,2,fabfdfdf41f6,"[0,1,1,0,0,1,1,0,0,0,0,1,0,1,1,1,0,1,0,1,0,1,1,0,0,0,0,1,1,0,0,1]",0.3038889479211644,0.3918321397569444,0.8258771792061254,0.0,0.0,0.0,0.0,0.0,146.77777777777777,154.66666666666666,1.8333333333333333,1.287742267194601,1.0,0.5872938368055555,0.8055555555555555,0.46321614583333326,-0.021448206018518517,0.0,1.0,0.3038889479211644,0.6961110520788356,36.817678426813764,0.0,0.0,0.0,0.0,0.8258771792061254,0.4589029947916667,0.5410970052083334,0.6044855677885231,0.3874187018788127,emitter_or_generator,True,4,True,False,0.5,0.9971803988942642,0.0028196011057357584,0.0,False,False,0.16664905904357194,0.9165698247396457
q2_radius2,q2r2_s5_0028,S5_asymmetric_neighbor_dependent,2,2,0fbe63f48ae1,"[0,0,1,1,1,0,1,1,0,1,1,1,1,1,1,1,0,1,0,0,0,0,0,0,1,1,0,1,1,1,1,1]",0.6695390085276339,0.8260498046875,0.872986781125959,0.0,0.0,0.03819444444444444,0.03819444444444444,0.03819444444444444,133.0,142.0,11.333333333333334,2.179828635708598,0.9930555555555555,0.784884982638889,0.7395833333333331,0.22604709201388887,-0.057400173611111105,0.0,0.9618055555555555,0.6695390085276339,0.33046099147236613,500000008.442378,0.03819444444444444,0.03819444444444444,0.0,0.024826388888888887,0.872986781125959,0.310302734375,0.689697265625,0.2882435843360524,0.2813819648370305,transported_identity,True,4,True,False,0.375,0.954434002924965,0.04556599707503495,0.0,True,True,0.12433259471226189,0.6682876965784077
q2_radius2,q2r2_s5_0027,S5_asymmetric_neighbor_dependent,2,2,ba02dfeb89d1,"[0,1,1,1,1,0,0,1,1,1,1,0,0,1,0,0,1,1,0,1,1,0,1,0,0,0,1,0,1,0,0,0]",0.41928278034146516,0.44304741753472215,0.9768749731472419,0.0,0.0,0.0,0.0,0.0,82.15277777777779,124.0,1.8333333333333333,2.1228905296057756,1.0,0.5603976779513888,0.6458333333333334,0.5056559244791666,-0.0062210648148148156,0.0,1.0,0.41928278034146516,0.5807172196585348,26.807335997728966,0.0,0.0,0.0,0.0,0.9768749731472419,0.3844129774305555,0.6155870225694444,0.46794701032576497,0.37551152805131643,emitter_or_generator,True,4,True,False,0.3125,1.0,0.0,0.0,False,False,0.17696030281181976,0.9401016086877925
q2_radius2,q2r2_s5_0029,S5_asymmetric_neighbor_dependent,2,2,2f9981909c5d,"[0,1,1,1,0,1,0,1,0,0,1,1,1,1,0,1,1,1,0,0,1,1,0,1,1,1,1,0,1,0,0,0]",0.5182591747400331,0.5811631944444444,0.9951062277426302,0.0,0.0,0.0,0.0,0.0,194.86111111111111,196.0,2.0,2.0247757679308243,1.0,0.5963541666666666,1.0208333333333333,0.4752061631944444,0.017939814814814815,0.0,1.0,0.5182591747400331,0.48174082525996686,19.056053052773564,0.0,0.0,0.0,0.0,0.9951062277426302,0.37795681423611116,0.622043185763889,0.3615339300111855,0.3760375414121964,emitter_or_generator,True,4,True,False,0.375,0.9744894033980523,0.025510596601947655,0.0,True,True,0.17682545457380236,0.9504368183341877
q2_radius2,q2r2_s5_0031,S5_asymmetric_neighbor_dependent,2,2,21793d98d9c5,"[0,0,0,0,1,0,1,0,1,1,1,1,1,1,0,0,1,1,1,1,1,0,1,0,1,0,0,1,0,1,0,1]",0.2369191505199338,0.18910047743055558,0.5868273311019865,0.0,0.0,0.0,0.0,0.0,155.12500000000003,161.33333333333334,1.8333333333333333,1.1794802313642463,1.0,0.7966851128472222,0.8402777777777777,0.237548828125,-0.05334924768518518,0.0,1.0,0.2369191505199338,0.7630808494800662,91.37709258776255,0.0,0.0,0.3333333333333333,0.11666666666666665,0.5868273311019865,0.18424479166666666,0.8157552083333331,0.5409587452928646,0.16998454985910158,transported_identity,True,4,True,False,0.4375,0.9886994082884974,0.01130059171150255,0.0,False,False,0.1387555585229057,0.7544833494682996
q2_radius2,q2r2_s5_0030,S5_asymmetric_neighbor_dependent,2,2,dd9f1528f99f,"[0,1,0,0,0,0,0,1,0,1,0,1,1,1,0,0,1,1,0,0,1,1,1,0,0,1,1,0,0,1,1,1]",0.33480921049672574,0.3355577256944444,0.8834841181019645,0.0,0.0,0.0,0.0,0.16666666666666666,195.125,196.0,1.0,0.7089000581423223,1.0,0.693576388888889,1.0208333333333333,0.3474392361111111,-0.03110532407407407,0.3333333333333333,1.0,0.33480921049672574,0.6651907895032743,333333354.965599,0.0,0.16666666666666666,0.17013888888888887,0.0595486111111111,0.8834841181019645,0.5514322916666667,0.4485677083333333,0.8227517718928512,0.4907442818590142,emitter_or_generator,True,4,True,False,0.4375,1.0,0.0,0.0,False,False,0.11541052803250436,0.6275447461767425
q2_radius2,q2r2_s5_0032,S5_asymmetric_neighbor_dependent,2,2,2e7b3c95d876,"[0,0,0,0,1,1,0,1,0,0,0,1,0,1,0,0,1,0,1,0,1,0,1,0,0,0,0,0,1,0,0,1]",0.22568706541001005,0.2736545138888889,0.7516755858575381,0.003472222222222222,0.003472222222222222,0.0,0.37152777777777773,0.37152777777777773,171.3611111111111,184.66666666666666,1.0,0.29229581691779977,0.9965277777777778,0.7989637586805555,0.9618055555555554,0.2583279079861111,-0.039243344907407406,0.3333333333333333,0.9965277777777778,0.22568706541001005,0.77431293458999,333333444.7288769,0.37152777777777773,0.37152777777777773,0.003472222222222222,0.24270833333333333,0.7516755858575381,0.5147840711805556,0.4852159288194445,0.9293702411454209,0.3893331397744754,transported_identity,True,4,True,False,0.1875,0.9283620723948676,0.07163792760513243,0.0,True,True,0.09544780314575746,0.4951354788186168
q2_radius2,q2r2_s5_0035,S5_asymmetric_neighbor_dependent,2,2,95f51a60782b,"[0,0,1,0,1,1,1,0,1,0,1,0,0,0,1,1,0,1,1,0,1,1,0,1,0,0,0,1,0,0,0,1]",0.10932144929296202,0.06130642361111111,0.4118431797927962,0.0,0.0,0.0,0.0,0.7951388888888888,172.7361111111111,182.0,1.6666666666666667,1.1112420863331134,1.0,0.9757758246527778,0.9479166666666665,0.024305555555555552,-0.00318287037037037,1.6666666666666667,1.0,0.10932144929296202,0.8906785507070379,138.76039292010103,0.0,0.7951388888888888,0.7222222222222222,0.25277777777777777,0.4118431797927962,0.05604383680555556,0.9439561631944443,0.5076992497287564,0.036922659560971405,emitter_or_generator,True,4,True,False,0.25,0.9971803988942642,0.0028196011057357584,0.0,False,False,0.017067367906753974,0.08960368151045836
q2_radius2,q2r2_s5_0036,S5_asymmetric_neighbor_dependent,2,2,2e7052734ce8,"[0,0,0,0,0,1,0,0,0,0,1,1,0,0,1,1,1,0,0,0,1,1,0,1,0,1,1,1,1,1,1,1]",0.46928845868415375,0.546359592013889,0.4389320230828965,0.0,0.0,0.0,0.0,0.0,159.79166666666669,162.0,1.8333333333333333,1.681607504049607,1.0,0.8182779947916666,0.8437499999999999,0.19498697916666666,-0.036168981481481476,0.0,1.0,0.46928845868415375,0.5307115413158464,500000009.60582274,0.0,0.0,0.3576388888888889,0.1251736111111111,0.4389320230828965,0.0419921875,0.9580078125,0.4208767775777209,0.028963328695231674,transported_identity,True,4,True,False,0.1875,1.0,0.0,0.0,False,False,0.13553891027122875,0.7031080970319992
q2_radius2,q2r2_s5_0038,S5_asymmetric_neighbor_dependent,2,2,f2ac5dad0853,"[0,1,0,1,0,1,0,0,0,0,1,1,0,0,1,0,1,1,1,0,1,0,1,1,1,0,1,0,1,1,1,1]",0.39976024462974963,0.4156087239583333,0.8105474953540007,0.17361111111111113,0.17361111111111113,0.0,0.17361111111111113,0.34027777777777773,168.25,174.0,1.6666666666666667,1.2736287617780941,0.9965277777777778,0.7512885199652777,0.90625,0.2859022352430556,-0.029875578703703696,0.5,0.826388888888889,0.39976024462974963,0.6002397553702505,166666684.36324582,0.17361111111111113,0.34027777777777773,0.34027777777777773,0.23194444444444448,0.8105474953540007,0.4439561631944444,0.5560438368055556,0.536031163724796,0.41659630124198627,transported_identity,True,4,True,False,0.25,0.9886994082884974,0.01130059171150255,0.0,False,False,0.09624675954753929,0.5052954876245813
q2_radius2,q2r2_s5_0033,S5_asymmetric_neighbor_dependent,2,2,bd3738e27e0c,"[0,1,0,1,0,0,0,1,1,0,0,0,1,0,1,0,1,0,1,1,1,1,1,0,1,0,1,0,0,0,0,1]",0.42866596052820954,0.45768229166666674,0.9791744608189962,0.0,0.0,0.0,0.0,0.0,138.41666666666666,167.33333333333334,1.0,1.4317201478783657,1.0,0.6300184461805556,0.8715277777777777,0.4357638888888889,-0.0205078125,0.0,1.0,0.42866596052820954,0.5713340394717905,73.31595727107715,0.0,0.0,0.0,0.0,0.9791744608189962,0.6031358506944444,0.3968641493055555,0.6444815052630647,0.5921098555029922,emitter_or_generator,True,4,True,False,0.5,0.9971803988942642,0.0028196011057357584,0.0,False,False,0.11198186992559055,0.615900284590748
q2_radius2,q2r2_s5_0037,S5_asymmetric_neighbor_dependent,2,2,c8dc9f181a80,"[0,1,1,0,1,1,1,1,0,0,1,1,1,0,1,1,0,1,1,0,0,1,1,0,1,1,1,0,1,0,0,1]",0.5436275923602115,0.5925428602430556,0.9744655032549621,0.0,0.0,0.0,0.0,0.0,155.30555555555557,178.0,2.0,2.3860669091220448,1.0,0.5693359375,0.9270833333333334,0.4806857638888889,-0.020399305555555556,0.0,1.0,0.5436275923602115,0.4563724076397884,29.373535057085814,0.0,0.0,0.0,0.0,0.9744655032549621,0.47113715277777773,0.5288628472222222,0.38825222985168373,0.45896636445241956,emitter_or_generator,True,4,True,False,0.5,0.954434002924965,0.04556599707503495,0.0,True,True,0.14806558399119701,0.8143607119515835
q2_radius2,q2r2_s5_0039,S5_asymmetric_neighbor_dependent,2,2,907266745dba,"[0,1,0,0,1,1,1,0,1,0,0,1,0,0,0,0,0,0,1,1,1,1,0,0,0,0,0,0,0,1,0,1]",0.19519302991868168,0.19478352864583334,0.5295420086819601,0.0,0.0,0.0,0.0,0.0,160.48611111111111,162.0,1.0,0.8424060836724153,1.0,0.851318359375,0.8437499999999999,0.17203776041666666,-0.05580873842592592,0.0,1.0,0.19519302991868168,0.8048069700813184,500000035.08576626,0.0,0.0,0.0,0.0,0.5295420086819601,0.322509765625,0.677490234375,0.7575477576771134,0.29630251405092367,transported_identity,True,4,True,False,0.4375,0.954434002924965,0.04556599707503495,0.0,True,True,0.10306276250339276,0.5604037711121981
q2_radius2,q2r2_s5_0034,S5_asymmetric_neighbor_dependent,2,2,144c01830009,"[0,1,0,1,1,1,1,0,0,0,1,0,0,0,0,1,1,1,0,1,1,0,1,0,0,0,1,0,0,0,0,0]",0.4121723427605066,0.4417860243055555,0.9725284592821448,0.0,0.0,0.0,0.0,0.0,170.13888888888889,182.0,1.0,1.0916516010141972,1.0,0.5619032118055555,0.9479166666666665,0.49945746527777773,-0.02141203703703704,0.0,1.0,0.4121723427605066,0.5878276572394934,43.57118890156493,0.0,0.0,0.0,0.0,0.9725284592821448,0.6292317708333334,0.3707682291666667,0.7418538937807471,0.6121387329451085,chaotic,True,4,True,False,0.375,0.9744894033980523,0.025510596601947655,0.0,True,True,0.10885200556243621,0.5850795298980946
q2_radius2,q2r2_s5_0040,S5_asymmetric_neighbor_dependent,2,2,e199dd2eece4,"[0,1,1,0,1,1,0,0,0,1,1,0,0,0,1,0,1,1,0,0,1,1,1,1,0,1,1,0,0,1,1,0]",0.4628405881188831,0.5233018663194445,0.9921824699425654,0.0,0.0,0.0,0.0,0.17361111111111113,194.91666666666666,196.0,1.8333333333333333,1.8225162872692657,1.0,0.6973198784722222,1.0208333333333333,0.3493923611111111,0.005931712962962962,1.3333333333333333,1.0,0.4628405881188831,0.5371594118811168,166666699.35096124,0.0,0.17361111111111113,0.17361111111111113,0.06076388888888889,0.9921824699425654,0.4959581163194444,0.5040418836805556,0.4868326430048276,0.49215185192807304,emitter_or_generator,True,4,True,False,0.375,0.9971803988942642,0.0028196011057357584,0.0,False,False,0.1162128377558889,0.6246440029379029
q2_radius2,q2r2_s5_0042,S5_asymmetric_neighbor_dependent,2,2,7a3e9e2919cd,"[0,1,1,0,1,0,0,1,1,0,1,1,0,1,1,1,0,1,0,0,1,1,1,1,0,1,0,0,1,1,0,0]",0.5241460278587363,0.6772054036458334,0.9694239955684828,0.0,0.0,0.0,0.0,0.0,179.7222222222222,184.0,2.0,1.584689176740804,1.0,0.6840142144097222,0.9583333333333334,0.537746853298611,-0.031213831018518517,0.0,1.0,0.5241460278587363,0.4758539721412636,58.50228280158988,0.0,0.0,0.0,0.0,0.9694239955684828,0.634765625,0.365234375,0.46884393707412136,0.6149426987444598,chaotic,True,4,True,False,0.3125,0.9886994082884974,0.01130059171150255,0.0,False,False,0.14163427611276333,0.7524320918490552
q2_radius2,q2r2_s5_0041,S5_asymmetric_neighbor_dependent,2,2,8ed826a660c7,"[0,1,0,1,1,0,0,1,0,0,0,0,0,0,1,0,1,1,1,0,1,1,0,1,0,0,0,1,0,0,1,0]",0.36430433555519576,0.39089626736111116,0.9373983904534796,0.0,0.0,0.0,0.0,0.3611111111111111,195.84722222222226,196.0,1.0,0.06061424560747349,1.0,0.8713243272569445,1.0208333333333333,0.1530083550347222,-0.05385561342592592,1.3333333333333333,1.0,0.36430433555519576,0.6356956644448042,333333416.7486863,0.0,0.3611111111111111,0.37847222222222227,0.13246527777777775,0.9373983904534796,0.781494140625,0.218505859375,0.9869099395241001,0.7340745010803853,transported_identity,True,4,True,False,0.375,0.9744894033980523,0.025510596601947655,0.0,True,True,0.03075684857852673,0.16531806110958117
q2_radius2,q2r2_s5_0043,S5_asymmetric_neighbor_dependent,2,2,4381f97c2c86,"[0,1,1,0,0,0,1,1,1,1,1,0,0,1,0,0,0,0,1,1,1,1,0,1,1,0,0,0,0,0,0,1]",0.45140730133671564,0.5003119574652778,0.9778425349011965,0.003472222222222222,0.003472222222222222,0.0,0.003472222222222222,0.003472222222222222,157.81944444444443,178.0,1.1666666666666667,1.6004559615452798,0.9965277777777778,0.5762803819444444,0.9270833333333331,0.49875217013888884,0.00047019675925925934,0.0,0.9965277777777778,0.45140730133671564,0.5485926986632844,21.03715533187491,0.003472222222222222,0.003472222222222222,0.003472222222222222,0.003472222222222222,0.9778425349011965,0.5910101996527778,0.40898980034722227,0.5823821452232739,0.5779173875155948,emitter_or_generator,True,4,True,False,0.5,0.9971803988942642,0.0028196011057357584,0.0,False,False,0.12089421083189866,0.6649181595754426
q2_radius2,q2r2_s5_0044,S5_asymmetric_neighbor_dependent,2,2,51d4cc901db7,"[0,0,1,0,1,0,0,0,1,1,1,0,0,1,1,1,0,1,1,1,1,0,1,0,1,1,1,1,1,0,1,1]",0.32767860355497985,0.3574083116319444,0.6265070425436138,0.0,0.0,0.0,0.0,0.0,167.81944444444443,173.33333333333334,2.3333333333333335,1.2928683634162264,1.0,0.8079969618055555,0.9027777777777777,0.20876736111111113,-0.03381799768518518,0.0,1.0,0.32767860355497985,0.6723213964450201,333333350.61896074,0.0,0.0,0.0,0.0,0.6265070425436138,0.2842068142361111,0.7157931857638888,0.40897383589362973,0.26218289369115355,transported_identity,True,4,True,False,0.25,0.954434002924965,0.04556599707503495,0.0,True,True,0.12445749327595862,0.6534018396987827
q2_radius2,q2r2_s5_0045,S5_asymmetric_neighbor_dependent,2,2,d0870e61ee5d,"[0,0,0,1,1,0,0,1,0,0,1,1,0,0,1,0,1,0,1,1,0,1,0,0,0,0,0,0,1,1,0,1]",0.277912357310557,0.3064100477430555,0.8170136875995224,0.0,0.0,0.0,0.0,0.0,108.84722222222221,151.33333333333334,1.0,0.7530558894825127,1.0,0.6580674913194445,0.7881944444444443,0.3773057725694445,-0.002314814814814815,0.0,1.0,0.277912357310557,0.722087642689443,33.98257660716755,0.0,0.0,0.0,0.0,0.8170136875995224,0.499267578125,0.500732421875,0.8060270937495012,0.4126733278417058,emitter_or_generator,True,4,True,False,0.375,0.9744894033980523,0.025510596601947655,0.0,True,True,0.14582890360745607,0.7838303568900764
q2_radius2,q2r2_s5_0046,S5_asymmetric_neighbor_dependent,2,2,f7a4e726d578,"[0,1,0,1,0,1,1,1,1,0,1,0,1,0,1,1,0,1,0,0,0,0,0,1,1,1,1,1,1,1,0,1]",0.514058044468732,0.650783962673611,0.9453799227750146,0.0,0.0,0.0,0.0,0.0,147.26388888888889,161.33333333333334,1.8333333333333333,2.198278727902054,1.0,0.558932834201389,0.8402777777777777,0.49518500434027785,-0.01265914351851852,0.0,1.0,0.514058044468732,0.485941955531268,32.004285784190365,0.0,0.0,0.0,0.0,0.9453799227750146,0.450927734375,0.549072265625,0.4711797236482023,0.4267761735746036,emitter_or_generator,True,4,True,False,0.375,0.9744894033980523,0.025510596601947655,0.0,True,True,0.15865411508809277,0.8527658685984987
q2_radius2,q2r2_s5_0049,S5_asymmetric_neighbor_dependent,2,2,c00a168febe5,"[0,0,0,1,0,1,1,1,0,1,0,0,1,1,1,0,0,1,0,1,1,1,1,1,1,1,0,0,0,0,0,0]",0.18742522578439838,0.19148763020833334,0.5141184311580501,0.17013888888888887,0.17013888888888887,0.0,0.5798611111111112,0.7152777777777777,144.73611111111111,153.33333333333334,1.1666666666666667,0.5368785864720821,0.829861111111111,0.9866129557291666,0.798611111111111,0.013387044270833334,-0.03298611111111111,0.6666666666666666,0.829861111111111,0.18742522578439838,0.8125747742156015,166666725.68495116,0.5798611111111112,0.7152777777777777,0.7013888888888888,0.6223958333333334,0.5141184311580501,0.35321723090277773,0.6467827690972222,0.675225336279976,0.30984722409455534,emitter_or_generator,True,4,True,False,0.1875,1.0,0.0,0.0,False,False,0.003442021119230583,0.01785548455600865
q2_radius2,q2r2_s6_0000,S6_relation_rich_nonchaotic_bias,2,2,86b1dcf7a991,"[0,1,1,0,1,1,1,1,1,0,0,1,1,1,1,1,0,1,0,0,1,1,1,1,1,0,0,0,0,1,1,1]",0.705510536417854,0.8118353949652778,0.8672196273377034,0.0,0.0,0.0,1.0,1.0,195.875,196.0,2.1666666666666665,1.1855485857617263,1.0,0.9927842881944445,1.0208333333333333,0.007215711805555556,0.0,1.0,1.0,0.705510536417854,0.29448946358214595,333333381.0009411,1.0,1.0,0.9340277777777778,0.9769097222222222,0.8672196273377034,0.35283745659722227,0.6471625434027778,0.28319562750130395,0.3068590533643864,frozen_order,True,4,True,False,0.25,0.9283620723948676,0.07163792760513243,0.0,True,True,0.0001146528321968488,0.0006019273690334562
q2_radius2,q2r2_s6_0001,S6_relation_rich_nonchaotic_bias,2,2,60838a450c3d,"[0,0,1,0,1,0,1,1,1,0,0,0,1,1,1,1,0,1,1,0,1,1,0,1,1,1,0,0,1,1,1,1]",0.5637241466744027,0.7538791232638888,0.8550761418369874,0.0,0.0,0.0,0.3333333333333333,0.8333333333333334,150.08333333333334,152.0,13.333333333333334,3.2052715732632877,1.0,0.8059895833333334,0.7916666666666666,0.19401041666666666,-0.047381365740740734,0.8333333333333334,1.0,0.5637241466744027,0.4362758533255973,166666695.30607045,0.3333333333333333,0.8333333333333334,0.3333333333333333,0.3333333333333333,0.8550761418369874,0.263671875,0.736328125,0.2420103794035822,0.2285257311133008,transported_identity,True,4,True,False,0.3125,0.954434002924965,0.04556599707503495,0.0,True,True,0.08042381376330246,0.4272515106175443
q2_radius2,q2r2_s5_0047,S5_asymmetric_neighbor_dependent,2,2,93abb9efcb5e,"[0,1,1,0,0,1,0,0,1,1,0,1,0,1,1,1,0,1,0,1,1,0,0,0,1,0,0,1,0,1,1,1]",0.4643991104679404,0.5588243272569444,0.8954055745459449,0.0,0.0,0.0,0.0,0.0,171.66666666666666,184.66666666666666,1.5,1.3059202564560861,1.0,0.7078857421875,0.9618055555555555,0.4472791883680555,-0.010127314814814816,0.0,1.0,0.4643991104679404,0.5356008895320595,41.19406874410587,0.0,0.0,0.0,0.0,0.8954055745459449,0.5770128038194444,0.4229871961805555,0.6246333995769239,0.5163512034905752,transported_identity,True,4,True,False,0.4375,0.9971803988942642,0.0028196011057357584,0.0,False,False,0.15313412019955955,0.8326667785851051
q2_radius2,q2r2_s6_0002,S6_relation_rich_nonchaotic_bias,2,2,3024095dc8ed,"[0,0,0,0,1,1,1,1,1,0,0,0,0,1,1,1,0,1,1,0,1,1,0,1,1,0,0,1,1,1,1,1]",0.5574264570290012,0.748263888888889,0.8655778756465259,0.0,0.0,0.0,0.09722222222222221,0.9930555555555555,144.76388888888889,152.0,10.5,2.817148036194776,1.0,0.8125,0.7916666666666666,0.1875,-0.037615740740740734,1.1666666666666667,1.0,0.5574264570290012,0.4425735429709989,59.70647952230755,0.09722222222222221,0.9930555555555555,0.5,0.23819444444444446,0.8655778756465259,0.25615776909722227,0.7438422309027778,0.24156590041643647,0.22645860163053658,transported_identity,True,4,True,False,0.3125,0.9744894033980523,0.025510596601947655,0.0,True,True,0.08977436427528415,0.4769263102124471
q2_radius2,q2r2_s5_0048,S5_asymmetric_neighbor_dependent,2,2,ba7214334a34,"[0,0,1,1,1,1,1,0,0,1,0,0,0,1,0,0,1,0,1,0,0,1,1,0,1,0,0,0,0,1,0,1]",0.4838620516920336,0.572536892361111,0.9866188048371131,0.0,0.0,0.0,0.1284722222222222,0.10763888888888888,195.93055555555554,196.0,1.0,0.8614472265143517,1.0,0.6784396701388888,1.0208333333333333,0.3356662326388889,-0.022352430555555556,0.0,1.0,0.4838620516920336,0.5161379483079663,61.603166206828625,0.1284722222222222,0.10763888888888888,0.10763888888888888,0.12118055555555556,0.9866188048371131,0.7763400607638888,0.22365993923611108,0.7836150871711088,0.7660371816646655,chaotic,True,4,True,False,0.3125,0.9886994082884974,0.01130059171150255,0.0,False,False,0.04682366352428374,0.24875071247275737
q2_radius2,q2r2_s6_0011,S6_relation_rich_nonchaotic_bias,2,2,020bb7ab6cea,"[0,0,0,0,1,1,1,1,1,0,1,1,1,1,1,1,0,1,0,1,0,0,0,1,1,0,0,1,1,1,1,1]",0.6752723074535837,0.8858642578125,0.599787131119588,0.0,0.0,0.5,0.5,0.9618055555555555,53.805555555555564,75.33333333333333,11.5,2.97030840695148,0.6666666666666666,0.8125,0.3923611111111111,0.1875,-0.08333333333333333,1.0,0.5,0.6752723074535837,0.32472769254641626,6.824605099587354,0.5,0.9618055555555555,0.5,0.5,0.599787131119588,0.004231770833333333,0.9957682291666666,0.04862452550858227,0.0040997305649040985,transported_identity,True,4,True,False,0.375,0.954434002924965,0.04556599707503495,0.0,True,True,0.07585959083587644,0.4077453007428359
q2_radius2,q2r2_s6_0003,S6_relation_rich_nonchaotic_bias,2,2,60de9f434837,"[0,1,0,0,1,1,1,1,0,0,0,0,0,1,1,0,0,0,0,0,1,0,0,1,0,0,0,0,0,1,1,0]",0.22264542741616292,0.2732883029513889,0.7473838833578027,0.0,0.0,0.0,1.0,1.0,166.05555555555554,173.33333333333334,1.0,0.07658503197965195,1.0,0.9603542751736112,0.9027777777777777,0.03964572482638889,-0.028935185185185185,1.0,1.0,0.22264542741616292,0.7773545725838371,500000088.5893976,1.0,1.0,0.3333333333333333,0.7666666666666666,0.7473838833578027,0.5392795138888888,0.4607204861111111,0.982970640918743,0.4084231109660948,frozen_order,True,4,True,False,0.3125,0.9283620723948676,0.07163792760513243,0.0,True,True,0.005255521545141828,0.027919958208565965
q2_radius2,q2r2_s6_0005,S6_relation_rich_nonchaotic_bias,2,2,045629954863,"[0,0,1,0,1,1,1,1,0,0,0,1,1,1,1,1,0,1,1,0,1,1,0,1,0,0,0,1,1,1,1,0]",0.225015502999964,0.224365234375,0.5424529535319808,0.0,0.0,0.0,0.8333333333333334,0.8333333333333334,195.94444444444443,196.0,1.5,0.8410171479107628,1.0,0.9934895833333334,1.0208333333333333,0.006510416666666667,-0.013888888888888888,0.8333333333333334,1.0,0.225015502999964,0.774984497000036,500000031.6230695,0.8333333333333334,0.8333333333333334,0.8333333333333334,0.8333333333333334,0.5424529535319808,0.3314344618055556,0.6685655381944445,0.6261417555213639,0.31886548370881335,frozen_order,True,4,True,False,0.25,0.9744894033980523,0.025510596601947655,0.0,True,True,0.0007342665438195339,0.003854899355052553
q2_radius2,q2r2_s6_0009,S6_relation_rich_nonchaotic_bias,2,2,dfb85d7f7bb8,"[0,0,1,0,1,1,1,1,0,0,0,1,1,1,1,1,0,1,1,0,1,1,1,1,1,0,0,0,1,1,1,1]",0.5770825181257196,0.7824842664930557,0.8539199790765878,0.0,0.0,0.0,0.5277777777777778,1.0,150.58333333333334,152.0,12.166666666666666,3.0158699021015507,1.0,0.8043212890625,0.7916666666666666,0.1956787109375,-0.032552083333333336,1.0,1.0,0.5770825181257196,0.4229174818742803,166666681.65798572,0.5277777777777778,1.0,0.3611111111111111,0.4694444444444444,0.8539199790765878,0.12320963541666667,0.8767903645833334,0.1466091834782688,0.09989716509103336,transported_identity,True,4,True,False,0.25,0.9283620723948676,0.07163792760513243,0.0,True,True,0.07516162113021853,0.3945985109336473
q2_radius2,q2r2_s6_0008,S6_relation_rich_nonchaotic_bias,2,2,6277c77878a7,"[0,1,0,0,1,0,0,0,0,0,0,0,0,0,1,1,0,1,0,0,1,0,0,1,0,0,0,0,0,1,1,1]",0.1210722453853627,0.13339572482638887,0.4670762796280669,0.44097222222222227,0.44097222222222227,0.0,0.44097222222222227,0.7604166666666666,107.70833333333333,130.66666666666666,1.0,0.03048261305867048,0.8993055555555557,0.9063313802083334,0.6805555555555555,0.09366861979166667,-0.03674768518518518,11.0,0.5590277777777778,0.1210722453853627,0.8789277546146373,17.64902395956142,0.44097222222222227,0.7604166666666666,0.611111111111111,0.5005208333333334,0.4670762796280669,0.26679144965277773,0.7332085503472222,0.7990090383544493,0.17388734074982756,transported_identity,True,4,True,False,0.125,0.8960382325345574,0.10396176746544261,0.0,True,True,0.035029810963106534,0.179527781185921
q2_radius2,q2r2_s6_0006,S6_relation_rich_nonchaotic_bias,2,2,b5482a295740,"[0,0,0,0,1,0,0,1,1,0,0,0,1,1,1,0,0,0,0,0,1,0,1,1,1,0,0,0,1,1,1,0]",0.13534533600046775,0.1353081597222222,0.3931149732718559,0.0,0.0,0.0,0.0,0.0,149.9027777777778,152.0,1.8333333333333333,0.9241329505102832,1.0,0.8493245442708334,0.7916666666666665,0.17519802517361113,-0.0562427662037037,0.0,1.0,0.13534533600046775,0.8646546639995322,500000034.81752014,0.0,0.0,0.34027777777777773,0.1190972222222222,0.3931149732718559,0.12440321180555557,0.8755967881944445,0.48121450875836763,0.1102006997164993,transported_identity,True,4,True,False,0.3125,0.9744894033980523,0.025510596601947655,0.0,True,True,0.11663339586927163,0.6196149155555055
q2_radius2,q2r2_s6_0007,S6_relation_rich_nonchaotic_bias,2,2,6caea3a9d59f,"[0,1,0,0,1,1,1,1,1,0,0,0,1,1,1,1,0,1,0,0,1,1,1,1,1,0,0,1,0,1,1,1]",0.5775357313930268,0.650295681423611,0.9590148864166507,0.0,0.0,0.0,1.0,1.0,195.97222222222226,196.0,1.0,0.7983446428656671,1.0,1.0,1.0208333333333333,0.0,0.0,1.0,1.0,0.5775357313930268,0.4224642686069733,333333412.124049,1.0,1.0,1.0,1.0,0.9590148864166507,0.6688639322916666,0.3311360677083333,0.5451046657726696,0.6490896005983862,frozen_order,True,4,True,False,0.25,0.954434002924965,0.04556599707503495,0.0,True,True,0.0,0.0
q2_radius2,q2r2_s6_0010,S6_relation_rich_nonchaotic_bias,2,2,ab26264f97c3,"[0,0,0,0,1,0,1,1,0,0,0,0,0,1,1,0,0,0,0,0,1,1,1,1,1,0,0,1,0,1,1,0]",0.1380593448654289,0.12508138020833334,0.4453696309347814,0.0,0.0,0.0,1.0,1.0,195.91666666666666,196.0,1.0,0.417811590057838,1.0,0.9912651909722222,1.0208333333333333,0.008734809027777778,0.0,1.0,1.0,0.1380593448654289,0.8619406551345712,333333367.0235232,1.0,1.0,0.9201388888888888,0.9720486111111111,0.4453696309347814,0.22539605034722224,0.7746039496527778,0.9235328766989094,0.18363533705526924,frozen_order,True,4,True,False,0.3125,0.9744894033980523,0.025510596601947655,0.0,True,True,0.00019757448582996453,0.0010496144559716866
q2_radius2,q2r2_s6_0004,S6_relation_rich_nonchaotic_bias,2,2,10d66001004c,"[0,0,1,1,1,1,1,1,0,0,0,0,1,1,1,0,0,1,1,0,1,1,1,1,1,0,0,1,1,1,1,0]",0.43394386761478126,0.5128309461805555,0.9662815747295405,0.0,0.0,0.0,0.9097222222222222,0.513888888888889,157.56944444444443,168.0,1.0,1.279158153621288,1.0,0.8387179904513888,0.8749999999999999,0.16128200954861113,-0.00028935185185185184,0.5,1.0,0.43394386761478126,0.5660561323852188,166666742.02729085,0.9097222222222222,0.513888888888889,0.49652777777777773,0.7651041666666666,0.9662815747295405,0.7950846354166666,0.20491536458333334,0.6549548555284055,0.7701847196330576,emitter_or_generator,True,4,True,False,0.1875,0.954434002924965,0.04556599707503495,0.0,True,True,0.007302239945119679,0.03788036971530834
q2_radius2,q2r2_s6_0017,S6_relation_rich_nonchaotic_bias,2,2,8029f57c43ee,"[0,0,1,0,1,0,1,1,1,0,0,0,0,1,1,1,0,0,0,0,1,0,0,1,0,0,0,0,1,1,1,0]",0.15682704049276772,0.15660264756944445,0.4234620620063793,0.0,0.0,0.0,0.6041666666666666,1.0,195.91666666666666,196.0,2.6666666666666665,0.8939652404295527,1.0,1.0,1.0208333333333333,0.0,0.0,1.3333333333333333,1.0,0.15682704049276772,0.8431729595072323,500000028.62970215,0.6041666666666666,1.0,1.0,0.7427083333333334,0.4234620620063793,0.11612955729166669,0.8838704427083334,0.358785412405716,0.10646689294766887,frozen_order,True,4,True,False,0.1875,0.9744894033980523,0.025510596601947655,0.0,True,True,0.0,0.0
q2_radius2,q2r2_s6_0016,S6_relation_rich_nonchaotic_bias,2,2,279e112450e8,"[0,0,0,0,1,0,1,1,0,0,0,0,0,1,1,0,0,0,0,0,1,1,0,1,0,0,0,1,1,1,1,0]",0.10198746210690125,0.07510036892361112,0.38585235582566363,0.003472222222222222,0.003472222222222222,0.0,1.0,1.0,195.25,196.0,1.0,0.4828758974325835,0.9965277777777778,0.9813774956597222,1.0208333333333333,0.01862250434027778,-0.00028935185185185184,1.0,0.9965277777777778,0.10198746210690125,0.8980125378930987,500000031.53050756,1.0,1.0,0.8333333333333334,0.9416666666666668,0.38585235582566363,0.11754014756944443,0.8824598524305555,0.8843045949116783,0.08285803526782429,frozen_order,True,4,True,False,0.25,0.954434002924965,0.04556599707503495,0.0,True,True,0.0009777493555882559,0.0051331841168383435
q2_radius2,q2r2_s6_0013,S6_relation_rich_nonchaotic_bias,2,2,d4137e429ffb,"[0,0,0,0,1,1,1,1,1,0,0,0,0,1,1,1,0,0,0,0,1,0,0,1,1,0,0,0,1,0,0,0]",0.22712703127248854,0.3234456380208333,0.7302794349321035,0.0,0.0,0.0,0.0,0.3333333333333333,195.51388888888889,196.0,1.3333333333333333,0.5329308925593877,1.0,0.896728515625,1.0208333333333333,0.103271484375,-0.030381944444444444,1.3333333333333333,1.0,0.22712703127248854,0.7728729687275114,18.700244026100595,0.0,0.3333333333333333,0.3333333333333333,0.11666666666666665,0.7302794349321035,0.45819769965277773,0.5418023003472222,0.7576779784924298,0.34893600017862614,transported_identity,True,4,True,False,0.375,0.954434002924965,0.04556599707503495,0.0,True,True,0.05325859447465244,0.2862649453012569
q2_radius2,q2r2_s6_0014,S6_relation_rich_nonchaotic_bias,2,2,aed288619080,"[0,1,0,0,1,0,0,1,1,0,0,0,0,1,1,1,0,0,0,0,1,0,0,1,0,0,0,0,0,1,1,0]",0.06506143854346574,0.06319173177083333,0.28332031974714184,0.0,0.0,0.0,0.0,0.0,136.125,150.0,1.1666666666666667,0.790330093186225,1.0,0.9035373263888888,0.7812499999999999,0.1084255642361111,-0.05870225694444444,0.0,1.0,0.06506143854346574,0.9349385614565343,142.22116698358866,0.0,0.0,0.20138888888888887,0.07048611111111111,0.28332031974714184,0.09502495659722221,0.9049750434027777,0.7757507271539409,0.05534655980015016,transported_identity,True,4,True,False,0.3125,0.9283620723948676,0.07163792760513243,0.0,True,True,0.0860213360106762,0.4569883475567173
q2_radius2,q2r2_s6_0012,S6_relation_rich_nonchaotic_bias,2,2,b4461dfae242,"[0,0,1,0,1,1,1,1,1,0,0,1,0,1,1,1,0,1,1,0,1,1,0,1,1,0,0,0,1,1,1,0]",0.41252962858016695,0.5264214409722222,0.9105927128254763,0.0,0.0,0.0,0.0,0.0,176.31944444444443,193.33333333333334,1.8333333333333333,2.0091745754126733,1.0,0.6406792534722222,1.0069444444444444,0.388916015625,-0.006184895833333332,0.0,1.0,0.41252962858016695,0.587470371419833,166666686.78737128,0.0,0.0,0.0,0.0,0.9105927128254763,0.5121799045138888,0.4878200954861111,0.48726095023777066,0.47744661179950115,emitter_or_generator,True,4,True,False,0.3125,0.9744894033980523,0.025510596601947655,0.0,True,True,0.13020484854495112,0.6917132578950529
q2_radius2,q2r2_s6_0019,S6_relation_rich_nonchaotic_bias,2,2,fa82385e8156,"[0,1,1,0,1,1,1,1,0,0,0,1,1,1,1,1,0,0,0,0,1,1,1,1,0,0,0,1,0,1,1,1]",0.5450641146732872,0.7412923177083334,0.9536066899388099,0.0,0.0,0.06944444444444445,0.53125,0.53125,148.0277777777778,160.0,6.833333333333333,2.1839914156949822,1.0,0.641506618923611,0.8333333333333334,0.3732503255208333,-0.04195601851851852,0.5,0.9305555555555555,0.5450641146732872,0.4549358853267127,16.177340182899915,0.53125,0.53125,0.4270833333333333,0.4947916666666667,0.9536066899388099,0.217041015625,0.782958984375,0.22533864607890633,0.2036347942632023,emitter_or_generator,True,4,True,False,0.25,0.9744894033980523,0.025510596601947655,0.0,True,True,0.09633500389340252,0.5057587704403632
q2_radius2,q2r2_s6_0015,S6_relation_rich_nonchaotic_bias,2,2,7e944dd680b0,"[0,0,0,0,1,1,1,1,1,0,0,0,1,1,1,0,0,1,1,0,1,1,1,1,1,0,0,1,1,1,1,0]",0.36526290726647953,0.4592556423611111,0.8663367231112123,0.0,0.0,0.0,0.3229166666666667,0.5,195.93055555555554,196.0,1.0,0.484779932139566,1.0,0.900146484375,1.0208333333333333,0.099853515625,-0.028067129629629626,0.8333333333333334,1.0,0.36526290726647953,0.6347370927335204,166666719.54536715,0.3229166666666667,0.5,0.5,0.3848958333333334,0.8663367231112123,0.8139105902777777,0.18608940972222224,0.8595830664803573,0.7120757456026353,transported_identity,True,4,True,False,0.25,0.9744894033980523,0.025510596601947655,0.0,True,True,0.015918548664861115,0.08357238049052085
q2_radius2,q2r2_s6_0018,S6_relation_rich_nonchaotic_bias,2,2,b800e38db120,"[0,1,0,0,1,0,0,1,0,0,1,0,0,1,1,0,0,0,1,0,1,1,0,1,0,0,1,0,0,1,1,0]",0.08840547077396373,0.08707682291666667,0.34134807977435666,0.0,0.0,0.0,0.0,0.0,147.04166666666666,150.0,1.0,0.7162002335708832,1.0,0.8854302300347223,0.7812499999999999,0.14015028211805555,-0.05758101851851851,0.0,1.0,0.08840547077396373,0.9115945292260363,166666881.62496534,0.0,0.0,0.18055555555555555,0.06319444444444444,0.34134807977435666,0.13859049479166669,0.8614095052083334,0.8103925511096502,0.09769555171395722,transported_identity,True,4,True,False,0.4375,0.9744894033980523,0.025510596601947655,0.0,True,True,0.10489405572633054,0.5703614280119222
q2_radius2,q2r2_s6_0029,S6_relation_rich_nonchaotic_bias,2,2,0115cc40b2b3,"[0,1,0,0,1,1,0,1,1,0,0,1,1,1,1,1,0,0,1,0,1,1,1,1,0,0,1,1,1,1,1,1]",0.7699126406654794,0.9410400390625,0.7253967586836919,0.003472222222222222,0.003472222222222222,0.37152777777777785,1.0,1.0,143.95833333333334,151.33333333333334,4.166666666666667,2.194555061444396,0.9965277777777778,0.8903266059027778,0.7881944444444443,0.10967339409722222,-0.03125,1.0,0.625,0.7699126406654794,0.23008735933452074,166666679.85313174,1.0,1.0,0.5034722222222222,0.8262152777777777,0.7253967586836919,0.05194769965277777,0.9480523003472222,0.07559101948055023,0.03601902813951805,mixed,True,4,True,False,0.25,0.9283620723948676,0.07163792760513243,0.0,True,True,0.016358018352540037,0.0858795963508352
q2_radius2,q2r2_s6_0026,S6_relation_rich_nonchaotic_bias,2,2,e555ce5604fa,"[0,0,1,0,1,1,1,1,1,0,0,1,1,1,1,1,0,1,0,0,1,0,1,1,0,1,0,1,1,1,1,1]",0.2541782201262953,0.2549641927083333,0.3890748825909778,0.0,0.0,0.0,1.0,1.0,195.9861111111111,196.0,3.6666666666666665,2.28521469951453,1.0,1.0,1.0208333333333333,0.0,0.0,1.0,1.0,0.2541782201262953,0.7458217798737047,333333377.9468228,1.0,1.0,1.0,1.0,0.3890748825909778,0.050211588541666664,0.9497884114583334,0.2248125067606799,0.038334386885292775,frozen_order,True,4,True,False,0.125,0.9283620723948676,0.07163792760513243,0.0,True,True,0.0,0.0
q2_radius2,q2r2_s6_0023,S6_relation_rich_nonchaotic_bias,2,2,6b80243d7bc6,"[0,0,1,0,1,1,1,1,0,0,0,1,1,1,1,1,1,0,0,1,1,0,1,1,0,0,0,0,1,1,1,1]",0.5919459314955743,0.7565375434027778,0.9328862764771358,0.0,0.0,0.0,1.0,1.0,195.9861111111111,196.0,3.1666666666666665,1.4239212559774357,1.0,0.8816867404513888,1.0208333333333333,0.1183132595486111,-0.02835648148148148,1.0,1.0,0.5919459314955743,0.40805406850442577,333333415.89463943,1.0,1.0,0.3333333333333333,0.7666666666666666,0.9328862764771358,0.44561089409722215,0.5543891059027778,0.3198089015608601,0.42177949659063146,emitter_or_generator,True,4,True,False,0.25,0.9744894033980523,0.025510596601947655,0.0,True,True,0.014074014746142994,0.07388857741725072
q2_radius2,q2r2_s6_0027,S6_relation_rich_nonchaotic_bias,2,2,a86e7626444e,"[0,1,1,0,1,1,1,1,0,0,0,1,1,1,1,1,0,1,0,0,1,1,0,1,1,0,0,1,1,1,1,1]",0.7331201424870466,0.8481174045138888,0.7986217989806407,0.0,0.0,0.20138888888888887,0.9201388888888888,0.9201388888888888,140.61111111111111,149.33333333333334,6.5,2.154391361719947,0.8159722222222223,0.9844970703125,0.7777777777777777,0.0155029296875,-0.0234375,1.0,0.798611111111111,0.7331201424870466,0.26687985751295334,166666731.54106295,0.9201388888888888,0.9201388888888888,0.8576388888888888,0.8982638888888889,0.7986217989806407,0.24972873263888892,0.7502712673611112,0.23219670300045994,0.22688892895848958,frozen_order,True,4,True,False,0.3125,0.9283620723948676,0.07163792760513243,0.0,True,True,0.001200453191273325,0.00637740757863954
q2_radius2,q2r2_s6_0021,S6_relation_rich_nonchaotic_bias,2,2,4b5ce37b634f,"[0,0,0,0,1,1,1,1,1,0,0,0,1,1,1,1,0,0,0,0,1,0,0,0,1,0,0,0,0,1,0,1]",0.2885981830427821,0.41362847222222227,0.8175360673487457,0.0,0.0,0.0,0.0,0.3333333333333333,195.93055555555554,196.0,2.0,0.6290420118112919,1.0,0.8711480034722222,1.0208333333333333,0.12885199652777776,-0.02835648148148148,0.6666666666666666,1.0,0.2885981830427821,0.7114018169572178,49.089629430301954,0.0,0.3333333333333333,0.3333333333333333,0.11666666666666665,0.8175360673487457,0.4478352864583333,0.5521647135416666,0.5479599883277765,0.3758069143536053,transported_identity,True,4,True,False,0.375,0.9744894033980523,0.025510596601947655,0.0,True,True,0.06189088182965501,0.3326634898343957
q2_radius2,q2r2_s6_0022,S6_relation_rich_nonchaotic_bias,2,2,caf3a0709c53,"[0,0,1,1,1,1,1,1,0,0,0,1,1,0,1,0,0,1,0,0,1,1,0,1,1,0,0,1,1,1,1,1]",0.49040788772398525,0.583984375,0.9769881209141794,0.0,0.0,0.0,0.07638888888888888,0.9791666666666666,195.91666666666666,196.0,1.1666666666666667,1.4421848446406431,1.0,0.9144015842013888,1.0208333333333333,0.0855984157986111,0.0,4.5,1.0,0.49040788772398525,0.5095921122760146,196.9802317254903,0.07638888888888888,0.9791666666666666,0.40972222222222227,0.19305555555555554,0.9769881209141794,0.5714246961805555,0.4285753038194444,0.5117417638543615,0.5589598377805551,localized_persistence,True,4,True,False,0.1875,0.9744894033980523,0.025510596601947655,0.0,True,True,0.02785636677896607,0.14450490266588648
q2_radius2,q2r2_s6_0020,S6_relation_rich_nonchaotic_bias,2,2,acdf12154047,"[0,1,0,0,1,1,0,0,0,0,0,1,0,1,1,1,0,0,0,0,1,1,0,1,0,0,0,0,0,1,1,0]",0.382197158804692,0.4618055555555555,0.9490708278660586,0.0,0.0,0.0,0.9236111111111112,0.9236111111111112,195.16666666666666,196.0,1.0,0.03201481544276948,1.0,0.9405924479166666,1.0208333333333333,0.059407552083333336,-0.00636574074074074,1.0,1.0,0.382197158804692,0.6178028411953082,333333417.8782733,0.9236111111111112,0.9236111111111112,0.4236111111111111,0.748611111111111,0.9490708278660586,0.9224175347222222,0.07758246527777778,0.9918648708818089,0.874276315382505,frozen_order,True,4,True,False,0.1875,0.954434002924965,0.04556599707503495,0.0,True,True,0.0017660635364264812,0.00916145459521237
q2_radius2,q2r2_s6_0024,S6_relation_rich_nonchaotic_bias,2,2,70959e1d38ca,"[0,1,0,0,1,0,1,1,0,0,0,1,1,1,1,0,0,0,1,0,1,0,0,0,0,0,0,0,0,1,1,0]",0.22032679424384716,0.2705213758680556,0.7438639076634979,0.0,0.0,0.0,0.5277777777777778,0.9930555555555555,195.5138888888889,196.0,1.0,0.2736688345178056,1.0,0.9574788411458334,1.0208333333333333,0.042521158854166664,-0.04340277777777777,2.8333333333333335,1.0,0.22032679424384716,0.7796732057561528,333333527.82999593,0.5277777777777778,0.9930555555555555,0.3333333333333333,0.4597222222222222,0.7438639076634979,0.5077582465277778,0.49224175347222227,0.9373513563722474,0.3788004322623562,emitter_or_generator,True,4,True,False,0.5,0.954434002924965,0.04556599707503495,0.0,True,True,0.013664147056118955,0.07515280880865426
q2_radius2,q2r2_s6_0030,S6_relation_rich_nonchaotic_bias,2,2,e7346441fb28,"[0,0,0,0,1,1,0,1,0,0,0,1,0,1,1,1,0,0,0,0,1,0,0,1,0,0,0,0,1,1,1,1]",0.10337134730767845,0.10276963975694443,0.32978441463626956,0.17013888888888887,0.17013888888888887,0.0,1.0,1.0,163.18055555555557,164.0,1.1666666666666667,0.6937575998381594,0.829861111111111,1.0,0.8541666666666666,0.0,-0.01417824074074074,1.0,0.829861111111111,0.10337134730767845,0.8966286526923214,333333358.31958276,1.0,1.0,1.0,1.0,0.32978441463626956,0.11580403645833333,0.8841959635416666,0.6378740239621172,0.08923502189696203,frozen_order,True,4,True,False,0.125,0.9744894033980523,0.025510596601947655,0.0,True,True,0.0,0.0
q2_radius2,q2r2_s6_0028,S6_relation_rich_nonchaotic_bias,2,2,0837a64650dd,"[0,1,1,0,1,1,1,1,0,0,0,1,1,1,1,1,0,1,0,0,1,1,1,1,0,0,0,1,1,1,1,0]",0.4520585538329375,0.5250244140624999,0.9605354289284483,0.0,0.0,0.0,0.2708333333333333,1.0,169.47222222222223,173.33333333333334,1.8333333333333333,0.8536306341278164,1.0,0.9278835720486112,0.9027777777777777,0.07211642795138888,-0.014756944444444442,3.5,1.0,0.4520585538329375,0.5479414461670625,166666780.1681947,0.2708333333333333,1.0,0.40972222222222227,0.3194444444444445,0.9605354289284483,0.5340983072916666,0.4659016927083333,0.5237219955844842,0.5143730067453559,emitter_or_generator,True,4,True,False,0.1875,0.954434002924965,0.04556599707503495,0.0,True,True,0.022115364172236158,0.11472345164347507
q2_radius2,q2r2_s6_0025,S6_relation_rich_nonchaotic_bias,2,2,3bf5d2c54433,"[0,1,1,0,1,1,0,1,1,0,0,0,0,1,1,1,0,1,1,0,1,1,1,1,1,0,0,1,1,0,1,1]",0.760880210582182,0.8699544270833334,0.7337486096464447,0.0,0.0,0.0,0.16666666666666666,0.16666666666666666,154.88888888888889,160.0,3.8333333333333335,2.204566232300305,1.0,0.9304334852430555,0.8333333333333334,0.08212619357638888,-0.03454137731481481,0.16666666666666666,1.0,0.760880210582182,0.23911978941781806,500000032.4327863,0.16666666666666666,0.16666666666666666,0.548611111111111,0.3003472222222222,0.7337486096464447,0.2596299913194444,0.7403700086805555,0.23362289337899733,0.2206984095945538,transported_identity,True,4,True,False,0.25,0.954434002924965,0.04556599707503495,0.0,True,True,0.041663442515635765,0.21873307320708776
q2_radius2,q2r2_s6_0032,S6_relation_rich_nonchaotic_bias,2,2,23b3a600bde6,"[0,0,0,0,1,1,1,1,1,0,1,1,0,1,1,1,0,1,0,0,1,1,0,1,1,0,0,0,1,1,1,1]",0.6204580988908679,0.8109673394097223,0.7532270704264485,0.0,0.0,0.0,0.5,0.9548611111111112,133.93055555555554,152.0,12.666666666666666,3.135561375072515,0.9131944444444445,0.8125,0.7916666666666666,0.1875,-0.03522858796296296,1.0,1.0,0.6204580988908679,0.3795419011091321,64.31022228966219,0.5,0.9548611111111112,0.5,0.5,0.7532270704264485,0.1086697048611111,0.8913302951388888,0.08965831037570769,0.0829422802303899,transported_identity,True,4,True,False,0.3125,0.9744894033980523,0.025510596601947655,0.0,True,True,0.06985400599807577,0.37109940686477755
q2_radius2,q2r2_s6_0037,S6_relation_rich_nonchaotic_bias,2,2,9bbb9cbbb777,"[0,0,1,0,1,0,1,1,1,0,0,1,1,1,1,1,0,1,0,0,1,1,1,1,0,0,0,0,1,1,1,1]",0.33916199749478265,0.36355251736111116,0.5500221888132141,0.0,0.0,0.0,0.9791666666666666,0.9791666666666666,195.93055555555557,196.0,2.5,1.5022522036112047,1.0,0.9838324652777778,1.0208333333333333,0.016167534722222224,0.0,1.0,1.0,0.33916199749478265,0.6608380025052173,333333344.5177059,0.9791666666666666,0.9791666666666666,0.9027777777777778,0.9524305555555556,0.5500221888132141,0.15001085069444445,0.8499891493055557,0.3400571467765641,0.13438848511620055,frozen_order,True,4,True,False,0.125,0.9744894033980523,0.025510596601947655,0.0,True,True,0.0006549619289340617,0.0033566798857870665
q2_radius2,q2r2_s6_0034,S6_relation_rich_nonchaotic_bias,2,2,3304b934355d,"[0,1,0,0,0,0,1,1,0,0,0,1,1,1,1,0,0,0,0,0,1,0,0,1,0,0,1,0,0,1,1,1]",0.04725442292296344,0.045369466145833336,0.22997469941355245,0.0,0.0,0.0,0.0,0.0,147.61111111111111,150.66666666666666,1.0,0.0913500130171893,1.0,0.9285753038194445,0.7847222222222222,0.08216688368055555,-0.06195746527777777,0.0,1.0,0.04725442292296344,0.9527455770770366,333333498.21472293,0.0,0.0,0.43402777777777785,0.1519097222222222,0.22997469941355245,0.09073893229166667,0.9092610677083334,0.9933445617222586,0.04342568204396665,transported_identity,True,4,True,False,0.3125,0.9744894033980523,0.025510596601947655,0.0,True,True,0.06189773344439718,0.32883170892336006
q2_radius2,q2r2_s6_0038,S6_relation_rich_nonchaotic_bias,2,2,4a3169f4c4ff,"[0,1,1,0,1,1,1,1,0,0,0,0,0,1,1,1,1,1,1,1,1,0,0,1,0,0,0,1,1,1,1,1]",0.8279966750773603,0.9399820963541666,0.6614737365419238,0.0,0.0,0.28472222222222227,0.28472222222222227,1.0,152.94444444444443,174.66666666666666,1.8333333333333333,2.208411188542916,1.0,1.0,0.9097222222222222,0.0,-0.02372685185185185,1.5,0.7152777777777778,0.8279966750773603,0.1720033249226396,70.29170350619417,0.28472222222222227,1.0,1.0,0.5350694444444445,0.6614737365419238,0.06778971354166667,0.9322102864583334,0.06545351248766301,0.04432584718839964,mixed,True,4,True,False,0.3125,0.954434002924965,0.04556599707503495,0.0,True,True,0.0,0.0
q2_radius2,q2r2_s6_0033,S6_relation_rich_nonchaotic_bias,2,2,532767a8564b,"[0,0,1,1,1,1,1,0,1,0,0,0,1,1,1,0,0,1,1,0,1,0,1,1,1,0,0,1,1,1,1,0]",0.4116005730066206,0.5423041449652778,0.9610108008075228,0.0,0.0,0.0,0.0,0.0,85.18055555555556,128.66666666666666,3.0,2.8610765319042346,1.0,0.5514051649305556,0.6701388888888888,0.5115559895833334,-0.00896990740740741,0.0,1.0,0.4116005730066206,0.5883994269933794,22.46273750959317,0.0,0.0,0.0,0.0,0.9610108008075228,0.3177354600694445,0.6822645399305557,0.3065070344002968,0.3050865333275849,emitter_or_generator,True,4,True,False,0.1875,0.9744894033980523,0.025510596601947655,0.0,True,True,0.1960174484361045,1.016840513762292
q2_radius2,q2r2_s6_0031,S6_relation_rich_nonchaotic_bias,2,2,ed43547c489a,"[0,1,1,0,1,1,0,1,1,0,0,1,1,1,1,0,0,0,0,1,1,1,1,1,1,0,0,0,1,1,0,1]",0.5214892240797712,0.583645290798611,0.9940216445180585,0.0,0.0,0.0,0.09722222222222222,0.09722222222222222,195.6388888888889,196.0,1.0,0.9763846218056966,1.0,0.82373046875,1.0208333333333333,0.2642415364583333,-0.04423466435185185,0.16666666666666666,1.0,0.5214892240797712,0.4785107759202289,80.47789501099126,0.09722222222222222,0.09722222222222222,0.16666666666666666,0.12152777777777779,0.9940216445180585,0.7593315972222223,0.2406684027777778,0.6572223280870247,0.755400796593106,transported_identity,True,4,True,False,0.3125,0.9744894033980523,0.025510596601947655,0.0,True,True,0.046770206559505804,0.24846672234737457
q2_radius2,q2r2_s6_0040,S6_relation_rich_nonchaotic_bias,2,2,81fed244dbda,"[0,1,0,0,1,1,1,1,0,0,1,1,1,1,1,1,0,0,1,0,1,1,0,1,0,0,0,1,0,1,1,1]",0.6456421109267055,0.8443467881944445,0.7380056397350984,0.0,0.0,0.18055555555555555,0.4930555555555556,0.42361111111111116,125.91666666666667,136.0,1.3333333333333333,2.088538716232311,0.8333333333333334,0.6131184895833334,0.7083333333333334,0.4022623697916667,-0.05334924768518518,0.5,0.8194444444444445,0.6456421109267055,0.3543578890732945,14.768055567053645,0.4930555555555556,0.42361111111111116,0.2986111111111111,0.425,0.7380056397350984,0.055636935763888895,0.944363064236111,0.07324280708126822,0.04392085234336829,mixed,True,4,True,False,0.3125,0.9744894033980523,0.025510596601947655,0.0,True,True,0.13558620708351676,0.7203017251311828
q2_radius2,q2r2_s6_0036,S6_relation_rich_nonchaotic_bias,2,2,08727f01c564,"[0,1,0,0,1,1,0,1,1,0,0,0,0,1,1,1,0,0,1,0,1,0,0,1,0,0,0,0,0,1,1,0]",0.09841109008437682,0.0926784939236111,0.3613876914722019,0.0,0.0,0.0,0.0,0.0,142.08333333333334,150.0,1.0,0.6073462245166722,1.0,0.875515407986111,0.7812499999999999,0.14542643229166666,-0.05606192129629629,0.0,1.0,0.09841109008437682,0.9015889099156231,135.00092098682902,0.0,0.0,0.17361111111111113,0.06076388888888889,0.3613876914722019,0.156494140625,0.843505859375,0.8636530685580309,0.1160299807196893,transported_identity,True,4,True,False,0.3125,0.9744894033980523,0.025510596601947655,0.0,True,True,0.10571082464930694,0.5615887559494431
q2_radius2,q2r2_s6_0035,S6_relation_rich_nonchaotic_bias,2,2,d8b0dff63928,"[0,0,1,0,0,0,1,1,1,0,0,0,0,1,1,1,0,0,0,0,1,1,0,0,1,0,0,1,0,1,1,0]",0.3441976614223517,0.4305419921875,0.9137629026590101,0.003472222222222222,0.003472222222222222,0.0,0.003472222222222222,0.003472222222222222,186.625,196.0,1.0,1.2743584708366678,0.9965277777777778,0.5840386284722222,1.0208333333333333,0.46066623263888884,-0.031177662037037035,0.0,0.9965277777777778,0.3441976614223517,0.6558023385776482,37.155751929804524,0.003472222222222222,0.003472222222222222,0.003472222222222222,0.003472222222222222,0.9137629026590101,0.5772569444444445,0.4227430555555556,0.6956599366135405,0.5269992971261969,emitter_or_generator,True,4,True,False,0.375,0.9744894033980523,0.025510596601947655,0.0,True,True,0.1268174880555251,0.6816439982984474
q2_radius2,q2r2_s6_0039,S6_relation_rich_nonchaotic_bias,2,2,003555bb9185,"[0,1,0,0,1,0,0,1,0,0,0,0,0,1,1,0,0,1,1,0,0,0,0,1,1,0,0,0,1,1,1,0]",0.0745011913275403,0.07331000434027778,0.3217622291947228,0.0,0.0,0.0,0.0,0.0,148.625,161.33333333333334,1.0,0.08282302082781183,1.0,0.9015842013888888,0.8402777777777777,0.12198893229166667,-0.05747251157407406,0.0,1.0,0.0745011913275403,0.9254988086724597,234.1588395572704,0.0,0.0,0.3541666666666667,0.12395833333333332,0.3217622291947228,0.14662000868055555,0.8533799913194443,0.9891747622384939,0.08402710476143611,transported_identity,True,4,True,False,0.3125,0.954434002924965,0.04556599707503495,0.0,True,True,0.0882539410706769,0.468849061937971
q2_radius2,q2r2_s6_0043,S6_relation_rich_nonchaotic_bias,2,2,e0c5c4121b10,"[0,1,1,0,1,1,0,1,1,0,0,0,1,1,1,1,0,0,1,0,1,1,1,1,0,0,0,1,0,1,1,1]",0.5734157002239854,0.7684054904513888,0.8802075783780706,0.0,0.0,0.0,0.2986111111111111,0.5069444444444444,159.76388888888889,168.0,1.8333333333333333,2.2039486780067223,1.0,0.6309407552083334,0.875,0.38235134548611116,-0.03682002314814815,0.75,1.0,0.5734157002239854,0.4265842997760146,166666682.8966825,0.2986111111111111,0.5069444444444444,0.4270833333333333,0.3435763888888889,0.8802075783780706,0.24479166666666666,0.7552083333333334,0.23843269806554504,0.2226171833538544,emitter_or_generator,True,4,True,False,0.25,0.9744894033980523,0.025510596601947655,0.0,True,True,0.12310348130356195,0.6462932768437003
q2_radius2,q2r2_s6_0041,S6_relation_rich_nonchaotic_bias,2,2,0fceed07227a,"[0,1,1,0,1,1,1,1,1,0,0,0,1,1,1,0,0,0,1,0,1,1,1,1,0,0,0,0,1,1,1,1]",0.5464117371905585,0.6651746961805556,0.9843743162556596,0.0,0.0,0.0,1.0,1.0,195.94444444444443,196.0,2.3333333333333335,0.7018904392322608,1.0,0.9175889756944445,1.0208333333333333,0.08241102430555557,0.0,1.0,1.0,0.5464117371905585,0.4535882628094416,500000072.4023201,1.0,1.0,0.5,0.8249999999999998,0.9843743162556596,0.6202256944444444,0.3797743055555556,0.5053604553228377,0.6108199031957287,emitter_or_generator,True,4,True,False,0.1875,0.9744894033980523,0.025510596601947655,0.0,True,True,0.005150177173931374,0.026716544089769003
q2_radius2,q2r2_s6_0048,S6_relation_rich_nonchaotic_bias,2,2,54c60e64261a,"[0,1,1,0,1,1,1,1,1,0,0,0,1,1,1,1,0,1,1,0,1,1,0,1,0,0,0,1,1,1,1,1]",0.6831034307309656,0.840793185763889,0.8710219174567904,0.0,0.0,0.3506944444444444,0.5173611111111112,1.0,171.2222222222222,173.33333333333334,1.5,1.911889483620551,1.0,0.8948025173611112,0.9027777777777777,0.105224609375,-0.029260706018518517,1.5,0.6493055555555556,0.6831034307309656,0.31689656926903426,70.30496079566782,0.5173611111111112,1.0,0.5347222222222222,0.5234375,0.8710219174567904,0.2790256076388889,0.720974392361111,0.25745247991485004,0.2532680910011538,transported_identity,True,4,True,False,0.1875,0.9283620723948676,0.07163792760513243,0.0,True,True,0.03350650228572664,0.17381498060720693
q2_radius2,q2r2_s6_0047,S6_relation_rich_nonchaotic_bias,2,2,a38d1c941636,"[0,0,1,0,1,1,0,1,1,0,0,0,1,1,1,1,1,1,1,0,1,1,1,1,1,0,0,0,1,1,1,1]",0.6839028964045409,0.8433973524305555,0.8687488951649073,0.0,0.0,0.0,1.0,1.0,140.70833333333334,141.33333333333334,11.666666666666666,2.623173006245861,1.0,0.8888753255208334,0.736111111111111,0.11112467447916667,-0.03316695601851852,1.0,1.0,0.6839028964045409,0.3160971035954591,500000045.54948324,1.0,1.0,0.5,0.8249999999999998,0.8687488951649073,0.2946234809027778,0.7053765190972223,0.2583273549450344,0.26362648756447765,emitter_or_generator,True,4,True,False,0.25,0.9283620723948676,0.07163792760513243,0.0,True,True,0.01272880283872647,0.06682621490331396
q2_radius2,q2r2_s6_0042,S6_relation_rich_nonchaotic_bias,2,2,86ff56ed63c3,"[0,1,1,1,1,1,0,1,1,0,0,0,0,1,1,0,0,1,1,0,1,1,1,1,0,0,0,1,0,1,1,1]",0.43066701411377367,0.5421549479166666,0.8398925489561447,0.0,0.0,0.0,0.5034722222222222,0.5034722222222222,165.63888888888889,172.0,3.1666666666666665,0.6458866500242868,1.0,0.8697374131944445,0.8958333333333331,0.13026258680555555,-0.037037037037037035,0.5,1.0,0.43066701411377367,0.5693329858862263,333333374.4265719,0.5034722222222222,0.5034722222222222,0.6666666666666666,0.5605902777777778,0.8398925489561447,0.5843641493055556,0.4156358506944444,0.5747191527891944,0.5800156131402276,transported_identity,True,4,True,False,0.3125,0.9744894033980523,0.025510596601947655,0.0,True,True,0.020907911734288614,0.11107328108840826
q2_radius2,q2r2_s6_0046,S6_relation_rich_nonchaotic_bias,2,2,51fdd493ae55,"[0,1,0,0,1,1,0,1,0,0,0,1,0,1,1,0,0,0,0,0,1,0,1,1,0,0,0,0,1,1,1,0]",0.22101733131386728,0.2644992404513889,0.728914077345177,0.0,0.0,0.0,0.6631944444444444,0.8958333333333334,159.0,173.33333333333334,1.0,0.3161336223943143,1.0,0.9559326171875,0.9027777777777777,0.04743109809027778,-0.03747106481481481,1.1666666666666667,1.0,0.22101733131386728,0.7789826686861328,333333356.5863844,0.6631944444444444,0.8958333333333334,0.3333333333333333,0.5477430555555556,0.728914077345177,0.4832899305555556,0.5167100694444444,0.8858416020382132,0.3648126188056511,emitter_or_generator,True,4,True,False,0.1875,0.9744894033980523,0.025510596601947655,0.0,True,True,0.013024995006675722,0.0675671615971303
q2_radius2,q2r2_s6_0045,S6_relation_rich_nonchaotic_bias,2,2,e23707cba76f,"[0,1,0,0,1,0,0,0,0,0,0,1,1,0,1,0,0,0,1,0,1,1,0,1,0,0,0,0,1,1,1,0]",0.24727587131638598,0.2814805772569445,0.7794256643815576,0.0,0.0,0.0,0.2638888888888889,0.5625,182.54166666666666,184.66666666666666,1.0,0.12696909884622304,1.0,0.915283203125,0.9618055555555555,0.08525933159722221,-0.04123263888888889,2.1666666666666665,1.0,0.24727587131638598,0.7527241286836142,166666844.0422122,0.2638888888888889,0.5625,0.3194444444444445,0.2833333333333334,0.7794256643815576,0.5567762586805556,0.4432237413194445,0.9780690069102514,0.4437305389035564,transported_identity,True,4,True,False,0.4375,0.954434002924965,0.04556599707503495,0.0,True,True,0.031109987693811392,0.16916055808509944
q2_radius2,q2r2_s6_0044,S6_relation_rich_nonchaotic_bias,2,2,4541d06fea17,"[0,1,1,0,1,1,1,1,1,0,0,1,1,1,1,0,0,1,1,0,0,1,0,1,1,0,0,1,1,1,1,1]",0.7401496215187824,0.85205078125,0.7854664958449774,0.0,0.0,0.0,0.0,0.041666666666666664,195.9861111111111,196.0,5.333333333333333,2.052500252866579,1.0,0.9120551215277778,1.0208333333333333,0.09719509548611112,-0.01095920138888889,0.0,1.0,0.7401496215187824,0.25985037848121767,333333439.42618495,0.0,0.041666666666666664,0.4895833333333333,0.17135416666666667,0.7854664958449774,0.2958984375,0.7041015625,0.24102033482427876,0.24320014416637456,transported_identity,True,4,True,False,0.4375,0.9283620723948676,0.07163792760513243,0.0,True,True,0.055592400671540844,0.30228367865150335
q2_radius2,q2r2_s7_0000,S7_symmetric_control,2,2,d96dadccd152,"[0,0,0,0,0,1,1,0,0,0,1,1,1,1,0,0,0,1,0,1,1,0,1,1,0,1,1,0,0,1,0,0]",0.047135725883347725,0.015597873263888888,0.2179716149185523,0.3993055555555555,0.3993055555555555,0.0,1.0,1.0,123.4861111111111,153.33333333333334,1.6666666666666667,0.4766471276149884,0.701388888888889,0.9773356119791666,0.798611111111111,0.022664388020833332,-0.03877314814814814,1.0,0.6006944444444445,0.047135725883347725,0.9528642741166523,166666700.83036146,1.0,1.0,0.8333333333333334,0.9416666666666668,0.2179716149185523,0.015597873263888888,0.9844021267361112,0.38772484537903984,0.004312251650751717,frozen_order,True,4,True,False,0.0,0.9886994082884974,0.01130059171150255,0.0,False,False,0.0012865529883185824,0.006432764941592912
q2_radius2,q2r2_s7_0001,S7_symmetric_control,2,2,dac752af588d,"[0,0,1,0,1,1,1,1,1,1,0,0,1,1,1,1,0,1,1,0,1,0,1,0,0,0,0,1,1,0,1,1]",0.15013144520005758,0.14876302083333334,0.40845918106308093,0.0,0.0,0.0,0.5694444444444445,1.0,195.84722222222226,196.0,2.0,1.1882059586413833,1.0,1.0,1.0208333333333333,0.0,0.0,1.3333333333333333,1.0,0.15013144520005758,0.8498685547999424,333333483.7656283,0.5694444444444445,1.0,1.0,0.7201388888888888,0.40845918106308093,0.10918511284722221,0.8908148871527778,0.41765202092609927,0.09907311736695938,frozen_order,True,4,True,False,0.0,0.9744894033980523,0.025510596601947655,0.0,True,False,0.0,0.0
q2_radius2,q2r2_s6_0049,S6_relation_rich_nonchaotic_bias,2,2,8f638ba77dd8,"[0,1,0,0,1,1,1,1,1,0,0,0,0,1,1,1,0,1,0,0,1,1,1,1,0,0,0,1,1,1,1,1]",0.4640320562122194,0.544826931423611,0.9484892999423948,0.0,0.0,0.0,1.0,1.0,195.95833333333334,196.0,1.0,0.628529110025719,1.0,0.9430202907986112,1.0208333333333333,0.05697970920138889,-0.014105902777777776,1.0,1.0,0.4640320562122194,0.5359679437877807,333333415.11883265,1.0,1.0,0.5,0.8249999999999998,0.9484892999423948,0.8668077256944445,0.13319227430555555,0.8138268150558413,0.8229799870032278,frozen_order,True,4,True,False,0.1875,0.9744894033980523,0.025510596601947655,0.0,True,True,0.0016645685424026841,0.008634949313713924
q2_radius2,q2r2_s7_0003,S7_symmetric_control,2,2,db98bf6f63a8,"[0,0,0,0,1,1,1,0,0,0,1,0,1,1,1,0,0,0,0,0,1,1,1,1,0,0,0,0,0,1,0,1]",0.1655144831471287,0.1466606987847222,0.4823628313583596,0.003472222222222222,0.003472222222222222,0.0,0.96875,1.0,188.80555555555557,196.0,1.6666666666666667,0.7102325755849437,0.9965277777777778,1.0,1.0208333333333333,0.0,-0.00028935185185185184,1.0,0.9965277777777778,0.1655144831471287,0.8344855168528714,333333360.8148022,0.96875,1.0,1.0,0.9796874999999999,0.4823628313583596,0.1675347222222222,0.8324652777777777,0.6904002568808707,0.14058007006690065,frozen_order,True,4,True,False,0.0,0.9744894033980523,0.025510596601947655,0.0,True,False,0.0,0.0
q2_radius2,q2r2_s7_0008,S7_symmetric_control,2,2,81f92f17fdc5,"[0,0,0,0,1,1,0,0,0,0,1,0,0,0,0,1,0,1,0,1,1,0,0,1,0,1,0,0,0,1,1,0]",0.031159554120790158,0.015652126736111112,0.17295706611865494,0.3506944444444444,0.3506944444444444,0.0,1.0,1.0,127.18055555555554,154.0,1.1666666666666667,0.2242169806958604,0.7430555555555557,1.0,0.8020833333333334,0.0,-0.029224537037037035,1.0,0.6493055555555556,0.031159554120790158,0.9688404458792098,166666731.72717413,1.0,1.0,1.0,1.0,0.17295706611865494,0.031141493055555556,0.9688585069444445,0.6751690226907684,0.008302858292838146,frozen_order,True,4,True,False,0.0,0.9283620723948676,0.07163792760513243,0.0,True,False,0.0,0.0
q2_radius2,q2r2_s7_0010,S7_symmetric_control,2,2,dce1d1a888b9,"[0,1,1,1,1,0,0,1,1,0,1,0,0,0,1,1,1,1,0,0,0,0,0,0,1,0,0,1,1,0,1,1]",0.7151178986983663,0.792995876736111,0.5323588029382971,0.16666666666666666,0.16666666666666666,0.2152777777777778,0.5312500000000001,1.0,115.27777777777779,144.0,8.333333333333334,2.581081658202933,0.8055555555555557,0.9811197916666666,0.75,0.019694010416666668,-0.03942418981481481,2.0,0.6180555555555556,0.7151178986983663,0.28488210130163355,55.6421163318116,0.5312500000000001,1.0,0.8333333333333334,0.6369791666666667,0.5323588029382971,0.03998480902777778,0.9600151909722223,0.10101114144820506,0.021275718147010476,emitter_or_generator,True,4,True,False,0.0,1.0,0.0,0.0,False,False,0.006865119676140934,0.034325598380704675
q2_radius2,q2r2_s7_0004,S7_symmetric_control,2,2,97ffc299a23a,"[0,1,0,0,1,1,0,0,0,0,1,0,0,1,1,0,1,0,0,0,1,0,1,0,0,0,0,1,0,0,0,1]",0.342124504128886,0.3699001736111111,0.9228505785931755,0.0,0.0,0.0,1.0,1.0,195.01388888888889,196.0,1.0,0.6830659252294979,1.0,0.9998508029513888,1.0208333333333333,0.0001491970486111111,-0.0008680555555555555,1.0,1.0,0.342124504128886,0.657875495871114,333333388.37185585,1.0,1.0,0.9965277777777778,0.9987847222222221,0.9228505785931755,0.6206868489583334,0.3793131510416667,0.8474592761086351,0.574363444492929,frozen_order,True,4,True,False,0.0,0.9283620723948676,0.07163792760513243,0.0,True,False,7.716314289368798e-08,3.8581571446843994e-07
q2_radius2,q2r2_s7_0015,S7_symmetric_control,2,2,c236962748ed,"[0,0,0,1,0,1,0,0,0,0,0,1,0,1,1,0,0,1,0,1,1,0,1,0,1,1,1,0,0,0,0,0]",0.02122189220369171,0.018880208333333332,0.12360071025754038,0.5243055555555556,0.5243055555555556,0.0,0.6875,1.0,90.61111111111113,132.0,1.1666666666666667,0.47773555264156636,0.4618055555555555,1.0,0.6875,0.0,-0.04369212962962963,2.6666666666666665,0.4756944444444444,0.02122189220369171,0.9787781077963084,41.85327155546337,0.6875,1.0,1.0,0.796875,0.12360071025754038,0.031005859375,0.968994140625,0.414142705408252,0.009243737524117205,frozen_order,True,4,True,False,0.0,0.954434002924965,0.04556599707503495,0.0,True,False,0.0,0.0
q2_radius2,q2r2_s7_0005,S7_symmetric_control,2,2,e8c8dc946ea5,"[0,1,1,1,1,1,1,0,1,0,1,0,1,1,1,0,1,1,0,0,1,1,1,0,1,0,0,1,0,0,0,0]",0.2492152923952936,0.3076985677083333,0.7475128630986614,0.17708333333333334,0.17708333333333334,0.0,0.17708333333333334,0.17708333333333334,78.69444444444444,122.66666666666667,2.5,1.964450820805224,0.9097222222222222,0.6894938151041666,0.6388888888888888,0.3430311414930555,-0.027488425925925927,0.16666666666666666,0.8229166666666666,0.2492152923952936,0.7507847076047064,9.99079993905488,0.17708333333333334,0.17708333333333334,0.17708333333333334,0.17708333333333334,0.7475128630986614,0.1391872829861111,0.8608127170138888,0.2724226525423922,0.11980625849508475,emitter_or_generator,True,4,True,False,0.0,0.9886994082884974,0.01130059171150255,0.0,False,False,0.17131605214306833,0.8565802607153417
q2_radius2,q2r2_s7_0011,S7_symmetric_control,2,2,c26e87e5ce8b,"[0,0,1,1,0,1,1,0,1,1,0,1,1,1,0,1,0,1,1,0,1,0,1,1,1,0,1,0,0,1,1,1]",0.7446748670930484,0.9588216145833334,0.7726291474960049,0.0,0.0,0.19791666666666666,0.30902777777777773,1.0,154.19444444444443,164.66666666666666,3.6666666666666665,3.0251360791048536,0.9930555555555555,0.8498942057291666,0.8576388888888888,0.15010579427083334,-0.01707175925925926,2.3333333333333335,0.8020833333333334,0.7446748670930484,0.25532513290695164,221.45741149519264,0.30902777777777773,1.0,0.3333333333333333,0.31753472222222223,0.7726291474960049,0.07226562500000001,0.927734375,0.07140272803141066,0.04086104730114546,transported_identity,True,4,True,False,0.0,0.954434002924965,0.04556599707503495,0.0,True,False,0.08350729472372215,0.41753647361861074
q2_radius2,q2r2_s7_0013,S7_symmetric_control,2,2,ed74f4d3e4e1,"[0,0,0,0,1,0,0,1,0,0,1,0,0,0,0,1,0,1,0,0,0,0,0,1,0,0,0,0,1,1,1,0]",0.06877906636801957,0.04193793402777778,0.29914578323037766,0.1875,0.1875,0.0,0.9930555555555557,1.0,146.0,152.0,1.1666666666666667,0.3019405266115427,0.8125,0.9821370442708334,0.7916666666666666,0.018595377604166668,-0.0224609375,1.0,0.8125,0.06877906636801957,0.9312209336319804,166666791.9956791,0.9930555555555557,1.0,0.8333333333333334,0.9371527777777778,0.29914578323037766,0.06670464409722222,0.9332953559027778,0.7302421586799998,0.033779349131498396,frozen_order,True,4,True,False,0.0,0.8571484374283715,0.14285156257162845,0.0,True,False,0.0011090203013302859,0.005545101506651429
q2_radius2,q2r2_s7_0002,S7_symmetric_control,2,2,9ed43f828770,"[0,0,1,1,1,0,0,0,1,0,0,0,0,1,1,0,0,0,0,1,0,1,1,1,1,1,0,0,0,1,0,1]",0.32979322399431493,0.3843180338541667,0.8969898966407008,0.0,0.0,0.0,0.08680555555555557,0.08680555555555557,162.80555555555557,196.0,1.0,0.8308768757352135,1.0,0.6400960286458334,1.0208333333333333,0.3872477213541667,-0.018229166666666668,0.16666666666666666,1.0,0.32979322399431493,0.670206776005685,32.296669631130094,0.08680555555555557,0.08680555555555557,0.08680555555555557,0.08680555555555557,0.8969898966407008,0.6381293402777778,0.36187065972222227,0.8099248135743004,0.5756676207159376,emitter_or_generator,True,4,True,False,0.0,0.9886994082884974,0.01130059171150255,0.0,False,False,0.09605134195902479,0.4802567097951239
q2_radius2,q2r2_s7_0007,S7_symmetric_control,2,2,1f20fa194a4e,"[0,0,0,1,1,1,0,0,0,1,0,1,0,0,1,0,0,1,1,1,1,0,0,0,1,1,1,1,0,0,0,1]",0.19024577385128813,0.2111138237847222,0.45855822628063,0.0,0.0,0.0,0.5243055555555556,0.6493055555555555,195.41666666666666,196.0,1.5,0.7082808823906851,1.0,0.9504801432291666,1.0208333333333333,0.04973687065972222,-0.005931712962962962,0.5,1.0,0.19024577385128813,0.809754226148712,500000012.0405099,0.5243055555555556,0.6493055555555555,0.576388888888889,0.5425347222222222,0.45855822628063,0.21009657118055555,0.7899034288194443,0.7764407162138821,0.1856768425978753,emitter_or_generator,True,4,True,False,0.0,0.9971803988942642,0.0028196011057357584,0.0,False,False,0.017610692202428616,0.08805346101214308
q2_radius2,q2r2_s7_0014,S7_symmetric_control,2,2,82e878d921f3,"[0,0,0,1,0,1,0,1,0,1,1,1,0,1,1,1,0,0,1,1,1,1,1,0,1,1,1,1,1,0,1,1]",0.5166426039867588,0.5704210069444444,0.4484154057864837,0.17013888888888887,0.17013888888888887,0.22569444444444445,0.3958333333333333,0.5277777777777778,123.80555555555556,132.0,1.5,1.261969592440977,0.6527777777777778,0.8676622178819443,0.6874999999999999,0.14185926649305558,-0.04116030092592592,0.6666666666666666,0.6041666666666666,0.5166426039867588,0.4833573960132413,166666680.29305875,0.3958333333333333,0.5277777777777778,0.5104166666666666,0.43593750000000003,0.4484154057864837,0.17594401041666666,0.8240559895833334,0.22358171515241532,0.14349883820388007,transported_identity,True,4,True,False,0.0,0.9283620723948676,0.07163792760513243,0.0,True,False,0.05946529543369168,0.2973264771684584
q2_radius2,q2r2_s7_0018,S7_symmetric_control,2,2,76692f449e15,"[0,0,0,0,0,1,0,0,0,0,0,0,0,1,0,0,0,1,0,1,1,0,1,1,0,1,0,0,0,1,0,0]",0.01988185955041019,0.01828342013888889,0.11717245027985279,0.5138888888888888,0.5138888888888888,0.0,1.0,1.0,96.125,132.0,1.1666666666666667,0.22143405190587817,0.4861111111111111,1.0,0.6875,0.0,-0.04282407407407407,1.0,0.4861111111111111,0.01988185955041019,0.9801181404495898,51.10893896291489,1.0,1.0,1.0,1.0,0.11717245027985279,0.03529188368055556,0.9647081163194445,0.4803817330618729,0.010317636369775776,frozen_order,True,4,True,False,0.0,0.8571484374283715,0.14285156257162845,0.0,True,False,0.0,0.0
q2_radius2,q2r2_s7_0006,S7_symmetric_control,2,2,8959036a564c,"[0,1,0,0,0,0,1,1,0,1,0,0,1,0,0,0,1,1,1,1,0,1,0,1,0,1,0,0,1,1,0,1]",0.3157783995844128,0.3400743272569444,0.8780945436397767,0.0,0.0,0.0,0.10069444444444443,0.42361111111111116,194.4861111111111,196.0,1.0,0.34221225446412196,1.0,0.810085720486111,1.0208333333333333,0.21063910590277776,-0.02426938657407407,1.0833333333333333,1.0,0.3157783995844128,0.6842216004155871,166666692.89118737,0.10069444444444443,0.42361111111111116,0.3993055555555555,0.20520833333333333,0.8780945436397767,0.6279839409722222,0.37201605902777773,0.9123899188665265,0.5601531990221164,transported_identity,True,4,True,False,0.0,0.9971803988942642,0.0028196011057357584,0.0,False,False,0.059651960569019696,0.29825980284509845
q2_radius2,q2r2_s7_0009,S7_symmetric_control,2,2,194743abf6da,"[0,1,0,1,1,1,1,0,0,0,1,1,1,1,1,1,1,0,0,0,1,1,1,0,1,0,1,0,0,0,1,1]",0.3699243487334485,0.3519015842013889,0.8421700588708702,0.0,0.0,0.05902777777777778,0.2604166666666667,0.5937499999999999,183.94444444444443,196.0,1.0,0.9051464350381003,0.9409722222222222,0.9557562934027778,1.0208333333333333,0.04424370659722222,-0.02054398148148148,0.6666666666666666,0.9409722222222222,0.3699243487334485,0.6300756512665516,166666737.599575,0.2604166666666667,0.5937499999999999,0.6875,0.40989583333333335,0.8421700588708702,0.47894965277777773,0.5210503472222222,0.7076188596632621,0.4050774643105001,emitter_or_generator,True,4,True,False,0.0,0.9744894033980523,0.025510596601947655,0.0,True,False,0.014845258745547,0.074226293727735
q2_radius2,q2r2_s7_0016,S7_symmetric_control,2,2,f36072cd4a8d,"[0,0,1,0,1,0,1,0,1,1,1,1,1,0,0,1,0,1,1,1,0,1,0,1,0,1,1,1,0,1,1,0]",0.2676773554440126,0.3089735243055555,0.6450011670170338,0.16666666666666666,0.16666666666666666,0.0,0.3333333333333333,0.3506944444444444,107.5138888888889,129.33333333333334,1.6666666666666667,1.488981042693193,0.8125,0.7116563585069445,0.673611111111111,0.3217637803819445,-0.02687355324074074,0.3333333333333333,0.8333333333333334,0.2676773554440126,0.7323226445559873,166666676.34932122,0.3333333333333333,0.3506944444444444,0.3506944444444444,0.33940972222222227,0.6450011670170338,0.27441406250000006,0.7255859375,0.3922124524869215,0.2602928434079646,transported_identity,True,4,True,False,0.0,0.9744894033980523,0.025510596601947655,0.0,True,False,0.11189211627913345,0.5594605813956672
q2_radius2,q2r2_s7_0012,S7_symmetric_control,2,2,cbe0b59fca60,"[0,1,0,1,0,0,1,0,0,1,0,0,1,1,0,1,1,0,1,0,0,0,1,1,1,0,0,0,0,1,1,1]",0.41564062949769714,0.4837510850694444,0.8448329265985031,0.17013888888888887,0.17013888888888887,0.0,0.17708333333333334,0.17361111111111113,147.06944444444446,174.0,1.8333333333333333,1.8711750779380008,1.0,0.6539984809027778,0.9062499999999999,0.37065972222222227,-0.02224392361111111,0.16666666666666666,0.829861111111111,0.41564062949769714,0.5843593705023028,14.877953330859803,0.17708333333333334,0.17361111111111113,0.17361111111111113,0.17586805555555554,0.8448329265985031,0.38764105902777785,0.6123589409722222,0.4077207826759548,0.384382079667722,emitter_or_generator,True,4,True,False,0.0,0.9971803988942642,0.0028196011057357584,0.0,False,False,0.12298726315439058,0.614936315771953
q2_radius2,q2r2_s7_0017,S7_symmetric_control,2,2,a36d20ef764a,"[0,0,1,1,0,0,0,0,1,1,1,0,0,1,1,0,0,0,1,1,0,0,1,1,1,1,0,0,0,1,0,0]",0.41915396348319667,0.4989420572916667,0.9628622099260542,0.0,0.0,0.0,0.0,0.7534722222222223,195.90277777777774,196.0,1.3333333333333333,0.8153192770401803,1.0,0.8307427300347223,1.0208333333333333,0.17264811197916666,-0.02944155092592592,2.1666666666666665,1.0,0.41915396348319667,0.5808460365168034,500000118.0613348,0.0,0.7534722222222223,0.3333333333333333,0.11666666666666665,0.9628622099260542,0.68505859375,0.31494140625,0.7368269084070925,0.658677727224042,transported_identity,True,4,True,False,0.0,0.9886994082884974,0.01130059171150255,0.0,False,False,0.04324318073771048,0.21621590368855242
q2_radius2,q2r2_s7_0021,S7_symmetric_control,2,2,87c7b858c9a0,"[0,0,1,0,0,1,0,0,1,0,0,0,0,0,1,1,0,0,0,1,1,1,0,1,0,1,0,1,0,1,1,0]",0.09171191068922711,0.0731201171875,0.34184601523134833,0.21180555555555555,0.21180555555555555,0.0,0.28125,1.0,99.22222222222221,164.0,1.1666666666666667,0.7034964094059193,0.5277777777777778,0.9886067708333334,0.8541666666666666,0.011393229166666666,-0.01765046296296296,5.666666666666667,0.7881944444444443,0.09171191068922711,0.9082880893107729,60.329940464841144,0.28125,1.0,0.9027777777777778,0.49878472222222214,0.34184601523134833,0.1264377170138889,0.873562282986111,0.6434407563185899,0.09008704794387418,emitter_or_generator,True,4,True,False,0.0,0.9744894033980523,0.025510596601947655,0.0,True,False,0.005136822521473755,0.025684112607368775
q2_radius2,q2r2_s7_0019,S7_symmetric_control,2,2,c2fda5902a74,"[0,1,0,1,0,1,1,0,0,1,1,1,1,0,0,0,1,1,1,0,1,0,0,1,1,0,1,1,0,1,0,0]",0.35177656227511517,0.3661702473958333,0.822847760304999,0.17013888888888887,0.17013888888888887,0.0,0.17013888888888887,0.5034722222222222,115.625,158.66666666666666,1.6666666666666667,1.2513353651484087,0.9965277777777777,0.7837727864583334,0.8263888888888888,0.24370659722222224,-0.02998408564814815,0.8333333333333334,0.829861111111111,0.35177656227511517,0.6482234377248848,166666697.11878726,0.17013888888888887,0.5034722222222222,0.5034722222222222,0.28680555555555554,0.822847760304999,0.41750759548611116,0.582492404513889,0.5367722400021693,0.3934766157669916,transported_identity,True,4,True,False,0.0,0.9971803988942642,0.0028196011057357584,0.0,False,False,0.08262528434574867,0.41312642172874336
q2_radius2,q2r2_s7_0022,S7_symmetric_control,2,2,2906c80a4313,"[0,0,0,1,1,0,1,0,0,1,1,0,1,1,0,0,0,0,1,0,0,0,1,0,1,0,0,1,0,0,0,0]",0.08639738953655729,0.05859375000000001,0.3576132853257374,0.0,0.0,0.0,1.0,1.0,182.5,184.66666666666666,1.0,0.0761972978870618,1.0,0.9801296657986112,0.9618055555555555,0.019870334201388888,-0.00632957175925926,1.0,1.0,0.08639738953655729,0.9136026104634428,500000064.81525445,1.0,1.0,0.8333333333333334,0.9416666666666668,0.3576132853257374,0.11718750000000001,0.8828125,0.9922938130248317,0.06994186780426952,frozen_order,True,4,True,False,0.0,0.9283620723948676,0.07163792760513243,0.0,True,False,0.0010566121353968625,0.005283060676984312
q2_radius2,q2r2_s8_0000,S8_self_only_control,2,2,a506853b28bc,"[0,0,1,0,0,1,1,1,0,0,0,0,1,1,0,1,0,0,0,0,1,0,1,0,0,0,0,0,1,1,1,1]",0.09886746579501295,0.0974392361111111,0.3364375853312991,0.0,0.0,0.0,0.6944444444444443,0.6944444444444443,175.45833333333334,185.33333333333334,1.6666666666666667,0.8946615568473494,1.0,0.9973958333333334,0.9652777777777777,0.0026041666666666665,-0.014467592592592593,0.6666666666666666,1.0,0.09886746579501295,0.901132534204987,500000028.5039511,0.6944444444444443,0.6944444444444443,0.9930555555555555,0.7989583333333332,0.3364375853312991,0.09944661458333333,0.9005533854166666,0.6212081907934919,0.07684640117249383,frozen_order,True,4,True,False,0.125,0.9744894033980523,0.025510596601947655,0.0,True,True,0.0004820547518675802,0.0024705306033213485
q2_radius2,q2r2_s7_0023,S7_symmetric_control,2,2,eb46ef85f13e,"[0,0,1,0,0,1,1,1,1,0,0,0,1,1,0,0,0,1,0,0,1,0,1,1,0,0,0,1,1,1,0,0]",0.17808435206174442,0.18641493055555558,0.46681162519780867,0.0,0.0,0.0,0.4583333333333333,0.5659722222222222,174.38888888888889,196.0,1.3333333333333333,0.9758815241394384,1.0,0.8351101345486112,1.0208333333333333,0.1859130859375,-0.004195601851851851,0.5,1.0,0.17808435206174442,0.8219156479382557,333333370.218916,0.4583333333333333,0.5659722222222222,0.5625,0.4947916666666667,0.46681162519780867,0.22664388020833334,0.7733561197916666,0.5863488971017806,0.20143367738441534,localized_persistence,True,4,True,False,0.0,0.9886994082884974,0.01130059171150255,0.0,False,False,0.06263761461737177,0.31318807308685886
q2_radius2,q2r2_s8_0002,S8_self_only_control,2,2,f118ea40d77a,"[0,0,0,0,1,1,1,1,0,1,0,0,1,1,1,1,0,0,0,0,1,1,1,1,0,0,0,0,1,1,1,1]",0.22706279853465028,0.22711859809027776,0.5274070088090667,0.0,0.0,0.0,1.0,1.0,196.0,196.0,1.5,0.8945659209541619,1.0,1.0,1.0208333333333333,0.0,0.0,1.0,1.0,0.22706279853465028,0.7729372014653496,500000023.7377057,1.0,1.0,1.0,1.0,0.5274070088090667,0.31879340277777773,0.6812065972222222,0.6913889068678484,0.30225016968488944,frozen_order,True,4,True,False,0.0625,0.9971803988942642,0.0028196011057357584,0.0,False,False,0.0,0.0
q2_radius2,q2r2_s8_0003,S8_self_only_control,2,2,f0d25c9e92c1,"[0,0,0,0,1,1,1,1,0,1,0,0,1,1,1,1,0,0,0,0,1,1,1,1,0,0,0,1,1,1,1,1]",0.23985713064910766,0.24001736111111108,0.5280224070891725,0.0,0.0,0.0,1.0,1.0,196.0,196.0,1.3333333333333333,1.0661100894122004,1.0,1.0,1.0208333333333333,0.0,0.0,1.0,1.0,0.23985713064910766,0.7601428693508924,500000020.6480866,1.0,1.0,1.0,1.0,0.5280224070891725,0.2945692274305556,0.7054307725694445,0.6507812290712746,0.27979270445317517,frozen_order,True,4,True,False,0.0625,0.9886994082884974,0.01130059171150255,0.0,False,False,0.0,0.0
q2_radius2,q2r2_s8_0001,S8_self_only_control,2,2,80ba88ec1a93,"[0,0,0,0,1,1,1,1,0,0,0,0,1,1,1,1,0,0,0,0,1,1,1,1,0,0,0,0,1,1,1,1]",0.21552191840277776,0.21552191840277776,0.518444032482827,0.0,0.0,0.0,1.0,1.0,196.0,196.0,1.5,0.8395760060439232,1.0,1.0,1.0208333333333333,0.0,0.0,1.0,1.0,0.21552191840277776,0.7844780815972222,333333403.0300246,1.0,1.0,1.0,1.0,0.518444032482827,0.31781684027777773,0.6821831597222222,0.7151307961389411,0.29885414794931275,frozen_order,True,0,False,True,0.0,1.0,0.0,0.0,False,False,0.0,0.0
q2_radius2,q2r2_s7_0020,S7_symmetric_control,2,2,541d91c6cf97,"[0,1,0,1,1,0,0,1,0,0,1,1,0,1,1,1,1,0,0,1,0,0,1,0,1,1,1,1,1,0,1,0]",0.4706689003355282,0.5090874565972222,0.991750728407159,0.0,0.0,0.0,0.003472222222222222,0.36111111111111116,194.4861111111111,196.0,1.1666666666666667,0.47595316437655527,1.0,0.7612847222222222,1.0208333333333333,0.3709852430555555,-0.03877314814814815,0.6666666666666666,1.0,0.4706689003355282,0.5293310996644718,166666748.9160279,0.003472222222222222,0.36111111111111116,0.28125,0.10069444444444443,0.991750728407159,0.8296712239583334,0.1703287760416667,0.773794102971868,0.8234300348856917,chaotic,True,4,True,False,0.0,0.9886994082884974,0.01130059171150255,0.0,False,False,0.044846427912376856,0.22423213956188429
q2_radius2,q2r2_s8_0004,S8_self_only_control,2,2,e89518b38c17,"[1,0,0,0,1,0,1,1,0,0,0,0,1,1,1,1,0,1,0,0,1,1,1,1,1,0,0,0,1,1,1,1]",0.7808894111839738,0.7885199652777778,0.5680152309613438,0.0,0.0,0.0,1.0,1.0,195.83333333333334,196.0,1.6666666666666667,1.3439363656532246,1.0,0.9854465060763888,1.0208333333333333,0.014553493923611112,0.0,1.0,1.0,0.7808894111839738,0.21911058881602619,333333366.3932515,1.0,1.0,0.8993055555555555,0.9647569444444445,0.5680152309613438,0.2819552951388889,0.7180447048611112,0.26433991077156627,0.2663141022122382,frozen_order,True,4,True,False,0.125,0.9886994082884974,0.01130059171150255,0.0,False,False,0.0003708378452796879,0.0019005439570584004
q2_radius2,q2r2_s7_0024,S7_symmetric_control,2,2,aabd0adbdca5,"[0,1,1,1,0,0,0,1,1,1,1,0,0,0,1,0,1,0,1,1,0,0,0,0,1,1,0,0,1,0,0,1]",0.468811210847546,0.5101996527777778,0.9911431825588366,0.0,0.0,0.0,0.0,0.3333333333333333,139.5972222222222,184.0,1.8333333333333333,1.5965762648848605,1.0,0.7015923394097222,0.9583333333333331,0.3389892578125,-0.02741608796296296,1.0,1.0,0.468811210847546,0.5311887891524539,166666703.3139274,0.0,0.3333333333333333,0.3333333333333333,0.11666666666666665,0.9911431825588366,0.3974338107638889,0.602566189236111,0.4380872616511616,0.39331992030569957,transported_identity,True,4,True,False,0.0,0.9971803988942642,0.0028196011057357584,0.0,False,False,0.12745448687375488,0.6372724343687743
q2_radius2,q2r2_s8_0005,S8_self_only_control,2,2,3fdb3e580a19,"[0,0,0,0,1,1,1,1,0,0,0,0,1,1,1,1,0,0,1,0,1,1,1,1,0,0,0,0,1,1,1,1]",0.2269261809828368,0.2269829644097222,0.5290060245006403,0.0,0.0,0.0,1.0,1.0,196.0,196.0,1.5,0.9052999750922107,1.0,1.0,1.0208333333333333,0.0,0.0,1.0,1.0,0.2269261809828368,0.7730738190171632,500000022.20348287,1.0,1.0,1.0,1.0,0.5290060245006403,0.3186848958333333,0.6813151041666666,0.692066254001138,0.3030669519521892,frozen_order,True,4,True,False,0.0625,0.9971803988942642,0.0028196011057357584,0.0,False,False,0.0,0.0
q2_radius2,q2r2_s8_0006,S8_self_only_control,2,2,74aaac76b061,"[0,0,0,0,1,1,1,1,0,0,0,0,1,1,1,1,0,0,0,0,1,1,1,1,0,1,0,1,1,1,1,1]",0.2325399395509499,0.23263888888888887,0.5238277310616664,0.0,0.0,0.0,1.0,1.0,196.0,196.0,1.1666666666666667,0.9568538575000862,1.0,1.0,1.0208333333333333,0.0,0.0,1.0,1.0,0.2325399395509499,0.7674600604490501,333333395.96427816,1.0,1.0,1.0,1.0,0.5238277310616664,0.3006184895833333,0.6993815104166666,0.6687980622292441,0.283098674013351,frozen_order,True,3,True,False,0.0625,0.9886994082884974,0.01130059171150255,0.0,False,False,0.0,0.0
q2_radius2,q2r2_s8_0007,S8_self_only_control,2,2,4d1e064082a1,"[0,0,0,0,1,1,1,1,0,0,0,0,1,1,1,1,0,0,0,0,1,1,1,1,1,0,0,0,1,1,1,1]",0.336955806751943,0.4299180772569444,0.7797079855298111,0.0,0.0,0.0,0.7534722222222223,1.0,173.9861111111111,174.0,6.333333333333333,1.6464981103166518,1.0,0.9075520833333334,0.90625,0.09244791666666667,-0.016022858796296297,1.0,1.0,0.336955806751943,0.663044193248057,166666721.9113144,0.7534722222222223,1.0,0.7534722222222223,0.7534722222222223,0.7797079855298111,0.3194444444444444,0.6805555555555555,0.5612465531296099,0.3119315534160261,emitter_or_generator,True,4,True,False,0.0625,0.9971803988942642,0.0028196011057357584,0.0,False,False,0.014232008359127152,0.07204954231808121
q2_radius2,q2r2_s8_0008,S8_self_only_control,2,2,242961630f24,"[0,0,0,0,1,1,1,1,0,0,0,0,0,1,1,1,0,0,0,0,1,1,1,1,0,0,0,0,1,1,1,1]",0.20324749197161052,0.20319281684027776,0.5018805646760984,0.0,0.0,0.0,1.0,1.0,196.0,196.0,1.0,0.665483644087005,1.0,1.0,1.0208333333333333,0.0,0.0,1.0,1.0,0.20324749197161052,0.7967525080283896,333333400.64458245,1.0,1.0,1.0,1.0,0.5018805646760984,0.3185221354166667,0.6814778645833334,0.8412482234378714,0.29652566321675233,frozen_order,True,4,True,False,0.0625,0.9971803988942642,0.0028196011057357584,0.0,False,False,0.0,0.0
q2_radius2,q2r2_s8_0010,S8_self_only_control,2,2,80ba88ec1a93,"[0,0,0,0,1,1,1,1,0,0,0,0,1,1,1,1,0,0,0,0,1,1,1,1,0,0,0,0,1,1,1,1]",0.21455891927083334,0.21455891927083334,0.5175799100414923,0.0,0.0,0.0,1.0,1.0,196.0,196.0,1.3333333333333333,0.8442799137321365,1.0,1.0,1.0208333333333333,0.0,0.0,1.0,1.0,0.21455891927083334,0.7854410807291666,333333403.00852984,1.0,1.0,1.0,1.0,0.5175799100414923,0.3188205295138889,0.6811794704861112,0.7127418458803749,0.30055931889302745,frozen_order,True,0,False,True,0.0,1.0,0.0,0.0,False,False,0.0,0.0
q2_radius2,q2r2_s8_0011,S8_self_only_control,2,2,3309f7522504,"[0,0,0,0,1,1,1,1,0,0,0,0,1,1,1,1,0,0,0,0,0,1,1,1,0,0,0,0,1,1,0,1]",0.15535987761765976,0.13936360677083334,0.47296969687149676,0.0,0.0,0.0,1.0,1.0,196.0,196.0,1.5,0.6934560289103898,1.0,0.9889865451388888,1.0208333333333333,0.011013454861111112,0.0,1.0,1.0,0.15535987761765976,0.8446401223823402,333333364.41860324,1.0,1.0,0.8993055555555555,0.9647569444444445,0.47296969687149676,0.20027669270833334,0.7997233072916666,0.7397888702350587,0.1699347403177768,frozen_order,True,4,True,False,0.125,0.9886994082884974,0.01130059171150255,0.0,False,False,0.0003186396026137897,0.0016330279633956723
q2_radius2,q2r2_s8_0009,S8_self_only_control,2,2,5ecc2de568b0,"[0,1,0,0,1,1,1,1,0,0,0,0,0,1,1,1,0,0,0,0,1,1,1,1,0,0,0,0,1,1,1,1]",0.4092179179260218,0.48809136284722227,0.9584740452642865,0.0,0.0,0.0,1.0,1.0,195.97222222222226,196.0,1.0,0.3770981234660824,1.0,0.9452582465277778,1.0208333333333333,0.05474175347222222,0.0,1.0,1.0,0.4092179179260218,0.5907820820739782,333333418.5481166,1.0,1.0,0.5,0.8249999999999998,0.9584740452642865,0.8833550347222222,0.11664496527777778,0.9005437733422282,0.8433117998647681,frozen_order,True,4,True,False,0.125,1.0,0.0,0.0,False,False,0.0014188729850512427,0.007271724048387619
q2_radius2,q2r2_s8_0012,S8_self_only_control,2,2,c693b19059bd,"[0,0,0,0,1,1,1,1,0,0,0,0,1,1,0,1,0,0,0,0,1,1,1,1,0,0,0,0,1,1,1,1]",0.20843621815630398,0.20840115017361108,0.5147848726035481,0.0,0.0,0.0,1.0,1.0,196.0,196.0,1.1666666666666667,0.6362539413369391,1.0,1.0,1.0208333333333333,0.0,0.0,1.0,1.0,0.20843621815630398,0.791563781843696,333333404.44653195,1.0,1.0,1.0,1.0,0.5147848726035481,0.3329264322916667,0.6670735677083334,0.7630421575937821,0.31249204071450803,frozen_order,True,4,True,False,0.0,0.9971803988942642,0.0028196011057357584,0.0,False,False,0.0,0.0
q2_radius2,q2r2_s8_0013,S8_self_only_control,2,2,6dae15c297c7,"[0,0,0,0,1,1,1,1,0,0,0,0,1,1,1,1,0,0,0,0,1,1,1,1,0,0,0,0,0,1,1,1]",0.20345396438273602,0.20334201388888887,0.5125995478196527,0.0,0.0,0.0,1.0,1.0,196.0,196.0,1.3333333333333333,0.7116735970847102,1.0,1.0,1.0208333333333333,0.0,0.0,1.0,1.0,0.20345396438273602,0.7965460356172639,333333400.95340306,1.0,1.0,1.0,1.0,0.5125995478196527,0.3199598524305555,0.6800401475694443,0.7433831095535747,0.2994434915991722,frozen_order,True,4,True,False,0.0625,0.9971803988942642,0.0028196011057357584,0.0,False,False,0.0,0.0
q2_radius2,q2r2_s8_0014,S8_self_only_control,2,2,0c0023419c7e,"[0,0,0,0,1,1,1,1,0,0,0,0,1,1,1,1,1,0,0,0,1,0,1,1,0,0,0,0,1,1,1,1]",0.2634972378517199,0.3139919704861111,0.7765062324947163,0.0,0.0,0.0,1.0,1.0,163.62500000000003,173.33333333333334,1.0,0.5730112763078943,1.0,0.9610053168402777,0.9027777777777777,0.03899468315972222,-0.013888888888888888,1.0,1.0,0.2634972378517199,0.7365027621482801,333333473.6019297,1.0,1.0,0.3333333333333333,0.7666666666666666,0.7765062324947163,0.5139431423611112,0.4860568576388889,0.8588184620185867,0.4008832289058666,frozen_order,True,4,True,False,0.0625,1.0,0.0,0.0,False,False,0.005238650783463787,0.02652066959128542
q2_radius2,q2r2_s8_0018,S8_self_only_control,2,2,e241020de2a7,"[0,0,0,0,1,1,1,1,0,0,0,0,0,1,1,1,0,0,0,0,1,0,1,1,0,1,0,0,1,1,1,1]",0.11320218891677462,0.11263020833333333,0.3476389724480127,0.0,0.0,0.0,1.0,1.0,196.0,196.0,1.0,0.751672198881581,1.0,1.0,1.0208333333333333,0.0,0.0,1.0,1.0,0.11320218891677462,0.8867978110832254,333333400.74685436,1.0,1.0,1.0,1.0,0.3476389724480127,0.13712565104166666,0.8628743489583334,0.8196087473887529,0.1105727550010817,frozen_order,True,4,True,False,0.125,0.9971803988942642,0.0028196011057357584,0.0,False,False,0.0,0.0
q2_radius2,q2r2_s8_0015,S8_self_only_control,2,2,d036b4f6c9d1,"[1,0,0,0,1,1,1,1,0,0,0,0,1,1,1,1,0,0,0,0,1,1,1,1,0,0,0,0,1,1,1,1]",0.7386485853617947,0.7413736979166666,0.5904352697313561,0.0,0.0,0.0,1.0,1.0,195.80555555555557,196.0,1.3333333333333333,0.9191774828261637,1.0,1.0,1.0208333333333333,0.0,0.0,1.0,1.0,0.7386485853617947,0.26135141463820527,333333403.69579643,1.0,1.0,1.0,1.0,0.5904352697313561,0.34941948784722227,0.6505805121527778,0.34729597380104904,0.3390681492691021,frozen_order,True,4,True,False,0.0,0.9971803988942642,0.0028196011057357584,0.0,False,False,0.0,0.0
q2_radius2,q2r2_s8_0016,S8_self_only_control,2,2,506346207626,"[0,0,0,0,1,1,1,1,0,0,0,0,1,1,1,1,0,0,1,0,1,1,1,1,0,1,0,0,1,1,1,0]",0.22500018271894792,0.2250298394097222,0.5251671459622899,0.0,0.0,0.0,1.0,1.0,196.0,196.0,1.5,0.805166386954638,1.0,1.0,1.0208333333333333,0.0,0.0,1.0,1.0,0.22500018271894792,0.774999817281052,500000023.32604474,1.0,1.0,1.0,1.0,0.5251671459622899,0.32562934027777773,0.6743706597222222,0.7072402402195581,0.30967859165585077,frozen_order,True,4,True,False,0.125,0.9971803988942642,0.0028196011057357584,0.0,False,False,0.0,0.0
q2_radius2,q2r2_s8_0020,S8_self_only_control,2,2,90c59a2dd34b,"[0,0,0,0,1,1,1,0,0,0,0,0,1,1,1,1,0,0,0,0,1,0,1,1,0,0,0,0,1,1,1,1]",0.11252437189658894,0.11189778645833333,0.35554000480262055,0.0,0.0,0.0,1.0,1.0,196.0,196.0,1.5,0.79203640491431,1.0,1.0,1.0208333333333333,0.0,0.0,1.0,1.0,0.11252437189658894,0.887475628103411,500000030.1544216,1.0,1.0,1.0,1.0,0.35554000480262055,0.14271375868055555,0.8572862413194443,0.694792597503097,0.11743623044150524,frozen_order,True,4,True,False,0.0625,0.9886994082884974,0.01130059171150255,0.0,False,False,0.0,0.0
q2_radius2,q2r2_s8_0017,S8_self_only_control,2,2,b018c62b18ad,"[0,0,0,0,1,1,1,1,1,0,0,0,1,1,1,1,0,0,0,0,1,1,1,1,0,0,0,0,1,1,1,1]",0.23616072633311747,0.23626030815972224,0.5446679218099595,0.0,0.0,0.0,1.0,1.0,196.0,196.0,1.8333333333333333,0.9320260960342703,1.0,1.0,1.0208333333333333,0.0,0.0,1.0,1.0,0.23616072633311747,0.7638392736668825,333333403.23206943,1.0,1.0,1.0,1.0,0.5446679218099595,0.3186306423611111,0.681369357638889,0.5856368878021514,0.3062042558734389,frozen_order,True,4,True,False,0.0625,0.9971803988942642,0.0028196011057357584,0.0,False,False,0.0,0.0
q2_radius2,q2r2_s8_0019,S8_self_only_control,2,2,b018c62b18ad,"[0,0,0,0,1,1,1,1,1,0,0,0,1,1,1,1,0,0,0,0,1,1,1,1,0,0,0,0,1,1,1,1]",0.2342339550275259,0.23433430989583334,0.5412631945968639,0.0,0.0,0.0,1.0,1.0,196.0,196.0,1.8333333333333333,0.9060110350431483,1.0,1.0,1.0208333333333333,0.0,0.0,1.0,1.0,0.2342339550275259,0.7657660449724742,333333403.96920484,1.0,1.0,1.0,1.0,0.5412631945968639,0.3179524739583333,0.6820475260416666,0.5918783825591286,0.3052711586317122,frozen_order,True,4,True,False,0.0625,0.9971803988942642,0.0028196011057357584,0.0,False,False,0.0,0.0
q2_radius2,q2r2_s8_0021,S8_self_only_control,2,2,f4b457f660ab,"[0,0,0,0,1,1,0,1,0,0,0,0,1,1,1,1,0,0,0,0,1,1,1,1,0,0,1,0,1,1,1,1]",0.2429984910225964,0.2566189236111111,0.4972518599680589,0.0,0.0,0.0,1.0,1.0,195.9861111111111,196.0,1.0,0.9072150832654823,1.0,0.9905056423611112,1.0208333333333333,0.00949435763888889,0.0,1.0,1.0,0.2429984910225964,0.7570015089774036,333333355.87269014,1.0,1.0,0.9131944444444445,0.9696180555555555,0.4972518599680589,0.2157660590277778,0.7842339409722222,0.7147013955878782,0.18921757129729946,frozen_order,True,4,True,False,0.125,1.0,0.0,0.0,False,False,0.00023165540311075354,0.0011872339409426118
q2_radius2,q2r2_s8_0022,S8_self_only_control,2,2,0d5a3c9f398b,"[0,0,0,0,1,1,1,0,1,0,0,0,1,1,1,1,0,0,0,0,1,1,1,1,0,0,0,1,1,1,1,1]",0.21085696310988775,0.21031358506944445,0.5305009632353618,0.0,0.0,0.0,1.0,1.0,195.97222222222226,196.0,1.8333333333333333,0.7199613219334946,1.0,1.0,1.0208333333333333,0.0,0.0,1.0,1.0,0.21085696310988775,0.7891430368901121,333333406.4578048,1.0,1.0,1.0,1.0,0.5305009632353618,0.3004557291666667,0.6995442708333334,0.608336555064784,0.2859315710458812,frozen_order,True,4,True,False,0.125,0.9971803988942642,0.0028196011057357584,0.0,False,False,0.0,0.0
q2_radius2,q2r2_s8_0023,S8_self_only_control,2,2,280b26e45a7d,"[0,0,0,0,1,1,1,1,0,0,0,0,1,1,1,1,0,0,0,0,1,1,0,1,0,0,0,0,1,1,1,1]",0.2096357680492588,0.2095947265625,0.5172958719259594,0.0,0.0,0.0,1.0,1.0,196.0,196.0,1.1666666666666667,0.7575181116952107,1.0,1.0,1.0208333333333333,0.0,0.0,1.0,1.0,0.2096357680492588,0.7903642319507412,500000026.1713343,1.0,1.0,1.0,1.0,0.5172958719259594,0.3213161892361111,0.6786838107638888,0.7324160535430618,0.3018048831931274,frozen_order,True,4,True,False,0.0625,0.9971803988942642,0.0028196011057357584,0.0,False,False,0.0,0.0
q2_radius2,q2r2_s8_0024,S8_self_only_control,2,2,80ba88ec1a93,"[0,0,0,0,1,1,1,1,0,0,0,0,1,1,1,1,0,0,0,0,1,1,1,1,0,0,0,0,1,1,1,1]",0.21502007378472224,0.21502007378472224,0.5190536272615868,0.0,0.0,0.0,1.0,1.0,196.0,196.0,1.5,0.86959358638946,1.0,1.0,1.0208333333333333,0.0,0.0,1.0,1.0,0.21502007378472224,0.7849799262152777,333333400.8171671,1.0,1.0,1.0,1.0,0.5190536272615868,0.3179253472222222,0.6820746527777777,0.7116133309822169,0.29934530608819604,frozen_order,True,0,False,True,0.0,1.0,0.0,0.0,False,False,0.0,0.0
ECA_anchor,ECA_0,ECA_anchor,2,1,05fe40575316,"[0,0,0,0,0,0,0,0]",0.0011100878850028785,0.0,0.011536070874408619,1.0,1.0,0.0,1.0,1.0,4.0,4.0,1.3333333333333333,0.8304905664001642,0.0,1.0,0.020833333333333332,0.0,-0.08333333333333333,1.0,0.0,0.0011100878850028785,0.9988899121149973,0.0,1.0,1.0,1.0,1.0,0.011536070874408619,0.0,1.0,0.014605898830536547,0.0,collapse,False,0,False,False,0.0,-0.0,1.0,0.0,False,False,0.0,0.0
ECA_anchor,ECA_8,ECA_anchor,2,1,aa38f215908c,"[0,0,0,1,0,0,0,0]",0.0012775568284038575,0.0,0.013029670765876569,1.0,1.0,0.0,1.0,1.0,4.0,4.0,1.1666666666666667,0.8294498297737305,0.0,1.0,0.020833333333333332,0.0,-0.08333333333333333,1.0,0.0,0.0012775568284038575,0.9987224431715962,0.0,1.0,1.0,1.0,1.0,0.013029670765876569,0.0,1.0,0.014740015559981556,0.0,collapse,True,2,True,False,0.25,0.5435644431995964,0.4564355568004036,0.0,True,True,0.0,0.0
ECA_anchor,ECA_169,ECA_anchor,2,1,ef3e63a047cc,"[1,0,0,1,0,1,0,1]",0.7257545308676958,0.722900390625,0.6356042403022726,0.0,0.0,0.0,0.0,0.0,175.45833333333334,185.33333333333334,2.0,2.0688596753358337,1.0,0.7521430121527777,0.9652777777777777,0.27294921874999994,-0.05609809027777777,0.0,1.0,0.7257545308676958,0.27424546913230424,63.33495435149096,0.0,0.0,0.0,0.0,0.6356042403022726,0.30859375,0.69140625,0.3202717484958372,0.2917927299773537,transported_identity,True,2,True,False,0.25,1.0,0.0,0.0,False,False,0.14539271995144568,0.47252633984219844
ECA_anchor,ECA_225,ECA_anchor,2,1,a97bbb108e88,"[1,0,0,0,0,1,1,1]",0.7260584768098733,0.7246500651041666,0.6318629044434229,0.0,0.0,0.0,0.0,0.0,171.79166666666666,185.33333333333334,2.0,2.093431068091664,1.0,0.7482503255208334,0.9652777777777777,0.2763536241319444,-0.05454282407407407,0.0,1.0,0.7260584768098733,0.2739415231901266,62.58050896301569,0.0,0.0,0.0,0.0,0.6318629044434229,0.3011338975694445,0.6988661024305557,0.3170079679147479,0.2851816795741934,transported_identity,True,2,True,False,0.25,1.0,0.0,0.0,False,False,0.14781133977989877,0.480386854284671
ECA_anchor,ECA_73,ECA_anchor,2,1,06923fe1be19,"[1,0,0,1,0,0,1,0]",0.4467528875215889,0.4498291015625,0.9910996076265333,0.0,0.0,0.06944444444444445,0.0,0.2569444444444445,152.86111111111111,196.0,1.1666666666666667,1.2927090857133867,0.9305555555555555,0.8306070963541666,1.0208333333333333,0.16988118489583334,-0.019169560185185185,0.5,0.9305555555555555,0.4467528875215889,0.553247112478411,41.58802363542713,0.0,0.2569444444444445,0.08333333333333333,0.02916666666666667,0.9910996076265333,0.4510091145833333,0.5489908854166666,0.533293322406104,0.4469626621235587,transported_identity,True,2,True,False,0.0,0.954434002924965,0.04556599707503495,0.0,True,False,0.07576001488809776,0.2272800446642933
ECA_anchor,ECA_109,ECA_anchor,2,1,ccb3a3a4da7a,"[1,0,1,1,0,1,1,0]",0.5497994870376367,0.5098198784722222,0.9922465421600123,0.09375,0.09375,0.0,0.0,0.43402777777777773,161.16666666666666,196.0,1.0,1.3647046280401813,0.90625,0.8451877170138888,1.0208333333333333,0.15603298611111113,-0.008391203703703705,1.3333333333333333,0.90625,0.5497994870376367,0.45020051296236335,55.989464015727044,0.0,0.43402777777777773,0.10069444444444443,0.035243055555555555,0.9922465421600123,0.45147026909722227,0.5485297309027778,0.4043800069755387,0.44772181947698303,localized_persistence,True,2,True,False,0.0,0.954434002924965,0.04556599707503495,0.0,True,False,0.07026602657618987,0.21079807972856962
ECA_anchor,ECA_145,ECA_anchor,2,1,7de0b649d3cc,"[1,0,0,0,1,0,0,1]",0.540946613458909,0.4218614366319444,0.9339243186185251,0.0,0.0,0.08680555555555557,0.08680555555555557,0.6458333333333333,171.26388888888889,196.0,1.0,0.7529817262688777,0.9027777777777778,0.866183810763889,1.0208333333333333,0.13408745659722224,-0.0066912615740740726,1.6666666666666667,0.9131944444444445,0.540946613458909,0.459053386541091,145.5362145143175,0.08680555555555557,0.6458333333333333,0.14236111111111113,0.10625000000000001,0.9339243186185251,0.540744357638889,0.45925564236111116,0.5306812705561089,0.5148162060815985,localized_persistence,True,2,True,False,0.25,0.954434002924965,0.04556599707503495,0.0,True,True,0.05036403956066003,0.1636831285721451
ECA_anchor,ECA_131,ECA_anchor,2,1,bceaa61d557a,"[1,1,0,0,0,0,0,1]",0.5311640518179691,0.40695529513888884,0.9513164607714887,0.0,0.0,0.0625,0.0625,0.6736111111111112,180.7777777777778,196.0,1.0,0.7623919624683079,0.9375,0.8651529947916666,1.0208333333333333,0.13525390625,-0.005678530092592592,2.5,0.9375,0.5311640518179691,0.46883594818203084,146.0281450403808,0.0625,0.6736111111111112,0.13888888888888887,0.08923611111111111,0.9513164607714887,0.5530327690972222,0.44696723090277773,0.5387309878495211,0.5299686617448053,localized_persistence,True,2,True,False,0.25,0.954434002924965,0.04556599707503495,0.0,True,True,0.05009280481380017,0.16280161564485054
ECA_anchor,ECA_32,ECA_anchor,2,1,f0a50c2f06c6,"[0,0,0,0,0,1,0,0]",0.027636381422711572,0.0,0.11490825892982263,1.0,1.0,0.0,1.0,1.0,22.902777777777775,25.333333333333332,1.5,0.8363653298106465,0.16666666666666666,0.9808485243055555,0.13194444444444445,0.019151475694444444,-0.08333333333333333,1.0,0.0,0.027636381422711572,0.9723636185772885,0.0,1.0,1.0,0.8333333333333334,0.9416666666666668,0.11490825892982263,0.0,1.0,0.12170681229439335,0.0,collapse,True,2,True,False,0.0,0.5435644431995964,0.4564355568004036,0.0,True,False,0.001095773972601555,0.003287321917804665
ECA_anchor,ECA_62,ECA_anchor,2,1,8ec5b6a95b43,"[0,1,1,1,1,1,0,0]",0.45465386565828303,0.5749104817708333,0.9276543767136759,0.09375,0.09375,0.0,0.09375,0.638888888888889,177.80555555555557,196.0,2.0,1.1717557136026695,0.90625,0.8666449652777778,1.0208333333333333,0.13468424479166669,-0.008716724537037037,1.6666666666666667,0.90625,0.45465386565828303,0.5453461343417171,148.62607900861238,0.09375,0.638888888888889,0.14236111111111113,0.11076388888888888,0.9276543767136759,0.5388726128472222,0.46112738715277773,0.4288873048974568,0.5121932569090234,localized_persistence,True,2,True,False,0.25,0.954434002924965,0.04556599707503495,0.0,True,True,0.05063174598814463,0.16455317446147005
ECA_anchor,ECA_4,ECA_anchor,2,1,7e47b8e4d552,"[0,0,1,0,0,0,0,0]",0.12894335600172713,0.12849934895833334,0.3736750356576235,0.20138888888888887,0.20138888888888887,0.0,1.0,1.0,156.9722222222222,164.0,1.1666666666666667,0.0731266000587007,0.798611111111111,1.0,0.8541666666666666,0.0,-0.016782407407407406,1.0,0.798611111111111,0.12894335600172713,0.8710566439982731,166666749.60142186,1.0,1.0,1.0,1.0,0.3736750356576235,0.2569986979166667,0.7430013020833334,0.7968536269783565,0.2152602413721276,frozen_order,True,2,True,False,0.0,0.5435644431995964,0.4564355568004036,0.0,True,False,0.0,0.0
ECA_anchor,ECA_64,ECA_anchor,2,1,c6301cb72525,"[0,0,0,0,0,0,1,0]",0.0012804381656591826,0.0,0.013065895437476093,1.0,1.0,0.0,1.0,1.0,4.0,4.0,1.5,0.8484941722787939,0.0,1.0,0.020833333333333332,0.0,-0.08333333333333333,1.0,0.0,0.0012804381656591826,0.9987195618343407,0.0,1.0,1.0,1.0,1.0,0.013065895437476093,0.0,1.0,0.014637362806545616,0.0,collapse,True,2,True,False,0.25,0.5435644431995964,0.4564355568004036,0.0,True,True,0.0,0.0
ECA_anchor,ECA_118,ECA_anchor,2,1,5f4bd67317a7,"[0,1,1,0,1,1,1,0]",0.4647161278425446,0.5909830729166666,0.9458217028352457,0.06944444444444445,0.06944444444444445,0.0,0.06944444444444445,0.625,182.08333333333334,196.0,2.0,1.1641781634183475,0.9305555555555555,0.8600531684027778,1.0208333333333333,0.1410861545138889,-0.006582754629629629,2.0,0.9305555555555555,0.4647161278425446,0.5352838721574554,149.9406391921903,0.06944444444444445,0.625,0.12152777777777779,0.08767361111111112,0.9458217028352457,0.5540635850694444,0.4459364149305556,0.4408306897274925,0.5292867710486115,localized_persistence,True,2,True,False,0.25,0.954434002924965,0.04556599707503495,0.0,True,True,0.05210943176204893,0.16935565322665902
ECA_anchor,ECA_36,ECA_anchor,2,1,2ed6413f3f30,"[0,0,1,0,0,1,0,0]",0.028423337876007485,0.02632649739583334,0.15468558543627184,0.3819444444444445,0.3819444444444445,0.0,1.0,1.0,122.08333333333333,132.0,1.1666666666666667,0.12594733839673283,0.6180555555555556,1.0,0.6875,0.0,-0.0318287037037037,1.0,0.6180555555555556,0.028423337876007485,0.9715766621239926,166666720.34058428,1.0,1.0,1.0,1.0,0.15468558543627184,0.05265299479166668,0.9473470052083334,0.620141788320919,0.01984017031331913,frozen_order,True,2,True,False,0.0,0.8112781244591328,0.18872187554086717,0.0,True,False,0.0,0.0
ECA_anchor,ECA_54,ECA_anchor,2,1,3de18eb22934,"[0,1,1,0,1,1,0,0]",0.35998113497139467,0.4337565104166667,0.914540195257242,0.07291666666666667,0.07291666666666667,0.0,0.07291666666666667,0.3854166666666667,174.93055555555557,196.0,2.0,0.8711093646319988,0.9270833333333334,0.7885470920138888,1.0208333333333333,0.2162543402777778,-0.02958622685185185,1.3333333333333333,0.9270833333333334,0.35998113497139467,0.6400188650286053,8.111507613569444,0.07291666666666667,0.3854166666666667,0.07291666666666667,0.07291666666666667,0.914540195257242,0.4474826388888889,0.5525173611111112,0.5159741779509084,0.41513125631368686,transported_identity,True,2,True,False,0.0,1.0,0.0,0.0,False,False,0.09246335621582377,0.2773900686474713
ECA_anchor,ECA_230,ECA_anchor,2,1,1d9405ea141f,"[0,1,1,0,0,1,1,1]",0.5803441918987479,0.7238633897569443,0.6947143043430762,0.0,0.0,0.0,0.0,0.0,196.0,196.0,2.6666666666666665,1.1287531921089882,1.0,0.768283420138889,1.0208333333333333,0.24769422743055558,-0.01971209490740741,0.0,1.0,0.5803441918987479,0.4196558081012522,166666703.32017383,0.0,0.0,0.16666666666666666,0.05833333333333333,0.6947143043430762,0.327392578125,0.672607421875,0.26333401420141284,0.2659380514425865,transported_identity,True,2,True,False,0.5,0.954434002924965,0.04556599707503495,0.0,True,True,0.1315428527360257,0.46039998457608994
ECA_anchor,ECA_12,ECA_anchor,2,1,ea8184fd1772,"[0,0,1,1,0,0,0,0]",0.1605672973562536,0.1602783203125,0.4522875765140661,0.0,0.0,0.0,1.0,1.0,195.93055555555554,196.0,1.0,0.06546256601674307,1.0,1.0,1.0208333333333333,0.0,0.0,1.0,1.0,0.1605672973562536,0.8394327026437464,500000046.729209,1.0,1.0,1.0,1.0,0.4522875765140661,0.320556640625,0.679443359375,0.9943294293843046,0.2788261439206346,frozen_order,True,1,True,False,0.25,0.8112781244591328,0.18872187554086717,1.0,True,True,0.0,0.0
ECA_anchor,ECA_61,ECA_anchor,2,1,eac6076bdd35,"[1,0,1,1,1,1,0,0]",0.5184884167431275,0.20555284288194442,0.9972844488479944,0.0,0.0,0.0,0.0,0.0,195.84722222222226,196.0,1.9166666666666667,1.356737025694831,1.0,0.8475341796875,1.0208333333333333,0.21879069010416666,-0.055700231481481476,0.0,1.0,0.5184884167431275,0.48151158325687254,20.10195530113455,0.0,0.0,0.0,0.0,0.9972844488479944,0.15611436631944445,0.8438856336805555,0.3898605102875427,0.1549809004845919,transported_identity,True,2,True,False,0.5,0.954434002924965,0.04556599707503495,0.0,True,True,0.15669407858386172,0.548429275043516
ECA_anchor,ECA_188,ECA_anchor,2,1,4565b9a7f5ac,"[0,0,1,1,1,1,0,1]",0.5805577622382341,0.7241075303819443,0.6956972133160098,0.0,0.0,0.0,0.0,0.0,195.9722222222222,196.0,2.6666666666666665,1.1303164410368483,1.0,0.7676595052083334,1.0208333333333333,0.24763997395833334,-0.05400028935185185,0.0,1.0,0.5805577622382341,0.4194422377617659,166666712.51300588,0.0,0.0,0.16666666666666666,0.05833333333333333,0.6956972133160098,0.3281521267361111,0.671847873263889,0.26372498391604837,0.26693568845344506,transported_identity,True,2,True,False,0.5,0.954434002924965,0.04556599707503495,0.0,True,True,0.13122864837419387,0.45930026930967854
ECA_anchor,ECA_44,ECA_anchor,2,1,2b517a6c85ed,"[0,0,1,1,0,1,0,0]",0.05772562416792603,0.05569118923611111,0.25439364011188337,0.0,0.0,0.0,1.0,1.0,195.8472222222222,196.0,1.0,0.08851942981191091,1.0,1.0,1.0208333333333333,0.0,0.0,1.0,1.0,0.05772562416792603,0.9422743758320741,500000069.7458312,1.0,1.0,1.0,1.0,0.25439364011188337,0.11138237847222222,0.8886176215277778,0.9940737276491048,0.06477323055721211,frozen_order,True,2,True,False,0.25,0.954434002924965,0.04556599707503495,0.0,True,True,0.0,0.0
ECA_anchor,ECA_51,ECA_anchor,2,1,936181504263,"[1,1,0,0,1,1,0,0]",0.4985320640831894,0.21668836805555558,0.9999900431071292,0.0,0.0,0.0,0.0,1.0,196.0,196.0,1.3333333333333333,0.8161269223306271,1.0,1.0,1.0208333333333333,0.0,0.0,2.0,1.0,0.4985320640831894,0.5014679359168106,49.52176332440291,0.0,1.0,1.0,0.35000000000000003,0.9999900431071292,0.3200412326388889,0.6799587673611112,0.7267886842533277,0.32004078409554715,emitter_or_generator,True,0,False,True,0.0,1.0,0.0,0.0,False,False,0.0,0.0
ECA_anchor,ECA_72,ECA_anchor,2,1,aea860e036f7,"[0,0,0,1,0,0,1,0]",0.03663718707271877,0.03556315104166667,0.1879292392084669,0.2743055555555556,0.2743055555555556,0.0,1.0,1.0,142.625,164.0,1.6666666666666667,0.35767257259970736,0.7256944444444445,1.0,0.8541666666666665,0.0,-0.022858796296296294,1.0,0.7256944444444445,0.03663718707271877,0.9633628129272812,166666712.25982988,1.0,1.0,1.0,1.0,0.1879292392084669,0.03556315104166667,0.9644368489583335,0.3701753917515494,0.015211451936644403,frozen_order,True,2,True,False,0.0,0.8112781244591328,0.18872187554086717,0.0,True,False,0.0,0.0
ECA_anchor,ECA_163,ECA_anchor,2,1,35f86c900b37,"[1,1,0,0,0,1,0,1]",0.5345078788410335,0.4555935329861111,0.9527649568433936,0.0,0.0,0.0,0.0,0.0,195.80555555555554,196.0,1.0,0.04257675773495126,1.0,0.7916124131944443,1.0208333333333333,0.2380913628472222,-0.056821469907407406,0.0,1.0,0.5345078788410335,0.4654921211589666,333333754.3196709,0.0,0.0,0.0,0.0,0.9527649568433936,0.9111870659722222,0.08881293402777779,0.8020525358542793,0.8677503960014392,chaotic,True,2,True,False,0.25,1.0,0.0,0.0,False,False,0.024925886718937952,0.08100913183654834
ECA_anchor,ECA_177,ECA_anchor,2,1,10133ebc12ab,"[1,0,0,0,1,1,0,1]",0.5345075274584413,0.45534939236111116,0.9523655636490417,0.0,0.0,0.0,0.0,0.0,195.8888888888889,196.0,1.0,0.043581769679216974,1.0,0.7896050347222223,1.0208333333333333,0.23901367187500003,-0.05906394675925925,0.0,1.0,0.5345075274584413,0.46549247254155873,333333755.59424144,0.0,0.0,0.0,0.0,0.9523655636490417,0.9106987847222223,0.08930121527777779,0.8014792896806426,0.8669260935970385,chaotic,True,2,True,False,0.25,1.0,0.0,0.0,False,False,0.025114559113703024,0.08162231711953483
ECA_anchor,ECA_90,ECA_anchor,2,1,9568975140cf,"[0,1,0,1,1,0,1,0]",0.16992791878058433,0.0,0.5922038774724675,1.0,1.0,0.0,1.0,1.0,120.63888888888887,128.0,2.1666666666666665,1.1466807930737024,1.0,0.793728298611111,0.6666666666666666,0.20627170138888892,-0.08333333333333333,1.0,0.0,0.16992791878058433,0.8300720812194157,0.0,1.0,1.0,0.16666666666666666,0.7083333333333334,0.5922038774724675,0.0,1.0,0.3582524604295861,0.0,collapse,False,2,True,False,0.0,1.0,0.0,0.0,False,False,0.047752741923548066,0.1432582257706442
ECA_anchor,ECA_68,ECA_anchor,2,1,ec43fd6ba8f0,"[0,0,1,0,0,0,1,0]",0.15954667147920265,0.15926106770833334,0.4486509281573025,0.0,0.0,0.0,1.0,1.0,195.94444444444446,196.0,1.0,0.06455360991711447,1.0,1.0,1.0208333333333333,0.0,0.0,1.0,1.0,0.15954667147920265,0.8404533285207973,500000045.8490269,1.0,1.0,1.0,1.0,0.4486509281573025,0.3185221354166667,0.6814778645833334,0.9943744283795866,0.2772742645929593,frozen_order,True,1,True,False,0.25,0.8112781244591328,0.18872187554086717,1.0,True,True,0.0,0.0
ECA_anchor,ECA_76,ECA_anchor,2,1,137be5a953f0,"[0,0,1,1,0,0,1,0]",0.19034226351108233,0.19021267361111113,0.5004399143779249,0.0,0.0,0.0,1.0,1.0,196.0,196.0,1.1666666666666667,0.38234371196650874,1.0,1.0,1.0208333333333333,0.0,0.0,1.0,1.0,0.19034226351108233,0.8096577364889176,333333411.1391776,1.0,1.0,1.0,1.0,0.5004399143779249,0.3445638020833333,0.6554361979166666,0.8356384932982873,0.31751090545678357,frozen_order,True,2,True,False,0.0,0.954434002924965,0.04556599707503495,0.0,True,False,0.0,0.0
ECA_anchor,ECA_60,ECA_anchor,2,1,555b63daf152,"[0,0,1,1,1,1,0,0]",0.2330230203385866,0.19954427083333334,0.6462509974867027,0.0,0.0,0.0,0.0,0.0,126.95833333333331,152.66666666666666,1.6666666666666667,1.2875043715938064,1.0,0.8103841145833334,0.7951388888888888,0.2031792534722222,-0.005750868055555556,0.0,1.0,0.2330230203385866,0.7669769796614133,14.841884086666434,0.0,0.0,0.17013888888888887,0.0595486111111111,0.6462509974867027,0.2035590277777778,0.7964409722222223,0.5631846374125481,0.18558796448450085,localized_persistence,True,1,True,False,0.5,1.0,0.0,1.0,False,False,0.12611037433804995,0.31527593584512487
ECA_anchor,ECA_57,ECA_anchor,2,1,f0b02b1af45c,"[1,0,0,1,1,1,0,0]",0.49529147326568795,0.4405246310763889,0.9997324785323246,0.0,0.0,0.0,0.0,0.03125,196.0,196.0,1.1666666666666667,0.5749560138881114,1.0,0.8079969618055557,1.0208333333333333,0.223876953125,-0.05797887731481482,0.0,1.0,0.49529147326568795,0.5047085267343121,84.745337563185,0.0,0.03125,0.017361111111111112,0.006076388888888889,0.9997324785323246,0.7481553819444443,0.2518446180555556,0.8255886518255203,0.7479019638217069,transported_identity,True,2,True,False,0.5,1.0,0.0,0.0,False,False,0.045325393754961744,0.1586388781423661
ECA_anchor,ECA_204,ECA_anchor,2,1,680a84921f85,"[0,0,1,1,0,0,1,1]",0.21511501736111113,0.21511501736111113,0.5177263678825268,0.0,0.0,0.0,1.0,1.0,196.0,196.0,1.3333333333333333,0.8397304415237161,1.0,1.0,1.0208333333333333,0.0,0.0,1.0,1.0,0.21511501736111113,0.7848849826388888,333333404.3266551,1.0,1.0,1.0,1.0,0.5177263678825268,0.317626953125,0.682373046875,0.7142669031969087,0.29905317409063065,frozen_order,True,0,False,True,0.0,1.0,0.0,0.0,False,False,0.0,0.0
ECA_anchor,ECA_77,ECA_anchor,2,1,00d4bd33c431,"[1,0,1,1,0,0,1,0]",0.5001538352988271,0.5007188585069445,0.9999866814529281,0.0,0.0,0.0,1.0,1.0,195.91666666666666,196.0,1.0,0.26878840363720363,1.0,0.944091796875,1.0208333333333333,0.055908203125,-0.015335648148148147,1.0,1.0,0.5001538352988271,0.4998461647011731,333333464.5905931,1.0,1.0,0.5,0.8249999999999998,0.9999866814529281,0.9488118489583334,0.051188151041666664,0.939533582104378,0.9487998822539513,frozen_order,True,2,True,False,0.0,1.0,0.0,0.0,False,False,0.000472932072109468,0.001418796216328404
ECA_anchor,ECA_240,ECA_anchor,2,1,30c921e4aae2,"[0,0,0,0,1,1,1,1]",0.21537272135416666,0.21537272135416666,0.519292056777403,0.0,0.0,0.0,0.0,0.0,160.27777777777777,162.0,1.3333333333333333,0.8239835967118322,1.0,0.84912109375,0.8437499999999999,0.16672092013888892,-0.058232060185185175,0.0,1.0,0.21537272135416666,0.7846272786458334,333333402.2513693,0.0,0.0,0.3368055555555556,0.11788194444444444,0.519292056777403,0.31939019097222227,0.6806098090277778,0.7219990132263275,0.3010707569032543,transported_identity,False,1,True,False,0.5,1.0,0.0,1.0,False,False,0.08728098752816986,0.21820246882042466
ECA_anchor,ECA_170,ECA_anchor,2,1,6206922c786a,"[0,1,0,1,0,1,0,1]",0.21719021267361113,0.21719021267361113,0.5214424362501237,0.0,0.0,0.0,0.0,0.0,162.55555555555554,164.0,1.3333333333333333,0.8435231283944971,1.0,0.848361545138889,0.8541666666666665,0.16794162326388887,-0.05870225694444444,0.0,1.0,0.21719021267361113,0.7828097873263888,333333404.0149762,0.0,0.0,0.3368055555555556,0.11788194444444444,0.5214424362501237,0.3206651475694445,0.6793348524305555,0.7146101381785144,0.3026270487434457,transported_identity,False,1,True,False,0.5,1.0,0.0,1.0,False,False,0.08764580435771575,0.21911451089428938
