world,T,seed,relation_lineage_survival_depth,relation_lineage_branching_entropy,relation_lineage_extinction_rate,relation_lineage_merge_rate,relation_lineage_shuffle_delta
W0_null_flat,50,0,0.0,0.0,1.0,1.0,0.0
W0_null_flat,50,1,0.0,0.0,1.0,1.0,0.0
W0_null_flat,50,2,0.0,0.0,1.0,1.0,0.0
W0_null_flat,50,3,0.0,0.0,1.0,1.0,0.0
W0_null_flat,50,4,0.0,0.0,1.0,1.0,0.0
W0_null_flat,50,5,0.0,0.0,1.0,1.0,0.0
W0_null_flat,50,6,0.0,0.0,1.0,1.0,0.0
W0_null_flat,50,7,0.0,0.0,1.0,1.0,0.0
W0_null_flat,50,8,0.0,0.0,1.0,1.0,0.0
W0_null_flat,50,9,0.0,0.0,1.0,1.0,0.0
W0_null_flat,50,11,0.0,0.0,1.0,1.0,0.0
W0_null_flat,50,12,0.0,0.0,1.0,1.0,0.0
W0_null_flat,50,10,0.0,0.0,1.0,1.0,0.0
W0_null_flat,50,13,0.0,0.0,1.0,1.0,0.0
W0_null_flat,50,14,0.0,0.0,1.0,1.0,0.0
W0_null_flat,50,16,0.0,0.0,1.0,1.0,0.0
W0_null_flat,50,15,0.0,0.0,1.0,1.0,0.0
W0_null_flat,50,18,0.0,0.0,1.0,1.0,0.0
W0_null_flat,50,17,0.0,0.0,1.0,1.0,0.0
W0_null_flat,50,21,0.0,0.0,1.0,1.0,0.0
W0_null_flat,50,23,0.0,0.0,1.0,1.0,0.0
W0_null_flat,50,20,0.0,0.0,1.0,1.0,0.0
W0_null_flat,50,24,0.0,0.0,1.0,1.0,0.0
W0_null_flat,50,22,0.0,0.0,1.0,1.0,0.0
W0_null_flat,50,19,0.0,0.0,1.0,1.0,0.0
W0_null_flat,50,25,0.0,0.0,1.0,1.0,0.0
W0_null_flat,50,26,0.0,0.0,1.0,1.0,0.0
W0_null_flat,50,27,0.0,0.0,1.0,1.0,0.0
W0_null_flat,50,29,0.0,0.0,1.0,1.0,0.0
W0_null_flat,50,28,0.0,0.0,1.0,1.0,0.0
W0_null_flat,100,0,0.0,0.0,1.0,1.0,0.0
W0_null_flat,100,1,0.0,0.0,1.0,1.0,0.0
W0_null_flat,100,4,0.0,0.0,1.0,1.0,0.0
W0_null_flat,100,2,0.0,0.0,1.0,1.0,0.0
W0_null_flat,100,5,0.0,0.0,1.0,1.0,0.0
W0_null_flat,100,3,0.0,0.0,1.0,1.0,0.0
W0_null_flat,100,7,0.0,0.0,1.0,1.0,0.0
W0_null_flat,100,6,0.0,0.0,1.0,1.0,0.0
W0_null_flat,100,9,0.0,0.0,1.0,1.0,0.0
W0_null_flat,100,11,0.0,0.0,1.0,1.0,0.0
W0_null_flat,100,10,0.0,0.0,1.0,1.0,0.0
W0_null_flat,100,12,0.0,0.0,1.0,1.0,0.0
W0_null_flat,100,13,0.0,0.0,1.0,1.0,0.0
W0_null_flat,100,8,0.0,0.0,1.0,1.0,0.0
W0_null_flat,100,15,0.0,0.0,1.0,1.0,0.0
W0_null_flat,100,14,0.0,0.0,1.0,1.0,0.0
W0_null_flat,100,16,0.0,0.0,1.0,1.0,0.0
W0_null_flat,100,19,0.0,0.0,1.0,1.0,0.0
W0_null_flat,100,18,0.0,0.0,1.0,1.0,0.0
W0_null_flat,100,17,0.0,0.0,1.0,1.0,0.0
W0_null_flat,100,21,0.0,0.0,1.0,1.0,0.0
W0_null_flat,100,20,0.0,0.0,1.0,1.0,0.0
W0_null_flat,100,22,0.0,0.0,1.0,1.0,0.0
W0_null_flat,100,23,0.0,0.0,1.0,1.0,0.0
W0_null_flat,100,24,0.0,0.0,1.0,1.0,0.0
W0_null_flat,100,25,0.0,0.0,1.0,1.0,0.0
W0_null_flat,100,27,0.0,0.0,1.0,1.0,0.0
W0_null_flat,100,26,0.0,0.0,1.0,1.0,0.0
W0_null_flat,100,29,0.0,0.0,1.0,1.0,0.0
W0_null_flat,100,28,0.0,0.0,1.0,1.0,0.0
W1_distinction_only,50,10,0.9515166054739652,1.279870897390842,0.0484833945260346,0.0,0.4213526368491322
W1_distinction_only,50,0,0.9515307910547396,1.2798121946122096,0.0484692089452604,0.0,0.4246545393858476
W1_distinction_only,50,2,0.9516239993328888,1.2794174218390149,0.0483760006671112,0.0,0.4177301534356239
W1_distinction_only,50,6,0.9514424682698732,1.2801982006009334,0.0485575317301268,0.0,0.4226544756179025
W1_distinction_only,50,4,0.951441505340454,1.280205635812755,0.048558494659546,0.0,0.4241280040053404
W1_distinction_only,50,5,0.9514701467645096,1.2800829608164563,0.0485298532354903,0.0,0.4286524349566378
W1_distinction_only,50,3,0.9516005843071786,1.2795152660933784,0.0483994156928213,0.0,0.4268105175292153
W1_distinction_only,50,9,0.9517005668556188,1.279083550869578,0.0482994331443812,0.0,0.4249241413804604
W1_distinction_only,50,11,0.9515594761428096,1.279680560740155,0.0484405238571903,0.0,0.419246746746747
W1_distinction_only,50,1,0.951352185518852,1.280579082800965,0.0486478144811478,0.0,0.4244686353019686
W1_distinction_only,50,8,0.9514729909969992,1.280052769931349,0.0485270090030008,0.0,0.4269206402134046
W1_distinction_only,50,13,0.9513676568758344,1.2804958080083253,0.0486323431241655,0.0,0.4153571428571427
W1_distinction_only,50,7,0.9515781354236156,1.2796094554431117,0.0484218645763845,0.0,0.4324391260840557
W1_distinction_only,50,17,0.9515923115410272,1.279565353465401,0.0484076884589727,0.0,0.4243337224816544
W1_distinction_only,50,14,0.9514209472981988,1.2802884681778943,0.048579052701801,0.0,0.4250350233488993
W1_distinction_only,50,15,0.9516986324216145,1.279061510474805,0.0483013675783855,0.0,0.4222865243495665
W1_distinction_only,50,12,0.9517789263087696,1.2787491826621895,0.0482210736912304,0.0,0.4227917639213071
W1_distinction_only,50,16,0.9515721907302434,1.2796287796911594,0.0484278092697566,0.0,0.4226333777925974
W1_distinction_only,50,19,0.9517460781041388,1.2788968725954415,0.048253921895861,0.0,0.4222813751668892
W1_distinction_only,50,24,0.9516725058391726,1.2792040998333152,0.0483274941608273,0.0,0.4250475475475477
W1_distinction_only,50,18,0.9514536048064084,1.2801569330399447,0.0485463951935914,0.0,0.4240987983978638
W1_distinction_only,50,23,0.9512883461153716,1.280857295257402,0.0487116538846282,0.0,0.4248374458152717
W1_distinction_only,50,27,0.9517136894824708,1.279038761306315,0.048286310517529,0.0,0.4223088480801337
W1_distinction_only,50,20,0.951531948615282,1.2798146750419108,0.0484680513847179,0.0,0.4228028028028029
W1_distinction_only,50,28,0.9516580440587452,1.2792645856742388,0.0483419559412549,0.0,0.4292606809078773
W1_distinction_only,50,22,0.951698247078464,1.2790994111646754,0.0483017529215359,0.0,0.4273280467445743
W1_distinction_only,50,26,0.951675700466978,1.2791914425565007,0.048324299533022,0.0,0.4187491661107404
W1_distinction_only,50,21,0.9517385680907876,1.278904608450762,0.0482614319092122,0.0,0.4238276034712951
W1_distinction_only,50,25,0.951642058725392,1.2793342094605762,0.0483579412746079,0.0,0.4262337337337337
W1_distinction_only,50,29,0.9515184228076028,1.2798572537949306,0.0484815771923973,0.0,0.4224391463821275
W1_distinction_only,100,4,0.9516381469115192,1.2793556370973946,0.0483618530884807,0.0,0.4248013355592654
W1_distinction_only,100,1,0.951649282376502,1.279307600425406,0.0483507176234979,0.0,0.4214561081441922
W1_distinction_only,100,0,0.9516851450483494,1.2791538579803143,0.0483148549516505,0.0,0.4234665721907302
W1_distinction_only,100,2,0.9517251583861288,1.278972025354569,0.0482748416138713,0.0,0.4212716738912971
W1_distinction_only,100,5,0.9516403640614562,1.2793403744747076,0.0483596359385437,0.0,0.4265693887775551
W1_distinction_only,100,3,0.9517299181696728,1.27896154338668,0.0482700818303273,0.0,0.4254041416165665
W1_distinction_only,100,12,0.9513930899064172,1.2804051899751392,0.0486069100935828,0.0,0.4207791610962567
W1_distinction_only,100,6,0.9515836811352254,1.2795701222377582,0.0484163188647746,0.0,0.4222116026711185
W1_distinction_only,100,9,0.9518204796122997,1.2785679891624206,0.0481795203877004,0.0,0.4221315173796791
W1_distinction_only,100,10,0.951362554293351,1.2805409835946164,0.0486374457066489,0.0,0.4233899933177412
W1_distinction_only,100,8,0.9516232899566232,1.2794278462158906,0.0483767100433767,0.0,0.4237328995662329
W1_distinction_only,100,13,0.9516014190317196,1.2795118110283563,0.0483985809682804,0.0,0.4205688647746244
W1_distinction_only,100,16,0.9517842842842844,1.2787250591998738,0.0482157157157157,0.0,0.4266003503503504
W1_distinction_only,100,11,0.9515747078464106,1.2796296461790757,0.0484252921535893,0.0,0.421956594323873
W1_distinction_only,100,7,0.951525784379172,1.2798172237056018,0.0484742156208278,0.0,0.4270573264352467
W1_distinction_only,100,14,0.9516494737721348,1.279299663174041,0.048350526227865,0.0,0.4223513197460741
W1_distinction_only,100,15,0.9516216216216218,1.279433504313363,0.0483783783783782,0.0,0.4252385719052386
W1_distinction_only,100,17,0.951616566466266,1.2794408170591525,0.048383433533734,0.0,0.4213097027388111
W2_asymmetry_only,50,0,0.8150993322203672,1.6906372076552687,0.1849006677796327,0.0,0.2959866444073455
W2_asymmetry_only,50,1,0.8155779166666668,1.6896083632582362,0.1844220833333332,0.0,0.2973575
W2_asymmetry_only,50,2,0.8152888146911519,1.6902266318381252,0.1847111853088481,0.0,0.2919031719532554
W1_distinction_only,100,19,0.9516662491649968,1.2792247529948464,0.0483337508350032,0.0,0.4213986305945225
W2_asymmetry_only,50,4,0.8160624164438502,1.688572791933751,0.1839375835561497,0.0,0.2961998663101604
W1_distinction_only,100,18,0.9515613514868024,1.2796874947680736,0.0484386485131974,0.0,0.42399014366856
W1_distinction_only,100,21,0.9515705395923822,1.2796332854383548,0.0484294604076177,0.0,0.4250563815569662
W2_asymmetry_only,50,3,0.8149974941530236,1.6908579626920552,0.1850025058469764,0.0,0.2975283995990643
W1_distinction_only,100,22,0.9515505932486632,1.2797272666482549,0.0484494067513368,0.0,0.4252130681818182
W1_distinction_only,100,20,0.9515765859766278,1.279608020170346,0.0484234140233722,0.0,0.4221406510851418
W2_asymmetry_only,50,5,0.8155929166666666,1.6895831713949518,0.1844070833333334,0.0,0.2996424999999999
W1_distinction_only,100,23,0.9513881227014376,1.2804346294103055,0.0486118772985625,0.0,0.4206582246740219
W1_distinction_only,100,26,0.951719375834446,1.279003778101374,0.048280624165554,0.0,0.419342456608812
W1_distinction_only,100,24,0.9514810643977312,1.280021418036084,0.0485189356022688,0.0,0.4250041708375043
W1_distinction_only,100,25,0.9515934157754012,1.27955236093832,0.0484065842245988,0.0,0.427191260026738
W1_distinction_only,100,29,0.9514575676578684,1.28010159430626,0.0485424323421316,0.0,0.4249093718676912
W1_distinction_only,100,28,0.951821005670447,1.2785687132767316,0.0481789943295529,0.0,0.4273119579719813
W2_asymmetry_only,50,7,0.8155064188062688,1.6897637500178706,0.1844935811937311,0.0,0.3021365455151718
W1_distinction_only,100,27,0.9517802587646076,1.2787392781843705,0.0482197412353925,0.0,0.4241686143572618
W2_asymmetry_only,50,6,0.8149824649298597,1.6908923890420149,0.1850175350701403,0.0,0.2954968269873079
W2_asymmetry_only,50,8,0.8154069379586388,1.6899803358194156,0.1845930620413611,0.0,0.2981871247498329
W2_asymmetry_only,50,10,0.8154172229639519,1.6899556758123355,0.184582777036048,0.0,0.2942414886515353
W2_asymmetry_only,50,11,0.8153338068181819,1.690131155447678,0.1846661931818181,0.0,0.2918683155080215
W2_asymmetry_only,50,9,0.8148843133979286,1.6910924914312238,0.1851156866020714,0.0,0.2958302706314734
W2_asymmetry_only,50,12,0.8147247247247249,1.691438575952484,0.1852752752752751,0.0,0.2941257924591259
W2_asymmetry_only,50,13,0.8152421509686039,1.6903297555986505,0.1847578490313961,0.0,0.2900534402137608
W2_asymmetry_only,50,14,0.8147581857667892,1.6913514360538842,0.1852418142332108,0.0,0.2950451052455729
W2_asymmetry_only,50,16,0.8151027397260274,1.6906360722022955,0.1848972602739725,0.0,0.2946984630805211
W2_asymmetry_only,50,15,0.8150810223855663,1.6906713791217347,0.1849189776144336,0.0,0.2951344804543936
W2_asymmetry_only,50,17,0.8147099999999999,1.6914748208984702,0.18529,0.0,0.2956375
W2_asymmetry_only,50,19,0.8158292988313858,1.6890681749204826,0.1841707011686142,0.0,0.2948130217028382
W2_asymmetry_only,50,18,0.8148266789174741,1.6912306757666713,0.1851733210825259,0.0,0.2955713331105913
W2_asymmetry_only,50,20,0.8151622073578595,1.6905031686410177,0.1848377926421405,0.0,0.2945735785953176
W2_asymmetry_only,50,21,0.8153368113522538,1.6901330186147874,0.1846631886477462,0.0,0.2966936560934892
W2_asymmetry_only,50,22,0.815252921535893,1.6903036256026078,0.1847470784641069,0.0,0.2982771285475791
W2_asymmetry_only,50,24,0.8151736806947228,1.6904639012677058,0.1848263193052771,0.0,0.2969388777555111
W2_asymmetry_only,50,26,0.815357023690357,1.6900841245616918,0.184642976309643,0.0,0.2924299299299299
W2_asymmetry_only,50,25,0.8149220313542362,1.6910291120790522,0.1850779686457637,0.0,0.296704469646431
W2_asymmetry_only,50,23,0.8150542752171007,1.6907334440322148,0.1849457247828992,0.0,0.2961230794923178
W2_asymmetry_only,50,28,0.8153716216216216,1.690044388884084,0.1846283783783784,0.0,0.2991099432766099
W2_asymmetry_only,50,27,0.8149691563854619,1.690908842520772,0.1850308436145381,0.0,0.295160053351117
W2_asymmetry_only,50,29,0.8153028028028028,1.6902000293831505,0.1846971971971972,0.0,0.2947589255922589
W2_asymmetry_only,100,1,0.8150720912738215,1.6906928751041934,0.1849279087261784,0.0,0.2939050484787696
W2_asymmetry_only,100,0,0.8151852238556632,1.6904593068012914,0.1848147761443368,0.0,0.2954694286668894
W2_asymmetry_only,100,2,0.8149929048414023,1.690860120445043,0.1850070951585977,0.0,0.2940909849749581
W2_asymmetry_only,100,3,0.8152444017379681,1.6903285958895808,0.1847555982620319,0.0,0.2963561163101605
W2_asymmetry_only,100,4,0.8152096545393858,1.6904016680559562,0.1847903454606142,0.0,0.296656792389853
W2_asymmetry_only,100,5,0.8153869147157189,1.690024112263225,0.1846130852842811,0.0,0.2977700668896318
W2_asymmetry_only,100,6,0.8155407326865172,1.6896823639690128,0.1844592673134828,0.0,0.2946135831381732
W2_asymmetry_only,100,7,0.8149176421404681,1.69102164910367,0.1850823578595318,0.0,0.2979979096989965
W2_asymmetry_only,100,8,0.8151223644578315,1.6905893436030124,0.1848776355421685,0.0,0.2958329149933066
W2_asymmetry_only,100,9,0.81517612687813,1.6904686706942815,0.1848238731218699,0.0,0.2945471619365607
W2_asymmetry_only,100,11,0.8152277861445784,1.6903571949161742,0.1847722138554216,0.0,0.2940951305220883
W2_asymmetry_only,100,12,0.8151662345265974,1.690498003155709,0.1848337654734025,0.0,0.2937148711943793
W2_asymmetry_only,100,13,0.8152208096353296,1.6903782244671512,0.1847791903646704,0.0,0.2941171796587487
W2_asymmetry_only,100,14,0.815015870364183,1.690816173969231,0.184984129635817,0.0,0.2940561309722685
W2_asymmetry_only,100,15,0.8150866895053476,1.690658905041292,0.1849133104946524,0.0,0.2965921624331551
W2_asymmetry_only,100,10,0.8150233879051119,1.690792716420613,0.1849766120948881,0.0,0.2958110591379885
W2_asymmetry_only,100,16,0.8153431331549013,1.6901121983067562,0.1846568668450987,0.0,0.2976844262295081
W2_asymmetry_only,100,17,0.8151050718582888,1.6906141347842862,0.1848949281417111,0.0,0.2938076537433155
W2_asymmetry_only,100,18,0.815289460455764,1.6902265188889427,0.184710539544236,0.0,0.296504691689008
W2_asymmetry_only,100,19,0.8152494554289546,1.6903199026937763,0.1847505445710454,0.0,0.2943829591152817
W2_asymmetry_only,100,20,0.8151627256016042,1.6904995333716712,0.1848372743983958,0.0,0.2944735962566843
W3_relation_only,50,0,0.6010896353814991,1.969605062325369,0.3989103646185009,0.0,0.0636926063470627
W3_relation_only,50,2,0.6029117498314227,1.9684599057313337,0.3970882501685773,0.0,0.061900708024275
W2_asymmetry_only,100,21,0.8151819435160427,1.6904593274879804,0.1848180564839573,0.0,0.2963118315508021
W3_relation_only,50,4,0.6029730639730639,1.9685160557996595,0.397026936026936,0.0,0.0580732323232322
W3_relation_only,50,3,0.602486904359581,1.9686967633881007,0.397513095640419,0.0,0.0673065224738087
W3_relation_only,50,1,0.6031037672384797,1.9684491678158065,0.3968962327615203,0.0,0.0587336024217961
W2_asymmetry_only,100,22,0.8149567885771541,1.6909463860905956,0.1850432114228458,0.0,0.2964633433533732
W3_relation_only,50,5,0.6030715488215489,1.9684834104658735,0.3969284511784511,0.0,0.0677693602693603
W2_asymmetry_only,100,23,0.8150035511363636,1.690838010644105,0.1849964488636364,0.0,0.2931220755347592
W2_asymmetry_only,100,24,0.8154680183946488,1.6898402741198535,0.1845319816053512,0.0,0.2970468227424748
W2_asymmetry_only,100,26,0.8151161965954608,1.690606949374564,0.1848838034045392,0.0,0.2921224132176235
W2_asymmetry_only,100,25,0.8154145749665328,1.689963253381134,0.1845854250334672,0.0,0.2986286813922356
W2_asymmetry_only,100,27,0.8149995819397994,1.690846917764966,0.1850004180602006,0.0,0.2958988294314382
W2_asymmetry_only,100,29,0.8151063607489134,1.6906178585526943,0.1848936392510866,0.0,0.2967849381477766
W2_asymmetry_only,100,28,0.8149107142857143,1.6910448990991158,0.1850892857142857,0.0,0.298270324523252
W3_relation_only,50,6,0.6031504543924605,1.968383263117336,0.3968495456075395,0.0,0.058382699427802
W3_relation_only,50,7,0.6026434219380888,1.9685817097270275,0.3973565780619111,0.0,0.0632637954239569
W3_relation_only,50,8,0.6034049544994944,1.9681584332059816,0.3965950455005056,0.0,0.0709024266936299
W3_relation_only,50,9,0.6029635539133356,1.968436625887093,0.3970364460866644,0.0,0.070395532415183
W3_relation_only,50,10,0.6030704868154158,1.9684080546562517,0.3969295131845842,0.0,0.05887677484787
W3_relation_only,50,13,0.6033582152496626,1.9682248272915217,0.3966417847503374,0.0,0.0622646761133602
W3_relation_only,50,11,0.6028430134680134,1.9684273221939772,0.3971569865319866,0.0,0.0650244107744106
W3_relation_only,50,12,0.6023919804976462,1.968867643461232,0.3976080195023538,0.0,0.0675218560860793
W3_relation_only,50,14,0.602223998653652,1.969004945421204,0.397776001346348,0.0,0.061189835072366
W3_relation_only,50,16,0.6021668353576248,1.9689182358722723,0.3978331646423751,0.0,0.071282894736842
W3_relation_only,50,17,0.6018406176172798,1.9692529728123915,0.3981593823827202,0.0,0.0659205197435032
W3_relation_only,50,15,0.6033958052560647,1.9682029043433231,0.3966041947439352,0.0,0.0662154649595687
W3_relation_only,50,18,0.6043240053944707,1.9676994511125143,0.3956759946055292,0.0,0.0567152730950776
W3_relation_only,50,19,0.6025669191919192,1.968633932356992,0.3974330808080808,0.0,0.0558577441077441
W3_relation_only,50,20,0.6017792338709678,1.969110002000488,0.3982207661290322,0.0,0.0648042674731183
W3_relation_only,50,21,0.6015992398648649,1.9692590937443697,0.3984007601351351,0.0,0.0653420608108108
W3_relation_only,50,23,0.6028446675666554,1.968554894546136,0.3971553324333445,0.0,0.0636559230509619
W3_relation_only,50,22,0.6047816925151719,1.967285136080807,0.3952183074848281,0.0,0.0640879973027646
W3_relation_only,50,24,0.6028898347943358,1.9685447672547256,0.3971101652056642,0.0,0.0607560687795009
W3_relation_only,50,25,0.6040862794612795,1.9677628934731013,0.3959137205387205,0.0,0.0678131313131313
W3_relation_only,50,26,0.6021981021162244,1.9690157732909188,0.3978018978837756,0.0,0.0586698018139066
W3_relation_only,50,27,0.6032159167794316,1.968372995585607,0.3967840832205683,0.0,0.0653628213802435
W3_relation_only,50,28,0.6034496287546406,1.9682017734772823,0.3965503712453594,0.0,0.063886263921701
W3_relation_only,50,29,0.6028378492090206,1.968629243270647,0.3971621507909794,0.0,0.0703954897340963
W3_relation_only,100,1,0.6063858974358974,1.9666920062680484,0.3936141025641025,0.0,0.0614679487179485
W3_relation_only,100,2,0.6047024821489289,1.9677570112032103,0.3952975178510711,0.0,0.0615840700442025
W3_relation_only,100,0,0.6051944870483981,1.967460294453557,0.3948055129516019,0.0,0.0654405248807089
W3_relation_only,100,3,0.6050006381892444,1.9675611267613125,0.3949993618107555,0.0,0.066825221238938
W3_relation_only,100,5,0.6057190189328743,1.9670756074017417,0.3942809810671257,0.0,0.0679853700516349
W3_relation_only,100,4,0.6052375892553553,1.967416959597911,0.3947624107446447,0.0,0.0621799557973479
W3_relation_only,100,6,0.6052094733242135,1.9674325385985187,0.3947905266757865,0.0,0.0632156292749658
W3_relation_only,100,7,0.6050516405984359,1.967502549651827,0.3949483594015641,0.0,0.0653340700442026
W3_relation_only,100,8,0.6054764851485149,1.9672443635804515,0.394523514851485,0.0,0.0697571696824856
W3_relation_only,100,9,0.6052496149897331,1.9673808134056725,0.3947503850102669,0.0,0.0680556981519507
W3_relation_only,100,10,0.6061006731424677,1.966891080770876,0.3938993268575322,0.0,0.0639263803680982
W3_relation_only,100,11,0.6055825946130242,1.9672112879063608,0.3944174053869758,0.0,0.0625400613706101
W3_relation_only,100,12,0.6056118017711173,1.9671879296343917,0.3943881982288827,0.0,0.0693205040871937
W3_relation_only,100,13,0.6066344839371155,1.9665633040488897,0.3933655160628845,0.0,0.0644540328092959
W3_relation_only,100,14,0.6042616159890674,1.9679732979960036,0.3957383840109326,0.0,0.061027075503929
W3_relation_only,100,17,0.6067016142808337,1.966500084420964,0.3932983857191663,0.0,0.0666702254868466
W3_relation_only,100,15,0.6058539455665868,1.966974189756392,0.3941460544334132,0.0,0.0665221670660732
W3_relation_only,100,16,0.6056666809165527,1.967127424066428,0.3943333190834472,0.0,0.0703877393980849
W3_relation_only,100,19,0.6060204994885783,1.9669211954773944,0.3939795005114217,0.0,0.0624284009546539
W3_relation_only,100,18,0.6054931173050615,1.9672762814550864,0.3945068826949385,0.0,0.0621934849521202
W3_relation_only,100,21,0.606612444859179,1.9665124345326188,0.393387555140821,0.0,0.0708712249745504
W3_relation_only,100,20,0.6045566984019041,1.967800298390056,0.3954433015980959,0.0,0.0686428935736143
W3_relation_only,100,22,0.6058242320819113,1.96702312286238,0.3941757679180887,0.0,0.0661126279863482
W3_relation_only,100,23,0.6058986636023153,1.9670348304343408,0.3941013363976847,0.0,0.0626779026217227
W7_full_DAR,50,0,0.4250906052076003,3.810634834961683,0.5749093947923998,0.0,0.1244000703729767
W7_full_DAR,50,2,0.4252190585331453,3.810074543381493,0.5747809414668548,0.0,0.11693273977433
W7_full_DAR,50,1,0.4261330027835768,3.80946410868155,0.5738669972164232,0.0,0.1246920668058454
W7_full_DAR,50,3,0.4256531096275474,3.809212301557144,0.5743468903724526,0.0,0.1322355938158819
W7_full_DAR,50,4,0.4249865357887422,3.810845208380485,0.5750134642112578,0.0,0.1199552640722724
W7_full_DAR,50,5,0.425259417509592,3.8100622984829777,0.5747405824904079,0.0,0.1302254098360656
W3_relation_only,100,24,0.6056592728201635,1.967186219541421,0.3943407271798365,0.0,0.0617796321525885
W3_relation_only,100,26,0.6059632831222185,1.9669740939602227,0.3940367168777815,0.0,0.0685116398493667
W3_relation_only,100,25,0.6056708248472505,1.9671571354248916,0.3943291751527494,0.0,0.0698964697895451
W3_relation_only,100,27,0.6057498719262295,1.967095330962621,0.3942501280737704,0.0,0.0671004098360655
W3_relation_only,100,28,0.6049246936691626,1.9676071951805787,0.3950753063308374,0.0,0.0665737746766506
W3_relation_only,100,29,0.6049031720246238,1.9676076345687767,0.3950968279753761,0.0,0.067405950752394
W7_full_DAR,50,7,0.4257690284110838,3.80972824516051,0.5742309715889162,0.0,0.1247877937565766
W7_full_DAR,50,6,0.4254556607080266,3.8099617943784274,0.5745443392919733,0.0,0.1224211356466877
W7_full_DAR,50,8,0.4258093145869946,3.809099938025253,0.5741906854130053,0.0,0.1340487697715289
W7_full_DAR,50,9,0.4255143413597733,3.809930466262673,0.5744856586402267,0.0,0.1365208923512746
W7_full_DAR,50,10,0.4254803664921466,3.809258180884527,0.5745196335078533,0.0,0.1297194589877836
W7_full_DAR,50,11,0.4247114366396046,3.810860272514348,0.5752885633603955,0.0,0.1253494528768089
W7_full_DAR,50,13,0.4261373636043647,3.808450550142124,0.5738626363956353,0.0,0.1275598380851813
W7_full_DAR,50,12,0.4258593205574912,3.808629436365799,0.5741406794425088,0.0,0.1345718641114981
W7_full_DAR,50,14,0.4254106514084507,3.809815788118482,0.5745893485915493,0.0,0.1239454225352112
W7_full_DAR,50,15,0.4254021929824562,3.808535876205056,0.5745978070175438,0.0,0.1309859649122807
W7_full_DAR,50,16,0.4262119199433227,3.8086893421011134,0.5737880800566773,0.0,0.1363372298972724
W7_full_DAR,50,17,0.4260768019594122,3.8088747795619615,0.5739231980405878,0.0,0.1272406403079076
W7_full_DAR,50,18,0.4256595279720279,3.809128258564117,0.5743404720279721,0.0,0.1227364510489509
W7_full_DAR,50,19,0.4265931458699472,3.807812561889532,0.5734068541300528,0.0,0.119238137082601
W7_full_DAR,50,20,0.4249102787456446,3.810609124707668,0.5750897212543554,0.0,0.1337399825783972
W7_full_DAR,50,21,0.4256970473833097,3.809799858925018,0.5743029526166903,0.0,0.1291102369165487
W7_full_DAR,50,22,0.4250583538083538,3.809483727806998,0.5749416461916462,0.0,0.1258775008775008
W7_full_DAR,50,23,0.4248780273780273,3.810125161914233,0.5751219726219727,0.0,0.1266676904176903
W7_full_DAR,50,24,0.4260265486725663,3.809174045923768,0.5739734513274337,0.0,0.1310154867256637
W7_full_DAR,50,26,0.4259778225806451,3.808680211341851,0.5740221774193548,0.0,0.1226345546984571
W7_full_DAR,50,25,0.4258528078130449,3.808498461261541,0.574147192186955,0.0,0.1298160097663062
W7_full_DAR,50,27,0.4265734204024003,3.808512575607625,0.5734265795975997,0.0,0.1352863572184964
W7_full_DAR,50,28,0.4258353938537618,3.8090033586035896,0.5741646061462382,0.0,0.1266420876015541
W7_full_DAR,50,29,0.4263911785338477,3.8087192918637625,0.5736088214661523,0.0,0.136568309365135
W7_full_DAR,100,1,0.4272628990348924,3.8061034874022415,0.5727371009651075,0.0,0.125213437268003
W7_full_DAR,100,0,0.4272006457564575,3.8056900763636032,0.5727993542435424,0.0,0.1269315036900368
W7_full_DAR,100,2,0.4269055617767823,3.8061710620678575,0.5730944382232177,0.0,0.124888717805151
W7_full_DAR,100,3,0.4279950609305761,3.806034848987137,0.572004939069424,0.0,0.1321854228212703
W7_full_DAR,100,5,0.4278470400899213,3.8058574105644793,0.5721529599100786,0.0,0.1315684713375796
W7_full_DAR,100,4,0.4276729212656365,3.8057477244356814,0.5723270787343635,0.0,0.1273043138337012
W7_full_DAR,100,7,0.4264844320672023,3.807820017807507,0.5735155679327977,0.0,0.1249618791088385
W7_full_DAR,100,6,0.4271562962278105,3.80652449591142,0.5728437037721894,0.0,0.1263246579142011
W7_full_DAR,100,8,0.4274349442379183,3.806398694173383,0.5725650557620817,0.0,0.1322971654275093
W7_full_DAR,100,9,0.4276523991784915,3.8057393201716327,0.5723476008215085,0.0,0.1329971060492906
W7_full_DAR,100,11,0.4271666513085146,3.806436904994357,0.5728333486914854,0.0,0.125475488389237
W7_full_DAR,100,10,0.427045874953755,3.806521698019937,0.5729541250462449,0.0,0.1285298742138365
W7_full_DAR,100,12,0.4273766294227187,3.8064373227941135,0.5726233705772812,0.0,0.1295016294227187
W7_full_DAR,100,13,0.427423034124629,3.806739928631953,0.572576965875371,0.0,0.1264848386498515
W7_full_DAR,100,14,0.4271797752808989,3.8065319914030114,0.5728202247191011,0.0,0.1231390449438202
W7_full_DAR,100,16,0.4272134451445515,3.80589703850263,0.5727865548554485,0.0,0.130130652335063
W7_full_DAR,100,15,0.4276614314664702,3.8065554679325926,0.5723385685335298,0.0,0.1325329310980103
W7_full_DAR,100,17,0.4271577763496144,3.8070959620715055,0.5728422236503856,0.0,0.1256045721630554
W8_full_random_relation_control,50,0,0.3869219038817006,3.901491658401487,0.6130780961182993,0.0,0.0758230129390019
W8_full_random_relation_control,50,1,0.397868291347207,3.8885121938831424,0.602131708652793,0.0,0.0911249543629061
W8_full_random_relation_control,50,2,0.3935530664708043,3.892601963086906,0.6064469335291957,0.0,0.0743688027910393
W8_full_random_relation_control,50,3,0.3966425430560645,3.888898273071604,0.6033574569439355,0.0,0.096679186515207
W8_full_random_relation_control,50,4,0.3895914254305607,3.8979876572468353,0.6104085745694393,0.0,0.0824963356540857
W8_full_random_relation_control,50,5,0.3898130322102924,3.897666458952621,0.6101869677897076,0.0,0.0794335431321732
W7_full_DAR,100,19,0.4272028839088905,3.8063715365502,0.5727971160911094,0.0,0.1251086058045554
W7_full_DAR,100,18,0.4272396606083085,3.806725660639945,0.5727603393916915,0.0,0.1295813241839762
W7_full_DAR,100,21,0.4273297148714126,3.806722759726589,0.5726702851285874,0.0,0.1309313268729035
W7_full_DAR,100,20,0.4269871439141694,3.806630064432862,0.5730128560858305,0.0,0.1340001849796522
W7_full_DAR,100,22,0.4268996557499069,3.8066750836541696,0.573100344250093,0.0,0.130084899516189
W7_full_DAR,100,23,0.4278157552083332,3.8058365492382062,0.5721842447916667,0.0,0.1236618768601189
W7_full_DAR,100,25,0.4264098998887654,3.807278839809536,0.5735901001112346,0.0,0.1313125695216909
W7_full_DAR,100,24,0.42718669250646,3.806567125899735,0.57281330749354,0.0,0.1275715208564046
W7_full_DAR,100,26,0.4276540741437711,3.806225249899693,0.5723459258562289,0.0,0.1270549491908167
W7_full_DAR,100,27,0.4266964613970589,3.8070546165874295,0.573303538602941,0.0,0.1325349264705883
W7_full_DAR,100,29,0.4274517446176689,3.805868453981793,0.5725482553823311,0.0,0.1338655345211581
W7_full_DAR,100,28,0.4268145385470719,3.80598116777064,0.5731854614529281,0.0,0.1298637879911044
W8_full_random_relation_control,50,6,0.400224276821677,3.8859825606685017,0.599775723178323,0.0,0.0914335408275356
W8_full_random_relation_control,50,7,0.3887445175438596,3.898741501894236,0.6112554824561405,0.0,0.0786814692982455
W8_full_random_relation_control,50,8,0.3928706261510128,3.8948781232719702,0.6071293738489871,0.0,0.0943558931860036
W8_full_random_relation_control,50,9,0.3982870538965769,3.887474220141044,0.6017129461034231,0.0,0.0875769300801166
W8_full_random_relation_control,50,10,0.3914348068350668,3.8959054542820497,0.6085651931649332,0.0,0.0843076708766715
W8_full_random_relation_control,50,11,0.4007408940397351,3.885549147772572,0.5992591059602649,0.0,0.0925234547461368
W8_full_random_relation_control,50,12,0.398524129172714,3.8882972707444368,0.601475870827286,0.0,0.0867824746008707
W8_full_random_relation_control,50,13,0.398716473359913,3.886783490460392,0.601283526640087,0.0,0.0844989126495106
W8_full_random_relation_control,50,14,0.4022962495492246,3.882912554117482,0.5977037504507754,0.0,0.0992188063469167
W8_full_random_relation_control,50,15,0.397595486111111,3.8879262499596567,0.6024045138888889,0.0,0.0932218567251461
W8_full_random_relation_control,50,16,0.3939708302852963,3.893621774238885,0.6060291697147038,0.0,0.0858499451353328
W8_full_random_relation_control,50,17,0.396795871559633,3.889167322345555,0.603204128440367,0.0,0.0976711009174312
W8_full_random_relation_control,50,18,0.3928707396664249,3.894190682938104,0.6071292603335752,0.0,0.0813433647570703
W8_full_random_relation_control,50,19,0.3898892580287929,3.89732512440055,0.6101107419712071,0.0,0.0766366740494647
W8_full_random_relation_control,50,20,0.3952553269654666,3.8911860724718808,0.6047446730345334,0.0,0.0874458119030126
W8_full_random_relation_control,50,21,0.3919050875273522,3.8955900396682126,0.6080949124726478,0.0,0.0805962800875272
W8_full_random_relation_control,50,22,0.3942462039045553,3.8926249542536415,0.6057537960954447,0.0,0.0841065618221257
W8_full_random_relation_control,50,23,0.3986846435100548,3.8879621020399786,0.6013153564899452,0.0,0.0933569469835465
W8_full_random_relation_control,50,24,0.3961751361161524,3.890144975572507,0.6038248638838475,0.0,0.0876574410163339
W8_full_random_relation_control,50,25,0.3914506229388054,3.894938313987956,0.6085493770611945,0.0,0.0802890252839867
W8_full_random_relation_control,50,26,0.3925316570188133,3.8940501408560055,0.6074683429811867,0.0,0.0806851483357453
W8_full_random_relation_control,50,27,0.397793482175009,3.8882485410087857,0.6022065178249909,0.0,0.0851543932301044
W8_full_random_relation_control,50,28,0.3922014094955489,3.894533331022087,0.6077985905044512,0.0,0.0899517804154302
W8_full_random_relation_control,50,29,0.3947654818614877,3.891496197765055,0.6052345181385124,0.0,0.0863814584096738
W8_full_random_relation_control,100,0,0.3981391875746714,3.888185842269784,0.6018608124253286,0.0,0.0905886598964555
W8_full_random_relation_control,100,2,0.3989632936507937,3.886875863779247,0.6010367063492064,0.0,0.0908107638888889
W8_full_random_relation_control,100,3,0.3918532652648605,3.894574612004647,0.6081467347351395,0.0,0.0828472503032753
W8_full_random_relation_control,100,1,0.3968710536700868,3.889227935868036,0.6031289463299132,0.0,0.0877449191002368
W8_full_random_relation_control,100,6,0.3948067087845968,3.892234050313279,0.6051932912154032,0.0,0.0830848876855194
W8_full_random_relation_control,100,4,0.3965811455847255,3.890010343871496,0.6034188544152744,0.0,0.0860749801113763
W8_full_random_relation_control,100,5,0.3950214143426296,3.8916042364897736,0.6049785856573704,0.0,0.0848329183266933
W8_full_random_relation_control,100,7,0.3920392465475224,3.895441474679554,0.6079607534524776,0.0,0.0868922623883022
W8_full_random_relation_control,100,8,0.3952215818759937,3.891760172851586,0.6047784181240063,0.0,0.0885793422098569
W8_full_random_relation_control,100,9,0.3895494483040458,3.89709088353432,0.6104505516959542,0.0,0.0809468226399673
W8_full_random_relation_control,100,11,0.3934693567961165,3.8933391878932913,0.6065306432038835,0.0,0.083472390776699
W8_full_random_relation_control,100,10,0.3991702075098814,3.886384200589003,0.6008297924901186,0.0,0.0876921936758893
W8_full_random_relation_control,100,12,0.3980195296729915,3.8883383716172175,0.6019804703270084,0.0,0.0860930561162697
W8_full_random_relation_control,100,13,0.3950520414320193,3.8913982174320663,0.6049479585679807,0.0,0.0841610518905872
W8_full_random_relation_control,100,14,0.3950143906312028,3.892035137060881,0.6049856093687972,0.0,0.0838842298531162
W8_full_random_relation_control,100,16,0.3980938629971877,3.888123173196246,0.6019061370028123,0.0,0.0891515166733628
W8_full_random_relation_control,100,15,0.3953635670731706,3.8913880333677104,0.6046364329268293,0.0,0.0864641768292682
W8_full_random_relation_control,100,17,0.3933352523027633,3.8927837085800574,0.6066647476972367,0.0,0.0898953744493392
W9_full_symmetric_control,50,1,0.4845525414563806,3.789666078710504,0.5154474585436193,0.0,0.1615654289834174
W9_full_symmetric_control,50,0,0.4853977479113694,3.788415813218187,0.5146022520886306,0.0,0.1626507446422084
W8_full_random_relation_control,100,18,0.3921263067953358,3.895209876692494,0.6078736932046642,0.0,0.0850562927221552
W9_full_symmetric_control,50,2,0.4873269786772677,3.785062036387426,0.5126730213227322,0.0,0.1552692446693169
W9_full_symmetric_control,50,3,0.4867370363701836,3.785820871510426,0.5132629636298164,0.0,0.1724153763053654
W9_full_symmetric_control,50,4,0.48560977826245,3.7885616622150895,0.51439022173755,0.0,0.1562999818247909
W8_full_random_relation_control,100,20,0.3963500800640511,3.890377113722749,0.6036499199359489,0.0,0.0853660428342673
W8_full_random_relation_control,100,19,0.3942168674698795,3.892665191683925,0.6057831325301205,0.0,0.0842018072289156
W9_full_symmetric_control,50,5,0.4873369761560693,3.7851168676168334,0.5126630238439307,0.0,0.1723464595375722
W8_full_random_relation_control,100,21,0.3938677243330639,3.892243369612068,0.6061322756669361,0.0,0.0837148848019402
W8_full_random_relation_control,100,22,0.3990905017921147,3.886400338433385,0.6009094982078853,0.0,0.0866848367184389
W8_full_random_relation_control,100,24,0.4002743538767395,3.885723662218832,0.5997256461232605,0.0,0.0942726143141153
W8_full_random_relation_control,100,25,0.3954219194794632,3.8904291814065335,0.6045780805205367,0.0,0.0885997864985766
W8_full_random_relation_control,100,23,0.3988739608076009,3.886791088074641,0.601126039192399,0.0,0.0905718032462391
W8_full_random_relation_control,100,26,0.3945195970328789,3.892303890531271,0.605480402967121,0.0,0.0872283480352846
W8_full_random_relation_control,100,27,0.393312575030012,3.893363162999783,0.606687424969988,0.0,0.0834643857543017
W8_full_random_relation_control,100,28,0.3949055936995153,3.891196809440723,0.6050944063004846,0.0,0.0874598647011308
W8_full_random_relation_control,100,29,0.3971069405099151,3.889150649299509,0.602893059490085,0.0,0.0841908640226629
W9_full_symmetric_control,50,6,0.4845827292497282,3.7902882991432634,0.5154172707502718,0.0,0.1557747372236318
W9_full_symmetric_control,50,7,0.4854331416247303,3.7890600353933626,0.5145668583752696,0.0,0.1618574766355139
W9_full_symmetric_control,50,8,0.4848140420899856,3.7892649675111376,0.5151859579100144,0.0,0.1713153120464442
W9_full_symmetric_control,50,10,0.4854070292735815,3.787944848521121,0.5145929707264185,0.0,0.1689591615468015
W9_full_symmetric_control,50,9,0.4853705692803437,3.788313417539517,0.5146294307196563,0.0,0.1773021840315073
W9_full_symmetric_control,50,12,0.4854662088904952,3.788266966751165,0.5145337911095048,0.0,0.1738986266714854
W9_full_symmetric_control,50,13,0.4855246913580247,3.787090574478427,0.5144753086419753,0.0,0.1665241466957153
W9_full_symmetric_control,50,11,0.4865388086642599,3.786097335204551,0.5134611913357401,0.0,0.1638235559566786
W9_full_symmetric_control,50,14,0.4862262513701132,3.785915339740111,0.5137737486298868,0.0,0.1618263609791742
W9_full_symmetric_control,50,15,0.4858357400722022,3.787995371302817,0.5141642599277978,0.0,0.1696254512635379
W9_full_symmetric_control,50,16,0.4870140909090908,3.7862802802220794,0.5129859090909091,0.0,0.1780331818181817
W9_full_symmetric_control,50,18,0.4866146022520887,3.786327665883433,0.5133853977479113,0.0,0.1615959861968761
W9_full_symmetric_control,50,17,0.4870962230215827,3.785391501982978,0.5129037769784173,0.0,0.1683660071942445
W9_full_symmetric_control,50,19,0.4850355579868708,3.788096383978517,0.5149644420131292,0.0,0.1544702771699488
W9_full_symmetric_control,50,20,0.485016351744186,3.78885466458004,0.514983648255814,0.0,0.1765061773255813
W9_full_symmetric_control,50,21,0.4880315674891146,3.784691049277108,0.5119684325108853,0.0,0.1674378628447024
W9_full_symmetric_control,50,22,0.4862794384057971,3.785678101138974,0.5137205615942029,0.0,0.1657889492753623
W9_full_symmetric_control,50,23,0.486505288110868,3.787624858510117,0.513494711889132,0.0,0.166332056892779
W9_full_symmetric_control,50,24,0.4841977206946453,3.789700043087247,0.5158022793053547,0.0,0.1685537264833573
W9_full_symmetric_control,50,25,0.4838548504741064,3.7903864757190537,0.5161451495258935,0.0,0.1666037563822027
W9_full_symmetric_control,50,26,0.4847306579898771,3.7895016930178422,0.5152693420101229,0.0,0.158869305856833
W9_full_symmetric_control,50,27,0.485352829848594,3.788988942914023,0.5146471701514059,0.0,0.1743010994953135
W9_full_symmetric_control,50,28,0.4847595979717494,3.7894582187360495,0.5152404020282506,0.0,0.1634190510684535
W9_full_symmetric_control,50,29,0.4854256756756757,3.7879309740927583,0.5145743243243244,0.0,0.1769779279279279
W9_full_symmetric_control,100,0,0.4977016448672215,3.768828230476288,0.5022983551327784,0.0,0.1748944708680143
W9_full_symmetric_control,100,2,0.4981899543831813,3.768068846179917,0.5018100456168186,0.0,0.1731936731455772
W9_full_symmetric_control,100,3,0.4974655257936507,3.7686220202191847,0.5025344742063493,0.0,0.1795310019841269
W9_full_symmetric_control,100,4,0.4971528888444622,3.7698121881963176,0.5028471111555377,0.0,0.1719752099160336
W9_full_symmetric_control,100,1,0.4968007719714963,3.7694566281922657,0.5031992280285036,0.0,0.1697540577988913
W9_full_symmetric_control,100,5,0.4963306532161406,3.7708291662192535,0.5036693467838593,0.0,0.1782965441470235
W9_full_symmetric_control,100,6,0.4972386138613862,3.7692249208650983,0.5027613861386138,0.0,0.173590594059406
W9_full_symmetric_control,100,8,0.4960745657323331,3.7707362737462455,0.5039254342676669,0.0,0.1787418574812475
W9_full_symmetric_control,100,7,0.4962162698412699,3.771553272724016,0.50378373015873,0.0,0.1698836805555556
W9_full_symmetric_control,100,9,0.4963199387109529,3.7705922461952377,0.5036800612890471,0.0,0.1804134539343614
W9_full_symmetric_control,100,10,0.4972841135458167,3.7685192723995713,0.5027158864541832,0.0,0.1760445717131474
W9_full_symmetric_control,100,11,0.4980830039525692,3.767986766138309,0.5019169960474308,0.0,0.1720138339920949
W9_full_symmetric_control,100,12,0.4988641325922984,3.765994531248005,0.5011358674077016,0.0,0.1770310639142515
W9_full_symmetric_control,100,13,0.4963762979233227,3.7712371729684175,0.5036237020766773,0.0,0.1720764277156549
W9_full_symmetric_control,100,14,0.4968623511904761,3.769798653575727,0.5031376488095238,0.0,0.1664826388888888
W9_full_symmetric_control,100,16,0.4976151446117274,3.7687400471902506,0.5023848553882726,0.0,0.1759446810618067
W9_full_symmetric_control,100,15,0.4980268696162881,3.7687657099676017,0.5019731303837118,0.0,0.1800379306969459
W9_full_symmetric_control,100,17,0.4973409269442262,3.768640588514353,0.5026590730557738,0.0,0.1719312156323644
W10_noise_rich_control,50,0,0.2498546901172529,3.999789080897479,0.7501453098827471,0.0,-0.0008061139028475
W10_noise_rich_control,50,1,0.2500192436412315,3.99977949243785,0.7499807563587684,0.0,-1.4641900937140129e-05
W10_noise_rich_control,50,2,0.2499243816844919,3.9997490886846903,0.7500756183155081,0.0,-0.0001441343582888
W10_noise_rich_control,50,3,0.2499409943086709,3.999779868700125,0.7500590056913291,0.0,0.0004235018413123
W10_noise_rich_control,50,4,0.2503403755868544,3.999756436860516,0.7496596244131455,0.0,-0.0001332997987927
W10_noise_rich_control,50,5,0.2501022460610124,3.9997797849956993,0.7498977539389876,0.0,-3.142809252432155e-05
W9_full_symmetric_control,100,18,0.4979820147469111,3.768151149690519,0.5020179852530888,0.0,0.1779429055400557
W9_full_symmetric_control,100,19,0.4969734368816778,3.769856180192938,0.5030265631183222,0.0,0.1701043727740402
W9_full_symmetric_control,100,20,0.4979953298887121,3.767067760670328,0.5020046701112879,0.0,0.1857988871224165
W9_full_symmetric_control,100,21,0.4972905966021336,3.7688446269938,0.5027094033978664,0.0,0.1785457822994864
W9_full_symmetric_control,100,23,0.4971966043307087,3.7692096691706176,0.5028033956692912,0.0,0.1676828248031496
W9_full_symmetric_control,100,25,0.4978649379255106,3.767523420931147,0.5021350620744893,0.0,0.1799046355626752
W9_full_symmetric_control,100,22,0.4960920658682635,3.7713205585832,0.5039079341317365,0.0,0.1779136726546906
W9_full_symmetric_control,100,24,0.4971740099009901,3.769606688158506,0.50282599009901,0.0,0.173809405940594
W9_full_symmetric_control,100,26,0.4964237602499023,3.7708054747346047,0.5035762397500976,0.0,0.1724140960562281
W9_full_symmetric_control,100,27,0.497128666270313,3.769097520358234,0.502871333729687,0.0,0.1807300336900514
W9_full_symmetric_control,100,28,0.4978941240586604,3.768935411852783,0.5021058759413396,0.0,0.1798746531906461
W9_full_symmetric_control,100,29,0.4960464540412044,3.771342256062752,0.5039535459587956,0.0,0.1800168383518225
W10_noise_rich_control,50,6,0.2500004190412336,3.9997855905188575,0.7499995809587663,0.0,3.561850486091811e-05
W10_noise_rich_control,50,7,0.2497932016075016,3.999767533256163,0.7502067983924984,0.0,0.0002578700602813
W10_noise_rich_control,50,8,0.2498918873617163,3.999788481801577,0.7501081126382836,0.0,0.0004705833053972
W10_noise_rich_control,50,9,0.2502154014108163,3.999765495456856,0.7497845985891838,0.0,-0.0004047699025864
W10_noise_rich_control,50,10,0.2500133913625711,3.9997638603551136,0.7499866086374289,0.0,-0.0002519250083696
W10_noise_rich_control,50,11,0.2498625960574674,3.999757614209132,0.7501374039425326,0.0,-0.000165803541597
W10_noise_rich_control,50,12,0.2500523450586264,3.99975865018001,0.7499476549413735,0.0,0.00036013400335
W10_noise_rich_control,50,13,0.2500881812102976,3.999765244940211,0.7499118187897025,0.0,0.0002403042460715
W10_noise_rich_control,50,14,0.250225485274431,3.999751157578958,0.749774514725569,0.0,0.0005651773761713
W10_noise_rich_control,50,15,0.2500251424740194,3.999790152927803,0.7499748575259806,0.0,-0.000437898089172
W10_noise_rich_control,50,16,0.2501836016096579,3.999750435427487,0.7498163983903421,0.0,0.0001756371562709
W10_noise_rich_control,50,17,0.2500899130143861,3.999755278222264,0.7499100869856139,0.0,-0.0001714620274338
W10_noise_rich_control,50,19,0.2503560682046138,3.9997614509551056,0.7496439317953861,0.0,0.0005675359411567
W10_noise_rich_control,50,18,0.2497902712659075,3.9997607908506176,0.7502097287340924,0.0,-0.0003792699263228
W10_noise_rich_control,50,20,0.2502102139752591,3.9997709023061714,0.7497897860247409,0.0,0.000346038114343
W10_noise_rich_control,50,21,0.2498136958710976,3.999775318844087,0.7501863041289023,0.0,0.0002215508559919
W10_noise_rich_control,50,22,0.2505208333333333,3.99981800325804,0.7494791666666667,0.0,0.0004091365461847
W10_noise_rich_control,50,23,0.2498939899833055,3.999783061969257,0.7501060100166945,0.0,-0.0002441569282136
W10_noise_rich_control,50,24,0.2494538834951456,3.999773802699128,0.7505461165048544,0.0,-0.0006360897221291
W10_noise_rich_control,50,25,0.250029332886356,3.9997769552478553,0.749970667113644,0.0,-0.0002916526986255
W10_noise_rich_control,50,26,0.2497463099630996,3.9997839242600617,0.7502536900369003,0.0,-0.0004151291512915
W10_noise_rich_control,50,27,0.249814319170291,3.9997846330863744,0.7501856808297089,0.0,0.0002141184342589
W10_noise_rich_control,50,28,0.2501858392196435,3.999781767956856,0.7498141607803566,0.0,-0.0002194752774974
W10_noise_rich_control,50,29,0.2503201475025142,3.999791254880589,0.7496798524974857,0.0,0.0002526818638953
W10_noise_rich_control,100,0,0.2501194976478494,3.999792694538668,0.7498805023521505,0.0,-3.92725134408245e-05
W10_noise_rich_control,100,1,0.2497092876389356,3.999778185248761,0.7502907123610643,0.0,-0.0002252441899629
W10_noise_rich_control,100,2,0.2497263786146604,3.999773170675679,0.7502736213853396,0.0,-0.0004196788836584
W10_noise_rich_control,100,3,0.2498875884136073,3.999788003551944,0.7501124115863926,0.0,-5.304816436502158e-05
W10_noise_rich_control,100,4,0.2501338235294117,3.999775152152497,0.7498661764705883,0.0,-9.537815126048343e-05
W10_noise_rich_control,100,5,0.2498051729929459,3.9997661336481567,0.750194827007054,0.0,-0.0001026620759153
W10_noise_rich_control,100,6,0.2501643518518518,3.999785599342688,0.7498356481481482,0.0,0.0001252104377104
W10_noise_rich_control,100,8,0.2502019650655022,3.999792819527513,0.7497980349344978,0.0,0.0003401074907624
W10_noise_rich_control,100,7,0.2502348472128946,3.9997762684094176,0.7497651527871054,0.0,0.0003152283411685
W10_noise_rich_control,100,9,0.2500723331096947,3.999782674011761,0.7499276668903052,0.0,-0.0003134434753438
W10_noise_rich_control,100,10,0.2502117037411526,3.9997785616107446,0.7497882962588474,0.0,0.0003060751600943
W10_noise_rich_control,100,11,0.24994140625,3.999766000638719,0.75005859375,0.0,-0.0005863575268817
W10_noise_rich_control,100,12,0.2501234022872519,3.999765436211293,0.7498765977127481,0.0,-7.904473595699013e-05
W10_noise_rich_control,100,13,0.2499926247471341,3.9997675511081856,0.7500073752528659,0.0,0.0001633091706001
W10_noise_rich_control,100,14,0.2503169311276165,3.999763261943286,0.7496830688723835,0.0,0.0001360989196488
W11_collapse_attractor_control,50,1,0.0,0.0,1.0,1.0,0.0
W10_noise_rich_control,100,15,0.2502226575665655,3.999776397687472,0.7497773424334344,0.0,0.0002494101786315
W11_collapse_attractor_control,50,0,0.85,0.7823866111252531,0.15,0.0,-0.0025
W10_noise_rich_control,100,16,0.2498235615746971,3.99976237349619,0.7501764384253028,0.0,-0.0003556106998653
W10_noise_rich_control,100,17,0.2501252517623363,3.9997691104769273,0.7498747482376638,0.0,0.0001588200738502
W11_collapse_attractor_control,50,2,0.0,0.0,1.0,1.0,0.0
W11_collapse_attractor_control,50,3,0.0,0.0,1.0,1.0,0.0
W11_collapse_attractor_control,50,4,0.0,0.0,1.0,1.0,0.0
W11_collapse_attractor_control,50,5,0.0,0.0,1.0,1.0,0.0
W11_collapse_attractor_control,50,6,0.0,0.0,1.0,1.0,0.0
W11_collapse_attractor_control,50,7,0.0,0.0,1.0,1.0,0.0
W11_collapse_attractor_control,50,9,0.0,0.0,1.0,1.0,0.0
W11_collapse_attractor_control,50,8,0.0,0.0,1.0,1.0,0.0
W11_collapse_attractor_control,50,11,0.0,0.0,1.0,1.0,0.0
W11_collapse_attractor_control,50,13,0.0,0.0,1.0,1.0,0.0
W11_collapse_attractor_control,50,10,0.818125,0.8434415111842761,0.181875,0.0,-0.0174999999999999
W11_collapse_attractor_control,50,12,0.8075,0.8347243231871512,0.1925,0.0,-0.01
W11_collapse_attractor_control,50,15,0.0,0.0,1.0,1.0,0.0
W11_collapse_attractor_control,50,14,0.0,0.0,1.0,1.0,0.0
W11_collapse_attractor_control,50,16,0.83,0.8262136972240516,0.17,0.0,-0.0025
W11_collapse_attractor_control,50,18,0.0,0.0,1.0,1.0,0.0
W11_collapse_attractor_control,50,19,0.0,0.0,1.0,1.0,0.0
W11_collapse_attractor_control,50,17,0.82375,0.8309817214370289,0.17625,0.0,-0.01
W11_collapse_attractor_control,50,20,0.0,0.0,1.0,1.0,0.0
W11_collapse_attractor_control,50,21,0.0,0.0,1.0,1.0,0.0
W11_collapse_attractor_control,50,22,0.0,0.0,1.0,1.0,0.0
W10_noise_rich_control,100,18,0.2501163865546218,3.999761777309784,0.7498836134453781,0.0,3.571428571425006e-05
W11_collapse_attractor_control,50,24,0.0,0.0,1.0,1.0,0.0
W11_collapse_attractor_control,50,23,0.87,0.72664501316302,0.13,0.0,0.0124999999999999
W11_collapse_attractor_control,50,25,0.0,0.0,1.0,1.0,0.0
W10_noise_rich_control,100,19,0.2501219307097208,3.999767346769833,0.7498780692902791,0.0,0.0003590649175915
W10_noise_rich_control,100,20,0.2497338627914836,3.9997623810092393,0.7502661372085164,0.0,-0.0003654106116931
W10_noise_rich_control,100,21,0.2499652192242832,3.99978404260034,0.7500347807757167,0.0,-2.2133220910630635e-05
W10_noise_rich_control,100,22,0.2498618796109993,3.9997846977976015,0.7501381203890006,0.0,-8.341716968476853e-05
W10_noise_rich_control,100,23,0.249980633209835,3.999772457436032,0.750019366790165,0.0,0.0003069215223981
W11_collapse_attractor_control,50,27,0.0,0.0,1.0,1.0,0.0
W11_collapse_attractor_control,50,26,0.0,0.0,1.0,1.0,0.0
W10_noise_rich_control,100,24,0.2502012072434607,3.99974759494752,0.7497987927565393,0.0,0.0002364185110663
W10_noise_rich_control,100,25,0.2500877561303325,3.99977526485008,0.7499122438696675,0.0,0.000213721867652
W10_noise_rich_control,100,27,0.2498087765062268,3.999764804834509,0.7501912234937731,0.0,-0.0003317485695051
W10_noise_rich_control,100,28,0.2500626682368775,3.999762580763764,0.7499373317631225,0.0,0.000338787012113
W10_noise_rich_control,100,26,0.2500264794889038,3.99976866641015,0.7499735205110962,0.0,-2.4377942165421107e-05
W11_collapse_attractor_control,50,28,0.0,0.0,1.0,1.0,0.0
W10_noise_rich_control,100,29,0.2499823113207547,3.999783373680019,0.7500176886792453,0.0,-0.0002286893530997
W11_collapse_attractor_control,50,29,0.8375,0.7923109979222737,0.1624999999999999,0.0,-0.0124999999999999
W11_collapse_attractor_control,100,0,0.0,0.0,1.0,1.0,0.0
W11_collapse_attractor_control,100,1,0.0,0.0,1.0,1.0,0.0
W11_collapse_attractor_control,100,3,0.0,0.0,1.0,1.0,0.0
W11_collapse_attractor_control,100,2,0.0,0.0,1.0,1.0,0.0
W11_collapse_attractor_control,100,4,0.0,0.0,1.0,1.0,0.0
W11_collapse_attractor_control,100,5,0.0,0.0,1.0,1.0,0.0
W11_collapse_attractor_control,100,6,0.0,0.0,1.0,1.0,0.0
W11_collapse_attractor_control,100,8,0.0,0.0,1.0,1.0,0.0
W11_collapse_attractor_control,100,9,0.0,0.0,1.0,1.0,0.0
W11_collapse_attractor_control,100,7,0.0,0.0,1.0,1.0,0.0
W11_collapse_attractor_control,100,10,0.0,0.0,1.0,1.0,0.0
W11_collapse_attractor_control,100,11,0.0,0.0,1.0,1.0,0.0
W11_collapse_attractor_control,100,12,0.0,0.0,1.0,1.0,0.0
W11_collapse_attractor_control,100,14,0.0,0.0,1.0,1.0,0.0
W11_collapse_attractor_control,100,13,0.0,0.0,1.0,1.0,0.0
W11_collapse_attractor_control,100,15,0.0,0.0,1.0,1.0,0.0
W11_collapse_attractor_control,100,16,0.0,0.0,1.0,1.0,0.0
W11_collapse_attractor_control,100,17,0.0,0.0,1.0,1.0,0.0
W11_collapse_attractor_control,100,18,0.0,0.0,1.0,1.0,0.0
W11_collapse_attractor_control,100,19,0.0,0.0,1.0,1.0,0.0
W11_collapse_attractor_control,100,20,0.0,0.0,1.0,1.0,0.0
W11_collapse_attractor_control,100,21,0.0,0.0,1.0,1.0,0.0
W11_collapse_attractor_control,100,22,0.0,0.0,1.0,1.0,0.0
W11_collapse_attractor_control,100,23,0.0,0.0,1.0,1.0,0.0
W11_collapse_attractor_control,100,24,0.0,0.0,1.0,1.0,0.0
W11_collapse_attractor_control,100,26,0.0,0.0,1.0,1.0,0.0
W11_collapse_attractor_control,100,25,0.0,0.0,1.0,1.0,0.0
W11_collapse_attractor_control,100,27,0.0,0.0,1.0,1.0,0.0
W11_collapse_attractor_control,100,29,0.0,0.0,1.0,1.0,0.0
W11_collapse_attractor_control,100,28,0.0,0.0,1.0,1.0,0.0
W12_stable_relation_weak_asymmetry,50,0,0.4847948647660818,3.776225333749739,0.5152051352339182,0.0,0.167453399122807
W12_stable_relation_weak_asymmetry,50,3,0.4849478589885567,3.77587804750445,0.5150521410114433,0.0,0.176812938353636
W12_stable_relation_weak_asymmetry,50,4,0.4851217019695281,3.7751758563705393,0.5148782980304719,0.0,0.1623295243403938
W12_stable_relation_weak_asymmetry,50,2,0.4845590405904059,3.77617529736523,0.5154409594095941,0.0,0.1581881918819187
W12_stable_relation_weak_asymmetry,50,1,0.4848506493506494,3.7752254049632064,0.5151493506493505,0.0,0.1662425788497217
W12_stable_relation_weak_asymmetry,50,5,0.484484455481972,3.776880592942747,0.515515544518028,0.0,0.1739206217807211
W12_stable_relation_weak_asymmetry,50,6,0.4842566079295154,3.7775912457377903,0.5157433920704846,0.0,0.1626950256975037
W12_stable_relation_weak_asymmetry,50,7,0.4842477189781021,3.77754056517984,0.5157522810218979,0.0,0.165956204379562
W12_stable_relation_weak_asymmetry,50,8,0.4849187892211148,3.775609226749442,0.5150812107788851,0.0,0.1764078073089701
W12_stable_relation_weak_asymmetry,50,9,0.4845323346729996,3.7760290938148056,0.5154676653270004,0.0,0.180821154548776
W12_stable_relation_weak_asymmetry,50,10,0.483965088430361,3.7772638705129142,0.516034911569639,0.0,0.1731963890935887
W12_stable_relation_weak_asymmetry,50,11,0.485127607025247,3.7755231794129993,0.514872392974753,0.0,0.1678389132821076
W12_stable_relation_weak_asymmetry,50,12,0.4850079172876303,3.7753056644120218,0.5149920827123697,0.0,0.177614102086438
W12_stable_relation_weak_asymmetry,50,13,0.4839153121536756,3.777025058081827,0.5160846878463243,0.0,0.1697109346139638
W12_stable_relation_weak_asymmetry,50,14,0.4856957633308985,3.7742204203306096,0.5143042366691015,0.0,0.1662796749452155
W12_stable_relation_weak_asymmetry,50,15,0.4858477272727273,3.7741486543434735,0.5141522727272727,0.0,0.1751513636363637
W12_stable_relation_weak_asymmetry,50,16,0.485911855482934,3.774298788152533,0.514088144517066,0.0,0.1811505991285403
W12_stable_relation_weak_asymmetry,50,17,0.4850437062937063,3.775897689301283,0.5149562937062937,0.0,0.1699112072138389
W12_stable_relation_weak_asymmetry,50,18,0.4858230040102078,3.774164590139212,0.5141769959897922,0.0,0.1652957528253736
W12_stable_relation_weak_asymmetry,50,19,0.4851542416452442,3.775393313743865,0.5148457583547559,0.0,0.1594004774146161
W12_stable_relation_weak_asymmetry,50,21,0.4853960258780037,3.774560900231052,0.5146039741219963,0.0,0.1712851201478742
W12_stable_relation_weak_asymmetry,50,20,0.4850274926686216,3.775641060740551,0.5149725073313783,0.0,0.1806424120234604
W12_stable_relation_weak_asymmetry,50,23,0.4843915806927044,3.775957658385201,0.5156084193072956,0.0,0.1704297162859247
W12_stable_relation_weak_asymmetry,50,22,0.4856266126059712,3.774231682232604,0.5143733873940288,0.0,0.1694157758938444
W12_stable_relation_weak_asymmetry,50,24,0.4841002393225331,3.7765487169568015,0.5158997606774669,0.0,0.1740970176730486
W12_stable_relation_weak_asymmetry,50,25,0.4845002723311547,3.777082595709719,0.5154997276688453,0.0,0.1725381263616557
W12_stable_relation_weak_asymmetry,50,26,0.4842814563462949,3.776769581396073,0.5157185436537051,0.0,0.1639939471753484
W12_stable_relation_weak_asymmetry,50,27,0.4854634056638469,3.7754205057224266,0.5145365943361531,0.0,0.179591761677087
W12_stable_relation_weak_asymmetry,50,28,0.4844461792799412,3.776377435569412,0.5155538207200587,0.0,0.1695334313005143
W12_stable_relation_weak_asymmetry,50,29,0.4844763636363636,3.776263297322175,0.5155236363636364,0.0,0.1809336363636364
W12_stable_relation_weak_asymmetry,100,0,0.4896370555782591,3.7674119702113895,0.5103629444217409,0.0,0.1727807008581937
W12_stable_relation_weak_asymmetry,100,1,0.4898007246376811,3.767132425708069,0.5101992753623188,0.0,0.1694668737060041
W12_stable_relation_weak_asymmetry,100,3,0.4901326300696436,3.766968253610232,0.5098673699303564,0.0,0.1776387750921754
W12_stable_relation_weak_asymmetry,100,2,0.4893770161290323,3.76811302220662,0.5106229838709677,0.0,0.1704362399193549
W12_stable_relation_weak_asymmetry,100,4,0.4910700020483409,3.7646713250401,0.508929997951659,0.0,0.1725414789020893
W12_stable_relation_weak_asymmetry,100,5,0.4912135395117915,3.765284809692075,0.5087864604882085,0.0,0.178631568059578
W12_stable_relation_weak_asymmetry,100,6,0.4903002450980391,3.766600226944933,0.5096997549019608,0.0,0.1727009293300653
W12_stable_relation_weak_asymmetry,100,7,0.489957090314671,3.7668894882946073,0.510042909685329,0.0,0.1704589803841438
W12_stable_relation_weak_asymmetry,100,8,0.4905925525339925,3.7661150918115966,0.5094074474660075,0.0,0.1786863926658425
W12_stable_relation_weak_asymmetry,100,9,0.4893033667621776,3.7677155648579386,0.5106966332378224,0.0,0.1786463876381498
W12_stable_relation_weak_asymmetry,100,10,0.4897123781478473,3.766894079936213,0.5102876218521527,0.0,0.1735801685621446
W12_stable_relation_weak_asymmetry,100,11,0.4889664256198347,3.769225300613981,0.5110335743801653,0.0,0.1690539772727272
W12_stable_relation_weak_asymmetry,100,12,0.4904339922163047,3.766623402218656,0.5095660077836953,0.0,0.1743611736993034
W12_stable_relation_weak_asymmetry,100,13,0.4907682396928052,3.76574415768088,0.5092317603071947,0.0,0.1729678658043655
W12_stable_relation_weak_asymmetry,100,14,0.4908309426229508,3.766436549130152,0.5091690573770491,0.0,0.1671022028688524
W12_stable_relation_weak_asymmetry,100,15,0.4903459456699346,3.766582123190042,0.5096540543300654,0.0,0.177906454248366
W12_stable_relation_weak_asymmetry,100,16,0.4896455605564647,3.7678915478120154,0.5103544394435353,0.0,0.1748493760229131
W12_stable_relation_weak_asymmetry,100,17,0.4901544686482085,3.766728731270845,0.5098455313517916,0.0,0.1715093139250814
W13_stable_relation_strong_asymmetry,50,0,0.4258976952850106,3.809815758388367,0.5741023047149894,0.0,0.1253399894440535
W13_stable_relation_strong_asymmetry,50,1,0.4265002634351948,3.808448950632768,0.5734997365648051,0.0,0.1254065683175271
W12_stable_relation_weak_asymmetry,100,18,0.4904361362700701,3.766509487624635,0.5095638637299299,0.0,0.1758859098394402
W13_stable_relation_strong_asymmetry,50,2,0.4258463359046283,3.8093730794972886,0.5741536640953717,0.0,0.1180601332398317
W13_stable_relation_strong_asymmetry,50,3,0.4250369068541301,3.809626877111589,0.5749630931458698,0.0,0.1317091388400704
W12_stable_relation_weak_asymmetry,100,19,0.4902181069958847,3.767156829525439,0.5097818930041154,0.0,0.1693094135802468
W13_stable_relation_strong_asymmetry,50,4,0.4254909617409618,3.809937738050886,0.5745090382590382,0.0,0.1204984204984205
W13_stable_relation_strong_asymmetry,50,5,0.4256508590462833,3.808760190852362,0.5743491409537167,0.0,0.1307670056100981
W12_stable_relation_weak_asymmetry,100,20,0.4903641304347827,3.766490650133986,0.5096358695652172,0.0,0.1831094720496895
W12_stable_relation_weak_asymmetry,100,21,0.489254466098254,3.7685692134954767,0.5107455339017459,0.0,0.1756488530247664
W12_stable_relation_weak_asymmetry,100,23,0.4913433848080132,3.764959326514916,0.5086566151919867,0.0,0.1685919240400667
W12_stable_relation_weak_asymmetry,100,22,0.4897376012145749,3.767673800247475,0.5102623987854251,0.0,0.1775030364372469
W12_stable_relation_weak_asymmetry,100,24,0.4906819568755085,3.766620518121665,0.5093180431244915,0.0,0.1732907851912123
W12_stable_relation_weak_asymmetry,100,25,0.4899244449013158,3.76683912173086,0.5100755550986842,0.0,0.1787661903782895
W12_stable_relation_weak_asymmetry,100,26,0.4919920602605863,3.7638888731609432,0.5080079397394137,0.0,0.1738128562703583
W12_stable_relation_weak_asymmetry,100,27,0.4904157263028313,3.7659410974012713,0.5095842736971686,0.0,0.1800253898235535
W12_stable_relation_weak_asymmetry,100,28,0.490797670361248,3.765575125332411,0.509202329638752,0.0,0.1786976600985222
W12_stable_relation_weak_asymmetry,100,29,0.4905185034566898,3.766290440485,0.5094814965433102,0.0,0.1802811102074015
W13_stable_relation_strong_asymmetry,50,6,0.4249792768959435,3.810255608090993,0.5750207231040565,0.0,0.1217261904761904
W13_stable_relation_strong_asymmetry,50,7,0.4255398128531073,3.808974032264004,0.5744601871468926,0.0,0.124978813559322
W13_stable_relation_strong_asymmetry,50,8,0.4255640730237504,3.8092209523479705,0.5744359269762496,0.0,0.1336214994682736
W13_stable_relation_strong_asymmetry,50,10,0.4251353727144866,3.8099699690728097,0.5748646272855134,0.0,0.1291776547116737
W13_stable_relation_strong_asymmetry,50,9,0.425549388111888,3.808926629821471,0.574450611888112,0.0,0.1365887237762237
W13_stable_relation_strong_asymmetry,50,11,0.4254667832167832,3.809681875866996,0.5745332167832168,0.0,0.1259554195804196
W13_stable_relation_strong_asymmetry,50,13,0.4252095782073814,3.8089647715819455,0.5747904217926185,0.0,0.1267750439367311
W13_stable_relation_strong_asymmetry,50,12,0.4259883004926108,3.8093918070056607,0.5740116995073892,0.0,0.1346380190007037
W13_stable_relation_strong_asymmetry,50,14,0.4253488982161595,3.8098198036175,0.5746511017838405,0.0,0.1236970968870235
W13_stable_relation_strong_asymmetry,50,15,0.4252852260778128,3.810436861480509,0.5747147739221872,0.0,0.1301774447949525
W13_stable_relation_strong_asymmetry,50,16,0.4255933461404122,3.809400088070027,0.5744066538595878,0.0,0.1353785365001747
W13_stable_relation_strong_asymmetry,50,17,0.426657037815126,3.8084028327577504,0.573342962184874,0.0,0.1281630777310924
W13_stable_relation_strong_asymmetry,50,18,0.4255213083128727,3.809239584010167,0.5744786916871273,0.0,0.1235356015433181
W13_stable_relation_strong_asymmetry,50,19,0.4261232840549103,3.8089845179050745,0.5738767159450897,0.0,0.1202107532558958
W13_stable_relation_strong_asymmetry,50,22,0.4250636188136187,3.810395730369162,0.5749363811863812,0.0,0.125398824148824
W13_stable_relation_strong_asymmetry,50,20,0.4254605494892567,3.810218572399085,0.5745394505107433,0.0,0.1341784078901021
W13_stable_relation_strong_asymmetry,50,21,0.426014530812325,3.80923222046868,0.573985469187675,0.0,0.1283613445378151
W13_stable_relation_strong_asymmetry,50,23,0.4260021929824561,3.8093873820978503,0.5739978070175439,0.0,0.1269421052631578
W13_stable_relation_strong_asymmetry,50,24,0.4259292074022346,3.8095810685775926,0.5740707925977654,0.0,0.1309842004189944
W13_stable_relation_strong_asymmetry,50,25,0.4259839304531085,3.809432469867788,0.5740160695468914,0.0,0.129206181945908
W13_stable_relation_strong_asymmetry,50,26,0.4251299720865317,3.8089978959108737,0.5748700279134682,0.0,0.1226578855547801
W13_stable_relation_strong_asymmetry,50,27,0.4258710129688047,3.808544704812373,0.5741289870311952,0.0,0.1350267262530669
W13_stable_relation_strong_asymmetry,50,29,0.4254767135325131,3.8093534500242696,0.5745232864674868,0.0,0.1360808435852372
W13_stable_relation_strong_asymmetry,50,28,0.425565350877193,3.8084200183155743,0.574434649122807,0.0,0.1270162280701754
W13_stable_relation_strong_asymmetry,100,0,0.4272977872815173,3.80605220656786,0.5727022127184827,0.0,0.1268675622908144
W13_stable_relation_strong_asymmetry,100,2,0.4269382911392405,3.807531789756502,0.5730617088607595,0.0,0.1247677773641102
W13_stable_relation_strong_asymmetry,100,1,0.4271457791000372,3.806299764376815,0.5728542208999627,0.0,0.1249428226106359
W13_stable_relation_strong_asymmetry,100,3,0.4277758925251023,3.805971473335694,0.5722241074748977,0.0,0.1323658888062476
W13_stable_relation_strong_asymmetry,100,5,0.4274048363368886,3.806480563627874,0.5725951636631115,0.0,0.1315577877896286
W13_stable_relation_strong_asymmetry,100,4,0.4269807087342709,3.806171800726473,0.573019291265729,0.0,0.1261590951147297
W13_stable_relation_strong_asymmetry,100,6,0.4265444330473705,3.806945652519709,0.5734555669526296,0.0,0.1260327303245059
W13_stable_relation_strong_asymmetry,100,7,0.4272295718025429,3.806208859044432,0.572770428197457,0.0,0.1260976065818997
W13_stable_relation_strong_asymmetry,100,8,0.4275562938353637,3.805985615985666,0.5724437061646362,0.0,0.132215762273902
W13_stable_relation_strong_asymmetry,100,9,0.4269573842419716,3.8071123685811887,0.5730426157580284,0.0,0.1326862397311426
W13_stable_relation_strong_asymmetry,100,10,0.427093017850502,3.8066581194706206,0.572906982149498,0.0,0.1289877742655262
W13_stable_relation_strong_asymmetry,100,11,0.4265888414407723,3.806756876372388,0.5734111585592276,0.0,0.1251777757148162
W13_stable_relation_strong_asymmetry,100,13,0.4273925925925926,3.806113702886075,0.5726074074074073,0.0,0.1265180555555556
W13_stable_relation_strong_asymmetry,100,12,0.4275792486752461,3.80615952494876,0.5724207513247539,0.0,0.1300697861468585
W13_stable_relation_strong_asymmetry,100,14,0.4267411545623836,3.806801866598957,0.5732588454376164,0.0,0.1224378491620111
W13_stable_relation_strong_asymmetry,100,15,0.4271021465581049,3.807090603860159,0.572897853441895,0.0,0.131130875277572
W13_stable_relation_strong_asymmetry,100,16,0.4271577929255711,3.806709571213625,0.5728422070744289,0.0,0.1299145633750921
W13_stable_relation_strong_asymmetry,100,17,0.4277256493506493,3.805386024159838,0.5722743506493506,0.0,0.1265834879406307
W14_random_stepwise_relation_weak_asymmetry,50,0,0.3985490726429674,3.913897022379239,0.6014509273570325,0.0,0.0738258307573414
W14_random_stepwise_relation_weak_asymmetry,50,1,0.4012976144671027,3.90906490073354,0.5987023855328972,0.0,0.0828472489419007
W14_random_stepwise_relation_weak_asymmetry,50,2,0.3924724690880989,3.920261170611555,0.607527530911901,0.0,0.0613074768160742
W14_random_stepwise_relation_weak_asymmetry,50,3,0.4008983603318846,3.910805885895373,0.5991016396681154,0.0,0.0731543856183327
W14_random_stepwise_relation_weak_asymmetry,50,4,0.3973555992141453,3.9143807710966367,0.6026444007858547,0.0,0.0695206286836934
W14_random_stepwise_relation_weak_asymmetry,50,5,0.4046804584304584,3.90832010728806,0.5953195415695416,0.0,0.0719594988344988
W13_stable_relation_strong_asymmetry,100,18,0.4269930037313432,3.807425100926314,0.5730069962686568,0.0,0.1285806902985073
W13_stable_relation_strong_asymmetry,100,19,0.4272881001116487,3.805872944737052,0.5727118998883513,0.0,0.1252535355414961
W13_stable_relation_strong_asymmetry,100,21,0.4272350368324124,3.806551541085089,0.5727649631675875,0.0,0.1307889042357273
W13_stable_relation_strong_asymmetry,100,20,0.4276767257290514,3.805283926451531,0.5723232742709485,0.0,0.1350523717238834
W13_stable_relation_strong_asymmetry,100,23,0.4277060003732736,3.8057394150684,0.5722939996267264,0.0,0.1233300671892497
W13_stable_relation_strong_asymmetry,100,22,0.4271680488259411,3.806878870120578,0.5728319511740589,0.0,0.1301220648527767
W13_stable_relation_strong_asymmetry,100,24,0.4273573594266813,3.8063163476605055,0.5726426405733187,0.0,0.1273026920249907
W13_stable_relation_strong_asymmetry,100,25,0.4276247663551402,3.806419586867562,0.5723752336448598,0.0,0.1315518691588786
W13_stable_relation_strong_asymmetry,100,26,0.4273861724008975,3.806168416480692,0.5726138275991024,0.0,0.126460359012715
W13_stable_relation_strong_asymmetry,100,27,0.4270039903489235,3.807055562896685,0.5729960096510764,0.0,0.132583750927988
W13_stable_relation_strong_asymmetry,100,28,0.4269661071958456,3.807043134666097,0.5730338928041544,0.0,0.1297232010385755
W14_random_stepwise_relation_weak_asymmetry,50,6,0.3942057291666667,3.9184970622768023,0.6057942708333333,0.0,0.0723234953703704
W14_random_stepwise_relation_weak_asymmetry,50,7,0.4008933450429351,3.9111101707061793,0.5991066549570648,0.0,0.0616793520686963
W14_random_stepwise_relation_weak_asymmetry,50,8,0.3946773875295974,3.9172328001457264,0.6053226124704025,0.0,0.0713595106550907
W13_stable_relation_strong_asymmetry,100,29,0.4272020402511078,3.8065270711284778,0.5727979597488921,0.0,0.1333793389955687
W14_random_stepwise_relation_weak_asymmetry,50,9,0.4039999027615713,3.907940562676727,0.5960000972384287,0.0,0.0734422403733954
W14_random_stepwise_relation_weak_asymmetry,50,10,0.3986900618716163,3.91187522841845,0.6013099381283837,0.0,0.0681172660479504
W14_random_stepwise_relation_weak_asymmetry,50,11,0.3979093481654956,3.912871450806409,0.6020906518345044,0.0,0.067141881342701
W14_random_stepwise_relation_weak_asymmetry,50,12,0.4069531554343592,3.905396944428601,0.5930468445656407,0.0,0.086926373198286
W14_random_stepwise_relation_weak_asymmetry,50,13,0.4053608746130031,3.905261937644444,0.5946391253869969,0.0,0.0753473297213622
W14_random_stepwise_relation_weak_asymmetry,50,14,0.4010119737350329,3.9111170766591288,0.5989880262649672,0.0,0.0730755117806103
W14_random_stepwise_relation_weak_asymmetry,50,15,0.4057231245166279,3.904664045500743,0.594276875483372,0.0,0.0762848027842227
W14_random_stepwise_relation_weak_asymmetry,50,16,0.4027230069659442,3.910076285559023,0.5972769930340558,0.0,0.0730601780185758
W14_random_stepwise_relation_weak_asymmetry,50,17,0.4037974254742548,3.9069834151096097,0.5962025745257452,0.0,0.0716100464576074
W14_random_stepwise_relation_weak_asymmetry,50,18,0.4031929773082942,3.9086693462736735,0.5968070226917058,0.0,0.0721478873239436
W14_random_stepwise_relation_weak_asymmetry,50,19,0.4033989361702128,3.9080181566039234,0.5966010638297872,0.0,0.0778858800773694
W14_random_stepwise_relation_weak_asymmetry,50,20,0.4079702403662724,3.902760808761272,0.5920297596337276,0.0,0.083388496756963
W14_random_stepwise_relation_weak_asymmetry,50,22,0.40449410514109,3.907550377317059,0.59550589485891,0.0,0.0805667761886354
W14_random_stepwise_relation_weak_asymmetry,50,21,0.3966375780031202,3.9150420839030975,0.6033624219968798,0.0,0.0593145475819033
W14_random_stepwise_relation_weak_asymmetry,50,23,0.4037246390948107,3.908350262460949,0.5962753609051893,0.0,0.0775341396800623
W14_random_stepwise_relation_weak_asymmetry,50,25,0.4027798870716511,3.908750050476908,0.597220112928349,0.0,0.0782174844236759
W14_random_stepwise_relation_weak_asymmetry,50,24,0.3992965967550453,3.913029463240955,0.6007034032449546,0.0,0.074274337158686
W14_random_stepwise_relation_weak_asymmetry,50,26,0.3984562326319967,3.913230853043988,0.6015437673680033,0.0,0.0755890234219928
W14_random_stepwise_relation_weak_asymmetry,50,28,0.3995669367283951,3.9122714022890777,0.6004330632716048,0.0,0.0723611111111112
W14_random_stepwise_relation_weak_asymmetry,50,27,0.3896439719079203,3.9234087584290616,0.6103560280920797,0.0,0.0667157627779944
W14_random_stepwise_relation_weak_asymmetry,50,29,0.3965826885880077,3.9142518829477866,0.6034173114119923,0.0,0.0634980657640231
W14_random_stepwise_relation_weak_asymmetry,100,0,0.4036105299860529,3.907957542313791,0.596389470013947,0.0,0.0798680846118084
W14_random_stepwise_relation_weak_asymmetry,100,2,0.4044963965028355,3.906662628168827,0.5955036034971645,0.0,0.0787045132325141
W14_random_stepwise_relation_weak_asymmetry,100,1,0.4002091989843028,3.911168082029515,0.5997908010156972,0.0,0.0746543167128346
W14_random_stepwise_relation_weak_asymmetry,100,3,0.4012861642557162,3.9100060066366193,0.5987138357442838,0.0,0.0732346593560428
W14_random_stepwise_relation_weak_asymmetry,100,5,0.4017748490478402,3.91022643365437,0.5982251509521598,0.0,0.0729186019507662
W14_random_stepwise_relation_weak_asymmetry,100,4,0.4024466008268259,3.909363679543733,0.5975533991731741,0.0,0.0733563964170877
W14_random_stepwise_relation_weak_asymmetry,100,7,0.3945800870760769,3.917210555842612,0.605419912923923,0.0,0.0669560609532538
W14_random_stepwise_relation_weak_asymmetry,100,6,0.3969836574507965,3.915532518900948,0.6030163425492034,0.0,0.0690364339268977
W14_random_stepwise_relation_weak_asymmetry,100,9,0.3980286433926897,3.913666469952973,0.6019713566073103,0.0,0.0608762886597938
W14_random_stepwise_relation_weak_asymmetry,100,8,0.404432484220018,3.907453132852227,0.595567515779982,0.0,0.0697478020739404
W14_random_stepwise_relation_weak_asymmetry,100,10,0.3992688291881745,3.91297248548314,0.6007311708118255,0.0,0.0662142186766775
W14_random_stepwise_relation_weak_asymmetry,100,12,0.4063496668198529,3.904405981246888,0.593650333180147,0.0,0.0811132812499999
W14_random_stepwise_relation_weak_asymmetry,100,13,0.3988156968559362,3.913565234882367,0.6011843031440638,0.0,0.0704205771938057
W14_random_stepwise_relation_weak_asymmetry,100,11,0.4018479902416356,3.9103958279706577,0.5981520097583644,0.0,0.0704754298327137
W14_random_stepwise_relation_weak_asymmetry,100,14,0.400807564224548,3.910927999215277,0.5991924357754519,0.0,0.0713177925784967
W14_random_stepwise_relation_weak_asymmetry,100,15,0.4001819029850747,3.911727162658215,0.5998180970149253,0.0,0.0699314948694031
W14_random_stepwise_relation_weak_asymmetry,100,16,0.4067289558417662,3.904459108778775,0.5932710441582337,0.0,0.0758420538178472
W14_random_stepwise_relation_weak_asymmetry,100,17,0.4056569995387455,3.905104996796189,0.5943430004612544,0.0,0.0708489967712178
W15_random_stepwise_relation_strong_asymmetry,50,0,0.3960919698640206,3.891517808956448,0.6039080301359794,0.0,0.093260749724366
W15_random_stepwise_relation_strong_asymmetry,50,1,0.4000809679767104,3.885904425920282,0.5999190320232897,0.0,0.0951328238719069
W14_random_stepwise_relation_weak_asymmetry,100,18,0.4028593677895708,3.907964463385377,0.5971406322104291,0.0,0.0775504730041532
W14_random_stepwise_relation_weak_asymmetry,100,19,0.3973282804358124,3.914042476156412,0.6026717195641875,0.0,0.0701054002842254
W14_random_stepwise_relation_weak_asymmetry,100,20,0.3999513403263403,3.9113854378440136,0.6000486596736596,0.0,0.0681780303030302
W15_random_stepwise_relation_strong_asymmetry,50,3,0.393752712477396,3.892143865346189,0.6062472875226039,0.0,0.0941835443037975
W15_random_stepwise_relation_strong_asymmetry,50,2,0.3921030653450807,3.894734399643647,0.6078969346549192,0.0,0.0865065161527166
W15_random_stepwise_relation_strong_asymmetry,50,5,0.3951754948680352,3.892299592562986,0.6048245051319647,0.0,0.0884920271260998
W15_random_stepwise_relation_strong_asymmetry,50,4,0.3926406649616368,3.8939514962432655,0.6073593350383631,0.0,0.0794419071976617
W14_random_stepwise_relation_weak_asymmetry,100,21,0.4000804708826206,3.91090062038834,0.5999195291173793,0.0,0.0689786169244769
W14_random_stepwise_relation_weak_asymmetry,100,22,0.4007021324863883,3.910780358488905,0.5992978675136116,0.0,0.0716560798548093
W14_random_stepwise_relation_weak_asymmetry,100,23,0.4026146971766849,3.908803796599925,0.5973853028233151,0.0,0.0778765368852459
W14_random_stepwise_relation_weak_asymmetry,100,24,0.4061246510004653,3.905565928339741,0.5938753489995346,0.0,0.0802448813401582
W14_random_stepwise_relation_weak_asymmetry,100,25,0.3987473603941812,3.913088233286116,0.6012526396058189,0.0,0.0680924448615672
W14_random_stepwise_relation_weak_asymmetry,100,27,0.395660524491682,3.9167991165353984,0.604339475508318,0.0,0.0715284195933456
W14_random_stepwise_relation_weak_asymmetry,100,26,0.401792490800368,3.9103851982427336,0.598207509199632,0.0,0.0709671113155474
W14_random_stepwise_relation_weak_asymmetry,100,28,0.3984866133518775,3.913104933620832,0.6015133866481224,0.0,0.0671841678256837
W14_random_stepwise_relation_weak_asymmetry,100,29,0.4038401553803339,3.9072552511392153,0.5961598446196661,0.0,0.0708189355287569
W15_random_stepwise_relation_strong_asymmetry,50,6,0.3926922018348624,3.894571379010953,0.6073077981651376,0.0,0.0841683486238532
W15_random_stepwise_relation_strong_asymmetry,50,7,0.3967845364602418,3.8902612861163406,0.6032154635397582,0.0,0.0868395016489557
W15_random_stepwise_relation_strong_asymmetry,50,8,0.399413134819145,3.8855639726313815,0.600586865180855,0.0,0.0844866642309097
W15_random_stepwise_relation_strong_asymmetry,50,9,0.3936528187177597,3.893874870263988,0.6063471812822403,0.0,0.08341838614591
W15_random_stepwise_relation_strong_asymmetry,50,10,0.3918245227606461,3.895888559181087,0.6081754772393538,0.0,0.081100862701909
W15_random_stepwise_relation_strong_asymmetry,50,13,0.397274861878453,3.8883416257517696,0.6027251381215469,0.0,0.083280847145488
W15_random_stepwise_relation_strong_asymmetry,50,11,0.3990791651342406,3.88743893749474,0.6009208348657594,0.0,0.0916715704303053
W15_random_stepwise_relation_strong_asymmetry,50,14,0.3980039507533995,3.888222235718912,0.6019960492466004,0.0,0.0840274715178243
W15_random_stepwise_relation_strong_asymmetry,50,12,0.3966091109478324,3.8899361016358687,0.6033908890521675,0.0,0.083574118295371
W15_random_stepwise_relation_strong_asymmetry,50,15,0.4016746649764578,3.884564259071447,0.5983253350235422,0.0,0.0919825244476639
W15_random_stepwise_relation_strong_asymmetry,50,17,0.3962784403669724,3.8888977944182814,0.6037215596330275,0.0,0.0925990825688073
W15_random_stepwise_relation_strong_asymmetry,50,16,0.3913267181183388,3.895813064213733,0.6086732818816611,0.0,0.0802995222344726
W15_random_stepwise_relation_strong_asymmetry,50,18,0.3927464918759231,3.8936145428772178,0.6072535081240769,0.0,0.0885912112259969
W15_random_stepwise_relation_strong_asymmetry,50,19,0.3984200554528649,3.88771821215138,0.601579944547135,0.0,0.0892273567467651
W15_random_stepwise_relation_strong_asymmetry,50,21,0.3977953798392988,3.888056041039593,0.6022046201607012,0.0,0.0840120525931338
W15_random_stepwise_relation_strong_asymmetry,50,22,0.3957567368032484,3.890670197526212,0.6042432631967516,0.0,0.0847406792174234
W15_random_stepwise_relation_strong_asymmetry,50,20,0.3977613928702683,3.88864573160713,0.6022386071297317,0.0,0.0897914369717016
W15_random_stepwise_relation_strong_asymmetry,50,23,0.3973077634011091,3.889461967466449,0.6026922365988909,0.0,0.0893294824399261
W15_random_stepwise_relation_strong_asymmetry,50,25,0.394529304029304,3.893034892767632,0.605470695970696,0.0,0.0815444139194138
W15_random_stepwise_relation_strong_asymmetry,50,24,0.3908752268602541,3.8971276092870273,0.6091247731397459,0.0,0.0769582577132487
W15_random_stepwise_relation_strong_asymmetry,50,26,0.3982876275510205,3.889103658975704,0.6017123724489795,0.0,0.0901621720116618
W15_random_stepwise_relation_strong_asymmetry,50,27,0.394514898255814,3.892238315303557,0.605485101744186,0.0,0.088266715116279
W15_random_stepwise_relation_strong_asymmetry,50,28,0.3926466581910642,3.893573309528109,0.6073533418089357,0.0,0.081358517980385
W15_random_stepwise_relation_strong_asymmetry,50,29,0.3976379278951201,3.889945685270212,0.6023620721048799,0.0,0.0831359249817916
W15_random_stepwise_relation_strong_asymmetry,100,0,0.3919463121434393,3.894743437350972,0.6080536878565608,0.0,0.0817736348818256
W15_random_stepwise_relation_strong_asymmetry,100,1,0.4002267984896662,3.8859030739633726,0.5997732015103339,0.0,0.0889482313195549
W15_random_stepwise_relation_strong_asymmetry,100,3,0.3989888743455497,3.8861426506310046,0.6010111256544504,0.0,0.0882246778091018
W15_random_stepwise_relation_strong_asymmetry,100,4,0.3895889364303178,3.8980393855314377,0.6104110635696822,0.0,0.0762986450692746
W15_random_stepwise_relation_strong_asymmetry,100,2,0.3932352346278317,3.892712421944103,0.6067647653721683,0.0,0.0870838389967637
W15_random_stepwise_relation_strong_asymmetry,100,5,0.3925848268223922,3.894246075916661,0.6074151731776077,0.0,0.0806265102698349
W15_random_stepwise_relation_strong_asymmetry,100,6,0.3967291252485089,3.889861020198099,0.603270874751491,0.0,0.0911115805168986
W15_random_stepwise_relation_strong_asymmetry,100,7,0.3943810435132956,3.891935374394021,0.6056189564867044,0.0,0.0879331184528605
W15_random_stepwise_relation_strong_asymmetry,100,9,0.3962246553122465,3.890560275425778,0.6037753446877534,0.0,0.0846248986212489
W15_random_stepwise_relation_strong_asymmetry,100,8,0.3964876237623762,3.889740345582824,0.6035123762376238,0.0,0.0878111386138614
W15_random_stepwise_relation_strong_asymmetry,100,10,0.3948486467236466,3.891594596481892,0.6051513532763533,0.0,0.0936825905575905
W15_random_stepwise_relation_strong_asymmetry,100,11,0.4006755854560394,3.884674829891105,0.5993244145439606,0.0,0.0920395953163516
W15_random_stepwise_relation_strong_asymmetry,100,12,0.3954667499999999,3.890998794093013,0.60453325,0.0,0.0876742499999999
W15_random_stepwise_relation_strong_asymmetry,100,14,0.3971916299559471,3.8891820653676343,0.6028083700440529,0.0,0.0867250700841009
W15_random_stepwise_relation_strong_asymmetry,100,13,0.3886644975786926,3.898593554443474,0.6113355024213074,0.0,0.0783439265536724
W15_random_stepwise_relation_strong_asymmetry,100,16,0.4000938256658595,3.8856119609672337,0.5999061743341405,0.0,0.0890176049233251
W15_random_stepwise_relation_strong_asymmetry,100,15,0.3941288343558282,3.89239680686888,0.6058711656441718,0.0,0.0829872188139059
W15_random_stepwise_relation_strong_asymmetry,100,17,0.3948792585170341,3.892248964832318,0.6051207414829658,0.0,0.078744238476954
W16_fixed_but_permuted_relation,50,0,0.4245050158394932,3.806334690607717,0.5754949841605068,0.0,0.1239471136923618
W16_fixed_but_permuted_relation,50,1,0.4242149737302977,3.806985412911245,0.5757850262697023,0.0,0.1255840630472854
W15_random_stepwise_relation_strong_asymmetry,100,18,0.3913871951219512,3.8956757009838334,0.6086128048780488,0.0,0.0850077469012395
W16_fixed_but_permuted_relation,50,3,0.4250268296973962,3.806211853470812,0.5749731703026038,0.0,0.1290341308937369
W15_random_stepwise_relation_strong_asymmetry,100,19,0.3990256485849056,3.88762354774386,0.6009743514150945,0.0,0.0889588246855345
W16_fixed_but_permuted_relation,50,2,0.4243255711775044,3.807139047637011,0.5756744288224955,0.0,0.1293857644991213
W16_fixed_but_permuted_relation,50,4,0.4236711272598368,3.807983224340735,0.5763288727401632,0.0,0.130720489188231
W15_random_stepwise_relation_strong_asymmetry,100,21,0.3970477703793381,3.889765386973068,0.602952229620662,0.0,0.0869887510088779
W16_fixed_but_permuted_relation,50,5,0.4233243290345068,3.809289133976703,0.5766756709654932,0.0,0.1268116068316486
W15_random_stepwise_relation_strong_asymmetry,100,20,0.3961136587771204,3.889887501047241,0.6038863412228797,0.0,0.0839640039447732
W15_random_stepwise_relation_strong_asymmetry,100,23,0.3962161624203822,3.890606988778363,0.6037838375796178,0.0,0.0844735270700637
W15_random_stepwise_relation_strong_asymmetry,100,22,0.3975572958366693,3.888412241223388,0.6024427041633307,0.0,0.0882048138510808
W15_random_stepwise_relation_strong_asymmetry,100,24,0.3936627906976744,3.891884294089098,0.6063372093023256,0.0,0.0861577786688052
W15_random_stepwise_relation_strong_asymmetry,100,25,0.3897226704316257,3.8974987467605633,0.6102773295683743,0.0,0.0834051028640581
W15_random_stepwise_relation_strong_asymmetry,100,26,0.3944411402789171,3.892250332222596,0.6055588597210828,0.0,0.0840422477440525
W15_random_stepwise_relation_strong_asymmetry,100,27,0.3968775293403479,3.888883664589216,0.6031224706596521,0.0,0.0889680291380007
W15_random_stepwise_relation_strong_asymmetry,100,28,0.3948136008807046,3.891551271399865,0.6051863991192954,0.0,0.0919045236188952
W15_random_stepwise_relation_strong_asymmetry,100,29,0.3942658971243418,3.892219154135116,0.6057341028756582,0.0,0.0880963953017415
W16_fixed_but_permuted_relation,50,6,0.4249148729710656,3.805890403393133,0.5750851270289343,0.0,0.1265980063514467
W16_fixed_but_permuted_relation,50,7,0.4238712359943977,3.807897161920177,0.5761287640056023,0.0,0.1362771358543416
W16_fixed_but_permuted_relation,50,8,0.4240121822033898,3.8083456184463818,0.5759878177966102,0.0,0.1332737464689266
W16_fixed_but_permuted_relation,50,9,0.424010747004933,3.807449161975148,0.575989252995067,0.0,0.1255994538407328
W16_fixed_but_permuted_relation,50,11,0.42494383994384,3.806956649249556,0.57505616005616,0.0,0.1238320463320464
W16_fixed_but_permuted_relation,50,10,0.4241115883590462,3.8073428418260815,0.5758884116409537,0.0,0.1217553471248246
W16_fixed_but_permuted_relation,50,12,0.424078693977591,3.806998607558916,0.5759213060224089,0.0,0.125657387955182
W16_fixed_but_permuted_relation,50,14,0.4240250794772165,3.807052521197085,0.5759749205227835,0.0,0.1196710526315789
W16_fixed_but_permuted_relation,50,13,0.4242573865634892,3.80819523694524,0.5757426134365107,0.0,0.1246029722124516
W16_fixed_but_permuted_relation,50,15,0.424807220469681,3.808040350315133,0.5751927795303189,0.0,0.130029355064844
W16_fixed_but_permuted_relation,50,16,0.4240978794251665,3.807181878139717,0.5759021205748335,0.0,0.1285042060988434
W16_fixed_but_permuted_relation,50,17,0.4247918130709769,3.806489378842672,0.5752081869290231,0.0,0.1230090477863669
W16_fixed_but_permuted_relation,50,18,0.4239175438596491,3.808225815271896,0.5760824561403509,0.0,0.1319307017543859
W16_fixed_but_permuted_relation,50,19,0.4244503484320557,3.806973085612056,0.5755496515679442,0.0,0.1248488675958188
W16_fixed_but_permuted_relation,50,20,0.4243987949703108,3.807675155673056,0.5756012050296891,0.0,0.1251637268599371
W16_fixed_but_permuted_relation,50,21,0.4249934164325842,3.806563149647751,0.5750065835674157,0.0,0.1319970154494382
W16_fixed_but_permuted_relation,50,22,0.4244934325744308,3.8078857545764193,0.5755065674255692,0.0,0.1302215411558669
W16_fixed_but_permuted_relation,50,23,0.4242554500703235,3.80746682756188,0.5757445499296765,0.0,0.1272991385372714
W16_fixed_but_permuted_relation,50,24,0.4242742360379346,3.807866957877104,0.5757257639620654,0.0,0.1227752897787143
W16_fixed_but_permuted_relation,50,25,0.4245814360770577,3.806888035497806,0.5754185639229423,0.0,0.1308314360770577
W16_fixed_but_permuted_relation,50,26,0.4240756486676016,3.8084864812381354,0.5759243513323984,0.0,0.121860098176718
W16_fixed_but_permuted_relation,50,27,0.4241462447108602,3.807697560454679,0.5758537552891397,0.0,0.1268150564174893
W16_fixed_but_permuted_relation,50,28,0.4243025901295065,3.806834220061528,0.5756974098704934,0.0,0.1216402695134756
W16_fixed_but_permuted_relation,50,29,0.4243326641061452,3.808140549515718,0.5756673358938548,0.0,0.1252234636871508
W16_fixed_but_permuted_relation,100,0,0.4256628718325376,3.804790242747381,0.5743371281674623,0.0,0.1269534979801689
W16_fixed_but_permuted_relation,100,3,0.4262707478552779,3.80368957553982,0.5737292521447221,0.0,0.1268617120477433
W16_fixed_but_permuted_relation,100,1,0.4258951448199034,3.804936457201562,0.5741048551800966,0.0,0.1278135443743037
W16_fixed_but_permuted_relation,100,2,0.4255469039673711,3.805571554552534,0.5744530960326288,0.0,0.1301408972932887
W16_fixed_but_permuted_relation,100,4,0.425367019302153,3.804962250917242,0.574632980697847,0.0,0.1210959539717893
W16_fixed_but_permuted_relation,100,5,0.4254656365313652,3.804823334699523,0.5745343634686348,0.0,0.1304785516605165
W16_fixed_but_permuted_relation,100,6,0.4255106679035251,3.803804829172307,0.5744893320964749,0.0,0.1259652133580705
W16_fixed_but_permuted_relation,100,7,0.4266463302752293,3.803624363394379,0.5733536697247708,0.0,0.1267428899082568
W16_fixed_but_permuted_relation,100,10,0.4249505042958535,3.806001716646486,0.5750494957041464,0.0,0.1249687149794546
W16_fixed_but_permuted_relation,100,9,0.4258073301329394,3.804645021346208,0.5741926698670605,0.0,0.1266199686115213
W16_fixed_but_permuted_relation,100,8,0.4256554375686562,3.8046525891316265,0.5743445624313438,0.0,0.1309529476382277
W16_fixed_but_permuted_relation,100,11,0.4259282270029673,3.804413596420682,0.5740717729970326,0.0,0.1247023367952522
W16_fixed_but_permuted_relation,100,12,0.4265229298180468,3.8038841488224047,0.5734770701819532,0.0,0.1257166728555515
W16_fixed_but_permuted_relation,100,13,0.4259504629629629,3.804895603579048,0.5740495370370371,0.0,0.1272212962962962
W16_fixed_but_permuted_relation,100,14,0.4260259084167594,3.804621212468066,0.5739740915832405,0.0,0.1283456154987022
W16_fixed_but_permuted_relation,100,15,0.4261586948461253,3.804204032632646,0.5738413051538747,0.0,0.1261881256952169
W16_fixed_but_permuted_relation,100,16,0.4258138826396701,3.80456505479992,0.5741861173603299,0.0,0.1236452474690664
W16_fixed_but_permuted_relation,100,17,0.4262539483463397,3.804719529843816,0.5737460516536603,0.0,0.1260207636566332
W17_delayed_relation_memory,50,0,0.3732173319686114,3.9092512234422943,0.6267826680313886,0.0,0.077656943022859
W17_delayed_relation_memory,50,1,0.3726854230900992,3.909997551962879,0.6273145769099008,0.0,0.0772786056868789
W17_delayed_relation_memory,50,2,0.3736025662814412,3.909100204847333,0.6263974337185587,0.0,0.0710184398368457
W17_delayed_relation_memory,50,3,0.3730001707067258,3.909992023723728,0.6269998292932741,0.0,0.0846308467053601
W16_fixed_but_permuted_relation,100,18,0.4263911140089418,3.8042764259757145,0.5736088859910582,0.0,0.1280050763785394
W17_delayed_relation_memory,50,4,0.3731322575136612,3.909787821917059,0.6268677424863388,0.0,0.0728274419398906
W17_delayed_relation_memory,50,5,0.3737761309115832,3.908681403486117,0.6262238690884168,0.0,0.0831532727895817
W16_fixed_but_permuted_relation,100,19,0.4264103879149571,3.8033738428483286,0.5735896120850428,0.0,0.1237127004848938
W16_fixed_but_permuted_relation,100,20,0.4254509111193752,3.80478336987445,0.5745490888806248,0.0,0.1268013201933804
W16_fixed_but_permuted_relation,100,21,0.4256508397932817,3.8049004997390368,0.5743491602067183,0.0,0.1312758397932817
W16_fixed_but_permuted_relation,100,22,0.4253350875558867,3.8049695772917143,0.5746649124441132,0.0,0.1269446255588673
W16_fixed_but_permuted_relation,100,23,0.4258059944237919,3.8044167717211006,0.574194005576208,0.0,0.1206194237918216
W16_fixed_but_permuted_relation,100,24,0.425987373263237,3.803859039045333,0.574012626736763,0.0,0.1296575760420578
W16_fixed_but_permuted_relation,100,25,0.4254254781169548,3.804300872183586,0.5745745218830451,0.0,0.1241322636998896
W16_fixed_but_permuted_relation,100,26,0.4259615384615385,3.8039219794621375,0.5740384615384615,0.0,0.1249976661687827
W16_fixed_but_permuted_relation,100,28,0.4257426199261993,3.8046180431038414,0.5742573800738007,0.0,0.1286245387453875
W16_fixed_but_permuted_relation,100,27,0.4260620144284128,3.8037820667043873,0.5739379855715872,0.0,0.1239793747687754
W16_fixed_but_permuted_relation,100,29,0.4263480711889676,3.80411503807567,0.5736519288110324,0.0,0.1309275997018263
W17_delayed_relation_memory,50,6,0.372547371116422,3.911155714699374,0.627452628883578,0.0,0.074535250938887
W17_delayed_relation_memory,50,7,0.3740961538461538,3.909688316130245,0.6259038461538462,0.0,0.0775324786324785
W17_delayed_relation_memory,50,8,0.3729708347588094,3.9098675969446592,0.6270291652411906,0.0,0.0868987341772151
W17_delayed_relation_memory,50,9,0.3724137047163363,3.9115229972942167,0.6275862952836637,0.0,0.0888076725905673
W17_delayed_relation_memory,50,10,0.3736491317671093,3.909005727476112,0.6263508682328907,0.0,0.083034559073885
W17_delayed_relation_memory,50,11,0.3736371794871794,3.909575183863582,0.6263628205128207,0.0,0.0805585470085469
W17_delayed_relation_memory,50,12,0.3725926400273224,3.91059227558632,0.6274073599726775,0.0,0.0876519808743169
W17_delayed_relation_memory,50,13,0.3725252741603838,3.9105956905277446,0.6274747258396162,0.0,0.0809150102810143
W17_delayed_relation_memory,50,14,0.372585295121119,3.910272871836452,0.627414704878881,0.0,0.0773520129648583
W17_delayed_relation_memory,50,15,0.3725248372730386,3.9111988367888313,0.6274751627269615,0.0,0.0839868105515586
W17_delayed_relation_memory,50,16,0.3732106076210092,3.910022160416668,0.6267893923789907,0.0,0.0892215928595949
W17_delayed_relation_memory,50,17,0.373399931693989,3.9094524275829703,0.626600068306011,0.0,0.0802548668032785
W17_delayed_relation_memory,50,18,0.3736587872559095,3.90945692579859,0.6263412127440905,0.0,0.0765536142514559
W17_delayed_relation_memory,50,19,0.3734187158469945,3.910124872982186,0.6265812841530054,0.0,0.0729563695355191
W17_delayed_relation_memory,50,21,0.3724172354948806,3.91017937871453,0.6275827645051194,0.0,0.080664675767918
W17_delayed_relation_memory,50,20,0.3733940793976728,3.909805649233976,0.6266059206023272,0.0,0.0867877310061601
W17_delayed_relation_memory,50,22,0.3731024407012719,3.9097019501416246,0.626897559298728,0.0,0.0784002234444826
W17_delayed_relation_memory,50,23,0.373083531813542,3.909645696908505,0.6269164681864581,0.0,0.0806966655324939
W17_delayed_relation_memory,50,24,0.373651868357902,3.909642702864848,0.626348131642098,0.0,0.0836150154268084
W17_delayed_relation_memory,50,25,0.3743239665186197,3.909886527998168,0.6256760334813802,0.0,0.0834301332422274
W17_delayed_relation_memory,50,26,0.3728947368421053,3.9103701367174666,0.6271052631578947,0.0,0.0764178913192071
W17_delayed_relation_memory,50,27,0.3734530126668948,3.9098177059141728,0.6265469873331051,0.0,0.0872055802807257
W17_delayed_relation_memory,50,28,0.373392551369863,3.909310675380015,0.626607448630137,0.0,0.0786767979452054
W17_delayed_relation_memory,50,29,0.3724657534246575,3.9100972130196543,0.6275342465753424,0.0,0.0880569349315068
W17_delayed_relation_memory,100,0,0.3741472885222884,3.908915786024348,0.6258527114777115,0.0,0.0792280186030185
W17_delayed_relation_memory,100,1,0.3741883374471086,3.908661589976077,0.6258116625528913,0.0,0.077820654090268
W17_delayed_relation_memory,100,2,0.3747218322218322,3.908328675436857,0.6252781677781678,0.0,0.0775664706914707
W17_delayed_relation_memory,100,3,0.373629536645525,3.909019880145977,0.6263704633544749,0.0,0.0836312984496124
W17_delayed_relation_memory,100,4,0.3737815457413249,3.909025496096467,0.6262184542586751,0.0,0.0785528391167192
W17_delayed_relation_memory,100,5,0.3736390635918938,3.909250904532888,0.6263609364081062,0.0,0.0828037648497554
W17_delayed_relation_memory,100,6,0.3740182000698324,3.908797600662358,0.6259817999301676,0.0,0.0791046176675977
W17_delayed_relation_memory,100,7,0.3738361992945326,3.909007508374825,0.6261638007054673,0.0,0.0777283950617284
W17_delayed_relation_memory,100,8,0.374326636904762,3.9079925607727177,0.625673363095238,0.0,0.0858661589635855
W17_delayed_relation_memory,100,9,0.3744896384479718,3.9085646630331543,0.6255103615520282,0.0,0.086201278659612
W17_delayed_relation_memory,100,10,0.3736441567529741,3.908998771073816,0.626355843247026,0.0,0.0804443666899929
W17_delayed_relation_memory,100,11,0.3740201926475787,3.908968398519325,0.6259798073524213,0.0,0.0777045775892542
W17_delayed_relation_memory,100,12,0.3742505277973258,3.907990379389221,0.6257494722026742,0.0,0.0833304011259676
W17_delayed_relation_memory,100,13,0.3745040760869564,3.9086735105584807,0.6254959239130435,0.0,0.0798380522440392
W17_delayed_relation_memory,100,15,0.3746893725766654,3.908364701293704,0.6253106274233345,0.0,0.0847563447303489
W17_delayed_relation_memory,100,14,0.3740081759356418,3.909153784722631,0.6259918240643582,0.0,0.0756980150402238
W17_delayed_relation_memory,100,16,0.3740253789213959,3.90837257945074,0.6259746210786041,0.0,0.0824971360592175
W17_delayed_relation_memory,100,17,0.3742705407303372,3.908952493637605,0.6257294592696627,0.0,0.0788421699438203
W18_relation_lock_in,50,0,0.972735625,2.200119622303268,0.027264375,0.0,0.6376499999999999
W18_relation_lock_in,50,2,0.9726463907117616,2.199669942920035,0.0273536092882383,0.0,0.6142106259464915
W18_relation_lock_in,50,1,0.972834577114428,2.19932165142819,0.0271654228855721,0.0,0.6152506218905474
W18_relation_lock_in,50,3,0.9730075984055804,2.197711162606792,0.0269924015944195,0.0,0.6340458395615347
W18_relation_lock_in,50,4,0.972133524141364,2.2039811401452143,0.0278664758586359,0.0,0.6152090592334496
W18_relation_lock_in,50,5,0.9722832760314342,2.203224002582309,0.0277167239685658,0.0,0.6394867387033399
W17_delayed_relation_memory,100,18,0.3736168392418392,3.909767016988513,0.6263831607581608,0.0,0.0803154615654614
W17_delayed_relation_memory,100,19,0.3741001585623679,3.908422848026501,0.625899841437632,0.0,0.0782789376321353
W17_delayed_relation_memory,100,20,0.3737136475122635,3.909327501343237,0.6262863524877365,0.0,0.0865228626489139
W17_delayed_relation_memory,100,21,0.3737083773784355,3.908720834177377,0.6262916226215645,0.0,0.0829695207892882
W17_delayed_relation_memory,100,22,0.3740192783869827,3.908724722930189,0.6259807216130173,0.0,0.081862840466926
W17_delayed_relation_memory,100,23,0.3734784330985914,3.9093205352018536,0.6265215669014086,0.0,0.0755143045774647
W17_delayed_relation_memory,100,24,0.3740488560950052,3.908766731092148,0.6259511439049947,0.0,0.0792547153335662
W17_delayed_relation_memory,100,25,0.3738719619584361,3.908554436682486,0.6261280380415639,0.0,0.0839899612539626
W17_delayed_relation_memory,100,26,0.3732769385260216,3.9092850628812736,0.6267230614739784,0.0,0.0789344655955291
W17_delayed_relation_memory,100,27,0.3741539740896358,3.9090331332709,0.6258460259103642,0.0,0.0854243259803921
W17_delayed_relation_memory,100,28,0.3748100597959901,3.90774128955535,0.6251899402040099,0.0,0.0817468343299331
W18_relation_lock_in,50,6,0.9724441796287006,2.2020095149259307,0.0275558203712994,0.0,0.6179057952834923
W18_relation_lock_in,50,7,0.972359474717722,2.2019597775294013,0.0276405252822778,0.0,0.6352037309769267
W18_relation_lock_in,50,8,0.9724725548902196,2.2013334542506264,0.0275274451097804,0.0,0.629129241516966
W17_delayed_relation_memory,100,29,0.3734384885764499,3.909488569983784,0.6265615114235501,0.0,0.0852431898066783
W18_relation_lock_in,50,9,0.9730683525287932,2.196703919345464,0.0269316474712068,0.0,0.6307993239859789
W18_relation_lock_in,50,10,0.9728140609390608,2.198974738163427,0.0271859390609391,0.0,0.6330338411588411
W18_relation_lock_in,50,11,0.9723375564475666,2.202788893224955,0.0276624435524334,0.0,0.615600225790266
W18_relation_lock_in,50,12,0.9725551191079572,2.200866768796242,0.0274448808920426,0.0,0.6202698935631017
W18_relation_lock_in,50,13,0.9728109327983951,2.1985392947001463,0.0271890672016048,0.0,0.6179946088264794
W18_relation_lock_in,50,14,0.9725612806403202,2.200753050253586,0.0274387193596797,0.0,0.6171185592796399
W18_relation_lock_in,50,15,0.9722558545092176,2.203479820208786,0.0277441454907823,0.0,0.6286733931240658
W18_relation_lock_in,50,16,0.9725356960734318,2.201079046126343,0.0274643039265681,0.0,0.6390234574196837
W18_relation_lock_in,50,17,0.9722670228628232,2.20266477452778,0.0277329771371768,0.0,0.6296850149105369
W18_relation_lock_in,50,18,0.9725858872960949,2.200626320137532,0.0274141127039051,0.0,0.6249301779535342
W18_relation_lock_in,50,19,0.9723481781376516,2.202266377611297,0.0276518218623482,0.0,0.6109988613360323
W18_relation_lock_in,50,20,0.972281342913776,2.2028004361131903,0.027718657086224,0.0,0.6573829286422199
W18_relation_lock_in,50,21,0.9727881293188548,2.1992636715557663,0.0272118706811451,0.0,0.6311216683119447
W18_relation_lock_in,50,22,0.972503090999011,2.2014363605331413,0.027496909000989,0.0,0.6313248021760635
W18_relation_lock_in,50,23,0.9726482732732732,2.199994123950758,0.0273517267267267,0.0,0.6264489489489489
W18_relation_lock_in,50,24,0.9725505632360468,2.200702808380539,0.027449436763953,0.0,0.6401542498719917
W18_relation_lock_in,50,26,0.9723346327967805,2.2025994835970595,0.0276653672032195,0.0,0.6193699698189132
W18_relation_lock_in,50,27,0.9725974107591752,2.2010070725811075,0.0274025892408247,0.0,0.638083207642031
W18_relation_lock_in,50,25,0.9726888888888888,2.199618982975718,0.027311111111111,0.0,0.6293302469135804
W18_relation_lock_in,50,28,0.9725833333333332,2.2000587510288003,0.0274166666666667,0.0,0.6357325870646766
W18_relation_lock_in,50,29,0.9725190044139284,2.201127060801569,0.0274809955860715,0.0,0.6348326385483081
W18_relation_lock_in,100,0,0.9862130829015544,2.1012357539973947,0.0137869170984454,0.0,0.6426891191709847
W18_relation_lock_in,100,1,0.9862155365126676,2.1016545972327094,0.0137844634873323,0.0,0.6196463611525088
W18_relation_lock_in,100,2,0.9863483502538072,2.100181697776561,0.0136516497461927,0.0,0.640473032994924
W18_relation_lock_in,100,3,0.9862847567030784,2.101183503371133,0.0137152432969216,0.0,0.6413753723932472
W18_relation_lock_in,100,4,0.9862388164621676,2.1014006858978926,0.0137611835378322,0.0,0.63424047801636
W18_relation_lock_in,100,5,0.9863312752016128,2.1007821610713253,0.0136687247983872,0.0,0.6441009324596774
W18_relation_lock_in,100,6,0.986224024328434,2.1015250054393326,0.013775975671566,0.0,0.6377866827166752
W18_relation_lock_in,100,7,0.9861768486777668,2.102061883425807,0.0138231513222331,0.0,0.633947416748286
W18_relation_lock_in,100,8,0.9862679380664652,2.1012961305674542,0.0137320619335347,0.0,0.6309510322255791
W18_relation_lock_in,100,10,0.986280456852792,2.1009341923924425,0.0137195431472081,0.0,0.6339422588832486
W18_relation_lock_in,100,9,0.986161037784679,2.101894301858827,0.0138389622153209,0.0,0.633733501552795
W18_relation_lock_in,100,11,0.9864195686070686,2.100442308097903,0.0135804313929314,0.0,0.6260576923076924
W18_relation_lock_in,100,13,0.986345584449022,2.1003767907143533,0.0136544155509781,0.0,0.6291918769309992
W18_relation_lock_in,100,12,0.9860850253807107,2.1029048150019443,0.0139149746192892,0.0,0.6192017766497464
W18_relation_lock_in,100,15,0.9864846925813008,2.0993917559554816,0.0135153074186991,0.0,0.6422884908536586
W18_relation_lock_in,100,14,0.9862135128334172,2.101611527374321,0.0137864871665827,0.0,0.6183118394564671
W18_relation_lock_in,100,16,0.9861721507816438,2.1017099041757965,0.0138278492183562,0.0,0.6311617498739283
W18_relation_lock_in,100,17,0.9864198232323232,2.1002659135271107,0.0135801767676767,0.0,0.6282118055555556
W18_relation_lock_in,100,18,0.9862638260432376,2.1013580974982142,0.0137361739567622,0.0,0.6461664152840623
W18_relation_lock_in,100,19,0.9862471461187216,2.100905256291709,0.0137528538812784,0.0,0.6218505834601726
W18_relation_lock_in,100,20,0.9862304292929294,2.101317033523443,0.0137695707070706,0.0,0.6562714646464647
W18_relation_lock_in,100,21,0.986364847715736,2.1003926651446254,0.0136351522842639,0.0,0.6375910532994924
W18_relation_lock_in,100,22,0.9865702891326024,2.099060082764292,0.0134297108673977,0.0,0.644740466101695
W18_relation_lock_in,100,23,0.9862895447530866,2.101085466493948,0.0137104552469133,0.0,0.6204134516460906
W18_relation_lock_in,100,24,0.9862656020558004,2.101373979000394,0.0137343979441996,0.0,0.6328888277043565
W18_relation_lock_in,100,25,0.986293730847804,2.1014912041887,0.013706269152196,0.0,0.6423882788559756
W18_relation_lock_in,100,28,0.9864057760364005,2.0999698915349443,0.0135942239635995,0.0,0.6574661905965622
W18_relation_lock_in,100,26,0.9864985609628466,2.099660782033377,0.0135014390371533,0.0,0.6324829931972789
W18_relation_lock_in,100,27,0.986193858560794,2.1017347073610497,0.0138061414392059,0.0,0.6451401985111662
W18_relation_lock_in,100,29,0.9863886787695412,2.1004318417310786,0.0136113212304587,0.0,0.6390755799294001
