alpha,T,kappa,metric,mean,std,se,ci_low,ci_high,n_seeds
0.4,900,all_one_diagnostic,Delta_R,-1.824147854780989e-05,0.0023620782590999564,0.0002640883777760932,-0.0005604808535787653,0.0005075266394436233,80
0.4,900,all_one_diagnostic,Delta_p_viable_product,5e-05,0.0016906294236470822,0.0001890181158018083,-0.0003125,0.00047531250000000015,80
0.4,900,all_one_diagnostic,Delta_H_cond_product,-8.980588964883072,0.10138420993360313,0.0113350992628323,-9.000918993428597,-8.957407291520711,80
0.4,900,all_one_diagnostic,Delta_H_weighted_product,-8.969677298352014,0.09963322467296137,0.011139333159312544,-8.996139388390457,-8.949891584493455,80
0.4,900,all_one_diagnostic,Delta_H_recovery_product,-8.986865703003149,0.10269864782658637,0.011482057886877908,-9.011804075317144,-8.967216467502901,80
0.4,900,all_one_diagnostic,strict_certified_mass_advantage,-1.250000000000001e-05,0.0016342361665626134,0.0001827131579861336,-0.00035031250000000004,0.0003140625000000004,80
0.4,900,all_one_diagnostic,certified_transport_density_advantage,0.0,0.0,0.0,0.0,0.0,80
0.4,900,basin_transition_profile,Delta_R,-1.447183032688485,0.07500301372830408,0.008385591860691892,-1.460310798077328,-1.430664587912179,80
0.4,900,basin_transition_profile,Delta_p_viable_product,5e-05,0.0016906294236470822,0.0001890181158018083,-0.0002875,0.0004,80
0.4,900,basin_transition_profile,Delta_H_cond_product,-6.734571772958586,0.11165093724503426,0.012482954271572984,-6.759871566346861,-6.711585147272786,80
0.4,900,basin_transition_profile,Delta_H_weighted_product,-6.726260039983883,0.11059966453682311,0.012365418409650462,-6.748284026157144,-6.704966074843192,80
0.4,900,basin_transition_profile,Delta_H_recovery_product,-6.739669504311519,0.1126783144855833,0.012597818538993175,-6.764923528058364,-6.715808297570295,80
0.4,900,basin_transition_profile,strict_certified_mass_advantage,-1.250000000000001e-05,0.0016342361665626134,0.0001827131579861336,-0.00036250000000000003,0.0003125,80
0.4,900,basin_transition_profile,certified_transport_density_advantage,0.05296546546546541,0.007237963104883491,0.0008092288760577463,0.05147428678678674,0.05443005505505499,80
0.4,900,boundary_v2_regime_sequence,Delta_R,0.9047339283822545,0.07167250705174771,0.008013229894277047,0.890159351921409,0.918899383630929,80
0.4,900,boundary_v2_regime_sequence,Delta_p_viable_product,5e-05,0.0016906294236470822,0.0001890181158018083,-0.0003253125,0.00046281250000000006,80
0.4,900,boundary_v2_regime_sequence,Delta_H_cond_product,-7.411037748359587,0.10239086442814455,0.011447646656814817,-7.431097357266498,-7.391378202388325,80
0.4,900,boundary_v2_regime_sequence,Delta_H_weighted_product,-7.4019470945541,0.10102642398781708,0.011295097578023718,-7.4224582985861725,-7.382225467093168,80
0.4,900,boundary_v2_regime_sequence,Delta_H_recovery_product,-7.411662101199985,0.10377142855790117,0.011601998418886499,-7.434107733972585,-7.387426098734164,80
0.4,900,boundary_v2_regime_sequence,strict_certified_mass_advantage,-1.250000000000001e-05,0.0016342361665626134,0.0001827131579861336,-0.00035031250000000004,0.00031312500000000014,80
0.4,900,boundary_v2_regime_sequence,certified_transport_density_advantage,-0.09697197197197194,0.00915823995357555,0.0010239223545224724,-0.09891141141141137,-0.09498154404404399,80
0.4,900,center_of_mass,Delta_R,-0.10647973070624665,0.09590112514986392,0.01072207174769052,-0.12491458194398686,-0.08642018601197046,80
0.4,900,center_of_mass,Delta_p_viable_product,5e-05,0.0016906294236470822,0.0001890181158018083,-0.00036281250000000007,0.0003628125000000002,80
0.4,900,center_of_mass,Delta_H_cond_product,-3.7430051777680404,0.11951538521988349,0.013362226285436657,-3.7713659554619614,-3.7172132738901786,80
0.4,900,center_of_mass,Delta_H_weighted_product,-3.7381920162367543,0.11837324085334422,0.013234530663251644,-3.7618349024970636,-3.7132013670189195,80
0.4,900,center_of_mass,Delta_H_recovery_product,-3.7433046944450483,0.12075598876767256,0.013500929978735844,-3.768493335705126,-3.7165432388766546,80
0.4,900,center_of_mass,strict_certified_mass_advantage,-1.250000000000001e-05,0.0016342361665626134,0.0001827131579861336,-0.0003378125,0.00034999999999999994,80
0.4,900,center_of_mass,certified_transport_density_advantage,0.026639139139139106,0.027012472105871016,0.0030200861934522242,0.02178397147147144,0.032098348348348314,80
0.4,900,identity_like_diagnostic,Delta_R,0.0005503756753690198,0.0013127249291964935,0.0001467671088720979,0.0002748676789074892,0.0008512215103553262,80
0.4,900,identity_like_diagnostic,Delta_p_viable_product,5e-05,0.0016906294236470822,0.0001890181158018083,-0.0003009375,0.00037562500000000014,80
0.4,900,identity_like_diagnostic,Delta_H_cond_product,0.9825900612306935,0.1011645282057189,0.011310538098984114,0.9620698255288093,1.0047134757299694,80
0.4,900,identity_like_diagnostic,Delta_H_weighted_product,0.9819217501749545,0.10024045097760484,0.011207223124057983,0.9618440525815068,1.0039326300919689,80
0.4,900,identity_like_diagnostic,Delta_H_recovery_product,0.977993581658939,0.10250343821463602,0.01146023278876879,0.9580973381758279,0.9965984288542253,80
0.4,900,identity_like_diagnostic,strict_certified_mass_advantage,-1.250000000000001e-05,0.0016342361665626134,0.0001827131579861336,-0.00036281250000000007,0.0003378125000000001,80
0.4,900,identity_like_diagnostic,certified_transport_density_advantage,0.0,0.0,0.0,0.0,0.0,80
0.4,900,joint_basin,Delta_R,-1.864013719171727,0.09357193179240243,0.010461660013689278,-1.8844128517738659,-1.8432934826620853,80
0.4,900,joint_basin,Delta_p_viable_product,5e-05,0.0016906294236470822,0.0001890181158018083,-0.0002878125,0.0004,80
0.4,900,joint_basin,Delta_H_cond_product,-6.148273304141766,0.11836837230788128,0.013233986343321309,-6.171983094725019,-6.122582631146293,80
0.4,900,joint_basin,Delta_H_weighted_product,-6.140648666369453,0.11739192822447635,0.013124816575985264,-6.166396674093461,-6.115096124545484,80
0.4,900,joint_basin,Delta_H_recovery_product,-6.152128974167622,0.11927417657222181,0.01333525833879004,-6.177106409023943,-6.127682002454297,80
0.4,900,joint_basin,strict_certified_mass_advantage,-1.250000000000001e-05,0.0016342361665626134,0.0001827131579861336,-0.0003875,0.0004125,80
0.4,900,joint_basin,certified_transport_density_advantage,0.12434934934934931,0.012063614278725241,0.0013487530790783366,0.12150243993993992,0.12684090340340337,80
0.4,900,random_kappa_matched,Delta_R,0.0579575678488415,0.044917405691203484,0.005021918624923346,0.04584787781833902,0.06648084594910134,80
0.4,900,random_kappa_matched,Delta_p_viable_product,5e-05,0.0016906294236470822,0.0001890181158018083,-0.00037624999999999996,0.00038750000000000004,80
0.4,900,random_kappa_matched,Delta_H_cond_product,-1.4955523907911838,0.10922452132058354,0.012211672724134993,-1.5186732213303846,-1.4715968738415224,80
0.4,900,random_kappa_matched,Delta_H_weighted_product,-1.4933367787451517,0.10806808414873992,0.012082379117737498,-1.5136593693581586,-1.4686968455532037,80
0.4,900,random_kappa_matched,Delta_H_recovery_product,-1.5005946621948787,0.11042417594982983,0.012345798189160845,-1.5243669232898704,-1.4750449299599517,80
0.4,900,random_kappa_matched,strict_certified_mass_advantage,-1.250000000000001e-05,0.0016342361665626134,0.0001827131579861336,-0.0003378125,0.000325,80
0.4,900,random_kappa_matched,certified_transport_density_advantage,-0.002352352352352347,0.006205633945685769,0.0006938109673016808,-0.003567004504504487,-0.0011495870870871015,80
0.4,900,relative_distance,Delta_R,0.25625637268976087,0.06694346353720604,0.007484506755923561,0.24135326197551235,0.26974125218401707,80
0.4,900,relative_distance,Delta_p_viable_product,5e-05,0.0016906294236470822,0.0001890181158018083,-0.000313125,0.0003753125000000001,80
0.4,900,relative_distance,Delta_H_cond_product,-0.6467837420975318,0.11439207873742548,0.012789423207219583,-0.6734308203392461,-0.6249351948305245,80
0.4,900,relative_distance,Delta_H_weighted_product,-0.6455560605021258,0.11328551410401307,0.012665705520129219,-0.6692439222502495,-0.6214714906879025,80
0.4,900,relative_distance,Delta_H_recovery_product,-0.649643665111919,0.11566436638281248,0.012931669290320507,-0.6765105615699122,-0.6270628981440144,80
0.4,900,relative_distance,strict_certified_mass_advantage,-1.250000000000001e-05,0.0016342361665626134,0.0001827131579861336,-0.0004003125,0.00038812500000000023,80
0.4,900,relative_distance,certified_transport_density_advantage,-0.00238988988988988,0.0028910763065247177,0.00032323215747641435,-0.0030033158158157963,-0.0017517517517517563,80
0.4,1500,all_one_diagnostic,Delta_R,-1.824147854780989e-05,0.0023620782590999564,0.0002640883777760932,-0.0005623444570388512,0.00041569076372827336,80
0.4,1500,all_one_diagnostic,Delta_p_viable_product,5e-05,0.0016906294236470822,0.0001890181158018083,-0.0002875,0.00041312500000000013,80
0.4,1500,all_one_diagnostic,Delta_H_cond_product,-11.595010615391299,0.1295245043148733,0.014481279820001075,-11.622212447324154,-11.565810252101674,80
0.4,1500,all_one_diagnostic,Delta_H_weighted_product,-11.580921806040138,0.12721812139151895,0.014223418370062824,-11.609472423749517,-11.550354503708336,80
0.4,1500,all_one_diagnostic,Delta_H_recovery_product,-11.600245804684175,0.13052897642085678,0.014593583215525148,-11.631204697165556,-11.567733742757603,80
0.4,1500,all_one_diagnostic,strict_certified_mass_advantage,-1.250000000000001e-05,0.0016342361665626134,0.0001827131579861336,-0.00042500000000000003,0.0002878125000000001,80
0.4,1500,all_one_diagnostic,certified_transport_density_advantage,0.0,0.0,0.0,0.0,0.0,80
0.4,1500,basin_transition_profile,Delta_R,-2.224138437465997,0.06737945758868438,0.0075332523727681166,-2.238442201965525,-2.2095664291340347,80
0.4,1500,basin_transition_profile,Delta_p_viable_product,5e-05,0.0016906294236470822,0.0001890181158018083,-0.000313125,0.00040062500000000016,80
0.4,1500,basin_transition_profile,Delta_H_cond_product,-8.621459364126334,0.13734996033358382,0.015356192400639655,-8.653270531556045,-8.591223982925309,80
0.4,1500,basin_transition_profile,Delta_H_weighted_product,-8.610828617467197,0.1359704549257092,0.015201959007272843,-8.642630550563153,-8.580991465546093,80
0.4,1500,basin_transition_profile,Delta_H_recovery_product,-8.625933303560712,0.13821359936400165,0.01545275017964147,-8.656202655192537,-8.599467404056314,80
0.4,1500,basin_transition_profile,strict_certified_mass_advantage,-1.250000000000001e-05,0.0016342361665626134,0.0001827131579861336,-0.0003628125,0.00033812500000000016,80
0.4,1500,basin_transition_profile,certified_transport_density_advantage,0.12786536536536536,0.00824023054619659,0.0009212857825782899,0.12598848848848848,0.12969594594594588,80
0.4,1500,boundary_v2_regime_sequence,Delta_R,1.9058339810706961,0.09061728039101016,0.010131319944522871,1.888261265067241,1.9273019872272914,80
0.4,1500,boundary_v2_regime_sequence,Delta_p_viable_product,5e-05,0.0016906294236470822,0.0001890181158018083,-0.0003253125,0.0004003125000000001,80
0.4,1500,boundary_v2_regime_sequence,Delta_H_cond_product,-10.024515648407508,0.12460266156771771,0.013931001072140865,-10.04864577180404,-9.99735500029129,80
0.4,1500,boundary_v2_regime_sequence,Delta_H_weighted_product,-10.012248966554546,0.12266114152142811,0.01371393253198176,-10.03517853991636,-9.985844691656583,80
0.4,1500,boundary_v2_regime_sequence,Delta_H_recovery_product,-10.024099567193334,0.12567725610917385,0.014051144394288173,-10.044225268926645,-9.99521895717527,80
0.4,1500,boundary_v2_regime_sequence,strict_certified_mass_advantage,-1.250000000000001e-05,0.0016342361665626134,0.0001827131579861336,-0.000276875,0.0003378125000000001,80
0.4,1500,boundary_v2_regime_sequence,certified_transport_density_advantage,-0.26629129129129125,0.01435909747038406,0.0016053959019662015,-0.2690568693693693,-0.26292261011011003,80
0.4,1500,center_of_mass,Delta_R,-0.27997571003933686,0.10573039609245033,0.011821017647534853,-0.3018409236865051,-0.25850366019798704,80
0.4,1500,center_of_mass,Delta_p_viable_product,5e-05,0.0016906294236470822,0.0001890181158018083,-0.00023781250000000001,0.0004128125000000001,80
0.4,1500,center_of_mass,Delta_H_cond_product,-4.744580483509424,0.14982766785384435,0.016751242511572798,-4.773681757229851,-4.713214474766607,80
0.4,1500,center_of_mass,Delta_H_weighted_product,-4.738470556223629,0.14792300350652363,0.016538294563826328,-4.772376922951691,-4.709102964064565,80
0.4,1500,center_of_mass,Delta_H_recovery_product,-4.744918231776575,0.15083316027567037,0.016863659981875993,-4.780219709098084,-4.710568686562752,80
0.4,1500,center_of_mass,strict_certified_mass_advantage,-1.250000000000001e-05,0.0016342361665626134,0.0001827131579861336,-0.00037593749999999997,0.0002759375000000003,80
0.4,1500,center_of_mass,certified_transport_density_advantage,0.046684184184184144,0.018909160983657983,0.0021141084678473017,0.04187750250250246,0.051063876376376306,80
0.4,1500,identity_like_diagnostic,Delta_R,0.0,0.0,0.0,0.0,0.0,80
0.4,1500,identity_like_diagnostic,Delta_p_viable_product,5e-05,0.0016906294236470822,0.0001890181158018083,-0.0003125,0.00045031250000000014,80
0.4,1500,identity_like_diagnostic,Delta_H_cond_product,-1.630905586921115,0.12956203826438642,0.014485476243129845,-1.6585120932278103,-1.6002847997387601,80
0.4,1500,identity_like_diagnostic,Delta_H_weighted_product,-1.6283977575131687,0.12830748873998116,0.014345213342244334,-1.6584071228986457,-1.6043147456980678,80
0.4,1500,identity_like_diagnostic,Delta_H_recovery_product,-1.634461520022087,0.1305289764208568,0.01459358321552515,-1.6620204403599041,-1.6062902290024272,80
0.4,1500,identity_like_diagnostic,strict_certified_mass_advantage,-1.250000000000001e-05,0.0016342361665626134,0.0001827131579861336,-0.0003878125,0.00037593750000000024,80
0.4,1500,identity_like_diagnostic,certified_transport_density_advantage,0.0,0.0,0.0,0.0,0.0,80
0.4,1500,joint_basin,Delta_R,-3.7392067153776907,0.09833502238087878,0.010994189730630408,-3.7598299111319147,-3.7200197373822244,80
0.4,1500,joint_basin,Delta_p_viable_product,5e-05,0.0016906294236470822,0.0001890181158018083,-0.00027499999999999996,0.0004253125000000001,80
0.4,1500,joint_basin,Delta_H_cond_product,-6.825610507305429,0.14356953781326043,0.01605156230243384,-6.855459222147596,-6.793524104036654,80
0.4,1500,joint_basin,Delta_H_weighted_product,-6.8170724057968455,0.14191373034630092,0.015866437399745182,-6.8451226588498555,-6.786154317109475,80
0.4,1500,joint_basin,Delta_H_recovery_product,-6.8281706054152895,0.14458729067647288,0.016165350531755746,-6.863517722682494,-6.802084082554175,80
0.4,1500,joint_basin,strict_certified_mass_advantage,-1.250000000000001e-05,0.0016342361665626134,0.0001827131579861336,-0.0003878125,0.0003893750000000005,80
0.4,1500,joint_basin,certified_transport_density_advantage,0.45922172172172165,0.01715785910615279,0.0019183069654860707,0.4553963338338338,0.46265327827827823,80
0.4,1500,random_kappa_matched,Delta_R,-0.03854375067047727,0.03004810928448321,0.003359480747772351,-0.04478638488998678,-0.03182766504693226,80
0.4,1500,random_kappa_matched,Delta_p_viable_product,5e-05,0.0016906294236470822,0.0001890181158018083,-0.00028750000000000005,0.0004128125000000001,80
0.4,1500,random_kappa_matched,Delta_H_cond_product,-3.8400959934018473,0.13208382287934065,0.014767420334312383,-3.869766807862813,-3.8146559339519217,80
0.4,1500,random_kappa_matched,Delta_H_weighted_product,-3.8350213215140885,0.13027476733370305,0.014565161775556452,-3.8658421730683705,-3.8094756528441875,80
0.4,1500,random_kappa_matched,Delta_H_recovery_product,-3.844986801067775,0.13300333286351618,0.014870224675842696,-3.8767311234843516,-3.8229174838569007,80
0.4,1500,random_kappa_matched,strict_certified_mass_advantage,-1.250000000000001e-05,0.0016342361665626134,0.0001827131579861336,-0.0003875,0.0003875,80
0.4,1500,random_kappa_matched,certified_transport_density_advantage,0.0007382382382382213,0.004167734091209389,0.0004659668370043751,-0.00018893893893894494,0.0016141141141141012,80
0.4,1500,relative_distance,Delta_R,0.09401608871760384,0.03506473661555333,0.003920356734275158,0.08672537783439781,0.1005803174104048,80
0.4,1500,relative_distance,Delta_p_viable_product,5e-05,0.0016906294236470822,0.0001890181158018083,-0.000338125,0.00042500000000000003,80
0.4,1500,relative_distance,Delta_H_cond_product,-1.947864601478273,0.1308887264741397,0.014633804494227638,-1.976633211912964,-1.9213388970320158,80
0.4,1500,relative_distance,Delta_H_weighted_product,-1.9449847740389008,0.1302252511743017,0.014559625700636144,-1.9741498467659437,-1.918563245786245,80
0.4,1500,relative_distance,Delta_H_recovery_product,-1.9510735365478191,0.13160796054219903,0.014714217307623356,-1.9805032868354215,-1.9239152117726828,80
0.4,1500,relative_distance,strict_certified_mass_advantage,-1.250000000000001e-05,0.0016342361665626134,0.0001827131579861336,-0.00030000000000000003,0.00032500000000000004,80
0.4,1500,relative_distance,certified_transport_density_advantage,-6.2562562562555e-05,0.0004316133865622788,4.825584361760748e-05,-0.00016266266266264624,1.2825325325327797e-05,80
0.4,2400,all_one_diagnostic,Delta_R,-1.824147854780989e-05,0.0023620782590999564,0.0002640883777760932,-0.00043436617971074357,0.0005058897759606682,80
0.4,2400,all_one_diagnostic,Delta_p_viable_product,5e-05,0.0016906294236470822,0.0001890181158018083,-0.000313125,0.0003753125000000001,80
0.4,2400,all_one_diagnostic,Delta_H_cond_product,-14.49109548211199,0.13382077621276234,0.014961617620676172,-14.522082250663173,-14.464956369944606,80
0.4,2400,all_one_diagnostic,Delta_H_weighted_product,-14.473497632847332,0.13154175946368446,0.014706815802036236,-14.500971586348976,-14.449351414049215,80
0.4,2400,all_one_diagnostic,Delta_H_recovery_product,-14.49481331208382,0.13448521848297448,0.015035904524842103,-14.529181635981029,-14.467907597761876,80
0.4,2400,all_one_diagnostic,strict_certified_mass_advantage,-1.250000000000001e-05,0.0016342361665626134,0.0001827131579861336,-0.0003378125,0.00035093750000000023,80
0.4,2400,all_one_diagnostic,certified_transport_density_advantage,0.0,0.0,0.0,0.0,0.0,80
0.4,2400,basin_transition_profile,Delta_R,-2.6656034896550693,0.0687609340567807,0.007687706137367101,-2.6783039999156237,-2.6504818161379107,80
0.4,2400,basin_transition_profile,Delta_p_viable_product,5e-05,0.0016906294236470822,0.0001890181158018083,-0.00032500000000000004,0.0003875,80
0.4,2400,basin_transition_profile,Delta_H_cond_product,-11.11320676920796,0.14417521651049373,0.0161192792394107,-11.143620825828636,-11.081894510002822,80
0.4,2400,basin_transition_profile,Delta_H_weighted_product,-11.099538607208938,0.14356183257715596,0.016050700830848228,-11.133931945318675,-11.069446805025901,80
0.4,2400,basin_transition_profile,Delta_H_recovery_product,-11.11628847821048,0.14431928374689854,0.016135386446107285,-11.153628448753869,-11.086788655226405,80
0.4,2400,basin_transition_profile,strict_certified_mass_advantage,-1.250000000000001e-05,0.0016342361665626134,0.0001827131579861336,-0.0003628125,0.0003753125000000001,80
0.4,2400,basin_transition_profile,certified_transport_density_advantage,0.20635635635635632,0.011385462139090263,0.0012729333649127996,0.20387887887887887,0.20859077827827827,80
0.4,2400,boundary_v2_regime_sequence,Delta_R,3.339046308324783,0.11032081939167607,0.012334242574663234,3.3167009694052285,3.362020756303875,80
0.4,2400,boundary_v2_regime_sequence,Delta_p_viable_product,5e-05,0.0016906294236470822,0.0001890181158018083,-0.00038875,0.0003753125000000001,80
0.4,2400,boundary_v2_regime_sequence,Delta_H_cond_product,-12.919315165386525,0.12605851731963616,0.014093770693477052,-12.948501204989068,-12.8986407261078,80
0.4,2400,boundary_v2_regime_sequence,Delta_H_weighted_product,-12.903540689891589,0.12424964351296561,0.013891532453755342,-12.927954968265057,-12.875980417348227,80
0.4,2400,boundary_v2_regime_sequence,Delta_H_recovery_product,-12.917382971122828,0.12670135581478567,0.01416564222216245,-12.9499069003092,-12.890694541765388,80
0.4,2400,boundary_v2_regime_sequence,strict_certified_mass_advantage,-1.250000000000001e-05,0.0016342361665626134,0.0001827131579861336,-0.0004003125,0.0002878125000000001,80
0.4,2400,boundary_v2_regime_sequence,certified_transport_density_advantage,-0.5282532532532532,0.018268272607616647,0.002042454969106408,-0.5322578828828829,-0.5239683433433433,80
0.4,2400,center_of_mass,Delta_R,-0.5585367222285784,0.10149810127517475,0.01134783270192244,-0.576472438962763,-0.5370324193773455,80
0.4,2400,center_of_mass,Delta_p_viable_product,5e-05,0.0016906294236470822,0.0001890181158018083,-0.00031249999999999995,0.0004253125000000001,80
0.4,2400,center_of_mass,Delta_H_cond_product,-5.870846644373152,0.1324183950675744,0.014804826642125962,-5.8994166440855915,-5.842042414972294,80
0.4,2400,center_of_mass,Delta_H_weighted_product,-5.863285839125227,0.1291459707867632,0.014438958484970225,-5.891520253579009,-5.835812551081654,80
0.4,2400,center_of_mass,Delta_H_recovery_product,-5.871525718320374,0.13349089560834945,0.014924735847879875,-5.90034291762277,-5.842513699819692,80
0.4,2400,center_of_mass,strict_certified_mass_advantage,-1.250000000000001e-05,0.0016342361665626134,0.0001827131579861336,-0.0003753125,0.0003375,80
0.4,2400,center_of_mass,certified_transport_density_advantage,0.024799799799799755,0.006995185947982346,0.0007820855647469916,0.023334584584584532,0.026264076576576534,80
0.4,2400,identity_like_diagnostic,Delta_R,0.0,0.0,0.0,0.0,0.0,80
0.4,2400,identity_like_diagnostic,Delta_p_viable_product,5e-05,0.0016906294236470822,0.0001890181158018083,-0.00045031250000000003,0.00038781250000000014,80
0.4,2400,identity_like_diagnostic,Delta_H_cond_product,-4.5269904536418055,0.1339155670509163,0.014972215558563994,-4.554845447707567,-4.498229455560402,80
0.4,2400,identity_like_diagnostic,Delta_H_weighted_product,-4.520973584320365,0.13307896285292647,0.014878680365715647,-4.554148352334999,-4.487970058568747,80
0.4,2400,identity_like_diagnostic,Delta_H_recovery_product,-4.529029027421734,0.13448521848297454,0.01503590452484211,-4.55531158232039,-4.502406185009093,80
0.4,2400,identity_like_diagnostic,strict_certified_mass_advantage,-1.250000000000001e-05,0.0016342361665626134,0.0001827131579861336,-0.000325625,0.0004015625000000004,80
0.4,2400,identity_like_diagnostic,certified_transport_density_advantage,0.0,0.0,0.0,0.0,0.0,80
0.4,2400,joint_basin,Delta_R,-5.756427773841852,0.10602978590811388,0.011854490446514595,-5.779434644432869,-5.733505796916461,80
0.4,2400,joint_basin,Delta_p_viable_product,5e-05,0.0016906294236470822,0.0001890181158018083,-0.00027499999999999996,0.000375,80
0.4,2400,joint_basin,Delta_H_cond_product,-7.685048837914151,0.15900775067661158,0.017777606973112082,-7.712597070428524,-7.651340212727203,80
0.4,2400,joint_basin,Delta_H_weighted_product,-7.6753719666281155,0.15726031246720987,0.017582237441976945,-7.710885733993007,-7.638338510803205,80
0.4,2400,joint_basin,Delta_H_recovery_product,-7.685386016421345,0.1596276324362237,0.017846911860737325,-7.724729629082154,-7.64914823749898,80
0.4,2400,joint_basin,strict_certified_mass_advantage,-1.250000000000001e-05,0.0016342361665626134,0.0001827131579861336,-0.00041312499999999997,0.00035031250000000015,80
0.4,2400,joint_basin,certified_transport_density_advantage,0.7942567567567568,0.014729695598344682,0.0016468300322889074,0.7909468843843844,0.79807494994995,80
0.4,2400,random_kappa_matched,Delta_R,0.0007531423537686729,0.023949721236285224,0.002677660236325203,-0.004210740135742795,0.005739728890067132,80
0.4,2400,random_kappa_matched,Delta_p_viable_product,5e-05,0.0016906294236470822,0.0001890181158018083,-0.00030000000000000003,0.00035031250000000015,80
0.4,2400,random_kappa_matched,Delta_H_cond_product,-6.714267219411056,0.13796005759017083,0.015424403347570389,-6.743384779103295,-6.683906625739684,80
0.4,2400,random_kappa_matched,Delta_H_weighted_product,-6.705708780203297,0.13658135402463623,0.015270259602902554,-6.734990092318903,-6.680232152187353,80
0.4,2400,random_kappa_matched,Delta_H_recovery_product,-6.717804032333097,0.13850555771046505,0.015485392115105998,-6.746239590082222,-6.684565448650563,80
0.4,2400,random_kappa_matched,strict_certified_mass_advantage,-1.250000000000001e-05,0.0016342361665626134,0.0001827131579861336,-0.0003878125,0.0003256250000000002,80
0.4,2400,random_kappa_matched,certified_transport_density_advantage,2.5025025025014963e-05,0.0038455718452141876,0.0004299480029129111,-0.0008142517517517508,0.0008771271271271056,80
0.4,2400,relative_distance,Delta_R,0.0065042261404927625,0.006401812265690495,0.0007157443702637946,0.005249056571971766,0.007960205237090056,80
0.4,2400,relative_distance,Delta_p_viable_product,5e-05,0.0016906294236470822,0.0001890181158018083,-0.0003375,0.00038750000000000004,80
0.4,2400,relative_distance,Delta_H_cond_product,-4.541001085002753,0.13430528572143796,0.015015787430533358,-4.566676658372655,-4.515795664739858,80
0.4,2400,relative_distance,Delta_H_weighted_product,-4.534967945258134,0.13352210925547794,0.014928225639720126,-4.56877007783925,-4.504174528195091,80
0.4,2400,relative_distance,Delta_H_recovery_product,-4.543023388359504,0.13485807881251022,0.015077591576989848,-4.566056839982195,-4.512171387983567,80
0.4,2400,relative_distance,strict_certified_mass_advantage,-1.250000000000001e-05,0.0016342361665626134,0.0001827131579861336,-0.00032593749999999995,0.0003375,80
0.4,2400,relative_distance,certified_transport_density_advantage,0.0,0.0,0.0,0.0,0.0,80
0.4,3600,all_one_diagnostic,Delta_R,-1.824147854780989e-05,0.0023620782590999564,0.0002640883777760932,-0.0005427126216626973,0.000434588313881389,80
0.4,3600,all_one_diagnostic,Delta_p_viable_product,5e-05,0.0016906294236470822,0.0001890181158018083,-0.000350625,0.00035031250000000015,80
0.4,3600,all_one_diagnostic,Delta_H_cond_product,-16.945816116083396,0.12300649189801546,0.013752543877886984,-16.970319567329206,-16.91871783234177,80
0.4,3600,all_one_diagnostic,Delta_H_weighted_product,-16.925248344789075,0.12121283070139521,0.01355200645967466,-16.952149150342976,-16.89776483078721,80
0.4,3600,all_one_diagnostic,Delta_H_recovery_product,-16.948456627855016,0.12337083799779613,0.01379327901020931,-16.973996570470575,-16.92804720654533,80
0.4,3600,all_one_diagnostic,strict_certified_mass_advantage,-1.250000000000001e-05,0.0016342361665626134,0.0001827131579861336,-0.00036281249999999996,0.00033843750000000025,80
0.4,3600,all_one_diagnostic,certified_transport_density_advantage,0.0,0.0,0.0,0.0,0.0,80
0.4,3600,basin_transition_profile,Delta_R,-2.9408388841287767,0.08408858588814207,0.009401389708885759,-2.9596382045453145,-2.9208923275652383,80
0.4,3600,basin_transition_profile,Delta_p_viable_product,5e-05,0.0016906294236470822,0.0001890181158018083,-0.000338125,0.000375,80
0.4,3600,basin_transition_profile,Delta_H_cond_product,-13.298706846785876,0.13502931554734038,0.015096736425956115,-13.329810019957465,-13.273678107791518,80
0.4,3600,basin_transition_profile,Delta_H_weighted_product,-13.282371899809425,0.1351500487350225,0.01511023480669599,-13.309972867782879,-13.249996136458318,80
0.4,3600,basin_transition_profile,Delta_H_recovery_product,-13.300648322601983,0.13536887028523412,0.015134699799756741,-13.329566766542102,-13.27148048253602,80
0.4,3600,basin_transition_profile,strict_certified_mass_advantage,-1.250000000000001e-05,0.0016342361665626134,0.0001827131579861336,-0.0003375,0.00035031250000000015,80
0.4,3600,basin_transition_profile,certified_transport_density_advantage,0.2594094094094094,0.013423319532990289,0.0015007727479733508,0.2563560435435435,0.26257789039039037,80
0.4,3600,boundary_v2_regime_sequence,Delta_R,4.83087640494895,0.12228638213500713,0.01367203315881959,4.803670872201114,4.855003113907657,80
0.4,3600,boundary_v2_regime_sequence,Delta_p_viable_product,5e-05,0.0016906294236470822,0.0001890181158018083,-0.00027499999999999996,0.00037593750000000024,80
0.4,3600,boundary_v2_regime_sequence,Delta_H_cond_product,-15.372865589947386,0.11831148802717564,0.01322762648739586,-15.400015574550315,-15.347880235337186,80
0.4,3600,boundary_v2_regime_sequence,Delta_H_weighted_product,-15.354122293847599,0.11692004149752352,0.013072058036027945,-15.373498990012873,-15.326667821131,80
0.4,3600,boundary_v2_regime_sequence,Delta_H_recovery_product,-15.369857178908296,0.11933974296215717,0.013342588884036777,-15.393601878229823,-15.344266575545777,80
0.4,3600,boundary_v2_regime_sequence,strict_certified_mass_advantage,-1.250000000000001e-05,0.0016342361665626134,0.0001827131579861336,-0.0003384375,0.0003131250000000002,80
0.4,3600,boundary_v2_regime_sequence,certified_transport_density_advantage,-0.7577577577577577,0.019027353310537884,0.0021273227717134185,-0.7617698948948949,-0.7540033783783784,80
0.4,3600,center_of_mass,Delta_R,-0.5093288860717106,0.06387500986535798,0.007141443206120506,-0.524865934386837,-0.49648755890399143,80
0.4,3600,center_of_mass,Delta_p_viable_product,5e-05,0.0016906294236470822,0.0001890181158018083,-0.00030125,0.0004003125000000001,80
0.4,3600,center_of_mass,Delta_H_cond_product,-7.3026323571718805,0.12496001719703631,0.013970954646105795,-7.330448610834732,-7.275926557067297,80
0.4,3600,center_of_mass,Delta_H_weighted_product,-7.293273688268359,0.12319113752607105,0.013773187886691006,-7.318453403219373,-7.273479104302087,80
0.4,3600,center_of_mass,Delta_H_recovery_product,-7.303246735199184,0.125438331937278,0.014024431859796823,-7.33037914211461,-7.277062400181935,80
0.4,3600,center_of_mass,strict_certified_mass_advantage,-1.250000000000001e-05,0.0016342361665626134,0.0001827131579861336,-0.00036250000000000003,0.0003628125000000001,80
0.4,3600,center_of_mass,certified_transport_density_advantage,0.0033783783783783287,0.002191781651345751,0.00024504863821229214,0.002940127627627564,0.0038544794794794267,80
0.4,3600,identity_like_diagnostic,Delta_R,0.0,0.0,0.0,0.0,0.0,80
0.4,3600,identity_like_diagnostic,Delta_p_viable_product,5e-05,0.0016906294236470822,0.0001890181158018083,-0.00030000000000000003,0.00045000000000000004,80
0.4,3600,identity_like_diagnostic,Delta_H_cond_product,-6.981711087613212,0.12288261747141259,0.013738694295959093,-7.010082212863487,-6.953943495253784,80
0.4,3600,identity_like_diagnostic,Delta_H_weighted_product,-6.972724296262106,0.12109151563444828,0.013538443022855246,-6.999434298961229,-6.946891550317624,80
0.4,3600,identity_like_diagnostic,Delta_H_recovery_product,-6.982672343192931,0.12337083799779615,0.013793279010209311,-7.007143865793127,-6.953913368904354,80
0.4,3600,identity_like_diagnostic,strict_certified_mass_advantage,-1.250000000000001e-05,0.0016342361665626134,0.0001827131579861336,-0.00035,0.00032531250000000013,80
0.4,3600,identity_like_diagnostic,certified_transport_density_advantage,0.0,0.0,0.0,0.0,0.0,80
0.4,3600,joint_basin,Delta_R,-6.867309114279998,0.11788109141788938,0.013179506683613385,-6.894105792056045,-6.843866976016407,80
0.4,3600,joint_basin,Delta_p_viable_product,5e-05,0.0016906294236470822,0.0001890181158018083,-0.0002878125,0.00037531250000000016,80
0.4,3600,joint_basin,Delta_H_cond_product,-9.026635689790348,0.1636443788861937,0.018295997766263023,-9.06124758147321,-8.988053607451583,80
0.4,3600,joint_basin,Delta_H_weighted_product,-9.015282143672911,0.16296919160453746,0.018220509533296687,-9.049005090294166,-8.982196363107825,80
0.4,3600,joint_basin,Delta_H_recovery_product,-9.025924514183181,0.16401093357388574,0.01833697982622055,-9.060845025713208,-8.995563421934689,80
0.4,3600,joint_basin,strict_certified_mass_advantage,-1.250000000000001e-05,0.0016342361665626134,0.0001827131579861336,-0.00036250000000000003,0.00036312500000000017,80
0.4,3600,joint_basin,certified_transport_density_advantage,0.8862487487487487,0.011677101236396016,0.0013055396072364166,0.8836289414414413,0.8890024399399399,80
0.4,3600,random_kappa_matched,Delta_R,-0.004414081253827482,0.022799493723393148,0.002549060890904343,-0.009950157865615157,0.0002608307846972577,80
0.4,3600,random_kappa_matched,Delta_p_viable_product,5e-05,0.0016906294236470822,0.0001890181158018083,-0.00032500000000000004,0.00038750000000000004,80
0.4,3600,random_kappa_matched,Delta_H_cond_product,-9.165715127002155,0.12602239114731045,0.014089731664622693,-9.194212759447876,-9.139978959028516,80
0.4,3600,random_kappa_matched,Delta_H_weighted_product,-9.154189864983794,0.12400293557149505,0.013863949667369483,-9.181387319602182,-9.126520653124105,80
0.4,3600,random_kappa_matched,Delta_H_recovery_product,-9.168034083210417,0.12647768132715254,0.014140634654203444,-9.196288782369868,-9.141467195110556,80
0.4,3600,random_kappa_matched,strict_certified_mass_advantage,-1.250000000000001e-05,0.0016342361665626134,0.0001827131579861336,-0.0003634375,0.0002875,80
0.4,3600,random_kappa_matched,certified_transport_density_advantage,-0.0002002002002001988,0.0042867206671897565,0.0004792699406194774,-0.0011761761761761604,0.0007260385385385325,80
0.4,3600,relative_distance,Delta_R,-7.522547612788e-05,0.0008088408901626878,9.043116066926055e-05,-0.00025105140225440564,7.495114728202975e-05,80
0.4,3600,relative_distance,Delta_p_viable_product,5e-05,0.0016906294236470822,0.0001890181158018083,-0.00028781250000000004,0.0004128125000000001,80
0.4,3600,relative_distance,Delta_H_cond_product,-6.981836187763461,0.12291019239119041,0.01374177726571396,-7.009460795230696,-6.955987778360344,80
0.4,3600,relative_distance,Delta_H_weighted_product,-6.9728492962621065,0.12111581806579666,0.013541160117280921,-6.994733914543789,-6.948955418811559,80
0.4,3600,relative_distance,Delta_H_recovery_product,-6.982797343192931,0.12339881995326527,0.013796407487937926,-7.008600831056374,-6.955820764581158,80
0.4,3600,relative_distance,strict_certified_mass_advantage,-1.250000000000001e-05,0.0016342361665626134,0.0001827131579861336,-0.00036375,0.0003378125000000001,80
0.4,3600,relative_distance,certified_transport_density_advantage,0.0,0.0,0.0,0.0,0.0,80
0.45,900,all_one_diagnostic,Delta_R,1.8205847116377502e-05,0.002187682250954384,0.0002445903113151878,-0.0004884365311437567,0.0004704610520850064,80
0.45,900,all_one_diagnostic,Delta_p_viable_product,7.500000000000001e-05,0.0015813389615741483,0.00017679907067743615,-0.0002628125,0.00045031250000000014,80
0.45,900,all_one_diagnostic,Delta_H_cond_product,-8.980588964883072,0.10138420993360313,0.0113350992628323,-9.002800154549645,-8.959774724323363,80
0.45,900,all_one_diagnostic,Delta_H_weighted_product,-8.969677298352014,0.09963322467296137,0.011139333159312544,-8.992961392326032,-8.948825181156042,80
0.45,900,all_one_diagnostic,Delta_H_recovery_product,-8.98686570300315,0.10269864782658637,0.011482057886877908,-9.011050571493234,-8.963747518430829,80
0.45,900,all_one_diagnostic,strict_certified_mass_advantage,1.2499999999999989e-05,0.0015135986960414006,0.00016922547875018067,-0.0003628125,0.0003387500000000003,80
0.45,900,all_one_diagnostic,certified_transport_density_advantage,0.0,0.0,0.0,0.0,0.0,80
0.45,900,basin_transition_profile,Delta_R,-1.6771062841053355,0.06708615639067735,0.007500460301936824,-1.6926285903901168,-1.6619096851791384,80
0.45,900,basin_transition_profile,Delta_p_viable_product,7.500000000000001e-05,0.0015813389615741483,0.00017679907067743615,-0.0002878125,0.0004125,80
0.45,900,basin_transition_profile,Delta_H_cond_product,-6.504612074216072,0.11566188712604726,0.012931392100987472,-6.52993644526128,-6.478505365949637,80
0.45,900,basin_transition_profile,Delta_H_weighted_product,-6.496507596095512,0.11488791661649533,0.01284485956739056,-6.520770352149981,-6.471585723348695,80
0.45,900,basin_transition_profile,Delta_H_recovery_product,-6.510405786339653,0.1167146124060938,0.013049090365378302,-6.532181138535665,-6.4851660616953435,80
0.45,900,basin_transition_profile,strict_certified_mass_advantage,1.2499999999999989e-05,0.0015135986960414006,0.00016922547875018067,-0.0003125,0.00028812500000000013,80
0.45,900,basin_transition_profile,certified_transport_density_advantage,0.06646646646646641,0.00736547475308666,0.0008234851117230126,0.06491460210210204,0.06774493243243238,80
0.45,900,boundary_v2_regime_sequence,Delta_R,1.016292361072458,0.06967314453346808,0.007789694369150124,1.0017216276353205,1.0328945174825583,80
0.45,900,boundary_v2_regime_sequence,Delta_p_viable_product,7.500000000000001e-05,0.0015813389615741483,0.00017679907067743615,-0.0003003125,0.0004003125000000001,80
0.45,900,boundary_v2_regime_sequence,Delta_H_cond_product,-7.522559733724127,0.10442410609938936,0.011674969986394251,-7.548098512240219,-7.501125342615895,80
0.45,900,boundary_v2_regime_sequence,Delta_H_weighted_product,-7.513302601686948,0.10305884682592513,0.01152232935927535,-7.535593044018515,-7.493228061318421,80
0.45,900,boundary_v2_regime_sequence,Delta_H_recovery_product,-7.523707108877372,0.10536288232760249,0.011779928359491522,-7.546215483792793,-7.5028365606004535,80
0.45,900,boundary_v2_regime_sequence,strict_certified_mass_advantage,1.2499999999999989e-05,0.0015135986960414006,0.00016922547875018067,-0.0004,0.00032500000000000004,80
0.45,900,boundary_v2_regime_sequence,certified_transport_density_advantage,-0.0991366366366366,0.007964243110629151,0.0008904294492350579,-0.10084021521521518,-0.09734484484484482,80
0.45,900,center_of_mass,Delta_R,-0.10997583371938069,0.08205691811399084,0.009174242346350867,-0.13146920859016153,-0.09435998429865226,80
0.45,900,center_of_mass,Delta_p_viable_product,7.500000000000001e-05,0.0015813389615741483,0.00017679907067743615,-0.00025062500000000003,0.0004759375000000003,80
0.45,900,center_of_mass,Delta_H_cond_product,-3.7394726274292425,0.11921772403795469,0.01332894675358387,-3.7678978844116324,-3.715328732783024,80
0.45,900,center_of_mass,Delta_H_weighted_product,-3.734524357378715,0.11864460524419058,0.013264870124481909,-3.760470983285493,-3.7058810484032385,80
0.45,900,center_of_mass,Delta_H_recovery_product,-3.7397750297892594,0.12009697597491893,0.01342725010860389,-3.7657416776634767,-3.715927449853631,80
0.45,900,center_of_mass,strict_certified_mass_advantage,1.2499999999999989e-05,0.0015135986960414006,0.00016922547875018067,-0.00037593749999999997,0.0003125,80
0.45,900,center_of_mass,certified_transport_density_advantage,0.02428678678678675,0.02370927810991284,0.0026507778775606418,0.01877971721721719,0.028368368368368323,80
0.45,900,identity_like_diagnostic,Delta_R,0.00024999979833984247,0.0014730040895499228,0.00016468686376844074,-5.0377580662781023e-05,0.0005752309739247307,80
0.45,900,identity_like_diagnostic,Delta_p_viable_product,7.500000000000001e-05,0.0015813389615741483,0.00017679907067743615,-0.0002253125,0.00042562500000000017,80
0.45,900,identity_like_diagnostic,Delta_H_cond_product,0.9829268844333867,0.10152872524183858,0.011351256565482491,0.9617952269442568,1.0089716493328915,80
0.45,900,identity_like_diagnostic,Delta_H_weighted_product,0.9825065828301955,0.10141816708893767,0.011338895788214828,0.9603041946976512,1.0042917100327642,80
0.45,900,identity_like_diagnostic,Delta_H_recovery_product,0.9782935816589386,0.1027142504006481,0.011483802307689209,0.9557705023185487,0.9997088632828538,80
0.45,900,identity_like_diagnostic,strict_certified_mass_advantage,1.2499999999999989e-05,0.0015135986960414006,0.00016922547875018067,-0.000313125,0.00035,80
0.45,900,identity_like_diagnostic,certified_transport_density_advantage,0.0,0.0,0.0,0.0,0.0,80
0.45,900,joint_basin,Delta_R,-2.269298758976811,0.0829121976194985,0.009269865502054744,-2.2900873915742213,-2.2523025503716756,80
0.45,900,joint_basin,Delta_p_viable_product,7.500000000000001e-05,0.0015813389615741483,0.00017679907067743615,-0.000313125,0.0004253125000000001,80
0.45,900,joint_basin,Delta_H_cond_product,-5.742951817011017,0.12426386429120329,0.013893122385096962,-5.7678465469555,-5.7116513050557565,80
0.45,900,joint_basin,Delta_H_weighted_product,-5.735712697355195,0.12368922813073768,0.013828876109240435,-5.7626843440524125,-5.706920238778562,80
0.45,900,joint_basin,Delta_H_recovery_product,-5.74727300423409,0.12508208031568507,0.013984601717648008,-5.779412482744419,-5.7207149790483935,80
0.45,900,joint_basin,strict_certified_mass_advantage,1.2499999999999989e-05,0.0015135986960414006,0.00016922547875018067,-0.000326875,0.0003628125000000001,80
0.45,900,joint_basin,certified_transport_density_advantage,0.15670670670670664,0.011730913500452878,0.001311556001259132,0.15405280280280273,0.15928741241241237,80
0.45,900,random_kappa_matched,Delta_R,0.06696853387420383,0.04674309373702356,0.005226036753731468,0.05730824215998612,0.07751272690923527,80
0.45,900,random_kappa_matched,Delta_p_viable_product,7.500000000000001e-05,0.0015813389615741483,0.00017679907067743615,-0.00023781250000000001,0.0004003125000000001,80
0.45,900,random_kappa_matched,Delta_H_cond_product,-1.5045269094908822,0.1072062270587056,0.011986020565727153,-1.5252996783326218,-1.4821279802905136,80
0.45,900,random_kappa_matched,Delta_H_weighted_product,-1.5021210200195767,0.10658056753081384,0.011916069703970331,-1.5285418574615748,-1.4837007130957023,80
0.45,900,random_kappa_matched,Delta_H_recovery_product,-1.5093342604045472,0.10826631650340005,0.012104542168755492,-1.5320967414976954,-1.488860607164584,80
0.45,900,random_kappa_matched,strict_certified_mass_advantage,1.2499999999999989e-05,0.0015135986960414006,0.00016922547875018067,-0.00027593750000000003,0.0003375,80
0.45,900,random_kappa_matched,certified_transport_density_advantage,-0.0026901901901901773,0.0059457146015515555,0.0006647511011941177,-0.0038541666666666507,-0.0014630255255255287,80
0.45,900,relative_distance,Delta_R,0.28983859739815065,0.06857190277728105,0.007666571797825352,0.27613515554206,0.3069515320601208,80
0.45,900,relative_distance,Delta_p_viable_product,7.500000000000001e-05,0.0015813389615741483,0.00017679907067743615,-0.0003003125,0.00035031250000000015,80
0.45,900,relative_distance,Delta_H_cond_product,-0.6803295194802572,0.1006745240150584,0.01125575396500528,-0.701242080798166,-0.6544777579256623,80
0.45,900,relative_distance,Delta_H_weighted_product,-0.6788579904059672,0.10036140276953864,0.011220745945496203,-0.7020633090946568,-0.6588168668661424,80
0.45,900,relative_distance,Delta_H_recovery_product,-0.6831459915772247,0.10170038677663291,0.011370448908528596,-0.7051722108055809,-0.6632810967311561,80
0.45,900,relative_distance,strict_certified_mass_advantage,1.2499999999999989e-05,0.0015135986960414006,0.00016922547875018067,-0.000288125,0.00033843750000000025,80
0.45,900,relative_distance,certified_transport_density_advantage,-0.0024774774774774713,0.003220952679899285,0.00036011345722824605,-0.0031165540540540482,-0.001889076576576578,80
0.45,1500,all_one_diagnostic,Delta_R,1.8205847116377502e-05,0.002187682250954384,0.0002445903113151878,-0.00048759087466876806,0.0005247205022415279,80
0.45,1500,all_one_diagnostic,Delta_p_viable_product,7.500000000000001e-05,0.0015813389615741483,0.00017679907067743615,-0.0002253125,0.000375,80
0.45,1500,all_one_diagnostic,Delta_H_cond_product,-11.595010615391299,0.1295245043148733,0.014481279820001075,-11.622700655085147,-11.570684148770574,80
0.45,1500,all_one_diagnostic,Delta_H_weighted_product,-11.580921806040136,0.12721812139151895,0.014223418370062824,-11.606760981122434,-11.553046899887455,80
0.45,1500,all_one_diagnostic,Delta_H_recovery_product,-11.600245804684175,0.13052897642085678,0.014593583215525148,-11.633660807285903,-11.576327268140856,80
0.45,1500,all_one_diagnostic,strict_certified_mass_advantage,1.2499999999999989e-05,0.0015135986960414006,0.00016922547875018067,-0.0002634375,0.0003256250000000002,80
0.45,1500,all_one_diagnostic,certified_transport_density_advantage,0.0,0.0,0.0,0.0,0.0,80
0.45,1500,basin_transition_profile,Delta_R,-2.3871633388329485,0.06717233137039393,0.00751009495756712,-2.401762255369925,-2.3714682113515195,80
0.45,1500,basin_transition_profile,Delta_p_viable_product,7.500000000000001e-05,0.0015813389615741483,0.00017679907067743615,-0.00021250000000000002,0.00041312500000000013,80
0.45,1500,basin_transition_profile,Delta_H_cond_product,-8.458398015433719,0.14822694147059917,0.01657227586125712,-8.485518542179006,-8.428776375831534,80
0.45,1500,basin_transition_profile,Delta_H_weighted_product,-8.44787385050787,0.14672739893716452,0.01640462190926151,-8.47395628892634,-8.423259454660162,80
0.45,1500,basin_transition_profile,Delta_H_recovery_product,-8.463020854768214,0.14905337139989164,0.016664673536284032,-8.500139009721373,-8.427508965853148,80
0.45,1500,basin_transition_profile,strict_certified_mass_advantage,1.2499999999999989e-05,0.0015135986960414006,0.00016922547875018067,-0.0003375,0.00035031250000000015,80
0.45,1500,basin_transition_profile,certified_transport_density_advantage,0.15121371371371367,0.009472717738825083,0.0010590820397840491,0.14899587087087082,0.15324418168168163,80
0.45,1500,boundary_v2_regime_sequence,Delta_R,2.017151153094824,0.08858418948428057,0.009904013470928669,1.9979206460835763,2.0367033373033956,80
0.45,1500,boundary_v2_regime_sequence,Delta_p_viable_product,7.500000000000001e-05,0.0015813389615741483,0.00017679907067743615,-0.00025031250000000005,0.0003753125000000001,80
0.45,1500,boundary_v2_regime_sequence,Delta_H_cond_product,-10.13579637310597,0.13262306914774008,0.014827709899950095,-10.162916053818314,-10.105688224610459,80
0.45,1500,boundary_v2_regime_sequence,Delta_H_weighted_product,-10.12336322564075,0.1306318756672732,0.014605087701016177,-10.148991957599053,-10.09295597209268,80
0.45,1500,boundary_v2_regime_sequence,Delta_H_recovery_product,-10.135903326824078,0.13345351684006884,0.014920556774540343,-10.169433969083398,-10.108120194129693,80
0.45,1500,boundary_v2_regime_sequence,strict_certified_mass_advantage,1.2499999999999989e-05,0.0015135986960414006,0.00016922547875018067,-0.0003253125,0.0003506250000000001,80
0.45,1500,boundary_v2_regime_sequence,certified_transport_density_advantage,-0.26838088088088086,0.013122200850319735,0.0014671066557860235,-0.27079798548548545,-0.26591466466466457,80
0.45,1500,center_of_mass,Delta_R,-0.29953733235582336,0.09258833655811993,0.010351690723379253,-0.32094047732889336,-0.27867120836226933,80
0.45,1500,center_of_mass,Delta_p_viable_product,7.500000000000001e-05,0.0015813389615741483,0.00017679907067743615,-0.000263125,0.00043781250000000005,80
0.45,1500,center_of_mass,Delta_H_cond_product,-4.724982413867273,0.15140258276881813,0.016927323352005783,-4.758393112330317,-4.691211902046564,80
0.45,1500,center_of_mass,Delta_H_weighted_product,-4.71870725192501,0.1513263860485435,0.016918804299695955,-4.749513508169576,-4.689993505837414,80
0.45,1500,center_of_mass,Delta_H_recovery_product,-4.725459155370501,0.151699134265934,0.016960478817324806,-4.7567904036154065,-4.690291150358857,80
0.45,1500,center_of_mass,strict_certified_mass_advantage,1.2499999999999989e-05,0.0015135986960414006,0.00016922547875018067,-0.0002628125,0.0003631250000000001,80
0.45,1500,center_of_mass,certified_transport_density_advantage,0.053265765765765714,0.018618805104702527,0.0020816456936967468,0.049498248248248194,0.05697291041041037,80
0.45,1500,identity_like_diagnostic,Delta_R,0.0,0.0,0.0,0.0,0.0,80
0.45,1500,identity_like_diagnostic,Delta_p_viable_product,7.500000000000001e-05,0.0015813389615741483,0.00017679907067743615,-0.0002878125,0.0004003125000000001,80
0.45,1500,identity_like_diagnostic,Delta_H_cond_product,-1.6308691395954504,0.12959613222526256,0.014489288063836907,-1.6558391536277384,-1.6033472018991526,80
0.45,1500,identity_like_diagnostic,Delta_H_weighted_product,-1.6281129248579274,0.12842561381022014,0.014358420126589399,-1.6519204998248862,-1.6034461176306876,80
0.45,1500,identity_like_diagnostic,Delta_H_recovery_product,-1.634461520022087,0.1305289764208568,0.01459358321552515,-1.6613329079564496,-1.605671106254508,80
0.45,1500,identity_like_diagnostic,strict_certified_mass_advantage,1.2499999999999989e-05,0.0015135986960414006,0.00016922547875018067,-0.0003250000000000001,0.00032531250000000013,80
0.45,1500,identity_like_diagnostic,certified_transport_density_advantage,0.0,0.0,0.0,0.0,0.0,80
0.45,1500,joint_basin,Delta_R,-4.2474695031381104,0.09455844285196253,0.010571955303175866,-4.269273372634386,-4.2268084709526335,80
0.45,1500,joint_basin,Delta_p_viable_product,7.500000000000001e-05,0.0015813389615741483,0.00017679907067743615,-0.00023749999999999995,0.0004128125000000001,80
0.45,1500,joint_basin,Delta_H_cond_product,-6.317311272219347,0.15247105441773032,0.01704678211395573,-6.349779404265274,-6.288085085144441,80
0.45,1500,joint_basin,Delta_H_weighted_product,-6.309218821117763,0.15178261075245666,0.01696981177224418,-6.343244242116341,-6.280334484554456,80
0.45,1500,joint_basin,Delta_H_recovery_product,-6.320004354230249,0.1528848501184869,0.017093045879740174,-6.3516474418201705,-6.287090184357171,80
0.45,1500,joint_basin,strict_certified_mass_advantage,1.2499999999999989e-05,0.0015135986960414006,0.00016922547875018067,-0.0003375,0.0003125,80
0.45,1500,joint_basin,certified_transport_density_advantage,0.5667917917917917,0.017390419859157707,0.0019443080481169476,0.5634087212212212,0.5706587837837839,80
0.45,1500,random_kappa_matched,Delta_R,-0.04496111019219683,0.027599097921331896,0.003085672953488563,-0.05055302998063221,-0.03962204564358291,80
0.45,1500,random_kappa_matched,Delta_p_viable_product,7.500000000000001e-05,0.0015813389615741483,0.00017679907067743615,-0.0003003125,0.0003753125000000001,80
0.45,1500,random_kappa_matched,Delta_H_cond_product,-3.8336421865544628,0.13125401449509194,0.014674644936538415,-3.8638970290074033,-3.800085048542101,80
0.45,1500,random_kappa_matched,Delta_H_weighted_product,-3.8283784851612417,0.12937192953538315,0.014464221441071476,-3.856876646366459,-3.796679899735117,80
0.45,1500,random_kappa_matched,Delta_H_recovery_product,-3.8384110302958403,0.1324631717806475,0.014809832830837984,-3.8652668447868654,-3.8106481468631737,80
0.45,1500,random_kappa_matched,strict_certified_mass_advantage,1.2499999999999989e-05,0.0015135986960414006,0.00016922547875018067,-0.0003253125,0.0003503125000000001,80
0.45,1500,random_kappa_matched,certified_transport_density_advantage,0.0012512512512512437,0.003986543447456561,0.00044570910718846153,0.0004119744744744764,0.0021405780780780525,80
0.45,1500,relative_distance,Delta_R,0.1102040141025101,0.03826723518227324,0.004278406958926726,0.10190942422322055,0.11776992744771637,80
0.45,1500,relative_distance,Delta_p_viable_product,7.500000000000001e-05,0.0015813389615741483,0.00017679907067743615,-0.00025,0.00043750000000000006,80
0.45,1500,relative_distance,Delta_H_cond_product,-1.9640160795375146,0.1286099702228236,0.014379031800122868,-1.9886400292114261,-1.9384350856814148,80
0.45,1500,relative_distance,Delta_H_weighted_product,-1.9608797746037232,0.1277703588907377,0.014285160399461707,-1.9874165670274277,-1.935458855159797,80
0.45,1500,relative_distance,Delta_H_recovery_product,-1.967228369767883,0.12943113305181023,0.014470840595433373,-1.996593658581836,-1.9409956579172412,80
0.45,1500,relative_distance,strict_certified_mass_advantage,1.2499999999999989e-05,0.0015135986960414006,0.00016922547875018067,-0.0003378125,0.0003375,80
0.45,1500,relative_distance,certified_transport_density_advantage,1.2522535092207577e-18,0.00035614017365603727,3.981768189067395e-05,-7.50750750750675e-05,8.75875875875825e-05,80
0.45,2400,all_one_diagnostic,Delta_R,1.8205847116377502e-05,0.002187682250954384,0.0002445903113151878,-0.00043444886869172834,0.0004695716556216388,80
0.45,2400,all_one_diagnostic,Delta_p_viable_product,7.500000000000001e-05,0.0015813389615741483,0.00017679907067743615,-0.0002128125,0.0003875,80
0.45,2400,all_one_diagnostic,Delta_H_cond_product,-14.491095482111987,0.13382077621276234,0.014961617620676172,-14.517683742750666,-14.458352402677903,80
0.45,2400,all_one_diagnostic,Delta_H_weighted_product,-14.473497632847332,0.13154175946368446,0.014706815802036236,-14.500424296866584,-14.446808313853762,80
0.45,2400,all_one_diagnostic,Delta_H_recovery_product,-14.49481331208382,0.13448521848297446,0.015035904524842101,-14.522190186903465,-14.463901216451994,80
0.45,2400,all_one_diagnostic,strict_certified_mass_advantage,1.2499999999999989e-05,0.0015135986960414006,0.00016922547875018067,-0.00032500000000000004,0.00036343750000000026,80
0.45,2400,all_one_diagnostic,certified_transport_density_advantage,0.0,0.0,0.0,0.0,0.0,80
0.45,2400,basin_transition_profile,Delta_R,-2.687621998424637,0.07162818560516476,0.008008274605906016,-2.7030050226740663,-2.672710257378389,80
0.45,2400,basin_transition_profile,Delta_p_viable_product,7.500000000000001e-05,0.0015813389615741483,0.00017679907067743615,-0.0002375,0.0003753125000000001,80
0.45,2400,basin_transition_profile,Delta_H_cond_product,-11.09115181311273,0.15719784601339168,0.017575253480124405,-11.12799102199299,-11.055032142982594,80
0.45,2400,basin_transition_profile,Delta_H_weighted_product,-11.0774112846972,0.1558498864826233,0.017424547023038563,-11.10939308313054,-11.039970049548995,80
0.45,2400,basin_transition_profile,Delta_H_recovery_product,-11.094023723062351,0.15775522307256487,0.017637570129794913,-11.126899631641052,-11.061667392380192,80
0.45,2400,basin_transition_profile,strict_certified_mass_advantage,1.2499999999999989e-05,0.0015135986960414006,0.00016922547875018067,-0.00026250000000000004,0.00032500000000000004,80
0.45,2400,basin_transition_profile,certified_transport_density_advantage,0.21574074074074073,0.011496186049769326,0.0012853126744634495,0.21341310060060054,0.21843280780780774,80
0.45,2400,boundary_v2_regime_sequence,Delta_R,3.4504705075824575,0.11138293129420093,0.012452990295351095,3.4221690424551827,3.479487377029198,80
0.45,2400,boundary_v2_regime_sequence,Delta_p_viable_product,7.500000000000001e-05,0.0015813389615741483,0.00017679907067743615,-0.0002625,0.00040093750000000025,80
0.45,2400,boundary_v2_regime_sequence,Delta_H_cond_product,-13.030702917318536,0.1396712691673083,0.01561572261808859,-13.058818759017061,-13.004766786617555,80
0.45,2400,boundary_v2_regime_sequence,Delta_H_weighted_product,-13.014761661657516,0.13771360666657392,0.015396849296656375,-13.048088811232915,-12.980253420007747,80
0.45,2400,boundary_v2_regime_sequence,Delta_H_recovery_product,-13.029293443433295,0.1402123025135876,0.015676211985107324,-13.064535432162582,-12.99548607098697,80
0.45,2400,boundary_v2_regime_sequence,strict_certified_mass_advantage,1.2499999999999989e-05,0.0015135986960414006,0.00016922547875018067,-0.00032531249999999997,0.00043781250000000016,80
0.45,2400,boundary_v2_regime_sequence,certified_transport_density_advantage,-0.5303553553553553,0.01740849817075886,0.0019463292647998775,-0.5344751001001,-0.5263038038038039,80
0.45,2400,center_of_mass,Delta_R,-0.5799840431577648,0.0848891522484967,0.009490895748998387,-0.5974279486663298,-0.5631820433388797,80
0.45,2400,center_of_mass,Delta_p_viable_product,7.500000000000001e-05,0.0015813389615741483,0.00017679907067743615,-0.000250625,0.0003875,80
0.45,2400,center_of_mass,Delta_H_cond_product,-5.8493628761183025,0.1375472903594102,0.015378254568227135,-5.877787705999039,-5.8214736978404416,80
0.45,2400,center_of_mass,Delta_H_weighted_product,-5.841591844837858,0.13718299435929793,0.015337525037218018,-5.868092613033033,-5.811931989305731,80
0.45,2400,center_of_mass,Delta_H_recovery_product,-5.850041556688245,0.13796214676023788,0.015424636923884714,-5.8808363690644905,-5.821057202178491,80
0.45,2400,center_of_mass,strict_certified_mass_advantage,1.2499999999999989e-05,0.0015135986960414006,0.00016922547875018067,-0.00027562499999999994,0.0003625,80
0.45,2400,center_of_mass,certified_transport_density_advantage,0.025613113113113067,0.0071222581126025265,0.00079629266465393,0.02417386136136132,0.026890327827827777,80
0.45,2400,identity_like_diagnostic,Delta_R,0.0,0.0,0.0,0.0,0.0,80
0.45,2400,identity_like_diagnostic,Delta_p_viable_product,7.500000000000001e-05,0.0015813389615741483,0.00017679907067743615,-0.00025031250000000005,0.0004128125000000001,80
0.45,2400,identity_like_diagnostic,Delta_H_cond_product,-4.526954006316141,0.1338210967209774,0.014961653454583982,-4.5545621905284195,-4.494555691053771,80
0.45,2400,identity_like_diagnostic,Delta_H_weighted_product,-4.520688751665124,0.13219362695999815,0.014779696803740236,-4.544482048137483,-4.49940494770195,80
0.45,2400,identity_like_diagnostic,Delta_H_recovery_product,-4.529029027421734,0.13448521848297454,0.01503590452484211,-4.563255767479346,-4.498280577546213,80
0.45,2400,identity_like_diagnostic,strict_certified_mass_advantage,1.2499999999999989e-05,0.0015135986960414006,0.00016922547875018067,-0.000275625,0.0003378125000000001,80
0.45,2400,identity_like_diagnostic,certified_transport_density_advantage,0.0,0.0,0.0,0.0,0.0,80
0.45,2400,joint_basin,Delta_R,-5.927574311839974,0.11226518457986051,0.012551629211356463,-5.946625479851268,-5.902976725353173,80
0.45,2400,joint_basin,Delta_p_viable_product,7.500000000000001e-05,0.0015813389615741483,0.00017679907067743615,-0.000225625,0.0004253125000000001,80
0.45,2400,joint_basin,Delta_H_cond_product,-7.513865852590362,0.17836918709151225,0.01994228137139997,-7.552162026302564,-7.477046676114199,80
0.45,2400,joint_basin,Delta_H_weighted_product,-7.504197272482244,0.17800901040045836,0.019902012393144597,-7.54100616696584,-7.464542902406251,80
0.45,2400,joint_basin,Delta_H_recovery_product,-7.513725066508002,0.17860368200166368,0.019968498699373786,-7.549689033090286,-7.477202914840016,80
0.45,2400,joint_basin,strict_certified_mass_advantage,1.2499999999999989e-05,0.0015135986960414006,0.00016922547875018067,-0.00027562499999999994,0.000275,80
0.45,2400,joint_basin,certified_transport_density_advantage,0.8035410410410411,0.014530120822468802,0.0016245168940162698,0.8007867242242244,0.8064189189189189,80
0.45,2400,random_kappa_matched,Delta_R,-5.814801119957622e-05,0.028773152604696994,0.0032169362575538807,-0.006416600221506001,0.006956552121024765,80
0.45,2400,random_kappa_matched,Delta_p_viable_product,7.500000000000001e-05,0.0015813389615741483,0.00017679907067743615,-0.0002503125,0.00041312500000000013,80
0.45,2400,random_kappa_matched,Delta_H_cond_product,-6.713419481720424,0.13163665936775437,0.014717425933864162,-6.746650600717533,-6.68696456799613,80
0.45,2400,random_kappa_matched,Delta_H_weighted_product,-6.70466649914095,0.12994259911543507,0.014528024239755842,-6.732914691867367,-6.675051427163752,80
0.45,2400,random_kappa_matched,Delta_H_recovery_product,-6.716803673525476,0.13224297823548545,0.014785214444078532,-6.747749516156526,-6.688068197972979,80
0.45,2400,random_kappa_matched,strict_certified_mass_advantage,1.2499999999999989e-05,0.0015135986960414006,0.00016922547875018067,-0.0002875,0.00035062500000000013,80
0.45,2400,random_kappa_matched,certified_transport_density_advantage,0.0005755755755755763,0.004192104184796856,0.0004686914962983555,-0.0002630755755755677,0.0014405030030029981,80
0.45,2400,relative_distance,Delta_R,0.00698778137856442,0.006607758803497797,0.0007387698931771874,0.005617657648419619,0.00818374968199644,80
0.45,2400,relative_distance,Delta_p_viable_product,7.500000000000001e-05,0.0015813389615741483,0.00017679907067743615,-0.0002628125,0.00043781250000000016,80
0.45,2400,relative_distance,Delta_H_cond_product,-4.54144819291516,0.13385081801176682,0.014964976395913192,-4.568788089509755,-4.515909434667919,80
0.45,2400,relative_distance,Delta_H_weighted_product,-4.535167548696671,0.13214016915533477,0.014773720039482475,-4.562116105933009,-4.50791300434426,80
0.45,2400,relative_distance,Delta_H_recovery_product,-4.543507824453281,0.13452548404546769,0.015040406351586457,-4.569045401748472,-4.5086573309660025,80
0.45,2400,relative_distance,strict_certified_mass_advantage,1.2499999999999989e-05,0.0015135986960414006,0.00016922547875018067,-0.000275625,0.0003509375000000002,80
0.45,2400,relative_distance,certified_transport_density_advantage,0.0,0.0,0.0,0.0,0.0,80
0.45,3600,all_one_diagnostic,Delta_R,1.8205847116377502e-05,0.002187682250954384,0.0002445903113151878,-0.0004521654428374193,0.0005422617554952622,80
0.45,3600,all_one_diagnostic,Delta_p_viable_product,7.500000000000001e-05,0.0015813389615741483,0.00017679907067743615,-0.0002625,0.0003884375000000002,80
0.45,3600,all_one_diagnostic,Delta_H_cond_product,-16.945816116083396,0.12300649189801546,0.013752543877886984,-16.972746615441007,-16.917342627395076,80
0.45,3600,all_one_diagnostic,Delta_H_weighted_product,-16.925248344789072,0.12121283070139521,0.01355200645967466,-16.95170709144649,-16.89616634778099,80
0.45,3600,all_one_diagnostic,Delta_H_recovery_product,-16.948456627855016,0.12337083799779613,0.01379327901020931,-16.97630233798275,-16.920708543644317,80
0.45,3600,all_one_diagnostic,strict_certified_mass_advantage,1.2499999999999989e-05,0.0015135986960414006,0.00016922547875018067,-0.00035000000000000005,0.0003128125000000001,80
0.45,3600,all_one_diagnostic,certified_transport_density_advantage,0.0,0.0,0.0,0.0,0.0,80
0.45,3600,basin_transition_profile,Delta_R,-2.8681117793994857,0.08109476639807134,0.009066670514277664,-2.8838362357899947,-2.849746414972018,80
0.45,3600,basin_transition_profile,Delta_p_viable_product,7.500000000000001e-05,0.0015813389615741483,0.00017679907067743615,-0.00031281250000000005,0.0003753125000000001,80
0.45,3600,basin_transition_profile,Delta_H_cond_product,-13.371397504189506,0.14681711338619288,0.01641465228959108,-13.402693534058812,-13.342343870124733,80
0.45,3600,basin_transition_profile,Delta_H_weighted_product,-13.35488739382556,0.14636198547987933,0.01636376744274237,-13.386747499864034,-13.327044416674761,80
0.45,3600,basin_transition_profile,Delta_H_recovery_product,-13.373614049206415,0.146779688197036,0.0164104680262398,-13.405794446850512,-13.344892404992741,80
0.45,3600,basin_transition_profile,strict_certified_mass_advantage,1.2499999999999989e-05,0.0015135986960414006,0.00016922547875018067,-0.00028781250000000004,0.00035031250000000015,80
0.45,3600,basin_transition_profile,certified_transport_density_advantage,0.246534034034034,0.014047636412062097,0.0015705734970286047,0.24352446196196195,0.24992930430430424,80
0.45,3600,boundary_v2_regime_sequence,Delta_R,4.940520602481472,0.12739946734504792,0.01424369346403959,4.9093431671991485,4.965841076085889,80
0.45,3600,boundary_v2_regime_sequence,Delta_p_viable_product,7.500000000000001e-05,0.0015813389615741483,0.00017679907067743615,-0.0002009375,0.00042500000000000003,80
0.45,3600,boundary_v2_regime_sequence,Delta_H_cond_product,-15.482473340154247,0.1298869376539629,0.014521801099176904,-15.515758532972917,-15.45676820271057,80
0.45,3600,boundary_v2_regime_sequence,Delta_H_weighted_product,-15.46356528448344,0.12854673175444772,0.014371961524418796,-15.486534938672419,-15.435050646552297,80
0.45,3600,boundary_v2_regime_sequence,Delta_H_recovery_product,-15.479989670088676,0.1297468435351409,0.01450613810053021,-15.507297261692376,-15.451709127302575,80
0.45,3600,boundary_v2_regime_sequence,strict_certified_mass_advantage,1.2499999999999989e-05,0.0015135986960414006,0.00016922547875018067,-0.0003128125,0.0003253125000000001,80
0.45,3600,boundary_v2_regime_sequence,certified_transport_density_advantage,-0.759471971971972,0.01848377365439406,0.0020665487185972413,-0.7636405155155155,-0.7551657907907907,80
0.45,3600,center_of_mass,Delta_R,-0.5139425261509929,0.061867276298989825,0.006916971769365142,-0.5265507042811894,-0.4986412653352573,80
0.45,3600,center_of_mass,Delta_p_viable_product,7.500000000000001e-05,0.0015813389615741483,0.00017679907067743615,-0.000250625,0.00042500000000000003,80
0.45,3600,center_of_mass,Delta_H_cond_product,-7.297982269766933,0.12008664169624017,0.013426094701122684,-7.316560713589395,-7.268438820136683,80
0.45,3600,center_of_mass,Delta_H_weighted_product,-7.288389963177181,0.1188710864206672,0.0132901914897932,-7.315919937450256,-7.264724730867837,80
0.45,3600,center_of_mass,Delta_H_recovery_product,-7.2986478427632475,0.12042924583465507,0.013464399008266107,-7.320452434949973,-7.27310918656069,80
0.45,3600,center_of_mass,strict_certified_mass_advantage,1.2499999999999989e-05,0.0015135986960414006,0.00016922547875018067,-0.0004125,0.00030000000000000003,80
0.45,3600,center_of_mass,certified_transport_density_advantage,0.0033283283283282823,0.002234194222901788,0.0002497905078672857,0.0028647397397396947,0.003754066566566525,80
0.45,3600,identity_like_diagnostic,Delta_R,0.0,0.0,0.0,0.0,0.0,80
0.45,3600,identity_like_diagnostic,Delta_p_viable_product,7.500000000000001e-05,0.0015813389615741483,0.00017679907067743615,-0.0002878125,0.00042500000000000003,80
0.45,3600,identity_like_diagnostic,Delta_H_cond_product,-6.981674640287548,0.12308748354801498,0.013761599019637425,-7.003087067890916,-6.9494394422367245,80
0.45,3600,identity_like_diagnostic,Delta_H_weighted_product,-6.972439463606864,0.1225898521395993,0.013705962136789603,-6.997776209100534,-6.946609826377453,80
0.45,3600,identity_like_diagnostic,Delta_H_recovery_product,-6.982672343192931,0.12337083799779613,0.01379327901020931,-7.00776947105204,-6.9570609759836906,80
0.45,3600,identity_like_diagnostic,strict_certified_mass_advantage,1.2499999999999989e-05,0.0015135986960414006,0.00016922547875018067,-0.00032625,0.00032500000000000004,80
0.45,3600,identity_like_diagnostic,certified_transport_density_advantage,0.0,0.0,0.0,0.0,0.0,80
0.45,3600,joint_basin,Delta_R,-6.654240031401348,0.12362938793856351,0.01382218577236603,-6.6790422237946885,-6.627704894198494,80
0.45,3600,joint_basin,Delta_p_viable_product,7.500000000000001e-05,0.0015813389615741483,0.00017679907067743615,-0.000263125,0.00045031250000000014,80
0.45,3600,joint_basin,Delta_H_cond_product,-9.239668325343334,0.1690300500583094,0.018898134108528603,-9.271299219071288,-9.200252856817373,80
0.45,3600,joint_basin,Delta_H_weighted_product,-9.227858859618522,0.16871382233951224,0.0188627787747486,-9.261212682279133,-9.193475477864242,80
0.45,3600,joint_basin,Delta_H_recovery_product,-9.238635980827798,0.16914287745654114,0.018910748595137136,-9.274421506043359,-9.206399405752562,80
0.45,3600,joint_basin,strict_certified_mass_advantage,1.2499999999999989e-05,0.0015135986960414006,0.00016922547875018067,-0.0003253125,0.0003628125000000002,80
0.45,3600,joint_basin,certified_transport_density_advantage,0.8646771771771773,0.013104887748803777,0.0014651709921914716,0.8617486236236235,0.8673548548548549,80
0.45,3600,random_kappa_matched,Delta_R,-0.0004705356353090984,0.02241678016374692,0.0025062722141403486,-0.005094569095937644,0.004024365410628727,80
0.45,3600,random_kappa_matched,Delta_p_viable_product,7.500000000000001e-05,0.0015813389615741483,0.00017679907067743615,-0.00027499999999999996,0.00038781250000000014,80
0.45,3600,random_kappa_matched,Delta_H_cond_product,-9.16962222529501,0.12128969351289794,0.013560599983247752,-9.194520629516013,-9.141850770335344,80
0.45,3600,random_kappa_matched,Delta_H_weighted_product,-9.15789651313784,0.1202816936667189,0.013447902174379469,-9.188019750911414,-9.132490292937701,80
0.45,3600,random_kappa_matched,Delta_H_recovery_product,-9.172077017339292,0.12169041432385143,0.013605401931912295,-9.198337652068114,-9.142015049014274,80
0.45,3600,random_kappa_matched,strict_certified_mass_advantage,1.2499999999999989e-05,0.0015135986960414006,0.00016922547875018067,-0.00030000000000000003,0.0003506250000000002,80
0.45,3600,random_kappa_matched,certified_transport_density_advantage,-6.256256256255988e-05,0.0038500836514717657,0.0004304524381875738,-0.0007141516516516386,0.0007632632632632501,80
0.45,3600,relative_distance,Delta_R,-5.025050115290502e-05,0.0008413848740619422,9.406968868213012e-05,-0.00022598249568001963,9.992670651613687e-05,80
0.45,3600,relative_distance,Delta_p_viable_product,7.500000000000001e-05,0.0015813389615741483,0.00017679907067743615,-0.00023750000000000003,0.00040062500000000016,80
0.45,3600,relative_distance,Delta_H_cond_product,-6.981824715412773,0.12305776916704743,0.013758276850849786,-7.008603613862864,-6.957787973156421,80
0.45,3600,relative_distance,Delta_H_weighted_product,-6.972589463606863,0.12254266279102308,0.013700686207228084,-7.000286514526269,-6.948459248166958,80
0.45,3600,relative_distance,Delta_H_recovery_product,-6.982822343192931,0.12334358675008486,0.013790232228091604,-7.009151444305016,-6.956325931476797,80
0.45,3600,relative_distance,strict_certified_mass_advantage,1.2499999999999989e-05,0.0015135986960414006,0.00016922547875018067,-0.0003140625,0.0003625,80
0.45,3600,relative_distance,certified_transport_density_advantage,0.0,0.0,0.0,0.0,0.0,80
0.5,900,all_one_diagnostic,Delta_R,-7.224290504927755e-05,0.0022869951973647456,0.00025569383627615594,-0.0005794429432786583,0.00041658253770115105,80
0.5,900,all_one_diagnostic,Delta_p_viable_product,1.25e-05,0.0016108316116257024,0.00018009644919503054,-0.000375,0.0003378125000000001,80
0.5,900,all_one_diagnostic,Delta_H_cond_product,-8.980588964883072,0.10138420993360313,0.0113350992628323,-9.001616697777633,-8.959577999471133,80
0.5,900,all_one_diagnostic,Delta_H_weighted_product,-8.969677298352014,0.09963322467296137,0.011139333159312544,-8.990913399637956,-8.95179451769673,80
0.5,900,all_one_diagnostic,Delta_H_recovery_product,-8.98686570300315,0.10269864782658637,0.011482057886877908,-9.004735075565986,-8.967394726790465,80
0.5,900,all_one_diagnostic,strict_certified_mass_advantage,-5e-05,0.0015823392393397918,0.00017691090513145417,-0.0004125,0.0003259375000000002,80
0.5,900,all_one_diagnostic,certified_transport_density_advantage,0.0,0.0,0.0,0.0,0.0,80
0.5,900,basin_transition_profile,Delta_R,-1.8474172174884522,0.06387800702097998,0.007141778298306004,-1.8600008227226819,-1.8335423835536016,80
0.5,900,basin_transition_profile,Delta_p_viable_product,1.25e-05,0.0016108316116257024,0.00018009644919503054,-0.0004,0.0003881250000000001,80
0.5,900,basin_transition_profile,Delta_H_cond_product,-6.334391589585121,0.11819283874245125,0.013214361094089586,-6.3589721029151685,-6.305006398439956,80
0.5,900,basin_transition_profile,Delta_H_weighted_product,-6.326649315269732,0.1156414350088232,0.012929105484767634,-6.352155159836154,-6.306214673878722,80
0.5,900,basin_transition_profile,Delta_H_recovery_product,-6.340585648206904,0.11984536836205682,0.013399119522303084,-6.365183633082186,-6.3180100124704,80
0.5,900,basin_transition_profile,strict_certified_mass_advantage,-5e-05,0.0015823392393397918,0.00017691090513145417,-0.0004003125,0.00031281250000000016,80
0.5,900,basin_transition_profile,certified_transport_density_advantage,0.07797797797797791,0.008015290463467238,0.0008961367167859269,0.0762249749749749,0.07980543043043035,80
0.5,900,boundary_v2_regime_sequence,Delta_R,1.1187699792911334,0.0698906905339881,0.007814016751419923,1.1003372357973082,1.1337122399397792,80
0.5,900,boundary_v2_regime_sequence,Delta_p_viable_product,1.25e-05,0.0016108316116257024,0.00018009644919503054,-0.0003125,0.00033749999999999996,80
0.5,900,boundary_v2_regime_sequence,Delta_H_cond_product,-7.625127800694969,0.10679953785880138,0.01194055133089211,-7.649418844760706,-7.6018356848287025,80
0.5,900,boundary_v2_regime_sequence,Delta_H_weighted_product,-7.615840082394627,0.10546708248553625,0.011791578291311826,-7.642115922033956,-7.592608456493041,80
0.5,900,boundary_v2_regime_sequence,Delta_H_recovery_product,-7.6261124896866335,0.1084923490449146,0.01212981337515317,-7.651421678469965,-7.602470393590616,80
0.5,900,boundary_v2_regime_sequence,strict_certified_mass_advantage,-5e-05,0.0015823392393397918,0.00017691090513145417,-0.0004259375,0.0003003125000000001,80
0.5,900,boundary_v2_regime_sequence,certified_transport_density_advantage,-0.09796046046046042,0.008726151956529123,0.0009756134478395954,-0.09977508758758755,-0.09564502002001998,80
0.5,900,center_of_mass,Delta_R,-0.12100251673517318,0.08611610184978567,0.009628072884670807,-0.1381230701808823,-0.10260491000638641,80
0.5,900,center_of_mass,Delta_p_viable_product,1.25e-05,0.0016108316116257024,0.00018009644919503054,-0.0002753125,0.0003375,80
0.5,900,center_of_mass,Delta_H_cond_product,-3.728536393165615,0.11932522575949281,0.013340965811436744,-3.7551296495023094,-3.703444034576886,80
0.5,900,center_of_mass,Delta_H_weighted_product,-3.723917350995479,0.1174979461963247,0.013136669745579744,-3.7490183333563913,-3.7016896117149085,80
0.5,900,center_of_mass,Delta_H_recovery_product,-3.728453015719823,0.12104960352979843,0.013533757107101389,-3.752678348606042,-3.700934986029146,80
0.5,900,center_of_mass,strict_certified_mass_advantage,-5e-05,0.0015823392393397918,0.00017691090513145417,-0.0004,0.0003378125000000001,80
0.5,900,center_of_mass,certified_transport_density_advantage,0.027439939939939907,0.02624523233729856,0.0029343061795737632,0.02113863863863862,0.035151401401401376,80
0.5,900,identity_like_diagnostic,Delta_R,0.00012492452190763454,0.001288158566884414,0.00014402050606761294,-0.00017552991453837798,0.0004013613247179965,80
0.5,900,identity_like_diagnostic,Delta_p_viable_product,1.25e-05,0.0016108316116257024,0.00018009644919503054,-0.000338125,0.00033812500000000016,80
0.5,900,identity_like_diagnostic,Delta_H_cond_product,0.9829615109576529,0.10098683472673972,0.01129067136407632,0.9623751110733929,1.000685919148984,80
0.5,900,identity_like_diagnostic,Delta_H_weighted_product,0.9819188327890724,0.09824238252458072,0.010983832279824994,0.9609943811780751,1.0012874388825974,80
0.5,900,identity_like_diagnostic,Delta_H_recovery_product,0.9784185816589386,0.10255889375553309,0.011466432906727534,0.9565252713539654,1.0002172559232878,80
0.5,900,identity_like_diagnostic,strict_certified_mass_advantage,-5e-05,0.0015823392393397918,0.00017691090513145417,-0.000375625,0.00026250000000000004,80
0.5,900,identity_like_diagnostic,certified_transport_density_advantage,0.0,0.0,0.0,0.0,0.0,80
0.5,900,joint_basin,Delta_R,-2.6130892346931596,0.08398384024181343,0.00938967878960886,-2.629853355528151,-2.592503904194495,80
0.5,900,joint_basin,Delta_p_viable_product,1.25e-05,0.0016108316116257024,0.00018009644919503054,-0.00036250000000000003,0.0003128125000000001,80
0.5,900,joint_basin,Delta_H_cond_product,-5.399251790046835,0.12572294020895863,0.014056252031918655,-5.427569235340343,-5.374128740912951,80
0.5,900,joint_basin,Delta_H_weighted_product,-5.392632267102011,0.1231755236864159,0.013771442206348072,-5.426370342213645,-5.365265653364823,80
0.5,900,joint_basin,Delta_H_recovery_product,-5.404040659908085,0.12743644115373043,0.014247827261519647,-5.430556325030224,-5.377206720638242,80
0.5,900,joint_basin,strict_certified_mass_advantage,-5e-05,0.0015823392393397918,0.00017691090513145417,-0.00036281250000000007,0.0003128125000000001,80
0.5,900,joint_basin,certified_transport_density_advantage,0.19461961961961957,0.014971257773118911,0.0016738375044683003,0.19150056306306304,0.1980399149149149,80
0.5,900,random_kappa_matched,Delta_R,0.06572773995205398,0.05496036420005797,0.006144755520973773,0.054260941294383455,0.07706386345314889,80
0.5,900,random_kappa_matched,Delta_p_viable_product,1.25e-05,0.0016108316116257024,0.00018009644919503054,-0.0003128125,0.0003875,80
0.5,900,random_kappa_matched,Delta_H_cond_product,-1.5033765643208976,0.10417984522451378,0.011647660790370981,-1.5275084088545592,-1.484814924183372,80
0.5,900,random_kappa_matched,Delta_H_weighted_product,-1.5014340426525972,0.10095923189745953,0.01128758527394423,-1.527577881405957,-1.4801465421497106,80
0.5,900,random_kappa_matched,Delta_H_recovery_product,-1.5083985454232924,0.10609638898305619,0.011861936896668672,-1.530330977655721,-1.4845944618861002,80
0.5,900,random_kappa_matched,strict_certified_mass_advantage,-5e-05,0.0015823392393397918,0.00017691090513145417,-0.0004253125,0.00027562500000000015,80
0.5,900,random_kappa_matched,certified_transport_density_advantage,-0.002364864864864857,0.006142243653043912,0.000686723717128641,-0.003566066066066047,-0.0009759759759759825,80
0.5,900,relative_distance,Delta_R,0.32374975797978356,0.06702749816861554,0.00749390211333835,0.3090377852226532,0.3388729228186307,80
0.5,900,relative_distance,Delta_p_viable_product,1.25e-05,0.0016108316116257024,0.00018009644919503054,-0.0002759374999999999,0.0003125,80
0.5,900,relative_distance,Delta_H_cond_product,-0.7143311288140557,0.10992114741402381,0.012289557889126623,-0.7379946668372278,-0.689346046066113,80
0.5,900,relative_distance,Delta_H_weighted_product,-0.7133161319563308,0.10926734408908893,0.012216460455203134,-0.7364400572979742,-0.6848960446469246,80
0.5,900,relative_distance,Delta_H_recovery_product,-0.7169008191802425,0.11095364726265139,0.012404994881541098,-0.7408786299643132,-0.693715184373663,80
0.5,900,relative_distance,strict_certified_mass_advantage,-5e-05,0.0015823392393397918,0.00017691090513145417,-0.000425625,0.0003128125000000001,80
0.5,900,relative_distance,certified_transport_density_advantage,-0.0029654654654654423,0.0033727950495486443,0.000377089950248277,-0.003917354854854823,-0.002264451951951938,80
0.5,1500,all_one_diagnostic,Delta_R,-7.224290504927755e-05,0.0022869951973647456,0.00025569383627615594,-0.0005781973176755241,0.00041683697274323234,80
0.5,1500,all_one_diagnostic,Delta_p_viable_product,1.25e-05,0.0016108316116257024,0.00018009644919503054,-0.00035,0.0003128125000000001,80
0.5,1500,all_one_diagnostic,Delta_H_cond_product,-11.595010615391299,0.1295245043148733,0.014481279820001075,-11.622012543749978,-11.565855593063874,80
0.5,1500,all_one_diagnostic,Delta_H_weighted_product,-11.580921806040138,0.12721812139151895,0.014223418370062824,-11.608302998991014,-11.55411975970747,80
0.5,1500,all_one_diagnostic,Delta_H_recovery_product,-11.600245804684175,0.13052897642085678,0.014593583215525148,-11.631810400868897,-11.574580180017827,80
0.5,1500,all_one_diagnostic,strict_certified_mass_advantage,-5e-05,0.0015823392393397918,0.00017691090513145417,-0.0004,0.00027593750000000025,80
0.5,1500,all_one_diagnostic,certified_transport_density_advantage,0.0,0.0,0.0,0.0,0.0,80
0.5,1500,basin_transition_profile,Delta_R,-2.4930348123665245,0.06834040246675767,0.007640689276268223,-2.5059993716888296,-2.4804807451705804,80
0.5,1500,basin_transition_profile,Delta_p_viable_product,1.25e-05,0.0016108316116257024,0.00018009644919503054,-0.00036281250000000007,0.00035031250000000015,80
0.5,1500,basin_transition_profile,Delta_H_cond_product,-8.35261699065231,0.15021945116786567,0.01679504521770289,-8.384367362204957,-8.320099379597504,80
0.5,1500,basin_transition_profile,Delta_H_weighted_product,-8.342414302462071,0.14720999522004166,0.01645857781397161,-8.372321286049944,-8.313202147292136,80
0.5,1500,basin_transition_profile,Delta_H_recovery_product,-8.356732113976516,0.15153363376527432,0.016941975298835538,-8.391880233897693,-8.32411224253241,80
0.5,1500,basin_transition_profile,strict_certified_mass_advantage,-5e-05,0.0015823392393397918,0.00017691090513145417,-0.00041312499999999997,0.00030062500000000017,80
0.5,1500,basin_transition_profile,certified_transport_density_advantage,0.16727977977977973,0.00947224909152104,0.0010590296434225834,0.1652774649649649,0.16920701951951944,80
0.5,1500,boundary_v2_regime_sequence,Delta_R,2.1191989273690117,0.08706150591405962,0.009733772272366863,2.0994307564019365,2.1371651282958997,80
0.5,1500,boundary_v2_regime_sequence,Delta_p_viable_product,1.25e-05,0.0016108316116257024,0.00018009644919503054,-0.000363125,0.00035,80
0.5,1500,boundary_v2_regime_sequence,Delta_H_cond_product,-10.237934596132323,0.1319486896328851,0.014752311978057644,-10.262485566172275,-10.211301491573245,80
0.5,1500,boundary_v2_regime_sequence,Delta_H_weighted_product,-10.225471169563992,0.13003315537685595,0.014538148737572108,-10.253170980826857,-10.197676347391575,80
0.5,1500,boundary_v2_regime_sequence,Delta_H_recovery_product,-10.237879170848899,0.13348254963317233,0.014923802739488146,-10.272446674754322,-10.2106717316086,80
0.5,1500,boundary_v2_regime_sequence,strict_certified_mass_advantage,-5e-05,0.0015823392393397918,0.00017691090513145417,-0.00042625,0.00033812500000000016,80
0.5,1500,boundary_v2_regime_sequence,certified_transport_density_advantage,-0.2671296296296296,0.014379195345856625,0.0016076429127542006,-0.26980167667667665,-0.26393080580580575,80
0.5,1500,center_of_mass,Delta_R,-0.31733914644527916,0.09940722327590801,0.011114065434971482,-0.33964864930434324,-0.2981451861033469,80
0.5,1500,center_of_mass,Delta_p_viable_product,1.25e-05,0.0016108316116257024,0.00018009644919503054,-0.0003753125,0.0003881250000000001,80
0.5,1500,center_of_mass,Delta_H_cond_product,-4.707271048529982,0.1466616940057403,0.016397275874605436,-4.736369457850596,-4.680983517817952,80
0.5,1500,center_of_mass,Delta_H_weighted_product,-4.701444219279562,0.14411232593100662,0.01611224785886682,-4.731791965871014,-4.671735896644731,80
0.5,1500,center_of_mass,Delta_H_recovery_product,-4.7075300644026,0.1480376340614642,0.01655111064948361,-4.738095902058737,-4.6757678219065735,80
0.5,1500,center_of_mass,strict_certified_mass_advantage,-5e-05,0.0015823392393397918,0.00017691090513145417,-0.0004874999999999999,0.00027562500000000015,80
0.5,1500,center_of_mass,certified_transport_density_advantage,0.05580580580580576,0.017370369599660172,0.0019420663609567975,0.052183746246246235,0.05967717717717714,80
0.5,1500,identity_like_diagnostic,Delta_R,0.0,0.0,0.0,0.0,0.0,80
0.5,1500,identity_like_diagnostic,Delta_p_viable_product,1.25e-05,0.0016108316116257024,0.00018009644919503054,-0.0002503125,0.00033812500000000016,80
0.5,1500,identity_like_diagnostic,Delta_H_cond_product,-1.6309595883476162,0.12929609237540418,0.0144557425888248,-1.6590389746074505,-1.6040807576444056,80
0.5,1500,identity_like_diagnostic,Delta_H_weighted_product,-1.6288256748990506,0.12605297853297484,0.014093151438302672,-1.6598096248044225,-1.6027582893230885,80
0.5,1500,identity_like_diagnostic,Delta_H_recovery_product,-1.634461520022087,0.1305289764208568,0.01459358321552515,-1.6589425285241195,-1.601750463045592,80
0.5,1500,identity_like_diagnostic,strict_certified_mass_advantage,-5e-05,0.0015823392393397918,0.00017691090513145417,-0.0003628125,0.00026281250000000013,80
0.5,1500,identity_like_diagnostic,certified_transport_density_advantage,0.0,0.0,0.0,0.0,0.0,80
0.5,1500,joint_basin,Delta_R,-4.593779913930703,0.1025122654855971,0.011461219707665029,-4.617029863754224,-4.572575553216026,80
0.5,1500,joint_basin,Delta_p_viable_product,1.25e-05,0.0016108316116257024,0.00018009644919503054,-0.0003753125,0.00041343750000000023,80
0.5,1500,joint_basin,Delta_H_cond_product,-5.9710913101789185,0.15975143408894601,0.01786075330629802,-6.01417458442036,-5.934655504080029,80
0.5,1500,joint_basin,Delta_H_weighted_product,-5.963744450145576,0.1565468647680809,0.017502471564294787,-5.996073312631666,-5.9325953293589375,80
0.5,1500,joint_basin,Delta_H_recovery_product,-5.974002982608778,0.16096981530675922,0.01799697246757499,-6.0034012621250685,-5.942599482512691,80
0.5,1500,joint_basin,strict_certified_mass_advantage,-5e-05,0.0015823392393397918,0.00017691090513145417,-0.00036281250000000007,0.00026250000000000004,80
0.5,1500,joint_basin,certified_transport_density_advantage,0.642505005005005,0.018745118418179805,0.0020957679514666686,0.6384118493493494,0.6468355855855856,80
0.5,1500,random_kappa_matched,Delta_R,-0.04167121105983861,0.02814004280484491,0.003146152430069353,-0.04717043283306997,-0.035852179942497245,80
0.5,1500,random_kappa_matched,Delta_p_viable_product,1.25e-05,0.0016108316116257024,0.00018009644919503054,-0.00031249999999999995,0.000325,80
0.5,1500,random_kappa_matched,Delta_H_cond_product,-3.8370225344389866,0.1341217210608566,0.014995264277567028,-3.870554724111529,-3.8108166832108066,80
0.5,1500,random_kappa_matched,Delta_H_weighted_product,-3.8322413787746057,0.13097282068977056,0.014643206513360893,-3.861710472615283,-3.8045345744011305,80
0.5,1500,random_kappa_matched,Delta_H_recovery_product,-3.841922652147929,0.13513459332565425,0.015108506839397613,-3.86870271407591,-3.808878350665156,80
0.5,1500,random_kappa_matched,strict_certified_mass_advantage,-5e-05,0.0015823392393397918,0.00017691090513145417,-0.0003253125,0.0002509375000000003,80
0.5,1500,random_kappa_matched,certified_transport_density_advantage,0.00106356356356354,0.004071053731499565,0.0004551576441843602,3.722472472471943e-05,0.0019031531531531237,80
0.5,1500,relative_distance,Delta_R,0.12758633793826604,0.03340298877418578,0.0037345676775370888,0.12039909126629672,0.1351874482989557,80
0.5,1500,relative_distance,Delta_p_viable_product,1.25e-05,0.0016108316116257024,0.00018009644919503054,-0.0004128125,0.00042562500000000017,80
0.5,1500,relative_distance,Delta_H_cond_product,-1.9814888521254364,0.13760269320526883,0.015384448794701475,-2.008943032507246,-1.9548622341372979,80
0.5,1500,relative_distance,Delta_H_weighted_product,-1.9789268615789457,0.1352412672855542,0.01512043335068588,-2.009706811321203,-1.9497751725221821,80
0.5,1500,relative_distance,Delta_H_recovery_product,-1.9845877067019828,0.1386177215132207,0.015497932409484824,-2.0167970196660914,-1.9590144552392827,80
0.5,1500,relative_distance,strict_certified_mass_advantage,-5e-05,0.0015823392393397918,0.00017691090513145417,-0.000400625,0.00037562500000000014,80
0.5,1500,relative_distance,certified_transport_density_advantage,-6.256256256255625e-05,0.00046006225678500674,5.143652400266194e-05,-0.00015015015015013873,2.502502502502632e-05,80
0.5,2400,all_one_diagnostic,Delta_R,-7.224290504927755e-05,0.0022869951973647456,0.00025569383627615594,-0.0005614166209502346,0.0003797847363214347,80
0.5,2400,all_one_diagnostic,Delta_p_viable_product,1.25e-05,0.0016108316116257024,0.00018009644919503054,-0.0003253125,0.000375,80
0.5,2400,all_one_diagnostic,Delta_H_cond_product,-14.49109548211199,0.13382077621276234,0.014961617620676172,-14.517807469724628,-14.45997092540627,80
0.5,2400,all_one_diagnostic,Delta_H_weighted_product,-14.473497632847335,0.13154175946368446,0.014706815802036236,-14.502787250294201,-14.445488415546897,80
0.5,2400,all_one_diagnostic,Delta_H_recovery_product,-14.49481331208382,0.13448521848297448,0.015035904524842103,-14.520691917131758,-14.463519749697788,80
0.5,2400,all_one_diagnostic,strict_certified_mass_advantage,-5e-05,0.0015823392393397918,0.00017691090513145417,-0.000400625,0.00030093750000000026,80
0.5,2400,all_one_diagnostic,certified_transport_density_advantage,0.0,0.0,0.0,0.0,0.0,80
0.5,2400,basin_transition_profile,Delta_R,-2.684701519890767,0.07550564320517696,0.008441787544581037,-2.7037714263883315,-2.6702279164575433,80
0.5,2400,basin_transition_profile,Delta_p_viable_product,1.25e-05,0.0016108316116257024,0.00018009644919503054,-0.00035062499999999997,0.00045031250000000014,80
0.5,2400,basin_transition_profile,Delta_H_cond_product,-11.094162740398765,0.14250446374255168,0.015932483401274983,-11.124315806131724,-11.066232093292113,80
0.5,2400,basin_transition_profile,Delta_H_weighted_product,-11.080641081186858,0.13950533933310105,0.015597171098649457,-11.109237909028908,-11.05185871851793,80
0.5,2400,basin_transition_profile,Delta_H_recovery_product,-11.096529862124203,0.1434392836679761,0.016036999446273494,-11.128666936536582,-11.066735764850607,80
0.5,2400,basin_transition_profile,strict_certified_mass_advantage,-5e-05,0.0015823392393397918,0.00017691090513145417,-0.0004,0.0003125,80
0.5,2400,basin_transition_profile,certified_transport_density_advantage,0.21072322322322323,0.012712751373860734,0.0014213288126503222,0.20726664164164163,0.2132911036036036,80
0.5,2400,boundary_v2_regime_sequence,Delta_R,3.551621537381501,0.10799190501965779,0.012073862032182778,3.5315251578549036,3.5741927609794892,80
0.5,2400,boundary_v2_regime_sequence,Delta_p_viable_product,1.25e-05,0.0016108316116257024,0.00018009644919503054,-0.00030000000000000003,0.00036312500000000017,80
0.5,2400,boundary_v2_regime_sequence,Delta_H_cond_product,-13.131944395869747,0.1341533888329109,0.014998804842117497,-13.167514277146948,-13.10167998923109,80
0.5,2400,boundary_v2_regime_sequence,Delta_H_weighted_product,-13.115974469626076,0.13218835032043755,0.014779106857502722,-13.142938217233374,-13.087434670102624,80
0.5,2400,boundary_v2_regime_sequence,Delta_H_recovery_product,-13.130374151503437,0.1358045733024337,0.015183412877979743,-13.156551054450592,-13.102973337806551,80
0.5,2400,boundary_v2_regime_sequence,strict_certified_mass_advantage,-5e-05,0.0015823392393397918,0.00017691090513145417,-0.00041312499999999997,0.00027531250000000006,80
0.5,2400,boundary_v2_regime_sequence,certified_transport_density_advantage,-0.5289414414414415,0.01776185964818379,0.0019858362790074724,-0.5325084459459459,-0.5255874624624625,80
0.5,2400,center_of_mass,Delta_R,-0.5957380195189274,0.10472896895298309,0.011709054689616758,-0.6205304185026598,-0.5739449485554906,80
0.5,2400,center_of_mass,Delta_p_viable_product,1.25e-05,0.0016108316116257024,0.00018009644919503054,-0.0003003125,0.0003378125000000001,80
0.5,2400,center_of_mass,Delta_H_cond_product,-5.833699348509305,0.14347336898817853,0.016040810300923868,-5.861967522942347,-5.804842178243515,80
0.5,2400,center_of_mass,Delta_H_weighted_product,-5.82648660609063,0.14004557188079975,0.015657570933665065,-5.859275798246641,-5.798433663983892,80
0.5,2400,center_of_mass,Delta_H_recovery_product,-5.834189131806118,0.14455636924434095,0.016161893410545313,-5.866026606317343,-5.805011175115299,80
0.5,2400,center_of_mass,strict_certified_mass_advantage,-5e-05,0.0015823392393397918,0.00017691090513145417,-0.0004125,0.0002753125000000001,80
0.5,2400,center_of_mass,certified_transport_density_advantage,0.025825825825825773,0.006948658950525065,0.0007768836882918196,0.02428647397397392,0.027190628128128072,80
0.5,2400,identity_like_diagnostic,Delta_R,0.0,0.0,0.0,0.0,0.0,80
0.5,2400,identity_like_diagnostic,Delta_p_viable_product,1.25e-05,0.0016108316116257024,0.00018009644919503054,-0.000338125,0.00038750000000000004,80
0.5,2400,identity_like_diagnostic,Delta_H_cond_product,-4.5270444550683075,0.133457285744158,0.014920978150827543,-4.553649315735479,-4.498682050593496,80
0.5,2400,identity_like_diagnostic,Delta_H_weighted_product,-4.521401501706246,0.12927500876139408,0.014453385369117902,-4.54977144860815,-4.490900722531517,80
0.5,2400,identity_like_diagnostic,Delta_H_recovery_product,-4.529029027421734,0.13448521848297454,0.01503590452484211,-4.560031414015033,-4.501973060604958,80
0.5,2400,identity_like_diagnostic,strict_certified_mass_advantage,-5e-05,0.0015823392393397918,0.00017691090513145417,-0.000375,0.00026250000000000004,80
0.5,2400,identity_like_diagnostic,certified_transport_density_advantage,0.0,0.0,0.0,0.0,0.0,80
0.5,2400,joint_basin,Delta_R,-5.959911450686507,0.11337282132502845,0.01267546676418507,-5.986553366002132,-5.9401230974497725,80
0.5,2400,joint_basin,Delta_p_viable_product,1.25e-05,0.0016108316116257024,0.00018009644919503054,-0.0003375,0.00035031250000000015,80
0.5,2400,joint_basin,Delta_H_cond_product,-7.481619162495997,0.15879849561516293,0.01775421154601033,-7.517936404292244,-7.449935037448811,80
0.5,2400,joint_basin,Delta_H_weighted_product,-7.472427592006187,0.15658295878629788,0.017506506998210502,-7.498325312484858,-7.440075748937659,80
0.5,2400,joint_basin,Delta_H_recovery_product,-7.480950741436982,0.1597771789807046,0.0178636316727003,-7.523650072741406,-7.446604602469686,80
0.5,2400,joint_basin,strict_certified_mass_advantage,-5e-05,0.0015823392393397918,0.00017691090513145417,-0.0004509375,0.0002753125000000001,80
0.5,2400,joint_basin,certified_transport_density_advantage,0.8024024024024025,0.016747375697749284,0.0018724135252447683,0.7989226726726727,0.8052561936936936,80
0.5,2400,random_kappa_matched,Delta_R,0.0018560071959365539,0.0258515262697809,0.002890288503067583,-0.0040212463986518164,0.007930061176960174,80
0.5,2400,random_kappa_matched,Delta_p_viable_product,1.25e-05,0.0016108316116257024,0.00018009644919503054,-0.00036250000000000003,0.0004125,80
0.5,2400,random_kappa_matched,Delta_H_cond_product,-6.715424085679724,0.13498802845985727,0.015092120389245855,-6.744515222423943,-6.686362551748215,80
0.5,2400,random_kappa_matched,Delta_H_weighted_product,-6.707157049184926,0.13069905400480655,0.014612598467483178,-6.7324158847551825,-6.683647496774915,80
0.5,2400,random_kappa_matched,Delta_H_recovery_product,-6.718974641815725,0.13584967007282786,0.015188454850188094,-6.750365731334833,-6.686331789764896,80
0.5,2400,random_kappa_matched,strict_certified_mass_advantage,-5e-05,0.0015823392393397918,0.00017691090513145417,-0.0004253125,0.0003128125000000001,80
0.5,2400,random_kappa_matched,certified_transport_density_advantage,0.00040040040040039885,0.004028006767060262,0.00045034484724879536,-0.000463901401401402,0.001190252752752755,80
0.5,2400,relative_distance,Delta_R,0.009562457741476951,0.007431458980914358,0.0008308623726662908,0.008159864260174909,0.01097000785282125,80
0.5,2400,relative_distance,Delta_p_viable_product,1.25e-05,0.0016108316116257024,0.00018009644919503054,-0.0003137499999999999,0.000375,80
0.5,2400,relative_distance,Delta_H_cond_product,-4.544113318030239,0.13425939297256473,0.015010656465225614,-4.5688414715672225,-4.513364682350078,80
0.5,2400,relative_distance,Delta_H_weighted_product,-4.538449170925348,0.13007989962971767,0.014543374903919921,-4.5664295357133,-4.510586716557537,80
0.5,2400,relative_distance,Delta_H_recovery_product,-4.546076696640836,0.13529366782840294,0.015126291909479265,-4.575772373263237,-4.515314524374225,80
0.5,2400,relative_distance,strict_certified_mass_advantage,-5e-05,0.0015823392393397918,0.00017691090513145417,-0.000400625,0.0002881250000000002,80
0.5,2400,relative_distance,certified_transport_density_advantage,0.0,0.0,0.0,0.0,0.0,80
0.5,3600,all_one_diagnostic,Delta_R,-7.224290504927755e-05,0.0022869951973647456,0.00025569383627615594,-0.0005243589504440892,0.00041539822468141327,80
0.5,3600,all_one_diagnostic,Delta_p_viable_product,1.25e-05,0.0016108316116257024,0.00018009644919503054,-0.00036281250000000007,0.0003131250000000002,80
0.5,3600,all_one_diagnostic,Delta_H_cond_product,-16.9458161160834,0.12300649189801545,0.013752543877886983,-16.96889115786404,-16.920196045422916,80
0.5,3600,all_one_diagnostic,Delta_H_weighted_product,-16.925248344789072,0.12121283070139521,0.01355200645967466,-16.9469884575204,-16.901005583414165,80
0.5,3600,all_one_diagnostic,Delta_H_recovery_product,-16.948456627855016,0.12337083799779613,0.01379327901020931,-16.97238562619197,-16.921537853266504,80
0.5,3600,all_one_diagnostic,strict_certified_mass_advantage,-5e-05,0.0015823392393397918,0.00017691090513145417,-0.00038750000000000004,0.00031343750000000024,80
0.5,3600,all_one_diagnostic,certified_transport_density_advantage,0.0,0.0,0.0,0.0,0.0,80
0.5,3600,basin_transition_profile,Delta_R,-2.8273962051967003,0.07200242489561637,0.00805011583057107,-2.8412014776273047,-2.812286265392608,80
0.5,3600,basin_transition_profile,Delta_p_viable_product,1.25e-05,0.0016108316116257024,0.00018009644919503054,-0.00031343749999999997,0.0003875,80
0.5,3600,basin_transition_profile,Delta_H_cond_product,-13.41220352714446,0.12936072274629754,0.014462968483961228,-13.436475623906388,-13.381879036926904,80
0.5,3600,basin_transition_profile,Delta_H_weighted_product,-13.395870192049497,0.12615861065732892,0.014104961468835844,-13.424058306046339,-13.367748869198941,80
0.5,3600,basin_transition_profile,Delta_H_recovery_product,-13.41417768343453,0.1298221432976394,0.014514556869912019,-13.442389170065892,-13.382242440863156,80
0.5,3600,basin_transition_profile,strict_certified_mass_advantage,-5e-05,0.0015823392393397918,0.00017691090513145417,-0.0004253125,0.00022500000000000002,80
0.5,3600,basin_transition_profile,certified_transport_density_advantage,0.23095595595595592,0.011597244191594797,0.001296611318203528,0.22846221221221222,0.2333508508508508,80
0.5,3600,boundary_v2_regime_sequence,Delta_R,5.0405441710967285,0.12148941772929812,0.013582929829478937,5.013968393580486,5.068154844534777,80
0.5,3600,boundary_v2_regime_sequence,Delta_p_viable_product,1.25e-05,0.0016108316116257024,0.00018009644919503054,-0.00035062499999999997,0.0003625,80
0.5,3600,boundary_v2_regime_sequence,Delta_H_cond_product,-15.58258735752167,0.12779937282605036,0.0142884042560444,-15.611075243214787,-15.558159079187392,80
0.5,3600,boundary_v2_regime_sequence,Delta_H_weighted_product,-15.563652377293717,0.12651585159711748,0.0141449022201215,-15.58855742036194,-15.535152477999938,80
0.5,3600,boundary_v2_regime_sequence,Delta_H_recovery_product,-15.579943760940058,0.1292014725545392,0.014445163771251152,-15.607661729012959,-15.550957324192114,80
0.5,3600,boundary_v2_regime_sequence,strict_certified_mass_advantage,-5e-05,0.0015823392393397918,0.00017691090513145417,-0.0004253125000000001,0.0002878125000000001,80
0.5,3600,boundary_v2_regime_sequence,certified_transport_density_advantage,-0.7578578578578579,0.018536813792996033,0.002072478786369742,-0.7624252377377377,-0.7545264014014015,80
0.5,3600,center_of_mass,Delta_R,-0.5264604686441116,0.06984496345228698,0.007808904308265104,-0.5424384150434556,-0.5121516323485512,80
0.5,3600,center_of_mass,Delta_p_viable_product,1.25e-05,0.0016108316116257024,0.00018009644919503054,-0.0003378125,0.0004128125000000001,80
0.5,3600,center_of_mass,Delta_H_cond_product,-7.285554776025981,0.12561338691980675,0.01404400360183354,-7.309283602610913,-7.256236403837416,80
0.5,3600,center_of_mass,Delta_H_weighted_product,-7.276578164424831,0.12223862452880946,0.013666693696124556,-7.305058934915663,-7.250651676000379,80
0.5,3600,center_of_mass,Delta_H_recovery_product,-7.286098293969775,0.12638957882734886,0.01413078449527601,-7.314058483950824,-7.2606169588277565,80
0.5,3600,center_of_mass,strict_certified_mass_advantage,-5e-05,0.0015823392393397918,0.00017691090513145417,-0.0004125,0.00030000000000000003,80
0.5,3600,center_of_mass,certified_transport_density_advantage,0.0033783783783783313,0.002150892060185128,0.00024047704294192574,0.00294012762762758,0.0038541666666666173,80
0.5,3600,identity_like_diagnostic,Delta_R,0.0,0.0,0.0,0.0,0.0,80
0.5,3600,identity_like_diagnostic,Delta_p_viable_product,1.25e-05,0.0016108316116257024,0.00018009644919503054,-0.0003375,0.0003003125000000001,80
0.5,3600,identity_like_diagnostic,Delta_H_cond_product,-6.9817650890397145,0.12260983809205199,0.013708196634203567,-7.002653037467058,-6.954372635745456,80
0.5,3600,identity_like_diagnostic,Delta_H_weighted_product,-6.973152213647987,0.11875350476682282,0.013277045461248057,-6.998795112194032,-6.94762622750252,80
0.5,3600,identity_like_diagnostic,Delta_H_recovery_product,-6.982672343192931,0.12337083799779613,0.01379327901020931,-7.005643741474167,-6.956603889423202,80
0.5,3600,identity_like_diagnostic,strict_certified_mass_advantage,-5e-05,0.0015823392393397918,0.00017691090513145417,-0.00036250000000000003,0.00032593750000000027,80
0.5,3600,identity_like_diagnostic,certified_transport_density_advantage,0.0,0.0,0.0,0.0,0.0,80
0.5,3600,joint_basin,Delta_R,-6.550347414158042,0.11233943723855046,0.012559930910973504,-6.574101443448283,-6.521043620294976,80
0.5,3600,joint_basin,Delta_p_viable_product,1.25e-05,0.0016108316116257024,0.00018009644919503054,-0.00036250000000000003,0.0003375,80
0.5,3600,joint_basin,Delta_H_cond_product,-9.343651391338806,0.15120192684709582,0.016904889337952835,-9.369883139149135,-9.310686532463821,80
0.5,3600,joint_basin,Delta_H_weighted_product,-9.332202620272323,0.14883503209768031,0.016640262460188814,-9.365064484396992,-9.304801477514328,80
0.5,3600,joint_basin,Delta_H_recovery_product,-9.34227221780798,0.15206444576258213,0.017001321884298173,-9.370998437560432,-9.311311287082784,80
0.5,3600,joint_basin,strict_certified_mass_advantage,-5e-05,0.0015823392393397918,0.00017691090513145417,-0.0004125,0.00031312500000000014,80
0.5,3600,joint_basin,certified_transport_density_advantage,0.8545920920920921,0.012893792957656502,0.0014415698770564003,0.8517251626626627,0.8574630880880881,80
0.5,3600,random_kappa_matched,Delta_R,-0.003981771935209501,0.025133302317804244,0.0028099886240831656,-0.00962968844493872,0.0019726032653066476,80
0.5,3600,random_kappa_matched,Delta_p_viable_product,1.25e-05,0.0016108316116257024,0.00018009644919503054,-0.00031343749999999997,0.0004128125000000001,80
0.5,3600,random_kappa_matched,Delta_H_cond_product,-9.16620143774728,0.12405776479161368,0.01387007976053641,-9.191679480070773,-9.14441245214001,80
0.5,3600,random_kappa_matched,Delta_H_weighted_product,-9.15496469462759,0.12049109114667313,0.01347131352435421,-9.184779290118216,-9.13566663882467,80
0.5,3600,random_kappa_matched,Delta_H_recovery_product,-9.168731774876868,0.12450835044260453,0.013920456767801487,-9.198074591677983,-9.133197367097448,80
0.5,3600,random_kappa_matched,strict_certified_mass_advantage,-5e-05,0.0015823392393397918,0.00017691090513145417,-0.00036375,0.0003012500000000003,80
0.5,3600,random_kappa_matched,certified_transport_density_advantage,-0.00033783783783783135,0.00414392851901354,0.00046330529312071526,-0.0011398898898898762,0.000577139639639642,80
0.5,3600,relative_distance,Delta_R,7.492477432296919e-05,0.0009258548121614109,0.00010351371486441068,-0.0001002762986404618,0.0002752523277285261,80
0.5,3600,relative_distance,Delta_p_viable_product,1.25e-05,0.0016108316116257024,0.00018009644919503054,-0.00035062499999999997,0.00033843750000000025,80
0.5,3600,relative_distance,Delta_H_cond_product,-6.982040339440415,0.12254969223253127,0.013701472122680894,-7.007166776211756,-6.960623682188188,80
0.5,3600,relative_distance,Delta_H_weighted_product,-6.973427213647987,0.11869697626659702,0.013270725382789506,-6.9981906145653525,-6.948439094538591,80
0.5,3600,relative_distance,Delta_H_recovery_product,-6.982947343192933,0.12331061853461692,0.013786546269547445,-7.007616840022736,-6.953795653663183,80
0.5,3600,relative_distance,strict_certified_mass_advantage,-5e-05,0.0015823392393397918,0.00017691090513145417,-0.0004253125,0.0003140625000000004,80
0.5,3600,relative_distance,certified_transport_density_advantage,0.0,0.0,0.0,0.0,0.0,80
0.525,900,all_one_diagnostic,Delta_R,0.0002529781800906238,0.002308108547294057,0.00025805438055989,-0.00030797199933477697,0.0007591392000968187,80
0.525,900,all_one_diagnostic,Delta_p_viable_product,0.00023750000000000003,0.0014341561272986825,0.00016034352954938478,-8.781249999999999e-05,0.0005,80
0.525,900,all_one_diagnostic,Delta_H_cond_product,-8.980588964883072,0.10138420993360313,0.0113350992628323,-8.999302577046592,-8.959980655241703,80
0.525,900,all_one_diagnostic,Delta_H_weighted_product,-8.969677298352014,0.09963322467296137,0.011139333159312544,-8.993496283523186,-8.951184478355126,80
0.525,900,all_one_diagnostic,Delta_H_recovery_product,-8.98686570300315,0.10269864782658637,0.011482057886877908,-9.008226956101591,-8.965031051748138,80
0.525,900,all_one_diagnostic,strict_certified_mass_advantage,0.00017500000000000003,0.0015972682375809048,0.00017858001787660936,-0.0001378125,0.0005000000000000001,80
0.525,900,all_one_diagnostic,certified_transport_density_advantage,0.0,0.0,0.0,0.0,0.0,80
0.525,900,basin_transition_profile,Delta_R,-1.917213277239533,0.061155439924399875,0.006837386043243136,-1.9305096938421888,-1.9042877803258635,80
0.525,900,basin_transition_profile,Delta_p_viable_product,0.00023750000000000003,0.0014341561272986825,0.00016034352954938478,-5e-05,0.0005503125,80
0.525,900,basin_transition_profile,Delta_H_cond_product,-6.2642703087489,0.10191935708456044,0.011394930533207595,-6.284043067959834,-6.243073111279309,80
0.525,900,basin_transition_profile,Delta_H_weighted_product,-6.256008970840102,0.10095785647765561,0.01128743149733527,-6.282143122651825,-6.234424057797749,80
0.525,900,basin_transition_profile,Delta_H_recovery_product,-6.270668571554866,0.10261815977500577,0.01147305904914237,-6.295497961365179,-6.249463704144507,80
0.525,900,basin_transition_profile,strict_certified_mass_advantage,0.00017500000000000003,0.0015972682375809048,0.00017858001787660936,-0.0001384375,0.0005506250000000002,80
0.525,900,basin_transition_profile,certified_transport_density_advantage,0.08363363363363356,0.007517679571672922,0.0008405021277661077,0.08220689439439431,0.08547610110110103,80
0.525,900,boundary_v2_regime_sequence,Delta_R,1.1561873063287522,0.06976324499817099,0.007799767907344126,1.1409212917413956,1.1693131006978033,80
0.525,900,boundary_v2_regime_sequence,Delta_p_viable_product,0.00023750000000000003,0.0014341561272986825,0.00016034352954938478,-3.781250000000002e-05,0.0005250000000000001,80
0.525,900,boundary_v2_regime_sequence,Delta_H_cond_product,-7.662219906647448,0.11112051663512754,0.012423651444552068,-7.685627590739848,-7.637377012947287,80
0.525,900,boundary_v2_regime_sequence,Delta_H_weighted_product,-7.652593143008109,0.10950673741881616,0.012243225443134638,-7.675605559114742,-7.630981742689083,80
0.525,900,boundary_v2_regime_sequence,Delta_H_recovery_product,-7.664017458697924,0.11261183613891472,0.012590386033884038,-7.682417485672325,-7.642033298657447,80
0.525,900,boundary_v2_regime_sequence,strict_certified_mass_advantage,0.00017500000000000003,0.0015972682375809048,0.00017858001787660936,-0.00013749999999999998,0.0005128125,80
0.525,900,boundary_v2_regime_sequence,certified_transport_density_advantage,-0.0983358358358358,0.008800689572320015,0.0009839470066290552,-0.10020270270270265,-0.09640828328328326,80
0.525,900,center_of_mass,Delta_R,-0.13073249245869506,0.09578836833319801,0.010709465152340948,-0.1518335013917029,-0.11002850272533617,80
0.525,900,center_of_mass,Delta_p_viable_product,0.00023750000000000003,0.0014341561272986825,0.00016034352954938478,-1.3124999999999997e-05,0.0005503125,80
0.525,900,center_of_mass,Delta_H_cond_product,-3.7184811963569544,0.12503346775847785,0.013979166668524235,-3.7409082728704575,-3.696028648901508,80
0.525,900,center_of_mass,Delta_H_weighted_product,-3.712702376579931,0.1233071806701643,0.013786161904616772,-3.743432013975419,-3.686185410062919,80
0.525,900,center_of_mass,Delta_H_recovery_product,-3.7197837259739863,0.12677665854771783,0.01417406132364884,-3.7471333513759717,-3.694089913289152,80
0.525,900,center_of_mass,strict_certified_mass_advantage,0.00017500000000000003,0.0015972682375809048,0.00017858001787660936,-0.00013843750000000002,0.0005128125000000002,80
0.525,900,center_of_mass,certified_transport_density_advantage,0.03113113113113109,0.0295989124621113,0.0033092590162673266,0.025225850850850808,0.03738269519519515,80
0.525,900,identity_like_diagnostic,Delta_R,0.00017512517421611505,0.0015349295573672602,0.00017161034154734284,-0.00020020310092816246,0.0005502353432341897,80
0.525,900,identity_like_diagnostic,Delta_p_viable_product,0.00023750000000000003,0.0014341561272986825,0.00016034352954938478,-6.281249999999998e-05,0.0005378125000000001,80
0.525,900,identity_like_diagnostic,Delta_H_cond_product,0.9832365313904846,0.10140284697331722,0.011337182947217306,0.9603573291735378,1.0046259711515937,80
0.525,900,identity_like_diagnostic,Delta_H_weighted_product,0.9844351267149317,0.09943170555750065,0.011116802637265754,0.9635886841125495,1.0080820922780598,80
0.525,900,identity_like_diagnostic,Delta_H_recovery_product,0.9783685816589385,0.10282292954806355,0.01149595300575709,0.9546018642989818,0.9996647216111367,80
0.525,900,identity_like_diagnostic,strict_certified_mass_advantage,0.00017500000000000003,0.0015972682375809048,0.00017858001787660936,-0.000125,0.0005253125000000002,80
0.525,900,identity_like_diagnostic,certified_transport_density_advantage,0.0,0.0,0.0,0.0,0.0,80
0.525,900,joint_basin,Delta_R,-2.7621897315886854,0.07361144226447763,0.008230009441258651,-2.7780694309201595,-2.7468193613245306,80
0.525,900,joint_basin,Delta_p_viable_product,0.00023750000000000003,0.0014341561272986825,0.00016034352954938478,-5.0312499999999996e-05,0.0005756250000000003,80
0.525,900,joint_basin,Delta_H_cond_product,-5.249826072066169,0.10645528939390535,0.011902063182459236,-5.272323801104942,-5.228590410942953,80
0.525,900,joint_basin,Delta_H_weighted_product,-5.242552345103072,0.10544791528284683,0.011789435332904224,-5.261830206191308,-5.220574724548259,80
0.525,900,joint_basin,Delta_H_recovery_product,-5.255291030632426,0.10725300233865785,0.011991250201009144,-5.280579535073537,-5.232327778584313,80
0.525,900,joint_basin,strict_certified_mass_advantage,0.00017500000000000003,0.0015972682375809048,0.00017858001787660936,-0.00010062499999999999,0.0005253125000000002,80
0.525,900,joint_basin,certified_transport_density_advantage,0.21691691691691686,0.013320213830355546,0.0014892451799753926,0.21374593343343343,0.21959584584584582,80
0.525,900,random_kappa_matched,Delta_R,0.07627668629454035,0.0504838485427462,0.005644265855369209,0.06570333347741789,0.08731232234190826,80
0.525,900,random_kappa_matched,Delta_p_viable_product,0.00023750000000000003,0.0014341561272986825,0.00016034352954938478,-0.000125625,0.0005625,80
0.525,900,random_kappa_matched,Delta_H_cond_product,-1.5136002895782443,0.11665443295748021,0.013042362098480878,-1.5353196020062247,-1.490367067705776,80
0.525,900,random_kappa_matched,Delta_H_weighted_product,-1.5099750443218005,0.11407881179761127,0.012754398898593188,-1.5330735174636068,-1.485386336695194,80
0.525,900,random_kappa_matched,Delta_H_recovery_product,-1.5183690991564238,0.11805423877205398,0.0131988651463152,-1.5414885168759882,-1.4938068167436964,80
0.525,900,random_kappa_matched,strict_certified_mass_advantage,0.00017500000000000003,0.0015972682375809048,0.00017858001787660936,-0.00017499999999999997,0.0005259375000000001,80
0.525,900,random_kappa_matched,certified_transport_density_advantage,-0.0022897897897897787,0.005974656104116544,0.0006679868595494326,-0.0034437562562562433,-0.0011239364364364355,80
0.525,900,relative_distance,Delta_R,0.3361401288700357,0.07779315179218209,0.008697538779563937,0.3220616674000078,0.3521232986729359,80
0.525,900,relative_distance,Delta_p_viable_product,0.00023750000000000003,0.0014341561272986825,0.00016034352954938478,-1.2812499999999995e-05,0.0005250000000000001,80
0.525,900,relative_distance,Delta_H_cond_product,-0.726396278619168,0.1147585630144173,0.012830397395021512,-0.7510183049552641,-0.7039616143799614,80
0.525,900,relative_distance,Delta_H_weighted_product,-0.7235377264366445,0.11241362064418077,0.012568224867863095,-0.7494150188063717,-0.7013176319179819,80
0.525,900,relative_distance,Delta_H_recovery_product,-0.7296542714926382,0.11633381449498069,0.01300651586463136,-0.7525416060147027,-0.702062773940441,80
0.525,900,relative_distance,strict_certified_mass_advantage,0.00017500000000000003,0.0015972682375809048,0.00017858001787660936,-0.00012531250000000002,0.0005884375000000003,80
0.525,900,relative_distance,certified_transport_density_advantage,-0.0030030030030029787,0.0029454321097518313,0.0003293093210257858,-0.003591091091091062,-0.0024771646646646384,80
0.525,1500,all_one_diagnostic,Delta_R,0.0002529781800906238,0.002308108547294057,0.00025805438055989,-0.00021753599508352603,0.0007403549302407878,80
0.525,1500,all_one_diagnostic,Delta_p_viable_product,0.00023750000000000003,0.0014341561272986825,0.00016034352954938478,0.0,0.0005128125000000002,80
0.525,1500,all_one_diagnostic,Delta_H_cond_product,-11.595010615391299,0.1295245043148733,0.014481279820001075,-11.620737291116487,-11.569746432530303,80
0.525,1500,all_one_diagnostic,Delta_H_weighted_product,-11.580921806040134,0.12721812139151895,0.014223418370062824,-11.60862967056744,-11.556348648350975,80
0.525,1500,all_one_diagnostic,Delta_H_recovery_product,-11.600245804684173,0.13052897642085678,0.014593583215525148,-11.631842093002602,-11.574304574677445,80
0.525,1500,all_one_diagnostic,strict_certified_mass_advantage,0.00017500000000000003,0.0015972682375809048,0.00017858001787660936,-9.999999999999998e-05,0.0005128125000000001,80
0.525,1500,all_one_diagnostic,certified_transport_density_advantage,0.0,0.0,0.0,0.0,0.0,80
0.525,1500,basin_transition_profile,Delta_R,-2.5219415144791677,0.06298391722108818,0.00704181601977864,-2.537230224698378,-2.5086321244615455,80
0.525,1500,basin_transition_profile,Delta_p_viable_product,0.00023750000000000003,0.0014341561272986825,0.00016034352954938478,-5.0312499999999996e-05,0.0005250000000000001,80
0.525,1500,basin_transition_profile,Delta_H_cond_product,-8.323385067454526,0.14155030711448316,0.015825805447197822,-8.353374444442059,-8.29533195138788,80
0.525,1500,basin_transition_profile,Delta_H_weighted_product,-8.312492008771788,0.1394592598031587,0.01559201925058334,-8.344925962226336,-8.278538955421492,80
0.525,1500,basin_transition_profile,Delta_H_recovery_product,-8.327740594729448,0.14252208542321268,0.015934453565066772,-8.360927426385121,-8.295322774081104,80
0.525,1500,basin_transition_profile,strict_certified_mass_advantage,0.00017500000000000003,0.0015972682375809048,0.00017858001787660936,-0.00013781250000000002,0.0005256250000000003,80
0.525,1500,basin_transition_profile,certified_transport_density_advantage,0.17254754754754748,0.008748842692665284,0.0009781503492625938,0.1705702577577577,0.1745498623623623,80
0.525,1500,boundary_v2_regime_sequence,Delta_R,2.1565870377291576,0.09166591265685989,0.010248560596014852,2.140925602796529,2.1730939338614568,80
0.525,1500,boundary_v2_regime_sequence,Delta_p_viable_product,0.00023750000000000003,0.0014341561272986825,0.00016034352954938478,-8.749999999999999e-05,0.000525,80
0.525,1500,boundary_v2_regime_sequence,Delta_H_cond_product,-10.27499748540733,0.14316739642248433,0.016006601528116757,-10.30416087385493,-10.244266615378791,80
0.525,1500,boundary_v2_regime_sequence,Delta_H_weighted_product,-10.262195248278156,0.14113772934559207,0.015779677850335537,-10.289382184246865,-10.234396115093034,80
0.525,1500,boundary_v2_regime_sequence,Delta_H_recovery_product,-10.275755157960877,0.14429433153985544,0.01613259670455043,-10.30408838640783,-10.245462188618266,80
0.525,1500,boundary_v2_regime_sequence,strict_certified_mass_advantage,0.00017500000000000003,0.0015972682375809048,0.00017858001787660936,-0.00017531250000000004,0.0005124999999999999,80
0.525,1500,boundary_v2_regime_sequence,certified_transport_density_advantage,-0.26751751751751746,0.01400994063313684,0.0015663589808215207,-0.27052052052052045,-0.26454986236236233,80
0.525,1500,center_of_mass,Delta_R,-0.3344122722310826,0.10679714031660385,0.011940283277525481,-0.35720627856571424,-0.3102019331829721,80
0.525,1500,center_of_mass,Delta_p_viable_product,0.00023750000000000003,0.0014341561272986825,0.00016034352954938478,-0.00011250000000000001,0.0005628125,80
0.525,1500,center_of_mass,Delta_H_cond_product,-4.68987270165904,0.14844269371158433,0.016596397695114156,-4.7215821790637245,-4.661303153042968,80
0.525,1500,center_of_mass,Delta_H_weighted_product,-4.68252316300742,0.14567150921605587,0.0162865698496044,-4.714914002846169,-4.653375311398395,80
0.525,1500,center_of_mass,Delta_H_recovery_product,-4.6910941742438705,0.1498744761548237,0.016756475838717852,-4.7217828366595365,-4.657859908400086,80
0.525,1500,center_of_mass,strict_certified_mass_advantage,0.00017500000000000003,0.0015972682375809048,0.00017858001787660936,-0.00018781250000000002,0.0005753125000000001,80
0.525,1500,center_of_mass,certified_transport_density_advantage,0.058758758758758724,0.018497634004859924,0.0020680983528889234,0.05531750500500497,0.06293168168168166,80
0.525,1500,identity_like_diagnostic,Delta_R,0.0,0.0,0.0,0.0,0.0,80
0.525,1500,identity_like_diagnostic,Delta_p_viable_product,0.00023750000000000003,0.0014341561272986825,0.00016034352954938478,-8.781249999999995e-05,0.0005128125000000002,80
0.525,1500,identity_like_diagnostic,Delta_H_cond_product,-1.6306343672624763,0.12942549863286304,0.014470210648244391,-1.6578484151194652,-1.5985816304423397,80
0.525,1500,identity_like_diagnostic,Delta_H_weighted_product,-1.6262593809731911,0.12684546694437968,0.014181754336266774,-1.6581626030153644,-1.5974811912790998,80
0.525,1500,identity_like_diagnostic,Delta_H_recovery_product,-1.634461520022087,0.1305289764208568,0.01459358321552515,-1.6600609044297254,-1.60906888018578,80
0.525,1500,identity_like_diagnostic,strict_certified_mass_advantage,0.00017500000000000003,0.0015972682375809048,0.00017858001787660936,-0.000138125,0.0005499999999999999,80
0.525,1500,identity_like_diagnostic,certified_transport_density_advantage,0.0,0.0,0.0,0.0,0.0,80
0.525,1500,joint_basin,Delta_R,-4.7325961420520555,0.08906539888288426,0.00995781431726315,-4.752999617394757,-4.714066498162224,80
0.525,1500,joint_basin,Delta_p_viable_product,0.00023750000000000003,0.0014341561272986825,0.00016034352954938478,-0.00011250000000000001,0.0005625000000000001,80
0.525,1500,joint_basin,Delta_H_cond_product,-5.8319498609724265,0.13845630278524437,0.015479885247054993,-5.856855359807193,-5.803743875602815,80
0.525,1500,joint_basin,Delta_H_weighted_product,-5.823473783428195,0.13719456995898774,0.015338819228607355,-5.852970900440601,-5.794457962652888,80
0.525,1500,joint_basin,Delta_H_recovery_product,-5.835320983856121,0.13919295635518353,0.015562245619967587,-5.8669673264267175,-5.806872674068689,80
0.525,1500,joint_basin,strict_certified_mass_advantage,0.00017500000000000003,0.0015972682375809048,0.00017858001787660936,-0.0001753125,0.0005125,80
0.525,1500,joint_basin,certified_transport_density_advantage,0.6689814814814814,0.018671117762178162,0.002087494426606706,0.6645482982982983,0.6732360485485485,80
0.525,1500,random_kappa_matched,Delta_R,-0.04092104155350122,0.03073840316991496,0.0034366579503862433,-0.04784566674350292,-0.03463860286643437,80
0.525,1500,random_kappa_matched,Delta_p_viable_product,0.00023750000000000003,0.0014341561272986825,0.00016034352954938478,-0.0001,0.0005378125000000001,80
0.525,1500,random_kappa_matched,Delta_H_cond_product,-3.837447482860184,0.13125442244740418,0.014674690546993501,-3.8690876317454834,-3.813266515279293,80
0.525,1500,random_kappa_matched,Delta_H_weighted_product,-3.8309202285620443,0.1288769410836126,0.014408880049759659,-3.8568875766772686,-3.800794752479952,80
0.525,1500,random_kappa_matched,Delta_H_recovery_product,-3.842540637126652,0.13211436585144506,0.014770835142405401,-3.8734745330673648,-3.8087344288704204,80
0.525,1500,random_kappa_matched,strict_certified_mass_advantage,0.00017500000000000003,0.0015972682375809048,0.00017858001787660936,-0.00017499999999999997,0.0005375,80
0.525,1500,random_kappa_matched,certified_transport_density_advantage,0.0009884884884884715,0.004173056433021358,0.0004665618929089277,3.7224724724718356e-05,0.001852790290290272,80
0.525,1500,relative_distance,Delta_R,0.13793788252423692,0.04147128683324475,0.004636630823676362,0.12804228650252095,0.14630124395869906,80
0.525,1500,relative_distance,Delta_p_viable_product,0.00023750000000000003,0.0014341561272986825,0.00016034352954938478,-8.781249999999999e-05,0.000525,80
0.525,1500,relative_distance,Delta_H_cond_product,-1.9915151756262675,0.13215149558351671,0.01477498637265033,-2.020489272927704,-1.96403546411457,80
0.525,1500,relative_distance,Delta_H_weighted_product,-1.9867922361499755,0.1290496683102167,0.014428191540772246,-2.01583479406026,-1.9592388009566954,80
0.525,1500,relative_distance,Delta_H_recovery_product,-1.9950193751988714,0.13340775436165903,0.014915440373913182,-2.023832086293049,-1.9683469671563831,80
0.525,1500,relative_distance,strict_certified_mass_advantage,0.00017500000000000003,0.0015972682375809048,0.00017858001787660936,-0.0001503125,0.0005137500000000004,80
0.525,1500,relative_distance,certified_transport_density_advantage,-5.005005005004374e-05,0.0004183699751925519,4.677518521377234e-05,-0.00013763763763762374,3.753753753753629e-05,80
0.525,2400,all_one_diagnostic,Delta_R,0.0002529781800906238,0.002308108547294057,0.00025805438055989,-0.00021723230955008585,0.000758464141285483,80
0.525,2400,all_one_diagnostic,Delta_p_viable_product,0.00023750000000000003,0.0014341561272986825,0.00016034352954938478,-0.0001,0.0005375,80
0.525,2400,all_one_diagnostic,Delta_H_cond_product,-14.49109548211199,0.13382077621276234,0.014961617620676172,-14.515180984549595,-14.463146797325267,80
0.525,2400,all_one_diagnostic,Delta_H_weighted_product,-14.473497632847332,0.13154175946368446,0.014706815802036236,-14.50155046319472,-14.44462225057486,80
0.525,2400,all_one_diagnostic,Delta_H_recovery_product,-14.49481331208382,0.13448521848297448,0.015035904524842103,-14.522472180794367,-14.462634508139411,80
0.525,2400,all_one_diagnostic,strict_certified_mass_advantage,0.00017500000000000003,0.0015972682375809048,0.00017858001787660936,-0.0001503125,0.0005128125000000001,80
0.525,2400,all_one_diagnostic,certified_transport_density_advantage,0.0,0.0,0.0,0.0,0.0,80
0.525,2400,basin_transition_profile,Delta_R,-2.678575703714078,0.0682114503729371,0.007626271993887037,-2.6951242772707107,-2.6633586098308424,80
0.525,2400,basin_transition_profile,Delta_p_viable_product,0.00023750000000000003,0.0014341561272986825,0.00016034352954938478,-6.25e-05,0.0005375,80
0.525,2400,basin_transition_profile,Delta_H_cond_product,-11.099963335490314,0.1513224146456783,0.01691836028335732,-11.136065495952453,-11.071525600901605,80
0.525,2400,basin_transition_profile,Delta_H_weighted_product,-11.085685793597916,0.14853508525246012,0.016606727383411367,-11.121463383401485,-11.05286597037001,80
0.525,2400,basin_transition_profile,Delta_H_recovery_product,-11.102608491812285,0.15200209190742175,0.016994350511358284,-11.135647030161222,-11.067828472272666,80
0.525,2400,basin_transition_profile,strict_certified_mass_advantage,0.00017500000000000003,0.0015972682375809048,0.00017858001787660936,-0.0001625,0.0005131250000000002,80
0.525,2400,basin_transition_profile,certified_transport_density_advantage,0.20643143143143144,0.011131844643945846,0.0012445780669414928,0.20405155155155152,0.20892235985985982,80
0.525,2400,boundary_v2_regime_sequence,Delta_R,3.5867883964500846,0.11649153181758491,0.013024149197359974,3.5627815455584604,3.6132049163619406,80
0.525,2400,boundary_v2_regime_sequence,Delta_p_viable_product,0.00023750000000000003,0.0014341561272986825,0.00016034352954938478,-5e-05,0.0005634375000000001,80
0.525,2400,boundary_v2_regime_sequence,Delta_H_cond_product,-13.16678603385319,0.14586682184128769,0.016308406464948515,-13.201166648691215,-13.13093700559036,80
0.525,2400,boundary_v2_regime_sequence,Delta_H_weighted_product,-13.150480115386738,0.14389366426847203,0.0160878007417918,-13.179917928710735,-13.1185912156417,80
0.525,2400,boundary_v2_regime_sequence,Delta_H_recovery_product,-13.166031705661913,0.14680826082433246,0.016413662543086335,-13.196209097433385,-13.132533588863966,80
0.525,2400,boundary_v2_regime_sequence,strict_certified_mass_advantage,0.00017500000000000003,0.0015972682375809048,0.00017858001787660936,-0.00013749999999999998,0.0005875,80
0.525,2400,boundary_v2_regime_sequence,certified_transport_density_advantage,-0.5288163163163163,0.01827258974862118,0.0020429376401441377,-0.532251001001001,-0.5242867867867868,80
0.525,2400,center_of_mass,Delta_R,-0.6129383488960823,0.10204557254160884,0.011409041850296167,-0.6315205482213639,-0.5866205965525557,80
0.525,2400,center_of_mass,Delta_p_viable_product,0.00023750000000000003,0.0014341561272986825,0.00016034352954938478,-0.00011281249999999997,0.0005003125000000001,80
0.525,2400,center_of_mass,Delta_H_cond_product,-5.816173798047011,0.15560058773911467,0.017396674576179036,-5.849103153049505,-5.781542949656757,80
0.525,2400,center_of_mass,Delta_H_weighted_product,-5.8070345998841955,0.15317523140213685,0.01712551149422192,-5.8378500378789715,-5.77780050765417,80
0.525,2400,center_of_mass,Delta_H_recovery_product,-5.817312855619319,0.15635697996055076,0.017481241797418192,-5.853432554199569,-5.778497497972308,80
0.525,2400,center_of_mass,strict_certified_mass_advantage,0.00017500000000000003,0.0015972682375809048,0.00017858001787660936,-0.0001875,0.0005253125000000002,80
0.525,2400,center_of_mass,certified_transport_density_advantage,0.02628878878878873,0.006976610111181419,0.0007800087230557009,0.02479948698698694,0.02757820320320314,80
0.525,2400,identity_like_diagnostic,Delta_R,0.0,0.0,0.0,0.0,0.0,80
0.525,2400,identity_like_diagnostic,Delta_p_viable_product,0.00023750000000000003,0.0014341561272986825,0.00016034352954938478,-6.25e-05,0.0005628125000000002,80
0.525,2400,identity_like_diagnostic,Delta_H_cond_product,-4.526719233983167,0.13371367284105284,0.01494964309968808,-4.55955059169027,-4.494834507681678,80
0.525,2400,identity_like_diagnostic,Delta_H_weighted_product,-4.518835207780387,0.13108127579318274,0.014655332162547713,-4.541067390929618,-4.490481520014484,80
0.525,2400,identity_like_diagnostic,Delta_H_recovery_product,-4.529029027421734,0.13448521848297454,0.01503590452484211,-4.5559080498950575,-4.497808027095984,80
0.525,2400,identity_like_diagnostic,strict_certified_mass_advantage,0.00017500000000000003,0.0015972682375809048,0.00017858001787660936,-0.0002003125,0.00047531250000000015,80
0.525,2400,identity_like_diagnostic,certified_transport_density_advantage,0.0,0.0,0.0,0.0,0.0,80
0.525,2400,joint_basin,Delta_R,-5.987290987042909,0.10902453268512037,0.012189313314953841,-6.007586669046092,-5.9616670233276965,80
0.525,2400,joint_basin,Delta_p_viable_product,0.00023750000000000003,0.0014341561272986825,0.00016034352954938478,-0.00013781250000000002,0.0005503125000000001,80
0.525,2400,joint_basin,Delta_H_cond_product,-7.453914405054455,0.17138064905525885,0.019160939065779693,-7.492265046060033,-7.417945582268013,80
0.525,2400,joint_basin,Delta_H_weighted_product,-7.443175610411188,0.16999331257562464,0.019005830131973326,-7.4816750807768475,-7.4078823197264745,80
0.525,2400,joint_basin,Delta_H_recovery_product,-7.4540867653268865,0.17199191748423606,0.019229280953764322,-7.4864896094486975,-7.4138987973346335,80
0.525,2400,joint_basin,strict_certified_mass_advantage,0.00017500000000000003,0.0015972682375809048,0.00017858001787660936,-0.000163125,0.0005503125000000001,80
0.525,2400,joint_basin,certified_transport_density_advantage,0.8071071071071071,0.01530110157791973,0.0017107151629428905,0.8038278903903903,0.8102884134134134,80
0.525,2400,random_kappa_matched,Delta_R,0.0002533086489923536,0.029101796032978067,0.0032536797098536335,-0.005996312179143362,0.00651686918085653,80
0.525,2400,random_kappa_matched,Delta_p_viable_product,0.00023750000000000003,0.0014341561272986825,0.00016034352954938478,-0.00011312499999999999,0.0005878125000000001,80
0.525,2400,random_kappa_matched,Delta_H_cond_product,-6.713496166047642,0.13515427177378114,0.015110706956782785,-6.741287937158692,-6.683455062848734,80
0.525,2400,random_kappa_matched,Delta_H_weighted_product,-6.7034858463609535,0.13252478387977912,0.014816721272932721,-6.730697642352893,-6.670664812909628,80
0.525,2400,random_kappa_matched,Delta_H_recovery_product,-6.716951819108962,0.1356557922325904,0.015166778648683002,-6.747224331525601,-6.682626564762497,80
0.525,2400,random_kappa_matched,strict_certified_mass_advantage,0.00017500000000000003,0.0015972682375809048,0.00017858001787660936,-0.0001625,0.0004753125000000001,80
0.525,2400,random_kappa_matched,certified_transport_density_advantage,0.00042542542542541256,0.0037615382847065995,0.0004205527652285957,-0.0003006131131131226,0.0013522897897897627,80
0.525,2400,relative_distance,Delta_R,0.010180224946902513,0.007170895986106849,0.0008017305442257651,0.00859447864004285,0.011626565727188749,80
0.525,2400,relative_distance,Delta_p_viable_product,0.00023750000000000003,0.0014341561272986825,0.00016034352954938478,-7.53125e-05,0.0005753125000000001,80
0.525,2400,relative_distance,Delta_H_cond_product,-4.544405864150524,0.1344133233140606,0.015027866400594841,-4.570180901645137,-4.518780706252951,80
0.525,2400,relative_distance,Delta_H_weighted_product,-4.536504568718158,0.13171232634034175,0.01472588575858201,-4.564483905522497,-4.5106680552205995,80
0.525,2400,relative_distance,Delta_H_recovery_product,-4.546698388359504,0.13519849903905679,0.015115651715363547,-4.573125735708953,-4.5161063948740505,80
0.525,2400,relative_distance,strict_certified_mass_advantage,0.00017500000000000003,0.0015972682375809048,0.00017858001787660936,-0.00015000000000000001,0.0005378125000000001,80
0.525,2400,relative_distance,certified_transport_density_advantage,0.0,0.0,0.0,0.0,0.0,80
0.525,3600,all_one_diagnostic,Delta_R,0.0002529781800906238,0.002308108547294057,0.00025805438055989,-0.00030791197999315516,0.0007054771433816027,80
0.525,3600,all_one_diagnostic,Delta_p_viable_product,0.00023750000000000003,0.0014341561272986825,0.00016034352954938478,-6.28125e-05,0.0005875,80
0.525,3600,all_one_diagnostic,Delta_H_cond_product,-16.945816116083396,0.12300649189801545,0.013752543877886983,-16.971735851050326,-16.920746240447862,80
0.525,3600,all_one_diagnostic,Delta_H_weighted_product,-16.925248344789072,0.12121283070139521,0.01355200645967466,-16.953267074119367,-16.892691629358172,80
0.525,3600,all_one_diagnostic,Delta_H_recovery_product,-16.948456627855016,0.12337083799779613,0.01379327901020931,-16.977275678536373,-16.92046164025474,80
0.525,3600,all_one_diagnostic,strict_certified_mass_advantage,0.00017500000000000003,0.0015972682375809048,0.00017858001787660936,-0.0001875,0.0005503125,80
0.525,3600,all_one_diagnostic,certified_transport_density_advantage,0.0,0.0,0.0,0.0,0.0,80
0.525,3600,basin_transition_profile,Delta_R,-2.8002308879887066,0.06776410584020386,0.007576257354659316,-2.814665202488513,-2.7867731380551746,80
0.525,3600,basin_transition_profile,Delta_p_viable_product,0.00023750000000000003,0.0014341561272986825,0.00016034352954938478,-7.624999999999998e-05,0.0005256250000000002,80
0.525,3600,basin_transition_profile,Delta_H_cond_product,-13.43904362326731,0.14179145348894348,0.015852766431488866,-13.466507319925434,-13.402737101989342,80
0.525,3600,basin_transition_profile,Delta_H_weighted_product,-13.421903893350697,0.14032735471634164,0.01568907521242328,-13.452006092602971,-13.387423240680404,80
0.525,3600,basin_transition_profile,Delta_H_recovery_product,-13.440983282006442,0.14195715614919963,0.015871292552108132,-13.469158791788608,-13.404252955404003,80
0.525,3600,basin_transition_profile,strict_certified_mass_advantage,0.00017500000000000003,0.0015972682375809048,0.00017858001787660936,-0.00017531249999999999,0.00055,80
0.525,3600,basin_transition_profile,certified_transport_density_advantage,0.22024524524524525,0.012216153056751685,0.0013658074329219306,0.2178428428428428,0.22272303553553555,80
0.525,3600,boundary_v2_regime_sequence,Delta_R,5.072980806859927,0.1334721637940368,0.014922641567372627,5.044209820950037,5.104286497833729,80
0.525,3600,boundary_v2_regime_sequence,Delta_p_viable_product,0.00023750000000000003,0.0014341561272986825,0.00016034352954938478,-6.281249999999999e-05,0.0005375,80
0.525,3600,boundary_v2_regime_sequence,Delta_H_cond_product,-15.614698772199727,0.13620185509260282,0.01522783033243179,-15.641573381943358,-15.584254131217829,80
0.525,3600,boundary_v2_regime_sequence,Delta_H_weighted_product,-15.595428595729265,0.1347829116722795,0.015069187635228338,-15.625037365856834,-15.569389206788037,80
0.525,3600,boundary_v2_regime_sequence,Delta_H_recovery_product,-15.612872789833892,0.13672332921386937,0.01528613291161474,-15.637659264729887,-15.586405290339105,80
0.525,3600,boundary_v2_regime_sequence,strict_certified_mass_advantage,0.00017500000000000003,0.0015972682375809048,0.00017858001787660936,-0.00017499999999999997,0.0005006250000000003,80
0.525,3600,boundary_v2_regime_sequence,certified_transport_density_advantage,-0.7571821821821823,0.019214265711331373,0.002148220213414015,-0.7613973348348347,-0.7527981106106106,80
0.525,3600,center_of_mass,Delta_R,-0.5400650028897034,0.07093555925530139,0.007930836625840912,-0.5544534621213288,-0.5239226696316521,80
0.525,3600,center_of_mass,Delta_p_viable_product,0.00023750000000000003,0.0014341561272986825,0.00016034352954938478,-7.624999999999998e-05,0.0005125,80
0.525,3600,center_of_mass,Delta_H_cond_product,-7.271625020695248,0.1326066026303015,0.014825868887332828,-7.298512700632678,-7.2397702023534904,80
0.525,3600,center_of_mass,Delta_H_weighted_product,-7.260488355945209,0.13136227887202617,0.014686749261856745,-7.287799177116558,-7.233001771790508,80
0.525,3600,center_of_mass,Delta_H_recovery_product,-7.272599779416015,0.1329297122547524,0.014861993641555658,-7.297760296481895,-7.242504314811727,80
0.525,3600,center_of_mass,strict_certified_mass_advantage,0.00017500000000000003,0.0015972682375809048,0.00017858001787660936,-0.000150625,0.0005009375000000003,80
0.525,3600,center_of_mass,certified_transport_density_advantage,0.0034159159159158686,0.002216632863047953,0.00024782708814676023,0.002915102602602561,0.003917354854854802,80
0.525,3600,identity_like_diagnostic,Delta_R,0.0,0.0,0.0,0.0,0.0,80
0.525,3600,identity_like_diagnostic,Delta_p_viable_product,0.00023750000000000003,0.0014341561272986825,0.00016034352954938478,-8.750000000000003e-05,0.0005375,80
0.525,3600,identity_like_diagnostic,Delta_H_cond_product,-6.981439867954573,0.12294273586829743,0.013745415737065734,-7.004345403556976,-6.957069851383603,80
0.525,3600,identity_like_diagnostic,Delta_H_weighted_product,-6.970585919722128,0.1211271178949084,0.01354242347658232,-6.99524028264569,-6.941484784161843,80
0.525,3600,identity_like_diagnostic,Delta_H_recovery_product,-6.982672343192931,0.12337083799779615,0.013793279010209311,-7.005845558372461,-6.9552981039212405,80
0.525,3600,identity_like_diagnostic,strict_certified_mass_advantage,0.00017500000000000003,0.0015972682375809048,0.00017858001787660936,-0.0001628125,0.0004759375000000003,80
0.525,3600,identity_like_diagnostic,certified_transport_density_advantage,0.0,0.0,0.0,0.0,0.0,80
0.525,3600,joint_basin,Delta_R,-6.5526841119978645,0.11587628314339968,0.012955362304432734,-6.577211476692674,-6.525284227808489,80
0.525,3600,joint_basin,Delta_p_viable_product,0.00023750000000000003,0.0014341561272986825,0.00016034352954938478,-2.5e-05,0.0006128125000000001,80
0.525,3600,joint_basin,Delta_H_cond_product,-9.340989472413844,0.17548556127819998,0.019619882204388,-9.380193001914792,-9.302129012113417,80
0.525,3600,joint_basin,Delta_H_weighted_product,-9.32783315450238,0.17504161341567362,0.019570247324434267,-9.371213697788779,-9.290437121283091,80
0.525,3600,joint_basin,Delta_H_recovery_product,-9.340222886254516,0.17571531067075988,0.019645568967365662,-9.379958040931639,-9.299929348416896,80
0.525,3600,joint_basin,strict_certified_mass_advantage,0.00017500000000000003,0.0015972682375809048,0.00017858001787660936,-0.0001628125,0.0005631250000000001,80
0.525,3600,joint_basin,certified_transport_density_advantage,0.8562437437437438,0.01384784902755848,0.001548236588388756,0.8532279154154155,0.8590099474474474,80
0.525,3600,random_kappa_matched,Delta_R,-0.0035499930430093673,0.023705593685692812,0.0026503659464099457,-0.010114689381611775,0.001157721859406127,80
0.525,3600,random_kappa_matched,Delta_p_viable_product,0.00023750000000000003,0.0014341561272986825,0.00016034352954938478,-2.562499999999999e-05,0.0005128125000000001,80
0.525,3600,random_kappa_matched,Delta_H_cond_product,-9.166307995554337,0.12770350147747372,0.014277685513418802,-9.193619275783359,-9.141951828038717,80
0.525,3600,random_kappa_matched,Delta_H_weighted_product,-9.15332460751951,0.12580150879004623,0.014065036266329033,-9.182328616515736,-9.12596250231972,80
0.525,3600,random_kappa_matched,Delta_H_recovery_product,-9.168642511727484,0.1281200766885485,0.014324260037904029,-9.199183125431066,-9.13776572148614,80
0.525,3600,random_kappa_matched,strict_certified_mass_advantage,0.00017500000000000003,0.0015972682375809048,0.00017858001787660936,-0.00018781250000000002,0.0005250000000000001,80
0.525,3600,random_kappa_matched,certified_transport_density_advantage,-0.00026276276276275876,0.0037343594130923017,0.0004175140750045302,-0.001001313813813795,0.0006259384384384426,80
0.525,3600,relative_distance,Delta_R,-5.017527547587625e-05,0.0007789562050630362,8.708995130081074e-05,-0.00022525212948751203,7.577241614743924e-05,80
0.525,3600,relative_distance,Delta_p_viable_product,0.00023750000000000003,0.0014341561272986825,0.00016034352954938478,-8.78125e-05,0.0005499999999999999,80
0.525,3600,relative_distance,Delta_H_cond_product,-6.981590018305477,0.12292413518331415,0.0137433361172632,-7.00906647358613,-6.954791946045982,80
0.525,3600,relative_distance,Delta_H_weighted_product,-6.970735919722128,0.12109879606350178,0.013539256999568695,-6.995545311059655,-6.942806138294427,80
0.525,3600,relative_distance,Delta_H_recovery_product,-6.9828223431929315,0.1233534268153063,0.013791332380828513,-7.0049090333907476,-6.955456036512841,80
0.525,3600,relative_distance,strict_certified_mass_advantage,0.00017500000000000003,0.0015972682375809048,0.00017858001787660936,-0.000150625,0.0005124999999999999,80
0.525,3600,relative_distance,certified_transport_density_advantage,0.0,0.0,0.0,0.0,0.0,80
0.55,900,all_one_diagnostic,Delta_R,0.00012664310058759122,0.0022667611507090706,0.00025343160108705636,-0.00028992351289048777,0.0006156177592229179,80
0.55,900,all_one_diagnostic,Delta_p_viable_product,0.00015000000000000001,0.0013416407864998738,0.00015,-0.0001503125,0.0004253125000000001,80
0.55,900,all_one_diagnostic,Delta_H_cond_product,-8.980588964883072,0.10138420993360313,0.0113350992628323,-9.001045720750572,-8.956775202910226,80
0.55,900,all_one_diagnostic,Delta_H_weighted_product,-8.969677298352014,0.09963322467296137,0.011139333159312544,-8.987714487303052,-8.95013791140544,80
0.55,900,all_one_diagnostic,Delta_H_recovery_product,-8.986865703003149,0.10269864782658637,0.011482057886877908,-9.009091296709546,-8.964889657385838,80
0.55,900,all_one_diagnostic,strict_certified_mass_advantage,8.749999999999999e-05,0.001568630378968476,0.00017537820794723844,-0.0002506249999999999,0.0003884375000000003,80
0.55,900,all_one_diagnostic,certified_transport_density_advantage,0.0,0.0,0.0,0.0,0.0,80
0.55,900,basin_transition_profile,Delta_R,-1.9819302520073296,0.06196968436400285,0.00692842133910581,-1.9947129825644976,-1.970711581647936,80
0.55,900,basin_transition_profile,Delta_p_viable_product,0.00015000000000000001,0.0013416407864998738,0.00015,-0.00013749999999999998,0.0004125,80
0.55,900,basin_transition_profile,Delta_H_cond_product,-6.199679669060607,0.11049848093849059,0.012354105739446486,-6.221741053307755,-6.176297423258018,80
0.55,900,basin_transition_profile,Delta_H_weighted_product,-6.191730077211465,0.10891642858871879,0.012177226909543834,-6.2144696887790145,-6.1694354897130355,80
0.55,900,basin_transition_profile,Delta_H_recovery_product,-6.206174775722266,0.1116108424128614,0.012478471533058736,-6.231534453724642,-6.182492888463842,80
0.55,900,basin_transition_profile,strict_certified_mass_advantage,8.749999999999999e-05,0.001568630378968476,0.00017537820794723844,-0.000238125,0.000475,80
0.55,900,basin_transition_profile,certified_transport_density_advantage,0.08927677677677673,0.007646809315603102,0.0008549392720333589,0.0879116616616616,0.09109171671671669,80
0.55,900,boundary_v2_regime_sequence,Delta_R,1.2027856449836514,0.07556575970522451,0.008448508773614824,1.1840268796675513,1.218655453858445,80
0.55,900,boundary_v2_regime_sequence,Delta_p_viable_product,0.00015000000000000001,0.0013416407864998738,0.00015,-8.812500000000001e-05,0.00041312500000000013,80
0.55,900,boundary_v2_regime_sequence,Delta_H_cond_product,-7.708944580381851,0.10771923684129589,0.012043376803076867,-7.730823091937362,-7.684684748575135,80
0.55,900,boundary_v2_regime_sequence,Delta_H_weighted_product,-7.6993869652192926,0.10572955273654466,0.011820923357478138,-7.723277153826798,-7.677978687235458,80
0.55,900,boundary_v2_regime_sequence,Delta_H_recovery_product,-7.7100802019389505,0.1087015124013331,0.01215319854932086,-7.732960077722508,-7.689515996116075,80
0.55,900,boundary_v2_regime_sequence,strict_certified_mass_advantage,8.749999999999999e-05,0.001568630378968476,0.00017537820794723844,-0.00025,0.0003875,80
0.55,900,boundary_v2_regime_sequence,certified_transport_density_advantage,-0.09886136136136134,0.008661229077973879,0.0009683548493523709,-0.10067723973973973,-0.09723129379379376,80
0.55,900,center_of_mass,Delta_R,-0.13060878559955066,0.08090437678335571,0.009045384308241956,-0.14721272538866256,-0.1143095141512852,80
0.55,900,center_of_mass,Delta_p_viable_product,0.00015000000000000001,0.0013416407864998738,0.00015,-0.0001503125,0.00040062500000000016,80
0.55,900,center_of_mass,Delta_H_cond_product,-3.718731238295601,0.11410934401590622,0.012757812504373757,-3.7413564369681116,-3.6938255659458394,80
0.55,900,center_of_mass,Delta_H_weighted_product,-3.7134180958869494,0.11273747042102489,0.012604432373639174,-3.7388510554694556,-3.6894551082870515,80
0.55,900,center_of_mass,Delta_H_recovery_product,-3.719282503975323,0.11523596756387512,0.01288377284628928,-3.745179649011852,-3.697552417269065,80
0.55,900,center_of_mass,strict_certified_mass_advantage,8.749999999999999e-05,0.001568630378968476,0.00017537820794723844,-0.0002003125,0.00043781250000000016,80
0.55,900,center_of_mass,certified_transport_density_advantage,0.02997997997997994,0.02339540072571638,0.002615685319177487,0.02437281031031028,0.034815440440440416,80
0.55,900,identity_like_diagnostic,Delta_R,0.0001748494469834637,0.0012823020208222035,0.00014336572431218988,-5.1540004989496505e-05,0.0004511145398721238,80
0.55,900,identity_like_diagnostic,Delta_p_viable_product,0.00015000000000000001,0.0013416407864998738,0.00015,-0.0001128125,0.00043781250000000016,80
0.55,900,identity_like_diagnostic,Delta_H_cond_product,0.9831104720382141,0.1015532051470269,0.011353993502086683,0.9625840347430094,1.0066699439373255,80
0.55,900,identity_like_diagnostic,Delta_H_weighted_product,0.9834369839983015,0.10166804242569637,0.011366832700159485,0.9621072670427817,1.0040239850905237,80
0.55,900,identity_like_diagnostic,Delta_H_recovery_product,0.9783685816589387,0.10265815037573958,0.011477530134227464,0.9576030690938762,0.9982967713281309,80
0.55,900,identity_like_diagnostic,strict_certified_mass_advantage,8.749999999999999e-05,0.001568630378968476,0.00017537820794723844,-0.0001878125,0.00047500000000000005,80
0.55,900,identity_like_diagnostic,certified_transport_density_advantage,0.0,0.0,0.0,0.0,0.0,80
0.55,900,joint_basin,Delta_R,-2.9058763739871845,0.07773158761149675,0.00869065569491436,-2.92220985910398,-2.890402939758855,80
0.55,900,joint_basin,Delta_p_viable_product,0.00015000000000000001,0.0013416407864998738,0.00015,-0.00016250000000000002,0.00045031250000000014,80
0.55,900,joint_basin,Delta_H_cond_product,-5.106265764747173,0.11726402477512796,0.01311051653562028,-5.130846449358999,-5.079173382917659,80
0.55,900,joint_basin,Delta_H_weighted_product,-5.099479424870165,0.11560111917101903,0.012924598037072634,-5.124329378407958,-5.075289357170593,80
0.55,900,joint_basin,Delta_H_recovery_product,-5.111933716314476,0.11829322690157176,0.013225584831486064,-5.137521809131539,-5.091135660698905,80
0.55,900,joint_basin,strict_certified_mass_advantage,8.749999999999999e-05,0.001568630378968476,0.00017537820794723844,-0.0002625,0.0004253125000000001,80
0.55,900,joint_basin,certified_transport_density_advantage,0.24249249249249244,0.014098383548497219,0.0015762471993652242,0.24007538788788788,0.24508258258258256,80
0.55,900,random_kappa_matched,Delta_R,0.07165485262627616,0.047068896917277746,0.005262462656648166,0.06216095612424329,0.08139566259346878,80
0.55,900,random_kappa_matched,Delta_p_viable_product,0.00015000000000000001,0.0013416407864998738,0.00015,-0.00013781249999999997,0.0004253125000000001,80
0.55,900,random_kappa_matched,Delta_H_cond_product,-1.509104790989483,0.11015403117335007,0.012315595084962083,-1.5360225619444692,-1.4879073873363926,80
0.55,900,random_kappa_matched,Delta_H_weighted_product,-1.5061288197477585,0.1099014412677339,0.012287354674992682,-1.530453475335437,-1.4829520606651783,80
0.55,900,random_kappa_matched,Delta_H_recovery_product,-1.514076924702309,0.11109250400939671,0.012420519537783949,-1.5385510693063476,-1.4909347418127195,80
0.55,900,random_kappa_matched,strict_certified_mass_advantage,8.749999999999999e-05,0.001568630378968476,0.00017537820794723844,-0.00026312499999999996,0.00045000000000000004,80
0.55,900,random_kappa_matched,certified_transport_density_advantage,-0.002389889889889879,0.005868199679538592,0.0006560846694495387,-0.003591403903903876,-0.0010488613613613403,80
0.55,900,relative_distance,Delta_R,0.3550494279646422,0.07091879728309326,0.007928962580376196,0.3392748427485305,0.368552381315174,80
0.55,900,relative_distance,Delta_p_viable_product,0.00015000000000000001,0.0013416407864998738,0.00015,-0.00013843749999999997,0.0004012500000000003,80
0.55,900,relative_distance,Delta_H_cond_product,-0.7454319127932776,0.11413514361964962,0.012760696987761897,-0.7717059355139778,-0.7208718581317388,80
0.55,900,relative_distance,Delta_H_weighted_product,-0.7432701192042682,0.1136683412744009,0.012708506898960274,-0.7661289463225561,-0.7201297983925692,80
0.55,900,relative_distance,Delta_H_recovery_product,-0.7484135215436316,0.11500566459595041,0.0128580241917043,-0.7759137271917069,-0.7261231043618639,80
0.55,900,relative_distance,strict_certified_mass_advantage,8.749999999999999e-05,0.001568630378968476,0.00017537820794723844,-0.0002128125,0.0003631250000000002,80
0.55,900,relative_distance,certified_transport_density_advantage,-0.003303303303303272,0.003361329370774461,0.0003758080483909145,-0.0040040040040039675,-0.0025259634634634343,80
0.55,1500,all_one_diagnostic,Delta_R,0.00012664310058759122,0.0022667611507090706,0.00025343160108705636,-0.0003802801034345108,0.0006685092015018919,80
0.55,1500,all_one_diagnostic,Delta_p_viable_product,0.00015000000000000001,0.0013416407864998738,0.00015,-0.000150625,0.00042500000000000003,80
0.55,1500,all_one_diagnostic,Delta_H_cond_product,-11.595010615391299,0.1295245043148733,0.014481279820001075,-11.625320429920443,-11.563227547744027,80
0.55,1500,all_one_diagnostic,Delta_H_weighted_product,-11.580921806040136,0.12721812139151895,0.014223418370062824,-11.606730480766325,-11.550001814218923,80
0.55,1500,all_one_diagnostic,Delta_H_recovery_product,-11.600245804684175,0.13052897642085678,0.014593583215525148,-11.628798775436884,-11.574185105955854,80
0.55,1500,all_one_diagnostic,strict_certified_mass_advantage,8.749999999999999e-05,0.001568630378968476,0.00017537820794723844,-0.0002253125,0.0004262500000000003,80
0.55,1500,all_one_diagnostic,certified_transport_density_advantage,0.0,0.0,0.0,0.0,0.0,80
0.55,1500,basin_transition_profile,Delta_R,-2.5469164378076767,0.06155081309728891,0.006881590107796118,-2.5592354882295836,-2.5328722130610477,80
0.55,1500,basin_transition_profile,Delta_p_viable_product,0.00015000000000000001,0.0013416407864998738,0.00015,-8.812499999999999e-05,0.0004125,80
0.55,1500,basin_transition_profile,Delta_H_cond_product,-8.29853647920552,0.14339859848640707,0.016032450704690233,-8.332410461243207,-8.26917189530666,80
0.55,1500,basin_transition_profile,Delta_H_weighted_product,-8.287958136813705,0.1410514978009664,0.01577003687055615,-8.320531357992234,-8.258074132941356,80
0.55,1500,basin_transition_profile,Delta_H_recovery_product,-8.302685760826273,0.14428629624890751,0.016131698331711505,-8.332595854734125,-8.273303624332451,80
0.55,1500,basin_transition_profile,strict_certified_mass_advantage,8.749999999999999e-05,0.001568630378968476,0.00017537820794723844,-0.0002753125,0.0003881250000000002,80
0.55,1500,basin_transition_profile,certified_transport_density_advantage,0.17374874874874868,0.009793239605012775,0.0010949174738375876,0.17169638388388384,0.17589120370370365,80
0.55,1500,boundary_v2_regime_sequence,Delta_R,2.2029410865179884,0.09571821896144916,0.010701622214150483,2.1825751298804397,2.226984654550071,80
0.55,1500,boundary_v2_regime_sequence,Delta_p_viable_product,0.00015000000000000001,0.0013416407864998738,0.00015,-0.00016250000000000002,0.0003753125000000001,80
0.55,1500,boundary_v2_regime_sequence,Delta_H_cond_product,-10.321477869275663,0.1335225532771499,0.014928275282852224,-10.349765793100836,-10.28751277645912,80
0.55,1500,boundary_v2_regime_sequence,Delta_H_weighted_product,-10.30874559689015,0.13088414513537266,0.014633292284982084,-10.34041292683948,-10.284935648087002,80
0.55,1500,boundary_v2_regime_sequence,Delta_H_recovery_product,-10.321574427602709,0.13435082800008047,0.015020879212078102,-10.34795850557319,-10.295221360864046,80
0.55,1500,boundary_v2_regime_sequence,strict_certified_mass_advantage,8.749999999999999e-05,0.001568630378968476,0.00017537820794723844,-0.00025,0.00042562500000000017,80
0.55,1500,boundary_v2_regime_sequence,certified_transport_density_advantage,-0.26798048048048045,0.013956145783668184,0.0015603445338089566,-0.2711724224224224,-0.26561498998998995,80
0.55,1500,center_of_mass,Delta_R,-0.33044936008505654,0.09462069976766305,0.010578915837954657,-0.3513638152416859,-0.31101433028189385,80
0.55,1500,center_of_mass,Delta_p_viable_product,0.00015000000000000001,0.0013416407864998738,0.00015,-0.0001128125,0.0004253125000000001,80
0.55,1500,center_of_mass,Delta_H_cond_product,-4.693961948884568,0.14193999162131204,0.015869373499550216,-4.7259253654476385,-4.668087440202174,80
0.55,1500,center_of_mass,Delta_H_weighted_product,-4.687214580870598,0.14018637990931468,0.01567331374984192,-4.716791211146858,-4.6569519197933245,80
0.55,1500,center_of_mass,Delta_H_recovery_product,-4.694839186459012,0.14273865525326598,0.01595866680816051,-4.722147006717742,-4.66597472637526,80
0.55,1500,center_of_mass,strict_certified_mass_advantage,8.749999999999999e-05,0.001568630378968476,0.00017537820794723844,-0.00025,0.0004003125000000001,80
0.55,1500,center_of_mass,certified_transport_density_advantage,0.06042292292292288,0.014623658274054225,0.0016349746990256247,0.058048673673673626,0.06362956706706703,80
0.55,1500,identity_like_diagnostic,Delta_R,0.0,0.0,0.0,0.0,0.0,80
0.55,1500,identity_like_diagnostic,Delta_p_viable_product,0.00015000000000000001,0.0013416407864998738,0.00015,-0.0001503125,0.0004125,80
0.55,1500,identity_like_diagnostic,Delta_H_cond_product,-1.6307607023419792,0.12967296118463312,0.014497877802626565,-1.6586495825865681,-1.6068346886090719,80
0.55,1500,identity_like_diagnostic,Delta_H_weighted_product,-1.6272575236898212,0.12869347626363153,0.014388368059311787,-1.6527073196562638,-1.597286440283658,80
0.55,1500,identity_like_diagnostic,Delta_H_recovery_product,-1.634461520022087,0.1305289764208568,0.01459358321552515,-1.661080837496157,-1.6043437009653703,80
0.55,1500,identity_like_diagnostic,strict_certified_mass_advantage,8.749999999999999e-05,0.001568630378968476,0.00017537820794723844,-0.0002509375,0.00043875000000000034,80
0.55,1500,identity_like_diagnostic,certified_transport_density_advantage,0.0,0.0,0.0,0.0,0.0,80
0.55,1500,joint_basin,Delta_R,-4.828108057582594,0.1037582456605828,0.011600524526159284,-4.852593879510859,-4.80417008009735,80
0.55,1500,joint_basin,Delta_p_viable_product,0.00015000000000000001,0.0013416407864998738,0.00015,-0.00015000000000000001,0.0003878125000000001,80
0.55,1500,joint_basin,Delta_H_cond_product,-5.736564280521391,0.1584433173275242,0.01771450140624572,-5.76923502681864,-5.704475454979313,80
0.55,1500,joint_basin,Delta_H_weighted_product,-5.728706817987364,0.15665368865150317,0.017514414837542423,-5.763913919597655,-5.697348242421666,80
0.55,1500,joint_basin,Delta_H_recovery_product,-5.74015390957773,0.1592205911813586,0.017801403264961067,-5.779170162655754,-5.70951224148445,80
0.55,1500,joint_basin,strict_certified_mass_advantage,8.749999999999999e-05,0.001568630378968476,0.00017537820794723844,-0.00023781250000000001,0.00042593750000000026,80
0.55,1500,joint_basin,certified_transport_density_advantage,0.6863863863863864,0.01951921086698156,0.002182314118286169,0.6818296421421421,0.6909253003003003,80
0.55,1500,random_kappa_matched,Delta_R,-0.038680720815578294,0.026295223997489993,0.002939895417098569,-0.043867390058846954,-0.03318360097883405,80
0.55,1500,random_kappa_matched,Delta_p_viable_product,0.00015000000000000001,0.0013416407864998738,0.00015,-0.00012500000000000003,0.00042500000000000003,80
0.55,1500,random_kappa_matched,Delta_H_cond_product,-3.8398141386776103,0.13286431648985075,0.014854682172767626,-3.870329213717964,-3.809767296935854,80
0.55,1500,random_kappa_matched,Delta_H_weighted_product,-3.8339659989081243,0.1317183529827071,0.014726559557682262,-3.8630890558771105,-3.8072703308555726,80
0.55,1500,random_kappa_matched,Delta_H_recovery_product,-3.8448711701551352,0.13366828506084405,0.014944568591593344,-3.8737974374687694,-3.8187930741078295,80
0.55,1500,random_kappa_matched,strict_certified_mass_advantage,8.749999999999999e-05,0.001568630378968476,0.00017537820794723844,-0.00025093749999999997,0.00041312500000000013,80
0.55,1500,random_kappa_matched,certified_transport_density_advantage,0.0006881881881881751,0.0043982770744556,0.0004917423261180812,-0.00025056306306307514,0.0016269394394394156,80
0.55,1500,relative_distance,Delta_R,0.14055331407887645,0.037153240252965514,0.0041538585395006185,0.13357572021895867,0.14705970347783698,80
0.55,1500,relative_distance,Delta_p_viable_product,0.00015000000000000001,0.0013416407864998738,0.00015,-8.75e-05,0.00045031250000000014,80
0.55,1500,relative_distance,Delta_H_cond_product,-1.9942569422604095,0.13184790416217038,0.01474104381987452,-2.027015912394662,-1.965055449547812,80
0.55,1500,relative_distance,Delta_H_weighted_product,-1.9903645006864505,0.13098452828845805,0.014644515462686818,-2.020118470360017,-1.9622936331689638,80
0.55,1500,relative_distance,Delta_H_recovery_product,-1.9975934970187161,0.13263123190865572,0.014828622524364668,-2.030864218017395,-1.9699357516135034,80
0.55,1500,relative_distance,strict_certified_mass_advantage,8.749999999999999e-05,0.001568630378968476,0.00017537820794723844,-0.0002753125,0.0004381250000000002,80
0.55,1500,relative_distance,certified_transport_density_advantage,-3.7537537537532494e-05,0.00037160799588934444,4.154703698955183e-05,-0.00011261261261260124,3.7537537537537536e-05,80
0.55,2400,all_one_diagnostic,Delta_R,0.00012664310058759122,0.0022667611507090706,0.00025343160108705636,-0.0003979570294967164,0.0006501391551436716,80
0.55,2400,all_one_diagnostic,Delta_p_viable_product,0.00015000000000000001,0.0013416407864998738,0.00015,-0.00013781250000000002,0.00042562500000000017,80
0.55,2400,all_one_diagnostic,Delta_H_cond_product,-14.49109548211199,0.13382077621276234,0.014961617620676172,-14.515649724094333,-14.458125890474054,80
0.55,2400,all_one_diagnostic,Delta_H_weighted_product,-14.473497632847332,0.13154175946368446,0.014706815802036236,-14.498574518619696,-14.442166770601352,80
0.55,2400,all_one_diagnostic,Delta_H_recovery_product,-14.49481331208382,0.13448521848297448,0.015035904524842103,-14.520037636304544,-14.463815703343709,80
0.55,2400,all_one_diagnostic,strict_certified_mass_advantage,8.749999999999999e-05,0.001568630378968476,0.00017537820794723844,-0.000338125,0.0004128125000000001,80
0.55,2400,all_one_diagnostic,certified_transport_density_advantage,0.0,0.0,0.0,0.0,0.0,80
0.55,2400,basin_transition_profile,Delta_R,-2.6701765757953373,0.06814958615840859,0.007619355364434017,-2.686829500349544,-2.657381074277868,80
0.55,2400,basin_transition_profile,Delta_p_viable_product,0.00015000000000000001,0.0013416407864998738,0.00015,-0.00012593750000000002,0.0004003125000000001,80
0.55,2400,basin_transition_profile,Delta_H_cond_product,-11.108488798488558,0.1594354386222055,0.017825423939087343,-11.139751842092029,-11.075088514234631,80
0.55,2400,basin_transition_profile,Delta_H_weighted_product,-11.094495898338021,0.15734972445704742,0.01759223400634096,-11.124762928373729,-11.058187943330637,80
0.55,2400,basin_transition_profile,Delta_H_recovery_product,-11.110994367806104,0.15979059530847645,0.017865131663745613,-11.141452205546608,-11.08408662752289,80
0.55,2400,basin_transition_profile,strict_certified_mass_advantage,8.749999999999999e-05,0.001568630378968476,0.00017537820794723844,-0.00025031250000000005,0.0004128125000000001,80
0.55,2400,basin_transition_profile,certified_transport_density_advantage,0.19869869869869866,0.012360680917217703,0.0013819661389541616,0.19610673173173168,0.2012897272272272,80
0.55,2400,boundary_v2_regime_sequence,Delta_R,3.6352422583858215,0.11920340126528473,0.013327345418918054,3.60852640065308,3.6603475875904348,80
0.55,2400,boundary_v2_regime_sequence,Delta_p_viable_product,0.00015000000000000001,0.0013416407864998738,0.00015,-0.000125,0.0005000000000000001,80
0.55,2400,boundary_v2_regime_sequence,Delta_H_cond_product,-13.21536623086843,0.13911610222386184,0.015553653066868236,-13.246228856332776,-13.18549158497526,80
0.55,2400,boundary_v2_regime_sequence,Delta_H_weighted_product,-13.199127577097627,0.1364496009009834,0.015255529155865772,-13.228923357074619,-13.172856299870618,80
0.55,2400,boundary_v2_regime_sequence,Delta_H_recovery_product,-13.21394808840264,0.1392202225148598,0.015565294069293661,-13.240216202960008,-13.182446682711777,80
0.55,2400,boundary_v2_regime_sequence,strict_certified_mass_advantage,8.749999999999999e-05,0.001568630378968476,0.00017537820794723844,-0.0002378125,0.00038750000000000004,80
0.55,2400,boundary_v2_regime_sequence,certified_transport_density_advantage,-0.5297422422422423,0.01848960544215231,0.002067200732290131,-0.5335682557557557,-0.5253078078078078,80
0.55,2400,center_of_mass,Delta_R,-0.6100333570624773,0.0960192051227608,0.01073527348999946,-0.6321771002769406,-0.5894987125516004,80
0.55,2400,center_of_mass,Delta_p_viable_product,0.00015000000000000001,0.0013416407864998738,0.00015,-0.00013781250000000002,0.0004128125000000001,80
0.55,2400,center_of_mass,Delta_H_cond_product,-5.819205124960119,0.1416037539725205,0.015831780987585586,-5.850601911260323,-5.787611241593434,80
0.55,2400,center_of_mass,Delta_H_weighted_product,-5.810831760761889,0.14116549106432238,0.0157827817048482,-5.842141853651825,-5.787373836604843,80
0.55,2400,center_of_mass,Delta_H_recovery_product,-5.820147558192536,0.1418255649853723,0.01585658021273032,-5.848904767357504,-5.785568553370095,80
0.55,2400,center_of_mass,strict_certified_mass_advantage,8.749999999999999e-05,0.001568630378968476,0.00017537820794723844,-0.00022531249999999993,0.00042562500000000017,80
0.55,2400,center_of_mass,certified_transport_density_advantage,0.026576576576576527,0.0067683500689992805,0.0007567245424898891,0.025349099099099055,0.028180055055054994,80
0.55,2400,identity_like_diagnostic,Delta_R,0.0,0.0,0.0,0.0,0.0,80
0.55,2400,identity_like_diagnostic,Delta_p_viable_product,0.00015000000000000001,0.0013416407864998738,0.00015,-0.00012531250000000004,0.00043750000000000006,80
0.55,2400,identity_like_diagnostic,Delta_H_cond_product,-4.5268455690626705,0.13407075728418846,0.014989566354116024,-4.562114837245171,-4.491371455065745,80
0.55,2400,identity_like_diagnostic,Delta_H_weighted_product,-4.519833350497018,0.13377742184761895,0.014956770455297074,-4.549445742162376,-4.495141936422682,80
0.55,2400,identity_like_diagnostic,Delta_H_recovery_product,-4.529029027421734,0.13448521848297454,0.01503590452484211,-4.553926206329496,-4.502665971062818,80
0.55,2400,identity_like_diagnostic,strict_certified_mass_advantage,8.749999999999999e-05,0.001568630378968476,0.00017537820794723844,-0.00018937499999999995,0.0003878125000000002,80
0.55,2400,identity_like_diagnostic,certified_transport_density_advantage,0.0,0.0,0.0,0.0,0.0,80
0.55,2400,joint_basin,Delta_R,-6.01029978873266,0.13500461909800882,0.015093975278980702,-6.038014927814958,-5.979958230187417,80
0.55,2400,joint_basin,Delta_p_viable_product,0.00015000000000000001,0.0013416407864998738,0.00015,-0.0001503125,0.00045031250000000014,80
0.55,2400,joint_basin,Delta_H_cond_product,-7.4310319384442085,0.20129031513462164,0.022504941392668436,-7.470747513692849,-7.386543780722736,80
0.55,2400,joint_basin,Delta_H_weighted_product,-7.420947721918084,0.19989363688693973,0.022348788017442833,-7.46188645013747,-7.377449248473176,80
0.55,2400,joint_basin,Delta_H_recovery_product,-7.431280531728719,0.2013460211703685,0.022511169516802786,-7.484146680763774,-7.39014764838681,80
0.55,2400,joint_basin,strict_certified_mass_advantage,8.749999999999999e-05,0.001568630378968476,0.00017537820794723844,-0.0003003125,0.0004128125000000001,80
0.55,2400,joint_basin,certified_transport_density_advantage,0.8122372372372372,0.016749780103313395,0.00187268234595911,0.8089076576576577,0.815479542042042,80
0.55,2400,random_kappa_matched,Delta_R,0.0018652460320560996,0.02556864118005358,0.002858660988545012,-0.0038847339846976203,0.00660763683015825,80
0.55,2400,random_kappa_matched,Delta_p_viable_product,0.00015000000000000001,0.0013416407864998738,0.00015,-0.00013781249999999997,0.0004012500000000003,80
0.55,2400,random_kappa_matched,Delta_H_cond_product,-6.715234438510208,0.1344734167358467,0.015034585049400554,-6.745003757193201,-6.67982434479085,80
0.55,2400,random_kappa_matched,Delta_H_weighted_product,-6.705897237662482,0.13352784193152156,0.014928866572386451,-6.734011328965738,-6.677494861936859,80
0.55,2400,random_kappa_matched,Delta_H_recovery_product,-6.718686768188616,0.1351985196106929,0.015115654015342386,-6.746377439039178,-6.683034176911739,80
0.55,2400,random_kappa_matched,strict_certified_mass_advantage,8.749999999999999e-05,0.001568630378968476,0.00017537820794723844,-0.00027499999999999996,0.0004,80
0.55,2400,random_kappa_matched,certified_transport_density_advantage,5.005005005005118e-05,0.004751235610814244,0.0005312042901449192,-0.0009512637637637464,0.001001001001000984,80
0.55,2400,relative_distance,Delta_R,0.009131482436723995,0.008047093943004974,0.000899692453894297,0.007404963459359976,0.010764054420303225,80
0.55,2400,relative_distance,Delta_p_viable_product,0.00015000000000000001,0.0013416407864998738,0.00015,-0.0001128125,0.0004128125000000001,80
0.55,2400,relative_distance,Delta_H_cond_product,-4.543483456719848,0.13394045015156714,0.014974997573791306,-4.5724084448864275,-4.516622582516843,80
0.55,2400,relative_distance,Delta_H_weighted_product,-4.5364532001850035,0.13353215887906855,0.01492934922179497,-4.56679810358853,-4.509148863274963,80
0.55,2400,relative_distance,Delta_H_recovery_product,-4.545648877109721,0.1343783647008453,0.015023957908817413,-4.575568627910653,-4.518787514621505,80
0.55,2400,relative_distance,strict_certified_mass_advantage,8.749999999999999e-05,0.001568630378968476,0.00017537820794723844,-0.0002134375,0.0004381250000000002,80
0.55,2400,relative_distance,certified_transport_density_advantage,0.0,0.0,0.0,0.0,0.0,80
0.55,3600,all_one_diagnostic,Delta_R,0.00012664310058759122,0.0022667611507090706,0.00025343160108705636,-0.000342869284607011,0.0006141517832436056,80
0.55,3600,all_one_diagnostic,Delta_p_viable_product,0.00015000000000000001,0.0013416407864998738,0.00015,-0.00013781249999999997,0.00045031250000000014,80
0.55,3600,all_one_diagnostic,Delta_H_cond_product,-16.945816116083396,0.12300649189801545,0.013752543877886983,-16.96801660343821,-16.915835165336503,80
0.55,3600,all_one_diagnostic,Delta_H_weighted_product,-16.925248344789075,0.12121283070139521,0.01355200645967466,-16.95159744781325,-16.902213715385447,80
0.55,3600,all_one_diagnostic,Delta_H_recovery_product,-16.948456627855016,0.12337083799779613,0.01379327901020931,-16.97217659580452,-16.921167475121546,80
0.55,3600,all_one_diagnostic,strict_certified_mass_advantage,8.749999999999999e-05,0.001568630378968476,0.00017537820794723844,-0.00025,0.00040062500000000016,80
0.55,3600,all_one_diagnostic,certified_transport_density_advantage,0.0,0.0,0.0,0.0,0.0,80
0.55,3600,basin_transition_profile,Delta_R,-2.7923319280958987,0.06446845878661006,0.007207792812575185,-2.807005528905803,-2.7797949347951367,80
0.55,3600,basin_transition_profile,Delta_p_viable_product,0.00015000000000000001,0.0013416407864998738,0.00015,-0.000175,0.00046281250000000017,80
0.55,3600,basin_transition_profile,Delta_H_cond_product,-13.44706891823962,0.14442530480757315,0.016147239961043038,-13.471717789191011,-13.415600218148139,80
0.55,3600,basin_transition_profile,Delta_H_weighted_product,-13.430236861120893,0.14225673225346133,0.01590478617878632,-13.459769886235035,-13.398854316136413,80
0.55,3600,basin_transition_profile,Delta_H_recovery_product,-13.449159273370537,0.14522304676476436,0.0162364302232822,-13.479591859592684,-13.419345381302803,80
0.55,3600,basin_transition_profile,strict_certified_mass_advantage,8.749999999999999e-05,0.001568630378968476,0.00017537820794723844,-0.0002759374999999999,0.0005003125000000001,80
0.55,3600,basin_transition_profile,certified_transport_density_advantage,0.21146146146146147,0.011411500329652673,0.0012758445231182318,0.20887856606606606,0.2141898148148148,80
0.55,3600,boundary_v2_regime_sequence,Delta_R,5.119919944901807,0.13127881173635597,0.014677417352394457,5.08751298892131,5.146194136236324,80
0.55,3600,boundary_v2_regime_sequence,Delta_p_viable_product,0.00015000000000000001,0.0013416407864998738,0.00015,-0.000175,0.0004128125000000001,80
0.55,3600,boundary_v2_regime_sequence,Delta_H_cond_product,-15.661764245321109,0.13276872565358058,0.014843994792371319,-15.6957716389028,-15.631430175162428,80
0.55,3600,boundary_v2_regime_sequence,Delta_H_weighted_product,-15.64256458096441,0.13057804713373328,0.014599069488009958,-15.668559544914071,-15.614061823691321,80
0.55,3600,boundary_v2_regime_sequence,Delta_H_recovery_product,-15.659277696098878,0.13283391442432305,0.014851283118508809,-15.686867729148094,-15.631434877112687,80
0.55,3600,boundary_v2_regime_sequence,strict_certified_mass_advantage,8.749999999999999e-05,0.001568630378968476,0.00017537820794723844,-0.0002003125,0.00043750000000000006,80
0.55,3600,boundary_v2_regime_sequence,certified_transport_density_advantage,-0.7578703703703704,0.019249364031567545,0.002152144324911222,-0.7622284784784784,-0.7538131881881883,80
0.55,3600,center_of_mass,Delta_R,-0.5391059476538628,0.06370540795770283,0.007122481136388978,-0.552362195946359,-0.5251522454735452,80
0.55,3600,center_of_mass,Delta_p_viable_product,0.00015000000000000001,0.0013416407864998738,0.00015,-0.00017531249999999999,0.0004003125000000001,80
0.55,3600,center_of_mass,Delta_H_cond_product,-7.272710411010593,0.12347869298280607,0.013805337564119032,-7.300394283211814,-7.249782086607561,80
0.55,3600,center_of_mass,Delta_H_weighted_product,-7.262423407380446,0.12354423122509807,0.01381266496236357,-7.289227501198345,-7.237429950844995,80
0.55,3600,center_of_mass,Delta_H_recovery_product,-7.273546124228398,0.12363276753846099,0.013822563623121405,-7.29667607035388,-7.250362413235529,80
0.55,3600,center_of_mass,strict_certified_mass_advantage,8.749999999999999e-05,0.001568630378968476,0.00017537820794723844,-0.00027531249999999995,0.00045031250000000014,80
0.55,3600,center_of_mass,certified_transport_density_advantage,0.003403403403403355,0.0021045443567073423,0.00023529521216305912,0.0030652527527526975,0.0038791916916916503,80
0.55,3600,identity_like_diagnostic,Delta_R,0.0,0.0,0.0,0.0,0.0,80
0.55,3600,identity_like_diagnostic,Delta_p_viable_product,0.00015000000000000001,0.0013416407864998738,0.00015,-0.00012500000000000003,0.00041312500000000013,80
0.55,3600,identity_like_diagnostic,Delta_H_cond_product,-6.9815662030340775,0.12314862894258435,0.013768435282575832,-7.009144110728699,-6.956977189937616,80
0.55,3600,identity_like_diagnostic,Delta_H_weighted_product,-6.971584062438756,0.12257803729705487,0.013704641197235962,-6.996296020322703,-6.94424607892504,80
0.55,3600,identity_like_diagnostic,Delta_H_recovery_product,-6.982672343192931,0.12337083799779615,0.013793279010209311,-7.013348771542472,-6.961292965289337,80
0.55,3600,identity_like_diagnostic,strict_certified_mass_advantage,8.749999999999999e-05,0.001568630378968476,0.00017537820794723844,-0.00022500000000000002,0.00043781250000000016,80
0.55,3600,identity_like_diagnostic,certified_transport_density_advantage,0.0,0.0,0.0,0.0,0.0,80
0.55,3600,joint_basin,Delta_R,-6.576372440564517,0.12767134335042576,0.014274090125513388,-6.601359800114677,-6.548677107661477,80
0.55,3600,joint_basin,Delta_p_viable_product,0.00015000000000000001,0.0013416407864998738,0.00015,-0.00016250000000000002,0.0004875,80
0.55,3600,joint_basin,Delta_H_cond_product,-9.317427478926692,0.1715703039320449,0.01918214312561759,-9.359472128454826,-9.278269928280242,80
0.55,3600,joint_basin,Delta_H_weighted_product,-9.30497965202206,0.16958380994005107,0.018960046345467937,-9.34226570279442,-9.2665401886351,80
0.55,3600,joint_basin,Delta_H_recovery_product,-9.316638576331915,0.17200056599254626,0.0192302478863886,-9.357226299666413,-9.278784021916687,80
0.55,3600,joint_basin,strict_certified_mass_advantage,8.749999999999999e-05,0.001568630378968476,0.00017537820794723844,-0.00022500000000000002,0.0004381250000000001,80
0.55,3600,joint_basin,certified_transport_density_advantage,0.8606356356356356,0.014366162239138761,0.0016061857671252429,0.857554742242242,0.8633899524524524,80
0.55,3600,random_kappa_matched,Delta_R,-0.0040294810204648,0.02609501992051405,0.002917511920824029,-0.009831212953189143,0.0009390197468222673,80
0.55,3600,random_kappa_matched,Delta_p_viable_product,0.00015000000000000001,0.0013416407864998738,0.00015,-0.00010062499999999999,0.00045000000000000004,80
0.55,3600,random_kappa_matched,Delta_H_cond_product,-9.165954842656385,0.12256892875061406,0.01370362283078507,-9.193581010699962,-9.13727456066441,80
0.55,3600,random_kappa_matched,Delta_H_weighted_product,-9.15365022184985,0.12176776773656964,0.01361405030636877,-9.17638439528505,-9.127513700280593,80
0.55,3600,random_kappa_matched,Delta_H_recovery_product,-9.168313480557966,0.12307327029002436,0.013760009929084986,-9.188711009694416,-9.13879722048845,80
0.55,3600,random_kappa_matched,strict_certified_mass_advantage,8.749999999999999e-05,0.001568630378968476,0.00017537820794723844,-0.000263125,0.0003878125000000001,80
0.55,3600,random_kappa_matched,certified_transport_density_advantage,-0.00018768768768768118,0.004007467205158998,0.00044804845441683076,-0.001040415415415402,0.0007016391391391469,80
0.55,3600,relative_distance,Delta_R,2.497512587934578e-05,0.0008724090439373426,9.753829632147494e-05,-0.0001502510277315863,0.0002254299414191908,80
0.55,3600,relative_distance,Delta_p_viable_product,0.00015000000000000001,0.0013416407864998738,0.00015,-0.00011343749999999999,0.0004625000000000001,80
0.55,3600,relative_distance,Delta_H_cond_product,-6.981791503786335,0.12310678004449704,0.013763756433530498,-7.006867419937506,-6.951902884456325,80
0.55,3600,relative_distance,Delta_H_weighted_product,-6.971809062438757,0.12254068946100875,0.013700465582225381,-7.002726689969498,-6.947056813945416,80
0.55,3600,relative_distance,Delta_H_recovery_product,-6.982897343192931,0.12332840407786487,0.013788534753733405,-7.008161103632697,-6.959392454441218,80
0.55,3600,relative_distance,strict_certified_mass_advantage,8.749999999999999e-05,0.001568630378968476,0.00017537820794723844,-0.00023781250000000001,0.0004003125000000001,80
0.55,3600,relative_distance,certified_transport_density_advantage,0.0,0.0,0.0,0.0,0.0,80
0.6,900,all_one_diagnostic,Delta_R,0.0001807349485329913,0.0023151322668534084,0.0002588396562793702,-0.00028998850930826134,0.0006866756952219594,80
0.6,900,all_one_diagnostic,Delta_p_viable_product,0.0001875,0.0014328315773718572,0.0001601954403655861,-0.00013812499999999996,0.0005128125000000001,80
0.6,900,all_one_diagnostic,Delta_H_cond_product,-8.980588964883072,0.10138420993360313,0.0113350992628323,-9.005623482907078,-8.95759218779104,80
0.6,900,all_one_diagnostic,Delta_H_weighted_product,-8.969677298352014,0.09963322467296137,0.011139333159312544,-8.991697825368286,-8.949148356217608,80
0.6,900,all_one_diagnostic,Delta_H_recovery_product,-8.986865703003149,0.10269864782658636,0.011482057886877907,-9.008759980281491,-8.965288852217594,80
0.6,900,all_one_diagnostic,strict_certified_mass_advantage,0.000125,0.0016020161348134208,0.0001791108489247138,-0.00025,0.0004003125000000001,80
0.6,900,all_one_diagnostic,certified_transport_density_advantage,0.0,0.0,0.0,0.0,0.0,80
0.6,900,basin_transition_profile,Delta_R,-2.0584764333398717,0.06650572069896298,0.007435565618774801,-2.0714197396115104,-2.044914194308307,80
0.6,900,basin_transition_profile,Delta_p_viable_product,0.0001875,0.0014328315773718572,0.0001601954403655861,-7.53125e-05,0.0005137500000000004,80
0.6,900,basin_transition_profile,Delta_H_cond_product,-6.123079395880119,0.11298206387716919,0.012631778753378687,-6.151694133786868,-6.101723404129615,80
0.6,900,basin_transition_profile,Delta_H_weighted_product,-6.115094359112577,0.11080493366129023,0.01238836819544998,-6.142667762672559,-6.093269858001805,80
0.6,900,basin_transition_profile,Delta_H_recovery_product,-6.1297334156182375,0.11442006198464623,0.012792551829370422,-6.155608399141263,-6.106748654856751,80
0.6,900,basin_transition_profile,strict_certified_mass_advantage,0.000125,0.0016020161348134208,0.0001791108489247138,-0.0002003125,0.0004403125000000007,80
0.6,900,basin_transition_profile,certified_transport_density_advantage,0.09757257257257254,0.007929979004319299,0.0008865986056902025,0.0959797297297297,0.09891141141141138,80
0.6,900,boundary_v2_regime_sequence,Delta_R,1.2566388328506994,0.07364065113479495,0.008233275092237428,1.2417340974430848,1.2729921525384766,80
0.6,900,boundary_v2_regime_sequence,Delta_p_viable_product,0.0001875,0.0014328315773718572,0.0001601954403655861,-0.00012593750000000002,0.0005131250000000002,80
0.6,900,boundary_v2_regime_sequence,Delta_H_cond_product,-7.762743676400953,0.10408005329559414,0.011636503713537475,-7.788952659556397,-7.741976003373826,80
0.6,900,boundary_v2_regime_sequence,Delta_H_weighted_product,-7.753078878153241,0.1024565638625396,0.011454992076884347,-7.774358757614181,-7.730831319133526,80
0.6,900,boundary_v2_regime_sequence,Delta_H_recovery_product,-7.763568596386072,0.10524189475910062,0.011766401538111392,-7.785972773839452,-7.744748692418884,80
0.6,900,boundary_v2_regime_sequence,strict_certified_mass_advantage,0.000125,0.0016020161348134208,0.0001791108489247138,-0.00025124999999999995,0.0004381250000000002,80
0.6,900,boundary_v2_regime_sequence,certified_transport_density_advantage,-0.09884884884884881,0.00921088932730533,0.0010298087334541014,-0.10086492742742739,-0.09717060810810807,80
0.6,900,center_of_mass,Delta_R,-0.12869146411232038,0.09553878870112323,0.010681561301185019,-0.14988920095663102,-0.10805141338822494,80
0.6,900,center_of_mass,Delta_p_viable_product,0.0001875,0.0014328315773718572,0.0001601954403655861,-0.00016249999999999997,0.00046375000000000035,80
0.6,900,center_of_mass,Delta_H_cond_product,-3.720594467934886,0.12283747848451232,0.01373364760380187,-3.7454328760990943,-3.6978836649448943,80
0.6,900,center_of_mass,Delta_H_weighted_product,-3.7150685343819148,0.12104104938353985,0.013532800724475205,-3.7429916394403957,-3.6882780703993268,80
0.6,900,center_of_mass,Delta_H_recovery_product,-3.721789681973109,0.12374039230294608,0.013834596437593959,-3.749354836946103,-3.694756306365892,80
0.6,900,center_of_mass,strict_certified_mass_advantage,0.000125,0.0016020161348134208,0.0001791108489247138,-0.00018781250000000002,0.00046281250000000017,80
0.6,900,center_of_mass,certified_transport_density_advantage,0.030693193193193146,0.026183905979023373,0.002927449684277972,0.024400025025024984,0.0362387387387387,80
0.6,900,identity_like_diagnostic,Delta_R,0.00014972381975121677,0.0014518764050906112,0.0001623247168355314,-0.00010023669442680032,0.00045015022230047704,80
0.6,900,identity_like_diagnostic,Delta_p_viable_product,0.0001875,0.0014328315773718572,0.0001601954403655861,-0.0001128125,0.0005250000000000001,80
0.6,900,identity_like_diagnostic,Delta_H_cond_product,0.9831896895133919,0.10158684997940058,0.01135775510870064,0.9603628471552005,1.0070519546124044,80
0.6,900,identity_like_diagnostic,Delta_H_weighted_product,0.98388981108933,0.10072621137502295,0.011261532787528193,0.962065065144813,1.003688797497022,80
0.6,900,identity_like_diagnostic,Delta_H_recovery_product,0.9783935816589387,0.10285585282860898,0.011499633940424185,0.9560005129368537,1.000532808305866,80
0.6,900,identity_like_diagnostic,strict_certified_mass_advantage,0.000125,0.0016020161348134208,0.0001791108489247138,-0.000175625,0.0005253125000000002,80
0.6,900,identity_like_diagnostic,certified_transport_density_advantage,0.0,0.0,0.0,0.0,0.0,80
0.6,900,joint_basin,Delta_R,-3.1069802386481604,0.07260020405924338,0.008116949572841217,-3.1220054938548563,-3.0914629452154956,80
0.6,900,joint_basin,Delta_p_viable_product,0.0001875,0.0014328315773718572,0.0001601954403655861,-0.0001503125,0.0004881250000000002,80
0.6,900,joint_basin,Delta_H_cond_product,-4.905107808238251,0.11531152556618136,0.012892220487759322,-4.932092891783938,-4.88410375388337,80
0.6,900,joint_basin,Delta_H_weighted_product,-4.898362962134945,0.11313630415631475,0.012649023340830588,-4.921282763674096,-4.871828749607759,80
0.6,900,joint_basin,Delta_H_recovery_product,-4.911280960835154,0.11695890493878981,0.013076403100853494,-4.936331230547818,-4.888223665583153,80
0.6,900,joint_basin,strict_certified_mass_advantage,0.000125,0.0016020161348134208,0.0001791108489247138,-0.00022500000000000002,0.0004875,80
0.6,900,joint_basin,certified_transport_density_advantage,0.2857357357357357,0.013220333875496398,0.0014780782615426593,0.2824555805805805,0.2885904654654654,80
0.6,900,random_kappa_matched,Delta_R,0.08320545868028187,0.04752695166193166,0.005313674733971289,0.07284826675966442,0.0921981671089208,80
0.6,900,random_kappa_matched,Delta_p_viable_product,0.0001875,0.0014328315773718572,0.0001601954403655861,-0.00012624999999999995,0.00047500000000000005,80
0.6,900,random_kappa_matched,Delta_H_cond_product,-1.5206013051955434,0.1075243100138018,0.012021583321231108,-1.546543877953952,-1.4984226359196091,80
0.6,900,random_kappa_matched,Delta_H_weighted_product,-1.5173400050487909,0.10580506864941608,0.01182936629320631,-1.545733425025295,-1.493369395968326,80
0.6,900,random_kappa_matched,Delta_H_recovery_product,-1.5258479217317635,0.1088425403622659,0.012168965954689557,-1.5521235003944838,-1.5008591463456236,80
0.6,900,random_kappa_matched,strict_certified_mass_advantage,0.000125,0.0016020161348134208,0.0001791108489247138,-0.00015125,0.0004756250000000002,80
0.6,900,random_kappa_matched,certified_transport_density_advantage,-0.00217717717717717,0.005892532630816633,0.0006588051761070832,-0.0034787912912912634,-0.00107513763763764,80
0.6,900,relative_distance,Delta_R,0.375120920051538,0.06841939323188076,0.00764952071228872,0.36247153899450335,0.3897871994934421,80
0.6,900,relative_distance,Delta_p_viable_product,0.0001875,0.0014328315773718572,0.0001601954403655861,-0.0001503125,0.0004506250000000002,80
0.6,900,relative_distance,Delta_H_cond_product,-0.765449313032228,0.11416833920289025,0.012764408366795838,-0.7890305240866111,-0.7417984206478002,80
0.6,900,relative_distance,Delta_H_weighted_product,-0.7629493354423103,0.11417747034405591,0.012765429259413765,-0.7912642813340481,-0.7401980575486483,80
0.6,900,relative_distance,Delta_H_recovery_product,-0.7684705648727016,0.1147427676241162,0.012828631416699291,-0.7931091628875357,-0.747032721542745,80
0.6,900,relative_distance,strict_certified_mass_advantage,0.000125,0.0016020161348134208,0.0001791108489247138,-0.00021250000000000002,0.00046281250000000006,80
0.6,900,relative_distance,certified_transport_density_advantage,-0.003353353353353334,0.003314591832116473,0.0003705826327139002,-0.004041854354354329,-0.002689251751751738,80
0.6,1500,all_one_diagnostic,Delta_R,0.0001807349485329913,0.0023151322668534084,0.0002588396562793702,-0.0002713482211906095,0.0006515961580764748,80
0.6,1500,all_one_diagnostic,Delta_p_viable_product,0.0001875,0.0014328315773718572,0.0001601954403655861,-0.0001128125,0.00046281250000000017,80
0.6,1500,all_one_diagnostic,Delta_H_cond_product,-11.595010615391299,0.1295245043148733,0.014481279820001075,-11.626499012574643,-11.569926741002302,80
0.6,1500,all_one_diagnostic,Delta_H_weighted_product,-11.580921806040136,0.12721812139151895,0.014223418370062824,-11.607310924147212,-11.555293205274262,80
0.6,1500,all_one_diagnostic,Delta_H_recovery_product,-11.600245804684175,0.13052897642085678,0.014593583215525148,-11.626823504272993,-11.574181810787207,80
0.6,1500,all_one_diagnostic,strict_certified_mass_advantage,0.000125,0.0016020161348134208,0.0001791108489247138,-0.00019999999999999996,0.0004625000000000001,80
0.6,1500,all_one_diagnostic,certified_transport_density_advantage,0.0,0.0,0.0,0.0,0.0,80
0.6,1500,basin_transition_profile,Delta_R,-2.558269017241833,0.07182620412049116,0.008030413748959686,-2.5731621146514496,-2.5437086352493443,80
0.6,1500,basin_transition_profile,Delta_p_viable_product,0.0001875,0.0014328315773718572,0.0001601954403655861,-0.00013750000000000004,0.0005503125,80
0.6,1500,basin_transition_profile,Delta_H_cond_product,-8.287129807923417,0.1333550994198497,0.014909553372451333,-8.315472526005621,-8.259339551635064,80
0.6,1500,basin_transition_profile,Delta_H_weighted_product,-8.27642342774661,0.13097089947016236,0.01464299171447871,-8.306460330778782,-8.251917712463277,80
0.6,1500,basin_transition_profile,Delta_H_recovery_product,-8.291487169527889,0.13427256695612488,0.015012129361364363,-8.317867477169054,-8.26583898330893,80
0.6,1500,basin_transition_profile,strict_certified_mass_advantage,0.000125,0.0016020161348134208,0.0001791108489247138,-0.00025031249999999994,0.0004506250000000002,80
0.6,1500,basin_transition_profile,certified_transport_density_advantage,0.17020770770770766,0.010999421118177543,0.0012297726666695866,0.16797422422422417,0.17246308808808802,80
0.6,1500,boundary_v2_regime_sequence,Delta_R,2.256036135661044,0.09042686051796578,0.010110030355503166,2.233136871819,2.2754928434059574,80
0.6,1500,boundary_v2_regime_sequence,Delta_p_viable_product,0.0001875,0.0014328315773718572,0.0001601954403655861,-8.843750000000002e-05,0.0005003125000000002,80
0.6,1500,boundary_v2_regime_sequence,Delta_H_cond_product,-10.374518826570775,0.13023692375694984,0.014560930735049856,-10.401081783056577,-10.346345976928601,80
0.6,1500,boundary_v2_regime_sequence,Delta_H_weighted_product,-10.361679302892924,0.1281260760191588,0.014324930783457234,-10.387384884837678,-10.335856718991245,80
0.6,1500,boundary_v2_regime_sequence,Delta_H_recovery_product,-10.374304615118659,0.1308730957100045,0.014632056921670307,-10.399969115049895,-10.34416008287797,80
0.6,1500,boundary_v2_regime_sequence,strict_certified_mass_advantage,0.000125,0.0016020161348134208,0.0001791108489247138,-0.0002003125,0.00045,80
0.6,1500,boundary_v2_regime_sequence,certified_transport_density_advantage,-0.2677677677677678,0.014240263841617777,0.0015921098983694823,-0.27102321071071067,-0.26439846096096087,80
0.6,1500,center_of_mass,Delta_R,-0.3401786939412538,0.09483755005729318,0.01060316043738233,-0.36001077670017106,-0.3192112179304715,80
0.6,1500,center_of_mass,Delta_p_viable_product,0.0001875,0.0014328315773718572,0.0001601954403655861,-0.00011250000000000001,0.0005009375000000003,80
0.6,1500,center_of_mass,Delta_H_cond_product,-4.684178523180426,0.14723548310201667,0.016461427445806545,-4.713931465872431,-4.654694661990669,80
0.6,1500,center_of_mass,Delta_H_weighted_product,-4.677165086743458,0.14646938173769314,0.016375774709392405,-4.708611405482768,-4.649253995784938,80
0.6,1500,center_of_mass,Delta_H_recovery_product,-4.685450601700817,0.14740809925545054,0.016480726518461174,-4.719151591401593,-4.653219687168693,80
0.6,1500,center_of_mass,strict_certified_mass_advantage,0.000125,0.0016020161348134208,0.0001791108489247138,-0.0001875,0.0004753125000000001,80
0.6,1500,center_of_mass,certified_transport_density_advantage,0.062087087087087045,0.01700842472378789,0.0019015996936288901,0.05903184434434431,0.0659556431431431,80
0.6,1500,identity_like_diagnostic,Delta_R,0.0,0.0,0.0,0.0,0.0,80
0.6,1500,identity_like_diagnostic,Delta_p_viable_product,0.0001875,0.0014328315773718572,0.0001601954403655861,-0.00011281250000000002,0.0004249999999999999,80
0.6,1500,identity_like_diagnostic,Delta_H_cond_product,-1.630706610494034,0.12965022842397886,0.014495336202719608,-1.6560465541088503,-1.60008805010214,80
0.6,1500,identity_like_diagnostic,Delta_H_weighted_product,-1.626829696598793,0.1286367240871235,0.014382022973084637,-1.6566516361488934,-1.600859517008262,80
0.6,1500,identity_like_diagnostic,Delta_H_recovery_product,-1.634461520022087,0.1305289764208568,0.01459358321552515,-1.6624183687614387,-1.6073967708952588,80
0.6,1500,identity_like_diagnostic,strict_certified_mass_advantage,0.000125,0.0016020161348134208,0.0001791108489247138,-0.0002,0.000475,80
0.6,1500,identity_like_diagnostic,certified_transport_density_advantage,0.0,0.0,0.0,0.0,0.0,80
0.6,1500,joint_basin,Delta_R,-4.946029701348282,0.10745574332926514,0.01201391733285032,-4.970971972443232,-4.922892198104089,80
0.6,1500,joint_basin,Delta_p_viable_product,0.0001875,0.0014328315773718572,0.0001601954403655861,-0.00013843749999999997,0.0005,80
0.6,1500,joint_basin,Delta_H_cond_product,-5.618588544907758,0.14752752072425165,0.016494078244571785,-5.648882633422596,-5.58131976966511,80
0.6,1500,joint_basin,Delta_H_weighted_product,-5.610609018265881,0.14564676238773766,0.01628380307008705,-5.638045636801809,-5.581782418717386,80
0.6,1500,joint_basin,Delta_H_recovery_product,-5.622675475239566,0.14855724902609418,0.01660920536863555,-5.653773096873963,-5.591505103149586,80
0.6,1500,joint_basin,strict_certified_mass_advantage,0.000125,0.0016020161348134208,0.0001791108489247138,-0.0001875,0.0005253125000000001,80
0.6,1500,joint_basin,certified_transport_density_advantage,0.7099224224224224,0.01745791266663782,0.0019518539733928396,0.7062678303303305,0.713439064064064,80
0.6,1500,random_kappa_matched,Delta_R,-0.04475855938596827,0.0321599553685432,0.0035955923178710948,-0.05313854742099812,-0.03889478637406734,80
0.6,1500,random_kappa_matched,Delta_p_viable_product,0.0001875,0.0014328315773718572,0.0001601954403655861,-8.75e-05,0.0005253125000000001,80
0.6,1500,random_kappa_matched,Delta_H_cond_product,-3.8336822082592747,0.13240573271059802,0.014803410947578232,-3.859223599743948,-3.8096296544804957,80
0.6,1500,random_kappa_matched,Delta_H_weighted_product,-3.827552331037778,0.1309727307721372,0.014643196460263864,-3.8567934160121906,-3.7978288480628533,80
0.6,1500,random_kappa_matched,Delta_H_recovery_product,-3.8385009734395283,0.1331989604657059,0.01489209650668127,-3.8667061321947127,-3.805621473861454,80
0.6,1500,random_kappa_matched,strict_certified_mass_advantage,0.000125,0.0016020161348134208,0.0001791108489247138,-0.00021437500000000002,0.0004384375000000003,80
0.6,1500,random_kappa_matched,certified_transport_density_advantage,0.001338838838838825,0.0038717654125831626,0.00043287653277342353,0.0005874624624624533,0.002277277277277248,80
0.6,1500,relative_distance,Delta_R,0.1524211487506833,0.034023457440162254,0.003803938183288689,0.14528272933863198,0.16013274134767844,80
0.6,1500,relative_distance,Delta_p_viable_product,0.0001875,0.0014328315773718572,0.0001601954403655861,-0.0001378125,0.00042562500000000017,80
0.6,1500,relative_distance,Delta_H_cond_product,-2.0060706850842713,0.13666967483379092,0.015280134169557437,-2.03818727195017,-1.9806248028951388,80
0.6,1500,relative_distance,Delta_H_weighted_product,-2.0018043128936114,0.13592285978138607,0.015196637708367572,-2.031902350916046,-1.9762150810026922,80
0.6,1500,relative_distance,Delta_H_recovery_product,-2.0094361363169053,0.13741707058375358,0.015363695554707985,-2.043078787065496,-1.981991657643952,80
0.6,1500,relative_distance,strict_certified_mass_advantage,0.000125,0.0016020161348134208,0.0001791108489247138,-0.00026250000000000004,0.0005012500000000004,80
0.6,1500,relative_distance,certified_transport_density_advantage,-3.7537537537532494e-05,0.0004043014559301568,4.52022769430983e-05,-0.00011261261261260124,5.005005005004875e-05,80
0.6,2400,all_one_diagnostic,Delta_R,0.0001807349485329913,0.0023151322668534084,0.0002588396562793702,-0.0003079707149681713,0.0007418815520188932,80
0.6,2400,all_one_diagnostic,Delta_p_viable_product,0.0001875,0.0014328315773718572,0.0001601954403655861,-0.0001509375,0.0004884375000000003,80
0.6,2400,all_one_diagnostic,Delta_H_cond_product,-14.49109548211199,0.13382077621276234,0.014961617620676172,-14.52059393442065,-14.462151586467915,80
0.6,2400,all_one_diagnostic,Delta_H_weighted_product,-14.473497632847335,0.13154175946368446,0.014706815802036236,-14.505461209286455,-14.448605371910912,80
0.6,2400,all_one_diagnostic,Delta_H_recovery_product,-14.494813312083824,0.13448521848297448,0.015035904524842103,-14.527218574935782,-14.46971412060232,80
0.6,2400,all_one_diagnostic,strict_certified_mass_advantage,0.000125,0.0016020161348134208,0.0001791108489247138,-0.0002509375,0.00043781250000000016,80
0.6,2400,all_one_diagnostic,certified_transport_density_advantage,0.0,0.0,0.0,0.0,0.0,80
0.6,2400,basin_transition_profile,Delta_R,-2.6707915319831557,0.08040586368568589,0.008989648849538772,-2.686111160491317,-2.652616693288689,80
0.6,2400,basin_transition_profile,Delta_p_viable_product,0.0001875,0.0014328315773718572,0.0001601954403655861,-0.00012624999999999998,0.0005000000000000001,80
0.6,2400,basin_transition_profile,Delta_H_cond_product,-11.107819750452794,0.13857723212198877,0.015493405557926715,-11.137471289980287,-11.080087617922258,80
0.6,2400,basin_transition_profile,Delta_H_weighted_product,-11.093682082094855,0.13799426951644844,0.015428228357210286,-11.121251590270322,-11.066615147709939,80
0.6,2400,basin_transition_profile,Delta_H_recovery_product,-11.110755825077696,0.13890360840628443,0.01552989553582316,-11.143844144442747,-11.08089229751882,80
0.6,2400,basin_transition_profile,strict_certified_mass_advantage,0.000125,0.0016020161348134208,0.0001791108489247138,-0.00021281249999999995,0.0005253125000000002,80
0.6,2400,basin_transition_profile,certified_transport_density_advantage,0.18877627627627622,0.013159554112066658,0.0014712828774083966,0.18575794544544538,0.19141985735735728,80
0.6,2400,boundary_v2_regime_sequence,Delta_R,3.685021115899602,0.11177026496001824,0.012496295515688179,3.6605735099895296,3.7103833009967975,80
0.6,2400,boundary_v2_regime_sequence,Delta_p_viable_product,0.0001875,0.0014328315773718572,0.0001601954403655861,-0.0001128125,0.000475,80
0.6,2400,boundary_v2_regime_sequence,Delta_H_cond_product,-13.265090996534264,0.13752467099209723,0.015375725646081142,-13.290511039094408,-13.237424699340735,80
0.6,2400,boundary_v2_regime_sequence,Delta_H_weighted_product,-13.24874772282546,0.13561435286586926,0.015162145586636354,-13.275643506647729,-13.219343171083912,80
0.6,2400,boundary_v2_regime_sequence,Delta_H_recovery_product,-13.263364715643643,0.13786218827774752,0.015413461225795904,-13.289431549647999,-13.233479409462877,80
0.6,2400,boundary_v2_regime_sequence,strict_certified_mass_advantage,0.000125,0.0016020161348134208,0.0001791108489247138,-0.00023781250000000001,0.00045031250000000014,80
0.6,2400,boundary_v2_regime_sequence,certified_transport_density_advantage,-0.5288913913913913,0.01832737871294361,0.0020490632325762255,-0.5325581831831832,-0.5251980105105105,80
0.6,2400,center_of_mass,Delta_R,-0.6262049997396092,0.09552153971841401,0.010679632806290992,-0.6464102544408488,-0.6039846032831302,80
0.6,2400,center_of_mass,Delta_p_viable_product,0.0001875,0.0014328315773718572,0.0001601954403655861,-0.00016281249999999998,0.0005,80
0.6,2400,center_of_mass,Delta_H_cond_product,-5.802979390435041,0.15265717029053205,0.01706759050111955,-5.837509035872963,-5.771272589443485,80
0.6,2400,center_of_mass,Delta_H_weighted_product,-5.794281037355227,0.15170009463747722,0.016960586190127518,-5.8261284128776225,-5.766117576490425,80
0.6,2400,center_of_mass,Delta_H_recovery_product,-5.804070105277195,0.15287777937884542,0.017092255347015695,-5.841102372787856,-5.770078074076327,80
0.6,2400,center_of_mass,strict_certified_mass_advantage,0.000125,0.0016020161348134208,0.0001791108489247138,-0.0001753125,0.0004631250000000002,80
0.6,2400,center_of_mass,certified_transport_density_advantage,0.02642642642642638,0.007242178515309742,0.0008097001732710542,0.02486173673673668,0.028079329329329293,80
0.6,2400,identity_like_diagnostic,Delta_R,0.0,0.0,0.0,0.0,0.0,80
0.6,2400,identity_like_diagnostic,Delta_p_viable_product,0.0001875,0.0014328315773718572,0.0001601954403655861,-0.00013781249999999997,0.0005009375000000002,80
0.6,2400,identity_like_diagnostic,Delta_H_cond_product,-4.526791477214725,0.13391042575448822,0.014971640744148711,-4.5604362044744144,-4.493845531980042,80
0.6,2400,identity_like_diagnostic,Delta_H_weighted_product,-4.5194055234059896,0.13264418660146038,0.01483007090305161,-4.550709145156814,-4.4933307459926795,80
0.6,2400,identity_like_diagnostic,Delta_H_recovery_product,-4.529029027421734,0.13448521848297454,0.01503590452484211,-4.560898530535884,-4.497947284167086,80
0.6,2400,identity_like_diagnostic,strict_certified_mass_advantage,0.000125,0.0016020161348134208,0.0001791108489247138,-0.00013968749999999995,0.0004634375000000003,80
0.6,2400,identity_like_diagnostic,certified_transport_density_advantage,0.0,0.0,0.0,0.0,0.0,80
0.6,2400,joint_basin,Delta_R,-6.091423061089172,0.128115778383244,0.014323779472761585,-6.120199869525796,-6.067862585008719,80
0.6,2400,joint_basin,Delta_p_viable_product,0.0001875,0.0014328315773718572,0.0001601954403655861,-8.843749999999997e-05,0.0005006250000000002,80
0.6,2400,joint_basin,Delta_H_cond_product,-7.349854574239751,0.15470978379691755,0.017297079667710158,-7.38364997535088,-7.316970596337561,80
0.6,2400,joint_basin,Delta_H_weighted_product,-7.339557357387875,0.1544263904410404,0.017265395327304502,-7.376307905758377,-7.311420575344365,80
0.6,2400,joint_basin,Delta_H_recovery_product,-7.350395919318134,0.15468084432969145,0.017293844136912647,-7.3839691220434664,-7.3185500985580685,80
0.6,2400,joint_basin,strict_certified_mass_advantage,0.000125,0.0016020161348134208,0.0001791108489247138,-0.0002128125,0.00043781250000000016,80
0.6,2400,joint_basin,certified_transport_density_advantage,0.8247247247247248,0.01521231396968605,0.001700788406564384,0.8218215090090091,0.8278168793793792,80
0.6,2400,random_kappa_matched,Delta_R,-0.0009644099625116855,0.025044076664863624,0.002800012892817564,-0.006542585063995552,0.004783596604629943,80
0.6,2400,random_kappa_matched,Delta_p_viable_product,0.0001875,0.0014328315773718572,0.0001601954403655861,-0.00013749999999999998,0.00046281250000000017,80
0.6,2400,random_kappa_matched,Delta_H_cond_product,-6.7123506906676935,0.13443203257574304,0.01502995815964138,-6.745838902950088,-6.683317527384959,80
0.6,2400,random_kappa_matched,Delta_H_weighted_product,-6.7027240554672405,0.13304905201701372,0.01487533623259741,-6.728938083510963,-6.674013302083212,80
0.6,2400,random_kappa_matched,Delta_H_recovery_product,-6.71607343752095,0.13508574571074633,0.015103045510023972,-6.746867993032357,-6.6898065843776,80
0.6,2400,random_kappa_matched,strict_certified_mass_advantage,0.000125,0.0016020161348134208,0.0001791108489247138,-0.000225625,0.0004631250000000002,80
0.6,2400,random_kappa_matched,certified_transport_density_advantage,0.00015015015015013879,0.00432706646983049,0.0004837807384850509,-0.0007516891891891982,0.0010410410410410268,80
0.6,2400,relative_distance,Delta_R,0.010998498128326303,0.007562875221195681,0.000845555154997115,0.009501970165361537,0.012638075534565146,80
0.6,2400,relative_distance,Delta_p_viable_product,0.0001875,0.0014328315773718572,0.0001601954403655861,-0.00013781249999999997,0.0005124999999999999,80
0.6,2400,relative_distance,Delta_H_cond_product,-4.545296380563505,0.13472384735118456,0.015062584043377682,-4.571076661803338,-4.514197861318066,80
0.6,2400,relative_distance,Delta_H_weighted_product,-4.537890937000199,0.1334679305117233,0.014922168272021577,-4.561055761644358,-4.50642674095639,80
0.6,2400,relative_distance,Delta_H_recovery_product,-4.547514441015943,0.13529884719873012,0.015126870980685877,-4.573380713168007,-4.516629566791727,80
0.6,2400,relative_distance,strict_certified_mass_advantage,0.000125,0.0016020161348134208,0.0001791108489247138,-0.00017500000000000003,0.0005128125000000002,80
0.6,2400,relative_distance,certified_transport_density_advantage,0.0,0.0,0.0,0.0,0.0,80
0.6,3600,all_one_diagnostic,Delta_R,0.0001807349485329913,0.0023151322668534084,0.0002588396562793702,-0.0002892966192333377,0.0006690694705772055,80
0.6,3600,all_one_diagnostic,Delta_p_viable_product,0.0001875,0.0014328315773718572,0.0001601954403655861,-0.00011250000000000001,0.0004634375000000003,80
0.6,3600,all_one_diagnostic,Delta_H_cond_product,-16.9458161160834,0.12300649189801545,0.013752543877886983,-16.969896949024037,-16.92248601175165,80
0.6,3600,all_one_diagnostic,Delta_H_weighted_product,-16.925248344789075,0.12121283070139521,0.01355200645967466,-16.948737185532316,-16.895674612894425,80
0.6,3600,all_one_diagnostic,Delta_H_recovery_product,-16.948456627855016,0.12337083799779613,0.01379327901020931,-16.974532835271674,-16.9226889768341,80
0.6,3600,all_one_diagnostic,strict_certified_mass_advantage,0.000125,0.0016020161348134208,0.0001791108489247138,-0.00021250000000000002,0.00047531250000000015,80
0.6,3600,all_one_diagnostic,certified_transport_density_advantage,0.0,0.0,0.0,0.0,0.0,80
0.6,3600,basin_transition_profile,Delta_R,-2.7992737234209777,0.06919235162087026,0.007735940087366682,-2.814222465314794,-2.7822864106827283,80
0.6,3600,basin_transition_profile,Delta_p_viable_product,0.0001875,0.0014328315773718572,0.0001601954403655861,-0.00012499999999999998,0.0005503125000000001,80
0.6,3600,basin_transition_profile,Delta_H_cond_product,-13.440073031066595,0.13120633608533463,0.014669314328274594,-13.469791821931727,-13.414247952682375,80
0.6,3600,basin_transition_profile,Delta_H_weighted_product,-13.423089821596625,0.12953074024828454,0.01448197701855161,-13.450447114280736,-13.397399980564035,80
0.6,3600,basin_transition_profile,Delta_H_recovery_product,-13.442484272674795,0.1318866293778252,0.014745373430606895,-13.468409781848301,-13.415825457343521,80
0.6,3600,basin_transition_profile,strict_certified_mass_advantage,0.000125,0.0016020161348134208,0.0001791108489247138,-0.00023843750000000002,0.0004512500000000003,80
0.6,3600,basin_transition_profile,certified_transport_density_advantage,0.2073073073073073,0.013483186650067711,0.0015074660951434535,0.20462869119119115,0.21013826326326326,80
0.6,3600,boundary_v2_regime_sequence,Delta_R,5.167950893600468,0.12905024178924682,0.014428255657676997,5.141674708701867,5.19552931127381,80
0.6,3600,boundary_v2_regime_sequence,Delta_p_viable_product,0.0001875,0.0014328315773718572,0.0001601954403655861,-0.000113125,0.0005128125000000002,80
0.6,3600,boundary_v2_regime_sequence,Delta_H_cond_product,-15.709741102171824,0.13022096530602528,0.01455914652599571,-15.736577281683017,-15.679456318905668,80
0.6,3600,boundary_v2_regime_sequence,Delta_H_weighted_product,-15.690437276563994,0.1290916366433079,0.01443288374305696,-15.715337041362165,-15.66510817061609,80
0.6,3600,boundary_v2_regime_sequence,Delta_H_recovery_product,-15.70694687321164,0.1296820977695012,0.014498899303868927,-15.73692099404554,-15.673043708853534,80
0.6,3600,boundary_v2_regime_sequence,strict_certified_mass_advantage,0.000125,0.0016020161348134208,0.0001791108489247138,-0.0002,0.0004878125000000002,80
0.6,3600,boundary_v2_regime_sequence,certified_transport_density_advantage,-0.7566566566566566,0.0196107479847009,0.0021925482791704106,-0.7611780530530531,-0.7525888388388388,80
0.6,3600,center_of_mass,Delta_R,-0.5508861539688134,0.06580307402396852,0.007357007332302212,-0.5631512687609145,-0.5379442088085552,80
0.6,3600,center_of_mass,Delta_p_viable_product,0.0001875,0.0014328315773718572,0.0001601954403655861,-0.00015000000000000001,0.0005128125000000001,80
0.6,3600,center_of_mass,Delta_H_cond_product,-7.260876112847697,0.13048697952072205,0.01458888781934787,-7.290478990804048,-7.232107195953257,80
0.6,3600,center_of_mass,Delta_H_weighted_product,-7.250232511817721,0.13039416048651423,0.014578510335843143,-7.279346758227079,-7.222093594787022,80
0.6,3600,center_of_mass,Delta_H_recovery_product,-7.261773619662921,0.1305804853040211,0.014599342083735175,-7.291479160522463,-7.237240710456899,80
0.6,3600,center_of_mass,strict_certified_mass_advantage,0.000125,0.0016020161348134208,0.0001791108489247138,-0.0002003125,0.0005253125000000002,80
0.6,3600,center_of_mass,certified_transport_density_advantage,0.003428428428428381,0.0022056264421601275,0.00024659653288205263,0.0029144769769769317,0.0039167292292291815,80
0.6,3600,identity_like_diagnostic,Delta_R,0.0,0.0,0.0,0.0,0.0,80
0.6,3600,identity_like_diagnostic,Delta_p_viable_product,0.0001875,0.0014328315773718572,0.0001601954403655861,-0.00016375,0.0005753125000000001,80
0.6,3600,identity_like_diagnostic,Delta_H_cond_product,-6.981512111186132,0.12324806199221472,0.013779552235485012,-7.008480913226393,-6.958725256313345,80
0.6,3600,identity_like_diagnostic,Delta_H_weighted_product,-6.971156235347729,0.12353138395763438,0.013811228594194874,-6.9955393459034045,-6.944432856479308,80
0.6,3600,identity_like_diagnostic,Delta_H_recovery_product,-6.982672343192931,0.12337083799779613,0.01379327901020931,-7.009945512705917,-6.956208154945387,80
0.6,3600,identity_like_diagnostic,strict_certified_mass_advantage,0.000125,0.0016020161348134208,0.0001791108489247138,-0.0002625,0.00047562500000000014,80
0.6,3600,identity_like_diagnostic,certified_transport_density_advantage,0.0,0.0,0.0,0.0,0.0,80
0.6,3600,joint_basin,Delta_R,-6.672342569997014,0.127835807186227,0.014292477741347984,-6.702013132831309,-6.646912364425256,80
0.6,3600,joint_basin,Delta_p_viable_product,0.0001875,0.0014328315773718572,0.0001601954403655861,-0.0001378125,0.0005375,80
0.6,3600,joint_basin,Delta_H_cond_product,-9.221403257646255,0.15619737400379224,0.017463397308971895,-9.254837303074906,-9.188888245469542,80
0.6,3600,joint_basin,Delta_H_weighted_product,-9.208733982354925,0.1566024441683871,0.017508685530156453,-9.244901063973886,-9.175199251189703,80
0.6,3600,joint_basin,Delta_H_recovery_product,-9.22083013555005,0.15574287741744933,0.01741258304584168,-9.248019787116013,-9.19058730039727,80
0.6,3600,joint_basin,strict_certified_mass_advantage,0.000125,0.0016020161348134208,0.0001791108489247138,-0.0002128125,0.0005628125,80
0.6,3600,joint_basin,certified_transport_density_advantage,0.8717217217217218,0.01277357192796919,0.0014281287573211078,0.8688610485485486,0.8747156531531531,80
0.6,3600,random_kappa_matched,Delta_R,-0.002962652325897634,0.022245033250817864,0.0024870703255285933,-0.008065234688624225,0.0014178942970249566,80
0.6,3600,random_kappa_matched,Delta_p_viable_product,0.0001875,0.0014328315773718572,0.0001601954403655861,-0.00012531250000000002,0.00045031250000000014,80
0.6,3600,random_kappa_matched,Delta_H_cond_product,-9.166967579503005,0.12270686847232043,0.013719044960511712,-9.197155539563012,-9.141511799451225,80
0.6,3600,random_kappa_matched,Delta_H_weighted_product,-9.15437386300274,0.12221450961633468,0.013663997566946303,-9.178072880168603,-9.12163187608426,80
0.6,3600,random_kappa_matched,Delta_H_recovery_product,-9.169380239826676,0.12307526959803744,0.013760233458516246,-9.199153573783827,-9.142489393008649,80
0.6,3600,random_kappa_matched,strict_certified_mass_advantage,0.000125,0.0016020161348134208,0.0001791108489247138,-0.000275,0.00043750000000000006,80
0.6,3600,random_kappa_matched,certified_transport_density_advantage,-0.00013763763763763125,0.004176853953516201,0.0004669864686075486,-0.000888701201201189,0.0008139389389389165,80
0.6,3600,relative_distance,Delta_R,2.4799548897145012e-05,0.0009284203519890316,0.00010380055093708782,-0.0001762953126917235,0.00022502564813936047,80
0.6,3600,relative_distance,Delta_p_viable_product,0.0001875,0.0014328315773718572,0.0001601954403655861,-0.00013749999999999998,0.0005128125000000002,80
0.6,3600,relative_distance,Delta_H_cond_product,-6.981737236361406,0.12320828429294114,0.0137751049535068,-7.010207594118999,-6.957412900765633,80
0.6,3600,relative_distance,Delta_H_weighted_product,-6.97138123534773,0.12347244567861,0.013804639094276105,-7.001028855686959,-6.943165065030375,80
0.6,3600,relative_distance,Delta_H_recovery_product,-6.982897343192931,0.12333379935212035,0.01378913796373303,-7.006857930044107,-6.958903205441145,80
0.6,3600,relative_distance,strict_certified_mass_advantage,0.000125,0.0016020161348134208,0.0001791108489247138,-0.0001875,0.0004875,80
0.6,3600,relative_distance,certified_transport_density_advantage,0.0,0.0,0.0,0.0,0.0,80
