decoder_id,target_label,decoded_source_label,decoder_kind,claim_boundary
dec::identity_channel::D_A::E_A::bayes_optimal_decoder,0,0,bayes_optimal_decoder,"finite stochastic channel probe; scope limited to declared channel, distinction, decoder, threshold, and formal-consumption measurements"
dec::identity_channel::D_A::E_A::bayes_optimal_decoder,1,1,bayes_optimal_decoder,"finite stochastic channel probe; scope limited to declared channel, distinction, decoder, threshold, and formal-consumption measurements"
dec::identity_channel::D_A::E_A::exact_decoder,0,0,exact_decoder,"finite stochastic channel probe; scope limited to declared channel, distinction, decoder, threshold, and formal-consumption measurements"
dec::identity_channel::D_A::E_A::exact_decoder,1,1,exact_decoder,"finite stochastic channel probe; scope limited to declared channel, distinction, decoder, threshold, and formal-consumption measurements"
dec::identity_channel::D_A::E_A::declared_decoder,0,0,declared_decoder,"finite stochastic channel probe; scope limited to declared channel, distinction, decoder, threshold, and formal-consumption measurements"
dec::identity_channel::D_A::E_A::declared_decoder,1,1,declared_decoder,"finite stochastic channel probe; scope limited to declared channel, distinction, decoder, threshold, and formal-consumption measurements"
dec::identity_channel::D_A::E_B::bayes_optimal_decoder,0,1,bayes_optimal_decoder,"finite stochastic channel probe; scope limited to declared channel, distinction, decoder, threshold, and formal-consumption measurements"
dec::identity_channel::D_A::E_B::bayes_optimal_decoder,1,1,bayes_optimal_decoder,"finite stochastic channel probe; scope limited to declared channel, distinction, decoder, threshold, and formal-consumption measurements"
dec::identity_channel::D_A::E_B::declared_decoder,0,0,declared_decoder,"finite stochastic channel probe; scope limited to declared channel, distinction, decoder, threshold, and formal-consumption measurements"
dec::identity_channel::D_A::E_B::declared_decoder,1,1,declared_decoder,"finite stochastic channel probe; scope limited to declared channel, distinction, decoder, threshold, and formal-consumption measurements"
dec::identity_channel::D_A::E_joint::bayes_optimal_decoder,00,0,bayes_optimal_decoder,"finite stochastic channel probe; scope limited to declared channel, distinction, decoder, threshold, and formal-consumption measurements"
dec::identity_channel::D_A::E_joint::bayes_optimal_decoder,01,0,bayes_optimal_decoder,"finite stochastic channel probe; scope limited to declared channel, distinction, decoder, threshold, and formal-consumption measurements"
dec::identity_channel::D_A::E_joint::bayes_optimal_decoder,10,1,bayes_optimal_decoder,"finite stochastic channel probe; scope limited to declared channel, distinction, decoder, threshold, and formal-consumption measurements"
dec::identity_channel::D_A::E_joint::bayes_optimal_decoder,11,1,bayes_optimal_decoder,"finite stochastic channel probe; scope limited to declared channel, distinction, decoder, threshold, and formal-consumption measurements"
dec::identity_channel::D_A::E_joint::exact_decoder,00,0,exact_decoder,"finite stochastic channel probe; scope limited to declared channel, distinction, decoder, threshold, and formal-consumption measurements"
dec::identity_channel::D_A::E_joint::exact_decoder,01,0,exact_decoder,"finite stochastic channel probe; scope limited to declared channel, distinction, decoder, threshold, and formal-consumption measurements"
dec::identity_channel::D_A::E_joint::exact_decoder,10,1,exact_decoder,"finite stochastic channel probe; scope limited to declared channel, distinction, decoder, threshold, and formal-consumption measurements"
dec::identity_channel::D_A::E_joint::exact_decoder,11,1,exact_decoder,"finite stochastic channel probe; scope limited to declared channel, distinction, decoder, threshold, and formal-consumption measurements"
dec::identity_channel::D_A::E_parity::bayes_optimal_decoder,0,1,bayes_optimal_decoder,"finite stochastic channel probe; scope limited to declared channel, distinction, decoder, threshold, and formal-consumption measurements"
dec::identity_channel::D_A::E_parity::bayes_optimal_decoder,1,1,bayes_optimal_decoder,"finite stochastic channel probe; scope limited to declared channel, distinction, decoder, threshold, and formal-consumption measurements"
dec::identity_channel::D_A::E_parity::declared_decoder,0,0,declared_decoder,"finite stochastic channel probe; scope limited to declared channel, distinction, decoder, threshold, and formal-consumption measurements"
dec::identity_channel::D_A::E_parity::declared_decoder,1,1,declared_decoder,"finite stochastic channel probe; scope limited to declared channel, distinction, decoder, threshold, and formal-consumption measurements"
dec::identity_channel::D_A::E_trivial::bayes_optimal_decoder,*,1,bayes_optimal_decoder,"finite stochastic channel probe; scope limited to declared channel, distinction, decoder, threshold, and formal-consumption measurements"
dec::identity_channel::D_B::E_A::bayes_optimal_decoder,0,1,bayes_optimal_decoder,"finite stochastic channel probe; scope limited to declared channel, distinction, decoder, threshold, and formal-consumption measurements"
dec::identity_channel::D_B::E_A::bayes_optimal_decoder,1,1,bayes_optimal_decoder,"finite stochastic channel probe; scope limited to declared channel, distinction, decoder, threshold, and formal-consumption measurements"
dec::identity_channel::D_B::E_A::declared_decoder,0,0,declared_decoder,"finite stochastic channel probe; scope limited to declared channel, distinction, decoder, threshold, and formal-consumption measurements"
dec::identity_channel::D_B::E_A::declared_decoder,1,1,declared_decoder,"finite stochastic channel probe; scope limited to declared channel, distinction, decoder, threshold, and formal-consumption measurements"
dec::identity_channel::D_B::E_B::bayes_optimal_decoder,0,0,bayes_optimal_decoder,"finite stochastic channel probe; scope limited to declared channel, distinction, decoder, threshold, and formal-consumption measurements"
dec::identity_channel::D_B::E_B::bayes_optimal_decoder,1,1,bayes_optimal_decoder,"finite stochastic channel probe; scope limited to declared channel, distinction, decoder, threshold, and formal-consumption measurements"
dec::identity_channel::D_B::E_B::exact_decoder,0,0,exact_decoder,"finite stochastic channel probe; scope limited to declared channel, distinction, decoder, threshold, and formal-consumption measurements"
dec::identity_channel::D_B::E_B::exact_decoder,1,1,exact_decoder,"finite stochastic channel probe; scope limited to declared channel, distinction, decoder, threshold, and formal-consumption measurements"
dec::identity_channel::D_B::E_B::declared_decoder,0,0,declared_decoder,"finite stochastic channel probe; scope limited to declared channel, distinction, decoder, threshold, and formal-consumption measurements"
dec::identity_channel::D_B::E_B::declared_decoder,1,1,declared_decoder,"finite stochastic channel probe; scope limited to declared channel, distinction, decoder, threshold, and formal-consumption measurements"
dec::identity_channel::D_B::E_joint::bayes_optimal_decoder,00,0,bayes_optimal_decoder,"finite stochastic channel probe; scope limited to declared channel, distinction, decoder, threshold, and formal-consumption measurements"
dec::identity_channel::D_B::E_joint::bayes_optimal_decoder,01,1,bayes_optimal_decoder,"finite stochastic channel probe; scope limited to declared channel, distinction, decoder, threshold, and formal-consumption measurements"
dec::identity_channel::D_B::E_joint::bayes_optimal_decoder,10,0,bayes_optimal_decoder,"finite stochastic channel probe; scope limited to declared channel, distinction, decoder, threshold, and formal-consumption measurements"
dec::identity_channel::D_B::E_joint::bayes_optimal_decoder,11,1,bayes_optimal_decoder,"finite stochastic channel probe; scope limited to declared channel, distinction, decoder, threshold, and formal-consumption measurements"
dec::identity_channel::D_B::E_joint::exact_decoder,00,0,exact_decoder,"finite stochastic channel probe; scope limited to declared channel, distinction, decoder, threshold, and formal-consumption measurements"
dec::identity_channel::D_B::E_joint::exact_decoder,01,1,exact_decoder,"finite stochastic channel probe; scope limited to declared channel, distinction, decoder, threshold, and formal-consumption measurements"
dec::identity_channel::D_B::E_joint::exact_decoder,10,0,exact_decoder,"finite stochastic channel probe; scope limited to declared channel, distinction, decoder, threshold, and formal-consumption measurements"
dec::identity_channel::D_B::E_joint::exact_decoder,11,1,exact_decoder,"finite stochastic channel probe; scope limited to declared channel, distinction, decoder, threshold, and formal-consumption measurements"
dec::identity_channel::D_B::E_parity::bayes_optimal_decoder,0,1,bayes_optimal_decoder,"finite stochastic channel probe; scope limited to declared channel, distinction, decoder, threshold, and formal-consumption measurements"
dec::identity_channel::D_B::E_parity::bayes_optimal_decoder,1,1,bayes_optimal_decoder,"finite stochastic channel probe; scope limited to declared channel, distinction, decoder, threshold, and formal-consumption measurements"
dec::identity_channel::D_B::E_parity::declared_decoder,0,0,declared_decoder,"finite stochastic channel probe; scope limited to declared channel, distinction, decoder, threshold, and formal-consumption measurements"
dec::identity_channel::D_B::E_parity::declared_decoder,1,1,declared_decoder,"finite stochastic channel probe; scope limited to declared channel, distinction, decoder, threshold, and formal-consumption measurements"
dec::identity_channel::D_B::E_trivial::bayes_optimal_decoder,*,1,bayes_optimal_decoder,"finite stochastic channel probe; scope limited to declared channel, distinction, decoder, threshold, and formal-consumption measurements"
dec::identity_channel::D_joint::E_A::bayes_optimal_decoder,0,01,bayes_optimal_decoder,"finite stochastic channel probe; scope limited to declared channel, distinction, decoder, threshold, and formal-consumption measurements"
dec::identity_channel::D_joint::E_A::bayes_optimal_decoder,1,11,bayes_optimal_decoder,"finite stochastic channel probe; scope limited to declared channel, distinction, decoder, threshold, and formal-consumption measurements"
dec::identity_channel::D_joint::E_B::bayes_optimal_decoder,0,10,bayes_optimal_decoder,"finite stochastic channel probe; scope limited to declared channel, distinction, decoder, threshold, and formal-consumption measurements"
dec::identity_channel::D_joint::E_B::bayes_optimal_decoder,1,11,bayes_optimal_decoder,"finite stochastic channel probe; scope limited to declared channel, distinction, decoder, threshold, and formal-consumption measurements"
dec::identity_channel::D_joint::E_joint::bayes_optimal_decoder,00,00,bayes_optimal_decoder,"finite stochastic channel probe; scope limited to declared channel, distinction, decoder, threshold, and formal-consumption measurements"
dec::identity_channel::D_joint::E_joint::bayes_optimal_decoder,01,01,bayes_optimal_decoder,"finite stochastic channel probe; scope limited to declared channel, distinction, decoder, threshold, and formal-consumption measurements"
dec::identity_channel::D_joint::E_joint::bayes_optimal_decoder,10,10,bayes_optimal_decoder,"finite stochastic channel probe; scope limited to declared channel, distinction, decoder, threshold, and formal-consumption measurements"
dec::identity_channel::D_joint::E_joint::bayes_optimal_decoder,11,11,bayes_optimal_decoder,"finite stochastic channel probe; scope limited to declared channel, distinction, decoder, threshold, and formal-consumption measurements"
dec::identity_channel::D_joint::E_joint::exact_decoder,00,00,exact_decoder,"finite stochastic channel probe; scope limited to declared channel, distinction, decoder, threshold, and formal-consumption measurements"
dec::identity_channel::D_joint::E_joint::exact_decoder,01,01,exact_decoder,"finite stochastic channel probe; scope limited to declared channel, distinction, decoder, threshold, and formal-consumption measurements"
dec::identity_channel::D_joint::E_joint::exact_decoder,10,10,exact_decoder,"finite stochastic channel probe; scope limited to declared channel, distinction, decoder, threshold, and formal-consumption measurements"
dec::identity_channel::D_joint::E_joint::exact_decoder,11,11,exact_decoder,"finite stochastic channel probe; scope limited to declared channel, distinction, decoder, threshold, and formal-consumption measurements"
dec::identity_channel::D_joint::E_joint::declared_decoder,00,00,declared_decoder,"finite stochastic channel probe; scope limited to declared channel, distinction, decoder, threshold, and formal-consumption measurements"
dec::identity_channel::D_joint::E_joint::declared_decoder,01,01,declared_decoder,"finite stochastic channel probe; scope limited to declared channel, distinction, decoder, threshold, and formal-consumption measurements"
dec::identity_channel::D_joint::E_joint::declared_decoder,10,10,declared_decoder,"finite stochastic channel probe; scope limited to declared channel, distinction, decoder, threshold, and formal-consumption measurements"
dec::identity_channel::D_joint::E_joint::declared_decoder,11,11,declared_decoder,"finite stochastic channel probe; scope limited to declared channel, distinction, decoder, threshold, and formal-consumption measurements"
dec::identity_channel::D_joint::E_parity::bayes_optimal_decoder,0,11,bayes_optimal_decoder,"finite stochastic channel probe; scope limited to declared channel, distinction, decoder, threshold, and formal-consumption measurements"
dec::identity_channel::D_joint::E_parity::bayes_optimal_decoder,1,10,bayes_optimal_decoder,"finite stochastic channel probe; scope limited to declared channel, distinction, decoder, threshold, and formal-consumption measurements"
dec::identity_channel::D_joint::E_trivial::bayes_optimal_decoder,*,11,bayes_optimal_decoder,"finite stochastic channel probe; scope limited to declared channel, distinction, decoder, threshold, and formal-consumption measurements"
dec::identity_channel::D_parity::E_A::bayes_optimal_decoder,0,1,bayes_optimal_decoder,"finite stochastic channel probe; scope limited to declared channel, distinction, decoder, threshold, and formal-consumption measurements"
dec::identity_channel::D_parity::E_A::bayes_optimal_decoder,1,1,bayes_optimal_decoder,"finite stochastic channel probe; scope limited to declared channel, distinction, decoder, threshold, and formal-consumption measurements"
dec::identity_channel::D_parity::E_A::declared_decoder,0,0,declared_decoder,"finite stochastic channel probe; scope limited to declared channel, distinction, decoder, threshold, and formal-consumption measurements"
dec::identity_channel::D_parity::E_A::declared_decoder,1,1,declared_decoder,"finite stochastic channel probe; scope limited to declared channel, distinction, decoder, threshold, and formal-consumption measurements"
dec::identity_channel::D_parity::E_B::bayes_optimal_decoder,0,1,bayes_optimal_decoder,"finite stochastic channel probe; scope limited to declared channel, distinction, decoder, threshold, and formal-consumption measurements"
dec::identity_channel::D_parity::E_B::bayes_optimal_decoder,1,1,bayes_optimal_decoder,"finite stochastic channel probe; scope limited to declared channel, distinction, decoder, threshold, and formal-consumption measurements"
dec::identity_channel::D_parity::E_B::declared_decoder,0,0,declared_decoder,"finite stochastic channel probe; scope limited to declared channel, distinction, decoder, threshold, and formal-consumption measurements"
dec::identity_channel::D_parity::E_B::declared_decoder,1,1,declared_decoder,"finite stochastic channel probe; scope limited to declared channel, distinction, decoder, threshold, and formal-consumption measurements"
dec::identity_channel::D_parity::E_joint::bayes_optimal_decoder,00,0,bayes_optimal_decoder,"finite stochastic channel probe; scope limited to declared channel, distinction, decoder, threshold, and formal-consumption measurements"
dec::identity_channel::D_parity::E_joint::bayes_optimal_decoder,01,1,bayes_optimal_decoder,"finite stochastic channel probe; scope limited to declared channel, distinction, decoder, threshold, and formal-consumption measurements"
dec::identity_channel::D_parity::E_joint::bayes_optimal_decoder,10,1,bayes_optimal_decoder,"finite stochastic channel probe; scope limited to declared channel, distinction, decoder, threshold, and formal-consumption measurements"
dec::identity_channel::D_parity::E_joint::bayes_optimal_decoder,11,0,bayes_optimal_decoder,"finite stochastic channel probe; scope limited to declared channel, distinction, decoder, threshold, and formal-consumption measurements"
dec::identity_channel::D_parity::E_joint::exact_decoder,00,0,exact_decoder,"finite stochastic channel probe; scope limited to declared channel, distinction, decoder, threshold, and formal-consumption measurements"
dec::identity_channel::D_parity::E_joint::exact_decoder,01,1,exact_decoder,"finite stochastic channel probe; scope limited to declared channel, distinction, decoder, threshold, and formal-consumption measurements"
dec::identity_channel::D_parity::E_joint::exact_decoder,10,1,exact_decoder,"finite stochastic channel probe; scope limited to declared channel, distinction, decoder, threshold, and formal-consumption measurements"
dec::identity_channel::D_parity::E_joint::exact_decoder,11,0,exact_decoder,"finite stochastic channel probe; scope limited to declared channel, distinction, decoder, threshold, and formal-consumption measurements"
dec::identity_channel::D_parity::E_parity::bayes_optimal_decoder,0,0,bayes_optimal_decoder,"finite stochastic channel probe; scope limited to declared channel, distinction, decoder, threshold, and formal-consumption measurements"
dec::identity_channel::D_parity::E_parity::bayes_optimal_decoder,1,1,bayes_optimal_decoder,"finite stochastic channel probe; scope limited to declared channel, distinction, decoder, threshold, and formal-consumption measurements"
dec::identity_channel::D_parity::E_parity::exact_decoder,0,0,exact_decoder,"finite stochastic channel probe; scope limited to declared channel, distinction, decoder, threshold, and formal-consumption measurements"
dec::identity_channel::D_parity::E_parity::exact_decoder,1,1,exact_decoder,"finite stochastic channel probe; scope limited to declared channel, distinction, decoder, threshold, and formal-consumption measurements"
dec::identity_channel::D_parity::E_parity::declared_decoder,0,0,declared_decoder,"finite stochastic channel probe; scope limited to declared channel, distinction, decoder, threshold, and formal-consumption measurements"
dec::identity_channel::D_parity::E_parity::declared_decoder,1,1,declared_decoder,"finite stochastic channel probe; scope limited to declared channel, distinction, decoder, threshold, and formal-consumption measurements"
dec::identity_channel::D_parity::E_trivial::bayes_optimal_decoder,*,1,bayes_optimal_decoder,"finite stochastic channel probe; scope limited to declared channel, distinction, decoder, threshold, and formal-consumption measurements"
dec::identity_channel::D_trivial::E_A::bayes_optimal_decoder,0,*,bayes_optimal_decoder,"finite stochastic channel probe; scope limited to declared channel, distinction, decoder, threshold, and formal-consumption measurements"
dec::identity_channel::D_trivial::E_A::bayes_optimal_decoder,1,*,bayes_optimal_decoder,"finite stochastic channel probe; scope limited to declared channel, distinction, decoder, threshold, and formal-consumption measurements"
dec::identity_channel::D_trivial::E_A::exact_decoder,0,*,exact_decoder,"finite stochastic channel probe; scope limited to declared channel, distinction, decoder, threshold, and formal-consumption measurements"
dec::identity_channel::D_trivial::E_A::exact_decoder,1,*,exact_decoder,"finite stochastic channel probe; scope limited to declared channel, distinction, decoder, threshold, and formal-consumption measurements"
dec::identity_channel::D_trivial::E_B::bayes_optimal_decoder,0,*,bayes_optimal_decoder,"finite stochastic channel probe; scope limited to declared channel, distinction, decoder, threshold, and formal-consumption measurements"
dec::identity_channel::D_trivial::E_B::bayes_optimal_decoder,1,*,bayes_optimal_decoder,"finite stochastic channel probe; scope limited to declared channel, distinction, decoder, threshold, and formal-consumption measurements"
dec::identity_channel::D_trivial::E_B::exact_decoder,0,*,exact_decoder,"finite stochastic channel probe; scope limited to declared channel, distinction, decoder, threshold, and formal-consumption measurements"
dec::identity_channel::D_trivial::E_B::exact_decoder,1,*,exact_decoder,"finite stochastic channel probe; scope limited to declared channel, distinction, decoder, threshold, and formal-consumption measurements"
dec::identity_channel::D_trivial::E_joint::bayes_optimal_decoder,00,*,bayes_optimal_decoder,"finite stochastic channel probe; scope limited to declared channel, distinction, decoder, threshold, and formal-consumption measurements"
dec::identity_channel::D_trivial::E_joint::bayes_optimal_decoder,01,*,bayes_optimal_decoder,"finite stochastic channel probe; scope limited to declared channel, distinction, decoder, threshold, and formal-consumption measurements"
dec::identity_channel::D_trivial::E_joint::bayes_optimal_decoder,10,*,bayes_optimal_decoder,"finite stochastic channel probe; scope limited to declared channel, distinction, decoder, threshold, and formal-consumption measurements"
dec::identity_channel::D_trivial::E_joint::bayes_optimal_decoder,11,*,bayes_optimal_decoder,"finite stochastic channel probe; scope limited to declared channel, distinction, decoder, threshold, and formal-consumption measurements"
dec::identity_channel::D_trivial::E_joint::exact_decoder,00,*,exact_decoder,"finite stochastic channel probe; scope limited to declared channel, distinction, decoder, threshold, and formal-consumption measurements"
dec::identity_channel::D_trivial::E_joint::exact_decoder,01,*,exact_decoder,"finite stochastic channel probe; scope limited to declared channel, distinction, decoder, threshold, and formal-consumption measurements"
dec::identity_channel::D_trivial::E_joint::exact_decoder,10,*,exact_decoder,"finite stochastic channel probe; scope limited to declared channel, distinction, decoder, threshold, and formal-consumption measurements"
dec::identity_channel::D_trivial::E_joint::exact_decoder,11,*,exact_decoder,"finite stochastic channel probe; scope limited to declared channel, distinction, decoder, threshold, and formal-consumption measurements"
dec::identity_channel::D_trivial::E_parity::bayes_optimal_decoder,0,*,bayes_optimal_decoder,"finite stochastic channel probe; scope limited to declared channel, distinction, decoder, threshold, and formal-consumption measurements"
dec::identity_channel::D_trivial::E_parity::bayes_optimal_decoder,1,*,bayes_optimal_decoder,"finite stochastic channel probe; scope limited to declared channel, distinction, decoder, threshold, and formal-consumption measurements"
dec::identity_channel::D_trivial::E_parity::exact_decoder,0,*,exact_decoder,"finite stochastic channel probe; scope limited to declared channel, distinction, decoder, threshold, and formal-consumption measurements"
dec::identity_channel::D_trivial::E_parity::exact_decoder,1,*,exact_decoder,"finite stochastic channel probe; scope limited to declared channel, distinction, decoder, threshold, and formal-consumption measurements"
dec::identity_channel::D_trivial::E_trivial::bayes_optimal_decoder,*,*,bayes_optimal_decoder,"finite stochastic channel probe; scope limited to declared channel, distinction, decoder, threshold, and formal-consumption measurements"
dec::identity_channel::D_trivial::E_trivial::exact_decoder,*,*,exact_decoder,"finite stochastic channel probe; scope limited to declared channel, distinction, decoder, threshold, and formal-consumption measurements"
dec::identity_channel::D_trivial::E_trivial::declared_decoder,*,*,declared_decoder,"finite stochastic channel probe; scope limited to declared channel, distinction, decoder, threshold, and formal-consumption measurements"
dec::total_erasure_channel::D_A::E_trivial_star::bayes_optimal_decoder,*,1,bayes_optimal_decoder,"finite stochastic channel probe; scope limited to declared channel, distinction, decoder, threshold, and formal-consumption measurements"
dec::total_erasure_channel::D_B::E_trivial_star::bayes_optimal_decoder,*,1,bayes_optimal_decoder,"finite stochastic channel probe; scope limited to declared channel, distinction, decoder, threshold, and formal-consumption measurements"
dec::total_erasure_channel::D_joint::E_trivial_star::bayes_optimal_decoder,*,11,bayes_optimal_decoder,"finite stochastic channel probe; scope limited to declared channel, distinction, decoder, threshold, and formal-consumption measurements"
dec::total_erasure_channel::D_parity::E_trivial_star::bayes_optimal_decoder,*,1,bayes_optimal_decoder,"finite stochastic channel probe; scope limited to declared channel, distinction, decoder, threshold, and formal-consumption measurements"
dec::total_erasure_channel::D_trivial::E_trivial_star::bayes_optimal_decoder,*,*,bayes_optimal_decoder,"finite stochastic channel probe; scope limited to declared channel, distinction, decoder, threshold, and formal-consumption measurements"
dec::total_erasure_channel::D_trivial::E_trivial_star::exact_decoder,*,*,exact_decoder,"finite stochastic channel probe; scope limited to declared channel, distinction, decoder, threshold, and formal-consumption measurements"
dec::total_erasure_channel::D_trivial::E_trivial_star::declared_decoder,*,*,declared_decoder,"finite stochastic channel probe; scope limited to declared channel, distinction, decoder, threshold, and formal-consumption measurements"
dec::projection_A_channel::D_A::E_A_marg::bayes_optimal_decoder,0,0,bayes_optimal_decoder,"finite stochastic channel probe; scope limited to declared channel, distinction, decoder, threshold, and formal-consumption measurements"
dec::projection_A_channel::D_A::E_A_marg::bayes_optimal_decoder,1,1,bayes_optimal_decoder,"finite stochastic channel probe; scope limited to declared channel, distinction, decoder, threshold, and formal-consumption measurements"
dec::projection_A_channel::D_A::E_A_marg::exact_decoder,0,0,exact_decoder,"finite stochastic channel probe; scope limited to declared channel, distinction, decoder, threshold, and formal-consumption measurements"
dec::projection_A_channel::D_A::E_A_marg::exact_decoder,1,1,exact_decoder,"finite stochastic channel probe; scope limited to declared channel, distinction, decoder, threshold, and formal-consumption measurements"
dec::projection_A_channel::D_A::E_A_marg::declared_decoder,0,0,declared_decoder,"finite stochastic channel probe; scope limited to declared channel, distinction, decoder, threshold, and formal-consumption measurements"
dec::projection_A_channel::D_A::E_A_marg::declared_decoder,1,1,declared_decoder,"finite stochastic channel probe; scope limited to declared channel, distinction, decoder, threshold, and formal-consumption measurements"
dec::projection_A_channel::D_A::E_trivial_A::bayes_optimal_decoder,*,1,bayes_optimal_decoder,"finite stochastic channel probe; scope limited to declared channel, distinction, decoder, threshold, and formal-consumption measurements"
dec::projection_A_channel::D_B::E_A_marg::bayes_optimal_decoder,0,1,bayes_optimal_decoder,"finite stochastic channel probe; scope limited to declared channel, distinction, decoder, threshold, and formal-consumption measurements"
dec::projection_A_channel::D_B::E_A_marg::bayes_optimal_decoder,1,1,bayes_optimal_decoder,"finite stochastic channel probe; scope limited to declared channel, distinction, decoder, threshold, and formal-consumption measurements"
dec::projection_A_channel::D_B::E_A_marg::declared_decoder,0,0,declared_decoder,"finite stochastic channel probe; scope limited to declared channel, distinction, decoder, threshold, and formal-consumption measurements"
dec::projection_A_channel::D_B::E_A_marg::declared_decoder,1,1,declared_decoder,"finite stochastic channel probe; scope limited to declared channel, distinction, decoder, threshold, and formal-consumption measurements"
dec::projection_A_channel::D_B::E_trivial_A::bayes_optimal_decoder,*,1,bayes_optimal_decoder,"finite stochastic channel probe; scope limited to declared channel, distinction, decoder, threshold, and formal-consumption measurements"
dec::projection_A_channel::D_joint::E_A_marg::bayes_optimal_decoder,0,01,bayes_optimal_decoder,"finite stochastic channel probe; scope limited to declared channel, distinction, decoder, threshold, and formal-consumption measurements"
dec::projection_A_channel::D_joint::E_A_marg::bayes_optimal_decoder,1,11,bayes_optimal_decoder,"finite stochastic channel probe; scope limited to declared channel, distinction, decoder, threshold, and formal-consumption measurements"
dec::projection_A_channel::D_joint::E_trivial_A::bayes_optimal_decoder,*,11,bayes_optimal_decoder,"finite stochastic channel probe; scope limited to declared channel, distinction, decoder, threshold, and formal-consumption measurements"
dec::projection_A_channel::D_parity::E_A_marg::bayes_optimal_decoder,0,1,bayes_optimal_decoder,"finite stochastic channel probe; scope limited to declared channel, distinction, decoder, threshold, and formal-consumption measurements"
dec::projection_A_channel::D_parity::E_A_marg::bayes_optimal_decoder,1,1,bayes_optimal_decoder,"finite stochastic channel probe; scope limited to declared channel, distinction, decoder, threshold, and formal-consumption measurements"
dec::projection_A_channel::D_parity::E_A_marg::declared_decoder,0,0,declared_decoder,"finite stochastic channel probe; scope limited to declared channel, distinction, decoder, threshold, and formal-consumption measurements"
dec::projection_A_channel::D_parity::E_A_marg::declared_decoder,1,1,declared_decoder,"finite stochastic channel probe; scope limited to declared channel, distinction, decoder, threshold, and formal-consumption measurements"
dec::projection_A_channel::D_parity::E_trivial_A::bayes_optimal_decoder,*,1,bayes_optimal_decoder,"finite stochastic channel probe; scope limited to declared channel, distinction, decoder, threshold, and formal-consumption measurements"
dec::projection_A_channel::D_trivial::E_A_marg::bayes_optimal_decoder,0,*,bayes_optimal_decoder,"finite stochastic channel probe; scope limited to declared channel, distinction, decoder, threshold, and formal-consumption measurements"
dec::projection_A_channel::D_trivial::E_A_marg::bayes_optimal_decoder,1,*,bayes_optimal_decoder,"finite stochastic channel probe; scope limited to declared channel, distinction, decoder, threshold, and formal-consumption measurements"
dec::projection_A_channel::D_trivial::E_A_marg::exact_decoder,0,*,exact_decoder,"finite stochastic channel probe; scope limited to declared channel, distinction, decoder, threshold, and formal-consumption measurements"
dec::projection_A_channel::D_trivial::E_A_marg::exact_decoder,1,*,exact_decoder,"finite stochastic channel probe; scope limited to declared channel, distinction, decoder, threshold, and formal-consumption measurements"
dec::projection_A_channel::D_trivial::E_trivial_A::bayes_optimal_decoder,*,*,bayes_optimal_decoder,"finite stochastic channel probe; scope limited to declared channel, distinction, decoder, threshold, and formal-consumption measurements"
dec::projection_A_channel::D_trivial::E_trivial_A::exact_decoder,*,*,exact_decoder,"finite stochastic channel probe; scope limited to declared channel, distinction, decoder, threshold, and formal-consumption measurements"
dec::projection_A_channel::D_trivial::E_trivial_A::declared_decoder,*,*,declared_decoder,"finite stochastic channel probe; scope limited to declared channel, distinction, decoder, threshold, and formal-consumption measurements"
dec::projection_B_channel::D_A::E_B_marg::bayes_optimal_decoder,0,1,bayes_optimal_decoder,"finite stochastic channel probe; scope limited to declared channel, distinction, decoder, threshold, and formal-consumption measurements"
dec::projection_B_channel::D_A::E_B_marg::bayes_optimal_decoder,1,1,bayes_optimal_decoder,"finite stochastic channel probe; scope limited to declared channel, distinction, decoder, threshold, and formal-consumption measurements"
dec::projection_B_channel::D_A::E_B_marg::declared_decoder,0,0,declared_decoder,"finite stochastic channel probe; scope limited to declared channel, distinction, decoder, threshold, and formal-consumption measurements"
dec::projection_B_channel::D_A::E_B_marg::declared_decoder,1,1,declared_decoder,"finite stochastic channel probe; scope limited to declared channel, distinction, decoder, threshold, and formal-consumption measurements"
dec::projection_B_channel::D_A::E_trivial_B::bayes_optimal_decoder,*,1,bayes_optimal_decoder,"finite stochastic channel probe; scope limited to declared channel, distinction, decoder, threshold, and formal-consumption measurements"
dec::projection_B_channel::D_B::E_B_marg::bayes_optimal_decoder,0,0,bayes_optimal_decoder,"finite stochastic channel probe; scope limited to declared channel, distinction, decoder, threshold, and formal-consumption measurements"
dec::projection_B_channel::D_B::E_B_marg::bayes_optimal_decoder,1,1,bayes_optimal_decoder,"finite stochastic channel probe; scope limited to declared channel, distinction, decoder, threshold, and formal-consumption measurements"
dec::projection_B_channel::D_B::E_B_marg::exact_decoder,0,0,exact_decoder,"finite stochastic channel probe; scope limited to declared channel, distinction, decoder, threshold, and formal-consumption measurements"
dec::projection_B_channel::D_B::E_B_marg::exact_decoder,1,1,exact_decoder,"finite stochastic channel probe; scope limited to declared channel, distinction, decoder, threshold, and formal-consumption measurements"
dec::projection_B_channel::D_B::E_B_marg::declared_decoder,0,0,declared_decoder,"finite stochastic channel probe; scope limited to declared channel, distinction, decoder, threshold, and formal-consumption measurements"
dec::projection_B_channel::D_B::E_B_marg::declared_decoder,1,1,declared_decoder,"finite stochastic channel probe; scope limited to declared channel, distinction, decoder, threshold, and formal-consumption measurements"
dec::projection_B_channel::D_B::E_trivial_B::bayes_optimal_decoder,*,1,bayes_optimal_decoder,"finite stochastic channel probe; scope limited to declared channel, distinction, decoder, threshold, and formal-consumption measurements"
dec::projection_B_channel::D_joint::E_B_marg::bayes_optimal_decoder,0,10,bayes_optimal_decoder,"finite stochastic channel probe; scope limited to declared channel, distinction, decoder, threshold, and formal-consumption measurements"
dec::projection_B_channel::D_joint::E_B_marg::bayes_optimal_decoder,1,11,bayes_optimal_decoder,"finite stochastic channel probe; scope limited to declared channel, distinction, decoder, threshold, and formal-consumption measurements"
dec::projection_B_channel::D_joint::E_trivial_B::bayes_optimal_decoder,*,11,bayes_optimal_decoder,"finite stochastic channel probe; scope limited to declared channel, distinction, decoder, threshold, and formal-consumption measurements"
dec::projection_B_channel::D_parity::E_B_marg::bayes_optimal_decoder,0,1,bayes_optimal_decoder,"finite stochastic channel probe; scope limited to declared channel, distinction, decoder, threshold, and formal-consumption measurements"
dec::projection_B_channel::D_parity::E_B_marg::bayes_optimal_decoder,1,1,bayes_optimal_decoder,"finite stochastic channel probe; scope limited to declared channel, distinction, decoder, threshold, and formal-consumption measurements"
dec::projection_B_channel::D_parity::E_B_marg::declared_decoder,0,0,declared_decoder,"finite stochastic channel probe; scope limited to declared channel, distinction, decoder, threshold, and formal-consumption measurements"
dec::projection_B_channel::D_parity::E_B_marg::declared_decoder,1,1,declared_decoder,"finite stochastic channel probe; scope limited to declared channel, distinction, decoder, threshold, and formal-consumption measurements"
dec::projection_B_channel::D_parity::E_trivial_B::bayes_optimal_decoder,*,1,bayes_optimal_decoder,"finite stochastic channel probe; scope limited to declared channel, distinction, decoder, threshold, and formal-consumption measurements"
dec::projection_B_channel::D_trivial::E_B_marg::bayes_optimal_decoder,0,*,bayes_optimal_decoder,"finite stochastic channel probe; scope limited to declared channel, distinction, decoder, threshold, and formal-consumption measurements"
dec::projection_B_channel::D_trivial::E_B_marg::bayes_optimal_decoder,1,*,bayes_optimal_decoder,"finite stochastic channel probe; scope limited to declared channel, distinction, decoder, threshold, and formal-consumption measurements"
dec::projection_B_channel::D_trivial::E_B_marg::exact_decoder,0,*,exact_decoder,"finite stochastic channel probe; scope limited to declared channel, distinction, decoder, threshold, and formal-consumption measurements"
dec::projection_B_channel::D_trivial::E_B_marg::exact_decoder,1,*,exact_decoder,"finite stochastic channel probe; scope limited to declared channel, distinction, decoder, threshold, and formal-consumption measurements"
dec::projection_B_channel::D_trivial::E_trivial_B::bayes_optimal_decoder,*,*,bayes_optimal_decoder,"finite stochastic channel probe; scope limited to declared channel, distinction, decoder, threshold, and formal-consumption measurements"
dec::projection_B_channel::D_trivial::E_trivial_B::exact_decoder,*,*,exact_decoder,"finite stochastic channel probe; scope limited to declared channel, distinction, decoder, threshold, and formal-consumption measurements"
dec::projection_B_channel::D_trivial::E_trivial_B::declared_decoder,*,*,declared_decoder,"finite stochastic channel probe; scope limited to declared channel, distinction, decoder, threshold, and formal-consumption measurements"
dec::bit_flip_p_0_00::D_A::E_A::bayes_optimal_decoder,0,0,bayes_optimal_decoder,"finite stochastic channel probe; scope limited to declared channel, distinction, decoder, threshold, and formal-consumption measurements"
dec::bit_flip_p_0_00::D_A::E_A::bayes_optimal_decoder,1,1,bayes_optimal_decoder,"finite stochastic channel probe; scope limited to declared channel, distinction, decoder, threshold, and formal-consumption measurements"
dec::bit_flip_p_0_00::D_A::E_A::exact_decoder,0,0,exact_decoder,"finite stochastic channel probe; scope limited to declared channel, distinction, decoder, threshold, and formal-consumption measurements"
dec::bit_flip_p_0_00::D_A::E_A::exact_decoder,1,1,exact_decoder,"finite stochastic channel probe; scope limited to declared channel, distinction, decoder, threshold, and formal-consumption measurements"
dec::bit_flip_p_0_00::D_A::E_A::declared_decoder,0,0,declared_decoder,"finite stochastic channel probe; scope limited to declared channel, distinction, decoder, threshold, and formal-consumption measurements"
dec::bit_flip_p_0_00::D_A::E_A::declared_decoder,1,1,declared_decoder,"finite stochastic channel probe; scope limited to declared channel, distinction, decoder, threshold, and formal-consumption measurements"
dec::bit_flip_p_0_00::D_A::E_B::bayes_optimal_decoder,0,1,bayes_optimal_decoder,"finite stochastic channel probe; scope limited to declared channel, distinction, decoder, threshold, and formal-consumption measurements"
dec::bit_flip_p_0_00::D_A::E_B::bayes_optimal_decoder,1,1,bayes_optimal_decoder,"finite stochastic channel probe; scope limited to declared channel, distinction, decoder, threshold, and formal-consumption measurements"
dec::bit_flip_p_0_00::D_A::E_B::declared_decoder,0,0,declared_decoder,"finite stochastic channel probe; scope limited to declared channel, distinction, decoder, threshold, and formal-consumption measurements"
dec::bit_flip_p_0_00::D_A::E_B::declared_decoder,1,1,declared_decoder,"finite stochastic channel probe; scope limited to declared channel, distinction, decoder, threshold, and formal-consumption measurements"
dec::bit_flip_p_0_00::D_A::E_joint::bayes_optimal_decoder,00,0,bayes_optimal_decoder,"finite stochastic channel probe; scope limited to declared channel, distinction, decoder, threshold, and formal-consumption measurements"
dec::bit_flip_p_0_00::D_A::E_joint::bayes_optimal_decoder,01,0,bayes_optimal_decoder,"finite stochastic channel probe; scope limited to declared channel, distinction, decoder, threshold, and formal-consumption measurements"
dec::bit_flip_p_0_00::D_A::E_joint::bayes_optimal_decoder,10,1,bayes_optimal_decoder,"finite stochastic channel probe; scope limited to declared channel, distinction, decoder, threshold, and formal-consumption measurements"
dec::bit_flip_p_0_00::D_A::E_joint::bayes_optimal_decoder,11,1,bayes_optimal_decoder,"finite stochastic channel probe; scope limited to declared channel, distinction, decoder, threshold, and formal-consumption measurements"
dec::bit_flip_p_0_00::D_A::E_joint::exact_decoder,00,0,exact_decoder,"finite stochastic channel probe; scope limited to declared channel, distinction, decoder, threshold, and formal-consumption measurements"
dec::bit_flip_p_0_00::D_A::E_joint::exact_decoder,01,0,exact_decoder,"finite stochastic channel probe; scope limited to declared channel, distinction, decoder, threshold, and formal-consumption measurements"
dec::bit_flip_p_0_00::D_A::E_joint::exact_decoder,10,1,exact_decoder,"finite stochastic channel probe; scope limited to declared channel, distinction, decoder, threshold, and formal-consumption measurements"
dec::bit_flip_p_0_00::D_A::E_joint::exact_decoder,11,1,exact_decoder,"finite stochastic channel probe; scope limited to declared channel, distinction, decoder, threshold, and formal-consumption measurements"
dec::bit_flip_p_0_00::D_A::E_parity::bayes_optimal_decoder,0,1,bayes_optimal_decoder,"finite stochastic channel probe; scope limited to declared channel, distinction, decoder, threshold, and formal-consumption measurements"
dec::bit_flip_p_0_00::D_A::E_parity::bayes_optimal_decoder,1,1,bayes_optimal_decoder,"finite stochastic channel probe; scope limited to declared channel, distinction, decoder, threshold, and formal-consumption measurements"
dec::bit_flip_p_0_00::D_A::E_parity::declared_decoder,0,0,declared_decoder,"finite stochastic channel probe; scope limited to declared channel, distinction, decoder, threshold, and formal-consumption measurements"
dec::bit_flip_p_0_00::D_A::E_parity::declared_decoder,1,1,declared_decoder,"finite stochastic channel probe; scope limited to declared channel, distinction, decoder, threshold, and formal-consumption measurements"
dec::bit_flip_p_0_00::D_A::E_trivial::bayes_optimal_decoder,*,1,bayes_optimal_decoder,"finite stochastic channel probe; scope limited to declared channel, distinction, decoder, threshold, and formal-consumption measurements"
dec::bit_flip_p_0_00::D_B::E_A::bayes_optimal_decoder,0,1,bayes_optimal_decoder,"finite stochastic channel probe; scope limited to declared channel, distinction, decoder, threshold, and formal-consumption measurements"
dec::bit_flip_p_0_00::D_B::E_A::bayes_optimal_decoder,1,1,bayes_optimal_decoder,"finite stochastic channel probe; scope limited to declared channel, distinction, decoder, threshold, and formal-consumption measurements"
dec::bit_flip_p_0_00::D_B::E_A::declared_decoder,0,0,declared_decoder,"finite stochastic channel probe; scope limited to declared channel, distinction, decoder, threshold, and formal-consumption measurements"
dec::bit_flip_p_0_00::D_B::E_A::declared_decoder,1,1,declared_decoder,"finite stochastic channel probe; scope limited to declared channel, distinction, decoder, threshold, and formal-consumption measurements"
dec::bit_flip_p_0_00::D_B::E_B::bayes_optimal_decoder,0,0,bayes_optimal_decoder,"finite stochastic channel probe; scope limited to declared channel, distinction, decoder, threshold, and formal-consumption measurements"
dec::bit_flip_p_0_00::D_B::E_B::bayes_optimal_decoder,1,1,bayes_optimal_decoder,"finite stochastic channel probe; scope limited to declared channel, distinction, decoder, threshold, and formal-consumption measurements"
dec::bit_flip_p_0_00::D_B::E_B::exact_decoder,0,0,exact_decoder,"finite stochastic channel probe; scope limited to declared channel, distinction, decoder, threshold, and formal-consumption measurements"
dec::bit_flip_p_0_00::D_B::E_B::exact_decoder,1,1,exact_decoder,"finite stochastic channel probe; scope limited to declared channel, distinction, decoder, threshold, and formal-consumption measurements"
dec::bit_flip_p_0_00::D_B::E_B::declared_decoder,0,0,declared_decoder,"finite stochastic channel probe; scope limited to declared channel, distinction, decoder, threshold, and formal-consumption measurements"
dec::bit_flip_p_0_00::D_B::E_B::declared_decoder,1,1,declared_decoder,"finite stochastic channel probe; scope limited to declared channel, distinction, decoder, threshold, and formal-consumption measurements"
dec::bit_flip_p_0_00::D_B::E_joint::bayes_optimal_decoder,00,0,bayes_optimal_decoder,"finite stochastic channel probe; scope limited to declared channel, distinction, decoder, threshold, and formal-consumption measurements"
dec::bit_flip_p_0_00::D_B::E_joint::bayes_optimal_decoder,01,1,bayes_optimal_decoder,"finite stochastic channel probe; scope limited to declared channel, distinction, decoder, threshold, and formal-consumption measurements"
dec::bit_flip_p_0_00::D_B::E_joint::bayes_optimal_decoder,10,0,bayes_optimal_decoder,"finite stochastic channel probe; scope limited to declared channel, distinction, decoder, threshold, and formal-consumption measurements"
dec::bit_flip_p_0_00::D_B::E_joint::bayes_optimal_decoder,11,1,bayes_optimal_decoder,"finite stochastic channel probe; scope limited to declared channel, distinction, decoder, threshold, and formal-consumption measurements"
dec::bit_flip_p_0_00::D_B::E_joint::exact_decoder,00,0,exact_decoder,"finite stochastic channel probe; scope limited to declared channel, distinction, decoder, threshold, and formal-consumption measurements"
dec::bit_flip_p_0_00::D_B::E_joint::exact_decoder,01,1,exact_decoder,"finite stochastic channel probe; scope limited to declared channel, distinction, decoder, threshold, and formal-consumption measurements"
dec::bit_flip_p_0_00::D_B::E_joint::exact_decoder,10,0,exact_decoder,"finite stochastic channel probe; scope limited to declared channel, distinction, decoder, threshold, and formal-consumption measurements"
dec::bit_flip_p_0_00::D_B::E_joint::exact_decoder,11,1,exact_decoder,"finite stochastic channel probe; scope limited to declared channel, distinction, decoder, threshold, and formal-consumption measurements"
dec::bit_flip_p_0_00::D_B::E_parity::bayes_optimal_decoder,0,1,bayes_optimal_decoder,"finite stochastic channel probe; scope limited to declared channel, distinction, decoder, threshold, and formal-consumption measurements"
dec::bit_flip_p_0_00::D_B::E_parity::bayes_optimal_decoder,1,1,bayes_optimal_decoder,"finite stochastic channel probe; scope limited to declared channel, distinction, decoder, threshold, and formal-consumption measurements"
dec::bit_flip_p_0_00::D_B::E_parity::declared_decoder,0,0,declared_decoder,"finite stochastic channel probe; scope limited to declared channel, distinction, decoder, threshold, and formal-consumption measurements"
dec::bit_flip_p_0_00::D_B::E_parity::declared_decoder,1,1,declared_decoder,"finite stochastic channel probe; scope limited to declared channel, distinction, decoder, threshold, and formal-consumption measurements"
dec::bit_flip_p_0_00::D_B::E_trivial::bayes_optimal_decoder,*,1,bayes_optimal_decoder,"finite stochastic channel probe; scope limited to declared channel, distinction, decoder, threshold, and formal-consumption measurements"
dec::bit_flip_p_0_00::D_joint::E_A::bayes_optimal_decoder,0,01,bayes_optimal_decoder,"finite stochastic channel probe; scope limited to declared channel, distinction, decoder, threshold, and formal-consumption measurements"
dec::bit_flip_p_0_00::D_joint::E_A::bayes_optimal_decoder,1,11,bayes_optimal_decoder,"finite stochastic channel probe; scope limited to declared channel, distinction, decoder, threshold, and formal-consumption measurements"
dec::bit_flip_p_0_00::D_joint::E_B::bayes_optimal_decoder,0,10,bayes_optimal_decoder,"finite stochastic channel probe; scope limited to declared channel, distinction, decoder, threshold, and formal-consumption measurements"
dec::bit_flip_p_0_00::D_joint::E_B::bayes_optimal_decoder,1,11,bayes_optimal_decoder,"finite stochastic channel probe; scope limited to declared channel, distinction, decoder, threshold, and formal-consumption measurements"
dec::bit_flip_p_0_00::D_joint::E_joint::bayes_optimal_decoder,00,00,bayes_optimal_decoder,"finite stochastic channel probe; scope limited to declared channel, distinction, decoder, threshold, and formal-consumption measurements"
dec::bit_flip_p_0_00::D_joint::E_joint::bayes_optimal_decoder,01,01,bayes_optimal_decoder,"finite stochastic channel probe; scope limited to declared channel, distinction, decoder, threshold, and formal-consumption measurements"
dec::bit_flip_p_0_00::D_joint::E_joint::bayes_optimal_decoder,10,10,bayes_optimal_decoder,"finite stochastic channel probe; scope limited to declared channel, distinction, decoder, threshold, and formal-consumption measurements"
dec::bit_flip_p_0_00::D_joint::E_joint::bayes_optimal_decoder,11,11,bayes_optimal_decoder,"finite stochastic channel probe; scope limited to declared channel, distinction, decoder, threshold, and formal-consumption measurements"
dec::bit_flip_p_0_00::D_joint::E_joint::exact_decoder,00,00,exact_decoder,"finite stochastic channel probe; scope limited to declared channel, distinction, decoder, threshold, and formal-consumption measurements"
dec::bit_flip_p_0_00::D_joint::E_joint::exact_decoder,01,01,exact_decoder,"finite stochastic channel probe; scope limited to declared channel, distinction, decoder, threshold, and formal-consumption measurements"
dec::bit_flip_p_0_00::D_joint::E_joint::exact_decoder,10,10,exact_decoder,"finite stochastic channel probe; scope limited to declared channel, distinction, decoder, threshold, and formal-consumption measurements"
dec::bit_flip_p_0_00::D_joint::E_joint::exact_decoder,11,11,exact_decoder,"finite stochastic channel probe; scope limited to declared channel, distinction, decoder, threshold, and formal-consumption measurements"
dec::bit_flip_p_0_00::D_joint::E_joint::declared_decoder,00,00,declared_decoder,"finite stochastic channel probe; scope limited to declared channel, distinction, decoder, threshold, and formal-consumption measurements"
dec::bit_flip_p_0_00::D_joint::E_joint::declared_decoder,01,01,declared_decoder,"finite stochastic channel probe; scope limited to declared channel, distinction, decoder, threshold, and formal-consumption measurements"
dec::bit_flip_p_0_00::D_joint::E_joint::declared_decoder,10,10,declared_decoder,"finite stochastic channel probe; scope limited to declared channel, distinction, decoder, threshold, and formal-consumption measurements"
dec::bit_flip_p_0_00::D_joint::E_joint::declared_decoder,11,11,declared_decoder,"finite stochastic channel probe; scope limited to declared channel, distinction, decoder, threshold, and formal-consumption measurements"
dec::bit_flip_p_0_00::D_joint::E_parity::bayes_optimal_decoder,0,11,bayes_optimal_decoder,"finite stochastic channel probe; scope limited to declared channel, distinction, decoder, threshold, and formal-consumption measurements"
dec::bit_flip_p_0_00::D_joint::E_parity::bayes_optimal_decoder,1,10,bayes_optimal_decoder,"finite stochastic channel probe; scope limited to declared channel, distinction, decoder, threshold, and formal-consumption measurements"
dec::bit_flip_p_0_00::D_joint::E_trivial::bayes_optimal_decoder,*,11,bayes_optimal_decoder,"finite stochastic channel probe; scope limited to declared channel, distinction, decoder, threshold, and formal-consumption measurements"
dec::bit_flip_p_0_00::D_parity::E_A::bayes_optimal_decoder,0,1,bayes_optimal_decoder,"finite stochastic channel probe; scope limited to declared channel, distinction, decoder, threshold, and formal-consumption measurements"
dec::bit_flip_p_0_00::D_parity::E_A::bayes_optimal_decoder,1,1,bayes_optimal_decoder,"finite stochastic channel probe; scope limited to declared channel, distinction, decoder, threshold, and formal-consumption measurements"
dec::bit_flip_p_0_00::D_parity::E_A::declared_decoder,0,0,declared_decoder,"finite stochastic channel probe; scope limited to declared channel, distinction, decoder, threshold, and formal-consumption measurements"
dec::bit_flip_p_0_00::D_parity::E_A::declared_decoder,1,1,declared_decoder,"finite stochastic channel probe; scope limited to declared channel, distinction, decoder, threshold, and formal-consumption measurements"
dec::bit_flip_p_0_00::D_parity::E_B::bayes_optimal_decoder,0,1,bayes_optimal_decoder,"finite stochastic channel probe; scope limited to declared channel, distinction, decoder, threshold, and formal-consumption measurements"
dec::bit_flip_p_0_00::D_parity::E_B::bayes_optimal_decoder,1,1,bayes_optimal_decoder,"finite stochastic channel probe; scope limited to declared channel, distinction, decoder, threshold, and formal-consumption measurements"
dec::bit_flip_p_0_00::D_parity::E_B::declared_decoder,0,0,declared_decoder,"finite stochastic channel probe; scope limited to declared channel, distinction, decoder, threshold, and formal-consumption measurements"
dec::bit_flip_p_0_00::D_parity::E_B::declared_decoder,1,1,declared_decoder,"finite stochastic channel probe; scope limited to declared channel, distinction, decoder, threshold, and formal-consumption measurements"
dec::bit_flip_p_0_00::D_parity::E_joint::bayes_optimal_decoder,00,0,bayes_optimal_decoder,"finite stochastic channel probe; scope limited to declared channel, distinction, decoder, threshold, and formal-consumption measurements"
dec::bit_flip_p_0_00::D_parity::E_joint::bayes_optimal_decoder,01,1,bayes_optimal_decoder,"finite stochastic channel probe; scope limited to declared channel, distinction, decoder, threshold, and formal-consumption measurements"
dec::bit_flip_p_0_00::D_parity::E_joint::bayes_optimal_decoder,10,1,bayes_optimal_decoder,"finite stochastic channel probe; scope limited to declared channel, distinction, decoder, threshold, and formal-consumption measurements"
dec::bit_flip_p_0_00::D_parity::E_joint::bayes_optimal_decoder,11,0,bayes_optimal_decoder,"finite stochastic channel probe; scope limited to declared channel, distinction, decoder, threshold, and formal-consumption measurements"
dec::bit_flip_p_0_00::D_parity::E_joint::exact_decoder,00,0,exact_decoder,"finite stochastic channel probe; scope limited to declared channel, distinction, decoder, threshold, and formal-consumption measurements"
dec::bit_flip_p_0_00::D_parity::E_joint::exact_decoder,01,1,exact_decoder,"finite stochastic channel probe; scope limited to declared channel, distinction, decoder, threshold, and formal-consumption measurements"
dec::bit_flip_p_0_00::D_parity::E_joint::exact_decoder,10,1,exact_decoder,"finite stochastic channel probe; scope limited to declared channel, distinction, decoder, threshold, and formal-consumption measurements"
dec::bit_flip_p_0_00::D_parity::E_joint::exact_decoder,11,0,exact_decoder,"finite stochastic channel probe; scope limited to declared channel, distinction, decoder, threshold, and formal-consumption measurements"
dec::bit_flip_p_0_00::D_parity::E_parity::bayes_optimal_decoder,0,0,bayes_optimal_decoder,"finite stochastic channel probe; scope limited to declared channel, distinction, decoder, threshold, and formal-consumption measurements"
dec::bit_flip_p_0_00::D_parity::E_parity::bayes_optimal_decoder,1,1,bayes_optimal_decoder,"finite stochastic channel probe; scope limited to declared channel, distinction, decoder, threshold, and formal-consumption measurements"
dec::bit_flip_p_0_00::D_parity::E_parity::exact_decoder,0,0,exact_decoder,"finite stochastic channel probe; scope limited to declared channel, distinction, decoder, threshold, and formal-consumption measurements"
dec::bit_flip_p_0_00::D_parity::E_parity::exact_decoder,1,1,exact_decoder,"finite stochastic channel probe; scope limited to declared channel, distinction, decoder, threshold, and formal-consumption measurements"
dec::bit_flip_p_0_00::D_parity::E_parity::declared_decoder,0,0,declared_decoder,"finite stochastic channel probe; scope limited to declared channel, distinction, decoder, threshold, and formal-consumption measurements"
dec::bit_flip_p_0_00::D_parity::E_parity::declared_decoder,1,1,declared_decoder,"finite stochastic channel probe; scope limited to declared channel, distinction, decoder, threshold, and formal-consumption measurements"
dec::bit_flip_p_0_00::D_parity::E_trivial::bayes_optimal_decoder,*,1,bayes_optimal_decoder,"finite stochastic channel probe; scope limited to declared channel, distinction, decoder, threshold, and formal-consumption measurements"
dec::bit_flip_p_0_00::D_trivial::E_A::bayes_optimal_decoder,0,*,bayes_optimal_decoder,"finite stochastic channel probe; scope limited to declared channel, distinction, decoder, threshold, and formal-consumption measurements"
dec::bit_flip_p_0_00::D_trivial::E_A::bayes_optimal_decoder,1,*,bayes_optimal_decoder,"finite stochastic channel probe; scope limited to declared channel, distinction, decoder, threshold, and formal-consumption measurements"
dec::bit_flip_p_0_00::D_trivial::E_A::exact_decoder,0,*,exact_decoder,"finite stochastic channel probe; scope limited to declared channel, distinction, decoder, threshold, and formal-consumption measurements"
dec::bit_flip_p_0_00::D_trivial::E_A::exact_decoder,1,*,exact_decoder,"finite stochastic channel probe; scope limited to declared channel, distinction, decoder, threshold, and formal-consumption measurements"
dec::bit_flip_p_0_00::D_trivial::E_B::bayes_optimal_decoder,0,*,bayes_optimal_decoder,"finite stochastic channel probe; scope limited to declared channel, distinction, decoder, threshold, and formal-consumption measurements"
dec::bit_flip_p_0_00::D_trivial::E_B::bayes_optimal_decoder,1,*,bayes_optimal_decoder,"finite stochastic channel probe; scope limited to declared channel, distinction, decoder, threshold, and formal-consumption measurements"
dec::bit_flip_p_0_00::D_trivial::E_B::exact_decoder,0,*,exact_decoder,"finite stochastic channel probe; scope limited to declared channel, distinction, decoder, threshold, and formal-consumption measurements"
dec::bit_flip_p_0_00::D_trivial::E_B::exact_decoder,1,*,exact_decoder,"finite stochastic channel probe; scope limited to declared channel, distinction, decoder, threshold, and formal-consumption measurements"
dec::bit_flip_p_0_00::D_trivial::E_joint::bayes_optimal_decoder,00,*,bayes_optimal_decoder,"finite stochastic channel probe; scope limited to declared channel, distinction, decoder, threshold, and formal-consumption measurements"
dec::bit_flip_p_0_00::D_trivial::E_joint::bayes_optimal_decoder,01,*,bayes_optimal_decoder,"finite stochastic channel probe; scope limited to declared channel, distinction, decoder, threshold, and formal-consumption measurements"
dec::bit_flip_p_0_00::D_trivial::E_joint::bayes_optimal_decoder,10,*,bayes_optimal_decoder,"finite stochastic channel probe; scope limited to declared channel, distinction, decoder, threshold, and formal-consumption measurements"
dec::bit_flip_p_0_00::D_trivial::E_joint::bayes_optimal_decoder,11,*,bayes_optimal_decoder,"finite stochastic channel probe; scope limited to declared channel, distinction, decoder, threshold, and formal-consumption measurements"
dec::bit_flip_p_0_00::D_trivial::E_joint::exact_decoder,00,*,exact_decoder,"finite stochastic channel probe; scope limited to declared channel, distinction, decoder, threshold, and formal-consumption measurements"
dec::bit_flip_p_0_00::D_trivial::E_joint::exact_decoder,01,*,exact_decoder,"finite stochastic channel probe; scope limited to declared channel, distinction, decoder, threshold, and formal-consumption measurements"
dec::bit_flip_p_0_00::D_trivial::E_joint::exact_decoder,10,*,exact_decoder,"finite stochastic channel probe; scope limited to declared channel, distinction, decoder, threshold, and formal-consumption measurements"
dec::bit_flip_p_0_00::D_trivial::E_joint::exact_decoder,11,*,exact_decoder,"finite stochastic channel probe; scope limited to declared channel, distinction, decoder, threshold, and formal-consumption measurements"
dec::bit_flip_p_0_00::D_trivial::E_parity::bayes_optimal_decoder,0,*,bayes_optimal_decoder,"finite stochastic channel probe; scope limited to declared channel, distinction, decoder, threshold, and formal-consumption measurements"
dec::bit_flip_p_0_00::D_trivial::E_parity::bayes_optimal_decoder,1,*,bayes_optimal_decoder,"finite stochastic channel probe; scope limited to declared channel, distinction, decoder, threshold, and formal-consumption measurements"
dec::bit_flip_p_0_00::D_trivial::E_parity::exact_decoder,0,*,exact_decoder,"finite stochastic channel probe; scope limited to declared channel, distinction, decoder, threshold, and formal-consumption measurements"
dec::bit_flip_p_0_00::D_trivial::E_parity::exact_decoder,1,*,exact_decoder,"finite stochastic channel probe; scope limited to declared channel, distinction, decoder, threshold, and formal-consumption measurements"
dec::bit_flip_p_0_00::D_trivial::E_trivial::bayes_optimal_decoder,*,*,bayes_optimal_decoder,"finite stochastic channel probe; scope limited to declared channel, distinction, decoder, threshold, and formal-consumption measurements"
dec::bit_flip_p_0_00::D_trivial::E_trivial::exact_decoder,*,*,exact_decoder,"finite stochastic channel probe; scope limited to declared channel, distinction, decoder, threshold, and formal-consumption measurements"
dec::bit_flip_p_0_00::D_trivial::E_trivial::declared_decoder,*,*,declared_decoder,"finite stochastic channel probe; scope limited to declared channel, distinction, decoder, threshold, and formal-consumption measurements"
dec::bit_flip_p_0_05::D_A::E_A::bayes_optimal_decoder,0,0,bayes_optimal_decoder,"finite stochastic channel probe; scope limited to declared channel, distinction, decoder, threshold, and formal-consumption measurements"
dec::bit_flip_p_0_05::D_A::E_A::bayes_optimal_decoder,1,1,bayes_optimal_decoder,"finite stochastic channel probe; scope limited to declared channel, distinction, decoder, threshold, and formal-consumption measurements"
dec::bit_flip_p_0_05::D_A::E_A::declared_decoder,0,0,declared_decoder,"finite stochastic channel probe; scope limited to declared channel, distinction, decoder, threshold, and formal-consumption measurements"
dec::bit_flip_p_0_05::D_A::E_A::declared_decoder,1,1,declared_decoder,"finite stochastic channel probe; scope limited to declared channel, distinction, decoder, threshold, and formal-consumption measurements"
dec::bit_flip_p_0_05::D_A::E_B::bayes_optimal_decoder,0,1,bayes_optimal_decoder,"finite stochastic channel probe; scope limited to declared channel, distinction, decoder, threshold, and formal-consumption measurements"
dec::bit_flip_p_0_05::D_A::E_B::bayes_optimal_decoder,1,1,bayes_optimal_decoder,"finite stochastic channel probe; scope limited to declared channel, distinction, decoder, threshold, and formal-consumption measurements"
dec::bit_flip_p_0_05::D_A::E_B::declared_decoder,0,0,declared_decoder,"finite stochastic channel probe; scope limited to declared channel, distinction, decoder, threshold, and formal-consumption measurements"
dec::bit_flip_p_0_05::D_A::E_B::declared_decoder,1,1,declared_decoder,"finite stochastic channel probe; scope limited to declared channel, distinction, decoder, threshold, and formal-consumption measurements"
dec::bit_flip_p_0_05::D_A::E_joint::bayes_optimal_decoder,00,0,bayes_optimal_decoder,"finite stochastic channel probe; scope limited to declared channel, distinction, decoder, threshold, and formal-consumption measurements"
dec::bit_flip_p_0_05::D_A::E_joint::bayes_optimal_decoder,01,0,bayes_optimal_decoder,"finite stochastic channel probe; scope limited to declared channel, distinction, decoder, threshold, and formal-consumption measurements"
dec::bit_flip_p_0_05::D_A::E_joint::bayes_optimal_decoder,10,1,bayes_optimal_decoder,"finite stochastic channel probe; scope limited to declared channel, distinction, decoder, threshold, and formal-consumption measurements"
dec::bit_flip_p_0_05::D_A::E_joint::bayes_optimal_decoder,11,1,bayes_optimal_decoder,"finite stochastic channel probe; scope limited to declared channel, distinction, decoder, threshold, and formal-consumption measurements"
dec::bit_flip_p_0_05::D_A::E_parity::bayes_optimal_decoder,0,1,bayes_optimal_decoder,"finite stochastic channel probe; scope limited to declared channel, distinction, decoder, threshold, and formal-consumption measurements"
dec::bit_flip_p_0_05::D_A::E_parity::bayes_optimal_decoder,1,1,bayes_optimal_decoder,"finite stochastic channel probe; scope limited to declared channel, distinction, decoder, threshold, and formal-consumption measurements"
dec::bit_flip_p_0_05::D_A::E_parity::declared_decoder,0,0,declared_decoder,"finite stochastic channel probe; scope limited to declared channel, distinction, decoder, threshold, and formal-consumption measurements"
dec::bit_flip_p_0_05::D_A::E_parity::declared_decoder,1,1,declared_decoder,"finite stochastic channel probe; scope limited to declared channel, distinction, decoder, threshold, and formal-consumption measurements"
dec::bit_flip_p_0_05::D_A::E_trivial::bayes_optimal_decoder,*,1,bayes_optimal_decoder,"finite stochastic channel probe; scope limited to declared channel, distinction, decoder, threshold, and formal-consumption measurements"
dec::bit_flip_p_0_05::D_B::E_A::bayes_optimal_decoder,0,1,bayes_optimal_decoder,"finite stochastic channel probe; scope limited to declared channel, distinction, decoder, threshold, and formal-consumption measurements"
dec::bit_flip_p_0_05::D_B::E_A::bayes_optimal_decoder,1,1,bayes_optimal_decoder,"finite stochastic channel probe; scope limited to declared channel, distinction, decoder, threshold, and formal-consumption measurements"
dec::bit_flip_p_0_05::D_B::E_A::declared_decoder,0,0,declared_decoder,"finite stochastic channel probe; scope limited to declared channel, distinction, decoder, threshold, and formal-consumption measurements"
dec::bit_flip_p_0_05::D_B::E_A::declared_decoder,1,1,declared_decoder,"finite stochastic channel probe; scope limited to declared channel, distinction, decoder, threshold, and formal-consumption measurements"
dec::bit_flip_p_0_05::D_B::E_B::bayes_optimal_decoder,0,0,bayes_optimal_decoder,"finite stochastic channel probe; scope limited to declared channel, distinction, decoder, threshold, and formal-consumption measurements"
dec::bit_flip_p_0_05::D_B::E_B::bayes_optimal_decoder,1,1,bayes_optimal_decoder,"finite stochastic channel probe; scope limited to declared channel, distinction, decoder, threshold, and formal-consumption measurements"
dec::bit_flip_p_0_05::D_B::E_B::declared_decoder,0,0,declared_decoder,"finite stochastic channel probe; scope limited to declared channel, distinction, decoder, threshold, and formal-consumption measurements"
dec::bit_flip_p_0_05::D_B::E_B::declared_decoder,1,1,declared_decoder,"finite stochastic channel probe; scope limited to declared channel, distinction, decoder, threshold, and formal-consumption measurements"
dec::bit_flip_p_0_05::D_B::E_joint::bayes_optimal_decoder,00,0,bayes_optimal_decoder,"finite stochastic channel probe; scope limited to declared channel, distinction, decoder, threshold, and formal-consumption measurements"
dec::bit_flip_p_0_05::D_B::E_joint::bayes_optimal_decoder,01,1,bayes_optimal_decoder,"finite stochastic channel probe; scope limited to declared channel, distinction, decoder, threshold, and formal-consumption measurements"
dec::bit_flip_p_0_05::D_B::E_joint::bayes_optimal_decoder,10,0,bayes_optimal_decoder,"finite stochastic channel probe; scope limited to declared channel, distinction, decoder, threshold, and formal-consumption measurements"
dec::bit_flip_p_0_05::D_B::E_joint::bayes_optimal_decoder,11,1,bayes_optimal_decoder,"finite stochastic channel probe; scope limited to declared channel, distinction, decoder, threshold, and formal-consumption measurements"
dec::bit_flip_p_0_05::D_B::E_parity::bayes_optimal_decoder,0,1,bayes_optimal_decoder,"finite stochastic channel probe; scope limited to declared channel, distinction, decoder, threshold, and formal-consumption measurements"
dec::bit_flip_p_0_05::D_B::E_parity::bayes_optimal_decoder,1,1,bayes_optimal_decoder,"finite stochastic channel probe; scope limited to declared channel, distinction, decoder, threshold, and formal-consumption measurements"
dec::bit_flip_p_0_05::D_B::E_parity::declared_decoder,0,0,declared_decoder,"finite stochastic channel probe; scope limited to declared channel, distinction, decoder, threshold, and formal-consumption measurements"
dec::bit_flip_p_0_05::D_B::E_parity::declared_decoder,1,1,declared_decoder,"finite stochastic channel probe; scope limited to declared channel, distinction, decoder, threshold, and formal-consumption measurements"
dec::bit_flip_p_0_05::D_B::E_trivial::bayes_optimal_decoder,*,1,bayes_optimal_decoder,"finite stochastic channel probe; scope limited to declared channel, distinction, decoder, threshold, and formal-consumption measurements"
dec::bit_flip_p_0_05::D_joint::E_A::bayes_optimal_decoder,0,01,bayes_optimal_decoder,"finite stochastic channel probe; scope limited to declared channel, distinction, decoder, threshold, and formal-consumption measurements"
dec::bit_flip_p_0_05::D_joint::E_A::bayes_optimal_decoder,1,11,bayes_optimal_decoder,"finite stochastic channel probe; scope limited to declared channel, distinction, decoder, threshold, and formal-consumption measurements"
dec::bit_flip_p_0_05::D_joint::E_B::bayes_optimal_decoder,0,10,bayes_optimal_decoder,"finite stochastic channel probe; scope limited to declared channel, distinction, decoder, threshold, and formal-consumption measurements"
dec::bit_flip_p_0_05::D_joint::E_B::bayes_optimal_decoder,1,11,bayes_optimal_decoder,"finite stochastic channel probe; scope limited to declared channel, distinction, decoder, threshold, and formal-consumption measurements"
dec::bit_flip_p_0_05::D_joint::E_joint::bayes_optimal_decoder,00,00,bayes_optimal_decoder,"finite stochastic channel probe; scope limited to declared channel, distinction, decoder, threshold, and formal-consumption measurements"
dec::bit_flip_p_0_05::D_joint::E_joint::bayes_optimal_decoder,01,01,bayes_optimal_decoder,"finite stochastic channel probe; scope limited to declared channel, distinction, decoder, threshold, and formal-consumption measurements"
dec::bit_flip_p_0_05::D_joint::E_joint::bayes_optimal_decoder,10,10,bayes_optimal_decoder,"finite stochastic channel probe; scope limited to declared channel, distinction, decoder, threshold, and formal-consumption measurements"
dec::bit_flip_p_0_05::D_joint::E_joint::bayes_optimal_decoder,11,11,bayes_optimal_decoder,"finite stochastic channel probe; scope limited to declared channel, distinction, decoder, threshold, and formal-consumption measurements"
dec::bit_flip_p_0_05::D_joint::E_joint::declared_decoder,00,00,declared_decoder,"finite stochastic channel probe; scope limited to declared channel, distinction, decoder, threshold, and formal-consumption measurements"
dec::bit_flip_p_0_05::D_joint::E_joint::declared_decoder,01,01,declared_decoder,"finite stochastic channel probe; scope limited to declared channel, distinction, decoder, threshold, and formal-consumption measurements"
dec::bit_flip_p_0_05::D_joint::E_joint::declared_decoder,10,10,declared_decoder,"finite stochastic channel probe; scope limited to declared channel, distinction, decoder, threshold, and formal-consumption measurements"
dec::bit_flip_p_0_05::D_joint::E_joint::declared_decoder,11,11,declared_decoder,"finite stochastic channel probe; scope limited to declared channel, distinction, decoder, threshold, and formal-consumption measurements"
dec::bit_flip_p_0_05::D_joint::E_parity::bayes_optimal_decoder,0,11,bayes_optimal_decoder,"finite stochastic channel probe; scope limited to declared channel, distinction, decoder, threshold, and formal-consumption measurements"
dec::bit_flip_p_0_05::D_joint::E_parity::bayes_optimal_decoder,1,10,bayes_optimal_decoder,"finite stochastic channel probe; scope limited to declared channel, distinction, decoder, threshold, and formal-consumption measurements"
dec::bit_flip_p_0_05::D_joint::E_trivial::bayes_optimal_decoder,*,11,bayes_optimal_decoder,"finite stochastic channel probe; scope limited to declared channel, distinction, decoder, threshold, and formal-consumption measurements"
dec::bit_flip_p_0_05::D_parity::E_A::bayes_optimal_decoder,0,1,bayes_optimal_decoder,"finite stochastic channel probe; scope limited to declared channel, distinction, decoder, threshold, and formal-consumption measurements"
dec::bit_flip_p_0_05::D_parity::E_A::bayes_optimal_decoder,1,1,bayes_optimal_decoder,"finite stochastic channel probe; scope limited to declared channel, distinction, decoder, threshold, and formal-consumption measurements"
dec::bit_flip_p_0_05::D_parity::E_A::declared_decoder,0,0,declared_decoder,"finite stochastic channel probe; scope limited to declared channel, distinction, decoder, threshold, and formal-consumption measurements"
dec::bit_flip_p_0_05::D_parity::E_A::declared_decoder,1,1,declared_decoder,"finite stochastic channel probe; scope limited to declared channel, distinction, decoder, threshold, and formal-consumption measurements"
dec::bit_flip_p_0_05::D_parity::E_B::bayes_optimal_decoder,0,1,bayes_optimal_decoder,"finite stochastic channel probe; scope limited to declared channel, distinction, decoder, threshold, and formal-consumption measurements"
dec::bit_flip_p_0_05::D_parity::E_B::bayes_optimal_decoder,1,1,bayes_optimal_decoder,"finite stochastic channel probe; scope limited to declared channel, distinction, decoder, threshold, and formal-consumption measurements"
dec::bit_flip_p_0_05::D_parity::E_B::declared_decoder,0,0,declared_decoder,"finite stochastic channel probe; scope limited to declared channel, distinction, decoder, threshold, and formal-consumption measurements"
dec::bit_flip_p_0_05::D_parity::E_B::declared_decoder,1,1,declared_decoder,"finite stochastic channel probe; scope limited to declared channel, distinction, decoder, threshold, and formal-consumption measurements"
dec::bit_flip_p_0_05::D_parity::E_joint::bayes_optimal_decoder,00,0,bayes_optimal_decoder,"finite stochastic channel probe; scope limited to declared channel, distinction, decoder, threshold, and formal-consumption measurements"
dec::bit_flip_p_0_05::D_parity::E_joint::bayes_optimal_decoder,01,1,bayes_optimal_decoder,"finite stochastic channel probe; scope limited to declared channel, distinction, decoder, threshold, and formal-consumption measurements"
dec::bit_flip_p_0_05::D_parity::E_joint::bayes_optimal_decoder,10,1,bayes_optimal_decoder,"finite stochastic channel probe; scope limited to declared channel, distinction, decoder, threshold, and formal-consumption measurements"
dec::bit_flip_p_0_05::D_parity::E_joint::bayes_optimal_decoder,11,0,bayes_optimal_decoder,"finite stochastic channel probe; scope limited to declared channel, distinction, decoder, threshold, and formal-consumption measurements"
dec::bit_flip_p_0_05::D_parity::E_parity::bayes_optimal_decoder,0,0,bayes_optimal_decoder,"finite stochastic channel probe; scope limited to declared channel, distinction, decoder, threshold, and formal-consumption measurements"
dec::bit_flip_p_0_05::D_parity::E_parity::bayes_optimal_decoder,1,1,bayes_optimal_decoder,"finite stochastic channel probe; scope limited to declared channel, distinction, decoder, threshold, and formal-consumption measurements"
dec::bit_flip_p_0_05::D_parity::E_parity::declared_decoder,0,0,declared_decoder,"finite stochastic channel probe; scope limited to declared channel, distinction, decoder, threshold, and formal-consumption measurements"
dec::bit_flip_p_0_05::D_parity::E_parity::declared_decoder,1,1,declared_decoder,"finite stochastic channel probe; scope limited to declared channel, distinction, decoder, threshold, and formal-consumption measurements"
dec::bit_flip_p_0_05::D_parity::E_trivial::bayes_optimal_decoder,*,1,bayes_optimal_decoder,"finite stochastic channel probe; scope limited to declared channel, distinction, decoder, threshold, and formal-consumption measurements"
dec::bit_flip_p_0_05::D_trivial::E_A::bayes_optimal_decoder,0,*,bayes_optimal_decoder,"finite stochastic channel probe; scope limited to declared channel, distinction, decoder, threshold, and formal-consumption measurements"
dec::bit_flip_p_0_05::D_trivial::E_A::bayes_optimal_decoder,1,*,bayes_optimal_decoder,"finite stochastic channel probe; scope limited to declared channel, distinction, decoder, threshold, and formal-consumption measurements"
dec::bit_flip_p_0_05::D_trivial::E_A::exact_decoder,0,*,exact_decoder,"finite stochastic channel probe; scope limited to declared channel, distinction, decoder, threshold, and formal-consumption measurements"
dec::bit_flip_p_0_05::D_trivial::E_A::exact_decoder,1,*,exact_decoder,"finite stochastic channel probe; scope limited to declared channel, distinction, decoder, threshold, and formal-consumption measurements"
dec::bit_flip_p_0_05::D_trivial::E_B::bayes_optimal_decoder,0,*,bayes_optimal_decoder,"finite stochastic channel probe; scope limited to declared channel, distinction, decoder, threshold, and formal-consumption measurements"
dec::bit_flip_p_0_05::D_trivial::E_B::bayes_optimal_decoder,1,*,bayes_optimal_decoder,"finite stochastic channel probe; scope limited to declared channel, distinction, decoder, threshold, and formal-consumption measurements"
dec::bit_flip_p_0_05::D_trivial::E_B::exact_decoder,0,*,exact_decoder,"finite stochastic channel probe; scope limited to declared channel, distinction, decoder, threshold, and formal-consumption measurements"
dec::bit_flip_p_0_05::D_trivial::E_B::exact_decoder,1,*,exact_decoder,"finite stochastic channel probe; scope limited to declared channel, distinction, decoder, threshold, and formal-consumption measurements"
dec::bit_flip_p_0_05::D_trivial::E_joint::bayes_optimal_decoder,00,*,bayes_optimal_decoder,"finite stochastic channel probe; scope limited to declared channel, distinction, decoder, threshold, and formal-consumption measurements"
dec::bit_flip_p_0_05::D_trivial::E_joint::bayes_optimal_decoder,01,*,bayes_optimal_decoder,"finite stochastic channel probe; scope limited to declared channel, distinction, decoder, threshold, and formal-consumption measurements"
dec::bit_flip_p_0_05::D_trivial::E_joint::bayes_optimal_decoder,10,*,bayes_optimal_decoder,"finite stochastic channel probe; scope limited to declared channel, distinction, decoder, threshold, and formal-consumption measurements"
dec::bit_flip_p_0_05::D_trivial::E_joint::bayes_optimal_decoder,11,*,bayes_optimal_decoder,"finite stochastic channel probe; scope limited to declared channel, distinction, decoder, threshold, and formal-consumption measurements"
dec::bit_flip_p_0_05::D_trivial::E_joint::exact_decoder,00,*,exact_decoder,"finite stochastic channel probe; scope limited to declared channel, distinction, decoder, threshold, and formal-consumption measurements"
dec::bit_flip_p_0_05::D_trivial::E_joint::exact_decoder,01,*,exact_decoder,"finite stochastic channel probe; scope limited to declared channel, distinction, decoder, threshold, and formal-consumption measurements"
dec::bit_flip_p_0_05::D_trivial::E_joint::exact_decoder,10,*,exact_decoder,"finite stochastic channel probe; scope limited to declared channel, distinction, decoder, threshold, and formal-consumption measurements"
dec::bit_flip_p_0_05::D_trivial::E_joint::exact_decoder,11,*,exact_decoder,"finite stochastic channel probe; scope limited to declared channel, distinction, decoder, threshold, and formal-consumption measurements"
dec::bit_flip_p_0_05::D_trivial::E_parity::bayes_optimal_decoder,0,*,bayes_optimal_decoder,"finite stochastic channel probe; scope limited to declared channel, distinction, decoder, threshold, and formal-consumption measurements"
dec::bit_flip_p_0_05::D_trivial::E_parity::bayes_optimal_decoder,1,*,bayes_optimal_decoder,"finite stochastic channel probe; scope limited to declared channel, distinction, decoder, threshold, and formal-consumption measurements"
dec::bit_flip_p_0_05::D_trivial::E_parity::exact_decoder,0,*,exact_decoder,"finite stochastic channel probe; scope limited to declared channel, distinction, decoder, threshold, and formal-consumption measurements"
dec::bit_flip_p_0_05::D_trivial::E_parity::exact_decoder,1,*,exact_decoder,"finite stochastic channel probe; scope limited to declared channel, distinction, decoder, threshold, and formal-consumption measurements"
dec::bit_flip_p_0_05::D_trivial::E_trivial::bayes_optimal_decoder,*,*,bayes_optimal_decoder,"finite stochastic channel probe; scope limited to declared channel, distinction, decoder, threshold, and formal-consumption measurements"
dec::bit_flip_p_0_05::D_trivial::E_trivial::exact_decoder,*,*,exact_decoder,"finite stochastic channel probe; scope limited to declared channel, distinction, decoder, threshold, and formal-consumption measurements"
dec::bit_flip_p_0_05::D_trivial::E_trivial::declared_decoder,*,*,declared_decoder,"finite stochastic channel probe; scope limited to declared channel, distinction, decoder, threshold, and formal-consumption measurements"
dec::bit_flip_p_0_10::D_A::E_A::bayes_optimal_decoder,0,0,bayes_optimal_decoder,"finite stochastic channel probe; scope limited to declared channel, distinction, decoder, threshold, and formal-consumption measurements"
dec::bit_flip_p_0_10::D_A::E_A::bayes_optimal_decoder,1,1,bayes_optimal_decoder,"finite stochastic channel probe; scope limited to declared channel, distinction, decoder, threshold, and formal-consumption measurements"
dec::bit_flip_p_0_10::D_A::E_A::declared_decoder,0,0,declared_decoder,"finite stochastic channel probe; scope limited to declared channel, distinction, decoder, threshold, and formal-consumption measurements"
dec::bit_flip_p_0_10::D_A::E_A::declared_decoder,1,1,declared_decoder,"finite stochastic channel probe; scope limited to declared channel, distinction, decoder, threshold, and formal-consumption measurements"
dec::bit_flip_p_0_10::D_A::E_B::bayes_optimal_decoder,0,1,bayes_optimal_decoder,"finite stochastic channel probe; scope limited to declared channel, distinction, decoder, threshold, and formal-consumption measurements"
dec::bit_flip_p_0_10::D_A::E_B::bayes_optimal_decoder,1,1,bayes_optimal_decoder,"finite stochastic channel probe; scope limited to declared channel, distinction, decoder, threshold, and formal-consumption measurements"
dec::bit_flip_p_0_10::D_A::E_B::declared_decoder,0,0,declared_decoder,"finite stochastic channel probe; scope limited to declared channel, distinction, decoder, threshold, and formal-consumption measurements"
dec::bit_flip_p_0_10::D_A::E_B::declared_decoder,1,1,declared_decoder,"finite stochastic channel probe; scope limited to declared channel, distinction, decoder, threshold, and formal-consumption measurements"
dec::bit_flip_p_0_10::D_A::E_joint::bayes_optimal_decoder,00,0,bayes_optimal_decoder,"finite stochastic channel probe; scope limited to declared channel, distinction, decoder, threshold, and formal-consumption measurements"
dec::bit_flip_p_0_10::D_A::E_joint::bayes_optimal_decoder,01,0,bayes_optimal_decoder,"finite stochastic channel probe; scope limited to declared channel, distinction, decoder, threshold, and formal-consumption measurements"
dec::bit_flip_p_0_10::D_A::E_joint::bayes_optimal_decoder,10,1,bayes_optimal_decoder,"finite stochastic channel probe; scope limited to declared channel, distinction, decoder, threshold, and formal-consumption measurements"
dec::bit_flip_p_0_10::D_A::E_joint::bayes_optimal_decoder,11,1,bayes_optimal_decoder,"finite stochastic channel probe; scope limited to declared channel, distinction, decoder, threshold, and formal-consumption measurements"
dec::bit_flip_p_0_10::D_A::E_parity::bayes_optimal_decoder,0,1,bayes_optimal_decoder,"finite stochastic channel probe; scope limited to declared channel, distinction, decoder, threshold, and formal-consumption measurements"
dec::bit_flip_p_0_10::D_A::E_parity::bayes_optimal_decoder,1,1,bayes_optimal_decoder,"finite stochastic channel probe; scope limited to declared channel, distinction, decoder, threshold, and formal-consumption measurements"
dec::bit_flip_p_0_10::D_A::E_parity::declared_decoder,0,0,declared_decoder,"finite stochastic channel probe; scope limited to declared channel, distinction, decoder, threshold, and formal-consumption measurements"
dec::bit_flip_p_0_10::D_A::E_parity::declared_decoder,1,1,declared_decoder,"finite stochastic channel probe; scope limited to declared channel, distinction, decoder, threshold, and formal-consumption measurements"
dec::bit_flip_p_0_10::D_A::E_trivial::bayes_optimal_decoder,*,1,bayes_optimal_decoder,"finite stochastic channel probe; scope limited to declared channel, distinction, decoder, threshold, and formal-consumption measurements"
dec::bit_flip_p_0_10::D_B::E_A::bayes_optimal_decoder,0,1,bayes_optimal_decoder,"finite stochastic channel probe; scope limited to declared channel, distinction, decoder, threshold, and formal-consumption measurements"
dec::bit_flip_p_0_10::D_B::E_A::bayes_optimal_decoder,1,1,bayes_optimal_decoder,"finite stochastic channel probe; scope limited to declared channel, distinction, decoder, threshold, and formal-consumption measurements"
dec::bit_flip_p_0_10::D_B::E_A::declared_decoder,0,0,declared_decoder,"finite stochastic channel probe; scope limited to declared channel, distinction, decoder, threshold, and formal-consumption measurements"
dec::bit_flip_p_0_10::D_B::E_A::declared_decoder,1,1,declared_decoder,"finite stochastic channel probe; scope limited to declared channel, distinction, decoder, threshold, and formal-consumption measurements"
dec::bit_flip_p_0_10::D_B::E_B::bayes_optimal_decoder,0,0,bayes_optimal_decoder,"finite stochastic channel probe; scope limited to declared channel, distinction, decoder, threshold, and formal-consumption measurements"
dec::bit_flip_p_0_10::D_B::E_B::bayes_optimal_decoder,1,1,bayes_optimal_decoder,"finite stochastic channel probe; scope limited to declared channel, distinction, decoder, threshold, and formal-consumption measurements"
dec::bit_flip_p_0_10::D_B::E_B::declared_decoder,0,0,declared_decoder,"finite stochastic channel probe; scope limited to declared channel, distinction, decoder, threshold, and formal-consumption measurements"
dec::bit_flip_p_0_10::D_B::E_B::declared_decoder,1,1,declared_decoder,"finite stochastic channel probe; scope limited to declared channel, distinction, decoder, threshold, and formal-consumption measurements"
dec::bit_flip_p_0_10::D_B::E_joint::bayes_optimal_decoder,00,0,bayes_optimal_decoder,"finite stochastic channel probe; scope limited to declared channel, distinction, decoder, threshold, and formal-consumption measurements"
dec::bit_flip_p_0_10::D_B::E_joint::bayes_optimal_decoder,01,1,bayes_optimal_decoder,"finite stochastic channel probe; scope limited to declared channel, distinction, decoder, threshold, and formal-consumption measurements"
dec::bit_flip_p_0_10::D_B::E_joint::bayes_optimal_decoder,10,0,bayes_optimal_decoder,"finite stochastic channel probe; scope limited to declared channel, distinction, decoder, threshold, and formal-consumption measurements"
dec::bit_flip_p_0_10::D_B::E_joint::bayes_optimal_decoder,11,1,bayes_optimal_decoder,"finite stochastic channel probe; scope limited to declared channel, distinction, decoder, threshold, and formal-consumption measurements"
dec::bit_flip_p_0_10::D_B::E_parity::bayes_optimal_decoder,0,1,bayes_optimal_decoder,"finite stochastic channel probe; scope limited to declared channel, distinction, decoder, threshold, and formal-consumption measurements"
dec::bit_flip_p_0_10::D_B::E_parity::bayes_optimal_decoder,1,1,bayes_optimal_decoder,"finite stochastic channel probe; scope limited to declared channel, distinction, decoder, threshold, and formal-consumption measurements"
dec::bit_flip_p_0_10::D_B::E_parity::declared_decoder,0,0,declared_decoder,"finite stochastic channel probe; scope limited to declared channel, distinction, decoder, threshold, and formal-consumption measurements"
dec::bit_flip_p_0_10::D_B::E_parity::declared_decoder,1,1,declared_decoder,"finite stochastic channel probe; scope limited to declared channel, distinction, decoder, threshold, and formal-consumption measurements"
dec::bit_flip_p_0_10::D_B::E_trivial::bayes_optimal_decoder,*,1,bayes_optimal_decoder,"finite stochastic channel probe; scope limited to declared channel, distinction, decoder, threshold, and formal-consumption measurements"
dec::bit_flip_p_0_10::D_joint::E_A::bayes_optimal_decoder,0,01,bayes_optimal_decoder,"finite stochastic channel probe; scope limited to declared channel, distinction, decoder, threshold, and formal-consumption measurements"
dec::bit_flip_p_0_10::D_joint::E_A::bayes_optimal_decoder,1,11,bayes_optimal_decoder,"finite stochastic channel probe; scope limited to declared channel, distinction, decoder, threshold, and formal-consumption measurements"
dec::bit_flip_p_0_10::D_joint::E_B::bayes_optimal_decoder,0,10,bayes_optimal_decoder,"finite stochastic channel probe; scope limited to declared channel, distinction, decoder, threshold, and formal-consumption measurements"
dec::bit_flip_p_0_10::D_joint::E_B::bayes_optimal_decoder,1,11,bayes_optimal_decoder,"finite stochastic channel probe; scope limited to declared channel, distinction, decoder, threshold, and formal-consumption measurements"
dec::bit_flip_p_0_10::D_joint::E_joint::bayes_optimal_decoder,00,00,bayes_optimal_decoder,"finite stochastic channel probe; scope limited to declared channel, distinction, decoder, threshold, and formal-consumption measurements"
dec::bit_flip_p_0_10::D_joint::E_joint::bayes_optimal_decoder,01,01,bayes_optimal_decoder,"finite stochastic channel probe; scope limited to declared channel, distinction, decoder, threshold, and formal-consumption measurements"
dec::bit_flip_p_0_10::D_joint::E_joint::bayes_optimal_decoder,10,10,bayes_optimal_decoder,"finite stochastic channel probe; scope limited to declared channel, distinction, decoder, threshold, and formal-consumption measurements"
dec::bit_flip_p_0_10::D_joint::E_joint::bayes_optimal_decoder,11,11,bayes_optimal_decoder,"finite stochastic channel probe; scope limited to declared channel, distinction, decoder, threshold, and formal-consumption measurements"
dec::bit_flip_p_0_10::D_joint::E_joint::declared_decoder,00,00,declared_decoder,"finite stochastic channel probe; scope limited to declared channel, distinction, decoder, threshold, and formal-consumption measurements"
dec::bit_flip_p_0_10::D_joint::E_joint::declared_decoder,01,01,declared_decoder,"finite stochastic channel probe; scope limited to declared channel, distinction, decoder, threshold, and formal-consumption measurements"
dec::bit_flip_p_0_10::D_joint::E_joint::declared_decoder,10,10,declared_decoder,"finite stochastic channel probe; scope limited to declared channel, distinction, decoder, threshold, and formal-consumption measurements"
dec::bit_flip_p_0_10::D_joint::E_joint::declared_decoder,11,11,declared_decoder,"finite stochastic channel probe; scope limited to declared channel, distinction, decoder, threshold, and formal-consumption measurements"
dec::bit_flip_p_0_10::D_joint::E_parity::bayes_optimal_decoder,0,11,bayes_optimal_decoder,"finite stochastic channel probe; scope limited to declared channel, distinction, decoder, threshold, and formal-consumption measurements"
dec::bit_flip_p_0_10::D_joint::E_parity::bayes_optimal_decoder,1,10,bayes_optimal_decoder,"finite stochastic channel probe; scope limited to declared channel, distinction, decoder, threshold, and formal-consumption measurements"
dec::bit_flip_p_0_10::D_joint::E_trivial::bayes_optimal_decoder,*,11,bayes_optimal_decoder,"finite stochastic channel probe; scope limited to declared channel, distinction, decoder, threshold, and formal-consumption measurements"
dec::bit_flip_p_0_10::D_parity::E_A::bayes_optimal_decoder,0,1,bayes_optimal_decoder,"finite stochastic channel probe; scope limited to declared channel, distinction, decoder, threshold, and formal-consumption measurements"
dec::bit_flip_p_0_10::D_parity::E_A::bayes_optimal_decoder,1,1,bayes_optimal_decoder,"finite stochastic channel probe; scope limited to declared channel, distinction, decoder, threshold, and formal-consumption measurements"
dec::bit_flip_p_0_10::D_parity::E_A::declared_decoder,0,0,declared_decoder,"finite stochastic channel probe; scope limited to declared channel, distinction, decoder, threshold, and formal-consumption measurements"
dec::bit_flip_p_0_10::D_parity::E_A::declared_decoder,1,1,declared_decoder,"finite stochastic channel probe; scope limited to declared channel, distinction, decoder, threshold, and formal-consumption measurements"
dec::bit_flip_p_0_10::D_parity::E_B::bayes_optimal_decoder,0,1,bayes_optimal_decoder,"finite stochastic channel probe; scope limited to declared channel, distinction, decoder, threshold, and formal-consumption measurements"
dec::bit_flip_p_0_10::D_parity::E_B::bayes_optimal_decoder,1,1,bayes_optimal_decoder,"finite stochastic channel probe; scope limited to declared channel, distinction, decoder, threshold, and formal-consumption measurements"
dec::bit_flip_p_0_10::D_parity::E_B::declared_decoder,0,0,declared_decoder,"finite stochastic channel probe; scope limited to declared channel, distinction, decoder, threshold, and formal-consumption measurements"
dec::bit_flip_p_0_10::D_parity::E_B::declared_decoder,1,1,declared_decoder,"finite stochastic channel probe; scope limited to declared channel, distinction, decoder, threshold, and formal-consumption measurements"
dec::bit_flip_p_0_10::D_parity::E_joint::bayes_optimal_decoder,00,0,bayes_optimal_decoder,"finite stochastic channel probe; scope limited to declared channel, distinction, decoder, threshold, and formal-consumption measurements"
dec::bit_flip_p_0_10::D_parity::E_joint::bayes_optimal_decoder,01,1,bayes_optimal_decoder,"finite stochastic channel probe; scope limited to declared channel, distinction, decoder, threshold, and formal-consumption measurements"
dec::bit_flip_p_0_10::D_parity::E_joint::bayes_optimal_decoder,10,1,bayes_optimal_decoder,"finite stochastic channel probe; scope limited to declared channel, distinction, decoder, threshold, and formal-consumption measurements"
dec::bit_flip_p_0_10::D_parity::E_joint::bayes_optimal_decoder,11,0,bayes_optimal_decoder,"finite stochastic channel probe; scope limited to declared channel, distinction, decoder, threshold, and formal-consumption measurements"
dec::bit_flip_p_0_10::D_parity::E_parity::bayes_optimal_decoder,0,0,bayes_optimal_decoder,"finite stochastic channel probe; scope limited to declared channel, distinction, decoder, threshold, and formal-consumption measurements"
dec::bit_flip_p_0_10::D_parity::E_parity::bayes_optimal_decoder,1,1,bayes_optimal_decoder,"finite stochastic channel probe; scope limited to declared channel, distinction, decoder, threshold, and formal-consumption measurements"
dec::bit_flip_p_0_10::D_parity::E_parity::declared_decoder,0,0,declared_decoder,"finite stochastic channel probe; scope limited to declared channel, distinction, decoder, threshold, and formal-consumption measurements"
dec::bit_flip_p_0_10::D_parity::E_parity::declared_decoder,1,1,declared_decoder,"finite stochastic channel probe; scope limited to declared channel, distinction, decoder, threshold, and formal-consumption measurements"
dec::bit_flip_p_0_10::D_parity::E_trivial::bayes_optimal_decoder,*,1,bayes_optimal_decoder,"finite stochastic channel probe; scope limited to declared channel, distinction, decoder, threshold, and formal-consumption measurements"
dec::bit_flip_p_0_10::D_trivial::E_A::bayes_optimal_decoder,0,*,bayes_optimal_decoder,"finite stochastic channel probe; scope limited to declared channel, distinction, decoder, threshold, and formal-consumption measurements"
dec::bit_flip_p_0_10::D_trivial::E_A::bayes_optimal_decoder,1,*,bayes_optimal_decoder,"finite stochastic channel probe; scope limited to declared channel, distinction, decoder, threshold, and formal-consumption measurements"
dec::bit_flip_p_0_10::D_trivial::E_A::exact_decoder,0,*,exact_decoder,"finite stochastic channel probe; scope limited to declared channel, distinction, decoder, threshold, and formal-consumption measurements"
dec::bit_flip_p_0_10::D_trivial::E_A::exact_decoder,1,*,exact_decoder,"finite stochastic channel probe; scope limited to declared channel, distinction, decoder, threshold, and formal-consumption measurements"
dec::bit_flip_p_0_10::D_trivial::E_B::bayes_optimal_decoder,0,*,bayes_optimal_decoder,"finite stochastic channel probe; scope limited to declared channel, distinction, decoder, threshold, and formal-consumption measurements"
dec::bit_flip_p_0_10::D_trivial::E_B::bayes_optimal_decoder,1,*,bayes_optimal_decoder,"finite stochastic channel probe; scope limited to declared channel, distinction, decoder, threshold, and formal-consumption measurements"
dec::bit_flip_p_0_10::D_trivial::E_B::exact_decoder,0,*,exact_decoder,"finite stochastic channel probe; scope limited to declared channel, distinction, decoder, threshold, and formal-consumption measurements"
dec::bit_flip_p_0_10::D_trivial::E_B::exact_decoder,1,*,exact_decoder,"finite stochastic channel probe; scope limited to declared channel, distinction, decoder, threshold, and formal-consumption measurements"
dec::bit_flip_p_0_10::D_trivial::E_joint::bayes_optimal_decoder,00,*,bayes_optimal_decoder,"finite stochastic channel probe; scope limited to declared channel, distinction, decoder, threshold, and formal-consumption measurements"
dec::bit_flip_p_0_10::D_trivial::E_joint::bayes_optimal_decoder,01,*,bayes_optimal_decoder,"finite stochastic channel probe; scope limited to declared channel, distinction, decoder, threshold, and formal-consumption measurements"
dec::bit_flip_p_0_10::D_trivial::E_joint::bayes_optimal_decoder,10,*,bayes_optimal_decoder,"finite stochastic channel probe; scope limited to declared channel, distinction, decoder, threshold, and formal-consumption measurements"
dec::bit_flip_p_0_10::D_trivial::E_joint::bayes_optimal_decoder,11,*,bayes_optimal_decoder,"finite stochastic channel probe; scope limited to declared channel, distinction, decoder, threshold, and formal-consumption measurements"
dec::bit_flip_p_0_10::D_trivial::E_joint::exact_decoder,00,*,exact_decoder,"finite stochastic channel probe; scope limited to declared channel, distinction, decoder, threshold, and formal-consumption measurements"
dec::bit_flip_p_0_10::D_trivial::E_joint::exact_decoder,01,*,exact_decoder,"finite stochastic channel probe; scope limited to declared channel, distinction, decoder, threshold, and formal-consumption measurements"
dec::bit_flip_p_0_10::D_trivial::E_joint::exact_decoder,10,*,exact_decoder,"finite stochastic channel probe; scope limited to declared channel, distinction, decoder, threshold, and formal-consumption measurements"
dec::bit_flip_p_0_10::D_trivial::E_joint::exact_decoder,11,*,exact_decoder,"finite stochastic channel probe; scope limited to declared channel, distinction, decoder, threshold, and formal-consumption measurements"
dec::bit_flip_p_0_10::D_trivial::E_parity::bayes_optimal_decoder,0,*,bayes_optimal_decoder,"finite stochastic channel probe; scope limited to declared channel, distinction, decoder, threshold, and formal-consumption measurements"
dec::bit_flip_p_0_10::D_trivial::E_parity::bayes_optimal_decoder,1,*,bayes_optimal_decoder,"finite stochastic channel probe; scope limited to declared channel, distinction, decoder, threshold, and formal-consumption measurements"
dec::bit_flip_p_0_10::D_trivial::E_parity::exact_decoder,0,*,exact_decoder,"finite stochastic channel probe; scope limited to declared channel, distinction, decoder, threshold, and formal-consumption measurements"
dec::bit_flip_p_0_10::D_trivial::E_parity::exact_decoder,1,*,exact_decoder,"finite stochastic channel probe; scope limited to declared channel, distinction, decoder, threshold, and formal-consumption measurements"
dec::bit_flip_p_0_10::D_trivial::E_trivial::bayes_optimal_decoder,*,*,bayes_optimal_decoder,"finite stochastic channel probe; scope limited to declared channel, distinction, decoder, threshold, and formal-consumption measurements"
dec::bit_flip_p_0_10::D_trivial::E_trivial::exact_decoder,*,*,exact_decoder,"finite stochastic channel probe; scope limited to declared channel, distinction, decoder, threshold, and formal-consumption measurements"
dec::bit_flip_p_0_10::D_trivial::E_trivial::declared_decoder,*,*,declared_decoder,"finite stochastic channel probe; scope limited to declared channel, distinction, decoder, threshold, and formal-consumption measurements"
dec::bit_flip_p_0_25::D_A::E_A::bayes_optimal_decoder,0,0,bayes_optimal_decoder,"finite stochastic channel probe; scope limited to declared channel, distinction, decoder, threshold, and formal-consumption measurements"
dec::bit_flip_p_0_25::D_A::E_A::bayes_optimal_decoder,1,1,bayes_optimal_decoder,"finite stochastic channel probe; scope limited to declared channel, distinction, decoder, threshold, and formal-consumption measurements"
dec::bit_flip_p_0_25::D_A::E_A::declared_decoder,0,0,declared_decoder,"finite stochastic channel probe; scope limited to declared channel, distinction, decoder, threshold, and formal-consumption measurements"
dec::bit_flip_p_0_25::D_A::E_A::declared_decoder,1,1,declared_decoder,"finite stochastic channel probe; scope limited to declared channel, distinction, decoder, threshold, and formal-consumption measurements"
dec::bit_flip_p_0_25::D_A::E_B::bayes_optimal_decoder,0,1,bayes_optimal_decoder,"finite stochastic channel probe; scope limited to declared channel, distinction, decoder, threshold, and formal-consumption measurements"
dec::bit_flip_p_0_25::D_A::E_B::bayes_optimal_decoder,1,1,bayes_optimal_decoder,"finite stochastic channel probe; scope limited to declared channel, distinction, decoder, threshold, and formal-consumption measurements"
dec::bit_flip_p_0_25::D_A::E_B::declared_decoder,0,0,declared_decoder,"finite stochastic channel probe; scope limited to declared channel, distinction, decoder, threshold, and formal-consumption measurements"
dec::bit_flip_p_0_25::D_A::E_B::declared_decoder,1,1,declared_decoder,"finite stochastic channel probe; scope limited to declared channel, distinction, decoder, threshold, and formal-consumption measurements"
dec::bit_flip_p_0_25::D_A::E_joint::bayes_optimal_decoder,00,0,bayes_optimal_decoder,"finite stochastic channel probe; scope limited to declared channel, distinction, decoder, threshold, and formal-consumption measurements"
dec::bit_flip_p_0_25::D_A::E_joint::bayes_optimal_decoder,01,0,bayes_optimal_decoder,"finite stochastic channel probe; scope limited to declared channel, distinction, decoder, threshold, and formal-consumption measurements"
dec::bit_flip_p_0_25::D_A::E_joint::bayes_optimal_decoder,10,1,bayes_optimal_decoder,"finite stochastic channel probe; scope limited to declared channel, distinction, decoder, threshold, and formal-consumption measurements"
dec::bit_flip_p_0_25::D_A::E_joint::bayes_optimal_decoder,11,1,bayes_optimal_decoder,"finite stochastic channel probe; scope limited to declared channel, distinction, decoder, threshold, and formal-consumption measurements"
dec::bit_flip_p_0_25::D_A::E_parity::bayes_optimal_decoder,0,1,bayes_optimal_decoder,"finite stochastic channel probe; scope limited to declared channel, distinction, decoder, threshold, and formal-consumption measurements"
dec::bit_flip_p_0_25::D_A::E_parity::bayes_optimal_decoder,1,1,bayes_optimal_decoder,"finite stochastic channel probe; scope limited to declared channel, distinction, decoder, threshold, and formal-consumption measurements"
dec::bit_flip_p_0_25::D_A::E_parity::declared_decoder,0,0,declared_decoder,"finite stochastic channel probe; scope limited to declared channel, distinction, decoder, threshold, and formal-consumption measurements"
dec::bit_flip_p_0_25::D_A::E_parity::declared_decoder,1,1,declared_decoder,"finite stochastic channel probe; scope limited to declared channel, distinction, decoder, threshold, and formal-consumption measurements"
dec::bit_flip_p_0_25::D_A::E_trivial::bayes_optimal_decoder,*,1,bayes_optimal_decoder,"finite stochastic channel probe; scope limited to declared channel, distinction, decoder, threshold, and formal-consumption measurements"
dec::bit_flip_p_0_25::D_B::E_A::bayes_optimal_decoder,0,1,bayes_optimal_decoder,"finite stochastic channel probe; scope limited to declared channel, distinction, decoder, threshold, and formal-consumption measurements"
dec::bit_flip_p_0_25::D_B::E_A::bayes_optimal_decoder,1,1,bayes_optimal_decoder,"finite stochastic channel probe; scope limited to declared channel, distinction, decoder, threshold, and formal-consumption measurements"
dec::bit_flip_p_0_25::D_B::E_A::declared_decoder,0,0,declared_decoder,"finite stochastic channel probe; scope limited to declared channel, distinction, decoder, threshold, and formal-consumption measurements"
dec::bit_flip_p_0_25::D_B::E_A::declared_decoder,1,1,declared_decoder,"finite stochastic channel probe; scope limited to declared channel, distinction, decoder, threshold, and formal-consumption measurements"
dec::bit_flip_p_0_25::D_B::E_B::bayes_optimal_decoder,0,0,bayes_optimal_decoder,"finite stochastic channel probe; scope limited to declared channel, distinction, decoder, threshold, and formal-consumption measurements"
dec::bit_flip_p_0_25::D_B::E_B::bayes_optimal_decoder,1,1,bayes_optimal_decoder,"finite stochastic channel probe; scope limited to declared channel, distinction, decoder, threshold, and formal-consumption measurements"
dec::bit_flip_p_0_25::D_B::E_B::declared_decoder,0,0,declared_decoder,"finite stochastic channel probe; scope limited to declared channel, distinction, decoder, threshold, and formal-consumption measurements"
dec::bit_flip_p_0_25::D_B::E_B::declared_decoder,1,1,declared_decoder,"finite stochastic channel probe; scope limited to declared channel, distinction, decoder, threshold, and formal-consumption measurements"
dec::bit_flip_p_0_25::D_B::E_joint::bayes_optimal_decoder,00,0,bayes_optimal_decoder,"finite stochastic channel probe; scope limited to declared channel, distinction, decoder, threshold, and formal-consumption measurements"
dec::bit_flip_p_0_25::D_B::E_joint::bayes_optimal_decoder,01,1,bayes_optimal_decoder,"finite stochastic channel probe; scope limited to declared channel, distinction, decoder, threshold, and formal-consumption measurements"
dec::bit_flip_p_0_25::D_B::E_joint::bayes_optimal_decoder,10,0,bayes_optimal_decoder,"finite stochastic channel probe; scope limited to declared channel, distinction, decoder, threshold, and formal-consumption measurements"
dec::bit_flip_p_0_25::D_B::E_joint::bayes_optimal_decoder,11,1,bayes_optimal_decoder,"finite stochastic channel probe; scope limited to declared channel, distinction, decoder, threshold, and formal-consumption measurements"
dec::bit_flip_p_0_25::D_B::E_parity::bayes_optimal_decoder,0,1,bayes_optimal_decoder,"finite stochastic channel probe; scope limited to declared channel, distinction, decoder, threshold, and formal-consumption measurements"
dec::bit_flip_p_0_25::D_B::E_parity::bayes_optimal_decoder,1,1,bayes_optimal_decoder,"finite stochastic channel probe; scope limited to declared channel, distinction, decoder, threshold, and formal-consumption measurements"
dec::bit_flip_p_0_25::D_B::E_parity::declared_decoder,0,0,declared_decoder,"finite stochastic channel probe; scope limited to declared channel, distinction, decoder, threshold, and formal-consumption measurements"
dec::bit_flip_p_0_25::D_B::E_parity::declared_decoder,1,1,declared_decoder,"finite stochastic channel probe; scope limited to declared channel, distinction, decoder, threshold, and formal-consumption measurements"
dec::bit_flip_p_0_25::D_B::E_trivial::bayes_optimal_decoder,*,1,bayes_optimal_decoder,"finite stochastic channel probe; scope limited to declared channel, distinction, decoder, threshold, and formal-consumption measurements"
dec::bit_flip_p_0_25::D_joint::E_A::bayes_optimal_decoder,0,01,bayes_optimal_decoder,"finite stochastic channel probe; scope limited to declared channel, distinction, decoder, threshold, and formal-consumption measurements"
dec::bit_flip_p_0_25::D_joint::E_A::bayes_optimal_decoder,1,11,bayes_optimal_decoder,"finite stochastic channel probe; scope limited to declared channel, distinction, decoder, threshold, and formal-consumption measurements"
dec::bit_flip_p_0_25::D_joint::E_B::bayes_optimal_decoder,0,10,bayes_optimal_decoder,"finite stochastic channel probe; scope limited to declared channel, distinction, decoder, threshold, and formal-consumption measurements"
dec::bit_flip_p_0_25::D_joint::E_B::bayes_optimal_decoder,1,11,bayes_optimal_decoder,"finite stochastic channel probe; scope limited to declared channel, distinction, decoder, threshold, and formal-consumption measurements"
dec::bit_flip_p_0_25::D_joint::E_joint::bayes_optimal_decoder,00,00,bayes_optimal_decoder,"finite stochastic channel probe; scope limited to declared channel, distinction, decoder, threshold, and formal-consumption measurements"
dec::bit_flip_p_0_25::D_joint::E_joint::bayes_optimal_decoder,01,01,bayes_optimal_decoder,"finite stochastic channel probe; scope limited to declared channel, distinction, decoder, threshold, and formal-consumption measurements"
dec::bit_flip_p_0_25::D_joint::E_joint::bayes_optimal_decoder,10,10,bayes_optimal_decoder,"finite stochastic channel probe; scope limited to declared channel, distinction, decoder, threshold, and formal-consumption measurements"
dec::bit_flip_p_0_25::D_joint::E_joint::bayes_optimal_decoder,11,11,bayes_optimal_decoder,"finite stochastic channel probe; scope limited to declared channel, distinction, decoder, threshold, and formal-consumption measurements"
dec::bit_flip_p_0_25::D_joint::E_joint::declared_decoder,00,00,declared_decoder,"finite stochastic channel probe; scope limited to declared channel, distinction, decoder, threshold, and formal-consumption measurements"
dec::bit_flip_p_0_25::D_joint::E_joint::declared_decoder,01,01,declared_decoder,"finite stochastic channel probe; scope limited to declared channel, distinction, decoder, threshold, and formal-consumption measurements"
dec::bit_flip_p_0_25::D_joint::E_joint::declared_decoder,10,10,declared_decoder,"finite stochastic channel probe; scope limited to declared channel, distinction, decoder, threshold, and formal-consumption measurements"
dec::bit_flip_p_0_25::D_joint::E_joint::declared_decoder,11,11,declared_decoder,"finite stochastic channel probe; scope limited to declared channel, distinction, decoder, threshold, and formal-consumption measurements"
dec::bit_flip_p_0_25::D_joint::E_parity::bayes_optimal_decoder,0,11,bayes_optimal_decoder,"finite stochastic channel probe; scope limited to declared channel, distinction, decoder, threshold, and formal-consumption measurements"
dec::bit_flip_p_0_25::D_joint::E_parity::bayes_optimal_decoder,1,10,bayes_optimal_decoder,"finite stochastic channel probe; scope limited to declared channel, distinction, decoder, threshold, and formal-consumption measurements"
dec::bit_flip_p_0_25::D_joint::E_trivial::bayes_optimal_decoder,*,11,bayes_optimal_decoder,"finite stochastic channel probe; scope limited to declared channel, distinction, decoder, threshold, and formal-consumption measurements"
dec::bit_flip_p_0_25::D_parity::E_A::bayes_optimal_decoder,0,1,bayes_optimal_decoder,"finite stochastic channel probe; scope limited to declared channel, distinction, decoder, threshold, and formal-consumption measurements"
dec::bit_flip_p_0_25::D_parity::E_A::bayes_optimal_decoder,1,1,bayes_optimal_decoder,"finite stochastic channel probe; scope limited to declared channel, distinction, decoder, threshold, and formal-consumption measurements"
dec::bit_flip_p_0_25::D_parity::E_A::declared_decoder,0,0,declared_decoder,"finite stochastic channel probe; scope limited to declared channel, distinction, decoder, threshold, and formal-consumption measurements"
dec::bit_flip_p_0_25::D_parity::E_A::declared_decoder,1,1,declared_decoder,"finite stochastic channel probe; scope limited to declared channel, distinction, decoder, threshold, and formal-consumption measurements"
dec::bit_flip_p_0_25::D_parity::E_B::bayes_optimal_decoder,0,1,bayes_optimal_decoder,"finite stochastic channel probe; scope limited to declared channel, distinction, decoder, threshold, and formal-consumption measurements"
dec::bit_flip_p_0_25::D_parity::E_B::bayes_optimal_decoder,1,1,bayes_optimal_decoder,"finite stochastic channel probe; scope limited to declared channel, distinction, decoder, threshold, and formal-consumption measurements"
dec::bit_flip_p_0_25::D_parity::E_B::declared_decoder,0,0,declared_decoder,"finite stochastic channel probe; scope limited to declared channel, distinction, decoder, threshold, and formal-consumption measurements"
dec::bit_flip_p_0_25::D_parity::E_B::declared_decoder,1,1,declared_decoder,"finite stochastic channel probe; scope limited to declared channel, distinction, decoder, threshold, and formal-consumption measurements"
dec::bit_flip_p_0_25::D_parity::E_joint::bayes_optimal_decoder,00,0,bayes_optimal_decoder,"finite stochastic channel probe; scope limited to declared channel, distinction, decoder, threshold, and formal-consumption measurements"
dec::bit_flip_p_0_25::D_parity::E_joint::bayes_optimal_decoder,01,1,bayes_optimal_decoder,"finite stochastic channel probe; scope limited to declared channel, distinction, decoder, threshold, and formal-consumption measurements"
dec::bit_flip_p_0_25::D_parity::E_joint::bayes_optimal_decoder,10,1,bayes_optimal_decoder,"finite stochastic channel probe; scope limited to declared channel, distinction, decoder, threshold, and formal-consumption measurements"
dec::bit_flip_p_0_25::D_parity::E_joint::bayes_optimal_decoder,11,0,bayes_optimal_decoder,"finite stochastic channel probe; scope limited to declared channel, distinction, decoder, threshold, and formal-consumption measurements"
dec::bit_flip_p_0_25::D_parity::E_parity::bayes_optimal_decoder,0,0,bayes_optimal_decoder,"finite stochastic channel probe; scope limited to declared channel, distinction, decoder, threshold, and formal-consumption measurements"
dec::bit_flip_p_0_25::D_parity::E_parity::bayes_optimal_decoder,1,1,bayes_optimal_decoder,"finite stochastic channel probe; scope limited to declared channel, distinction, decoder, threshold, and formal-consumption measurements"
dec::bit_flip_p_0_25::D_parity::E_parity::declared_decoder,0,0,declared_decoder,"finite stochastic channel probe; scope limited to declared channel, distinction, decoder, threshold, and formal-consumption measurements"
dec::bit_flip_p_0_25::D_parity::E_parity::declared_decoder,1,1,declared_decoder,"finite stochastic channel probe; scope limited to declared channel, distinction, decoder, threshold, and formal-consumption measurements"
dec::bit_flip_p_0_25::D_parity::E_trivial::bayes_optimal_decoder,*,1,bayes_optimal_decoder,"finite stochastic channel probe; scope limited to declared channel, distinction, decoder, threshold, and formal-consumption measurements"
dec::bit_flip_p_0_25::D_trivial::E_A::bayes_optimal_decoder,0,*,bayes_optimal_decoder,"finite stochastic channel probe; scope limited to declared channel, distinction, decoder, threshold, and formal-consumption measurements"
dec::bit_flip_p_0_25::D_trivial::E_A::bayes_optimal_decoder,1,*,bayes_optimal_decoder,"finite stochastic channel probe; scope limited to declared channel, distinction, decoder, threshold, and formal-consumption measurements"
dec::bit_flip_p_0_25::D_trivial::E_A::exact_decoder,0,*,exact_decoder,"finite stochastic channel probe; scope limited to declared channel, distinction, decoder, threshold, and formal-consumption measurements"
dec::bit_flip_p_0_25::D_trivial::E_A::exact_decoder,1,*,exact_decoder,"finite stochastic channel probe; scope limited to declared channel, distinction, decoder, threshold, and formal-consumption measurements"
dec::bit_flip_p_0_25::D_trivial::E_B::bayes_optimal_decoder,0,*,bayes_optimal_decoder,"finite stochastic channel probe; scope limited to declared channel, distinction, decoder, threshold, and formal-consumption measurements"
dec::bit_flip_p_0_25::D_trivial::E_B::bayes_optimal_decoder,1,*,bayes_optimal_decoder,"finite stochastic channel probe; scope limited to declared channel, distinction, decoder, threshold, and formal-consumption measurements"
dec::bit_flip_p_0_25::D_trivial::E_B::exact_decoder,0,*,exact_decoder,"finite stochastic channel probe; scope limited to declared channel, distinction, decoder, threshold, and formal-consumption measurements"
dec::bit_flip_p_0_25::D_trivial::E_B::exact_decoder,1,*,exact_decoder,"finite stochastic channel probe; scope limited to declared channel, distinction, decoder, threshold, and formal-consumption measurements"
dec::bit_flip_p_0_25::D_trivial::E_joint::bayes_optimal_decoder,00,*,bayes_optimal_decoder,"finite stochastic channel probe; scope limited to declared channel, distinction, decoder, threshold, and formal-consumption measurements"
dec::bit_flip_p_0_25::D_trivial::E_joint::bayes_optimal_decoder,01,*,bayes_optimal_decoder,"finite stochastic channel probe; scope limited to declared channel, distinction, decoder, threshold, and formal-consumption measurements"
dec::bit_flip_p_0_25::D_trivial::E_joint::bayes_optimal_decoder,10,*,bayes_optimal_decoder,"finite stochastic channel probe; scope limited to declared channel, distinction, decoder, threshold, and formal-consumption measurements"
dec::bit_flip_p_0_25::D_trivial::E_joint::bayes_optimal_decoder,11,*,bayes_optimal_decoder,"finite stochastic channel probe; scope limited to declared channel, distinction, decoder, threshold, and formal-consumption measurements"
dec::bit_flip_p_0_25::D_trivial::E_joint::exact_decoder,00,*,exact_decoder,"finite stochastic channel probe; scope limited to declared channel, distinction, decoder, threshold, and formal-consumption measurements"
dec::bit_flip_p_0_25::D_trivial::E_joint::exact_decoder,01,*,exact_decoder,"finite stochastic channel probe; scope limited to declared channel, distinction, decoder, threshold, and formal-consumption measurements"
dec::bit_flip_p_0_25::D_trivial::E_joint::exact_decoder,10,*,exact_decoder,"finite stochastic channel probe; scope limited to declared channel, distinction, decoder, threshold, and formal-consumption measurements"
dec::bit_flip_p_0_25::D_trivial::E_joint::exact_decoder,11,*,exact_decoder,"finite stochastic channel probe; scope limited to declared channel, distinction, decoder, threshold, and formal-consumption measurements"
dec::bit_flip_p_0_25::D_trivial::E_parity::bayes_optimal_decoder,0,*,bayes_optimal_decoder,"finite stochastic channel probe; scope limited to declared channel, distinction, decoder, threshold, and formal-consumption measurements"
dec::bit_flip_p_0_25::D_trivial::E_parity::bayes_optimal_decoder,1,*,bayes_optimal_decoder,"finite stochastic channel probe; scope limited to declared channel, distinction, decoder, threshold, and formal-consumption measurements"
dec::bit_flip_p_0_25::D_trivial::E_parity::exact_decoder,0,*,exact_decoder,"finite stochastic channel probe; scope limited to declared channel, distinction, decoder, threshold, and formal-consumption measurements"
dec::bit_flip_p_0_25::D_trivial::E_parity::exact_decoder,1,*,exact_decoder,"finite stochastic channel probe; scope limited to declared channel, distinction, decoder, threshold, and formal-consumption measurements"
dec::bit_flip_p_0_25::D_trivial::E_trivial::bayes_optimal_decoder,*,*,bayes_optimal_decoder,"finite stochastic channel probe; scope limited to declared channel, distinction, decoder, threshold, and formal-consumption measurements"
dec::bit_flip_p_0_25::D_trivial::E_trivial::exact_decoder,*,*,exact_decoder,"finite stochastic channel probe; scope limited to declared channel, distinction, decoder, threshold, and formal-consumption measurements"
dec::bit_flip_p_0_25::D_trivial::E_trivial::declared_decoder,*,*,declared_decoder,"finite stochastic channel probe; scope limited to declared channel, distinction, decoder, threshold, and formal-consumption measurements"
dec::bit_flip_p_0_50::D_A::E_A::bayes_optimal_decoder,0,1,bayes_optimal_decoder,"finite stochastic channel probe; scope limited to declared channel, distinction, decoder, threshold, and formal-consumption measurements"
dec::bit_flip_p_0_50::D_A::E_A::bayes_optimal_decoder,1,1,bayes_optimal_decoder,"finite stochastic channel probe; scope limited to declared channel, distinction, decoder, threshold, and formal-consumption measurements"
dec::bit_flip_p_0_50::D_A::E_A::declared_decoder,0,0,declared_decoder,"finite stochastic channel probe; scope limited to declared channel, distinction, decoder, threshold, and formal-consumption measurements"
dec::bit_flip_p_0_50::D_A::E_A::declared_decoder,1,1,declared_decoder,"finite stochastic channel probe; scope limited to declared channel, distinction, decoder, threshold, and formal-consumption measurements"
dec::bit_flip_p_0_50::D_A::E_B::bayes_optimal_decoder,0,1,bayes_optimal_decoder,"finite stochastic channel probe; scope limited to declared channel, distinction, decoder, threshold, and formal-consumption measurements"
dec::bit_flip_p_0_50::D_A::E_B::bayes_optimal_decoder,1,1,bayes_optimal_decoder,"finite stochastic channel probe; scope limited to declared channel, distinction, decoder, threshold, and formal-consumption measurements"
dec::bit_flip_p_0_50::D_A::E_B::declared_decoder,0,0,declared_decoder,"finite stochastic channel probe; scope limited to declared channel, distinction, decoder, threshold, and formal-consumption measurements"
dec::bit_flip_p_0_50::D_A::E_B::declared_decoder,1,1,declared_decoder,"finite stochastic channel probe; scope limited to declared channel, distinction, decoder, threshold, and formal-consumption measurements"
dec::bit_flip_p_0_50::D_A::E_joint::bayes_optimal_decoder,00,1,bayes_optimal_decoder,"finite stochastic channel probe; scope limited to declared channel, distinction, decoder, threshold, and formal-consumption measurements"
dec::bit_flip_p_0_50::D_A::E_joint::bayes_optimal_decoder,01,1,bayes_optimal_decoder,"finite stochastic channel probe; scope limited to declared channel, distinction, decoder, threshold, and formal-consumption measurements"
dec::bit_flip_p_0_50::D_A::E_joint::bayes_optimal_decoder,10,1,bayes_optimal_decoder,"finite stochastic channel probe; scope limited to declared channel, distinction, decoder, threshold, and formal-consumption measurements"
dec::bit_flip_p_0_50::D_A::E_joint::bayes_optimal_decoder,11,1,bayes_optimal_decoder,"finite stochastic channel probe; scope limited to declared channel, distinction, decoder, threshold, and formal-consumption measurements"
dec::bit_flip_p_0_50::D_A::E_parity::bayes_optimal_decoder,0,1,bayes_optimal_decoder,"finite stochastic channel probe; scope limited to declared channel, distinction, decoder, threshold, and formal-consumption measurements"
dec::bit_flip_p_0_50::D_A::E_parity::bayes_optimal_decoder,1,1,bayes_optimal_decoder,"finite stochastic channel probe; scope limited to declared channel, distinction, decoder, threshold, and formal-consumption measurements"
dec::bit_flip_p_0_50::D_A::E_parity::declared_decoder,0,0,declared_decoder,"finite stochastic channel probe; scope limited to declared channel, distinction, decoder, threshold, and formal-consumption measurements"
dec::bit_flip_p_0_50::D_A::E_parity::declared_decoder,1,1,declared_decoder,"finite stochastic channel probe; scope limited to declared channel, distinction, decoder, threshold, and formal-consumption measurements"
dec::bit_flip_p_0_50::D_A::E_trivial::bayes_optimal_decoder,*,1,bayes_optimal_decoder,"finite stochastic channel probe; scope limited to declared channel, distinction, decoder, threshold, and formal-consumption measurements"
dec::bit_flip_p_0_50::D_B::E_A::bayes_optimal_decoder,0,1,bayes_optimal_decoder,"finite stochastic channel probe; scope limited to declared channel, distinction, decoder, threshold, and formal-consumption measurements"
dec::bit_flip_p_0_50::D_B::E_A::bayes_optimal_decoder,1,1,bayes_optimal_decoder,"finite stochastic channel probe; scope limited to declared channel, distinction, decoder, threshold, and formal-consumption measurements"
dec::bit_flip_p_0_50::D_B::E_A::declared_decoder,0,0,declared_decoder,"finite stochastic channel probe; scope limited to declared channel, distinction, decoder, threshold, and formal-consumption measurements"
dec::bit_flip_p_0_50::D_B::E_A::declared_decoder,1,1,declared_decoder,"finite stochastic channel probe; scope limited to declared channel, distinction, decoder, threshold, and formal-consumption measurements"
dec::bit_flip_p_0_50::D_B::E_B::bayes_optimal_decoder,0,1,bayes_optimal_decoder,"finite stochastic channel probe; scope limited to declared channel, distinction, decoder, threshold, and formal-consumption measurements"
dec::bit_flip_p_0_50::D_B::E_B::bayes_optimal_decoder,1,1,bayes_optimal_decoder,"finite stochastic channel probe; scope limited to declared channel, distinction, decoder, threshold, and formal-consumption measurements"
dec::bit_flip_p_0_50::D_B::E_B::declared_decoder,0,0,declared_decoder,"finite stochastic channel probe; scope limited to declared channel, distinction, decoder, threshold, and formal-consumption measurements"
dec::bit_flip_p_0_50::D_B::E_B::declared_decoder,1,1,declared_decoder,"finite stochastic channel probe; scope limited to declared channel, distinction, decoder, threshold, and formal-consumption measurements"
dec::bit_flip_p_0_50::D_B::E_joint::bayes_optimal_decoder,00,1,bayes_optimal_decoder,"finite stochastic channel probe; scope limited to declared channel, distinction, decoder, threshold, and formal-consumption measurements"
dec::bit_flip_p_0_50::D_B::E_joint::bayes_optimal_decoder,01,1,bayes_optimal_decoder,"finite stochastic channel probe; scope limited to declared channel, distinction, decoder, threshold, and formal-consumption measurements"
dec::bit_flip_p_0_50::D_B::E_joint::bayes_optimal_decoder,10,1,bayes_optimal_decoder,"finite stochastic channel probe; scope limited to declared channel, distinction, decoder, threshold, and formal-consumption measurements"
dec::bit_flip_p_0_50::D_B::E_joint::bayes_optimal_decoder,11,1,bayes_optimal_decoder,"finite stochastic channel probe; scope limited to declared channel, distinction, decoder, threshold, and formal-consumption measurements"
dec::bit_flip_p_0_50::D_B::E_parity::bayes_optimal_decoder,0,1,bayes_optimal_decoder,"finite stochastic channel probe; scope limited to declared channel, distinction, decoder, threshold, and formal-consumption measurements"
dec::bit_flip_p_0_50::D_B::E_parity::bayes_optimal_decoder,1,1,bayes_optimal_decoder,"finite stochastic channel probe; scope limited to declared channel, distinction, decoder, threshold, and formal-consumption measurements"
dec::bit_flip_p_0_50::D_B::E_parity::declared_decoder,0,0,declared_decoder,"finite stochastic channel probe; scope limited to declared channel, distinction, decoder, threshold, and formal-consumption measurements"
dec::bit_flip_p_0_50::D_B::E_parity::declared_decoder,1,1,declared_decoder,"finite stochastic channel probe; scope limited to declared channel, distinction, decoder, threshold, and formal-consumption measurements"
dec::bit_flip_p_0_50::D_B::E_trivial::bayes_optimal_decoder,*,1,bayes_optimal_decoder,"finite stochastic channel probe; scope limited to declared channel, distinction, decoder, threshold, and formal-consumption measurements"
dec::bit_flip_p_0_50::D_joint::E_A::bayes_optimal_decoder,0,11,bayes_optimal_decoder,"finite stochastic channel probe; scope limited to declared channel, distinction, decoder, threshold, and formal-consumption measurements"
dec::bit_flip_p_0_50::D_joint::E_A::bayes_optimal_decoder,1,11,bayes_optimal_decoder,"finite stochastic channel probe; scope limited to declared channel, distinction, decoder, threshold, and formal-consumption measurements"
dec::bit_flip_p_0_50::D_joint::E_B::bayes_optimal_decoder,0,11,bayes_optimal_decoder,"finite stochastic channel probe; scope limited to declared channel, distinction, decoder, threshold, and formal-consumption measurements"
dec::bit_flip_p_0_50::D_joint::E_B::bayes_optimal_decoder,1,11,bayes_optimal_decoder,"finite stochastic channel probe; scope limited to declared channel, distinction, decoder, threshold, and formal-consumption measurements"
dec::bit_flip_p_0_50::D_joint::E_joint::bayes_optimal_decoder,00,11,bayes_optimal_decoder,"finite stochastic channel probe; scope limited to declared channel, distinction, decoder, threshold, and formal-consumption measurements"
dec::bit_flip_p_0_50::D_joint::E_joint::bayes_optimal_decoder,01,11,bayes_optimal_decoder,"finite stochastic channel probe; scope limited to declared channel, distinction, decoder, threshold, and formal-consumption measurements"
dec::bit_flip_p_0_50::D_joint::E_joint::bayes_optimal_decoder,10,11,bayes_optimal_decoder,"finite stochastic channel probe; scope limited to declared channel, distinction, decoder, threshold, and formal-consumption measurements"
dec::bit_flip_p_0_50::D_joint::E_joint::bayes_optimal_decoder,11,11,bayes_optimal_decoder,"finite stochastic channel probe; scope limited to declared channel, distinction, decoder, threshold, and formal-consumption measurements"
dec::bit_flip_p_0_50::D_joint::E_joint::declared_decoder,00,00,declared_decoder,"finite stochastic channel probe; scope limited to declared channel, distinction, decoder, threshold, and formal-consumption measurements"
dec::bit_flip_p_0_50::D_joint::E_joint::declared_decoder,01,01,declared_decoder,"finite stochastic channel probe; scope limited to declared channel, distinction, decoder, threshold, and formal-consumption measurements"
dec::bit_flip_p_0_50::D_joint::E_joint::declared_decoder,10,10,declared_decoder,"finite stochastic channel probe; scope limited to declared channel, distinction, decoder, threshold, and formal-consumption measurements"
dec::bit_flip_p_0_50::D_joint::E_joint::declared_decoder,11,11,declared_decoder,"finite stochastic channel probe; scope limited to declared channel, distinction, decoder, threshold, and formal-consumption measurements"
dec::bit_flip_p_0_50::D_joint::E_parity::bayes_optimal_decoder,0,11,bayes_optimal_decoder,"finite stochastic channel probe; scope limited to declared channel, distinction, decoder, threshold, and formal-consumption measurements"
dec::bit_flip_p_0_50::D_joint::E_parity::bayes_optimal_decoder,1,11,bayes_optimal_decoder,"finite stochastic channel probe; scope limited to declared channel, distinction, decoder, threshold, and formal-consumption measurements"
dec::bit_flip_p_0_50::D_joint::E_trivial::bayes_optimal_decoder,*,11,bayes_optimal_decoder,"finite stochastic channel probe; scope limited to declared channel, distinction, decoder, threshold, and formal-consumption measurements"
dec::bit_flip_p_0_50::D_parity::E_A::bayes_optimal_decoder,0,1,bayes_optimal_decoder,"finite stochastic channel probe; scope limited to declared channel, distinction, decoder, threshold, and formal-consumption measurements"
dec::bit_flip_p_0_50::D_parity::E_A::bayes_optimal_decoder,1,1,bayes_optimal_decoder,"finite stochastic channel probe; scope limited to declared channel, distinction, decoder, threshold, and formal-consumption measurements"
dec::bit_flip_p_0_50::D_parity::E_A::declared_decoder,0,0,declared_decoder,"finite stochastic channel probe; scope limited to declared channel, distinction, decoder, threshold, and formal-consumption measurements"
dec::bit_flip_p_0_50::D_parity::E_A::declared_decoder,1,1,declared_decoder,"finite stochastic channel probe; scope limited to declared channel, distinction, decoder, threshold, and formal-consumption measurements"
dec::bit_flip_p_0_50::D_parity::E_B::bayes_optimal_decoder,0,1,bayes_optimal_decoder,"finite stochastic channel probe; scope limited to declared channel, distinction, decoder, threshold, and formal-consumption measurements"
dec::bit_flip_p_0_50::D_parity::E_B::bayes_optimal_decoder,1,1,bayes_optimal_decoder,"finite stochastic channel probe; scope limited to declared channel, distinction, decoder, threshold, and formal-consumption measurements"
dec::bit_flip_p_0_50::D_parity::E_B::declared_decoder,0,0,declared_decoder,"finite stochastic channel probe; scope limited to declared channel, distinction, decoder, threshold, and formal-consumption measurements"
dec::bit_flip_p_0_50::D_parity::E_B::declared_decoder,1,1,declared_decoder,"finite stochastic channel probe; scope limited to declared channel, distinction, decoder, threshold, and formal-consumption measurements"
dec::bit_flip_p_0_50::D_parity::E_joint::bayes_optimal_decoder,00,1,bayes_optimal_decoder,"finite stochastic channel probe; scope limited to declared channel, distinction, decoder, threshold, and formal-consumption measurements"
dec::bit_flip_p_0_50::D_parity::E_joint::bayes_optimal_decoder,01,1,bayes_optimal_decoder,"finite stochastic channel probe; scope limited to declared channel, distinction, decoder, threshold, and formal-consumption measurements"
dec::bit_flip_p_0_50::D_parity::E_joint::bayes_optimal_decoder,10,1,bayes_optimal_decoder,"finite stochastic channel probe; scope limited to declared channel, distinction, decoder, threshold, and formal-consumption measurements"
dec::bit_flip_p_0_50::D_parity::E_joint::bayes_optimal_decoder,11,1,bayes_optimal_decoder,"finite stochastic channel probe; scope limited to declared channel, distinction, decoder, threshold, and formal-consumption measurements"
dec::bit_flip_p_0_50::D_parity::E_parity::bayes_optimal_decoder,0,1,bayes_optimal_decoder,"finite stochastic channel probe; scope limited to declared channel, distinction, decoder, threshold, and formal-consumption measurements"
dec::bit_flip_p_0_50::D_parity::E_parity::bayes_optimal_decoder,1,1,bayes_optimal_decoder,"finite stochastic channel probe; scope limited to declared channel, distinction, decoder, threshold, and formal-consumption measurements"
dec::bit_flip_p_0_50::D_parity::E_parity::declared_decoder,0,0,declared_decoder,"finite stochastic channel probe; scope limited to declared channel, distinction, decoder, threshold, and formal-consumption measurements"
dec::bit_flip_p_0_50::D_parity::E_parity::declared_decoder,1,1,declared_decoder,"finite stochastic channel probe; scope limited to declared channel, distinction, decoder, threshold, and formal-consumption measurements"
dec::bit_flip_p_0_50::D_parity::E_trivial::bayes_optimal_decoder,*,1,bayes_optimal_decoder,"finite stochastic channel probe; scope limited to declared channel, distinction, decoder, threshold, and formal-consumption measurements"
dec::bit_flip_p_0_50::D_trivial::E_A::bayes_optimal_decoder,0,*,bayes_optimal_decoder,"finite stochastic channel probe; scope limited to declared channel, distinction, decoder, threshold, and formal-consumption measurements"
dec::bit_flip_p_0_50::D_trivial::E_A::bayes_optimal_decoder,1,*,bayes_optimal_decoder,"finite stochastic channel probe; scope limited to declared channel, distinction, decoder, threshold, and formal-consumption measurements"
dec::bit_flip_p_0_50::D_trivial::E_A::exact_decoder,0,*,exact_decoder,"finite stochastic channel probe; scope limited to declared channel, distinction, decoder, threshold, and formal-consumption measurements"
dec::bit_flip_p_0_50::D_trivial::E_A::exact_decoder,1,*,exact_decoder,"finite stochastic channel probe; scope limited to declared channel, distinction, decoder, threshold, and formal-consumption measurements"
dec::bit_flip_p_0_50::D_trivial::E_B::bayes_optimal_decoder,0,*,bayes_optimal_decoder,"finite stochastic channel probe; scope limited to declared channel, distinction, decoder, threshold, and formal-consumption measurements"
dec::bit_flip_p_0_50::D_trivial::E_B::bayes_optimal_decoder,1,*,bayes_optimal_decoder,"finite stochastic channel probe; scope limited to declared channel, distinction, decoder, threshold, and formal-consumption measurements"
dec::bit_flip_p_0_50::D_trivial::E_B::exact_decoder,0,*,exact_decoder,"finite stochastic channel probe; scope limited to declared channel, distinction, decoder, threshold, and formal-consumption measurements"
dec::bit_flip_p_0_50::D_trivial::E_B::exact_decoder,1,*,exact_decoder,"finite stochastic channel probe; scope limited to declared channel, distinction, decoder, threshold, and formal-consumption measurements"
dec::bit_flip_p_0_50::D_trivial::E_joint::bayes_optimal_decoder,00,*,bayes_optimal_decoder,"finite stochastic channel probe; scope limited to declared channel, distinction, decoder, threshold, and formal-consumption measurements"
dec::bit_flip_p_0_50::D_trivial::E_joint::bayes_optimal_decoder,01,*,bayes_optimal_decoder,"finite stochastic channel probe; scope limited to declared channel, distinction, decoder, threshold, and formal-consumption measurements"
dec::bit_flip_p_0_50::D_trivial::E_joint::bayes_optimal_decoder,10,*,bayes_optimal_decoder,"finite stochastic channel probe; scope limited to declared channel, distinction, decoder, threshold, and formal-consumption measurements"
dec::bit_flip_p_0_50::D_trivial::E_joint::bayes_optimal_decoder,11,*,bayes_optimal_decoder,"finite stochastic channel probe; scope limited to declared channel, distinction, decoder, threshold, and formal-consumption measurements"
dec::bit_flip_p_0_50::D_trivial::E_joint::exact_decoder,00,*,exact_decoder,"finite stochastic channel probe; scope limited to declared channel, distinction, decoder, threshold, and formal-consumption measurements"
dec::bit_flip_p_0_50::D_trivial::E_joint::exact_decoder,01,*,exact_decoder,"finite stochastic channel probe; scope limited to declared channel, distinction, decoder, threshold, and formal-consumption measurements"
dec::bit_flip_p_0_50::D_trivial::E_joint::exact_decoder,10,*,exact_decoder,"finite stochastic channel probe; scope limited to declared channel, distinction, decoder, threshold, and formal-consumption measurements"
dec::bit_flip_p_0_50::D_trivial::E_joint::exact_decoder,11,*,exact_decoder,"finite stochastic channel probe; scope limited to declared channel, distinction, decoder, threshold, and formal-consumption measurements"
dec::bit_flip_p_0_50::D_trivial::E_parity::bayes_optimal_decoder,0,*,bayes_optimal_decoder,"finite stochastic channel probe; scope limited to declared channel, distinction, decoder, threshold, and formal-consumption measurements"
dec::bit_flip_p_0_50::D_trivial::E_parity::bayes_optimal_decoder,1,*,bayes_optimal_decoder,"finite stochastic channel probe; scope limited to declared channel, distinction, decoder, threshold, and formal-consumption measurements"
dec::bit_flip_p_0_50::D_trivial::E_parity::exact_decoder,0,*,exact_decoder,"finite stochastic channel probe; scope limited to declared channel, distinction, decoder, threshold, and formal-consumption measurements"
dec::bit_flip_p_0_50::D_trivial::E_parity::exact_decoder,1,*,exact_decoder,"finite stochastic channel probe; scope limited to declared channel, distinction, decoder, threshold, and formal-consumption measurements"
dec::bit_flip_p_0_50::D_trivial::E_trivial::bayes_optimal_decoder,*,*,bayes_optimal_decoder,"finite stochastic channel probe; scope limited to declared channel, distinction, decoder, threshold, and formal-consumption measurements"
dec::bit_flip_p_0_50::D_trivial::E_trivial::exact_decoder,*,*,exact_decoder,"finite stochastic channel probe; scope limited to declared channel, distinction, decoder, threshold, and formal-consumption measurements"
dec::bit_flip_p_0_50::D_trivial::E_trivial::declared_decoder,*,*,declared_decoder,"finite stochastic channel probe; scope limited to declared channel, distinction, decoder, threshold, and formal-consumption measurements"
dec::asym_A_preserved_B_noisy_p_0_25::D_A::E_A::bayes_optimal_decoder,0,0,bayes_optimal_decoder,"finite stochastic channel probe; scope limited to declared channel, distinction, decoder, threshold, and formal-consumption measurements"
dec::asym_A_preserved_B_noisy_p_0_25::D_A::E_A::bayes_optimal_decoder,1,1,bayes_optimal_decoder,"finite stochastic channel probe; scope limited to declared channel, distinction, decoder, threshold, and formal-consumption measurements"
dec::asym_A_preserved_B_noisy_p_0_25::D_A::E_A::exact_decoder,0,0,exact_decoder,"finite stochastic channel probe; scope limited to declared channel, distinction, decoder, threshold, and formal-consumption measurements"
dec::asym_A_preserved_B_noisy_p_0_25::D_A::E_A::exact_decoder,1,1,exact_decoder,"finite stochastic channel probe; scope limited to declared channel, distinction, decoder, threshold, and formal-consumption measurements"
dec::asym_A_preserved_B_noisy_p_0_25::D_A::E_A::declared_decoder,0,0,declared_decoder,"finite stochastic channel probe; scope limited to declared channel, distinction, decoder, threshold, and formal-consumption measurements"
dec::asym_A_preserved_B_noisy_p_0_25::D_A::E_A::declared_decoder,1,1,declared_decoder,"finite stochastic channel probe; scope limited to declared channel, distinction, decoder, threshold, and formal-consumption measurements"
dec::asym_A_preserved_B_noisy_p_0_25::D_A::E_B::bayes_optimal_decoder,0,1,bayes_optimal_decoder,"finite stochastic channel probe; scope limited to declared channel, distinction, decoder, threshold, and formal-consumption measurements"
dec::asym_A_preserved_B_noisy_p_0_25::D_A::E_B::bayes_optimal_decoder,1,1,bayes_optimal_decoder,"finite stochastic channel probe; scope limited to declared channel, distinction, decoder, threshold, and formal-consumption measurements"
dec::asym_A_preserved_B_noisy_p_0_25::D_A::E_B::declared_decoder,0,0,declared_decoder,"finite stochastic channel probe; scope limited to declared channel, distinction, decoder, threshold, and formal-consumption measurements"
dec::asym_A_preserved_B_noisy_p_0_25::D_A::E_B::declared_decoder,1,1,declared_decoder,"finite stochastic channel probe; scope limited to declared channel, distinction, decoder, threshold, and formal-consumption measurements"
dec::asym_A_preserved_B_noisy_p_0_25::D_A::E_joint::bayes_optimal_decoder,00,0,bayes_optimal_decoder,"finite stochastic channel probe; scope limited to declared channel, distinction, decoder, threshold, and formal-consumption measurements"
dec::asym_A_preserved_B_noisy_p_0_25::D_A::E_joint::bayes_optimal_decoder,01,0,bayes_optimal_decoder,"finite stochastic channel probe; scope limited to declared channel, distinction, decoder, threshold, and formal-consumption measurements"
dec::asym_A_preserved_B_noisy_p_0_25::D_A::E_joint::bayes_optimal_decoder,10,1,bayes_optimal_decoder,"finite stochastic channel probe; scope limited to declared channel, distinction, decoder, threshold, and formal-consumption measurements"
dec::asym_A_preserved_B_noisy_p_0_25::D_A::E_joint::bayes_optimal_decoder,11,1,bayes_optimal_decoder,"finite stochastic channel probe; scope limited to declared channel, distinction, decoder, threshold, and formal-consumption measurements"
dec::asym_A_preserved_B_noisy_p_0_25::D_A::E_joint::exact_decoder,00,0,exact_decoder,"finite stochastic channel probe; scope limited to declared channel, distinction, decoder, threshold, and formal-consumption measurements"
dec::asym_A_preserved_B_noisy_p_0_25::D_A::E_joint::exact_decoder,01,0,exact_decoder,"finite stochastic channel probe; scope limited to declared channel, distinction, decoder, threshold, and formal-consumption measurements"
dec::asym_A_preserved_B_noisy_p_0_25::D_A::E_joint::exact_decoder,10,1,exact_decoder,"finite stochastic channel probe; scope limited to declared channel, distinction, decoder, threshold, and formal-consumption measurements"
dec::asym_A_preserved_B_noisy_p_0_25::D_A::E_joint::exact_decoder,11,1,exact_decoder,"finite stochastic channel probe; scope limited to declared channel, distinction, decoder, threshold, and formal-consumption measurements"
dec::asym_A_preserved_B_noisy_p_0_25::D_A::E_parity::bayes_optimal_decoder,0,1,bayes_optimal_decoder,"finite stochastic channel probe; scope limited to declared channel, distinction, decoder, threshold, and formal-consumption measurements"
dec::asym_A_preserved_B_noisy_p_0_25::D_A::E_parity::bayes_optimal_decoder,1,1,bayes_optimal_decoder,"finite stochastic channel probe; scope limited to declared channel, distinction, decoder, threshold, and formal-consumption measurements"
dec::asym_A_preserved_B_noisy_p_0_25::D_A::E_parity::declared_decoder,0,0,declared_decoder,"finite stochastic channel probe; scope limited to declared channel, distinction, decoder, threshold, and formal-consumption measurements"
dec::asym_A_preserved_B_noisy_p_0_25::D_A::E_parity::declared_decoder,1,1,declared_decoder,"finite stochastic channel probe; scope limited to declared channel, distinction, decoder, threshold, and formal-consumption measurements"
dec::asym_A_preserved_B_noisy_p_0_25::D_A::E_trivial::bayes_optimal_decoder,*,1,bayes_optimal_decoder,"finite stochastic channel probe; scope limited to declared channel, distinction, decoder, threshold, and formal-consumption measurements"
dec::asym_A_preserved_B_noisy_p_0_25::D_B::E_A::bayes_optimal_decoder,0,1,bayes_optimal_decoder,"finite stochastic channel probe; scope limited to declared channel, distinction, decoder, threshold, and formal-consumption measurements"
dec::asym_A_preserved_B_noisy_p_0_25::D_B::E_A::bayes_optimal_decoder,1,1,bayes_optimal_decoder,"finite stochastic channel probe; scope limited to declared channel, distinction, decoder, threshold, and formal-consumption measurements"
dec::asym_A_preserved_B_noisy_p_0_25::D_B::E_A::declared_decoder,0,0,declared_decoder,"finite stochastic channel probe; scope limited to declared channel, distinction, decoder, threshold, and formal-consumption measurements"
dec::asym_A_preserved_B_noisy_p_0_25::D_B::E_A::declared_decoder,1,1,declared_decoder,"finite stochastic channel probe; scope limited to declared channel, distinction, decoder, threshold, and formal-consumption measurements"
dec::asym_A_preserved_B_noisy_p_0_25::D_B::E_B::bayes_optimal_decoder,0,0,bayes_optimal_decoder,"finite stochastic channel probe; scope limited to declared channel, distinction, decoder, threshold, and formal-consumption measurements"
dec::asym_A_preserved_B_noisy_p_0_25::D_B::E_B::bayes_optimal_decoder,1,1,bayes_optimal_decoder,"finite stochastic channel probe; scope limited to declared channel, distinction, decoder, threshold, and formal-consumption measurements"
dec::asym_A_preserved_B_noisy_p_0_25::D_B::E_B::declared_decoder,0,0,declared_decoder,"finite stochastic channel probe; scope limited to declared channel, distinction, decoder, threshold, and formal-consumption measurements"
dec::asym_A_preserved_B_noisy_p_0_25::D_B::E_B::declared_decoder,1,1,declared_decoder,"finite stochastic channel probe; scope limited to declared channel, distinction, decoder, threshold, and formal-consumption measurements"
dec::asym_A_preserved_B_noisy_p_0_25::D_B::E_joint::bayes_optimal_decoder,00,0,bayes_optimal_decoder,"finite stochastic channel probe; scope limited to declared channel, distinction, decoder, threshold, and formal-consumption measurements"
dec::asym_A_preserved_B_noisy_p_0_25::D_B::E_joint::bayes_optimal_decoder,01,1,bayes_optimal_decoder,"finite stochastic channel probe; scope limited to declared channel, distinction, decoder, threshold, and formal-consumption measurements"
dec::asym_A_preserved_B_noisy_p_0_25::D_B::E_joint::bayes_optimal_decoder,10,0,bayes_optimal_decoder,"finite stochastic channel probe; scope limited to declared channel, distinction, decoder, threshold, and formal-consumption measurements"
dec::asym_A_preserved_B_noisy_p_0_25::D_B::E_joint::bayes_optimal_decoder,11,1,bayes_optimal_decoder,"finite stochastic channel probe; scope limited to declared channel, distinction, decoder, threshold, and formal-consumption measurements"
dec::asym_A_preserved_B_noisy_p_0_25::D_B::E_parity::bayes_optimal_decoder,0,1,bayes_optimal_decoder,"finite stochastic channel probe; scope limited to declared channel, distinction, decoder, threshold, and formal-consumption measurements"
dec::asym_A_preserved_B_noisy_p_0_25::D_B::E_parity::bayes_optimal_decoder,1,1,bayes_optimal_decoder,"finite stochastic channel probe; scope limited to declared channel, distinction, decoder, threshold, and formal-consumption measurements"
dec::asym_A_preserved_B_noisy_p_0_25::D_B::E_parity::declared_decoder,0,0,declared_decoder,"finite stochastic channel probe; scope limited to declared channel, distinction, decoder, threshold, and formal-consumption measurements"
dec::asym_A_preserved_B_noisy_p_0_25::D_B::E_parity::declared_decoder,1,1,declared_decoder,"finite stochastic channel probe; scope limited to declared channel, distinction, decoder, threshold, and formal-consumption measurements"
dec::asym_A_preserved_B_noisy_p_0_25::D_B::E_trivial::bayes_optimal_decoder,*,1,bayes_optimal_decoder,"finite stochastic channel probe; scope limited to declared channel, distinction, decoder, threshold, and formal-consumption measurements"
dec::asym_A_preserved_B_noisy_p_0_25::D_joint::E_A::bayes_optimal_decoder,0,01,bayes_optimal_decoder,"finite stochastic channel probe; scope limited to declared channel, distinction, decoder, threshold, and formal-consumption measurements"
dec::asym_A_preserved_B_noisy_p_0_25::D_joint::E_A::bayes_optimal_decoder,1,11,bayes_optimal_decoder,"finite stochastic channel probe; scope limited to declared channel, distinction, decoder, threshold, and formal-consumption measurements"
dec::asym_A_preserved_B_noisy_p_0_25::D_joint::E_B::bayes_optimal_decoder,0,10,bayes_optimal_decoder,"finite stochastic channel probe; scope limited to declared channel, distinction, decoder, threshold, and formal-consumption measurements"
dec::asym_A_preserved_B_noisy_p_0_25::D_joint::E_B::bayes_optimal_decoder,1,11,bayes_optimal_decoder,"finite stochastic channel probe; scope limited to declared channel, distinction, decoder, threshold, and formal-consumption measurements"
dec::asym_A_preserved_B_noisy_p_0_25::D_joint::E_joint::bayes_optimal_decoder,00,00,bayes_optimal_decoder,"finite stochastic channel probe; scope limited to declared channel, distinction, decoder, threshold, and formal-consumption measurements"
dec::asym_A_preserved_B_noisy_p_0_25::D_joint::E_joint::bayes_optimal_decoder,01,01,bayes_optimal_decoder,"finite stochastic channel probe; scope limited to declared channel, distinction, decoder, threshold, and formal-consumption measurements"
dec::asym_A_preserved_B_noisy_p_0_25::D_joint::E_joint::bayes_optimal_decoder,10,10,bayes_optimal_decoder,"finite stochastic channel probe; scope limited to declared channel, distinction, decoder, threshold, and formal-consumption measurements"
dec::asym_A_preserved_B_noisy_p_0_25::D_joint::E_joint::bayes_optimal_decoder,11,11,bayes_optimal_decoder,"finite stochastic channel probe; scope limited to declared channel, distinction, decoder, threshold, and formal-consumption measurements"
dec::asym_A_preserved_B_noisy_p_0_25::D_joint::E_joint::declared_decoder,00,00,declared_decoder,"finite stochastic channel probe; scope limited to declared channel, distinction, decoder, threshold, and formal-consumption measurements"
dec::asym_A_preserved_B_noisy_p_0_25::D_joint::E_joint::declared_decoder,01,01,declared_decoder,"finite stochastic channel probe; scope limited to declared channel, distinction, decoder, threshold, and formal-consumption measurements"
dec::asym_A_preserved_B_noisy_p_0_25::D_joint::E_joint::declared_decoder,10,10,declared_decoder,"finite stochastic channel probe; scope limited to declared channel, distinction, decoder, threshold, and formal-consumption measurements"
dec::asym_A_preserved_B_noisy_p_0_25::D_joint::E_joint::declared_decoder,11,11,declared_decoder,"finite stochastic channel probe; scope limited to declared channel, distinction, decoder, threshold, and formal-consumption measurements"
dec::asym_A_preserved_B_noisy_p_0_25::D_joint::E_parity::bayes_optimal_decoder,0,11,bayes_optimal_decoder,"finite stochastic channel probe; scope limited to declared channel, distinction, decoder, threshold, and formal-consumption measurements"
dec::asym_A_preserved_B_noisy_p_0_25::D_joint::E_parity::bayes_optimal_decoder,1,10,bayes_optimal_decoder,"finite stochastic channel probe; scope limited to declared channel, distinction, decoder, threshold, and formal-consumption measurements"
dec::asym_A_preserved_B_noisy_p_0_25::D_joint::E_trivial::bayes_optimal_decoder,*,11,bayes_optimal_decoder,"finite stochastic channel probe; scope limited to declared channel, distinction, decoder, threshold, and formal-consumption measurements"
dec::asym_A_preserved_B_noisy_p_0_25::D_parity::E_A::bayes_optimal_decoder,0,1,bayes_optimal_decoder,"finite stochastic channel probe; scope limited to declared channel, distinction, decoder, threshold, and formal-consumption measurements"
dec::asym_A_preserved_B_noisy_p_0_25::D_parity::E_A::bayes_optimal_decoder,1,1,bayes_optimal_decoder,"finite stochastic channel probe; scope limited to declared channel, distinction, decoder, threshold, and formal-consumption measurements"
dec::asym_A_preserved_B_noisy_p_0_25::D_parity::E_A::declared_decoder,0,0,declared_decoder,"finite stochastic channel probe; scope limited to declared channel, distinction, decoder, threshold, and formal-consumption measurements"
dec::asym_A_preserved_B_noisy_p_0_25::D_parity::E_A::declared_decoder,1,1,declared_decoder,"finite stochastic channel probe; scope limited to declared channel, distinction, decoder, threshold, and formal-consumption measurements"
dec::asym_A_preserved_B_noisy_p_0_25::D_parity::E_B::bayes_optimal_decoder,0,1,bayes_optimal_decoder,"finite stochastic channel probe; scope limited to declared channel, distinction, decoder, threshold, and formal-consumption measurements"
dec::asym_A_preserved_B_noisy_p_0_25::D_parity::E_B::bayes_optimal_decoder,1,1,bayes_optimal_decoder,"finite stochastic channel probe; scope limited to declared channel, distinction, decoder, threshold, and formal-consumption measurements"
dec::asym_A_preserved_B_noisy_p_0_25::D_parity::E_B::declared_decoder,0,0,declared_decoder,"finite stochastic channel probe; scope limited to declared channel, distinction, decoder, threshold, and formal-consumption measurements"
dec::asym_A_preserved_B_noisy_p_0_25::D_parity::E_B::declared_decoder,1,1,declared_decoder,"finite stochastic channel probe; scope limited to declared channel, distinction, decoder, threshold, and formal-consumption measurements"
dec::asym_A_preserved_B_noisy_p_0_25::D_parity::E_joint::bayes_optimal_decoder,00,0,bayes_optimal_decoder,"finite stochastic channel probe; scope limited to declared channel, distinction, decoder, threshold, and formal-consumption measurements"
dec::asym_A_preserved_B_noisy_p_0_25::D_parity::E_joint::bayes_optimal_decoder,01,1,bayes_optimal_decoder,"finite stochastic channel probe; scope limited to declared channel, distinction, decoder, threshold, and formal-consumption measurements"
dec::asym_A_preserved_B_noisy_p_0_25::D_parity::E_joint::bayes_optimal_decoder,10,1,bayes_optimal_decoder,"finite stochastic channel probe; scope limited to declared channel, distinction, decoder, threshold, and formal-consumption measurements"
dec::asym_A_preserved_B_noisy_p_0_25::D_parity::E_joint::bayes_optimal_decoder,11,0,bayes_optimal_decoder,"finite stochastic channel probe; scope limited to declared channel, distinction, decoder, threshold, and formal-consumption measurements"
dec::asym_A_preserved_B_noisy_p_0_25::D_parity::E_parity::bayes_optimal_decoder,0,0,bayes_optimal_decoder,"finite stochastic channel probe; scope limited to declared channel, distinction, decoder, threshold, and formal-consumption measurements"
dec::asym_A_preserved_B_noisy_p_0_25::D_parity::E_parity::bayes_optimal_decoder,1,1,bayes_optimal_decoder,"finite stochastic channel probe; scope limited to declared channel, distinction, decoder, threshold, and formal-consumption measurements"
dec::asym_A_preserved_B_noisy_p_0_25::D_parity::E_parity::declared_decoder,0,0,declared_decoder,"finite stochastic channel probe; scope limited to declared channel, distinction, decoder, threshold, and formal-consumption measurements"
dec::asym_A_preserved_B_noisy_p_0_25::D_parity::E_parity::declared_decoder,1,1,declared_decoder,"finite stochastic channel probe; scope limited to declared channel, distinction, decoder, threshold, and formal-consumption measurements"
dec::asym_A_preserved_B_noisy_p_0_25::D_parity::E_trivial::bayes_optimal_decoder,*,1,bayes_optimal_decoder,"finite stochastic channel probe; scope limited to declared channel, distinction, decoder, threshold, and formal-consumption measurements"
dec::asym_A_preserved_B_noisy_p_0_25::D_trivial::E_A::bayes_optimal_decoder,0,*,bayes_optimal_decoder,"finite stochastic channel probe; scope limited to declared channel, distinction, decoder, threshold, and formal-consumption measurements"
dec::asym_A_preserved_B_noisy_p_0_25::D_trivial::E_A::bayes_optimal_decoder,1,*,bayes_optimal_decoder,"finite stochastic channel probe; scope limited to declared channel, distinction, decoder, threshold, and formal-consumption measurements"
dec::asym_A_preserved_B_noisy_p_0_25::D_trivial::E_A::exact_decoder,0,*,exact_decoder,"finite stochastic channel probe; scope limited to declared channel, distinction, decoder, threshold, and formal-consumption measurements"
dec::asym_A_preserved_B_noisy_p_0_25::D_trivial::E_A::exact_decoder,1,*,exact_decoder,"finite stochastic channel probe; scope limited to declared channel, distinction, decoder, threshold, and formal-consumption measurements"
dec::asym_A_preserved_B_noisy_p_0_25::D_trivial::E_B::bayes_optimal_decoder,0,*,bayes_optimal_decoder,"finite stochastic channel probe; scope limited to declared channel, distinction, decoder, threshold, and formal-consumption measurements"
dec::asym_A_preserved_B_noisy_p_0_25::D_trivial::E_B::bayes_optimal_decoder,1,*,bayes_optimal_decoder,"finite stochastic channel probe; scope limited to declared channel, distinction, decoder, threshold, and formal-consumption measurements"
dec::asym_A_preserved_B_noisy_p_0_25::D_trivial::E_B::exact_decoder,0,*,exact_decoder,"finite stochastic channel probe; scope limited to declared channel, distinction, decoder, threshold, and formal-consumption measurements"
dec::asym_A_preserved_B_noisy_p_0_25::D_trivial::E_B::exact_decoder,1,*,exact_decoder,"finite stochastic channel probe; scope limited to declared channel, distinction, decoder, threshold, and formal-consumption measurements"
dec::asym_A_preserved_B_noisy_p_0_25::D_trivial::E_joint::bayes_optimal_decoder,00,*,bayes_optimal_decoder,"finite stochastic channel probe; scope limited to declared channel, distinction, decoder, threshold, and formal-consumption measurements"
dec::asym_A_preserved_B_noisy_p_0_25::D_trivial::E_joint::bayes_optimal_decoder,01,*,bayes_optimal_decoder,"finite stochastic channel probe; scope limited to declared channel, distinction, decoder, threshold, and formal-consumption measurements"
dec::asym_A_preserved_B_noisy_p_0_25::D_trivial::E_joint::bayes_optimal_decoder,10,*,bayes_optimal_decoder,"finite stochastic channel probe; scope limited to declared channel, distinction, decoder, threshold, and formal-consumption measurements"
dec::asym_A_preserved_B_noisy_p_0_25::D_trivial::E_joint::bayes_optimal_decoder,11,*,bayes_optimal_decoder,"finite stochastic channel probe; scope limited to declared channel, distinction, decoder, threshold, and formal-consumption measurements"
dec::asym_A_preserved_B_noisy_p_0_25::D_trivial::E_joint::exact_decoder,00,*,exact_decoder,"finite stochastic channel probe; scope limited to declared channel, distinction, decoder, threshold, and formal-consumption measurements"
dec::asym_A_preserved_B_noisy_p_0_25::D_trivial::E_joint::exact_decoder,01,*,exact_decoder,"finite stochastic channel probe; scope limited to declared channel, distinction, decoder, threshold, and formal-consumption measurements"
dec::asym_A_preserved_B_noisy_p_0_25::D_trivial::E_joint::exact_decoder,10,*,exact_decoder,"finite stochastic channel probe; scope limited to declared channel, distinction, decoder, threshold, and formal-consumption measurements"
dec::asym_A_preserved_B_noisy_p_0_25::D_trivial::E_joint::exact_decoder,11,*,exact_decoder,"finite stochastic channel probe; scope limited to declared channel, distinction, decoder, threshold, and formal-consumption measurements"
dec::asym_A_preserved_B_noisy_p_0_25::D_trivial::E_parity::bayes_optimal_decoder,0,*,bayes_optimal_decoder,"finite stochastic channel probe; scope limited to declared channel, distinction, decoder, threshold, and formal-consumption measurements"
dec::asym_A_preserved_B_noisy_p_0_25::D_trivial::E_parity::bayes_optimal_decoder,1,*,bayes_optimal_decoder,"finite stochastic channel probe; scope limited to declared channel, distinction, decoder, threshold, and formal-consumption measurements"
dec::asym_A_preserved_B_noisy_p_0_25::D_trivial::E_parity::exact_decoder,0,*,exact_decoder,"finite stochastic channel probe; scope limited to declared channel, distinction, decoder, threshold, and formal-consumption measurements"
dec::asym_A_preserved_B_noisy_p_0_25::D_trivial::E_parity::exact_decoder,1,*,exact_decoder,"finite stochastic channel probe; scope limited to declared channel, distinction, decoder, threshold, and formal-consumption measurements"
dec::asym_A_preserved_B_noisy_p_0_25::D_trivial::E_trivial::bayes_optimal_decoder,*,*,bayes_optimal_decoder,"finite stochastic channel probe; scope limited to declared channel, distinction, decoder, threshold, and formal-consumption measurements"
dec::asym_A_preserved_B_noisy_p_0_25::D_trivial::E_trivial::exact_decoder,*,*,exact_decoder,"finite stochastic channel probe; scope limited to declared channel, distinction, decoder, threshold, and formal-consumption measurements"
dec::asym_A_preserved_B_noisy_p_0_25::D_trivial::E_trivial::declared_decoder,*,*,declared_decoder,"finite stochastic channel probe; scope limited to declared channel, distinction, decoder, threshold, and formal-consumption measurements"
dec::asym_A_noisy_B_preserved_p_0_25::D_A::E_A::bayes_optimal_decoder,0,0,bayes_optimal_decoder,"finite stochastic channel probe; scope limited to declared channel, distinction, decoder, threshold, and formal-consumption measurements"
dec::asym_A_noisy_B_preserved_p_0_25::D_A::E_A::bayes_optimal_decoder,1,1,bayes_optimal_decoder,"finite stochastic channel probe; scope limited to declared channel, distinction, decoder, threshold, and formal-consumption measurements"
dec::asym_A_noisy_B_preserved_p_0_25::D_A::E_A::declared_decoder,0,0,declared_decoder,"finite stochastic channel probe; scope limited to declared channel, distinction, decoder, threshold, and formal-consumption measurements"
dec::asym_A_noisy_B_preserved_p_0_25::D_A::E_A::declared_decoder,1,1,declared_decoder,"finite stochastic channel probe; scope limited to declared channel, distinction, decoder, threshold, and formal-consumption measurements"
dec::asym_A_noisy_B_preserved_p_0_25::D_A::E_B::bayes_optimal_decoder,0,1,bayes_optimal_decoder,"finite stochastic channel probe; scope limited to declared channel, distinction, decoder, threshold, and formal-consumption measurements"
dec::asym_A_noisy_B_preserved_p_0_25::D_A::E_B::bayes_optimal_decoder,1,1,bayes_optimal_decoder,"finite stochastic channel probe; scope limited to declared channel, distinction, decoder, threshold, and formal-consumption measurements"
dec::asym_A_noisy_B_preserved_p_0_25::D_A::E_B::declared_decoder,0,0,declared_decoder,"finite stochastic channel probe; scope limited to declared channel, distinction, decoder, threshold, and formal-consumption measurements"
dec::asym_A_noisy_B_preserved_p_0_25::D_A::E_B::declared_decoder,1,1,declared_decoder,"finite stochastic channel probe; scope limited to declared channel, distinction, decoder, threshold, and formal-consumption measurements"
dec::asym_A_noisy_B_preserved_p_0_25::D_A::E_joint::bayes_optimal_decoder,00,0,bayes_optimal_decoder,"finite stochastic channel probe; scope limited to declared channel, distinction, decoder, threshold, and formal-consumption measurements"
dec::asym_A_noisy_B_preserved_p_0_25::D_A::E_joint::bayes_optimal_decoder,01,0,bayes_optimal_decoder,"finite stochastic channel probe; scope limited to declared channel, distinction, decoder, threshold, and formal-consumption measurements"
dec::asym_A_noisy_B_preserved_p_0_25::D_A::E_joint::bayes_optimal_decoder,10,1,bayes_optimal_decoder,"finite stochastic channel probe; scope limited to declared channel, distinction, decoder, threshold, and formal-consumption measurements"
dec::asym_A_noisy_B_preserved_p_0_25::D_A::E_joint::bayes_optimal_decoder,11,1,bayes_optimal_decoder,"finite stochastic channel probe; scope limited to declared channel, distinction, decoder, threshold, and formal-consumption measurements"
dec::asym_A_noisy_B_preserved_p_0_25::D_A::E_parity::bayes_optimal_decoder,0,1,bayes_optimal_decoder,"finite stochastic channel probe; scope limited to declared channel, distinction, decoder, threshold, and formal-consumption measurements"
dec::asym_A_noisy_B_preserved_p_0_25::D_A::E_parity::bayes_optimal_decoder,1,1,bayes_optimal_decoder,"finite stochastic channel probe; scope limited to declared channel, distinction, decoder, threshold, and formal-consumption measurements"
dec::asym_A_noisy_B_preserved_p_0_25::D_A::E_parity::declared_decoder,0,0,declared_decoder,"finite stochastic channel probe; scope limited to declared channel, distinction, decoder, threshold, and formal-consumption measurements"
dec::asym_A_noisy_B_preserved_p_0_25::D_A::E_parity::declared_decoder,1,1,declared_decoder,"finite stochastic channel probe; scope limited to declared channel, distinction, decoder, threshold, and formal-consumption measurements"
dec::asym_A_noisy_B_preserved_p_0_25::D_A::E_trivial::bayes_optimal_decoder,*,1,bayes_optimal_decoder,"finite stochastic channel probe; scope limited to declared channel, distinction, decoder, threshold, and formal-consumption measurements"
dec::asym_A_noisy_B_preserved_p_0_25::D_B::E_A::bayes_optimal_decoder,0,1,bayes_optimal_decoder,"finite stochastic channel probe; scope limited to declared channel, distinction, decoder, threshold, and formal-consumption measurements"
dec::asym_A_noisy_B_preserved_p_0_25::D_B::E_A::bayes_optimal_decoder,1,1,bayes_optimal_decoder,"finite stochastic channel probe; scope limited to declared channel, distinction, decoder, threshold, and formal-consumption measurements"
dec::asym_A_noisy_B_preserved_p_0_25::D_B::E_A::declared_decoder,0,0,declared_decoder,"finite stochastic channel probe; scope limited to declared channel, distinction, decoder, threshold, and formal-consumption measurements"
dec::asym_A_noisy_B_preserved_p_0_25::D_B::E_A::declared_decoder,1,1,declared_decoder,"finite stochastic channel probe; scope limited to declared channel, distinction, decoder, threshold, and formal-consumption measurements"
dec::asym_A_noisy_B_preserved_p_0_25::D_B::E_B::bayes_optimal_decoder,0,0,bayes_optimal_decoder,"finite stochastic channel probe; scope limited to declared channel, distinction, decoder, threshold, and formal-consumption measurements"
dec::asym_A_noisy_B_preserved_p_0_25::D_B::E_B::bayes_optimal_decoder,1,1,bayes_optimal_decoder,"finite stochastic channel probe; scope limited to declared channel, distinction, decoder, threshold, and formal-consumption measurements"
dec::asym_A_noisy_B_preserved_p_0_25::D_B::E_B::exact_decoder,0,0,exact_decoder,"finite stochastic channel probe; scope limited to declared channel, distinction, decoder, threshold, and formal-consumption measurements"
dec::asym_A_noisy_B_preserved_p_0_25::D_B::E_B::exact_decoder,1,1,exact_decoder,"finite stochastic channel probe; scope limited to declared channel, distinction, decoder, threshold, and formal-consumption measurements"
dec::asym_A_noisy_B_preserved_p_0_25::D_B::E_B::declared_decoder,0,0,declared_decoder,"finite stochastic channel probe; scope limited to declared channel, distinction, decoder, threshold, and formal-consumption measurements"
dec::asym_A_noisy_B_preserved_p_0_25::D_B::E_B::declared_decoder,1,1,declared_decoder,"finite stochastic channel probe; scope limited to declared channel, distinction, decoder, threshold, and formal-consumption measurements"
dec::asym_A_noisy_B_preserved_p_0_25::D_B::E_joint::bayes_optimal_decoder,00,0,bayes_optimal_decoder,"finite stochastic channel probe; scope limited to declared channel, distinction, decoder, threshold, and formal-consumption measurements"
dec::asym_A_noisy_B_preserved_p_0_25::D_B::E_joint::bayes_optimal_decoder,01,1,bayes_optimal_decoder,"finite stochastic channel probe; scope limited to declared channel, distinction, decoder, threshold, and formal-consumption measurements"
dec::asym_A_noisy_B_preserved_p_0_25::D_B::E_joint::bayes_optimal_decoder,10,0,bayes_optimal_decoder,"finite stochastic channel probe; scope limited to declared channel, distinction, decoder, threshold, and formal-consumption measurements"
dec::asym_A_noisy_B_preserved_p_0_25::D_B::E_joint::bayes_optimal_decoder,11,1,bayes_optimal_decoder,"finite stochastic channel probe; scope limited to declared channel, distinction, decoder, threshold, and formal-consumption measurements"
dec::asym_A_noisy_B_preserved_p_0_25::D_B::E_joint::exact_decoder,00,0,exact_decoder,"finite stochastic channel probe; scope limited to declared channel, distinction, decoder, threshold, and formal-consumption measurements"
dec::asym_A_noisy_B_preserved_p_0_25::D_B::E_joint::exact_decoder,01,1,exact_decoder,"finite stochastic channel probe; scope limited to declared channel, distinction, decoder, threshold, and formal-consumption measurements"
dec::asym_A_noisy_B_preserved_p_0_25::D_B::E_joint::exact_decoder,10,0,exact_decoder,"finite stochastic channel probe; scope limited to declared channel, distinction, decoder, threshold, and formal-consumption measurements"
dec::asym_A_noisy_B_preserved_p_0_25::D_B::E_joint::exact_decoder,11,1,exact_decoder,"finite stochastic channel probe; scope limited to declared channel, distinction, decoder, threshold, and formal-consumption measurements"
dec::asym_A_noisy_B_preserved_p_0_25::D_B::E_parity::bayes_optimal_decoder,0,1,bayes_optimal_decoder,"finite stochastic channel probe; scope limited to declared channel, distinction, decoder, threshold, and formal-consumption measurements"
dec::asym_A_noisy_B_preserved_p_0_25::D_B::E_parity::bayes_optimal_decoder,1,1,bayes_optimal_decoder,"finite stochastic channel probe; scope limited to declared channel, distinction, decoder, threshold, and formal-consumption measurements"
dec::asym_A_noisy_B_preserved_p_0_25::D_B::E_parity::declared_decoder,0,0,declared_decoder,"finite stochastic channel probe; scope limited to declared channel, distinction, decoder, threshold, and formal-consumption measurements"
dec::asym_A_noisy_B_preserved_p_0_25::D_B::E_parity::declared_decoder,1,1,declared_decoder,"finite stochastic channel probe; scope limited to declared channel, distinction, decoder, threshold, and formal-consumption measurements"
dec::asym_A_noisy_B_preserved_p_0_25::D_B::E_trivial::bayes_optimal_decoder,*,1,bayes_optimal_decoder,"finite stochastic channel probe; scope limited to declared channel, distinction, decoder, threshold, and formal-consumption measurements"
dec::asym_A_noisy_B_preserved_p_0_25::D_joint::E_A::bayes_optimal_decoder,0,01,bayes_optimal_decoder,"finite stochastic channel probe; scope limited to declared channel, distinction, decoder, threshold, and formal-consumption measurements"
dec::asym_A_noisy_B_preserved_p_0_25::D_joint::E_A::bayes_optimal_decoder,1,11,bayes_optimal_decoder,"finite stochastic channel probe; scope limited to declared channel, distinction, decoder, threshold, and formal-consumption measurements"
dec::asym_A_noisy_B_preserved_p_0_25::D_joint::E_B::bayes_optimal_decoder,0,10,bayes_optimal_decoder,"finite stochastic channel probe; scope limited to declared channel, distinction, decoder, threshold, and formal-consumption measurements"
dec::asym_A_noisy_B_preserved_p_0_25::D_joint::E_B::bayes_optimal_decoder,1,11,bayes_optimal_decoder,"finite stochastic channel probe; scope limited to declared channel, distinction, decoder, threshold, and formal-consumption measurements"
dec::asym_A_noisy_B_preserved_p_0_25::D_joint::E_joint::bayes_optimal_decoder,00,00,bayes_optimal_decoder,"finite stochastic channel probe; scope limited to declared channel, distinction, decoder, threshold, and formal-consumption measurements"
dec::asym_A_noisy_B_preserved_p_0_25::D_joint::E_joint::bayes_optimal_decoder,01,01,bayes_optimal_decoder,"finite stochastic channel probe; scope limited to declared channel, distinction, decoder, threshold, and formal-consumption measurements"
dec::asym_A_noisy_B_preserved_p_0_25::D_joint::E_joint::bayes_optimal_decoder,10,10,bayes_optimal_decoder,"finite stochastic channel probe; scope limited to declared channel, distinction, decoder, threshold, and formal-consumption measurements"
dec::asym_A_noisy_B_preserved_p_0_25::D_joint::E_joint::bayes_optimal_decoder,11,11,bayes_optimal_decoder,"finite stochastic channel probe; scope limited to declared channel, distinction, decoder, threshold, and formal-consumption measurements"
dec::asym_A_noisy_B_preserved_p_0_25::D_joint::E_joint::declared_decoder,00,00,declared_decoder,"finite stochastic channel probe; scope limited to declared channel, distinction, decoder, threshold, and formal-consumption measurements"
dec::asym_A_noisy_B_preserved_p_0_25::D_joint::E_joint::declared_decoder,01,01,declared_decoder,"finite stochastic channel probe; scope limited to declared channel, distinction, decoder, threshold, and formal-consumption measurements"
dec::asym_A_noisy_B_preserved_p_0_25::D_joint::E_joint::declared_decoder,10,10,declared_decoder,"finite stochastic channel probe; scope limited to declared channel, distinction, decoder, threshold, and formal-consumption measurements"
dec::asym_A_noisy_B_preserved_p_0_25::D_joint::E_joint::declared_decoder,11,11,declared_decoder,"finite stochastic channel probe; scope limited to declared channel, distinction, decoder, threshold, and formal-consumption measurements"
dec::asym_A_noisy_B_preserved_p_0_25::D_joint::E_parity::bayes_optimal_decoder,0,11,bayes_optimal_decoder,"finite stochastic channel probe; scope limited to declared channel, distinction, decoder, threshold, and formal-consumption measurements"
dec::asym_A_noisy_B_preserved_p_0_25::D_joint::E_parity::bayes_optimal_decoder,1,10,bayes_optimal_decoder,"finite stochastic channel probe; scope limited to declared channel, distinction, decoder, threshold, and formal-consumption measurements"
dec::asym_A_noisy_B_preserved_p_0_25::D_joint::E_trivial::bayes_optimal_decoder,*,11,bayes_optimal_decoder,"finite stochastic channel probe; scope limited to declared channel, distinction, decoder, threshold, and formal-consumption measurements"
dec::asym_A_noisy_B_preserved_p_0_25::D_parity::E_A::bayes_optimal_decoder,0,1,bayes_optimal_decoder,"finite stochastic channel probe; scope limited to declared channel, distinction, decoder, threshold, and formal-consumption measurements"
dec::asym_A_noisy_B_preserved_p_0_25::D_parity::E_A::bayes_optimal_decoder,1,1,bayes_optimal_decoder,"finite stochastic channel probe; scope limited to declared channel, distinction, decoder, threshold, and formal-consumption measurements"
dec::asym_A_noisy_B_preserved_p_0_25::D_parity::E_A::declared_decoder,0,0,declared_decoder,"finite stochastic channel probe; scope limited to declared channel, distinction, decoder, threshold, and formal-consumption measurements"
dec::asym_A_noisy_B_preserved_p_0_25::D_parity::E_A::declared_decoder,1,1,declared_decoder,"finite stochastic channel probe; scope limited to declared channel, distinction, decoder, threshold, and formal-consumption measurements"
dec::asym_A_noisy_B_preserved_p_0_25::D_parity::E_B::bayes_optimal_decoder,0,1,bayes_optimal_decoder,"finite stochastic channel probe; scope limited to declared channel, distinction, decoder, threshold, and formal-consumption measurements"
dec::asym_A_noisy_B_preserved_p_0_25::D_parity::E_B::bayes_optimal_decoder,1,1,bayes_optimal_decoder,"finite stochastic channel probe; scope limited to declared channel, distinction, decoder, threshold, and formal-consumption measurements"
dec::asym_A_noisy_B_preserved_p_0_25::D_parity::E_B::declared_decoder,0,0,declared_decoder,"finite stochastic channel probe; scope limited to declared channel, distinction, decoder, threshold, and formal-consumption measurements"
dec::asym_A_noisy_B_preserved_p_0_25::D_parity::E_B::declared_decoder,1,1,declared_decoder,"finite stochastic channel probe; scope limited to declared channel, distinction, decoder, threshold, and formal-consumption measurements"
dec::asym_A_noisy_B_preserved_p_0_25::D_parity::E_joint::bayes_optimal_decoder,00,0,bayes_optimal_decoder,"finite stochastic channel probe; scope limited to declared channel, distinction, decoder, threshold, and formal-consumption measurements"
dec::asym_A_noisy_B_preserved_p_0_25::D_parity::E_joint::bayes_optimal_decoder,01,1,bayes_optimal_decoder,"finite stochastic channel probe; scope limited to declared channel, distinction, decoder, threshold, and formal-consumption measurements"
dec::asym_A_noisy_B_preserved_p_0_25::D_parity::E_joint::bayes_optimal_decoder,10,1,bayes_optimal_decoder,"finite stochastic channel probe; scope limited to declared channel, distinction, decoder, threshold, and formal-consumption measurements"
dec::asym_A_noisy_B_preserved_p_0_25::D_parity::E_joint::bayes_optimal_decoder,11,0,bayes_optimal_decoder,"finite stochastic channel probe; scope limited to declared channel, distinction, decoder, threshold, and formal-consumption measurements"
dec::asym_A_noisy_B_preserved_p_0_25::D_parity::E_parity::bayes_optimal_decoder,0,0,bayes_optimal_decoder,"finite stochastic channel probe; scope limited to declared channel, distinction, decoder, threshold, and formal-consumption measurements"
dec::asym_A_noisy_B_preserved_p_0_25::D_parity::E_parity::bayes_optimal_decoder,1,1,bayes_optimal_decoder,"finite stochastic channel probe; scope limited to declared channel, distinction, decoder, threshold, and formal-consumption measurements"
dec::asym_A_noisy_B_preserved_p_0_25::D_parity::E_parity::declared_decoder,0,0,declared_decoder,"finite stochastic channel probe; scope limited to declared channel, distinction, decoder, threshold, and formal-consumption measurements"
dec::asym_A_noisy_B_preserved_p_0_25::D_parity::E_parity::declared_decoder,1,1,declared_decoder,"finite stochastic channel probe; scope limited to declared channel, distinction, decoder, threshold, and formal-consumption measurements"
dec::asym_A_noisy_B_preserved_p_0_25::D_parity::E_trivial::bayes_optimal_decoder,*,1,bayes_optimal_decoder,"finite stochastic channel probe; scope limited to declared channel, distinction, decoder, threshold, and formal-consumption measurements"
dec::asym_A_noisy_B_preserved_p_0_25::D_trivial::E_A::bayes_optimal_decoder,0,*,bayes_optimal_decoder,"finite stochastic channel probe; scope limited to declared channel, distinction, decoder, threshold, and formal-consumption measurements"
dec::asym_A_noisy_B_preserved_p_0_25::D_trivial::E_A::bayes_optimal_decoder,1,*,bayes_optimal_decoder,"finite stochastic channel probe; scope limited to declared channel, distinction, decoder, threshold, and formal-consumption measurements"
dec::asym_A_noisy_B_preserved_p_0_25::D_trivial::E_A::exact_decoder,0,*,exact_decoder,"finite stochastic channel probe; scope limited to declared channel, distinction, decoder, threshold, and formal-consumption measurements"
dec::asym_A_noisy_B_preserved_p_0_25::D_trivial::E_A::exact_decoder,1,*,exact_decoder,"finite stochastic channel probe; scope limited to declared channel, distinction, decoder, threshold, and formal-consumption measurements"
dec::asym_A_noisy_B_preserved_p_0_25::D_trivial::E_B::bayes_optimal_decoder,0,*,bayes_optimal_decoder,"finite stochastic channel probe; scope limited to declared channel, distinction, decoder, threshold, and formal-consumption measurements"
dec::asym_A_noisy_B_preserved_p_0_25::D_trivial::E_B::bayes_optimal_decoder,1,*,bayes_optimal_decoder,"finite stochastic channel probe; scope limited to declared channel, distinction, decoder, threshold, and formal-consumption measurements"
dec::asym_A_noisy_B_preserved_p_0_25::D_trivial::E_B::exact_decoder,0,*,exact_decoder,"finite stochastic channel probe; scope limited to declared channel, distinction, decoder, threshold, and formal-consumption measurements"
dec::asym_A_noisy_B_preserved_p_0_25::D_trivial::E_B::exact_decoder,1,*,exact_decoder,"finite stochastic channel probe; scope limited to declared channel, distinction, decoder, threshold, and formal-consumption measurements"
dec::asym_A_noisy_B_preserved_p_0_25::D_trivial::E_joint::bayes_optimal_decoder,00,*,bayes_optimal_decoder,"finite stochastic channel probe; scope limited to declared channel, distinction, decoder, threshold, and formal-consumption measurements"
dec::asym_A_noisy_B_preserved_p_0_25::D_trivial::E_joint::bayes_optimal_decoder,01,*,bayes_optimal_decoder,"finite stochastic channel probe; scope limited to declared channel, distinction, decoder, threshold, and formal-consumption measurements"
dec::asym_A_noisy_B_preserved_p_0_25::D_trivial::E_joint::bayes_optimal_decoder,10,*,bayes_optimal_decoder,"finite stochastic channel probe; scope limited to declared channel, distinction, decoder, threshold, and formal-consumption measurements"
dec::asym_A_noisy_B_preserved_p_0_25::D_trivial::E_joint::bayes_optimal_decoder,11,*,bayes_optimal_decoder,"finite stochastic channel probe; scope limited to declared channel, distinction, decoder, threshold, and formal-consumption measurements"
dec::asym_A_noisy_B_preserved_p_0_25::D_trivial::E_joint::exact_decoder,00,*,exact_decoder,"finite stochastic channel probe; scope limited to declared channel, distinction, decoder, threshold, and formal-consumption measurements"
dec::asym_A_noisy_B_preserved_p_0_25::D_trivial::E_joint::exact_decoder,01,*,exact_decoder,"finite stochastic channel probe; scope limited to declared channel, distinction, decoder, threshold, and formal-consumption measurements"
dec::asym_A_noisy_B_preserved_p_0_25::D_trivial::E_joint::exact_decoder,10,*,exact_decoder,"finite stochastic channel probe; scope limited to declared channel, distinction, decoder, threshold, and formal-consumption measurements"
dec::asym_A_noisy_B_preserved_p_0_25::D_trivial::E_joint::exact_decoder,11,*,exact_decoder,"finite stochastic channel probe; scope limited to declared channel, distinction, decoder, threshold, and formal-consumption measurements"
dec::asym_A_noisy_B_preserved_p_0_25::D_trivial::E_parity::bayes_optimal_decoder,0,*,bayes_optimal_decoder,"finite stochastic channel probe; scope limited to declared channel, distinction, decoder, threshold, and formal-consumption measurements"
dec::asym_A_noisy_B_preserved_p_0_25::D_trivial::E_parity::bayes_optimal_decoder,1,*,bayes_optimal_decoder,"finite stochastic channel probe; scope limited to declared channel, distinction, decoder, threshold, and formal-consumption measurements"
dec::asym_A_noisy_B_preserved_p_0_25::D_trivial::E_parity::exact_decoder,0,*,exact_decoder,"finite stochastic channel probe; scope limited to declared channel, distinction, decoder, threshold, and formal-consumption measurements"
dec::asym_A_noisy_B_preserved_p_0_25::D_trivial::E_parity::exact_decoder,1,*,exact_decoder,"finite stochastic channel probe; scope limited to declared channel, distinction, decoder, threshold, and formal-consumption measurements"
dec::asym_A_noisy_B_preserved_p_0_25::D_trivial::E_trivial::bayes_optimal_decoder,*,*,bayes_optimal_decoder,"finite stochastic channel probe; scope limited to declared channel, distinction, decoder, threshold, and formal-consumption measurements"
dec::asym_A_noisy_B_preserved_p_0_25::D_trivial::E_trivial::exact_decoder,*,*,exact_decoder,"finite stochastic channel probe; scope limited to declared channel, distinction, decoder, threshold, and formal-consumption measurements"
dec::asym_A_noisy_B_preserved_p_0_25::D_trivial::E_trivial::declared_decoder,*,*,declared_decoder,"finite stochastic channel probe; scope limited to declared channel, distinction, decoder, threshold, and formal-consumption measurements"
dec::asym_A_erased_B_preserved::D_A::E_A::bayes_optimal_decoder,0,1,bayes_optimal_decoder,"finite stochastic channel probe; scope limited to declared channel, distinction, decoder, threshold, and formal-consumption measurements"
dec::asym_A_erased_B_preserved::D_A::E_A::bayes_optimal_decoder,1,1,bayes_optimal_decoder,"finite stochastic channel probe; scope limited to declared channel, distinction, decoder, threshold, and formal-consumption measurements"
dec::asym_A_erased_B_preserved::D_A::E_A::declared_decoder,0,0,declared_decoder,"finite stochastic channel probe; scope limited to declared channel, distinction, decoder, threshold, and formal-consumption measurements"
dec::asym_A_erased_B_preserved::D_A::E_A::declared_decoder,1,1,declared_decoder,"finite stochastic channel probe; scope limited to declared channel, distinction, decoder, threshold, and formal-consumption measurements"
dec::asym_A_erased_B_preserved::D_A::E_B::bayes_optimal_decoder,0,1,bayes_optimal_decoder,"finite stochastic channel probe; scope limited to declared channel, distinction, decoder, threshold, and formal-consumption measurements"
dec::asym_A_erased_B_preserved::D_A::E_B::bayes_optimal_decoder,1,1,bayes_optimal_decoder,"finite stochastic channel probe; scope limited to declared channel, distinction, decoder, threshold, and formal-consumption measurements"
dec::asym_A_erased_B_preserved::D_A::E_B::declared_decoder,0,0,declared_decoder,"finite stochastic channel probe; scope limited to declared channel, distinction, decoder, threshold, and formal-consumption measurements"
dec::asym_A_erased_B_preserved::D_A::E_B::declared_decoder,1,1,declared_decoder,"finite stochastic channel probe; scope limited to declared channel, distinction, decoder, threshold, and formal-consumption measurements"
dec::asym_A_erased_B_preserved::D_A::E_joint::bayes_optimal_decoder,00,1,bayes_optimal_decoder,"finite stochastic channel probe; scope limited to declared channel, distinction, decoder, threshold, and formal-consumption measurements"
dec::asym_A_erased_B_preserved::D_A::E_joint::bayes_optimal_decoder,01,1,bayes_optimal_decoder,"finite stochastic channel probe; scope limited to declared channel, distinction, decoder, threshold, and formal-consumption measurements"
dec::asym_A_erased_B_preserved::D_A::E_joint::bayes_optimal_decoder,10,1,bayes_optimal_decoder,"finite stochastic channel probe; scope limited to declared channel, distinction, decoder, threshold, and formal-consumption measurements"
dec::asym_A_erased_B_preserved::D_A::E_joint::bayes_optimal_decoder,11,1,bayes_optimal_decoder,"finite stochastic channel probe; scope limited to declared channel, distinction, decoder, threshold, and formal-consumption measurements"
dec::asym_A_erased_B_preserved::D_A::E_parity::bayes_optimal_decoder,0,1,bayes_optimal_decoder,"finite stochastic channel probe; scope limited to declared channel, distinction, decoder, threshold, and formal-consumption measurements"
dec::asym_A_erased_B_preserved::D_A::E_parity::bayes_optimal_decoder,1,1,bayes_optimal_decoder,"finite stochastic channel probe; scope limited to declared channel, distinction, decoder, threshold, and formal-consumption measurements"
dec::asym_A_erased_B_preserved::D_A::E_parity::declared_decoder,0,0,declared_decoder,"finite stochastic channel probe; scope limited to declared channel, distinction, decoder, threshold, and formal-consumption measurements"
dec::asym_A_erased_B_preserved::D_A::E_parity::declared_decoder,1,1,declared_decoder,"finite stochastic channel probe; scope limited to declared channel, distinction, decoder, threshold, and formal-consumption measurements"
dec::asym_A_erased_B_preserved::D_A::E_trivial::bayes_optimal_decoder,*,1,bayes_optimal_decoder,"finite stochastic channel probe; scope limited to declared channel, distinction, decoder, threshold, and formal-consumption measurements"
dec::asym_A_erased_B_preserved::D_B::E_A::bayes_optimal_decoder,0,1,bayes_optimal_decoder,"finite stochastic channel probe; scope limited to declared channel, distinction, decoder, threshold, and formal-consumption measurements"
dec::asym_A_erased_B_preserved::D_B::E_A::bayes_optimal_decoder,1,1,bayes_optimal_decoder,"finite stochastic channel probe; scope limited to declared channel, distinction, decoder, threshold, and formal-consumption measurements"
dec::asym_A_erased_B_preserved::D_B::E_A::declared_decoder,0,0,declared_decoder,"finite stochastic channel probe; scope limited to declared channel, distinction, decoder, threshold, and formal-consumption measurements"
dec::asym_A_erased_B_preserved::D_B::E_A::declared_decoder,1,1,declared_decoder,"finite stochastic channel probe; scope limited to declared channel, distinction, decoder, threshold, and formal-consumption measurements"
dec::asym_A_erased_B_preserved::D_B::E_B::bayes_optimal_decoder,0,0,bayes_optimal_decoder,"finite stochastic channel probe; scope limited to declared channel, distinction, decoder, threshold, and formal-consumption measurements"
dec::asym_A_erased_B_preserved::D_B::E_B::bayes_optimal_decoder,1,1,bayes_optimal_decoder,"finite stochastic channel probe; scope limited to declared channel, distinction, decoder, threshold, and formal-consumption measurements"
dec::asym_A_erased_B_preserved::D_B::E_B::exact_decoder,0,0,exact_decoder,"finite stochastic channel probe; scope limited to declared channel, distinction, decoder, threshold, and formal-consumption measurements"
dec::asym_A_erased_B_preserved::D_B::E_B::exact_decoder,1,1,exact_decoder,"finite stochastic channel probe; scope limited to declared channel, distinction, decoder, threshold, and formal-consumption measurements"
dec::asym_A_erased_B_preserved::D_B::E_B::declared_decoder,0,0,declared_decoder,"finite stochastic channel probe; scope limited to declared channel, distinction, decoder, threshold, and formal-consumption measurements"
dec::asym_A_erased_B_preserved::D_B::E_B::declared_decoder,1,1,declared_decoder,"finite stochastic channel probe; scope limited to declared channel, distinction, decoder, threshold, and formal-consumption measurements"
dec::asym_A_erased_B_preserved::D_B::E_joint::bayes_optimal_decoder,00,0,bayes_optimal_decoder,"finite stochastic channel probe; scope limited to declared channel, distinction, decoder, threshold, and formal-consumption measurements"
dec::asym_A_erased_B_preserved::D_B::E_joint::bayes_optimal_decoder,01,1,bayes_optimal_decoder,"finite stochastic channel probe; scope limited to declared channel, distinction, decoder, threshold, and formal-consumption measurements"
dec::asym_A_erased_B_preserved::D_B::E_joint::bayes_optimal_decoder,10,0,bayes_optimal_decoder,"finite stochastic channel probe; scope limited to declared channel, distinction, decoder, threshold, and formal-consumption measurements"
dec::asym_A_erased_B_preserved::D_B::E_joint::bayes_optimal_decoder,11,1,bayes_optimal_decoder,"finite stochastic channel probe; scope limited to declared channel, distinction, decoder, threshold, and formal-consumption measurements"
dec::asym_A_erased_B_preserved::D_B::E_joint::exact_decoder,00,0,exact_decoder,"finite stochastic channel probe; scope limited to declared channel, distinction, decoder, threshold, and formal-consumption measurements"
dec::asym_A_erased_B_preserved::D_B::E_joint::exact_decoder,01,1,exact_decoder,"finite stochastic channel probe; scope limited to declared channel, distinction, decoder, threshold, and formal-consumption measurements"
dec::asym_A_erased_B_preserved::D_B::E_joint::exact_decoder,10,0,exact_decoder,"finite stochastic channel probe; scope limited to declared channel, distinction, decoder, threshold, and formal-consumption measurements"
dec::asym_A_erased_B_preserved::D_B::E_joint::exact_decoder,11,1,exact_decoder,"finite stochastic channel probe; scope limited to declared channel, distinction, decoder, threshold, and formal-consumption measurements"
dec::asym_A_erased_B_preserved::D_B::E_parity::bayes_optimal_decoder,0,1,bayes_optimal_decoder,"finite stochastic channel probe; scope limited to declared channel, distinction, decoder, threshold, and formal-consumption measurements"
dec::asym_A_erased_B_preserved::D_B::E_parity::bayes_optimal_decoder,1,1,bayes_optimal_decoder,"finite stochastic channel probe; scope limited to declared channel, distinction, decoder, threshold, and formal-consumption measurements"
dec::asym_A_erased_B_preserved::D_B::E_parity::declared_decoder,0,0,declared_decoder,"finite stochastic channel probe; scope limited to declared channel, distinction, decoder, threshold, and formal-consumption measurements"
dec::asym_A_erased_B_preserved::D_B::E_parity::declared_decoder,1,1,declared_decoder,"finite stochastic channel probe; scope limited to declared channel, distinction, decoder, threshold, and formal-consumption measurements"
dec::asym_A_erased_B_preserved::D_B::E_trivial::bayes_optimal_decoder,*,1,bayes_optimal_decoder,"finite stochastic channel probe; scope limited to declared channel, distinction, decoder, threshold, and formal-consumption measurements"
dec::asym_A_erased_B_preserved::D_joint::E_A::bayes_optimal_decoder,0,11,bayes_optimal_decoder,"finite stochastic channel probe; scope limited to declared channel, distinction, decoder, threshold, and formal-consumption measurements"
dec::asym_A_erased_B_preserved::D_joint::E_A::bayes_optimal_decoder,1,11,bayes_optimal_decoder,"finite stochastic channel probe; scope limited to declared channel, distinction, decoder, threshold, and formal-consumption measurements"
dec::asym_A_erased_B_preserved::D_joint::E_B::bayes_optimal_decoder,0,10,bayes_optimal_decoder,"finite stochastic channel probe; scope limited to declared channel, distinction, decoder, threshold, and formal-consumption measurements"
dec::asym_A_erased_B_preserved::D_joint::E_B::bayes_optimal_decoder,1,11,bayes_optimal_decoder,"finite stochastic channel probe; scope limited to declared channel, distinction, decoder, threshold, and formal-consumption measurements"
dec::asym_A_erased_B_preserved::D_joint::E_joint::bayes_optimal_decoder,00,10,bayes_optimal_decoder,"finite stochastic channel probe; scope limited to declared channel, distinction, decoder, threshold, and formal-consumption measurements"
dec::asym_A_erased_B_preserved::D_joint::E_joint::bayes_optimal_decoder,01,11,bayes_optimal_decoder,"finite stochastic channel probe; scope limited to declared channel, distinction, decoder, threshold, and formal-consumption measurements"
dec::asym_A_erased_B_preserved::D_joint::E_joint::bayes_optimal_decoder,10,10,bayes_optimal_decoder,"finite stochastic channel probe; scope limited to declared channel, distinction, decoder, threshold, and formal-consumption measurements"
dec::asym_A_erased_B_preserved::D_joint::E_joint::bayes_optimal_decoder,11,11,bayes_optimal_decoder,"finite stochastic channel probe; scope limited to declared channel, distinction, decoder, threshold, and formal-consumption measurements"
dec::asym_A_erased_B_preserved::D_joint::E_joint::declared_decoder,00,00,declared_decoder,"finite stochastic channel probe; scope limited to declared channel, distinction, decoder, threshold, and formal-consumption measurements"
dec::asym_A_erased_B_preserved::D_joint::E_joint::declared_decoder,01,01,declared_decoder,"finite stochastic channel probe; scope limited to declared channel, distinction, decoder, threshold, and formal-consumption measurements"
dec::asym_A_erased_B_preserved::D_joint::E_joint::declared_decoder,10,10,declared_decoder,"finite stochastic channel probe; scope limited to declared channel, distinction, decoder, threshold, and formal-consumption measurements"
dec::asym_A_erased_B_preserved::D_joint::E_joint::declared_decoder,11,11,declared_decoder,"finite stochastic channel probe; scope limited to declared channel, distinction, decoder, threshold, and formal-consumption measurements"
dec::asym_A_erased_B_preserved::D_joint::E_parity::bayes_optimal_decoder,0,11,bayes_optimal_decoder,"finite stochastic channel probe; scope limited to declared channel, distinction, decoder, threshold, and formal-consumption measurements"
dec::asym_A_erased_B_preserved::D_joint::E_parity::bayes_optimal_decoder,1,11,bayes_optimal_decoder,"finite stochastic channel probe; scope limited to declared channel, distinction, decoder, threshold, and formal-consumption measurements"
dec::asym_A_erased_B_preserved::D_joint::E_trivial::bayes_optimal_decoder,*,11,bayes_optimal_decoder,"finite stochastic channel probe; scope limited to declared channel, distinction, decoder, threshold, and formal-consumption measurements"
dec::asym_A_erased_B_preserved::D_parity::E_A::bayes_optimal_decoder,0,1,bayes_optimal_decoder,"finite stochastic channel probe; scope limited to declared channel, distinction, decoder, threshold, and formal-consumption measurements"
dec::asym_A_erased_B_preserved::D_parity::E_A::bayes_optimal_decoder,1,1,bayes_optimal_decoder,"finite stochastic channel probe; scope limited to declared channel, distinction, decoder, threshold, and formal-consumption measurements"
dec::asym_A_erased_B_preserved::D_parity::E_A::declared_decoder,0,0,declared_decoder,"finite stochastic channel probe; scope limited to declared channel, distinction, decoder, threshold, and formal-consumption measurements"
dec::asym_A_erased_B_preserved::D_parity::E_A::declared_decoder,1,1,declared_decoder,"finite stochastic channel probe; scope limited to declared channel, distinction, decoder, threshold, and formal-consumption measurements"
dec::asym_A_erased_B_preserved::D_parity::E_B::bayes_optimal_decoder,0,1,bayes_optimal_decoder,"finite stochastic channel probe; scope limited to declared channel, distinction, decoder, threshold, and formal-consumption measurements"
dec::asym_A_erased_B_preserved::D_parity::E_B::bayes_optimal_decoder,1,1,bayes_optimal_decoder,"finite stochastic channel probe; scope limited to declared channel, distinction, decoder, threshold, and formal-consumption measurements"
dec::asym_A_erased_B_preserved::D_parity::E_B::declared_decoder,0,0,declared_decoder,"finite stochastic channel probe; scope limited to declared channel, distinction, decoder, threshold, and formal-consumption measurements"
dec::asym_A_erased_B_preserved::D_parity::E_B::declared_decoder,1,1,declared_decoder,"finite stochastic channel probe; scope limited to declared channel, distinction, decoder, threshold, and formal-consumption measurements"
dec::asym_A_erased_B_preserved::D_parity::E_joint::bayes_optimal_decoder,00,1,bayes_optimal_decoder,"finite stochastic channel probe; scope limited to declared channel, distinction, decoder, threshold, and formal-consumption measurements"
dec::asym_A_erased_B_preserved::D_parity::E_joint::bayes_optimal_decoder,01,1,bayes_optimal_decoder,"finite stochastic channel probe; scope limited to declared channel, distinction, decoder, threshold, and formal-consumption measurements"
dec::asym_A_erased_B_preserved::D_parity::E_joint::bayes_optimal_decoder,10,1,bayes_optimal_decoder,"finite stochastic channel probe; scope limited to declared channel, distinction, decoder, threshold, and formal-consumption measurements"
dec::asym_A_erased_B_preserved::D_parity::E_joint::bayes_optimal_decoder,11,1,bayes_optimal_decoder,"finite stochastic channel probe; scope limited to declared channel, distinction, decoder, threshold, and formal-consumption measurements"
dec::asym_A_erased_B_preserved::D_parity::E_parity::bayes_optimal_decoder,0,1,bayes_optimal_decoder,"finite stochastic channel probe; scope limited to declared channel, distinction, decoder, threshold, and formal-consumption measurements"
dec::asym_A_erased_B_preserved::D_parity::E_parity::bayes_optimal_decoder,1,1,bayes_optimal_decoder,"finite stochastic channel probe; scope limited to declared channel, distinction, decoder, threshold, and formal-consumption measurements"
dec::asym_A_erased_B_preserved::D_parity::E_parity::declared_decoder,0,0,declared_decoder,"finite stochastic channel probe; scope limited to declared channel, distinction, decoder, threshold, and formal-consumption measurements"
dec::asym_A_erased_B_preserved::D_parity::E_parity::declared_decoder,1,1,declared_decoder,"finite stochastic channel probe; scope limited to declared channel, distinction, decoder, threshold, and formal-consumption measurements"
dec::asym_A_erased_B_preserved::D_parity::E_trivial::bayes_optimal_decoder,*,1,bayes_optimal_decoder,"finite stochastic channel probe; scope limited to declared channel, distinction, decoder, threshold, and formal-consumption measurements"
dec::asym_A_erased_B_preserved::D_trivial::E_A::bayes_optimal_decoder,0,*,bayes_optimal_decoder,"finite stochastic channel probe; scope limited to declared channel, distinction, decoder, threshold, and formal-consumption measurements"
dec::asym_A_erased_B_preserved::D_trivial::E_A::bayes_optimal_decoder,1,*,bayes_optimal_decoder,"finite stochastic channel probe; scope limited to declared channel, distinction, decoder, threshold, and formal-consumption measurements"
dec::asym_A_erased_B_preserved::D_trivial::E_A::exact_decoder,0,*,exact_decoder,"finite stochastic channel probe; scope limited to declared channel, distinction, decoder, threshold, and formal-consumption measurements"
dec::asym_A_erased_B_preserved::D_trivial::E_A::exact_decoder,1,*,exact_decoder,"finite stochastic channel probe; scope limited to declared channel, distinction, decoder, threshold, and formal-consumption measurements"
dec::asym_A_erased_B_preserved::D_trivial::E_B::bayes_optimal_decoder,0,*,bayes_optimal_decoder,"finite stochastic channel probe; scope limited to declared channel, distinction, decoder, threshold, and formal-consumption measurements"
dec::asym_A_erased_B_preserved::D_trivial::E_B::bayes_optimal_decoder,1,*,bayes_optimal_decoder,"finite stochastic channel probe; scope limited to declared channel, distinction, decoder, threshold, and formal-consumption measurements"
dec::asym_A_erased_B_preserved::D_trivial::E_B::exact_decoder,0,*,exact_decoder,"finite stochastic channel probe; scope limited to declared channel, distinction, decoder, threshold, and formal-consumption measurements"
dec::asym_A_erased_B_preserved::D_trivial::E_B::exact_decoder,1,*,exact_decoder,"finite stochastic channel probe; scope limited to declared channel, distinction, decoder, threshold, and formal-consumption measurements"
dec::asym_A_erased_B_preserved::D_trivial::E_joint::bayes_optimal_decoder,00,*,bayes_optimal_decoder,"finite stochastic channel probe; scope limited to declared channel, distinction, decoder, threshold, and formal-consumption measurements"
dec::asym_A_erased_B_preserved::D_trivial::E_joint::bayes_optimal_decoder,01,*,bayes_optimal_decoder,"finite stochastic channel probe; scope limited to declared channel, distinction, decoder, threshold, and formal-consumption measurements"
dec::asym_A_erased_B_preserved::D_trivial::E_joint::bayes_optimal_decoder,10,*,bayes_optimal_decoder,"finite stochastic channel probe; scope limited to declared channel, distinction, decoder, threshold, and formal-consumption measurements"
dec::asym_A_erased_B_preserved::D_trivial::E_joint::bayes_optimal_decoder,11,*,bayes_optimal_decoder,"finite stochastic channel probe; scope limited to declared channel, distinction, decoder, threshold, and formal-consumption measurements"
dec::asym_A_erased_B_preserved::D_trivial::E_joint::exact_decoder,00,*,exact_decoder,"finite stochastic channel probe; scope limited to declared channel, distinction, decoder, threshold, and formal-consumption measurements"
dec::asym_A_erased_B_preserved::D_trivial::E_joint::exact_decoder,01,*,exact_decoder,"finite stochastic channel probe; scope limited to declared channel, distinction, decoder, threshold, and formal-consumption measurements"
dec::asym_A_erased_B_preserved::D_trivial::E_joint::exact_decoder,10,*,exact_decoder,"finite stochastic channel probe; scope limited to declared channel, distinction, decoder, threshold, and formal-consumption measurements"
dec::asym_A_erased_B_preserved::D_trivial::E_joint::exact_decoder,11,*,exact_decoder,"finite stochastic channel probe; scope limited to declared channel, distinction, decoder, threshold, and formal-consumption measurements"
dec::asym_A_erased_B_preserved::D_trivial::E_parity::bayes_optimal_decoder,0,*,bayes_optimal_decoder,"finite stochastic channel probe; scope limited to declared channel, distinction, decoder, threshold, and formal-consumption measurements"
dec::asym_A_erased_B_preserved::D_trivial::E_parity::bayes_optimal_decoder,1,*,bayes_optimal_decoder,"finite stochastic channel probe; scope limited to declared channel, distinction, decoder, threshold, and formal-consumption measurements"
dec::asym_A_erased_B_preserved::D_trivial::E_parity::exact_decoder,0,*,exact_decoder,"finite stochastic channel probe; scope limited to declared channel, distinction, decoder, threshold, and formal-consumption measurements"
dec::asym_A_erased_B_preserved::D_trivial::E_parity::exact_decoder,1,*,exact_decoder,"finite stochastic channel probe; scope limited to declared channel, distinction, decoder, threshold, and formal-consumption measurements"
dec::asym_A_erased_B_preserved::D_trivial::E_trivial::bayes_optimal_decoder,*,*,bayes_optimal_decoder,"finite stochastic channel probe; scope limited to declared channel, distinction, decoder, threshold, and formal-consumption measurements"
dec::asym_A_erased_B_preserved::D_trivial::E_trivial::exact_decoder,*,*,exact_decoder,"finite stochastic channel probe; scope limited to declared channel, distinction, decoder, threshold, and formal-consumption measurements"
dec::asym_A_erased_B_preserved::D_trivial::E_trivial::declared_decoder,*,*,declared_decoder,"finite stochastic channel probe; scope limited to declared channel, distinction, decoder, threshold, and formal-consumption measurements"
dec::asym_B_erased_A_preserved::D_A::E_A::bayes_optimal_decoder,0,0,bayes_optimal_decoder,"finite stochastic channel probe; scope limited to declared channel, distinction, decoder, threshold, and formal-consumption measurements"
dec::asym_B_erased_A_preserved::D_A::E_A::bayes_optimal_decoder,1,1,bayes_optimal_decoder,"finite stochastic channel probe; scope limited to declared channel, distinction, decoder, threshold, and formal-consumption measurements"
dec::asym_B_erased_A_preserved::D_A::E_A::exact_decoder,0,0,exact_decoder,"finite stochastic channel probe; scope limited to declared channel, distinction, decoder, threshold, and formal-consumption measurements"
dec::asym_B_erased_A_preserved::D_A::E_A::exact_decoder,1,1,exact_decoder,"finite stochastic channel probe; scope limited to declared channel, distinction, decoder, threshold, and formal-consumption measurements"
dec::asym_B_erased_A_preserved::D_A::E_A::declared_decoder,0,0,declared_decoder,"finite stochastic channel probe; scope limited to declared channel, distinction, decoder, threshold, and formal-consumption measurements"
dec::asym_B_erased_A_preserved::D_A::E_A::declared_decoder,1,1,declared_decoder,"finite stochastic channel probe; scope limited to declared channel, distinction, decoder, threshold, and formal-consumption measurements"
dec::asym_B_erased_A_preserved::D_A::E_B::bayes_optimal_decoder,0,1,bayes_optimal_decoder,"finite stochastic channel probe; scope limited to declared channel, distinction, decoder, threshold, and formal-consumption measurements"
dec::asym_B_erased_A_preserved::D_A::E_B::bayes_optimal_decoder,1,1,bayes_optimal_decoder,"finite stochastic channel probe; scope limited to declared channel, distinction, decoder, threshold, and formal-consumption measurements"
dec::asym_B_erased_A_preserved::D_A::E_B::declared_decoder,0,0,declared_decoder,"finite stochastic channel probe; scope limited to declared channel, distinction, decoder, threshold, and formal-consumption measurements"
dec::asym_B_erased_A_preserved::D_A::E_B::declared_decoder,1,1,declared_decoder,"finite stochastic channel probe; scope limited to declared channel, distinction, decoder, threshold, and formal-consumption measurements"
dec::asym_B_erased_A_preserved::D_A::E_joint::bayes_optimal_decoder,00,0,bayes_optimal_decoder,"finite stochastic channel probe; scope limited to declared channel, distinction, decoder, threshold, and formal-consumption measurements"
dec::asym_B_erased_A_preserved::D_A::E_joint::bayes_optimal_decoder,01,0,bayes_optimal_decoder,"finite stochastic channel probe; scope limited to declared channel, distinction, decoder, threshold, and formal-consumption measurements"
dec::asym_B_erased_A_preserved::D_A::E_joint::bayes_optimal_decoder,10,1,bayes_optimal_decoder,"finite stochastic channel probe; scope limited to declared channel, distinction, decoder, threshold, and formal-consumption measurements"
dec::asym_B_erased_A_preserved::D_A::E_joint::bayes_optimal_decoder,11,1,bayes_optimal_decoder,"finite stochastic channel probe; scope limited to declared channel, distinction, decoder, threshold, and formal-consumption measurements"
dec::asym_B_erased_A_preserved::D_A::E_joint::exact_decoder,00,0,exact_decoder,"finite stochastic channel probe; scope limited to declared channel, distinction, decoder, threshold, and formal-consumption measurements"
dec::asym_B_erased_A_preserved::D_A::E_joint::exact_decoder,01,0,exact_decoder,"finite stochastic channel probe; scope limited to declared channel, distinction, decoder, threshold, and formal-consumption measurements"
dec::asym_B_erased_A_preserved::D_A::E_joint::exact_decoder,10,1,exact_decoder,"finite stochastic channel probe; scope limited to declared channel, distinction, decoder, threshold, and formal-consumption measurements"
dec::asym_B_erased_A_preserved::D_A::E_joint::exact_decoder,11,1,exact_decoder,"finite stochastic channel probe; scope limited to declared channel, distinction, decoder, threshold, and formal-consumption measurements"
dec::asym_B_erased_A_preserved::D_A::E_parity::bayes_optimal_decoder,0,1,bayes_optimal_decoder,"finite stochastic channel probe; scope limited to declared channel, distinction, decoder, threshold, and formal-consumption measurements"
dec::asym_B_erased_A_preserved::D_A::E_parity::bayes_optimal_decoder,1,1,bayes_optimal_decoder,"finite stochastic channel probe; scope limited to declared channel, distinction, decoder, threshold, and formal-consumption measurements"
dec::asym_B_erased_A_preserved::D_A::E_parity::declared_decoder,0,0,declared_decoder,"finite stochastic channel probe; scope limited to declared channel, distinction, decoder, threshold, and formal-consumption measurements"
dec::asym_B_erased_A_preserved::D_A::E_parity::declared_decoder,1,1,declared_decoder,"finite stochastic channel probe; scope limited to declared channel, distinction, decoder, threshold, and formal-consumption measurements"
dec::asym_B_erased_A_preserved::D_A::E_trivial::bayes_optimal_decoder,*,1,bayes_optimal_decoder,"finite stochastic channel probe; scope limited to declared channel, distinction, decoder, threshold, and formal-consumption measurements"
dec::asym_B_erased_A_preserved::D_B::E_A::bayes_optimal_decoder,0,1,bayes_optimal_decoder,"finite stochastic channel probe; scope limited to declared channel, distinction, decoder, threshold, and formal-consumption measurements"
dec::asym_B_erased_A_preserved::D_B::E_A::bayes_optimal_decoder,1,1,bayes_optimal_decoder,"finite stochastic channel probe; scope limited to declared channel, distinction, decoder, threshold, and formal-consumption measurements"
dec::asym_B_erased_A_preserved::D_B::E_A::declared_decoder,0,0,declared_decoder,"finite stochastic channel probe; scope limited to declared channel, distinction, decoder, threshold, and formal-consumption measurements"
dec::asym_B_erased_A_preserved::D_B::E_A::declared_decoder,1,1,declared_decoder,"finite stochastic channel probe; scope limited to declared channel, distinction, decoder, threshold, and formal-consumption measurements"
dec::asym_B_erased_A_preserved::D_B::E_B::bayes_optimal_decoder,0,1,bayes_optimal_decoder,"finite stochastic channel probe; scope limited to declared channel, distinction, decoder, threshold, and formal-consumption measurements"
dec::asym_B_erased_A_preserved::D_B::E_B::bayes_optimal_decoder,1,1,bayes_optimal_decoder,"finite stochastic channel probe; scope limited to declared channel, distinction, decoder, threshold, and formal-consumption measurements"
dec::asym_B_erased_A_preserved::D_B::E_B::declared_decoder,0,0,declared_decoder,"finite stochastic channel probe; scope limited to declared channel, distinction, decoder, threshold, and formal-consumption measurements"
dec::asym_B_erased_A_preserved::D_B::E_B::declared_decoder,1,1,declared_decoder,"finite stochastic channel probe; scope limited to declared channel, distinction, decoder, threshold, and formal-consumption measurements"
dec::asym_B_erased_A_preserved::D_B::E_joint::bayes_optimal_decoder,00,1,bayes_optimal_decoder,"finite stochastic channel probe; scope limited to declared channel, distinction, decoder, threshold, and formal-consumption measurements"
dec::asym_B_erased_A_preserved::D_B::E_joint::bayes_optimal_decoder,01,1,bayes_optimal_decoder,"finite stochastic channel probe; scope limited to declared channel, distinction, decoder, threshold, and formal-consumption measurements"
dec::asym_B_erased_A_preserved::D_B::E_joint::bayes_optimal_decoder,10,1,bayes_optimal_decoder,"finite stochastic channel probe; scope limited to declared channel, distinction, decoder, threshold, and formal-consumption measurements"
dec::asym_B_erased_A_preserved::D_B::E_joint::bayes_optimal_decoder,11,1,bayes_optimal_decoder,"finite stochastic channel probe; scope limited to declared channel, distinction, decoder, threshold, and formal-consumption measurements"
dec::asym_B_erased_A_preserved::D_B::E_parity::bayes_optimal_decoder,0,1,bayes_optimal_decoder,"finite stochastic channel probe; scope limited to declared channel, distinction, decoder, threshold, and formal-consumption measurements"
dec::asym_B_erased_A_preserved::D_B::E_parity::bayes_optimal_decoder,1,1,bayes_optimal_decoder,"finite stochastic channel probe; scope limited to declared channel, distinction, decoder, threshold, and formal-consumption measurements"
dec::asym_B_erased_A_preserved::D_B::E_parity::declared_decoder,0,0,declared_decoder,"finite stochastic channel probe; scope limited to declared channel, distinction, decoder, threshold, and formal-consumption measurements"
dec::asym_B_erased_A_preserved::D_B::E_parity::declared_decoder,1,1,declared_decoder,"finite stochastic channel probe; scope limited to declared channel, distinction, decoder, threshold, and formal-consumption measurements"
dec::asym_B_erased_A_preserved::D_B::E_trivial::bayes_optimal_decoder,*,1,bayes_optimal_decoder,"finite stochastic channel probe; scope limited to declared channel, distinction, decoder, threshold, and formal-consumption measurements"
dec::asym_B_erased_A_preserved::D_joint::E_A::bayes_optimal_decoder,0,01,bayes_optimal_decoder,"finite stochastic channel probe; scope limited to declared channel, distinction, decoder, threshold, and formal-consumption measurements"
dec::asym_B_erased_A_preserved::D_joint::E_A::bayes_optimal_decoder,1,11,bayes_optimal_decoder,"finite stochastic channel probe; scope limited to declared channel, distinction, decoder, threshold, and formal-consumption measurements"
dec::asym_B_erased_A_preserved::D_joint::E_B::bayes_optimal_decoder,0,11,bayes_optimal_decoder,"finite stochastic channel probe; scope limited to declared channel, distinction, decoder, threshold, and formal-consumption measurements"
dec::asym_B_erased_A_preserved::D_joint::E_B::bayes_optimal_decoder,1,11,bayes_optimal_decoder,"finite stochastic channel probe; scope limited to declared channel, distinction, decoder, threshold, and formal-consumption measurements"
dec::asym_B_erased_A_preserved::D_joint::E_joint::bayes_optimal_decoder,00,01,bayes_optimal_decoder,"finite stochastic channel probe; scope limited to declared channel, distinction, decoder, threshold, and formal-consumption measurements"
dec::asym_B_erased_A_preserved::D_joint::E_joint::bayes_optimal_decoder,01,01,bayes_optimal_decoder,"finite stochastic channel probe; scope limited to declared channel, distinction, decoder, threshold, and formal-consumption measurements"
dec::asym_B_erased_A_preserved::D_joint::E_joint::bayes_optimal_decoder,10,11,bayes_optimal_decoder,"finite stochastic channel probe; scope limited to declared channel, distinction, decoder, threshold, and formal-consumption measurements"
dec::asym_B_erased_A_preserved::D_joint::E_joint::bayes_optimal_decoder,11,11,bayes_optimal_decoder,"finite stochastic channel probe; scope limited to declared channel, distinction, decoder, threshold, and formal-consumption measurements"
dec::asym_B_erased_A_preserved::D_joint::E_joint::declared_decoder,00,00,declared_decoder,"finite stochastic channel probe; scope limited to declared channel, distinction, decoder, threshold, and formal-consumption measurements"
dec::asym_B_erased_A_preserved::D_joint::E_joint::declared_decoder,01,01,declared_decoder,"finite stochastic channel probe; scope limited to declared channel, distinction, decoder, threshold, and formal-consumption measurements"
dec::asym_B_erased_A_preserved::D_joint::E_joint::declared_decoder,10,10,declared_decoder,"finite stochastic channel probe; scope limited to declared channel, distinction, decoder, threshold, and formal-consumption measurements"
dec::asym_B_erased_A_preserved::D_joint::E_joint::declared_decoder,11,11,declared_decoder,"finite stochastic channel probe; scope limited to declared channel, distinction, decoder, threshold, and formal-consumption measurements"
dec::asym_B_erased_A_preserved::D_joint::E_parity::bayes_optimal_decoder,0,11,bayes_optimal_decoder,"finite stochastic channel probe; scope limited to declared channel, distinction, decoder, threshold, and formal-consumption measurements"
dec::asym_B_erased_A_preserved::D_joint::E_parity::bayes_optimal_decoder,1,11,bayes_optimal_decoder,"finite stochastic channel probe; scope limited to declared channel, distinction, decoder, threshold, and formal-consumption measurements"
dec::asym_B_erased_A_preserved::D_joint::E_trivial::bayes_optimal_decoder,*,11,bayes_optimal_decoder,"finite stochastic channel probe; scope limited to declared channel, distinction, decoder, threshold, and formal-consumption measurements"
dec::asym_B_erased_A_preserved::D_parity::E_A::bayes_optimal_decoder,0,1,bayes_optimal_decoder,"finite stochastic channel probe; scope limited to declared channel, distinction, decoder, threshold, and formal-consumption measurements"
dec::asym_B_erased_A_preserved::D_parity::E_A::bayes_optimal_decoder,1,1,bayes_optimal_decoder,"finite stochastic channel probe; scope limited to declared channel, distinction, decoder, threshold, and formal-consumption measurements"
dec::asym_B_erased_A_preserved::D_parity::E_A::declared_decoder,0,0,declared_decoder,"finite stochastic channel probe; scope limited to declared channel, distinction, decoder, threshold, and formal-consumption measurements"
dec::asym_B_erased_A_preserved::D_parity::E_A::declared_decoder,1,1,declared_decoder,"finite stochastic channel probe; scope limited to declared channel, distinction, decoder, threshold, and formal-consumption measurements"
dec::asym_B_erased_A_preserved::D_parity::E_B::bayes_optimal_decoder,0,1,bayes_optimal_decoder,"finite stochastic channel probe; scope limited to declared channel, distinction, decoder, threshold, and formal-consumption measurements"
dec::asym_B_erased_A_preserved::D_parity::E_B::bayes_optimal_decoder,1,1,bayes_optimal_decoder,"finite stochastic channel probe; scope limited to declared channel, distinction, decoder, threshold, and formal-consumption measurements"
dec::asym_B_erased_A_preserved::D_parity::E_B::declared_decoder,0,0,declared_decoder,"finite stochastic channel probe; scope limited to declared channel, distinction, decoder, threshold, and formal-consumption measurements"
dec::asym_B_erased_A_preserved::D_parity::E_B::declared_decoder,1,1,declared_decoder,"finite stochastic channel probe; scope limited to declared channel, distinction, decoder, threshold, and formal-consumption measurements"
dec::asym_B_erased_A_preserved::D_parity::E_joint::bayes_optimal_decoder,00,1,bayes_optimal_decoder,"finite stochastic channel probe; scope limited to declared channel, distinction, decoder, threshold, and formal-consumption measurements"
dec::asym_B_erased_A_preserved::D_parity::E_joint::bayes_optimal_decoder,01,1,bayes_optimal_decoder,"finite stochastic channel probe; scope limited to declared channel, distinction, decoder, threshold, and formal-consumption measurements"
dec::asym_B_erased_A_preserved::D_parity::E_joint::bayes_optimal_decoder,10,1,bayes_optimal_decoder,"finite stochastic channel probe; scope limited to declared channel, distinction, decoder, threshold, and formal-consumption measurements"
dec::asym_B_erased_A_preserved::D_parity::E_joint::bayes_optimal_decoder,11,1,bayes_optimal_decoder,"finite stochastic channel probe; scope limited to declared channel, distinction, decoder, threshold, and formal-consumption measurements"
dec::asym_B_erased_A_preserved::D_parity::E_parity::bayes_optimal_decoder,0,1,bayes_optimal_decoder,"finite stochastic channel probe; scope limited to declared channel, distinction, decoder, threshold, and formal-consumption measurements"
dec::asym_B_erased_A_preserved::D_parity::E_parity::bayes_optimal_decoder,1,1,bayes_optimal_decoder,"finite stochastic channel probe; scope limited to declared channel, distinction, decoder, threshold, and formal-consumption measurements"
dec::asym_B_erased_A_preserved::D_parity::E_parity::declared_decoder,0,0,declared_decoder,"finite stochastic channel probe; scope limited to declared channel, distinction, decoder, threshold, and formal-consumption measurements"
dec::asym_B_erased_A_preserved::D_parity::E_parity::declared_decoder,1,1,declared_decoder,"finite stochastic channel probe; scope limited to declared channel, distinction, decoder, threshold, and formal-consumption measurements"
dec::asym_B_erased_A_preserved::D_parity::E_trivial::bayes_optimal_decoder,*,1,bayes_optimal_decoder,"finite stochastic channel probe; scope limited to declared channel, distinction, decoder, threshold, and formal-consumption measurements"
dec::asym_B_erased_A_preserved::D_trivial::E_A::bayes_optimal_decoder,0,*,bayes_optimal_decoder,"finite stochastic channel probe; scope limited to declared channel, distinction, decoder, threshold, and formal-consumption measurements"
dec::asym_B_erased_A_preserved::D_trivial::E_A::bayes_optimal_decoder,1,*,bayes_optimal_decoder,"finite stochastic channel probe; scope limited to declared channel, distinction, decoder, threshold, and formal-consumption measurements"
dec::asym_B_erased_A_preserved::D_trivial::E_A::exact_decoder,0,*,exact_decoder,"finite stochastic channel probe; scope limited to declared channel, distinction, decoder, threshold, and formal-consumption measurements"
dec::asym_B_erased_A_preserved::D_trivial::E_A::exact_decoder,1,*,exact_decoder,"finite stochastic channel probe; scope limited to declared channel, distinction, decoder, threshold, and formal-consumption measurements"
dec::asym_B_erased_A_preserved::D_trivial::E_B::bayes_optimal_decoder,0,*,bayes_optimal_decoder,"finite stochastic channel probe; scope limited to declared channel, distinction, decoder, threshold, and formal-consumption measurements"
dec::asym_B_erased_A_preserved::D_trivial::E_B::bayes_optimal_decoder,1,*,bayes_optimal_decoder,"finite stochastic channel probe; scope limited to declared channel, distinction, decoder, threshold, and formal-consumption measurements"
dec::asym_B_erased_A_preserved::D_trivial::E_B::exact_decoder,0,*,exact_decoder,"finite stochastic channel probe; scope limited to declared channel, distinction, decoder, threshold, and formal-consumption measurements"
dec::asym_B_erased_A_preserved::D_trivial::E_B::exact_decoder,1,*,exact_decoder,"finite stochastic channel probe; scope limited to declared channel, distinction, decoder, threshold, and formal-consumption measurements"
dec::asym_B_erased_A_preserved::D_trivial::E_joint::bayes_optimal_decoder,00,*,bayes_optimal_decoder,"finite stochastic channel probe; scope limited to declared channel, distinction, decoder, threshold, and formal-consumption measurements"
dec::asym_B_erased_A_preserved::D_trivial::E_joint::bayes_optimal_decoder,01,*,bayes_optimal_decoder,"finite stochastic channel probe; scope limited to declared channel, distinction, decoder, threshold, and formal-consumption measurements"
dec::asym_B_erased_A_preserved::D_trivial::E_joint::bayes_optimal_decoder,10,*,bayes_optimal_decoder,"finite stochastic channel probe; scope limited to declared channel, distinction, decoder, threshold, and formal-consumption measurements"
dec::asym_B_erased_A_preserved::D_trivial::E_joint::bayes_optimal_decoder,11,*,bayes_optimal_decoder,"finite stochastic channel probe; scope limited to declared channel, distinction, decoder, threshold, and formal-consumption measurements"
dec::asym_B_erased_A_preserved::D_trivial::E_joint::exact_decoder,00,*,exact_decoder,"finite stochastic channel probe; scope limited to declared channel, distinction, decoder, threshold, and formal-consumption measurements"
dec::asym_B_erased_A_preserved::D_trivial::E_joint::exact_decoder,01,*,exact_decoder,"finite stochastic channel probe; scope limited to declared channel, distinction, decoder, threshold, and formal-consumption measurements"
dec::asym_B_erased_A_preserved::D_trivial::E_joint::exact_decoder,10,*,exact_decoder,"finite stochastic channel probe; scope limited to declared channel, distinction, decoder, threshold, and formal-consumption measurements"
dec::asym_B_erased_A_preserved::D_trivial::E_joint::exact_decoder,11,*,exact_decoder,"finite stochastic channel probe; scope limited to declared channel, distinction, decoder, threshold, and formal-consumption measurements"
dec::asym_B_erased_A_preserved::D_trivial::E_parity::bayes_optimal_decoder,0,*,bayes_optimal_decoder,"finite stochastic channel probe; scope limited to declared channel, distinction, decoder, threshold, and formal-consumption measurements"
dec::asym_B_erased_A_preserved::D_trivial::E_parity::bayes_optimal_decoder,1,*,bayes_optimal_decoder,"finite stochastic channel probe; scope limited to declared channel, distinction, decoder, threshold, and formal-consumption measurements"
dec::asym_B_erased_A_preserved::D_trivial::E_parity::exact_decoder,0,*,exact_decoder,"finite stochastic channel probe; scope limited to declared channel, distinction, decoder, threshold, and formal-consumption measurements"
dec::asym_B_erased_A_preserved::D_trivial::E_parity::exact_decoder,1,*,exact_decoder,"finite stochastic channel probe; scope limited to declared channel, distinction, decoder, threshold, and formal-consumption measurements"
dec::asym_B_erased_A_preserved::D_trivial::E_trivial::bayes_optimal_decoder,*,*,bayes_optimal_decoder,"finite stochastic channel probe; scope limited to declared channel, distinction, decoder, threshold, and formal-consumption measurements"
dec::asym_B_erased_A_preserved::D_trivial::E_trivial::exact_decoder,*,*,exact_decoder,"finite stochastic channel probe; scope limited to declared channel, distinction, decoder, threshold, and formal-consumption measurements"
dec::asym_B_erased_A_preserved::D_trivial::E_trivial::declared_decoder,*,*,declared_decoder,"finite stochastic channel probe; scope limited to declared channel, distinction, decoder, threshold, and formal-consumption measurements"
dec::marginal_joint_degrade_q_0_10::D_A::E_A::bayes_optimal_decoder,0,0,bayes_optimal_decoder,"finite stochastic channel probe; scope limited to declared channel, distinction, decoder, threshold, and formal-consumption measurements"
dec::marginal_joint_degrade_q_0_10::D_A::E_A::bayes_optimal_decoder,1,1,bayes_optimal_decoder,"finite stochastic channel probe; scope limited to declared channel, distinction, decoder, threshold, and formal-consumption measurements"
dec::marginal_joint_degrade_q_0_10::D_A::E_A::declared_decoder,0,0,declared_decoder,"finite stochastic channel probe; scope limited to declared channel, distinction, decoder, threshold, and formal-consumption measurements"
dec::marginal_joint_degrade_q_0_10::D_A::E_A::declared_decoder,1,1,declared_decoder,"finite stochastic channel probe; scope limited to declared channel, distinction, decoder, threshold, and formal-consumption measurements"
dec::marginal_joint_degrade_q_0_10::D_A::E_B::bayes_optimal_decoder,0,1,bayes_optimal_decoder,"finite stochastic channel probe; scope limited to declared channel, distinction, decoder, threshold, and formal-consumption measurements"
dec::marginal_joint_degrade_q_0_10::D_A::E_B::bayes_optimal_decoder,1,1,bayes_optimal_decoder,"finite stochastic channel probe; scope limited to declared channel, distinction, decoder, threshold, and formal-consumption measurements"
dec::marginal_joint_degrade_q_0_10::D_A::E_B::declared_decoder,0,0,declared_decoder,"finite stochastic channel probe; scope limited to declared channel, distinction, decoder, threshold, and formal-consumption measurements"
dec::marginal_joint_degrade_q_0_10::D_A::E_B::declared_decoder,1,1,declared_decoder,"finite stochastic channel probe; scope limited to declared channel, distinction, decoder, threshold, and formal-consumption measurements"
dec::marginal_joint_degrade_q_0_10::D_A::E_joint::bayes_optimal_decoder,00,0,bayes_optimal_decoder,"finite stochastic channel probe; scope limited to declared channel, distinction, decoder, threshold, and formal-consumption measurements"
dec::marginal_joint_degrade_q_0_10::D_A::E_joint::bayes_optimal_decoder,01,0,bayes_optimal_decoder,"finite stochastic channel probe; scope limited to declared channel, distinction, decoder, threshold, and formal-consumption measurements"
dec::marginal_joint_degrade_q_0_10::D_A::E_joint::bayes_optimal_decoder,10,1,bayes_optimal_decoder,"finite stochastic channel probe; scope limited to declared channel, distinction, decoder, threshold, and formal-consumption measurements"
dec::marginal_joint_degrade_q_0_10::D_A::E_joint::bayes_optimal_decoder,11,1,bayes_optimal_decoder,"finite stochastic channel probe; scope limited to declared channel, distinction, decoder, threshold, and formal-consumption measurements"
dec::marginal_joint_degrade_q_0_10::D_A::E_parity::bayes_optimal_decoder,0,1,bayes_optimal_decoder,"finite stochastic channel probe; scope limited to declared channel, distinction, decoder, threshold, and formal-consumption measurements"
dec::marginal_joint_degrade_q_0_10::D_A::E_parity::bayes_optimal_decoder,1,1,bayes_optimal_decoder,"finite stochastic channel probe; scope limited to declared channel, distinction, decoder, threshold, and formal-consumption measurements"
dec::marginal_joint_degrade_q_0_10::D_A::E_parity::declared_decoder,0,0,declared_decoder,"finite stochastic channel probe; scope limited to declared channel, distinction, decoder, threshold, and formal-consumption measurements"
dec::marginal_joint_degrade_q_0_10::D_A::E_parity::declared_decoder,1,1,declared_decoder,"finite stochastic channel probe; scope limited to declared channel, distinction, decoder, threshold, and formal-consumption measurements"
dec::marginal_joint_degrade_q_0_10::D_A::E_trivial::bayes_optimal_decoder,*,1,bayes_optimal_decoder,"finite stochastic channel probe; scope limited to declared channel, distinction, decoder, threshold, and formal-consumption measurements"
dec::marginal_joint_degrade_q_0_10::D_B::E_A::bayes_optimal_decoder,0,1,bayes_optimal_decoder,"finite stochastic channel probe; scope limited to declared channel, distinction, decoder, threshold, and formal-consumption measurements"
dec::marginal_joint_degrade_q_0_10::D_B::E_A::bayes_optimal_decoder,1,1,bayes_optimal_decoder,"finite stochastic channel probe; scope limited to declared channel, distinction, decoder, threshold, and formal-consumption measurements"
dec::marginal_joint_degrade_q_0_10::D_B::E_A::declared_decoder,0,0,declared_decoder,"finite stochastic channel probe; scope limited to declared channel, distinction, decoder, threshold, and formal-consumption measurements"
dec::marginal_joint_degrade_q_0_10::D_B::E_A::declared_decoder,1,1,declared_decoder,"finite stochastic channel probe; scope limited to declared channel, distinction, decoder, threshold, and formal-consumption measurements"
dec::marginal_joint_degrade_q_0_10::D_B::E_B::bayes_optimal_decoder,0,0,bayes_optimal_decoder,"finite stochastic channel probe; scope limited to declared channel, distinction, decoder, threshold, and formal-consumption measurements"
dec::marginal_joint_degrade_q_0_10::D_B::E_B::bayes_optimal_decoder,1,1,bayes_optimal_decoder,"finite stochastic channel probe; scope limited to declared channel, distinction, decoder, threshold, and formal-consumption measurements"
dec::marginal_joint_degrade_q_0_10::D_B::E_B::declared_decoder,0,0,declared_decoder,"finite stochastic channel probe; scope limited to declared channel, distinction, decoder, threshold, and formal-consumption measurements"
dec::marginal_joint_degrade_q_0_10::D_B::E_B::declared_decoder,1,1,declared_decoder,"finite stochastic channel probe; scope limited to declared channel, distinction, decoder, threshold, and formal-consumption measurements"
dec::marginal_joint_degrade_q_0_10::D_B::E_joint::bayes_optimal_decoder,00,0,bayes_optimal_decoder,"finite stochastic channel probe; scope limited to declared channel, distinction, decoder, threshold, and formal-consumption measurements"
dec::marginal_joint_degrade_q_0_10::D_B::E_joint::bayes_optimal_decoder,01,1,bayes_optimal_decoder,"finite stochastic channel probe; scope limited to declared channel, distinction, decoder, threshold, and formal-consumption measurements"
dec::marginal_joint_degrade_q_0_10::D_B::E_joint::bayes_optimal_decoder,10,0,bayes_optimal_decoder,"finite stochastic channel probe; scope limited to declared channel, distinction, decoder, threshold, and formal-consumption measurements"
dec::marginal_joint_degrade_q_0_10::D_B::E_joint::bayes_optimal_decoder,11,1,bayes_optimal_decoder,"finite stochastic channel probe; scope limited to declared channel, distinction, decoder, threshold, and formal-consumption measurements"
dec::marginal_joint_degrade_q_0_10::D_B::E_parity::bayes_optimal_decoder,0,1,bayes_optimal_decoder,"finite stochastic channel probe; scope limited to declared channel, distinction, decoder, threshold, and formal-consumption measurements"
dec::marginal_joint_degrade_q_0_10::D_B::E_parity::bayes_optimal_decoder,1,1,bayes_optimal_decoder,"finite stochastic channel probe; scope limited to declared channel, distinction, decoder, threshold, and formal-consumption measurements"
dec::marginal_joint_degrade_q_0_10::D_B::E_parity::declared_decoder,0,0,declared_decoder,"finite stochastic channel probe; scope limited to declared channel, distinction, decoder, threshold, and formal-consumption measurements"
dec::marginal_joint_degrade_q_0_10::D_B::E_parity::declared_decoder,1,1,declared_decoder,"finite stochastic channel probe; scope limited to declared channel, distinction, decoder, threshold, and formal-consumption measurements"
dec::marginal_joint_degrade_q_0_10::D_B::E_trivial::bayes_optimal_decoder,*,1,bayes_optimal_decoder,"finite stochastic channel probe; scope limited to declared channel, distinction, decoder, threshold, and formal-consumption measurements"
dec::marginal_joint_degrade_q_0_10::D_joint::E_A::bayes_optimal_decoder,0,01,bayes_optimal_decoder,"finite stochastic channel probe; scope limited to declared channel, distinction, decoder, threshold, and formal-consumption measurements"
dec::marginal_joint_degrade_q_0_10::D_joint::E_A::bayes_optimal_decoder,1,11,bayes_optimal_decoder,"finite stochastic channel probe; scope limited to declared channel, distinction, decoder, threshold, and formal-consumption measurements"
dec::marginal_joint_degrade_q_0_10::D_joint::E_B::bayes_optimal_decoder,0,10,bayes_optimal_decoder,"finite stochastic channel probe; scope limited to declared channel, distinction, decoder, threshold, and formal-consumption measurements"
dec::marginal_joint_degrade_q_0_10::D_joint::E_B::bayes_optimal_decoder,1,11,bayes_optimal_decoder,"finite stochastic channel probe; scope limited to declared channel, distinction, decoder, threshold, and formal-consumption measurements"
dec::marginal_joint_degrade_q_0_10::D_joint::E_joint::bayes_optimal_decoder,00,00,bayes_optimal_decoder,"finite stochastic channel probe; scope limited to declared channel, distinction, decoder, threshold, and formal-consumption measurements"
dec::marginal_joint_degrade_q_0_10::D_joint::E_joint::bayes_optimal_decoder,01,01,bayes_optimal_decoder,"finite stochastic channel probe; scope limited to declared channel, distinction, decoder, threshold, and formal-consumption measurements"
dec::marginal_joint_degrade_q_0_10::D_joint::E_joint::bayes_optimal_decoder,10,10,bayes_optimal_decoder,"finite stochastic channel probe; scope limited to declared channel, distinction, decoder, threshold, and formal-consumption measurements"
dec::marginal_joint_degrade_q_0_10::D_joint::E_joint::bayes_optimal_decoder,11,11,bayes_optimal_decoder,"finite stochastic channel probe; scope limited to declared channel, distinction, decoder, threshold, and formal-consumption measurements"
dec::marginal_joint_degrade_q_0_10::D_joint::E_joint::declared_decoder,00,00,declared_decoder,"finite stochastic channel probe; scope limited to declared channel, distinction, decoder, threshold, and formal-consumption measurements"
dec::marginal_joint_degrade_q_0_10::D_joint::E_joint::declared_decoder,01,01,declared_decoder,"finite stochastic channel probe; scope limited to declared channel, distinction, decoder, threshold, and formal-consumption measurements"
dec::marginal_joint_degrade_q_0_10::D_joint::E_joint::declared_decoder,10,10,declared_decoder,"finite stochastic channel probe; scope limited to declared channel, distinction, decoder, threshold, and formal-consumption measurements"
dec::marginal_joint_degrade_q_0_10::D_joint::E_joint::declared_decoder,11,11,declared_decoder,"finite stochastic channel probe; scope limited to declared channel, distinction, decoder, threshold, and formal-consumption measurements"
dec::marginal_joint_degrade_q_0_10::D_joint::E_parity::bayes_optimal_decoder,0,11,bayes_optimal_decoder,"finite stochastic channel probe; scope limited to declared channel, distinction, decoder, threshold, and formal-consumption measurements"
dec::marginal_joint_degrade_q_0_10::D_joint::E_parity::bayes_optimal_decoder,1,10,bayes_optimal_decoder,"finite stochastic channel probe; scope limited to declared channel, distinction, decoder, threshold, and formal-consumption measurements"
dec::marginal_joint_degrade_q_0_10::D_joint::E_trivial::bayes_optimal_decoder,*,11,bayes_optimal_decoder,"finite stochastic channel probe; scope limited to declared channel, distinction, decoder, threshold, and formal-consumption measurements"
dec::marginal_joint_degrade_q_0_10::D_parity::E_A::bayes_optimal_decoder,0,1,bayes_optimal_decoder,"finite stochastic channel probe; scope limited to declared channel, distinction, decoder, threshold, and formal-consumption measurements"
dec::marginal_joint_degrade_q_0_10::D_parity::E_A::bayes_optimal_decoder,1,1,bayes_optimal_decoder,"finite stochastic channel probe; scope limited to declared channel, distinction, decoder, threshold, and formal-consumption measurements"
dec::marginal_joint_degrade_q_0_10::D_parity::E_A::declared_decoder,0,0,declared_decoder,"finite stochastic channel probe; scope limited to declared channel, distinction, decoder, threshold, and formal-consumption measurements"
dec::marginal_joint_degrade_q_0_10::D_parity::E_A::declared_decoder,1,1,declared_decoder,"finite stochastic channel probe; scope limited to declared channel, distinction, decoder, threshold, and formal-consumption measurements"
dec::marginal_joint_degrade_q_0_10::D_parity::E_B::bayes_optimal_decoder,0,1,bayes_optimal_decoder,"finite stochastic channel probe; scope limited to declared channel, distinction, decoder, threshold, and formal-consumption measurements"
dec::marginal_joint_degrade_q_0_10::D_parity::E_B::bayes_optimal_decoder,1,1,bayes_optimal_decoder,"finite stochastic channel probe; scope limited to declared channel, distinction, decoder, threshold, and formal-consumption measurements"
dec::marginal_joint_degrade_q_0_10::D_parity::E_B::declared_decoder,0,0,declared_decoder,"finite stochastic channel probe; scope limited to declared channel, distinction, decoder, threshold, and formal-consumption measurements"
dec::marginal_joint_degrade_q_0_10::D_parity::E_B::declared_decoder,1,1,declared_decoder,"finite stochastic channel probe; scope limited to declared channel, distinction, decoder, threshold, and formal-consumption measurements"
dec::marginal_joint_degrade_q_0_10::D_parity::E_joint::bayes_optimal_decoder,00,0,bayes_optimal_decoder,"finite stochastic channel probe; scope limited to declared channel, distinction, decoder, threshold, and formal-consumption measurements"
dec::marginal_joint_degrade_q_0_10::D_parity::E_joint::bayes_optimal_decoder,01,1,bayes_optimal_decoder,"finite stochastic channel probe; scope limited to declared channel, distinction, decoder, threshold, and formal-consumption measurements"
dec::marginal_joint_degrade_q_0_10::D_parity::E_joint::bayes_optimal_decoder,10,1,bayes_optimal_decoder,"finite stochastic channel probe; scope limited to declared channel, distinction, decoder, threshold, and formal-consumption measurements"
dec::marginal_joint_degrade_q_0_10::D_parity::E_joint::bayes_optimal_decoder,11,0,bayes_optimal_decoder,"finite stochastic channel probe; scope limited to declared channel, distinction, decoder, threshold, and formal-consumption measurements"
dec::marginal_joint_degrade_q_0_10::D_parity::E_parity::bayes_optimal_decoder,0,0,bayes_optimal_decoder,"finite stochastic channel probe; scope limited to declared channel, distinction, decoder, threshold, and formal-consumption measurements"
dec::marginal_joint_degrade_q_0_10::D_parity::E_parity::bayes_optimal_decoder,1,1,bayes_optimal_decoder,"finite stochastic channel probe; scope limited to declared channel, distinction, decoder, threshold, and formal-consumption measurements"
dec::marginal_joint_degrade_q_0_10::D_parity::E_parity::declared_decoder,0,0,declared_decoder,"finite stochastic channel probe; scope limited to declared channel, distinction, decoder, threshold, and formal-consumption measurements"
dec::marginal_joint_degrade_q_0_10::D_parity::E_parity::declared_decoder,1,1,declared_decoder,"finite stochastic channel probe; scope limited to declared channel, distinction, decoder, threshold, and formal-consumption measurements"
dec::marginal_joint_degrade_q_0_10::D_parity::E_trivial::bayes_optimal_decoder,*,1,bayes_optimal_decoder,"finite stochastic channel probe; scope limited to declared channel, distinction, decoder, threshold, and formal-consumption measurements"
dec::marginal_joint_degrade_q_0_10::D_trivial::E_A::bayes_optimal_decoder,0,*,bayes_optimal_decoder,"finite stochastic channel probe; scope limited to declared channel, distinction, decoder, threshold, and formal-consumption measurements"
dec::marginal_joint_degrade_q_0_10::D_trivial::E_A::bayes_optimal_decoder,1,*,bayes_optimal_decoder,"finite stochastic channel probe; scope limited to declared channel, distinction, decoder, threshold, and formal-consumption measurements"
dec::marginal_joint_degrade_q_0_10::D_trivial::E_A::exact_decoder,0,*,exact_decoder,"finite stochastic channel probe; scope limited to declared channel, distinction, decoder, threshold, and formal-consumption measurements"
dec::marginal_joint_degrade_q_0_10::D_trivial::E_A::exact_decoder,1,*,exact_decoder,"finite stochastic channel probe; scope limited to declared channel, distinction, decoder, threshold, and formal-consumption measurements"
dec::marginal_joint_degrade_q_0_10::D_trivial::E_B::bayes_optimal_decoder,0,*,bayes_optimal_decoder,"finite stochastic channel probe; scope limited to declared channel, distinction, decoder, threshold, and formal-consumption measurements"
dec::marginal_joint_degrade_q_0_10::D_trivial::E_B::bayes_optimal_decoder,1,*,bayes_optimal_decoder,"finite stochastic channel probe; scope limited to declared channel, distinction, decoder, threshold, and formal-consumption measurements"
dec::marginal_joint_degrade_q_0_10::D_trivial::E_B::exact_decoder,0,*,exact_decoder,"finite stochastic channel probe; scope limited to declared channel, distinction, decoder, threshold, and formal-consumption measurements"
dec::marginal_joint_degrade_q_0_10::D_trivial::E_B::exact_decoder,1,*,exact_decoder,"finite stochastic channel probe; scope limited to declared channel, distinction, decoder, threshold, and formal-consumption measurements"
dec::marginal_joint_degrade_q_0_10::D_trivial::E_joint::bayes_optimal_decoder,00,*,bayes_optimal_decoder,"finite stochastic channel probe; scope limited to declared channel, distinction, decoder, threshold, and formal-consumption measurements"
dec::marginal_joint_degrade_q_0_10::D_trivial::E_joint::bayes_optimal_decoder,01,*,bayes_optimal_decoder,"finite stochastic channel probe; scope limited to declared channel, distinction, decoder, threshold, and formal-consumption measurements"
dec::marginal_joint_degrade_q_0_10::D_trivial::E_joint::bayes_optimal_decoder,10,*,bayes_optimal_decoder,"finite stochastic channel probe; scope limited to declared channel, distinction, decoder, threshold, and formal-consumption measurements"
dec::marginal_joint_degrade_q_0_10::D_trivial::E_joint::bayes_optimal_decoder,11,*,bayes_optimal_decoder,"finite stochastic channel probe; scope limited to declared channel, distinction, decoder, threshold, and formal-consumption measurements"
dec::marginal_joint_degrade_q_0_10::D_trivial::E_joint::exact_decoder,00,*,exact_decoder,"finite stochastic channel probe; scope limited to declared channel, distinction, decoder, threshold, and formal-consumption measurements"
dec::marginal_joint_degrade_q_0_10::D_trivial::E_joint::exact_decoder,01,*,exact_decoder,"finite stochastic channel probe; scope limited to declared channel, distinction, decoder, threshold, and formal-consumption measurements"
dec::marginal_joint_degrade_q_0_10::D_trivial::E_joint::exact_decoder,10,*,exact_decoder,"finite stochastic channel probe; scope limited to declared channel, distinction, decoder, threshold, and formal-consumption measurements"
dec::marginal_joint_degrade_q_0_10::D_trivial::E_joint::exact_decoder,11,*,exact_decoder,"finite stochastic channel probe; scope limited to declared channel, distinction, decoder, threshold, and formal-consumption measurements"
dec::marginal_joint_degrade_q_0_10::D_trivial::E_parity::bayes_optimal_decoder,0,*,bayes_optimal_decoder,"finite stochastic channel probe; scope limited to declared channel, distinction, decoder, threshold, and formal-consumption measurements"
dec::marginal_joint_degrade_q_0_10::D_trivial::E_parity::bayes_optimal_decoder,1,*,bayes_optimal_decoder,"finite stochastic channel probe; scope limited to declared channel, distinction, decoder, threshold, and formal-consumption measurements"
dec::marginal_joint_degrade_q_0_10::D_trivial::E_parity::exact_decoder,0,*,exact_decoder,"finite stochastic channel probe; scope limited to declared channel, distinction, decoder, threshold, and formal-consumption measurements"
dec::marginal_joint_degrade_q_0_10::D_trivial::E_parity::exact_decoder,1,*,exact_decoder,"finite stochastic channel probe; scope limited to declared channel, distinction, decoder, threshold, and formal-consumption measurements"
dec::marginal_joint_degrade_q_0_10::D_trivial::E_trivial::bayes_optimal_decoder,*,*,bayes_optimal_decoder,"finite stochastic channel probe; scope limited to declared channel, distinction, decoder, threshold, and formal-consumption measurements"
dec::marginal_joint_degrade_q_0_10::D_trivial::E_trivial::exact_decoder,*,*,exact_decoder,"finite stochastic channel probe; scope limited to declared channel, distinction, decoder, threshold, and formal-consumption measurements"
dec::marginal_joint_degrade_q_0_10::D_trivial::E_trivial::declared_decoder,*,*,declared_decoder,"finite stochastic channel probe; scope limited to declared channel, distinction, decoder, threshold, and formal-consumption measurements"
dec::marginal_joint_degrade_q_0_20::D_A::E_A::bayes_optimal_decoder,0,0,bayes_optimal_decoder,"finite stochastic channel probe; scope limited to declared channel, distinction, decoder, threshold, and formal-consumption measurements"
dec::marginal_joint_degrade_q_0_20::D_A::E_A::bayes_optimal_decoder,1,1,bayes_optimal_decoder,"finite stochastic channel probe; scope limited to declared channel, distinction, decoder, threshold, and formal-consumption measurements"
dec::marginal_joint_degrade_q_0_20::D_A::E_A::declared_decoder,0,0,declared_decoder,"finite stochastic channel probe; scope limited to declared channel, distinction, decoder, threshold, and formal-consumption measurements"
dec::marginal_joint_degrade_q_0_20::D_A::E_A::declared_decoder,1,1,declared_decoder,"finite stochastic channel probe; scope limited to declared channel, distinction, decoder, threshold, and formal-consumption measurements"
dec::marginal_joint_degrade_q_0_20::D_A::E_B::bayes_optimal_decoder,0,1,bayes_optimal_decoder,"finite stochastic channel probe; scope limited to declared channel, distinction, decoder, threshold, and formal-consumption measurements"
dec::marginal_joint_degrade_q_0_20::D_A::E_B::bayes_optimal_decoder,1,1,bayes_optimal_decoder,"finite stochastic channel probe; scope limited to declared channel, distinction, decoder, threshold, and formal-consumption measurements"
dec::marginal_joint_degrade_q_0_20::D_A::E_B::declared_decoder,0,0,declared_decoder,"finite stochastic channel probe; scope limited to declared channel, distinction, decoder, threshold, and formal-consumption measurements"
dec::marginal_joint_degrade_q_0_20::D_A::E_B::declared_decoder,1,1,declared_decoder,"finite stochastic channel probe; scope limited to declared channel, distinction, decoder, threshold, and formal-consumption measurements"
dec::marginal_joint_degrade_q_0_20::D_A::E_joint::bayes_optimal_decoder,00,0,bayes_optimal_decoder,"finite stochastic channel probe; scope limited to declared channel, distinction, decoder, threshold, and formal-consumption measurements"
dec::marginal_joint_degrade_q_0_20::D_A::E_joint::bayes_optimal_decoder,01,0,bayes_optimal_decoder,"finite stochastic channel probe; scope limited to declared channel, distinction, decoder, threshold, and formal-consumption measurements"
dec::marginal_joint_degrade_q_0_20::D_A::E_joint::bayes_optimal_decoder,10,1,bayes_optimal_decoder,"finite stochastic channel probe; scope limited to declared channel, distinction, decoder, threshold, and formal-consumption measurements"
dec::marginal_joint_degrade_q_0_20::D_A::E_joint::bayes_optimal_decoder,11,1,bayes_optimal_decoder,"finite stochastic channel probe; scope limited to declared channel, distinction, decoder, threshold, and formal-consumption measurements"
dec::marginal_joint_degrade_q_0_20::D_A::E_parity::bayes_optimal_decoder,0,1,bayes_optimal_decoder,"finite stochastic channel probe; scope limited to declared channel, distinction, decoder, threshold, and formal-consumption measurements"
dec::marginal_joint_degrade_q_0_20::D_A::E_parity::bayes_optimal_decoder,1,1,bayes_optimal_decoder,"finite stochastic channel probe; scope limited to declared channel, distinction, decoder, threshold, and formal-consumption measurements"
dec::marginal_joint_degrade_q_0_20::D_A::E_parity::declared_decoder,0,0,declared_decoder,"finite stochastic channel probe; scope limited to declared channel, distinction, decoder, threshold, and formal-consumption measurements"
dec::marginal_joint_degrade_q_0_20::D_A::E_parity::declared_decoder,1,1,declared_decoder,"finite stochastic channel probe; scope limited to declared channel, distinction, decoder, threshold, and formal-consumption measurements"
dec::marginal_joint_degrade_q_0_20::D_A::E_trivial::bayes_optimal_decoder,*,1,bayes_optimal_decoder,"finite stochastic channel probe; scope limited to declared channel, distinction, decoder, threshold, and formal-consumption measurements"
dec::marginal_joint_degrade_q_0_20::D_B::E_A::bayes_optimal_decoder,0,1,bayes_optimal_decoder,"finite stochastic channel probe; scope limited to declared channel, distinction, decoder, threshold, and formal-consumption measurements"
dec::marginal_joint_degrade_q_0_20::D_B::E_A::bayes_optimal_decoder,1,1,bayes_optimal_decoder,"finite stochastic channel probe; scope limited to declared channel, distinction, decoder, threshold, and formal-consumption measurements"
dec::marginal_joint_degrade_q_0_20::D_B::E_A::declared_decoder,0,0,declared_decoder,"finite stochastic channel probe; scope limited to declared channel, distinction, decoder, threshold, and formal-consumption measurements"
dec::marginal_joint_degrade_q_0_20::D_B::E_A::declared_decoder,1,1,declared_decoder,"finite stochastic channel probe; scope limited to declared channel, distinction, decoder, threshold, and formal-consumption measurements"
dec::marginal_joint_degrade_q_0_20::D_B::E_B::bayes_optimal_decoder,0,0,bayes_optimal_decoder,"finite stochastic channel probe; scope limited to declared channel, distinction, decoder, threshold, and formal-consumption measurements"
dec::marginal_joint_degrade_q_0_20::D_B::E_B::bayes_optimal_decoder,1,1,bayes_optimal_decoder,"finite stochastic channel probe; scope limited to declared channel, distinction, decoder, threshold, and formal-consumption measurements"
dec::marginal_joint_degrade_q_0_20::D_B::E_B::declared_decoder,0,0,declared_decoder,"finite stochastic channel probe; scope limited to declared channel, distinction, decoder, threshold, and formal-consumption measurements"
dec::marginal_joint_degrade_q_0_20::D_B::E_B::declared_decoder,1,1,declared_decoder,"finite stochastic channel probe; scope limited to declared channel, distinction, decoder, threshold, and formal-consumption measurements"
dec::marginal_joint_degrade_q_0_20::D_B::E_joint::bayes_optimal_decoder,00,0,bayes_optimal_decoder,"finite stochastic channel probe; scope limited to declared channel, distinction, decoder, threshold, and formal-consumption measurements"
dec::marginal_joint_degrade_q_0_20::D_B::E_joint::bayes_optimal_decoder,01,1,bayes_optimal_decoder,"finite stochastic channel probe; scope limited to declared channel, distinction, decoder, threshold, and formal-consumption measurements"
dec::marginal_joint_degrade_q_0_20::D_B::E_joint::bayes_optimal_decoder,10,0,bayes_optimal_decoder,"finite stochastic channel probe; scope limited to declared channel, distinction, decoder, threshold, and formal-consumption measurements"
dec::marginal_joint_degrade_q_0_20::D_B::E_joint::bayes_optimal_decoder,11,1,bayes_optimal_decoder,"finite stochastic channel probe; scope limited to declared channel, distinction, decoder, threshold, and formal-consumption measurements"
dec::marginal_joint_degrade_q_0_20::D_B::E_parity::bayes_optimal_decoder,0,1,bayes_optimal_decoder,"finite stochastic channel probe; scope limited to declared channel, distinction, decoder, threshold, and formal-consumption measurements"
dec::marginal_joint_degrade_q_0_20::D_B::E_parity::bayes_optimal_decoder,1,1,bayes_optimal_decoder,"finite stochastic channel probe; scope limited to declared channel, distinction, decoder, threshold, and formal-consumption measurements"
dec::marginal_joint_degrade_q_0_20::D_B::E_parity::declared_decoder,0,0,declared_decoder,"finite stochastic channel probe; scope limited to declared channel, distinction, decoder, threshold, and formal-consumption measurements"
dec::marginal_joint_degrade_q_0_20::D_B::E_parity::declared_decoder,1,1,declared_decoder,"finite stochastic channel probe; scope limited to declared channel, distinction, decoder, threshold, and formal-consumption measurements"
dec::marginal_joint_degrade_q_0_20::D_B::E_trivial::bayes_optimal_decoder,*,1,bayes_optimal_decoder,"finite stochastic channel probe; scope limited to declared channel, distinction, decoder, threshold, and formal-consumption measurements"
dec::marginal_joint_degrade_q_0_20::D_joint::E_A::bayes_optimal_decoder,0,01,bayes_optimal_decoder,"finite stochastic channel probe; scope limited to declared channel, distinction, decoder, threshold, and formal-consumption measurements"
dec::marginal_joint_degrade_q_0_20::D_joint::E_A::bayes_optimal_decoder,1,11,bayes_optimal_decoder,"finite stochastic channel probe; scope limited to declared channel, distinction, decoder, threshold, and formal-consumption measurements"
dec::marginal_joint_degrade_q_0_20::D_joint::E_B::bayes_optimal_decoder,0,10,bayes_optimal_decoder,"finite stochastic channel probe; scope limited to declared channel, distinction, decoder, threshold, and formal-consumption measurements"
dec::marginal_joint_degrade_q_0_20::D_joint::E_B::bayes_optimal_decoder,1,11,bayes_optimal_decoder,"finite stochastic channel probe; scope limited to declared channel, distinction, decoder, threshold, and formal-consumption measurements"
dec::marginal_joint_degrade_q_0_20::D_joint::E_joint::bayes_optimal_decoder,00,00,bayes_optimal_decoder,"finite stochastic channel probe; scope limited to declared channel, distinction, decoder, threshold, and formal-consumption measurements"
dec::marginal_joint_degrade_q_0_20::D_joint::E_joint::bayes_optimal_decoder,01,01,bayes_optimal_decoder,"finite stochastic channel probe; scope limited to declared channel, distinction, decoder, threshold, and formal-consumption measurements"
dec::marginal_joint_degrade_q_0_20::D_joint::E_joint::bayes_optimal_decoder,10,10,bayes_optimal_decoder,"finite stochastic channel probe; scope limited to declared channel, distinction, decoder, threshold, and formal-consumption measurements"
dec::marginal_joint_degrade_q_0_20::D_joint::E_joint::bayes_optimal_decoder,11,11,bayes_optimal_decoder,"finite stochastic channel probe; scope limited to declared channel, distinction, decoder, threshold, and formal-consumption measurements"
dec::marginal_joint_degrade_q_0_20::D_joint::E_joint::declared_decoder,00,00,declared_decoder,"finite stochastic channel probe; scope limited to declared channel, distinction, decoder, threshold, and formal-consumption measurements"
dec::marginal_joint_degrade_q_0_20::D_joint::E_joint::declared_decoder,01,01,declared_decoder,"finite stochastic channel probe; scope limited to declared channel, distinction, decoder, threshold, and formal-consumption measurements"
dec::marginal_joint_degrade_q_0_20::D_joint::E_joint::declared_decoder,10,10,declared_decoder,"finite stochastic channel probe; scope limited to declared channel, distinction, decoder, threshold, and formal-consumption measurements"
dec::marginal_joint_degrade_q_0_20::D_joint::E_joint::declared_decoder,11,11,declared_decoder,"finite stochastic channel probe; scope limited to declared channel, distinction, decoder, threshold, and formal-consumption measurements"
dec::marginal_joint_degrade_q_0_20::D_joint::E_parity::bayes_optimal_decoder,0,11,bayes_optimal_decoder,"finite stochastic channel probe; scope limited to declared channel, distinction, decoder, threshold, and formal-consumption measurements"
dec::marginal_joint_degrade_q_0_20::D_joint::E_parity::bayes_optimal_decoder,1,10,bayes_optimal_decoder,"finite stochastic channel probe; scope limited to declared channel, distinction, decoder, threshold, and formal-consumption measurements"
dec::marginal_joint_degrade_q_0_20::D_joint::E_trivial::bayes_optimal_decoder,*,11,bayes_optimal_decoder,"finite stochastic channel probe; scope limited to declared channel, distinction, decoder, threshold, and formal-consumption measurements"
dec::marginal_joint_degrade_q_0_20::D_parity::E_A::bayes_optimal_decoder,0,1,bayes_optimal_decoder,"finite stochastic channel probe; scope limited to declared channel, distinction, decoder, threshold, and formal-consumption measurements"
dec::marginal_joint_degrade_q_0_20::D_parity::E_A::bayes_optimal_decoder,1,1,bayes_optimal_decoder,"finite stochastic channel probe; scope limited to declared channel, distinction, decoder, threshold, and formal-consumption measurements"
dec::marginal_joint_degrade_q_0_20::D_parity::E_A::declared_decoder,0,0,declared_decoder,"finite stochastic channel probe; scope limited to declared channel, distinction, decoder, threshold, and formal-consumption measurements"
dec::marginal_joint_degrade_q_0_20::D_parity::E_A::declared_decoder,1,1,declared_decoder,"finite stochastic channel probe; scope limited to declared channel, distinction, decoder, threshold, and formal-consumption measurements"
dec::marginal_joint_degrade_q_0_20::D_parity::E_B::bayes_optimal_decoder,0,1,bayes_optimal_decoder,"finite stochastic channel probe; scope limited to declared channel, distinction, decoder, threshold, and formal-consumption measurements"
dec::marginal_joint_degrade_q_0_20::D_parity::E_B::bayes_optimal_decoder,1,1,bayes_optimal_decoder,"finite stochastic channel probe; scope limited to declared channel, distinction, decoder, threshold, and formal-consumption measurements"
dec::marginal_joint_degrade_q_0_20::D_parity::E_B::declared_decoder,0,0,declared_decoder,"finite stochastic channel probe; scope limited to declared channel, distinction, decoder, threshold, and formal-consumption measurements"
dec::marginal_joint_degrade_q_0_20::D_parity::E_B::declared_decoder,1,1,declared_decoder,"finite stochastic channel probe; scope limited to declared channel, distinction, decoder, threshold, and formal-consumption measurements"
dec::marginal_joint_degrade_q_0_20::D_parity::E_joint::bayes_optimal_decoder,00,0,bayes_optimal_decoder,"finite stochastic channel probe; scope limited to declared channel, distinction, decoder, threshold, and formal-consumption measurements"
dec::marginal_joint_degrade_q_0_20::D_parity::E_joint::bayes_optimal_decoder,01,1,bayes_optimal_decoder,"finite stochastic channel probe; scope limited to declared channel, distinction, decoder, threshold, and formal-consumption measurements"
dec::marginal_joint_degrade_q_0_20::D_parity::E_joint::bayes_optimal_decoder,10,1,bayes_optimal_decoder,"finite stochastic channel probe; scope limited to declared channel, distinction, decoder, threshold, and formal-consumption measurements"
dec::marginal_joint_degrade_q_0_20::D_parity::E_joint::bayes_optimal_decoder,11,0,bayes_optimal_decoder,"finite stochastic channel probe; scope limited to declared channel, distinction, decoder, threshold, and formal-consumption measurements"
dec::marginal_joint_degrade_q_0_20::D_parity::E_parity::bayes_optimal_decoder,0,0,bayes_optimal_decoder,"finite stochastic channel probe; scope limited to declared channel, distinction, decoder, threshold, and formal-consumption measurements"
dec::marginal_joint_degrade_q_0_20::D_parity::E_parity::bayes_optimal_decoder,1,1,bayes_optimal_decoder,"finite stochastic channel probe; scope limited to declared channel, distinction, decoder, threshold, and formal-consumption measurements"
dec::marginal_joint_degrade_q_0_20::D_parity::E_parity::declared_decoder,0,0,declared_decoder,"finite stochastic channel probe; scope limited to declared channel, distinction, decoder, threshold, and formal-consumption measurements"
dec::marginal_joint_degrade_q_0_20::D_parity::E_parity::declared_decoder,1,1,declared_decoder,"finite stochastic channel probe; scope limited to declared channel, distinction, decoder, threshold, and formal-consumption measurements"
dec::marginal_joint_degrade_q_0_20::D_parity::E_trivial::bayes_optimal_decoder,*,1,bayes_optimal_decoder,"finite stochastic channel probe; scope limited to declared channel, distinction, decoder, threshold, and formal-consumption measurements"
dec::marginal_joint_degrade_q_0_20::D_trivial::E_A::bayes_optimal_decoder,0,*,bayes_optimal_decoder,"finite stochastic channel probe; scope limited to declared channel, distinction, decoder, threshold, and formal-consumption measurements"
dec::marginal_joint_degrade_q_0_20::D_trivial::E_A::bayes_optimal_decoder,1,*,bayes_optimal_decoder,"finite stochastic channel probe; scope limited to declared channel, distinction, decoder, threshold, and formal-consumption measurements"
dec::marginal_joint_degrade_q_0_20::D_trivial::E_A::exact_decoder,0,*,exact_decoder,"finite stochastic channel probe; scope limited to declared channel, distinction, decoder, threshold, and formal-consumption measurements"
dec::marginal_joint_degrade_q_0_20::D_trivial::E_A::exact_decoder,1,*,exact_decoder,"finite stochastic channel probe; scope limited to declared channel, distinction, decoder, threshold, and formal-consumption measurements"
dec::marginal_joint_degrade_q_0_20::D_trivial::E_B::bayes_optimal_decoder,0,*,bayes_optimal_decoder,"finite stochastic channel probe; scope limited to declared channel, distinction, decoder, threshold, and formal-consumption measurements"
dec::marginal_joint_degrade_q_0_20::D_trivial::E_B::bayes_optimal_decoder,1,*,bayes_optimal_decoder,"finite stochastic channel probe; scope limited to declared channel, distinction, decoder, threshold, and formal-consumption measurements"
dec::marginal_joint_degrade_q_0_20::D_trivial::E_B::exact_decoder,0,*,exact_decoder,"finite stochastic channel probe; scope limited to declared channel, distinction, decoder, threshold, and formal-consumption measurements"
dec::marginal_joint_degrade_q_0_20::D_trivial::E_B::exact_decoder,1,*,exact_decoder,"finite stochastic channel probe; scope limited to declared channel, distinction, decoder, threshold, and formal-consumption measurements"
dec::marginal_joint_degrade_q_0_20::D_trivial::E_joint::bayes_optimal_decoder,00,*,bayes_optimal_decoder,"finite stochastic channel probe; scope limited to declared channel, distinction, decoder, threshold, and formal-consumption measurements"
dec::marginal_joint_degrade_q_0_20::D_trivial::E_joint::bayes_optimal_decoder,01,*,bayes_optimal_decoder,"finite stochastic channel probe; scope limited to declared channel, distinction, decoder, threshold, and formal-consumption measurements"
dec::marginal_joint_degrade_q_0_20::D_trivial::E_joint::bayes_optimal_decoder,10,*,bayes_optimal_decoder,"finite stochastic channel probe; scope limited to declared channel, distinction, decoder, threshold, and formal-consumption measurements"
dec::marginal_joint_degrade_q_0_20::D_trivial::E_joint::bayes_optimal_decoder,11,*,bayes_optimal_decoder,"finite stochastic channel probe; scope limited to declared channel, distinction, decoder, threshold, and formal-consumption measurements"
dec::marginal_joint_degrade_q_0_20::D_trivial::E_joint::exact_decoder,00,*,exact_decoder,"finite stochastic channel probe; scope limited to declared channel, distinction, decoder, threshold, and formal-consumption measurements"
dec::marginal_joint_degrade_q_0_20::D_trivial::E_joint::exact_decoder,01,*,exact_decoder,"finite stochastic channel probe; scope limited to declared channel, distinction, decoder, threshold, and formal-consumption measurements"
dec::marginal_joint_degrade_q_0_20::D_trivial::E_joint::exact_decoder,10,*,exact_decoder,"finite stochastic channel probe; scope limited to declared channel, distinction, decoder, threshold, and formal-consumption measurements"
dec::marginal_joint_degrade_q_0_20::D_trivial::E_joint::exact_decoder,11,*,exact_decoder,"finite stochastic channel probe; scope limited to declared channel, distinction, decoder, threshold, and formal-consumption measurements"
dec::marginal_joint_degrade_q_0_20::D_trivial::E_parity::bayes_optimal_decoder,0,*,bayes_optimal_decoder,"finite stochastic channel probe; scope limited to declared channel, distinction, decoder, threshold, and formal-consumption measurements"
dec::marginal_joint_degrade_q_0_20::D_trivial::E_parity::bayes_optimal_decoder,1,*,bayes_optimal_decoder,"finite stochastic channel probe; scope limited to declared channel, distinction, decoder, threshold, and formal-consumption measurements"
dec::marginal_joint_degrade_q_0_20::D_trivial::E_parity::exact_decoder,0,*,exact_decoder,"finite stochastic channel probe; scope limited to declared channel, distinction, decoder, threshold, and formal-consumption measurements"
dec::marginal_joint_degrade_q_0_20::D_trivial::E_parity::exact_decoder,1,*,exact_decoder,"finite stochastic channel probe; scope limited to declared channel, distinction, decoder, threshold, and formal-consumption measurements"
dec::marginal_joint_degrade_q_0_20::D_trivial::E_trivial::bayes_optimal_decoder,*,*,bayes_optimal_decoder,"finite stochastic channel probe; scope limited to declared channel, distinction, decoder, threshold, and formal-consumption measurements"
dec::marginal_joint_degrade_q_0_20::D_trivial::E_trivial::exact_decoder,*,*,exact_decoder,"finite stochastic channel probe; scope limited to declared channel, distinction, decoder, threshold, and formal-consumption measurements"
dec::marginal_joint_degrade_q_0_20::D_trivial::E_trivial::declared_decoder,*,*,declared_decoder,"finite stochastic channel probe; scope limited to declared channel, distinction, decoder, threshold, and formal-consumption measurements"
dec::output_marginal_matched_uniform::D_A::E_A::bayes_optimal_decoder,0,1,bayes_optimal_decoder,"finite stochastic channel probe; scope limited to declared channel, distinction, decoder, threshold, and formal-consumption measurements"
dec::output_marginal_matched_uniform::D_A::E_A::bayes_optimal_decoder,1,1,bayes_optimal_decoder,"finite stochastic channel probe; scope limited to declared channel, distinction, decoder, threshold, and formal-consumption measurements"
dec::output_marginal_matched_uniform::D_A::E_A::declared_decoder,0,0,declared_decoder,"finite stochastic channel probe; scope limited to declared channel, distinction, decoder, threshold, and formal-consumption measurements"
dec::output_marginal_matched_uniform::D_A::E_A::declared_decoder,1,1,declared_decoder,"finite stochastic channel probe; scope limited to declared channel, distinction, decoder, threshold, and formal-consumption measurements"
dec::output_marginal_matched_uniform::D_A::E_B::bayes_optimal_decoder,0,1,bayes_optimal_decoder,"finite stochastic channel probe; scope limited to declared channel, distinction, decoder, threshold, and formal-consumption measurements"
dec::output_marginal_matched_uniform::D_A::E_B::bayes_optimal_decoder,1,1,bayes_optimal_decoder,"finite stochastic channel probe; scope limited to declared channel, distinction, decoder, threshold, and formal-consumption measurements"
dec::output_marginal_matched_uniform::D_A::E_B::declared_decoder,0,0,declared_decoder,"finite stochastic channel probe; scope limited to declared channel, distinction, decoder, threshold, and formal-consumption measurements"
dec::output_marginal_matched_uniform::D_A::E_B::declared_decoder,1,1,declared_decoder,"finite stochastic channel probe; scope limited to declared channel, distinction, decoder, threshold, and formal-consumption measurements"
dec::output_marginal_matched_uniform::D_A::E_joint::bayes_optimal_decoder,00,1,bayes_optimal_decoder,"finite stochastic channel probe; scope limited to declared channel, distinction, decoder, threshold, and formal-consumption measurements"
dec::output_marginal_matched_uniform::D_A::E_joint::bayes_optimal_decoder,01,1,bayes_optimal_decoder,"finite stochastic channel probe; scope limited to declared channel, distinction, decoder, threshold, and formal-consumption measurements"
dec::output_marginal_matched_uniform::D_A::E_joint::bayes_optimal_decoder,10,1,bayes_optimal_decoder,"finite stochastic channel probe; scope limited to declared channel, distinction, decoder, threshold, and formal-consumption measurements"
dec::output_marginal_matched_uniform::D_A::E_joint::bayes_optimal_decoder,11,1,bayes_optimal_decoder,"finite stochastic channel probe; scope limited to declared channel, distinction, decoder, threshold, and formal-consumption measurements"
dec::output_marginal_matched_uniform::D_A::E_parity::bayes_optimal_decoder,0,1,bayes_optimal_decoder,"finite stochastic channel probe; scope limited to declared channel, distinction, decoder, threshold, and formal-consumption measurements"
dec::output_marginal_matched_uniform::D_A::E_parity::bayes_optimal_decoder,1,1,bayes_optimal_decoder,"finite stochastic channel probe; scope limited to declared channel, distinction, decoder, threshold, and formal-consumption measurements"
dec::output_marginal_matched_uniform::D_A::E_parity::declared_decoder,0,0,declared_decoder,"finite stochastic channel probe; scope limited to declared channel, distinction, decoder, threshold, and formal-consumption measurements"
dec::output_marginal_matched_uniform::D_A::E_parity::declared_decoder,1,1,declared_decoder,"finite stochastic channel probe; scope limited to declared channel, distinction, decoder, threshold, and formal-consumption measurements"
dec::output_marginal_matched_uniform::D_A::E_trivial::bayes_optimal_decoder,*,1,bayes_optimal_decoder,"finite stochastic channel probe; scope limited to declared channel, distinction, decoder, threshold, and formal-consumption measurements"
dec::output_marginal_matched_uniform::D_B::E_A::bayes_optimal_decoder,0,1,bayes_optimal_decoder,"finite stochastic channel probe; scope limited to declared channel, distinction, decoder, threshold, and formal-consumption measurements"
dec::output_marginal_matched_uniform::D_B::E_A::bayes_optimal_decoder,1,1,bayes_optimal_decoder,"finite stochastic channel probe; scope limited to declared channel, distinction, decoder, threshold, and formal-consumption measurements"
dec::output_marginal_matched_uniform::D_B::E_A::declared_decoder,0,0,declared_decoder,"finite stochastic channel probe; scope limited to declared channel, distinction, decoder, threshold, and formal-consumption measurements"
dec::output_marginal_matched_uniform::D_B::E_A::declared_decoder,1,1,declared_decoder,"finite stochastic channel probe; scope limited to declared channel, distinction, decoder, threshold, and formal-consumption measurements"
dec::output_marginal_matched_uniform::D_B::E_B::bayes_optimal_decoder,0,1,bayes_optimal_decoder,"finite stochastic channel probe; scope limited to declared channel, distinction, decoder, threshold, and formal-consumption measurements"
dec::output_marginal_matched_uniform::D_B::E_B::bayes_optimal_decoder,1,1,bayes_optimal_decoder,"finite stochastic channel probe; scope limited to declared channel, distinction, decoder, threshold, and formal-consumption measurements"
dec::output_marginal_matched_uniform::D_B::E_B::declared_decoder,0,0,declared_decoder,"finite stochastic channel probe; scope limited to declared channel, distinction, decoder, threshold, and formal-consumption measurements"
dec::output_marginal_matched_uniform::D_B::E_B::declared_decoder,1,1,declared_decoder,"finite stochastic channel probe; scope limited to declared channel, distinction, decoder, threshold, and formal-consumption measurements"
dec::output_marginal_matched_uniform::D_B::E_joint::bayes_optimal_decoder,00,1,bayes_optimal_decoder,"finite stochastic channel probe; scope limited to declared channel, distinction, decoder, threshold, and formal-consumption measurements"
dec::output_marginal_matched_uniform::D_B::E_joint::bayes_optimal_decoder,01,1,bayes_optimal_decoder,"finite stochastic channel probe; scope limited to declared channel, distinction, decoder, threshold, and formal-consumption measurements"
dec::output_marginal_matched_uniform::D_B::E_joint::bayes_optimal_decoder,10,1,bayes_optimal_decoder,"finite stochastic channel probe; scope limited to declared channel, distinction, decoder, threshold, and formal-consumption measurements"
dec::output_marginal_matched_uniform::D_B::E_joint::bayes_optimal_decoder,11,1,bayes_optimal_decoder,"finite stochastic channel probe; scope limited to declared channel, distinction, decoder, threshold, and formal-consumption measurements"
dec::output_marginal_matched_uniform::D_B::E_parity::bayes_optimal_decoder,0,1,bayes_optimal_decoder,"finite stochastic channel probe; scope limited to declared channel, distinction, decoder, threshold, and formal-consumption measurements"
dec::output_marginal_matched_uniform::D_B::E_parity::bayes_optimal_decoder,1,1,bayes_optimal_decoder,"finite stochastic channel probe; scope limited to declared channel, distinction, decoder, threshold, and formal-consumption measurements"
dec::output_marginal_matched_uniform::D_B::E_parity::declared_decoder,0,0,declared_decoder,"finite stochastic channel probe; scope limited to declared channel, distinction, decoder, threshold, and formal-consumption measurements"
dec::output_marginal_matched_uniform::D_B::E_parity::declared_decoder,1,1,declared_decoder,"finite stochastic channel probe; scope limited to declared channel, distinction, decoder, threshold, and formal-consumption measurements"
dec::output_marginal_matched_uniform::D_B::E_trivial::bayes_optimal_decoder,*,1,bayes_optimal_decoder,"finite stochastic channel probe; scope limited to declared channel, distinction, decoder, threshold, and formal-consumption measurements"
dec::output_marginal_matched_uniform::D_joint::E_A::bayes_optimal_decoder,0,11,bayes_optimal_decoder,"finite stochastic channel probe; scope limited to declared channel, distinction, decoder, threshold, and formal-consumption measurements"
dec::output_marginal_matched_uniform::D_joint::E_A::bayes_optimal_decoder,1,11,bayes_optimal_decoder,"finite stochastic channel probe; scope limited to declared channel, distinction, decoder, threshold, and formal-consumption measurements"
dec::output_marginal_matched_uniform::D_joint::E_B::bayes_optimal_decoder,0,11,bayes_optimal_decoder,"finite stochastic channel probe; scope limited to declared channel, distinction, decoder, threshold, and formal-consumption measurements"
dec::output_marginal_matched_uniform::D_joint::E_B::bayes_optimal_decoder,1,11,bayes_optimal_decoder,"finite stochastic channel probe; scope limited to declared channel, distinction, decoder, threshold, and formal-consumption measurements"
dec::output_marginal_matched_uniform::D_joint::E_joint::bayes_optimal_decoder,00,11,bayes_optimal_decoder,"finite stochastic channel probe; scope limited to declared channel, distinction, decoder, threshold, and formal-consumption measurements"
dec::output_marginal_matched_uniform::D_joint::E_joint::bayes_optimal_decoder,01,11,bayes_optimal_decoder,"finite stochastic channel probe; scope limited to declared channel, distinction, decoder, threshold, and formal-consumption measurements"
dec::output_marginal_matched_uniform::D_joint::E_joint::bayes_optimal_decoder,10,11,bayes_optimal_decoder,"finite stochastic channel probe; scope limited to declared channel, distinction, decoder, threshold, and formal-consumption measurements"
dec::output_marginal_matched_uniform::D_joint::E_joint::bayes_optimal_decoder,11,11,bayes_optimal_decoder,"finite stochastic channel probe; scope limited to declared channel, distinction, decoder, threshold, and formal-consumption measurements"
dec::output_marginal_matched_uniform::D_joint::E_joint::declared_decoder,00,00,declared_decoder,"finite stochastic channel probe; scope limited to declared channel, distinction, decoder, threshold, and formal-consumption measurements"
dec::output_marginal_matched_uniform::D_joint::E_joint::declared_decoder,01,01,declared_decoder,"finite stochastic channel probe; scope limited to declared channel, distinction, decoder, threshold, and formal-consumption measurements"
dec::output_marginal_matched_uniform::D_joint::E_joint::declared_decoder,10,10,declared_decoder,"finite stochastic channel probe; scope limited to declared channel, distinction, decoder, threshold, and formal-consumption measurements"
dec::output_marginal_matched_uniform::D_joint::E_joint::declared_decoder,11,11,declared_decoder,"finite stochastic channel probe; scope limited to declared channel, distinction, decoder, threshold, and formal-consumption measurements"
dec::output_marginal_matched_uniform::D_joint::E_parity::bayes_optimal_decoder,0,11,bayes_optimal_decoder,"finite stochastic channel probe; scope limited to declared channel, distinction, decoder, threshold, and formal-consumption measurements"
dec::output_marginal_matched_uniform::D_joint::E_parity::bayes_optimal_decoder,1,11,bayes_optimal_decoder,"finite stochastic channel probe; scope limited to declared channel, distinction, decoder, threshold, and formal-consumption measurements"
dec::output_marginal_matched_uniform::D_joint::E_trivial::bayes_optimal_decoder,*,11,bayes_optimal_decoder,"finite stochastic channel probe; scope limited to declared channel, distinction, decoder, threshold, and formal-consumption measurements"
dec::output_marginal_matched_uniform::D_parity::E_A::bayes_optimal_decoder,0,1,bayes_optimal_decoder,"finite stochastic channel probe; scope limited to declared channel, distinction, decoder, threshold, and formal-consumption measurements"
dec::output_marginal_matched_uniform::D_parity::E_A::bayes_optimal_decoder,1,1,bayes_optimal_decoder,"finite stochastic channel probe; scope limited to declared channel, distinction, decoder, threshold, and formal-consumption measurements"
dec::output_marginal_matched_uniform::D_parity::E_A::declared_decoder,0,0,declared_decoder,"finite stochastic channel probe; scope limited to declared channel, distinction, decoder, threshold, and formal-consumption measurements"
dec::output_marginal_matched_uniform::D_parity::E_A::declared_decoder,1,1,declared_decoder,"finite stochastic channel probe; scope limited to declared channel, distinction, decoder, threshold, and formal-consumption measurements"
dec::output_marginal_matched_uniform::D_parity::E_B::bayes_optimal_decoder,0,1,bayes_optimal_decoder,"finite stochastic channel probe; scope limited to declared channel, distinction, decoder, threshold, and formal-consumption measurements"
dec::output_marginal_matched_uniform::D_parity::E_B::bayes_optimal_decoder,1,1,bayes_optimal_decoder,"finite stochastic channel probe; scope limited to declared channel, distinction, decoder, threshold, and formal-consumption measurements"
dec::output_marginal_matched_uniform::D_parity::E_B::declared_decoder,0,0,declared_decoder,"finite stochastic channel probe; scope limited to declared channel, distinction, decoder, threshold, and formal-consumption measurements"
dec::output_marginal_matched_uniform::D_parity::E_B::declared_decoder,1,1,declared_decoder,"finite stochastic channel probe; scope limited to declared channel, distinction, decoder, threshold, and formal-consumption measurements"
dec::output_marginal_matched_uniform::D_parity::E_joint::bayes_optimal_decoder,00,1,bayes_optimal_decoder,"finite stochastic channel probe; scope limited to declared channel, distinction, decoder, threshold, and formal-consumption measurements"
dec::output_marginal_matched_uniform::D_parity::E_joint::bayes_optimal_decoder,01,1,bayes_optimal_decoder,"finite stochastic channel probe; scope limited to declared channel, distinction, decoder, threshold, and formal-consumption measurements"
dec::output_marginal_matched_uniform::D_parity::E_joint::bayes_optimal_decoder,10,1,bayes_optimal_decoder,"finite stochastic channel probe; scope limited to declared channel, distinction, decoder, threshold, and formal-consumption measurements"
dec::output_marginal_matched_uniform::D_parity::E_joint::bayes_optimal_decoder,11,1,bayes_optimal_decoder,"finite stochastic channel probe; scope limited to declared channel, distinction, decoder, threshold, and formal-consumption measurements"
dec::output_marginal_matched_uniform::D_parity::E_parity::bayes_optimal_decoder,0,1,bayes_optimal_decoder,"finite stochastic channel probe; scope limited to declared channel, distinction, decoder, threshold, and formal-consumption measurements"
dec::output_marginal_matched_uniform::D_parity::E_parity::bayes_optimal_decoder,1,1,bayes_optimal_decoder,"finite stochastic channel probe; scope limited to declared channel, distinction, decoder, threshold, and formal-consumption measurements"
dec::output_marginal_matched_uniform::D_parity::E_parity::declared_decoder,0,0,declared_decoder,"finite stochastic channel probe; scope limited to declared channel, distinction, decoder, threshold, and formal-consumption measurements"
dec::output_marginal_matched_uniform::D_parity::E_parity::declared_decoder,1,1,declared_decoder,"finite stochastic channel probe; scope limited to declared channel, distinction, decoder, threshold, and formal-consumption measurements"
dec::output_marginal_matched_uniform::D_parity::E_trivial::bayes_optimal_decoder,*,1,bayes_optimal_decoder,"finite stochastic channel probe; scope limited to declared channel, distinction, decoder, threshold, and formal-consumption measurements"
dec::output_marginal_matched_uniform::D_trivial::E_A::bayes_optimal_decoder,0,*,bayes_optimal_decoder,"finite stochastic channel probe; scope limited to declared channel, distinction, decoder, threshold, and formal-consumption measurements"
dec::output_marginal_matched_uniform::D_trivial::E_A::bayes_optimal_decoder,1,*,bayes_optimal_decoder,"finite stochastic channel probe; scope limited to declared channel, distinction, decoder, threshold, and formal-consumption measurements"
dec::output_marginal_matched_uniform::D_trivial::E_A::exact_decoder,0,*,exact_decoder,"finite stochastic channel probe; scope limited to declared channel, distinction, decoder, threshold, and formal-consumption measurements"
dec::output_marginal_matched_uniform::D_trivial::E_A::exact_decoder,1,*,exact_decoder,"finite stochastic channel probe; scope limited to declared channel, distinction, decoder, threshold, and formal-consumption measurements"
dec::output_marginal_matched_uniform::D_trivial::E_B::bayes_optimal_decoder,0,*,bayes_optimal_decoder,"finite stochastic channel probe; scope limited to declared channel, distinction, decoder, threshold, and formal-consumption measurements"
dec::output_marginal_matched_uniform::D_trivial::E_B::bayes_optimal_decoder,1,*,bayes_optimal_decoder,"finite stochastic channel probe; scope limited to declared channel, distinction, decoder, threshold, and formal-consumption measurements"
dec::output_marginal_matched_uniform::D_trivial::E_B::exact_decoder,0,*,exact_decoder,"finite stochastic channel probe; scope limited to declared channel, distinction, decoder, threshold, and formal-consumption measurements"
dec::output_marginal_matched_uniform::D_trivial::E_B::exact_decoder,1,*,exact_decoder,"finite stochastic channel probe; scope limited to declared channel, distinction, decoder, threshold, and formal-consumption measurements"
dec::output_marginal_matched_uniform::D_trivial::E_joint::bayes_optimal_decoder,00,*,bayes_optimal_decoder,"finite stochastic channel probe; scope limited to declared channel, distinction, decoder, threshold, and formal-consumption measurements"
dec::output_marginal_matched_uniform::D_trivial::E_joint::bayes_optimal_decoder,01,*,bayes_optimal_decoder,"finite stochastic channel probe; scope limited to declared channel, distinction, decoder, threshold, and formal-consumption measurements"
dec::output_marginal_matched_uniform::D_trivial::E_joint::bayes_optimal_decoder,10,*,bayes_optimal_decoder,"finite stochastic channel probe; scope limited to declared channel, distinction, decoder, threshold, and formal-consumption measurements"
dec::output_marginal_matched_uniform::D_trivial::E_joint::bayes_optimal_decoder,11,*,bayes_optimal_decoder,"finite stochastic channel probe; scope limited to declared channel, distinction, decoder, threshold, and formal-consumption measurements"
dec::output_marginal_matched_uniform::D_trivial::E_joint::exact_decoder,00,*,exact_decoder,"finite stochastic channel probe; scope limited to declared channel, distinction, decoder, threshold, and formal-consumption measurements"
dec::output_marginal_matched_uniform::D_trivial::E_joint::exact_decoder,01,*,exact_decoder,"finite stochastic channel probe; scope limited to declared channel, distinction, decoder, threshold, and formal-consumption measurements"
dec::output_marginal_matched_uniform::D_trivial::E_joint::exact_decoder,10,*,exact_decoder,"finite stochastic channel probe; scope limited to declared channel, distinction, decoder, threshold, and formal-consumption measurements"
dec::output_marginal_matched_uniform::D_trivial::E_joint::exact_decoder,11,*,exact_decoder,"finite stochastic channel probe; scope limited to declared channel, distinction, decoder, threshold, and formal-consumption measurements"
dec::output_marginal_matched_uniform::D_trivial::E_parity::bayes_optimal_decoder,0,*,bayes_optimal_decoder,"finite stochastic channel probe; scope limited to declared channel, distinction, decoder, threshold, and formal-consumption measurements"
dec::output_marginal_matched_uniform::D_trivial::E_parity::bayes_optimal_decoder,1,*,bayes_optimal_decoder,"finite stochastic channel probe; scope limited to declared channel, distinction, decoder, threshold, and formal-consumption measurements"
dec::output_marginal_matched_uniform::D_trivial::E_parity::exact_decoder,0,*,exact_decoder,"finite stochastic channel probe; scope limited to declared channel, distinction, decoder, threshold, and formal-consumption measurements"
dec::output_marginal_matched_uniform::D_trivial::E_parity::exact_decoder,1,*,exact_decoder,"finite stochastic channel probe; scope limited to declared channel, distinction, decoder, threshold, and formal-consumption measurements"
dec::output_marginal_matched_uniform::D_trivial::E_trivial::bayes_optimal_decoder,*,*,bayes_optimal_decoder,"finite stochastic channel probe; scope limited to declared channel, distinction, decoder, threshold, and formal-consumption measurements"
dec::output_marginal_matched_uniform::D_trivial::E_trivial::exact_decoder,*,*,exact_decoder,"finite stochastic channel probe; scope limited to declared channel, distinction, decoder, threshold, and formal-consumption measurements"
dec::output_marginal_matched_uniform::D_trivial::E_trivial::declared_decoder,*,*,declared_decoder,"finite stochastic channel probe; scope limited to declared channel, distinction, decoder, threshold, and formal-consumption measurements"
dec::random_channel_same_output_entropy_seed_17::D_A::E_A::bayes_optimal_decoder,0,1,bayes_optimal_decoder,"finite stochastic channel probe; scope limited to declared channel, distinction, decoder, threshold, and formal-consumption measurements"
dec::random_channel_same_output_entropy_seed_17::D_A::E_A::bayes_optimal_decoder,1,0,bayes_optimal_decoder,"finite stochastic channel probe; scope limited to declared channel, distinction, decoder, threshold, and formal-consumption measurements"
dec::random_channel_same_output_entropy_seed_17::D_A::E_A::declared_decoder,0,0,declared_decoder,"finite stochastic channel probe; scope limited to declared channel, distinction, decoder, threshold, and formal-consumption measurements"
dec::random_channel_same_output_entropy_seed_17::D_A::E_A::declared_decoder,1,1,declared_decoder,"finite stochastic channel probe; scope limited to declared channel, distinction, decoder, threshold, and formal-consumption measurements"
dec::random_channel_same_output_entropy_seed_17::D_A::E_B::bayes_optimal_decoder,0,1,bayes_optimal_decoder,"finite stochastic channel probe; scope limited to declared channel, distinction, decoder, threshold, and formal-consumption measurements"
dec::random_channel_same_output_entropy_seed_17::D_A::E_B::bayes_optimal_decoder,1,1,bayes_optimal_decoder,"finite stochastic channel probe; scope limited to declared channel, distinction, decoder, threshold, and formal-consumption measurements"
dec::random_channel_same_output_entropy_seed_17::D_A::E_B::declared_decoder,0,0,declared_decoder,"finite stochastic channel probe; scope limited to declared channel, distinction, decoder, threshold, and formal-consumption measurements"
dec::random_channel_same_output_entropy_seed_17::D_A::E_B::declared_decoder,1,1,declared_decoder,"finite stochastic channel probe; scope limited to declared channel, distinction, decoder, threshold, and formal-consumption measurements"
dec::random_channel_same_output_entropy_seed_17::D_A::E_joint::bayes_optimal_decoder,00,1,bayes_optimal_decoder,"finite stochastic channel probe; scope limited to declared channel, distinction, decoder, threshold, and formal-consumption measurements"
dec::random_channel_same_output_entropy_seed_17::D_A::E_joint::bayes_optimal_decoder,01,0,bayes_optimal_decoder,"finite stochastic channel probe; scope limited to declared channel, distinction, decoder, threshold, and formal-consumption measurements"
dec::random_channel_same_output_entropy_seed_17::D_A::E_joint::bayes_optimal_decoder,10,0,bayes_optimal_decoder,"finite stochastic channel probe; scope limited to declared channel, distinction, decoder, threshold, and formal-consumption measurements"
dec::random_channel_same_output_entropy_seed_17::D_A::E_joint::bayes_optimal_decoder,11,1,bayes_optimal_decoder,"finite stochastic channel probe; scope limited to declared channel, distinction, decoder, threshold, and formal-consumption measurements"
dec::random_channel_same_output_entropy_seed_17::D_A::E_parity::bayes_optimal_decoder,0,1,bayes_optimal_decoder,"finite stochastic channel probe; scope limited to declared channel, distinction, decoder, threshold, and formal-consumption measurements"
dec::random_channel_same_output_entropy_seed_17::D_A::E_parity::bayes_optimal_decoder,1,0,bayes_optimal_decoder,"finite stochastic channel probe; scope limited to declared channel, distinction, decoder, threshold, and formal-consumption measurements"
dec::random_channel_same_output_entropy_seed_17::D_A::E_parity::declared_decoder,0,0,declared_decoder,"finite stochastic channel probe; scope limited to declared channel, distinction, decoder, threshold, and formal-consumption measurements"
dec::random_channel_same_output_entropy_seed_17::D_A::E_parity::declared_decoder,1,1,declared_decoder,"finite stochastic channel probe; scope limited to declared channel, distinction, decoder, threshold, and formal-consumption measurements"
dec::random_channel_same_output_entropy_seed_17::D_A::E_trivial::bayes_optimal_decoder,*,1,bayes_optimal_decoder,"finite stochastic channel probe; scope limited to declared channel, distinction, decoder, threshold, and formal-consumption measurements"
dec::random_channel_same_output_entropy_seed_17::D_B::E_A::bayes_optimal_decoder,0,1,bayes_optimal_decoder,"finite stochastic channel probe; scope limited to declared channel, distinction, decoder, threshold, and formal-consumption measurements"
dec::random_channel_same_output_entropy_seed_17::D_B::E_A::bayes_optimal_decoder,1,1,bayes_optimal_decoder,"finite stochastic channel probe; scope limited to declared channel, distinction, decoder, threshold, and formal-consumption measurements"
dec::random_channel_same_output_entropy_seed_17::D_B::E_A::declared_decoder,0,0,declared_decoder,"finite stochastic channel probe; scope limited to declared channel, distinction, decoder, threshold, and formal-consumption measurements"
dec::random_channel_same_output_entropy_seed_17::D_B::E_A::declared_decoder,1,1,declared_decoder,"finite stochastic channel probe; scope limited to declared channel, distinction, decoder, threshold, and formal-consumption measurements"
dec::random_channel_same_output_entropy_seed_17::D_B::E_B::bayes_optimal_decoder,0,1,bayes_optimal_decoder,"finite stochastic channel probe; scope limited to declared channel, distinction, decoder, threshold, and formal-consumption measurements"
dec::random_channel_same_output_entropy_seed_17::D_B::E_B::bayes_optimal_decoder,1,0,bayes_optimal_decoder,"finite stochastic channel probe; scope limited to declared channel, distinction, decoder, threshold, and formal-consumption measurements"
dec::random_channel_same_output_entropy_seed_17::D_B::E_B::declared_decoder,0,0,declared_decoder,"finite stochastic channel probe; scope limited to declared channel, distinction, decoder, threshold, and formal-consumption measurements"
dec::random_channel_same_output_entropy_seed_17::D_B::E_B::declared_decoder,1,1,declared_decoder,"finite stochastic channel probe; scope limited to declared channel, distinction, decoder, threshold, and formal-consumption measurements"
dec::random_channel_same_output_entropy_seed_17::D_B::E_joint::bayes_optimal_decoder,00,1,bayes_optimal_decoder,"finite stochastic channel probe; scope limited to declared channel, distinction, decoder, threshold, and formal-consumption measurements"
dec::random_channel_same_output_entropy_seed_17::D_B::E_joint::bayes_optimal_decoder,01,0,bayes_optimal_decoder,"finite stochastic channel probe; scope limited to declared channel, distinction, decoder, threshold, and formal-consumption measurements"
dec::random_channel_same_output_entropy_seed_17::D_B::E_joint::bayes_optimal_decoder,10,1,bayes_optimal_decoder,"finite stochastic channel probe; scope limited to declared channel, distinction, decoder, threshold, and formal-consumption measurements"
dec::random_channel_same_output_entropy_seed_17::D_B::E_joint::bayes_optimal_decoder,11,0,bayes_optimal_decoder,"finite stochastic channel probe; scope limited to declared channel, distinction, decoder, threshold, and formal-consumption measurements"
dec::random_channel_same_output_entropy_seed_17::D_B::E_parity::bayes_optimal_decoder,0,1,bayes_optimal_decoder,"finite stochastic channel probe; scope limited to declared channel, distinction, decoder, threshold, and formal-consumption measurements"
dec::random_channel_same_output_entropy_seed_17::D_B::E_parity::bayes_optimal_decoder,1,1,bayes_optimal_decoder,"finite stochastic channel probe; scope limited to declared channel, distinction, decoder, threshold, and formal-consumption measurements"
dec::random_channel_same_output_entropy_seed_17::D_B::E_parity::declared_decoder,0,0,declared_decoder,"finite stochastic channel probe; scope limited to declared channel, distinction, decoder, threshold, and formal-consumption measurements"
dec::random_channel_same_output_entropy_seed_17::D_B::E_parity::declared_decoder,1,1,declared_decoder,"finite stochastic channel probe; scope limited to declared channel, distinction, decoder, threshold, and formal-consumption measurements"
dec::random_channel_same_output_entropy_seed_17::D_B::E_trivial::bayes_optimal_decoder,*,1,bayes_optimal_decoder,"finite stochastic channel probe; scope limited to declared channel, distinction, decoder, threshold, and formal-consumption measurements"
dec::random_channel_same_output_entropy_seed_17::D_joint::E_A::bayes_optimal_decoder,0,11,bayes_optimal_decoder,"finite stochastic channel probe; scope limited to declared channel, distinction, decoder, threshold, and formal-consumption measurements"
dec::random_channel_same_output_entropy_seed_17::D_joint::E_A::bayes_optimal_decoder,1,01,bayes_optimal_decoder,"finite stochastic channel probe; scope limited to declared channel, distinction, decoder, threshold, and formal-consumption measurements"
dec::random_channel_same_output_entropy_seed_17::D_joint::E_B::bayes_optimal_decoder,0,11,bayes_optimal_decoder,"finite stochastic channel probe; scope limited to declared channel, distinction, decoder, threshold, and formal-consumption measurements"
dec::random_channel_same_output_entropy_seed_17::D_joint::E_B::bayes_optimal_decoder,1,10,bayes_optimal_decoder,"finite stochastic channel probe; scope limited to declared channel, distinction, decoder, threshold, and formal-consumption measurements"
dec::random_channel_same_output_entropy_seed_17::D_joint::E_joint::bayes_optimal_decoder,00,11,bayes_optimal_decoder,"finite stochastic channel probe; scope limited to declared channel, distinction, decoder, threshold, and formal-consumption measurements"
dec::random_channel_same_output_entropy_seed_17::D_joint::E_joint::bayes_optimal_decoder,01,00,bayes_optimal_decoder,"finite stochastic channel probe; scope limited to declared channel, distinction, decoder, threshold, and formal-consumption measurements"
dec::random_channel_same_output_entropy_seed_17::D_joint::E_joint::bayes_optimal_decoder,10,01,bayes_optimal_decoder,"finite stochastic channel probe; scope limited to declared channel, distinction, decoder, threshold, and formal-consumption measurements"
dec::random_channel_same_output_entropy_seed_17::D_joint::E_joint::bayes_optimal_decoder,11,10,bayes_optimal_decoder,"finite stochastic channel probe; scope limited to declared channel, distinction, decoder, threshold, and formal-consumption measurements"
dec::random_channel_same_output_entropy_seed_17::D_joint::E_joint::declared_decoder,00,00,declared_decoder,"finite stochastic channel probe; scope limited to declared channel, distinction, decoder, threshold, and formal-consumption measurements"
dec::random_channel_same_output_entropy_seed_17::D_joint::E_joint::declared_decoder,01,01,declared_decoder,"finite stochastic channel probe; scope limited to declared channel, distinction, decoder, threshold, and formal-consumption measurements"
dec::random_channel_same_output_entropy_seed_17::D_joint::E_joint::declared_decoder,10,10,declared_decoder,"finite stochastic channel probe; scope limited to declared channel, distinction, decoder, threshold, and formal-consumption measurements"
dec::random_channel_same_output_entropy_seed_17::D_joint::E_joint::declared_decoder,11,11,declared_decoder,"finite stochastic channel probe; scope limited to declared channel, distinction, decoder, threshold, and formal-consumption measurements"
dec::random_channel_same_output_entropy_seed_17::D_joint::E_parity::bayes_optimal_decoder,0,10,bayes_optimal_decoder,"finite stochastic channel probe; scope limited to declared channel, distinction, decoder, threshold, and formal-consumption measurements"
dec::random_channel_same_output_entropy_seed_17::D_joint::E_parity::bayes_optimal_decoder,1,00,bayes_optimal_decoder,"finite stochastic channel probe; scope limited to declared channel, distinction, decoder, threshold, and formal-consumption measurements"
dec::random_channel_same_output_entropy_seed_17::D_joint::E_trivial::bayes_optimal_decoder,*,11,bayes_optimal_decoder,"finite stochastic channel probe; scope limited to declared channel, distinction, decoder, threshold, and formal-consumption measurements"
dec::random_channel_same_output_entropy_seed_17::D_parity::E_A::bayes_optimal_decoder,0,0,bayes_optimal_decoder,"finite stochastic channel probe; scope limited to declared channel, distinction, decoder, threshold, and formal-consumption measurements"
dec::random_channel_same_output_entropy_seed_17::D_parity::E_A::bayes_optimal_decoder,1,1,bayes_optimal_decoder,"finite stochastic channel probe; scope limited to declared channel, distinction, decoder, threshold, and formal-consumption measurements"
dec::random_channel_same_output_entropy_seed_17::D_parity::E_A::declared_decoder,0,0,declared_decoder,"finite stochastic channel probe; scope limited to declared channel, distinction, decoder, threshold, and formal-consumption measurements"
dec::random_channel_same_output_entropy_seed_17::D_parity::E_A::declared_decoder,1,1,declared_decoder,"finite stochastic channel probe; scope limited to declared channel, distinction, decoder, threshold, and formal-consumption measurements"
dec::random_channel_same_output_entropy_seed_17::D_parity::E_B::bayes_optimal_decoder,0,1,bayes_optimal_decoder,"finite stochastic channel probe; scope limited to declared channel, distinction, decoder, threshold, and formal-consumption measurements"
dec::random_channel_same_output_entropy_seed_17::D_parity::E_B::bayes_optimal_decoder,1,1,bayes_optimal_decoder,"finite stochastic channel probe; scope limited to declared channel, distinction, decoder, threshold, and formal-consumption measurements"
dec::random_channel_same_output_entropy_seed_17::D_parity::E_B::declared_decoder,0,0,declared_decoder,"finite stochastic channel probe; scope limited to declared channel, distinction, decoder, threshold, and formal-consumption measurements"
dec::random_channel_same_output_entropy_seed_17::D_parity::E_B::declared_decoder,1,1,declared_decoder,"finite stochastic channel probe; scope limited to declared channel, distinction, decoder, threshold, and formal-consumption measurements"
dec::random_channel_same_output_entropy_seed_17::D_parity::E_joint::bayes_optimal_decoder,00,0,bayes_optimal_decoder,"finite stochastic channel probe; scope limited to declared channel, distinction, decoder, threshold, and formal-consumption measurements"
dec::random_channel_same_output_entropy_seed_17::D_parity::E_joint::bayes_optimal_decoder,01,0,bayes_optimal_decoder,"finite stochastic channel probe; scope limited to declared channel, distinction, decoder, threshold, and formal-consumption measurements"
dec::random_channel_same_output_entropy_seed_17::D_parity::E_joint::bayes_optimal_decoder,10,1,bayes_optimal_decoder,"finite stochastic channel probe; scope limited to declared channel, distinction, decoder, threshold, and formal-consumption measurements"
dec::random_channel_same_output_entropy_seed_17::D_parity::E_joint::bayes_optimal_decoder,11,1,bayes_optimal_decoder,"finite stochastic channel probe; scope limited to declared channel, distinction, decoder, threshold, and formal-consumption measurements"
dec::random_channel_same_output_entropy_seed_17::D_parity::E_parity::bayes_optimal_decoder,0,1,bayes_optimal_decoder,"finite stochastic channel probe; scope limited to declared channel, distinction, decoder, threshold, and formal-consumption measurements"
dec::random_channel_same_output_entropy_seed_17::D_parity::E_parity::bayes_optimal_decoder,1,0,bayes_optimal_decoder,"finite stochastic channel probe; scope limited to declared channel, distinction, decoder, threshold, and formal-consumption measurements"
dec::random_channel_same_output_entropy_seed_17::D_parity::E_parity::declared_decoder,0,0,declared_decoder,"finite stochastic channel probe; scope limited to declared channel, distinction, decoder, threshold, and formal-consumption measurements"
dec::random_channel_same_output_entropy_seed_17::D_parity::E_parity::declared_decoder,1,1,declared_decoder,"finite stochastic channel probe; scope limited to declared channel, distinction, decoder, threshold, and formal-consumption measurements"
dec::random_channel_same_output_entropy_seed_17::D_parity::E_trivial::bayes_optimal_decoder,*,1,bayes_optimal_decoder,"finite stochastic channel probe; scope limited to declared channel, distinction, decoder, threshold, and formal-consumption measurements"
dec::random_channel_same_output_entropy_seed_17::D_trivial::E_A::bayes_optimal_decoder,0,*,bayes_optimal_decoder,"finite stochastic channel probe; scope limited to declared channel, distinction, decoder, threshold, and formal-consumption measurements"
dec::random_channel_same_output_entropy_seed_17::D_trivial::E_A::bayes_optimal_decoder,1,*,bayes_optimal_decoder,"finite stochastic channel probe; scope limited to declared channel, distinction, decoder, threshold, and formal-consumption measurements"
dec::random_channel_same_output_entropy_seed_17::D_trivial::E_A::exact_decoder,0,*,exact_decoder,"finite stochastic channel probe; scope limited to declared channel, distinction, decoder, threshold, and formal-consumption measurements"
dec::random_channel_same_output_entropy_seed_17::D_trivial::E_A::exact_decoder,1,*,exact_decoder,"finite stochastic channel probe; scope limited to declared channel, distinction, decoder, threshold, and formal-consumption measurements"
dec::random_channel_same_output_entropy_seed_17::D_trivial::E_B::bayes_optimal_decoder,0,*,bayes_optimal_decoder,"finite stochastic channel probe; scope limited to declared channel, distinction, decoder, threshold, and formal-consumption measurements"
dec::random_channel_same_output_entropy_seed_17::D_trivial::E_B::bayes_optimal_decoder,1,*,bayes_optimal_decoder,"finite stochastic channel probe; scope limited to declared channel, distinction, decoder, threshold, and formal-consumption measurements"
dec::random_channel_same_output_entropy_seed_17::D_trivial::E_B::exact_decoder,0,*,exact_decoder,"finite stochastic channel probe; scope limited to declared channel, distinction, decoder, threshold, and formal-consumption measurements"
dec::random_channel_same_output_entropy_seed_17::D_trivial::E_B::exact_decoder,1,*,exact_decoder,"finite stochastic channel probe; scope limited to declared channel, distinction, decoder, threshold, and formal-consumption measurements"
dec::random_channel_same_output_entropy_seed_17::D_trivial::E_joint::bayes_optimal_decoder,00,*,bayes_optimal_decoder,"finite stochastic channel probe; scope limited to declared channel, distinction, decoder, threshold, and formal-consumption measurements"
dec::random_channel_same_output_entropy_seed_17::D_trivial::E_joint::bayes_optimal_decoder,01,*,bayes_optimal_decoder,"finite stochastic channel probe; scope limited to declared channel, distinction, decoder, threshold, and formal-consumption measurements"
dec::random_channel_same_output_entropy_seed_17::D_trivial::E_joint::bayes_optimal_decoder,10,*,bayes_optimal_decoder,"finite stochastic channel probe; scope limited to declared channel, distinction, decoder, threshold, and formal-consumption measurements"
dec::random_channel_same_output_entropy_seed_17::D_trivial::E_joint::bayes_optimal_decoder,11,*,bayes_optimal_decoder,"finite stochastic channel probe; scope limited to declared channel, distinction, decoder, threshold, and formal-consumption measurements"
dec::random_channel_same_output_entropy_seed_17::D_trivial::E_joint::exact_decoder,00,*,exact_decoder,"finite stochastic channel probe; scope limited to declared channel, distinction, decoder, threshold, and formal-consumption measurements"
dec::random_channel_same_output_entropy_seed_17::D_trivial::E_joint::exact_decoder,01,*,exact_decoder,"finite stochastic channel probe; scope limited to declared channel, distinction, decoder, threshold, and formal-consumption measurements"
dec::random_channel_same_output_entropy_seed_17::D_trivial::E_joint::exact_decoder,10,*,exact_decoder,"finite stochastic channel probe; scope limited to declared channel, distinction, decoder, threshold, and formal-consumption measurements"
dec::random_channel_same_output_entropy_seed_17::D_trivial::E_joint::exact_decoder,11,*,exact_decoder,"finite stochastic channel probe; scope limited to declared channel, distinction, decoder, threshold, and formal-consumption measurements"
dec::random_channel_same_output_entropy_seed_17::D_trivial::E_parity::bayes_optimal_decoder,0,*,bayes_optimal_decoder,"finite stochastic channel probe; scope limited to declared channel, distinction, decoder, threshold, and formal-consumption measurements"
dec::random_channel_same_output_entropy_seed_17::D_trivial::E_parity::bayes_optimal_decoder,1,*,bayes_optimal_decoder,"finite stochastic channel probe; scope limited to declared channel, distinction, decoder, threshold, and formal-consumption measurements"
dec::random_channel_same_output_entropy_seed_17::D_trivial::E_parity::exact_decoder,0,*,exact_decoder,"finite stochastic channel probe; scope limited to declared channel, distinction, decoder, threshold, and formal-consumption measurements"
dec::random_channel_same_output_entropy_seed_17::D_trivial::E_parity::exact_decoder,1,*,exact_decoder,"finite stochastic channel probe; scope limited to declared channel, distinction, decoder, threshold, and formal-consumption measurements"
dec::random_channel_same_output_entropy_seed_17::D_trivial::E_trivial::bayes_optimal_decoder,*,*,bayes_optimal_decoder,"finite stochastic channel probe; scope limited to declared channel, distinction, decoder, threshold, and formal-consumption measurements"
dec::random_channel_same_output_entropy_seed_17::D_trivial::E_trivial::exact_decoder,*,*,exact_decoder,"finite stochastic channel probe; scope limited to declared channel, distinction, decoder, threshold, and formal-consumption measurements"
dec::random_channel_same_output_entropy_seed_17::D_trivial::E_trivial::declared_decoder,*,*,declared_decoder,"finite stochastic channel probe; scope limited to declared channel, distinction, decoder, threshold, and formal-consumption measurements"
dec::y2_identity_channel::E_A::E_A::bayes_optimal_decoder,0,0,bayes_optimal_decoder,"finite stochastic channel probe; scope limited to declared channel, distinction, decoder, threshold, and formal-consumption measurements"
dec::y2_identity_channel::E_A::E_A::bayes_optimal_decoder,1,1,bayes_optimal_decoder,"finite stochastic channel probe; scope limited to declared channel, distinction, decoder, threshold, and formal-consumption measurements"
dec::y2_identity_channel::E_A::E_A::exact_decoder,0,0,exact_decoder,"finite stochastic channel probe; scope limited to declared channel, distinction, decoder, threshold, and formal-consumption measurements"
dec::y2_identity_channel::E_A::E_A::exact_decoder,1,1,exact_decoder,"finite stochastic channel probe; scope limited to declared channel, distinction, decoder, threshold, and formal-consumption measurements"
dec::y2_identity_channel::E_A::E_A::declared_decoder,0,0,declared_decoder,"finite stochastic channel probe; scope limited to declared channel, distinction, decoder, threshold, and formal-consumption measurements"
dec::y2_identity_channel::E_A::E_A::declared_decoder,1,1,declared_decoder,"finite stochastic channel probe; scope limited to declared channel, distinction, decoder, threshold, and formal-consumption measurements"
dec::y2_identity_channel::E_A::E_B::bayes_optimal_decoder,0,1,bayes_optimal_decoder,"finite stochastic channel probe; scope limited to declared channel, distinction, decoder, threshold, and formal-consumption measurements"
dec::y2_identity_channel::E_A::E_B::bayes_optimal_decoder,1,1,bayes_optimal_decoder,"finite stochastic channel probe; scope limited to declared channel, distinction, decoder, threshold, and formal-consumption measurements"
dec::y2_identity_channel::E_A::E_B::declared_decoder,0,0,declared_decoder,"finite stochastic channel probe; scope limited to declared channel, distinction, decoder, threshold, and formal-consumption measurements"
dec::y2_identity_channel::E_A::E_B::declared_decoder,1,1,declared_decoder,"finite stochastic channel probe; scope limited to declared channel, distinction, decoder, threshold, and formal-consumption measurements"
dec::y2_identity_channel::E_A::E_joint::bayes_optimal_decoder,00,0,bayes_optimal_decoder,"finite stochastic channel probe; scope limited to declared channel, distinction, decoder, threshold, and formal-consumption measurements"
dec::y2_identity_channel::E_A::E_joint::bayes_optimal_decoder,01,0,bayes_optimal_decoder,"finite stochastic channel probe; scope limited to declared channel, distinction, decoder, threshold, and formal-consumption measurements"
dec::y2_identity_channel::E_A::E_joint::bayes_optimal_decoder,10,1,bayes_optimal_decoder,"finite stochastic channel probe; scope limited to declared channel, distinction, decoder, threshold, and formal-consumption measurements"
dec::y2_identity_channel::E_A::E_joint::bayes_optimal_decoder,11,1,bayes_optimal_decoder,"finite stochastic channel probe; scope limited to declared channel, distinction, decoder, threshold, and formal-consumption measurements"
dec::y2_identity_channel::E_A::E_joint::exact_decoder,00,0,exact_decoder,"finite stochastic channel probe; scope limited to declared channel, distinction, decoder, threshold, and formal-consumption measurements"
dec::y2_identity_channel::E_A::E_joint::exact_decoder,01,0,exact_decoder,"finite stochastic channel probe; scope limited to declared channel, distinction, decoder, threshold, and formal-consumption measurements"
dec::y2_identity_channel::E_A::E_joint::exact_decoder,10,1,exact_decoder,"finite stochastic channel probe; scope limited to declared channel, distinction, decoder, threshold, and formal-consumption measurements"
dec::y2_identity_channel::E_A::E_joint::exact_decoder,11,1,exact_decoder,"finite stochastic channel probe; scope limited to declared channel, distinction, decoder, threshold, and formal-consumption measurements"
dec::y2_identity_channel::E_A::E_parity::bayes_optimal_decoder,0,1,bayes_optimal_decoder,"finite stochastic channel probe; scope limited to declared channel, distinction, decoder, threshold, and formal-consumption measurements"
dec::y2_identity_channel::E_A::E_parity::bayes_optimal_decoder,1,1,bayes_optimal_decoder,"finite stochastic channel probe; scope limited to declared channel, distinction, decoder, threshold, and formal-consumption measurements"
dec::y2_identity_channel::E_A::E_parity::declared_decoder,0,0,declared_decoder,"finite stochastic channel probe; scope limited to declared channel, distinction, decoder, threshold, and formal-consumption measurements"
dec::y2_identity_channel::E_A::E_parity::declared_decoder,1,1,declared_decoder,"finite stochastic channel probe; scope limited to declared channel, distinction, decoder, threshold, and formal-consumption measurements"
dec::y2_identity_channel::E_A::E_trivial::bayes_optimal_decoder,*,1,bayes_optimal_decoder,"finite stochastic channel probe; scope limited to declared channel, distinction, decoder, threshold, and formal-consumption measurements"
dec::y2_identity_channel::E_B::E_A::bayes_optimal_decoder,0,1,bayes_optimal_decoder,"finite stochastic channel probe; scope limited to declared channel, distinction, decoder, threshold, and formal-consumption measurements"
dec::y2_identity_channel::E_B::E_A::bayes_optimal_decoder,1,1,bayes_optimal_decoder,"finite stochastic channel probe; scope limited to declared channel, distinction, decoder, threshold, and formal-consumption measurements"
dec::y2_identity_channel::E_B::E_A::declared_decoder,0,0,declared_decoder,"finite stochastic channel probe; scope limited to declared channel, distinction, decoder, threshold, and formal-consumption measurements"
dec::y2_identity_channel::E_B::E_A::declared_decoder,1,1,declared_decoder,"finite stochastic channel probe; scope limited to declared channel, distinction, decoder, threshold, and formal-consumption measurements"
dec::y2_identity_channel::E_B::E_B::bayes_optimal_decoder,0,0,bayes_optimal_decoder,"finite stochastic channel probe; scope limited to declared channel, distinction, decoder, threshold, and formal-consumption measurements"
dec::y2_identity_channel::E_B::E_B::bayes_optimal_decoder,1,1,bayes_optimal_decoder,"finite stochastic channel probe; scope limited to declared channel, distinction, decoder, threshold, and formal-consumption measurements"
dec::y2_identity_channel::E_B::E_B::exact_decoder,0,0,exact_decoder,"finite stochastic channel probe; scope limited to declared channel, distinction, decoder, threshold, and formal-consumption measurements"
dec::y2_identity_channel::E_B::E_B::exact_decoder,1,1,exact_decoder,"finite stochastic channel probe; scope limited to declared channel, distinction, decoder, threshold, and formal-consumption measurements"
dec::y2_identity_channel::E_B::E_B::declared_decoder,0,0,declared_decoder,"finite stochastic channel probe; scope limited to declared channel, distinction, decoder, threshold, and formal-consumption measurements"
dec::y2_identity_channel::E_B::E_B::declared_decoder,1,1,declared_decoder,"finite stochastic channel probe; scope limited to declared channel, distinction, decoder, threshold, and formal-consumption measurements"
dec::y2_identity_channel::E_B::E_joint::bayes_optimal_decoder,00,0,bayes_optimal_decoder,"finite stochastic channel probe; scope limited to declared channel, distinction, decoder, threshold, and formal-consumption measurements"
dec::y2_identity_channel::E_B::E_joint::bayes_optimal_decoder,01,1,bayes_optimal_decoder,"finite stochastic channel probe; scope limited to declared channel, distinction, decoder, threshold, and formal-consumption measurements"
dec::y2_identity_channel::E_B::E_joint::bayes_optimal_decoder,10,0,bayes_optimal_decoder,"finite stochastic channel probe; scope limited to declared channel, distinction, decoder, threshold, and formal-consumption measurements"
dec::y2_identity_channel::E_B::E_joint::bayes_optimal_decoder,11,1,bayes_optimal_decoder,"finite stochastic channel probe; scope limited to declared channel, distinction, decoder, threshold, and formal-consumption measurements"
dec::y2_identity_channel::E_B::E_joint::exact_decoder,00,0,exact_decoder,"finite stochastic channel probe; scope limited to declared channel, distinction, decoder, threshold, and formal-consumption measurements"
dec::y2_identity_channel::E_B::E_joint::exact_decoder,01,1,exact_decoder,"finite stochastic channel probe; scope limited to declared channel, distinction, decoder, threshold, and formal-consumption measurements"
dec::y2_identity_channel::E_B::E_joint::exact_decoder,10,0,exact_decoder,"finite stochastic channel probe; scope limited to declared channel, distinction, decoder, threshold, and formal-consumption measurements"
dec::y2_identity_channel::E_B::E_joint::exact_decoder,11,1,exact_decoder,"finite stochastic channel probe; scope limited to declared channel, distinction, decoder, threshold, and formal-consumption measurements"
dec::y2_identity_channel::E_B::E_parity::bayes_optimal_decoder,0,1,bayes_optimal_decoder,"finite stochastic channel probe; scope limited to declared channel, distinction, decoder, threshold, and formal-consumption measurements"
dec::y2_identity_channel::E_B::E_parity::bayes_optimal_decoder,1,1,bayes_optimal_decoder,"finite stochastic channel probe; scope limited to declared channel, distinction, decoder, threshold, and formal-consumption measurements"
dec::y2_identity_channel::E_B::E_parity::declared_decoder,0,0,declared_decoder,"finite stochastic channel probe; scope limited to declared channel, distinction, decoder, threshold, and formal-consumption measurements"
dec::y2_identity_channel::E_B::E_parity::declared_decoder,1,1,declared_decoder,"finite stochastic channel probe; scope limited to declared channel, distinction, decoder, threshold, and formal-consumption measurements"
dec::y2_identity_channel::E_B::E_trivial::bayes_optimal_decoder,*,1,bayes_optimal_decoder,"finite stochastic channel probe; scope limited to declared channel, distinction, decoder, threshold, and formal-consumption measurements"
dec::y2_identity_channel::E_joint::E_A::bayes_optimal_decoder,0,01,bayes_optimal_decoder,"finite stochastic channel probe; scope limited to declared channel, distinction, decoder, threshold, and formal-consumption measurements"
dec::y2_identity_channel::E_joint::E_A::bayes_optimal_decoder,1,11,bayes_optimal_decoder,"finite stochastic channel probe; scope limited to declared channel, distinction, decoder, threshold, and formal-consumption measurements"
dec::y2_identity_channel::E_joint::E_B::bayes_optimal_decoder,0,10,bayes_optimal_decoder,"finite stochastic channel probe; scope limited to declared channel, distinction, decoder, threshold, and formal-consumption measurements"
dec::y2_identity_channel::E_joint::E_B::bayes_optimal_decoder,1,11,bayes_optimal_decoder,"finite stochastic channel probe; scope limited to declared channel, distinction, decoder, threshold, and formal-consumption measurements"
dec::y2_identity_channel::E_joint::E_joint::bayes_optimal_decoder,00,00,bayes_optimal_decoder,"finite stochastic channel probe; scope limited to declared channel, distinction, decoder, threshold, and formal-consumption measurements"
dec::y2_identity_channel::E_joint::E_joint::bayes_optimal_decoder,01,01,bayes_optimal_decoder,"finite stochastic channel probe; scope limited to declared channel, distinction, decoder, threshold, and formal-consumption measurements"
dec::y2_identity_channel::E_joint::E_joint::bayes_optimal_decoder,10,10,bayes_optimal_decoder,"finite stochastic channel probe; scope limited to declared channel, distinction, decoder, threshold, and formal-consumption measurements"
dec::y2_identity_channel::E_joint::E_joint::bayes_optimal_decoder,11,11,bayes_optimal_decoder,"finite stochastic channel probe; scope limited to declared channel, distinction, decoder, threshold, and formal-consumption measurements"
dec::y2_identity_channel::E_joint::E_joint::exact_decoder,00,00,exact_decoder,"finite stochastic channel probe; scope limited to declared channel, distinction, decoder, threshold, and formal-consumption measurements"
dec::y2_identity_channel::E_joint::E_joint::exact_decoder,01,01,exact_decoder,"finite stochastic channel probe; scope limited to declared channel, distinction, decoder, threshold, and formal-consumption measurements"
dec::y2_identity_channel::E_joint::E_joint::exact_decoder,10,10,exact_decoder,"finite stochastic channel probe; scope limited to declared channel, distinction, decoder, threshold, and formal-consumption measurements"
dec::y2_identity_channel::E_joint::E_joint::exact_decoder,11,11,exact_decoder,"finite stochastic channel probe; scope limited to declared channel, distinction, decoder, threshold, and formal-consumption measurements"
dec::y2_identity_channel::E_joint::E_joint::declared_decoder,00,00,declared_decoder,"finite stochastic channel probe; scope limited to declared channel, distinction, decoder, threshold, and formal-consumption measurements"
dec::y2_identity_channel::E_joint::E_joint::declared_decoder,01,01,declared_decoder,"finite stochastic channel probe; scope limited to declared channel, distinction, decoder, threshold, and formal-consumption measurements"
dec::y2_identity_channel::E_joint::E_joint::declared_decoder,10,10,declared_decoder,"finite stochastic channel probe; scope limited to declared channel, distinction, decoder, threshold, and formal-consumption measurements"
dec::y2_identity_channel::E_joint::E_joint::declared_decoder,11,11,declared_decoder,"finite stochastic channel probe; scope limited to declared channel, distinction, decoder, threshold, and formal-consumption measurements"
dec::y2_identity_channel::E_joint::E_parity::bayes_optimal_decoder,0,11,bayes_optimal_decoder,"finite stochastic channel probe; scope limited to declared channel, distinction, decoder, threshold, and formal-consumption measurements"
dec::y2_identity_channel::E_joint::E_parity::bayes_optimal_decoder,1,10,bayes_optimal_decoder,"finite stochastic channel probe; scope limited to declared channel, distinction, decoder, threshold, and formal-consumption measurements"
dec::y2_identity_channel::E_joint::E_trivial::bayes_optimal_decoder,*,11,bayes_optimal_decoder,"finite stochastic channel probe; scope limited to declared channel, distinction, decoder, threshold, and formal-consumption measurements"
dec::y2_identity_channel::E_parity::E_A::bayes_optimal_decoder,0,1,bayes_optimal_decoder,"finite stochastic channel probe; scope limited to declared channel, distinction, decoder, threshold, and formal-consumption measurements"
dec::y2_identity_channel::E_parity::E_A::bayes_optimal_decoder,1,1,bayes_optimal_decoder,"finite stochastic channel probe; scope limited to declared channel, distinction, decoder, threshold, and formal-consumption measurements"
dec::y2_identity_channel::E_parity::E_A::declared_decoder,0,0,declared_decoder,"finite stochastic channel probe; scope limited to declared channel, distinction, decoder, threshold, and formal-consumption measurements"
dec::y2_identity_channel::E_parity::E_A::declared_decoder,1,1,declared_decoder,"finite stochastic channel probe; scope limited to declared channel, distinction, decoder, threshold, and formal-consumption measurements"
dec::y2_identity_channel::E_parity::E_B::bayes_optimal_decoder,0,1,bayes_optimal_decoder,"finite stochastic channel probe; scope limited to declared channel, distinction, decoder, threshold, and formal-consumption measurements"
dec::y2_identity_channel::E_parity::E_B::bayes_optimal_decoder,1,1,bayes_optimal_decoder,"finite stochastic channel probe; scope limited to declared channel, distinction, decoder, threshold, and formal-consumption measurements"
dec::y2_identity_channel::E_parity::E_B::declared_decoder,0,0,declared_decoder,"finite stochastic channel probe; scope limited to declared channel, distinction, decoder, threshold, and formal-consumption measurements"
dec::y2_identity_channel::E_parity::E_B::declared_decoder,1,1,declared_decoder,"finite stochastic channel probe; scope limited to declared channel, distinction, decoder, threshold, and formal-consumption measurements"
dec::y2_identity_channel::E_parity::E_joint::bayes_optimal_decoder,00,0,bayes_optimal_decoder,"finite stochastic channel probe; scope limited to declared channel, distinction, decoder, threshold, and formal-consumption measurements"
dec::y2_identity_channel::E_parity::E_joint::bayes_optimal_decoder,01,1,bayes_optimal_decoder,"finite stochastic channel probe; scope limited to declared channel, distinction, decoder, threshold, and formal-consumption measurements"
dec::y2_identity_channel::E_parity::E_joint::bayes_optimal_decoder,10,1,bayes_optimal_decoder,"finite stochastic channel probe; scope limited to declared channel, distinction, decoder, threshold, and formal-consumption measurements"
dec::y2_identity_channel::E_parity::E_joint::bayes_optimal_decoder,11,0,bayes_optimal_decoder,"finite stochastic channel probe; scope limited to declared channel, distinction, decoder, threshold, and formal-consumption measurements"
dec::y2_identity_channel::E_parity::E_joint::exact_decoder,00,0,exact_decoder,"finite stochastic channel probe; scope limited to declared channel, distinction, decoder, threshold, and formal-consumption measurements"
dec::y2_identity_channel::E_parity::E_joint::exact_decoder,01,1,exact_decoder,"finite stochastic channel probe; scope limited to declared channel, distinction, decoder, threshold, and formal-consumption measurements"
dec::y2_identity_channel::E_parity::E_joint::exact_decoder,10,1,exact_decoder,"finite stochastic channel probe; scope limited to declared channel, distinction, decoder, threshold, and formal-consumption measurements"
dec::y2_identity_channel::E_parity::E_joint::exact_decoder,11,0,exact_decoder,"finite stochastic channel probe; scope limited to declared channel, distinction, decoder, threshold, and formal-consumption measurements"
dec::y2_identity_channel::E_parity::E_parity::bayes_optimal_decoder,0,0,bayes_optimal_decoder,"finite stochastic channel probe; scope limited to declared channel, distinction, decoder, threshold, and formal-consumption measurements"
dec::y2_identity_channel::E_parity::E_parity::bayes_optimal_decoder,1,1,bayes_optimal_decoder,"finite stochastic channel probe; scope limited to declared channel, distinction, decoder, threshold, and formal-consumption measurements"
dec::y2_identity_channel::E_parity::E_parity::exact_decoder,0,0,exact_decoder,"finite stochastic channel probe; scope limited to declared channel, distinction, decoder, threshold, and formal-consumption measurements"
dec::y2_identity_channel::E_parity::E_parity::exact_decoder,1,1,exact_decoder,"finite stochastic channel probe; scope limited to declared channel, distinction, decoder, threshold, and formal-consumption measurements"
dec::y2_identity_channel::E_parity::E_parity::declared_decoder,0,0,declared_decoder,"finite stochastic channel probe; scope limited to declared channel, distinction, decoder, threshold, and formal-consumption measurements"
dec::y2_identity_channel::E_parity::E_parity::declared_decoder,1,1,declared_decoder,"finite stochastic channel probe; scope limited to declared channel, distinction, decoder, threshold, and formal-consumption measurements"
dec::y2_identity_channel::E_parity::E_trivial::bayes_optimal_decoder,*,1,bayes_optimal_decoder,"finite stochastic channel probe; scope limited to declared channel, distinction, decoder, threshold, and formal-consumption measurements"
dec::y2_identity_channel::E_trivial::E_A::bayes_optimal_decoder,0,*,bayes_optimal_decoder,"finite stochastic channel probe; scope limited to declared channel, distinction, decoder, threshold, and formal-consumption measurements"
dec::y2_identity_channel::E_trivial::E_A::bayes_optimal_decoder,1,*,bayes_optimal_decoder,"finite stochastic channel probe; scope limited to declared channel, distinction, decoder, threshold, and formal-consumption measurements"
dec::y2_identity_channel::E_trivial::E_A::exact_decoder,0,*,exact_decoder,"finite stochastic channel probe; scope limited to declared channel, distinction, decoder, threshold, and formal-consumption measurements"
dec::y2_identity_channel::E_trivial::E_A::exact_decoder,1,*,exact_decoder,"finite stochastic channel probe; scope limited to declared channel, distinction, decoder, threshold, and formal-consumption measurements"
dec::y2_identity_channel::E_trivial::E_B::bayes_optimal_decoder,0,*,bayes_optimal_decoder,"finite stochastic channel probe; scope limited to declared channel, distinction, decoder, threshold, and formal-consumption measurements"
dec::y2_identity_channel::E_trivial::E_B::bayes_optimal_decoder,1,*,bayes_optimal_decoder,"finite stochastic channel probe; scope limited to declared channel, distinction, decoder, threshold, and formal-consumption measurements"
dec::y2_identity_channel::E_trivial::E_B::exact_decoder,0,*,exact_decoder,"finite stochastic channel probe; scope limited to declared channel, distinction, decoder, threshold, and formal-consumption measurements"
dec::y2_identity_channel::E_trivial::E_B::exact_decoder,1,*,exact_decoder,"finite stochastic channel probe; scope limited to declared channel, distinction, decoder, threshold, and formal-consumption measurements"
dec::y2_identity_channel::E_trivial::E_joint::bayes_optimal_decoder,00,*,bayes_optimal_decoder,"finite stochastic channel probe; scope limited to declared channel, distinction, decoder, threshold, and formal-consumption measurements"
dec::y2_identity_channel::E_trivial::E_joint::bayes_optimal_decoder,01,*,bayes_optimal_decoder,"finite stochastic channel probe; scope limited to declared channel, distinction, decoder, threshold, and formal-consumption measurements"
dec::y2_identity_channel::E_trivial::E_joint::bayes_optimal_decoder,10,*,bayes_optimal_decoder,"finite stochastic channel probe; scope limited to declared channel, distinction, decoder, threshold, and formal-consumption measurements"
dec::y2_identity_channel::E_trivial::E_joint::bayes_optimal_decoder,11,*,bayes_optimal_decoder,"finite stochastic channel probe; scope limited to declared channel, distinction, decoder, threshold, and formal-consumption measurements"
dec::y2_identity_channel::E_trivial::E_joint::exact_decoder,00,*,exact_decoder,"finite stochastic channel probe; scope limited to declared channel, distinction, decoder, threshold, and formal-consumption measurements"
dec::y2_identity_channel::E_trivial::E_joint::exact_decoder,01,*,exact_decoder,"finite stochastic channel probe; scope limited to declared channel, distinction, decoder, threshold, and formal-consumption measurements"
dec::y2_identity_channel::E_trivial::E_joint::exact_decoder,10,*,exact_decoder,"finite stochastic channel probe; scope limited to declared channel, distinction, decoder, threshold, and formal-consumption measurements"
dec::y2_identity_channel::E_trivial::E_joint::exact_decoder,11,*,exact_decoder,"finite stochastic channel probe; scope limited to declared channel, distinction, decoder, threshold, and formal-consumption measurements"
dec::y2_identity_channel::E_trivial::E_parity::bayes_optimal_decoder,0,*,bayes_optimal_decoder,"finite stochastic channel probe; scope limited to declared channel, distinction, decoder, threshold, and formal-consumption measurements"
dec::y2_identity_channel::E_trivial::E_parity::bayes_optimal_decoder,1,*,bayes_optimal_decoder,"finite stochastic channel probe; scope limited to declared channel, distinction, decoder, threshold, and formal-consumption measurements"
dec::y2_identity_channel::E_trivial::E_parity::exact_decoder,0,*,exact_decoder,"finite stochastic channel probe; scope limited to declared channel, distinction, decoder, threshold, and formal-consumption measurements"
dec::y2_identity_channel::E_trivial::E_parity::exact_decoder,1,*,exact_decoder,"finite stochastic channel probe; scope limited to declared channel, distinction, decoder, threshold, and formal-consumption measurements"
dec::y2_identity_channel::E_trivial::E_trivial::bayes_optimal_decoder,*,*,bayes_optimal_decoder,"finite stochastic channel probe; scope limited to declared channel, distinction, decoder, threshold, and formal-consumption measurements"
dec::y2_identity_channel::E_trivial::E_trivial::exact_decoder,*,*,exact_decoder,"finite stochastic channel probe; scope limited to declared channel, distinction, decoder, threshold, and formal-consumption measurements"
dec::y2_identity_channel::E_trivial::E_trivial::declared_decoder,*,*,declared_decoder,"finite stochastic channel probe; scope limited to declared channel, distinction, decoder, threshold, and formal-consumption measurements"
dec::y2_bit_flip_p_0_25::E_A::E_A::bayes_optimal_decoder,0,0,bayes_optimal_decoder,"finite stochastic channel probe; scope limited to declared channel, distinction, decoder, threshold, and formal-consumption measurements"
dec::y2_bit_flip_p_0_25::E_A::E_A::bayes_optimal_decoder,1,1,bayes_optimal_decoder,"finite stochastic channel probe; scope limited to declared channel, distinction, decoder, threshold, and formal-consumption measurements"
dec::y2_bit_flip_p_0_25::E_A::E_A::declared_decoder,0,0,declared_decoder,"finite stochastic channel probe; scope limited to declared channel, distinction, decoder, threshold, and formal-consumption measurements"
dec::y2_bit_flip_p_0_25::E_A::E_A::declared_decoder,1,1,declared_decoder,"finite stochastic channel probe; scope limited to declared channel, distinction, decoder, threshold, and formal-consumption measurements"
dec::y2_bit_flip_p_0_25::E_A::E_B::bayes_optimal_decoder,0,1,bayes_optimal_decoder,"finite stochastic channel probe; scope limited to declared channel, distinction, decoder, threshold, and formal-consumption measurements"
dec::y2_bit_flip_p_0_25::E_A::E_B::bayes_optimal_decoder,1,1,bayes_optimal_decoder,"finite stochastic channel probe; scope limited to declared channel, distinction, decoder, threshold, and formal-consumption measurements"
dec::y2_bit_flip_p_0_25::E_A::E_B::declared_decoder,0,0,declared_decoder,"finite stochastic channel probe; scope limited to declared channel, distinction, decoder, threshold, and formal-consumption measurements"
dec::y2_bit_flip_p_0_25::E_A::E_B::declared_decoder,1,1,declared_decoder,"finite stochastic channel probe; scope limited to declared channel, distinction, decoder, threshold, and formal-consumption measurements"
dec::y2_bit_flip_p_0_25::E_A::E_joint::bayes_optimal_decoder,00,0,bayes_optimal_decoder,"finite stochastic channel probe; scope limited to declared channel, distinction, decoder, threshold, and formal-consumption measurements"
dec::y2_bit_flip_p_0_25::E_A::E_joint::bayes_optimal_decoder,01,0,bayes_optimal_decoder,"finite stochastic channel probe; scope limited to declared channel, distinction, decoder, threshold, and formal-consumption measurements"
dec::y2_bit_flip_p_0_25::E_A::E_joint::bayes_optimal_decoder,10,1,bayes_optimal_decoder,"finite stochastic channel probe; scope limited to declared channel, distinction, decoder, threshold, and formal-consumption measurements"
dec::y2_bit_flip_p_0_25::E_A::E_joint::bayes_optimal_decoder,11,1,bayes_optimal_decoder,"finite stochastic channel probe; scope limited to declared channel, distinction, decoder, threshold, and formal-consumption measurements"
dec::y2_bit_flip_p_0_25::E_A::E_parity::bayes_optimal_decoder,0,1,bayes_optimal_decoder,"finite stochastic channel probe; scope limited to declared channel, distinction, decoder, threshold, and formal-consumption measurements"
dec::y2_bit_flip_p_0_25::E_A::E_parity::bayes_optimal_decoder,1,1,bayes_optimal_decoder,"finite stochastic channel probe; scope limited to declared channel, distinction, decoder, threshold, and formal-consumption measurements"
dec::y2_bit_flip_p_0_25::E_A::E_parity::declared_decoder,0,0,declared_decoder,"finite stochastic channel probe; scope limited to declared channel, distinction, decoder, threshold, and formal-consumption measurements"
dec::y2_bit_flip_p_0_25::E_A::E_parity::declared_decoder,1,1,declared_decoder,"finite stochastic channel probe; scope limited to declared channel, distinction, decoder, threshold, and formal-consumption measurements"
dec::y2_bit_flip_p_0_25::E_A::E_trivial::bayes_optimal_decoder,*,1,bayes_optimal_decoder,"finite stochastic channel probe; scope limited to declared channel, distinction, decoder, threshold, and formal-consumption measurements"
dec::y2_bit_flip_p_0_25::E_B::E_A::bayes_optimal_decoder,0,1,bayes_optimal_decoder,"finite stochastic channel probe; scope limited to declared channel, distinction, decoder, threshold, and formal-consumption measurements"
dec::y2_bit_flip_p_0_25::E_B::E_A::bayes_optimal_decoder,1,1,bayes_optimal_decoder,"finite stochastic channel probe; scope limited to declared channel, distinction, decoder, threshold, and formal-consumption measurements"
dec::y2_bit_flip_p_0_25::E_B::E_A::declared_decoder,0,0,declared_decoder,"finite stochastic channel probe; scope limited to declared channel, distinction, decoder, threshold, and formal-consumption measurements"
dec::y2_bit_flip_p_0_25::E_B::E_A::declared_decoder,1,1,declared_decoder,"finite stochastic channel probe; scope limited to declared channel, distinction, decoder, threshold, and formal-consumption measurements"
dec::y2_bit_flip_p_0_25::E_B::E_B::bayes_optimal_decoder,0,0,bayes_optimal_decoder,"finite stochastic channel probe; scope limited to declared channel, distinction, decoder, threshold, and formal-consumption measurements"
dec::y2_bit_flip_p_0_25::E_B::E_B::bayes_optimal_decoder,1,1,bayes_optimal_decoder,"finite stochastic channel probe; scope limited to declared channel, distinction, decoder, threshold, and formal-consumption measurements"
dec::y2_bit_flip_p_0_25::E_B::E_B::declared_decoder,0,0,declared_decoder,"finite stochastic channel probe; scope limited to declared channel, distinction, decoder, threshold, and formal-consumption measurements"
dec::y2_bit_flip_p_0_25::E_B::E_B::declared_decoder,1,1,declared_decoder,"finite stochastic channel probe; scope limited to declared channel, distinction, decoder, threshold, and formal-consumption measurements"
dec::y2_bit_flip_p_0_25::E_B::E_joint::bayes_optimal_decoder,00,0,bayes_optimal_decoder,"finite stochastic channel probe; scope limited to declared channel, distinction, decoder, threshold, and formal-consumption measurements"
dec::y2_bit_flip_p_0_25::E_B::E_joint::bayes_optimal_decoder,01,1,bayes_optimal_decoder,"finite stochastic channel probe; scope limited to declared channel, distinction, decoder, threshold, and formal-consumption measurements"
dec::y2_bit_flip_p_0_25::E_B::E_joint::bayes_optimal_decoder,10,0,bayes_optimal_decoder,"finite stochastic channel probe; scope limited to declared channel, distinction, decoder, threshold, and formal-consumption measurements"
dec::y2_bit_flip_p_0_25::E_B::E_joint::bayes_optimal_decoder,11,1,bayes_optimal_decoder,"finite stochastic channel probe; scope limited to declared channel, distinction, decoder, threshold, and formal-consumption measurements"
dec::y2_bit_flip_p_0_25::E_B::E_parity::bayes_optimal_decoder,0,1,bayes_optimal_decoder,"finite stochastic channel probe; scope limited to declared channel, distinction, decoder, threshold, and formal-consumption measurements"
dec::y2_bit_flip_p_0_25::E_B::E_parity::bayes_optimal_decoder,1,1,bayes_optimal_decoder,"finite stochastic channel probe; scope limited to declared channel, distinction, decoder, threshold, and formal-consumption measurements"
dec::y2_bit_flip_p_0_25::E_B::E_parity::declared_decoder,0,0,declared_decoder,"finite stochastic channel probe; scope limited to declared channel, distinction, decoder, threshold, and formal-consumption measurements"
dec::y2_bit_flip_p_0_25::E_B::E_parity::declared_decoder,1,1,declared_decoder,"finite stochastic channel probe; scope limited to declared channel, distinction, decoder, threshold, and formal-consumption measurements"
dec::y2_bit_flip_p_0_25::E_B::E_trivial::bayes_optimal_decoder,*,1,bayes_optimal_decoder,"finite stochastic channel probe; scope limited to declared channel, distinction, decoder, threshold, and formal-consumption measurements"
dec::y2_bit_flip_p_0_25::E_joint::E_A::bayes_optimal_decoder,0,01,bayes_optimal_decoder,"finite stochastic channel probe; scope limited to declared channel, distinction, decoder, threshold, and formal-consumption measurements"
dec::y2_bit_flip_p_0_25::E_joint::E_A::bayes_optimal_decoder,1,11,bayes_optimal_decoder,"finite stochastic channel probe; scope limited to declared channel, distinction, decoder, threshold, and formal-consumption measurements"
dec::y2_bit_flip_p_0_25::E_joint::E_B::bayes_optimal_decoder,0,10,bayes_optimal_decoder,"finite stochastic channel probe; scope limited to declared channel, distinction, decoder, threshold, and formal-consumption measurements"
dec::y2_bit_flip_p_0_25::E_joint::E_B::bayes_optimal_decoder,1,11,bayes_optimal_decoder,"finite stochastic channel probe; scope limited to declared channel, distinction, decoder, threshold, and formal-consumption measurements"
dec::y2_bit_flip_p_0_25::E_joint::E_joint::bayes_optimal_decoder,00,00,bayes_optimal_decoder,"finite stochastic channel probe; scope limited to declared channel, distinction, decoder, threshold, and formal-consumption measurements"
dec::y2_bit_flip_p_0_25::E_joint::E_joint::bayes_optimal_decoder,01,01,bayes_optimal_decoder,"finite stochastic channel probe; scope limited to declared channel, distinction, decoder, threshold, and formal-consumption measurements"
dec::y2_bit_flip_p_0_25::E_joint::E_joint::bayes_optimal_decoder,10,10,bayes_optimal_decoder,"finite stochastic channel probe; scope limited to declared channel, distinction, decoder, threshold, and formal-consumption measurements"
dec::y2_bit_flip_p_0_25::E_joint::E_joint::bayes_optimal_decoder,11,11,bayes_optimal_decoder,"finite stochastic channel probe; scope limited to declared channel, distinction, decoder, threshold, and formal-consumption measurements"
dec::y2_bit_flip_p_0_25::E_joint::E_joint::declared_decoder,00,00,declared_decoder,"finite stochastic channel probe; scope limited to declared channel, distinction, decoder, threshold, and formal-consumption measurements"
dec::y2_bit_flip_p_0_25::E_joint::E_joint::declared_decoder,01,01,declared_decoder,"finite stochastic channel probe; scope limited to declared channel, distinction, decoder, threshold, and formal-consumption measurements"
dec::y2_bit_flip_p_0_25::E_joint::E_joint::declared_decoder,10,10,declared_decoder,"finite stochastic channel probe; scope limited to declared channel, distinction, decoder, threshold, and formal-consumption measurements"
dec::y2_bit_flip_p_0_25::E_joint::E_joint::declared_decoder,11,11,declared_decoder,"finite stochastic channel probe; scope limited to declared channel, distinction, decoder, threshold, and formal-consumption measurements"
dec::y2_bit_flip_p_0_25::E_joint::E_parity::bayes_optimal_decoder,0,11,bayes_optimal_decoder,"finite stochastic channel probe; scope limited to declared channel, distinction, decoder, threshold, and formal-consumption measurements"
dec::y2_bit_flip_p_0_25::E_joint::E_parity::bayes_optimal_decoder,1,10,bayes_optimal_decoder,"finite stochastic channel probe; scope limited to declared channel, distinction, decoder, threshold, and formal-consumption measurements"
dec::y2_bit_flip_p_0_25::E_joint::E_trivial::bayes_optimal_decoder,*,11,bayes_optimal_decoder,"finite stochastic channel probe; scope limited to declared channel, distinction, decoder, threshold, and formal-consumption measurements"
dec::y2_bit_flip_p_0_25::E_parity::E_A::bayes_optimal_decoder,0,1,bayes_optimal_decoder,"finite stochastic channel probe; scope limited to declared channel, distinction, decoder, threshold, and formal-consumption measurements"
dec::y2_bit_flip_p_0_25::E_parity::E_A::bayes_optimal_decoder,1,1,bayes_optimal_decoder,"finite stochastic channel probe; scope limited to declared channel, distinction, decoder, threshold, and formal-consumption measurements"
dec::y2_bit_flip_p_0_25::E_parity::E_A::declared_decoder,0,0,declared_decoder,"finite stochastic channel probe; scope limited to declared channel, distinction, decoder, threshold, and formal-consumption measurements"
dec::y2_bit_flip_p_0_25::E_parity::E_A::declared_decoder,1,1,declared_decoder,"finite stochastic channel probe; scope limited to declared channel, distinction, decoder, threshold, and formal-consumption measurements"
dec::y2_bit_flip_p_0_25::E_parity::E_B::bayes_optimal_decoder,0,1,bayes_optimal_decoder,"finite stochastic channel probe; scope limited to declared channel, distinction, decoder, threshold, and formal-consumption measurements"
dec::y2_bit_flip_p_0_25::E_parity::E_B::bayes_optimal_decoder,1,1,bayes_optimal_decoder,"finite stochastic channel probe; scope limited to declared channel, distinction, decoder, threshold, and formal-consumption measurements"
dec::y2_bit_flip_p_0_25::E_parity::E_B::declared_decoder,0,0,declared_decoder,"finite stochastic channel probe; scope limited to declared channel, distinction, decoder, threshold, and formal-consumption measurements"
dec::y2_bit_flip_p_0_25::E_parity::E_B::declared_decoder,1,1,declared_decoder,"finite stochastic channel probe; scope limited to declared channel, distinction, decoder, threshold, and formal-consumption measurements"
dec::y2_bit_flip_p_0_25::E_parity::E_joint::bayes_optimal_decoder,00,0,bayes_optimal_decoder,"finite stochastic channel probe; scope limited to declared channel, distinction, decoder, threshold, and formal-consumption measurements"
dec::y2_bit_flip_p_0_25::E_parity::E_joint::bayes_optimal_decoder,01,1,bayes_optimal_decoder,"finite stochastic channel probe; scope limited to declared channel, distinction, decoder, threshold, and formal-consumption measurements"
dec::y2_bit_flip_p_0_25::E_parity::E_joint::bayes_optimal_decoder,10,1,bayes_optimal_decoder,"finite stochastic channel probe; scope limited to declared channel, distinction, decoder, threshold, and formal-consumption measurements"
dec::y2_bit_flip_p_0_25::E_parity::E_joint::bayes_optimal_decoder,11,0,bayes_optimal_decoder,"finite stochastic channel probe; scope limited to declared channel, distinction, decoder, threshold, and formal-consumption measurements"
dec::y2_bit_flip_p_0_25::E_parity::E_parity::bayes_optimal_decoder,0,0,bayes_optimal_decoder,"finite stochastic channel probe; scope limited to declared channel, distinction, decoder, threshold, and formal-consumption measurements"
dec::y2_bit_flip_p_0_25::E_parity::E_parity::bayes_optimal_decoder,1,1,bayes_optimal_decoder,"finite stochastic channel probe; scope limited to declared channel, distinction, decoder, threshold, and formal-consumption measurements"
dec::y2_bit_flip_p_0_25::E_parity::E_parity::declared_decoder,0,0,declared_decoder,"finite stochastic channel probe; scope limited to declared channel, distinction, decoder, threshold, and formal-consumption measurements"
dec::y2_bit_flip_p_0_25::E_parity::E_parity::declared_decoder,1,1,declared_decoder,"finite stochastic channel probe; scope limited to declared channel, distinction, decoder, threshold, and formal-consumption measurements"
dec::y2_bit_flip_p_0_25::E_parity::E_trivial::bayes_optimal_decoder,*,1,bayes_optimal_decoder,"finite stochastic channel probe; scope limited to declared channel, distinction, decoder, threshold, and formal-consumption measurements"
dec::y2_bit_flip_p_0_25::E_trivial::E_A::bayes_optimal_decoder,0,*,bayes_optimal_decoder,"finite stochastic channel probe; scope limited to declared channel, distinction, decoder, threshold, and formal-consumption measurements"
dec::y2_bit_flip_p_0_25::E_trivial::E_A::bayes_optimal_decoder,1,*,bayes_optimal_decoder,"finite stochastic channel probe; scope limited to declared channel, distinction, decoder, threshold, and formal-consumption measurements"
dec::y2_bit_flip_p_0_25::E_trivial::E_A::exact_decoder,0,*,exact_decoder,"finite stochastic channel probe; scope limited to declared channel, distinction, decoder, threshold, and formal-consumption measurements"
dec::y2_bit_flip_p_0_25::E_trivial::E_A::exact_decoder,1,*,exact_decoder,"finite stochastic channel probe; scope limited to declared channel, distinction, decoder, threshold, and formal-consumption measurements"
dec::y2_bit_flip_p_0_25::E_trivial::E_B::bayes_optimal_decoder,0,*,bayes_optimal_decoder,"finite stochastic channel probe; scope limited to declared channel, distinction, decoder, threshold, and formal-consumption measurements"
dec::y2_bit_flip_p_0_25::E_trivial::E_B::bayes_optimal_decoder,1,*,bayes_optimal_decoder,"finite stochastic channel probe; scope limited to declared channel, distinction, decoder, threshold, and formal-consumption measurements"
dec::y2_bit_flip_p_0_25::E_trivial::E_B::exact_decoder,0,*,exact_decoder,"finite stochastic channel probe; scope limited to declared channel, distinction, decoder, threshold, and formal-consumption measurements"
dec::y2_bit_flip_p_0_25::E_trivial::E_B::exact_decoder,1,*,exact_decoder,"finite stochastic channel probe; scope limited to declared channel, distinction, decoder, threshold, and formal-consumption measurements"
dec::y2_bit_flip_p_0_25::E_trivial::E_joint::bayes_optimal_decoder,00,*,bayes_optimal_decoder,"finite stochastic channel probe; scope limited to declared channel, distinction, decoder, threshold, and formal-consumption measurements"
dec::y2_bit_flip_p_0_25::E_trivial::E_joint::bayes_optimal_decoder,01,*,bayes_optimal_decoder,"finite stochastic channel probe; scope limited to declared channel, distinction, decoder, threshold, and formal-consumption measurements"
dec::y2_bit_flip_p_0_25::E_trivial::E_joint::bayes_optimal_decoder,10,*,bayes_optimal_decoder,"finite stochastic channel probe; scope limited to declared channel, distinction, decoder, threshold, and formal-consumption measurements"
dec::y2_bit_flip_p_0_25::E_trivial::E_joint::bayes_optimal_decoder,11,*,bayes_optimal_decoder,"finite stochastic channel probe; scope limited to declared channel, distinction, decoder, threshold, and formal-consumption measurements"
dec::y2_bit_flip_p_0_25::E_trivial::E_joint::exact_decoder,00,*,exact_decoder,"finite stochastic channel probe; scope limited to declared channel, distinction, decoder, threshold, and formal-consumption measurements"
dec::y2_bit_flip_p_0_25::E_trivial::E_joint::exact_decoder,01,*,exact_decoder,"finite stochastic channel probe; scope limited to declared channel, distinction, decoder, threshold, and formal-consumption measurements"
dec::y2_bit_flip_p_0_25::E_trivial::E_joint::exact_decoder,10,*,exact_decoder,"finite stochastic channel probe; scope limited to declared channel, distinction, decoder, threshold, and formal-consumption measurements"
dec::y2_bit_flip_p_0_25::E_trivial::E_joint::exact_decoder,11,*,exact_decoder,"finite stochastic channel probe; scope limited to declared channel, distinction, decoder, threshold, and formal-consumption measurements"
dec::y2_bit_flip_p_0_25::E_trivial::E_parity::bayes_optimal_decoder,0,*,bayes_optimal_decoder,"finite stochastic channel probe; scope limited to declared channel, distinction, decoder, threshold, and formal-consumption measurements"
dec::y2_bit_flip_p_0_25::E_trivial::E_parity::bayes_optimal_decoder,1,*,bayes_optimal_decoder,"finite stochastic channel probe; scope limited to declared channel, distinction, decoder, threshold, and formal-consumption measurements"
dec::y2_bit_flip_p_0_25::E_trivial::E_parity::exact_decoder,0,*,exact_decoder,"finite stochastic channel probe; scope limited to declared channel, distinction, decoder, threshold, and formal-consumption measurements"
dec::y2_bit_flip_p_0_25::E_trivial::E_parity::exact_decoder,1,*,exact_decoder,"finite stochastic channel probe; scope limited to declared channel, distinction, decoder, threshold, and formal-consumption measurements"
dec::y2_bit_flip_p_0_25::E_trivial::E_trivial::bayes_optimal_decoder,*,*,bayes_optimal_decoder,"finite stochastic channel probe; scope limited to declared channel, distinction, decoder, threshold, and formal-consumption measurements"
dec::y2_bit_flip_p_0_25::E_trivial::E_trivial::exact_decoder,*,*,exact_decoder,"finite stochastic channel probe; scope limited to declared channel, distinction, decoder, threshold, and formal-consumption measurements"
dec::y2_bit_flip_p_0_25::E_trivial::E_trivial::declared_decoder,*,*,declared_decoder,"finite stochastic channel probe; scope limited to declared channel, distinction, decoder, threshold, and formal-consumption measurements"
dec::y2_marginal_joint_degrade_q_0_10::E_A::E_A::bayes_optimal_decoder,0,0,bayes_optimal_decoder,"finite stochastic channel probe; scope limited to declared channel, distinction, decoder, threshold, and formal-consumption measurements"
dec::y2_marginal_joint_degrade_q_0_10::E_A::E_A::bayes_optimal_decoder,1,1,bayes_optimal_decoder,"finite stochastic channel probe; scope limited to declared channel, distinction, decoder, threshold, and formal-consumption measurements"
dec::y2_marginal_joint_degrade_q_0_10::E_A::E_A::declared_decoder,0,0,declared_decoder,"finite stochastic channel probe; scope limited to declared channel, distinction, decoder, threshold, and formal-consumption measurements"
dec::y2_marginal_joint_degrade_q_0_10::E_A::E_A::declared_decoder,1,1,declared_decoder,"finite stochastic channel probe; scope limited to declared channel, distinction, decoder, threshold, and formal-consumption measurements"
dec::y2_marginal_joint_degrade_q_0_10::E_A::E_B::bayes_optimal_decoder,0,1,bayes_optimal_decoder,"finite stochastic channel probe; scope limited to declared channel, distinction, decoder, threshold, and formal-consumption measurements"
dec::y2_marginal_joint_degrade_q_0_10::E_A::E_B::bayes_optimal_decoder,1,1,bayes_optimal_decoder,"finite stochastic channel probe; scope limited to declared channel, distinction, decoder, threshold, and formal-consumption measurements"
dec::y2_marginal_joint_degrade_q_0_10::E_A::E_B::declared_decoder,0,0,declared_decoder,"finite stochastic channel probe; scope limited to declared channel, distinction, decoder, threshold, and formal-consumption measurements"
dec::y2_marginal_joint_degrade_q_0_10::E_A::E_B::declared_decoder,1,1,declared_decoder,"finite stochastic channel probe; scope limited to declared channel, distinction, decoder, threshold, and formal-consumption measurements"
dec::y2_marginal_joint_degrade_q_0_10::E_A::E_joint::bayes_optimal_decoder,00,0,bayes_optimal_decoder,"finite stochastic channel probe; scope limited to declared channel, distinction, decoder, threshold, and formal-consumption measurements"
dec::y2_marginal_joint_degrade_q_0_10::E_A::E_joint::bayes_optimal_decoder,01,0,bayes_optimal_decoder,"finite stochastic channel probe; scope limited to declared channel, distinction, decoder, threshold, and formal-consumption measurements"
dec::y2_marginal_joint_degrade_q_0_10::E_A::E_joint::bayes_optimal_decoder,10,1,bayes_optimal_decoder,"finite stochastic channel probe; scope limited to declared channel, distinction, decoder, threshold, and formal-consumption measurements"
dec::y2_marginal_joint_degrade_q_0_10::E_A::E_joint::bayes_optimal_decoder,11,1,bayes_optimal_decoder,"finite stochastic channel probe; scope limited to declared channel, distinction, decoder, threshold, and formal-consumption measurements"
dec::y2_marginal_joint_degrade_q_0_10::E_A::E_parity::bayes_optimal_decoder,0,1,bayes_optimal_decoder,"finite stochastic channel probe; scope limited to declared channel, distinction, decoder, threshold, and formal-consumption measurements"
dec::y2_marginal_joint_degrade_q_0_10::E_A::E_parity::bayes_optimal_decoder,1,1,bayes_optimal_decoder,"finite stochastic channel probe; scope limited to declared channel, distinction, decoder, threshold, and formal-consumption measurements"
dec::y2_marginal_joint_degrade_q_0_10::E_A::E_parity::declared_decoder,0,0,declared_decoder,"finite stochastic channel probe; scope limited to declared channel, distinction, decoder, threshold, and formal-consumption measurements"
dec::y2_marginal_joint_degrade_q_0_10::E_A::E_parity::declared_decoder,1,1,declared_decoder,"finite stochastic channel probe; scope limited to declared channel, distinction, decoder, threshold, and formal-consumption measurements"
dec::y2_marginal_joint_degrade_q_0_10::E_A::E_trivial::bayes_optimal_decoder,*,1,bayes_optimal_decoder,"finite stochastic channel probe; scope limited to declared channel, distinction, decoder, threshold, and formal-consumption measurements"
dec::y2_marginal_joint_degrade_q_0_10::E_B::E_A::bayes_optimal_decoder,0,1,bayes_optimal_decoder,"finite stochastic channel probe; scope limited to declared channel, distinction, decoder, threshold, and formal-consumption measurements"
dec::y2_marginal_joint_degrade_q_0_10::E_B::E_A::bayes_optimal_decoder,1,1,bayes_optimal_decoder,"finite stochastic channel probe; scope limited to declared channel, distinction, decoder, threshold, and formal-consumption measurements"
dec::y2_marginal_joint_degrade_q_0_10::E_B::E_A::declared_decoder,0,0,declared_decoder,"finite stochastic channel probe; scope limited to declared channel, distinction, decoder, threshold, and formal-consumption measurements"
dec::y2_marginal_joint_degrade_q_0_10::E_B::E_A::declared_decoder,1,1,declared_decoder,"finite stochastic channel probe; scope limited to declared channel, distinction, decoder, threshold, and formal-consumption measurements"
dec::y2_marginal_joint_degrade_q_0_10::E_B::E_B::bayes_optimal_decoder,0,0,bayes_optimal_decoder,"finite stochastic channel probe; scope limited to declared channel, distinction, decoder, threshold, and formal-consumption measurements"
dec::y2_marginal_joint_degrade_q_0_10::E_B::E_B::bayes_optimal_decoder,1,1,bayes_optimal_decoder,"finite stochastic channel probe; scope limited to declared channel, distinction, decoder, threshold, and formal-consumption measurements"
dec::y2_marginal_joint_degrade_q_0_10::E_B::E_B::declared_decoder,0,0,declared_decoder,"finite stochastic channel probe; scope limited to declared channel, distinction, decoder, threshold, and formal-consumption measurements"
dec::y2_marginal_joint_degrade_q_0_10::E_B::E_B::declared_decoder,1,1,declared_decoder,"finite stochastic channel probe; scope limited to declared channel, distinction, decoder, threshold, and formal-consumption measurements"
dec::y2_marginal_joint_degrade_q_0_10::E_B::E_joint::bayes_optimal_decoder,00,0,bayes_optimal_decoder,"finite stochastic channel probe; scope limited to declared channel, distinction, decoder, threshold, and formal-consumption measurements"
dec::y2_marginal_joint_degrade_q_0_10::E_B::E_joint::bayes_optimal_decoder,01,1,bayes_optimal_decoder,"finite stochastic channel probe; scope limited to declared channel, distinction, decoder, threshold, and formal-consumption measurements"
dec::y2_marginal_joint_degrade_q_0_10::E_B::E_joint::bayes_optimal_decoder,10,0,bayes_optimal_decoder,"finite stochastic channel probe; scope limited to declared channel, distinction, decoder, threshold, and formal-consumption measurements"
dec::y2_marginal_joint_degrade_q_0_10::E_B::E_joint::bayes_optimal_decoder,11,1,bayes_optimal_decoder,"finite stochastic channel probe; scope limited to declared channel, distinction, decoder, threshold, and formal-consumption measurements"
dec::y2_marginal_joint_degrade_q_0_10::E_B::E_parity::bayes_optimal_decoder,0,1,bayes_optimal_decoder,"finite stochastic channel probe; scope limited to declared channel, distinction, decoder, threshold, and formal-consumption measurements"
dec::y2_marginal_joint_degrade_q_0_10::E_B::E_parity::bayes_optimal_decoder,1,1,bayes_optimal_decoder,"finite stochastic channel probe; scope limited to declared channel, distinction, decoder, threshold, and formal-consumption measurements"
dec::y2_marginal_joint_degrade_q_0_10::E_B::E_parity::declared_decoder,0,0,declared_decoder,"finite stochastic channel probe; scope limited to declared channel, distinction, decoder, threshold, and formal-consumption measurements"
dec::y2_marginal_joint_degrade_q_0_10::E_B::E_parity::declared_decoder,1,1,declared_decoder,"finite stochastic channel probe; scope limited to declared channel, distinction, decoder, threshold, and formal-consumption measurements"
dec::y2_marginal_joint_degrade_q_0_10::E_B::E_trivial::bayes_optimal_decoder,*,1,bayes_optimal_decoder,"finite stochastic channel probe; scope limited to declared channel, distinction, decoder, threshold, and formal-consumption measurements"
dec::y2_marginal_joint_degrade_q_0_10::E_joint::E_A::bayes_optimal_decoder,0,01,bayes_optimal_decoder,"finite stochastic channel probe; scope limited to declared channel, distinction, decoder, threshold, and formal-consumption measurements"
dec::y2_marginal_joint_degrade_q_0_10::E_joint::E_A::bayes_optimal_decoder,1,11,bayes_optimal_decoder,"finite stochastic channel probe; scope limited to declared channel, distinction, decoder, threshold, and formal-consumption measurements"
dec::y2_marginal_joint_degrade_q_0_10::E_joint::E_B::bayes_optimal_decoder,0,10,bayes_optimal_decoder,"finite stochastic channel probe; scope limited to declared channel, distinction, decoder, threshold, and formal-consumption measurements"
dec::y2_marginal_joint_degrade_q_0_10::E_joint::E_B::bayes_optimal_decoder,1,11,bayes_optimal_decoder,"finite stochastic channel probe; scope limited to declared channel, distinction, decoder, threshold, and formal-consumption measurements"
dec::y2_marginal_joint_degrade_q_0_10::E_joint::E_joint::bayes_optimal_decoder,00,00,bayes_optimal_decoder,"finite stochastic channel probe; scope limited to declared channel, distinction, decoder, threshold, and formal-consumption measurements"
dec::y2_marginal_joint_degrade_q_0_10::E_joint::E_joint::bayes_optimal_decoder,01,01,bayes_optimal_decoder,"finite stochastic channel probe; scope limited to declared channel, distinction, decoder, threshold, and formal-consumption measurements"
dec::y2_marginal_joint_degrade_q_0_10::E_joint::E_joint::bayes_optimal_decoder,10,10,bayes_optimal_decoder,"finite stochastic channel probe; scope limited to declared channel, distinction, decoder, threshold, and formal-consumption measurements"
dec::y2_marginal_joint_degrade_q_0_10::E_joint::E_joint::bayes_optimal_decoder,11,11,bayes_optimal_decoder,"finite stochastic channel probe; scope limited to declared channel, distinction, decoder, threshold, and formal-consumption measurements"
dec::y2_marginal_joint_degrade_q_0_10::E_joint::E_joint::declared_decoder,00,00,declared_decoder,"finite stochastic channel probe; scope limited to declared channel, distinction, decoder, threshold, and formal-consumption measurements"
dec::y2_marginal_joint_degrade_q_0_10::E_joint::E_joint::declared_decoder,01,01,declared_decoder,"finite stochastic channel probe; scope limited to declared channel, distinction, decoder, threshold, and formal-consumption measurements"
dec::y2_marginal_joint_degrade_q_0_10::E_joint::E_joint::declared_decoder,10,10,declared_decoder,"finite stochastic channel probe; scope limited to declared channel, distinction, decoder, threshold, and formal-consumption measurements"
dec::y2_marginal_joint_degrade_q_0_10::E_joint::E_joint::declared_decoder,11,11,declared_decoder,"finite stochastic channel probe; scope limited to declared channel, distinction, decoder, threshold, and formal-consumption measurements"
dec::y2_marginal_joint_degrade_q_0_10::E_joint::E_parity::bayes_optimal_decoder,0,11,bayes_optimal_decoder,"finite stochastic channel probe; scope limited to declared channel, distinction, decoder, threshold, and formal-consumption measurements"
dec::y2_marginal_joint_degrade_q_0_10::E_joint::E_parity::bayes_optimal_decoder,1,10,bayes_optimal_decoder,"finite stochastic channel probe; scope limited to declared channel, distinction, decoder, threshold, and formal-consumption measurements"
dec::y2_marginal_joint_degrade_q_0_10::E_joint::E_trivial::bayes_optimal_decoder,*,11,bayes_optimal_decoder,"finite stochastic channel probe; scope limited to declared channel, distinction, decoder, threshold, and formal-consumption measurements"
dec::y2_marginal_joint_degrade_q_0_10::E_parity::E_A::bayes_optimal_decoder,0,1,bayes_optimal_decoder,"finite stochastic channel probe; scope limited to declared channel, distinction, decoder, threshold, and formal-consumption measurements"
dec::y2_marginal_joint_degrade_q_0_10::E_parity::E_A::bayes_optimal_decoder,1,1,bayes_optimal_decoder,"finite stochastic channel probe; scope limited to declared channel, distinction, decoder, threshold, and formal-consumption measurements"
dec::y2_marginal_joint_degrade_q_0_10::E_parity::E_A::declared_decoder,0,0,declared_decoder,"finite stochastic channel probe; scope limited to declared channel, distinction, decoder, threshold, and formal-consumption measurements"
dec::y2_marginal_joint_degrade_q_0_10::E_parity::E_A::declared_decoder,1,1,declared_decoder,"finite stochastic channel probe; scope limited to declared channel, distinction, decoder, threshold, and formal-consumption measurements"
dec::y2_marginal_joint_degrade_q_0_10::E_parity::E_B::bayes_optimal_decoder,0,1,bayes_optimal_decoder,"finite stochastic channel probe; scope limited to declared channel, distinction, decoder, threshold, and formal-consumption measurements"
dec::y2_marginal_joint_degrade_q_0_10::E_parity::E_B::bayes_optimal_decoder,1,1,bayes_optimal_decoder,"finite stochastic channel probe; scope limited to declared channel, distinction, decoder, threshold, and formal-consumption measurements"
dec::y2_marginal_joint_degrade_q_0_10::E_parity::E_B::declared_decoder,0,0,declared_decoder,"finite stochastic channel probe; scope limited to declared channel, distinction, decoder, threshold, and formal-consumption measurements"
dec::y2_marginal_joint_degrade_q_0_10::E_parity::E_B::declared_decoder,1,1,declared_decoder,"finite stochastic channel probe; scope limited to declared channel, distinction, decoder, threshold, and formal-consumption measurements"
dec::y2_marginal_joint_degrade_q_0_10::E_parity::E_joint::bayes_optimal_decoder,00,0,bayes_optimal_decoder,"finite stochastic channel probe; scope limited to declared channel, distinction, decoder, threshold, and formal-consumption measurements"
dec::y2_marginal_joint_degrade_q_0_10::E_parity::E_joint::bayes_optimal_decoder,01,1,bayes_optimal_decoder,"finite stochastic channel probe; scope limited to declared channel, distinction, decoder, threshold, and formal-consumption measurements"
dec::y2_marginal_joint_degrade_q_0_10::E_parity::E_joint::bayes_optimal_decoder,10,1,bayes_optimal_decoder,"finite stochastic channel probe; scope limited to declared channel, distinction, decoder, threshold, and formal-consumption measurements"
dec::y2_marginal_joint_degrade_q_0_10::E_parity::E_joint::bayes_optimal_decoder,11,0,bayes_optimal_decoder,"finite stochastic channel probe; scope limited to declared channel, distinction, decoder, threshold, and formal-consumption measurements"
dec::y2_marginal_joint_degrade_q_0_10::E_parity::E_parity::bayes_optimal_decoder,0,0,bayes_optimal_decoder,"finite stochastic channel probe; scope limited to declared channel, distinction, decoder, threshold, and formal-consumption measurements"
dec::y2_marginal_joint_degrade_q_0_10::E_parity::E_parity::bayes_optimal_decoder,1,1,bayes_optimal_decoder,"finite stochastic channel probe; scope limited to declared channel, distinction, decoder, threshold, and formal-consumption measurements"
dec::y2_marginal_joint_degrade_q_0_10::E_parity::E_parity::declared_decoder,0,0,declared_decoder,"finite stochastic channel probe; scope limited to declared channel, distinction, decoder, threshold, and formal-consumption measurements"
dec::y2_marginal_joint_degrade_q_0_10::E_parity::E_parity::declared_decoder,1,1,declared_decoder,"finite stochastic channel probe; scope limited to declared channel, distinction, decoder, threshold, and formal-consumption measurements"
dec::y2_marginal_joint_degrade_q_0_10::E_parity::E_trivial::bayes_optimal_decoder,*,1,bayes_optimal_decoder,"finite stochastic channel probe; scope limited to declared channel, distinction, decoder, threshold, and formal-consumption measurements"
dec::y2_marginal_joint_degrade_q_0_10::E_trivial::E_A::bayes_optimal_decoder,0,*,bayes_optimal_decoder,"finite stochastic channel probe; scope limited to declared channel, distinction, decoder, threshold, and formal-consumption measurements"
dec::y2_marginal_joint_degrade_q_0_10::E_trivial::E_A::bayes_optimal_decoder,1,*,bayes_optimal_decoder,"finite stochastic channel probe; scope limited to declared channel, distinction, decoder, threshold, and formal-consumption measurements"
dec::y2_marginal_joint_degrade_q_0_10::E_trivial::E_A::exact_decoder,0,*,exact_decoder,"finite stochastic channel probe; scope limited to declared channel, distinction, decoder, threshold, and formal-consumption measurements"
dec::y2_marginal_joint_degrade_q_0_10::E_trivial::E_A::exact_decoder,1,*,exact_decoder,"finite stochastic channel probe; scope limited to declared channel, distinction, decoder, threshold, and formal-consumption measurements"
dec::y2_marginal_joint_degrade_q_0_10::E_trivial::E_B::bayes_optimal_decoder,0,*,bayes_optimal_decoder,"finite stochastic channel probe; scope limited to declared channel, distinction, decoder, threshold, and formal-consumption measurements"
dec::y2_marginal_joint_degrade_q_0_10::E_trivial::E_B::bayes_optimal_decoder,1,*,bayes_optimal_decoder,"finite stochastic channel probe; scope limited to declared channel, distinction, decoder, threshold, and formal-consumption measurements"
dec::y2_marginal_joint_degrade_q_0_10::E_trivial::E_B::exact_decoder,0,*,exact_decoder,"finite stochastic channel probe; scope limited to declared channel, distinction, decoder, threshold, and formal-consumption measurements"
dec::y2_marginal_joint_degrade_q_0_10::E_trivial::E_B::exact_decoder,1,*,exact_decoder,"finite stochastic channel probe; scope limited to declared channel, distinction, decoder, threshold, and formal-consumption measurements"
dec::y2_marginal_joint_degrade_q_0_10::E_trivial::E_joint::bayes_optimal_decoder,00,*,bayes_optimal_decoder,"finite stochastic channel probe; scope limited to declared channel, distinction, decoder, threshold, and formal-consumption measurements"
dec::y2_marginal_joint_degrade_q_0_10::E_trivial::E_joint::bayes_optimal_decoder,01,*,bayes_optimal_decoder,"finite stochastic channel probe; scope limited to declared channel, distinction, decoder, threshold, and formal-consumption measurements"
dec::y2_marginal_joint_degrade_q_0_10::E_trivial::E_joint::bayes_optimal_decoder,10,*,bayes_optimal_decoder,"finite stochastic channel probe; scope limited to declared channel, distinction, decoder, threshold, and formal-consumption measurements"
dec::y2_marginal_joint_degrade_q_0_10::E_trivial::E_joint::bayes_optimal_decoder,11,*,bayes_optimal_decoder,"finite stochastic channel probe; scope limited to declared channel, distinction, decoder, threshold, and formal-consumption measurements"
dec::y2_marginal_joint_degrade_q_0_10::E_trivial::E_joint::exact_decoder,00,*,exact_decoder,"finite stochastic channel probe; scope limited to declared channel, distinction, decoder, threshold, and formal-consumption measurements"
dec::y2_marginal_joint_degrade_q_0_10::E_trivial::E_joint::exact_decoder,01,*,exact_decoder,"finite stochastic channel probe; scope limited to declared channel, distinction, decoder, threshold, and formal-consumption measurements"
dec::y2_marginal_joint_degrade_q_0_10::E_trivial::E_joint::exact_decoder,10,*,exact_decoder,"finite stochastic channel probe; scope limited to declared channel, distinction, decoder, threshold, and formal-consumption measurements"
dec::y2_marginal_joint_degrade_q_0_10::E_trivial::E_joint::exact_decoder,11,*,exact_decoder,"finite stochastic channel probe; scope limited to declared channel, distinction, decoder, threshold, and formal-consumption measurements"
dec::y2_marginal_joint_degrade_q_0_10::E_trivial::E_parity::bayes_optimal_decoder,0,*,bayes_optimal_decoder,"finite stochastic channel probe; scope limited to declared channel, distinction, decoder, threshold, and formal-consumption measurements"
dec::y2_marginal_joint_degrade_q_0_10::E_trivial::E_parity::bayes_optimal_decoder,1,*,bayes_optimal_decoder,"finite stochastic channel probe; scope limited to declared channel, distinction, decoder, threshold, and formal-consumption measurements"
dec::y2_marginal_joint_degrade_q_0_10::E_trivial::E_parity::exact_decoder,0,*,exact_decoder,"finite stochastic channel probe; scope limited to declared channel, distinction, decoder, threshold, and formal-consumption measurements"
dec::y2_marginal_joint_degrade_q_0_10::E_trivial::E_parity::exact_decoder,1,*,exact_decoder,"finite stochastic channel probe; scope limited to declared channel, distinction, decoder, threshold, and formal-consumption measurements"
dec::y2_marginal_joint_degrade_q_0_10::E_trivial::E_trivial::bayes_optimal_decoder,*,*,bayes_optimal_decoder,"finite stochastic channel probe; scope limited to declared channel, distinction, decoder, threshold, and formal-consumption measurements"
dec::y2_marginal_joint_degrade_q_0_10::E_trivial::E_trivial::exact_decoder,*,*,exact_decoder,"finite stochastic channel probe; scope limited to declared channel, distinction, decoder, threshold, and formal-consumption measurements"
dec::y2_marginal_joint_degrade_q_0_10::E_trivial::E_trivial::declared_decoder,*,*,declared_decoder,"finite stochastic channel probe; scope limited to declared channel, distinction, decoder, threshold, and formal-consumption measurements"
dec::comp_bitflip_0_10_then_0_25::D_A::E_A::bayes_optimal_decoder,0,0,bayes_optimal_decoder,"finite stochastic channel probe; scope limited to declared channel, distinction, decoder, threshold, and formal-consumption measurements"
dec::comp_bitflip_0_10_then_0_25::D_A::E_A::bayes_optimal_decoder,1,1,bayes_optimal_decoder,"finite stochastic channel probe; scope limited to declared channel, distinction, decoder, threshold, and formal-consumption measurements"
dec::comp_bitflip_0_10_then_0_25::D_A::E_A::declared_decoder,0,0,declared_decoder,"finite stochastic channel probe; scope limited to declared channel, distinction, decoder, threshold, and formal-consumption measurements"
dec::comp_bitflip_0_10_then_0_25::D_A::E_A::declared_decoder,1,1,declared_decoder,"finite stochastic channel probe; scope limited to declared channel, distinction, decoder, threshold, and formal-consumption measurements"
dec::comp_bitflip_0_10_then_0_25::D_A::E_B::bayes_optimal_decoder,0,1,bayes_optimal_decoder,"finite stochastic channel probe; scope limited to declared channel, distinction, decoder, threshold, and formal-consumption measurements"
dec::comp_bitflip_0_10_then_0_25::D_A::E_B::bayes_optimal_decoder,1,1,bayes_optimal_decoder,"finite stochastic channel probe; scope limited to declared channel, distinction, decoder, threshold, and formal-consumption measurements"
dec::comp_bitflip_0_10_then_0_25::D_A::E_B::declared_decoder,0,0,declared_decoder,"finite stochastic channel probe; scope limited to declared channel, distinction, decoder, threshold, and formal-consumption measurements"
dec::comp_bitflip_0_10_then_0_25::D_A::E_B::declared_decoder,1,1,declared_decoder,"finite stochastic channel probe; scope limited to declared channel, distinction, decoder, threshold, and formal-consumption measurements"
dec::comp_bitflip_0_10_then_0_25::D_A::E_joint::bayes_optimal_decoder,00,0,bayes_optimal_decoder,"finite stochastic channel probe; scope limited to declared channel, distinction, decoder, threshold, and formal-consumption measurements"
dec::comp_bitflip_0_10_then_0_25::D_A::E_joint::bayes_optimal_decoder,01,0,bayes_optimal_decoder,"finite stochastic channel probe; scope limited to declared channel, distinction, decoder, threshold, and formal-consumption measurements"
dec::comp_bitflip_0_10_then_0_25::D_A::E_joint::bayes_optimal_decoder,10,1,bayes_optimal_decoder,"finite stochastic channel probe; scope limited to declared channel, distinction, decoder, threshold, and formal-consumption measurements"
dec::comp_bitflip_0_10_then_0_25::D_A::E_joint::bayes_optimal_decoder,11,1,bayes_optimal_decoder,"finite stochastic channel probe; scope limited to declared channel, distinction, decoder, threshold, and formal-consumption measurements"
dec::comp_bitflip_0_10_then_0_25::D_A::E_parity::bayes_optimal_decoder,0,1,bayes_optimal_decoder,"finite stochastic channel probe; scope limited to declared channel, distinction, decoder, threshold, and formal-consumption measurements"
dec::comp_bitflip_0_10_then_0_25::D_A::E_parity::bayes_optimal_decoder,1,1,bayes_optimal_decoder,"finite stochastic channel probe; scope limited to declared channel, distinction, decoder, threshold, and formal-consumption measurements"
dec::comp_bitflip_0_10_then_0_25::D_A::E_parity::declared_decoder,0,0,declared_decoder,"finite stochastic channel probe; scope limited to declared channel, distinction, decoder, threshold, and formal-consumption measurements"
dec::comp_bitflip_0_10_then_0_25::D_A::E_parity::declared_decoder,1,1,declared_decoder,"finite stochastic channel probe; scope limited to declared channel, distinction, decoder, threshold, and formal-consumption measurements"
dec::comp_bitflip_0_10_then_0_25::D_A::E_trivial::bayes_optimal_decoder,*,1,bayes_optimal_decoder,"finite stochastic channel probe; scope limited to declared channel, distinction, decoder, threshold, and formal-consumption measurements"
dec::comp_bitflip_0_10_then_0_25::D_B::E_A::bayes_optimal_decoder,0,1,bayes_optimal_decoder,"finite stochastic channel probe; scope limited to declared channel, distinction, decoder, threshold, and formal-consumption measurements"
dec::comp_bitflip_0_10_then_0_25::D_B::E_A::bayes_optimal_decoder,1,1,bayes_optimal_decoder,"finite stochastic channel probe; scope limited to declared channel, distinction, decoder, threshold, and formal-consumption measurements"
dec::comp_bitflip_0_10_then_0_25::D_B::E_A::declared_decoder,0,0,declared_decoder,"finite stochastic channel probe; scope limited to declared channel, distinction, decoder, threshold, and formal-consumption measurements"
dec::comp_bitflip_0_10_then_0_25::D_B::E_A::declared_decoder,1,1,declared_decoder,"finite stochastic channel probe; scope limited to declared channel, distinction, decoder, threshold, and formal-consumption measurements"
dec::comp_bitflip_0_10_then_0_25::D_B::E_B::bayes_optimal_decoder,0,0,bayes_optimal_decoder,"finite stochastic channel probe; scope limited to declared channel, distinction, decoder, threshold, and formal-consumption measurements"
dec::comp_bitflip_0_10_then_0_25::D_B::E_B::bayes_optimal_decoder,1,1,bayes_optimal_decoder,"finite stochastic channel probe; scope limited to declared channel, distinction, decoder, threshold, and formal-consumption measurements"
dec::comp_bitflip_0_10_then_0_25::D_B::E_B::declared_decoder,0,0,declared_decoder,"finite stochastic channel probe; scope limited to declared channel, distinction, decoder, threshold, and formal-consumption measurements"
dec::comp_bitflip_0_10_then_0_25::D_B::E_B::declared_decoder,1,1,declared_decoder,"finite stochastic channel probe; scope limited to declared channel, distinction, decoder, threshold, and formal-consumption measurements"
dec::comp_bitflip_0_10_then_0_25::D_B::E_joint::bayes_optimal_decoder,00,0,bayes_optimal_decoder,"finite stochastic channel probe; scope limited to declared channel, distinction, decoder, threshold, and formal-consumption measurements"
dec::comp_bitflip_0_10_then_0_25::D_B::E_joint::bayes_optimal_decoder,01,1,bayes_optimal_decoder,"finite stochastic channel probe; scope limited to declared channel, distinction, decoder, threshold, and formal-consumption measurements"
dec::comp_bitflip_0_10_then_0_25::D_B::E_joint::bayes_optimal_decoder,10,0,bayes_optimal_decoder,"finite stochastic channel probe; scope limited to declared channel, distinction, decoder, threshold, and formal-consumption measurements"
dec::comp_bitflip_0_10_then_0_25::D_B::E_joint::bayes_optimal_decoder,11,1,bayes_optimal_decoder,"finite stochastic channel probe; scope limited to declared channel, distinction, decoder, threshold, and formal-consumption measurements"
dec::comp_bitflip_0_10_then_0_25::D_B::E_parity::bayes_optimal_decoder,0,1,bayes_optimal_decoder,"finite stochastic channel probe; scope limited to declared channel, distinction, decoder, threshold, and formal-consumption measurements"
dec::comp_bitflip_0_10_then_0_25::D_B::E_parity::bayes_optimal_decoder,1,1,bayes_optimal_decoder,"finite stochastic channel probe; scope limited to declared channel, distinction, decoder, threshold, and formal-consumption measurements"
dec::comp_bitflip_0_10_then_0_25::D_B::E_parity::declared_decoder,0,0,declared_decoder,"finite stochastic channel probe; scope limited to declared channel, distinction, decoder, threshold, and formal-consumption measurements"
dec::comp_bitflip_0_10_then_0_25::D_B::E_parity::declared_decoder,1,1,declared_decoder,"finite stochastic channel probe; scope limited to declared channel, distinction, decoder, threshold, and formal-consumption measurements"
dec::comp_bitflip_0_10_then_0_25::D_B::E_trivial::bayes_optimal_decoder,*,1,bayes_optimal_decoder,"finite stochastic channel probe; scope limited to declared channel, distinction, decoder, threshold, and formal-consumption measurements"
dec::comp_bitflip_0_10_then_0_25::D_joint::E_A::bayes_optimal_decoder,0,01,bayes_optimal_decoder,"finite stochastic channel probe; scope limited to declared channel, distinction, decoder, threshold, and formal-consumption measurements"
dec::comp_bitflip_0_10_then_0_25::D_joint::E_A::bayes_optimal_decoder,1,11,bayes_optimal_decoder,"finite stochastic channel probe; scope limited to declared channel, distinction, decoder, threshold, and formal-consumption measurements"
dec::comp_bitflip_0_10_then_0_25::D_joint::E_B::bayes_optimal_decoder,0,10,bayes_optimal_decoder,"finite stochastic channel probe; scope limited to declared channel, distinction, decoder, threshold, and formal-consumption measurements"
dec::comp_bitflip_0_10_then_0_25::D_joint::E_B::bayes_optimal_decoder,1,11,bayes_optimal_decoder,"finite stochastic channel probe; scope limited to declared channel, distinction, decoder, threshold, and formal-consumption measurements"
dec::comp_bitflip_0_10_then_0_25::D_joint::E_joint::bayes_optimal_decoder,00,00,bayes_optimal_decoder,"finite stochastic channel probe; scope limited to declared channel, distinction, decoder, threshold, and formal-consumption measurements"
dec::comp_bitflip_0_10_then_0_25::D_joint::E_joint::bayes_optimal_decoder,01,01,bayes_optimal_decoder,"finite stochastic channel probe; scope limited to declared channel, distinction, decoder, threshold, and formal-consumption measurements"
dec::comp_bitflip_0_10_then_0_25::D_joint::E_joint::bayes_optimal_decoder,10,10,bayes_optimal_decoder,"finite stochastic channel probe; scope limited to declared channel, distinction, decoder, threshold, and formal-consumption measurements"
dec::comp_bitflip_0_10_then_0_25::D_joint::E_joint::bayes_optimal_decoder,11,11,bayes_optimal_decoder,"finite stochastic channel probe; scope limited to declared channel, distinction, decoder, threshold, and formal-consumption measurements"
dec::comp_bitflip_0_10_then_0_25::D_joint::E_joint::declared_decoder,00,00,declared_decoder,"finite stochastic channel probe; scope limited to declared channel, distinction, decoder, threshold, and formal-consumption measurements"
dec::comp_bitflip_0_10_then_0_25::D_joint::E_joint::declared_decoder,01,01,declared_decoder,"finite stochastic channel probe; scope limited to declared channel, distinction, decoder, threshold, and formal-consumption measurements"
dec::comp_bitflip_0_10_then_0_25::D_joint::E_joint::declared_decoder,10,10,declared_decoder,"finite stochastic channel probe; scope limited to declared channel, distinction, decoder, threshold, and formal-consumption measurements"
dec::comp_bitflip_0_10_then_0_25::D_joint::E_joint::declared_decoder,11,11,declared_decoder,"finite stochastic channel probe; scope limited to declared channel, distinction, decoder, threshold, and formal-consumption measurements"
dec::comp_bitflip_0_10_then_0_25::D_joint::E_parity::bayes_optimal_decoder,0,11,bayes_optimal_decoder,"finite stochastic channel probe; scope limited to declared channel, distinction, decoder, threshold, and formal-consumption measurements"
dec::comp_bitflip_0_10_then_0_25::D_joint::E_parity::bayes_optimal_decoder,1,10,bayes_optimal_decoder,"finite stochastic channel probe; scope limited to declared channel, distinction, decoder, threshold, and formal-consumption measurements"
dec::comp_bitflip_0_10_then_0_25::D_joint::E_trivial::bayes_optimal_decoder,*,11,bayes_optimal_decoder,"finite stochastic channel probe; scope limited to declared channel, distinction, decoder, threshold, and formal-consumption measurements"
dec::comp_bitflip_0_10_then_0_25::D_parity::E_A::bayes_optimal_decoder,0,1,bayes_optimal_decoder,"finite stochastic channel probe; scope limited to declared channel, distinction, decoder, threshold, and formal-consumption measurements"
dec::comp_bitflip_0_10_then_0_25::D_parity::E_A::bayes_optimal_decoder,1,1,bayes_optimal_decoder,"finite stochastic channel probe; scope limited to declared channel, distinction, decoder, threshold, and formal-consumption measurements"
dec::comp_bitflip_0_10_then_0_25::D_parity::E_A::declared_decoder,0,0,declared_decoder,"finite stochastic channel probe; scope limited to declared channel, distinction, decoder, threshold, and formal-consumption measurements"
dec::comp_bitflip_0_10_then_0_25::D_parity::E_A::declared_decoder,1,1,declared_decoder,"finite stochastic channel probe; scope limited to declared channel, distinction, decoder, threshold, and formal-consumption measurements"
dec::comp_bitflip_0_10_then_0_25::D_parity::E_B::bayes_optimal_decoder,0,1,bayes_optimal_decoder,"finite stochastic channel probe; scope limited to declared channel, distinction, decoder, threshold, and formal-consumption measurements"
dec::comp_bitflip_0_10_then_0_25::D_parity::E_B::bayes_optimal_decoder,1,1,bayes_optimal_decoder,"finite stochastic channel probe; scope limited to declared channel, distinction, decoder, threshold, and formal-consumption measurements"
dec::comp_bitflip_0_10_then_0_25::D_parity::E_B::declared_decoder,0,0,declared_decoder,"finite stochastic channel probe; scope limited to declared channel, distinction, decoder, threshold, and formal-consumption measurements"
dec::comp_bitflip_0_10_then_0_25::D_parity::E_B::declared_decoder,1,1,declared_decoder,"finite stochastic channel probe; scope limited to declared channel, distinction, decoder, threshold, and formal-consumption measurements"
dec::comp_bitflip_0_10_then_0_25::D_parity::E_joint::bayes_optimal_decoder,00,0,bayes_optimal_decoder,"finite stochastic channel probe; scope limited to declared channel, distinction, decoder, threshold, and formal-consumption measurements"
dec::comp_bitflip_0_10_then_0_25::D_parity::E_joint::bayes_optimal_decoder,01,1,bayes_optimal_decoder,"finite stochastic channel probe; scope limited to declared channel, distinction, decoder, threshold, and formal-consumption measurements"
dec::comp_bitflip_0_10_then_0_25::D_parity::E_joint::bayes_optimal_decoder,10,1,bayes_optimal_decoder,"finite stochastic channel probe; scope limited to declared channel, distinction, decoder, threshold, and formal-consumption measurements"
dec::comp_bitflip_0_10_then_0_25::D_parity::E_joint::bayes_optimal_decoder,11,0,bayes_optimal_decoder,"finite stochastic channel probe; scope limited to declared channel, distinction, decoder, threshold, and formal-consumption measurements"
dec::comp_bitflip_0_10_then_0_25::D_parity::E_parity::bayes_optimal_decoder,0,0,bayes_optimal_decoder,"finite stochastic channel probe; scope limited to declared channel, distinction, decoder, threshold, and formal-consumption measurements"
dec::comp_bitflip_0_10_then_0_25::D_parity::E_parity::bayes_optimal_decoder,1,1,bayes_optimal_decoder,"finite stochastic channel probe; scope limited to declared channel, distinction, decoder, threshold, and formal-consumption measurements"
dec::comp_bitflip_0_10_then_0_25::D_parity::E_parity::declared_decoder,0,0,declared_decoder,"finite stochastic channel probe; scope limited to declared channel, distinction, decoder, threshold, and formal-consumption measurements"
dec::comp_bitflip_0_10_then_0_25::D_parity::E_parity::declared_decoder,1,1,declared_decoder,"finite stochastic channel probe; scope limited to declared channel, distinction, decoder, threshold, and formal-consumption measurements"
dec::comp_bitflip_0_10_then_0_25::D_parity::E_trivial::bayes_optimal_decoder,*,1,bayes_optimal_decoder,"finite stochastic channel probe; scope limited to declared channel, distinction, decoder, threshold, and formal-consumption measurements"
dec::comp_bitflip_0_10_then_0_25::D_trivial::E_A::bayes_optimal_decoder,0,*,bayes_optimal_decoder,"finite stochastic channel probe; scope limited to declared channel, distinction, decoder, threshold, and formal-consumption measurements"
dec::comp_bitflip_0_10_then_0_25::D_trivial::E_A::bayes_optimal_decoder,1,*,bayes_optimal_decoder,"finite stochastic channel probe; scope limited to declared channel, distinction, decoder, threshold, and formal-consumption measurements"
dec::comp_bitflip_0_10_then_0_25::D_trivial::E_A::exact_decoder,0,*,exact_decoder,"finite stochastic channel probe; scope limited to declared channel, distinction, decoder, threshold, and formal-consumption measurements"
dec::comp_bitflip_0_10_then_0_25::D_trivial::E_A::exact_decoder,1,*,exact_decoder,"finite stochastic channel probe; scope limited to declared channel, distinction, decoder, threshold, and formal-consumption measurements"
dec::comp_bitflip_0_10_then_0_25::D_trivial::E_B::bayes_optimal_decoder,0,*,bayes_optimal_decoder,"finite stochastic channel probe; scope limited to declared channel, distinction, decoder, threshold, and formal-consumption measurements"
dec::comp_bitflip_0_10_then_0_25::D_trivial::E_B::bayes_optimal_decoder,1,*,bayes_optimal_decoder,"finite stochastic channel probe; scope limited to declared channel, distinction, decoder, threshold, and formal-consumption measurements"
dec::comp_bitflip_0_10_then_0_25::D_trivial::E_B::exact_decoder,0,*,exact_decoder,"finite stochastic channel probe; scope limited to declared channel, distinction, decoder, threshold, and formal-consumption measurements"
dec::comp_bitflip_0_10_then_0_25::D_trivial::E_B::exact_decoder,1,*,exact_decoder,"finite stochastic channel probe; scope limited to declared channel, distinction, decoder, threshold, and formal-consumption measurements"
dec::comp_bitflip_0_10_then_0_25::D_trivial::E_joint::bayes_optimal_decoder,00,*,bayes_optimal_decoder,"finite stochastic channel probe; scope limited to declared channel, distinction, decoder, threshold, and formal-consumption measurements"
dec::comp_bitflip_0_10_then_0_25::D_trivial::E_joint::bayes_optimal_decoder,01,*,bayes_optimal_decoder,"finite stochastic channel probe; scope limited to declared channel, distinction, decoder, threshold, and formal-consumption measurements"
dec::comp_bitflip_0_10_then_0_25::D_trivial::E_joint::bayes_optimal_decoder,10,*,bayes_optimal_decoder,"finite stochastic channel probe; scope limited to declared channel, distinction, decoder, threshold, and formal-consumption measurements"
dec::comp_bitflip_0_10_then_0_25::D_trivial::E_joint::bayes_optimal_decoder,11,*,bayes_optimal_decoder,"finite stochastic channel probe; scope limited to declared channel, distinction, decoder, threshold, and formal-consumption measurements"
dec::comp_bitflip_0_10_then_0_25::D_trivial::E_joint::exact_decoder,00,*,exact_decoder,"finite stochastic channel probe; scope limited to declared channel, distinction, decoder, threshold, and formal-consumption measurements"
dec::comp_bitflip_0_10_then_0_25::D_trivial::E_joint::exact_decoder,01,*,exact_decoder,"finite stochastic channel probe; scope limited to declared channel, distinction, decoder, threshold, and formal-consumption measurements"
dec::comp_bitflip_0_10_then_0_25::D_trivial::E_joint::exact_decoder,10,*,exact_decoder,"finite stochastic channel probe; scope limited to declared channel, distinction, decoder, threshold, and formal-consumption measurements"
dec::comp_bitflip_0_10_then_0_25::D_trivial::E_joint::exact_decoder,11,*,exact_decoder,"finite stochastic channel probe; scope limited to declared channel, distinction, decoder, threshold, and formal-consumption measurements"
dec::comp_bitflip_0_10_then_0_25::D_trivial::E_parity::bayes_optimal_decoder,0,*,bayes_optimal_decoder,"finite stochastic channel probe; scope limited to declared channel, distinction, decoder, threshold, and formal-consumption measurements"
dec::comp_bitflip_0_10_then_0_25::D_trivial::E_parity::bayes_optimal_decoder,1,*,bayes_optimal_decoder,"finite stochastic channel probe; scope limited to declared channel, distinction, decoder, threshold, and formal-consumption measurements"
dec::comp_bitflip_0_10_then_0_25::D_trivial::E_parity::exact_decoder,0,*,exact_decoder,"finite stochastic channel probe; scope limited to declared channel, distinction, decoder, threshold, and formal-consumption measurements"
dec::comp_bitflip_0_10_then_0_25::D_trivial::E_parity::exact_decoder,1,*,exact_decoder,"finite stochastic channel probe; scope limited to declared channel, distinction, decoder, threshold, and formal-consumption measurements"
dec::comp_bitflip_0_10_then_0_25::D_trivial::E_trivial::bayes_optimal_decoder,*,*,bayes_optimal_decoder,"finite stochastic channel probe; scope limited to declared channel, distinction, decoder, threshold, and formal-consumption measurements"
dec::comp_bitflip_0_10_then_0_25::D_trivial::E_trivial::exact_decoder,*,*,exact_decoder,"finite stochastic channel probe; scope limited to declared channel, distinction, decoder, threshold, and formal-consumption measurements"
dec::comp_bitflip_0_10_then_0_25::D_trivial::E_trivial::declared_decoder,*,*,declared_decoder,"finite stochastic channel probe; scope limited to declared channel, distinction, decoder, threshold, and formal-consumption measurements"
dec::comp_identity_then_marginal_degrade_0_10::D_A::E_A::bayes_optimal_decoder,0,0,bayes_optimal_decoder,"finite stochastic channel probe; scope limited to declared channel, distinction, decoder, threshold, and formal-consumption measurements"
dec::comp_identity_then_marginal_degrade_0_10::D_A::E_A::bayes_optimal_decoder,1,1,bayes_optimal_decoder,"finite stochastic channel probe; scope limited to declared channel, distinction, decoder, threshold, and formal-consumption measurements"
dec::comp_identity_then_marginal_degrade_0_10::D_A::E_A::declared_decoder,0,0,declared_decoder,"finite stochastic channel probe; scope limited to declared channel, distinction, decoder, threshold, and formal-consumption measurements"
dec::comp_identity_then_marginal_degrade_0_10::D_A::E_A::declared_decoder,1,1,declared_decoder,"finite stochastic channel probe; scope limited to declared channel, distinction, decoder, threshold, and formal-consumption measurements"
dec::comp_identity_then_marginal_degrade_0_10::D_A::E_B::bayes_optimal_decoder,0,1,bayes_optimal_decoder,"finite stochastic channel probe; scope limited to declared channel, distinction, decoder, threshold, and formal-consumption measurements"
dec::comp_identity_then_marginal_degrade_0_10::D_A::E_B::bayes_optimal_decoder,1,1,bayes_optimal_decoder,"finite stochastic channel probe; scope limited to declared channel, distinction, decoder, threshold, and formal-consumption measurements"
dec::comp_identity_then_marginal_degrade_0_10::D_A::E_B::declared_decoder,0,0,declared_decoder,"finite stochastic channel probe; scope limited to declared channel, distinction, decoder, threshold, and formal-consumption measurements"
dec::comp_identity_then_marginal_degrade_0_10::D_A::E_B::declared_decoder,1,1,declared_decoder,"finite stochastic channel probe; scope limited to declared channel, distinction, decoder, threshold, and formal-consumption measurements"
dec::comp_identity_then_marginal_degrade_0_10::D_A::E_joint::bayes_optimal_decoder,00,0,bayes_optimal_decoder,"finite stochastic channel probe; scope limited to declared channel, distinction, decoder, threshold, and formal-consumption measurements"
dec::comp_identity_then_marginal_degrade_0_10::D_A::E_joint::bayes_optimal_decoder,01,0,bayes_optimal_decoder,"finite stochastic channel probe; scope limited to declared channel, distinction, decoder, threshold, and formal-consumption measurements"
dec::comp_identity_then_marginal_degrade_0_10::D_A::E_joint::bayes_optimal_decoder,10,1,bayes_optimal_decoder,"finite stochastic channel probe; scope limited to declared channel, distinction, decoder, threshold, and formal-consumption measurements"
dec::comp_identity_then_marginal_degrade_0_10::D_A::E_joint::bayes_optimal_decoder,11,1,bayes_optimal_decoder,"finite stochastic channel probe; scope limited to declared channel, distinction, decoder, threshold, and formal-consumption measurements"
dec::comp_identity_then_marginal_degrade_0_10::D_A::E_parity::bayes_optimal_decoder,0,1,bayes_optimal_decoder,"finite stochastic channel probe; scope limited to declared channel, distinction, decoder, threshold, and formal-consumption measurements"
dec::comp_identity_then_marginal_degrade_0_10::D_A::E_parity::bayes_optimal_decoder,1,1,bayes_optimal_decoder,"finite stochastic channel probe; scope limited to declared channel, distinction, decoder, threshold, and formal-consumption measurements"
dec::comp_identity_then_marginal_degrade_0_10::D_A::E_parity::declared_decoder,0,0,declared_decoder,"finite stochastic channel probe; scope limited to declared channel, distinction, decoder, threshold, and formal-consumption measurements"
dec::comp_identity_then_marginal_degrade_0_10::D_A::E_parity::declared_decoder,1,1,declared_decoder,"finite stochastic channel probe; scope limited to declared channel, distinction, decoder, threshold, and formal-consumption measurements"
dec::comp_identity_then_marginal_degrade_0_10::D_A::E_trivial::bayes_optimal_decoder,*,1,bayes_optimal_decoder,"finite stochastic channel probe; scope limited to declared channel, distinction, decoder, threshold, and formal-consumption measurements"
dec::comp_identity_then_marginal_degrade_0_10::D_B::E_A::bayes_optimal_decoder,0,1,bayes_optimal_decoder,"finite stochastic channel probe; scope limited to declared channel, distinction, decoder, threshold, and formal-consumption measurements"
dec::comp_identity_then_marginal_degrade_0_10::D_B::E_A::bayes_optimal_decoder,1,1,bayes_optimal_decoder,"finite stochastic channel probe; scope limited to declared channel, distinction, decoder, threshold, and formal-consumption measurements"
dec::comp_identity_then_marginal_degrade_0_10::D_B::E_A::declared_decoder,0,0,declared_decoder,"finite stochastic channel probe; scope limited to declared channel, distinction, decoder, threshold, and formal-consumption measurements"
dec::comp_identity_then_marginal_degrade_0_10::D_B::E_A::declared_decoder,1,1,declared_decoder,"finite stochastic channel probe; scope limited to declared channel, distinction, decoder, threshold, and formal-consumption measurements"
dec::comp_identity_then_marginal_degrade_0_10::D_B::E_B::bayes_optimal_decoder,0,0,bayes_optimal_decoder,"finite stochastic channel probe; scope limited to declared channel, distinction, decoder, threshold, and formal-consumption measurements"
dec::comp_identity_then_marginal_degrade_0_10::D_B::E_B::bayes_optimal_decoder,1,1,bayes_optimal_decoder,"finite stochastic channel probe; scope limited to declared channel, distinction, decoder, threshold, and formal-consumption measurements"
dec::comp_identity_then_marginal_degrade_0_10::D_B::E_B::declared_decoder,0,0,declared_decoder,"finite stochastic channel probe; scope limited to declared channel, distinction, decoder, threshold, and formal-consumption measurements"
dec::comp_identity_then_marginal_degrade_0_10::D_B::E_B::declared_decoder,1,1,declared_decoder,"finite stochastic channel probe; scope limited to declared channel, distinction, decoder, threshold, and formal-consumption measurements"
dec::comp_identity_then_marginal_degrade_0_10::D_B::E_joint::bayes_optimal_decoder,00,0,bayes_optimal_decoder,"finite stochastic channel probe; scope limited to declared channel, distinction, decoder, threshold, and formal-consumption measurements"
dec::comp_identity_then_marginal_degrade_0_10::D_B::E_joint::bayes_optimal_decoder,01,1,bayes_optimal_decoder,"finite stochastic channel probe; scope limited to declared channel, distinction, decoder, threshold, and formal-consumption measurements"
dec::comp_identity_then_marginal_degrade_0_10::D_B::E_joint::bayes_optimal_decoder,10,0,bayes_optimal_decoder,"finite stochastic channel probe; scope limited to declared channel, distinction, decoder, threshold, and formal-consumption measurements"
dec::comp_identity_then_marginal_degrade_0_10::D_B::E_joint::bayes_optimal_decoder,11,1,bayes_optimal_decoder,"finite stochastic channel probe; scope limited to declared channel, distinction, decoder, threshold, and formal-consumption measurements"
dec::comp_identity_then_marginal_degrade_0_10::D_B::E_parity::bayes_optimal_decoder,0,1,bayes_optimal_decoder,"finite stochastic channel probe; scope limited to declared channel, distinction, decoder, threshold, and formal-consumption measurements"
dec::comp_identity_then_marginal_degrade_0_10::D_B::E_parity::bayes_optimal_decoder,1,1,bayes_optimal_decoder,"finite stochastic channel probe; scope limited to declared channel, distinction, decoder, threshold, and formal-consumption measurements"
dec::comp_identity_then_marginal_degrade_0_10::D_B::E_parity::declared_decoder,0,0,declared_decoder,"finite stochastic channel probe; scope limited to declared channel, distinction, decoder, threshold, and formal-consumption measurements"
dec::comp_identity_then_marginal_degrade_0_10::D_B::E_parity::declared_decoder,1,1,declared_decoder,"finite stochastic channel probe; scope limited to declared channel, distinction, decoder, threshold, and formal-consumption measurements"
dec::comp_identity_then_marginal_degrade_0_10::D_B::E_trivial::bayes_optimal_decoder,*,1,bayes_optimal_decoder,"finite stochastic channel probe; scope limited to declared channel, distinction, decoder, threshold, and formal-consumption measurements"
dec::comp_identity_then_marginal_degrade_0_10::D_joint::E_A::bayes_optimal_decoder,0,01,bayes_optimal_decoder,"finite stochastic channel probe; scope limited to declared channel, distinction, decoder, threshold, and formal-consumption measurements"
dec::comp_identity_then_marginal_degrade_0_10::D_joint::E_A::bayes_optimal_decoder,1,11,bayes_optimal_decoder,"finite stochastic channel probe; scope limited to declared channel, distinction, decoder, threshold, and formal-consumption measurements"
dec::comp_identity_then_marginal_degrade_0_10::D_joint::E_B::bayes_optimal_decoder,0,10,bayes_optimal_decoder,"finite stochastic channel probe; scope limited to declared channel, distinction, decoder, threshold, and formal-consumption measurements"
dec::comp_identity_then_marginal_degrade_0_10::D_joint::E_B::bayes_optimal_decoder,1,11,bayes_optimal_decoder,"finite stochastic channel probe; scope limited to declared channel, distinction, decoder, threshold, and formal-consumption measurements"
dec::comp_identity_then_marginal_degrade_0_10::D_joint::E_joint::bayes_optimal_decoder,00,00,bayes_optimal_decoder,"finite stochastic channel probe; scope limited to declared channel, distinction, decoder, threshold, and formal-consumption measurements"
dec::comp_identity_then_marginal_degrade_0_10::D_joint::E_joint::bayes_optimal_decoder,01,01,bayes_optimal_decoder,"finite stochastic channel probe; scope limited to declared channel, distinction, decoder, threshold, and formal-consumption measurements"
dec::comp_identity_then_marginal_degrade_0_10::D_joint::E_joint::bayes_optimal_decoder,10,10,bayes_optimal_decoder,"finite stochastic channel probe; scope limited to declared channel, distinction, decoder, threshold, and formal-consumption measurements"
dec::comp_identity_then_marginal_degrade_0_10::D_joint::E_joint::bayes_optimal_decoder,11,11,bayes_optimal_decoder,"finite stochastic channel probe; scope limited to declared channel, distinction, decoder, threshold, and formal-consumption measurements"
dec::comp_identity_then_marginal_degrade_0_10::D_joint::E_joint::declared_decoder,00,00,declared_decoder,"finite stochastic channel probe; scope limited to declared channel, distinction, decoder, threshold, and formal-consumption measurements"
dec::comp_identity_then_marginal_degrade_0_10::D_joint::E_joint::declared_decoder,01,01,declared_decoder,"finite stochastic channel probe; scope limited to declared channel, distinction, decoder, threshold, and formal-consumption measurements"
dec::comp_identity_then_marginal_degrade_0_10::D_joint::E_joint::declared_decoder,10,10,declared_decoder,"finite stochastic channel probe; scope limited to declared channel, distinction, decoder, threshold, and formal-consumption measurements"
dec::comp_identity_then_marginal_degrade_0_10::D_joint::E_joint::declared_decoder,11,11,declared_decoder,"finite stochastic channel probe; scope limited to declared channel, distinction, decoder, threshold, and formal-consumption measurements"
dec::comp_identity_then_marginal_degrade_0_10::D_joint::E_parity::bayes_optimal_decoder,0,11,bayes_optimal_decoder,"finite stochastic channel probe; scope limited to declared channel, distinction, decoder, threshold, and formal-consumption measurements"
dec::comp_identity_then_marginal_degrade_0_10::D_joint::E_parity::bayes_optimal_decoder,1,10,bayes_optimal_decoder,"finite stochastic channel probe; scope limited to declared channel, distinction, decoder, threshold, and formal-consumption measurements"
dec::comp_identity_then_marginal_degrade_0_10::D_joint::E_trivial::bayes_optimal_decoder,*,11,bayes_optimal_decoder,"finite stochastic channel probe; scope limited to declared channel, distinction, decoder, threshold, and formal-consumption measurements"
dec::comp_identity_then_marginal_degrade_0_10::D_parity::E_A::bayes_optimal_decoder,0,1,bayes_optimal_decoder,"finite stochastic channel probe; scope limited to declared channel, distinction, decoder, threshold, and formal-consumption measurements"
dec::comp_identity_then_marginal_degrade_0_10::D_parity::E_A::bayes_optimal_decoder,1,1,bayes_optimal_decoder,"finite stochastic channel probe; scope limited to declared channel, distinction, decoder, threshold, and formal-consumption measurements"
dec::comp_identity_then_marginal_degrade_0_10::D_parity::E_A::declared_decoder,0,0,declared_decoder,"finite stochastic channel probe; scope limited to declared channel, distinction, decoder, threshold, and formal-consumption measurements"
dec::comp_identity_then_marginal_degrade_0_10::D_parity::E_A::declared_decoder,1,1,declared_decoder,"finite stochastic channel probe; scope limited to declared channel, distinction, decoder, threshold, and formal-consumption measurements"
dec::comp_identity_then_marginal_degrade_0_10::D_parity::E_B::bayes_optimal_decoder,0,1,bayes_optimal_decoder,"finite stochastic channel probe; scope limited to declared channel, distinction, decoder, threshold, and formal-consumption measurements"
dec::comp_identity_then_marginal_degrade_0_10::D_parity::E_B::bayes_optimal_decoder,1,1,bayes_optimal_decoder,"finite stochastic channel probe; scope limited to declared channel, distinction, decoder, threshold, and formal-consumption measurements"
dec::comp_identity_then_marginal_degrade_0_10::D_parity::E_B::declared_decoder,0,0,declared_decoder,"finite stochastic channel probe; scope limited to declared channel, distinction, decoder, threshold, and formal-consumption measurements"
dec::comp_identity_then_marginal_degrade_0_10::D_parity::E_B::declared_decoder,1,1,declared_decoder,"finite stochastic channel probe; scope limited to declared channel, distinction, decoder, threshold, and formal-consumption measurements"
dec::comp_identity_then_marginal_degrade_0_10::D_parity::E_joint::bayes_optimal_decoder,00,0,bayes_optimal_decoder,"finite stochastic channel probe; scope limited to declared channel, distinction, decoder, threshold, and formal-consumption measurements"
dec::comp_identity_then_marginal_degrade_0_10::D_parity::E_joint::bayes_optimal_decoder,01,1,bayes_optimal_decoder,"finite stochastic channel probe; scope limited to declared channel, distinction, decoder, threshold, and formal-consumption measurements"
dec::comp_identity_then_marginal_degrade_0_10::D_parity::E_joint::bayes_optimal_decoder,10,1,bayes_optimal_decoder,"finite stochastic channel probe; scope limited to declared channel, distinction, decoder, threshold, and formal-consumption measurements"
dec::comp_identity_then_marginal_degrade_0_10::D_parity::E_joint::bayes_optimal_decoder,11,0,bayes_optimal_decoder,"finite stochastic channel probe; scope limited to declared channel, distinction, decoder, threshold, and formal-consumption measurements"
dec::comp_identity_then_marginal_degrade_0_10::D_parity::E_parity::bayes_optimal_decoder,0,0,bayes_optimal_decoder,"finite stochastic channel probe; scope limited to declared channel, distinction, decoder, threshold, and formal-consumption measurements"
dec::comp_identity_then_marginal_degrade_0_10::D_parity::E_parity::bayes_optimal_decoder,1,1,bayes_optimal_decoder,"finite stochastic channel probe; scope limited to declared channel, distinction, decoder, threshold, and formal-consumption measurements"
dec::comp_identity_then_marginal_degrade_0_10::D_parity::E_parity::declared_decoder,0,0,declared_decoder,"finite stochastic channel probe; scope limited to declared channel, distinction, decoder, threshold, and formal-consumption measurements"
dec::comp_identity_then_marginal_degrade_0_10::D_parity::E_parity::declared_decoder,1,1,declared_decoder,"finite stochastic channel probe; scope limited to declared channel, distinction, decoder, threshold, and formal-consumption measurements"
dec::comp_identity_then_marginal_degrade_0_10::D_parity::E_trivial::bayes_optimal_decoder,*,1,bayes_optimal_decoder,"finite stochastic channel probe; scope limited to declared channel, distinction, decoder, threshold, and formal-consumption measurements"
dec::comp_identity_then_marginal_degrade_0_10::D_trivial::E_A::bayes_optimal_decoder,0,*,bayes_optimal_decoder,"finite stochastic channel probe; scope limited to declared channel, distinction, decoder, threshold, and formal-consumption measurements"
dec::comp_identity_then_marginal_degrade_0_10::D_trivial::E_A::bayes_optimal_decoder,1,*,bayes_optimal_decoder,"finite stochastic channel probe; scope limited to declared channel, distinction, decoder, threshold, and formal-consumption measurements"
dec::comp_identity_then_marginal_degrade_0_10::D_trivial::E_A::exact_decoder,0,*,exact_decoder,"finite stochastic channel probe; scope limited to declared channel, distinction, decoder, threshold, and formal-consumption measurements"
dec::comp_identity_then_marginal_degrade_0_10::D_trivial::E_A::exact_decoder,1,*,exact_decoder,"finite stochastic channel probe; scope limited to declared channel, distinction, decoder, threshold, and formal-consumption measurements"
dec::comp_identity_then_marginal_degrade_0_10::D_trivial::E_B::bayes_optimal_decoder,0,*,bayes_optimal_decoder,"finite stochastic channel probe; scope limited to declared channel, distinction, decoder, threshold, and formal-consumption measurements"
dec::comp_identity_then_marginal_degrade_0_10::D_trivial::E_B::bayes_optimal_decoder,1,*,bayes_optimal_decoder,"finite stochastic channel probe; scope limited to declared channel, distinction, decoder, threshold, and formal-consumption measurements"
dec::comp_identity_then_marginal_degrade_0_10::D_trivial::E_B::exact_decoder,0,*,exact_decoder,"finite stochastic channel probe; scope limited to declared channel, distinction, decoder, threshold, and formal-consumption measurements"
dec::comp_identity_then_marginal_degrade_0_10::D_trivial::E_B::exact_decoder,1,*,exact_decoder,"finite stochastic channel probe; scope limited to declared channel, distinction, decoder, threshold, and formal-consumption measurements"
dec::comp_identity_then_marginal_degrade_0_10::D_trivial::E_joint::bayes_optimal_decoder,00,*,bayes_optimal_decoder,"finite stochastic channel probe; scope limited to declared channel, distinction, decoder, threshold, and formal-consumption measurements"
dec::comp_identity_then_marginal_degrade_0_10::D_trivial::E_joint::bayes_optimal_decoder,01,*,bayes_optimal_decoder,"finite stochastic channel probe; scope limited to declared channel, distinction, decoder, threshold, and formal-consumption measurements"
dec::comp_identity_then_marginal_degrade_0_10::D_trivial::E_joint::bayes_optimal_decoder,10,*,bayes_optimal_decoder,"finite stochastic channel probe; scope limited to declared channel, distinction, decoder, threshold, and formal-consumption measurements"
dec::comp_identity_then_marginal_degrade_0_10::D_trivial::E_joint::bayes_optimal_decoder,11,*,bayes_optimal_decoder,"finite stochastic channel probe; scope limited to declared channel, distinction, decoder, threshold, and formal-consumption measurements"
dec::comp_identity_then_marginal_degrade_0_10::D_trivial::E_joint::exact_decoder,00,*,exact_decoder,"finite stochastic channel probe; scope limited to declared channel, distinction, decoder, threshold, and formal-consumption measurements"
dec::comp_identity_then_marginal_degrade_0_10::D_trivial::E_joint::exact_decoder,01,*,exact_decoder,"finite stochastic channel probe; scope limited to declared channel, distinction, decoder, threshold, and formal-consumption measurements"
dec::comp_identity_then_marginal_degrade_0_10::D_trivial::E_joint::exact_decoder,10,*,exact_decoder,"finite stochastic channel probe; scope limited to declared channel, distinction, decoder, threshold, and formal-consumption measurements"
dec::comp_identity_then_marginal_degrade_0_10::D_trivial::E_joint::exact_decoder,11,*,exact_decoder,"finite stochastic channel probe; scope limited to declared channel, distinction, decoder, threshold, and formal-consumption measurements"
dec::comp_identity_then_marginal_degrade_0_10::D_trivial::E_parity::bayes_optimal_decoder,0,*,bayes_optimal_decoder,"finite stochastic channel probe; scope limited to declared channel, distinction, decoder, threshold, and formal-consumption measurements"
dec::comp_identity_then_marginal_degrade_0_10::D_trivial::E_parity::bayes_optimal_decoder,1,*,bayes_optimal_decoder,"finite stochastic channel probe; scope limited to declared channel, distinction, decoder, threshold, and formal-consumption measurements"
dec::comp_identity_then_marginal_degrade_0_10::D_trivial::E_parity::exact_decoder,0,*,exact_decoder,"finite stochastic channel probe; scope limited to declared channel, distinction, decoder, threshold, and formal-consumption measurements"
dec::comp_identity_then_marginal_degrade_0_10::D_trivial::E_parity::exact_decoder,1,*,exact_decoder,"finite stochastic channel probe; scope limited to declared channel, distinction, decoder, threshold, and formal-consumption measurements"
dec::comp_identity_then_marginal_degrade_0_10::D_trivial::E_trivial::bayes_optimal_decoder,*,*,bayes_optimal_decoder,"finite stochastic channel probe; scope limited to declared channel, distinction, decoder, threshold, and formal-consumption measurements"
dec::comp_identity_then_marginal_degrade_0_10::D_trivial::E_trivial::exact_decoder,*,*,exact_decoder,"finite stochastic channel probe; scope limited to declared channel, distinction, decoder, threshold, and formal-consumption measurements"
dec::comp_identity_then_marginal_degrade_0_10::D_trivial::E_trivial::declared_decoder,*,*,declared_decoder,"finite stochastic channel probe; scope limited to declared channel, distinction, decoder, threshold, and formal-consumption measurements"
