candidate_C,compression_ratio,condition,family,label_entropy,macro_recoverability_mixing_rate,macro_viability_mixing_rate,mean_fiber_size,num_macro_labels,num_micro_states,pair_id,singleton_fraction,trap_mixing_rate,world_id,world_seed
identity,1.0,reversible,A,6.340359303727763,0.0,0.0,1.0,567,567,2,1.0,0.0,A_2_reversible,2
all_one,0.001763668430335097,reversible,A,0.0,1.0,1.0,567.0,1,567,2,0.0,1.0,A_2_reversible,2
random_k,0.02292768959435626,reversible,A,2.5423289358788614,1.0,1.0,43.61538461538461,13,567,2,0.0,1.0,A_2_reversible,2
hash_k34_s1206,0.059964726631393295,reversible,A,3.5234439856557835,1.0,1.0,16.676470588235293,34,567,2,0.0,1.0,A_2_reversible,2
trap_mixing_adversarial,0.007054673721340388,reversible,A,0.9223011154613077,1.0,1.0,141.75,4,567,2,0.0,0.5,A_2_reversible,2
best_of_10_hashes_per_world,0.059964726631393295,reversible,A,3.4918689021373135,0.9411764705882353,0.9411764705882353,16.676470588235293,34,567,2,0.0,0.9411764705882353,A_2_reversible,2
viability_signature,0.026455026455026454,reversible,A,1.952383140264562,0.0,0.13333333333333333,37.8,15,567,2,0.0,0.13333333333333333,A_2_reversible,2
behavioral_quotient_k5,0.008818342151675485,reversible,A,1.196276753318929,0.2,0.4,113.4,5,567,2,0.0,0.4,A_2_reversible,2
predictive_quotient_k5,0.008818342151675485,reversible,A,1.1758114894408684,0.2,0.4,113.4,5,567,2,0.0,0.4,A_2_reversible,2
predictive_quotient_k8,0.014109347442680775,reversible,A,1.4426075428760932,0.125,0.25,70.875,8,567,2,0.0,0.25,A_2_reversible,2
identity,1.0,reversible,A,6.340359303727763,0.0,0.0,1.0,567,567,1,1.0,0.0,A_1_reversible,1
all_one,0.001763668430335097,reversible,A,0.0,1.0,1.0,567.0,1,567,1,0.0,1.0,A_1_reversible,1
random_k,0.02292768959435626,reversible,A,2.559137944559846,1.0,1.0,43.61538461538461,13,567,1,0.0,1.0,A_1_reversible,1
hash_k34_s1206,0.059964726631393295,reversible,A,3.5234439856557835,1.0,1.0,16.676470588235293,34,567,1,0.0,1.0,A_1_reversible,1
trap_mixing_adversarial,0.007054673721340388,reversible,A,0.9232763374623556,1.0,1.0,141.75,4,567,1,0.0,0.5,A_1_reversible,1
best_of_10_hashes_per_world,0.037037037037037035,reversible,A,3.0209603696202785,0.9523809523809523,0.9523809523809523,27.0,21,567,1,0.0,0.9523809523809523,A_1_reversible,1
viability_signature,0.026455026455026454,reversible,A,1.938028052707846,0.0,0.13333333333333333,37.8,15,567,1,0.0,0.13333333333333333,A_1_reversible,1
behavioral_quotient_k5,0.008818342151675485,reversible,A,1.1478017131295115,0.2,0.6,113.4,5,567,1,0.0,0.4,A_1_reversible,1
predictive_quotient_k5,0.008818342151675485,reversible,A,1.133729649434888,0.4,0.6,113.4,5,567,1,0.0,0.4,A_1_reversible,1
predictive_quotient_k8,0.014109347442680775,reversible,A,1.7653616942486838,0.375,0.5,70.875,8,567,1,0.0,0.375,A_1_reversible,1
identity,1.0,irreversible,A,6.340359303727763,0.0,0.0,1.0,567,567,1,1.0,0.0,A_1_irreversible,1
all_one,0.001763668430335097,irreversible,A,0.0,1.0,1.0,567.0,1,567,1,0.0,1.0,A_1_irreversible,1
random_k,0.02292768959435626,irreversible,A,2.559137944559846,1.0,1.0,43.61538461538461,13,567,1,0.0,1.0,A_1_irreversible,1
hash_k34_s1206,0.059964726631393295,irreversible,A,3.5234439856557835,1.0,1.0,16.676470588235293,34,567,1,0.0,1.0,A_1_irreversible,1
trap_mixing_adversarial,0.005291005291005291,irreversible,A,0.7498763393946101,1.0,1.0,189.0,3,567,1,0.0,0.6666666666666666,A_1_irreversible,1
best_of_10_hashes_per_world,0.003527336860670194,irreversible,A,0.6924611526112329,1.0,1.0,283.5,2,567,1,0.0,1.0,A_1_irreversible,1
viability_signature,0.02292768959435626,irreversible,A,1.8518700656914182,0.0,0.07692307692307693,43.61538461538461,13,567,1,0.0,0.23076923076923078,A_1_irreversible,1
behavioral_quotient_k5,0.008818342151675485,irreversible,A,1.1077505487084205,0.4,0.6,113.4,5,567,1,0.0,0.4,A_1_irreversible,1
predictive_quotient_k5,0.008818342151675485,irreversible,A,1.0861023893483133,0.4,0.4,113.4,5,567,1,0.0,0.2,A_1_irreversible,1
predictive_quotient_k8,0.014109347442680775,irreversible,A,1.3954414056735425,0.375,0.375,70.875,8,567,1,0.0,0.25,A_1_irreversible,1
identity,1.0,irreversible,A,6.340359303727763,0.0,0.0,1.0,567,567,2,1.0,0.0,A_2_irreversible,2
all_one,0.001763668430335097,irreversible,A,0.0,1.0,1.0,567.0,1,567,2,0.0,1.0,A_2_irreversible,2
random_k,0.02292768959435626,irreversible,A,2.5423289358788614,0.9230769230769231,0.9230769230769231,43.61538461538461,13,567,2,0.0,1.0,A_2_irreversible,2
hash_k34_s1206,0.059964726631393295,irreversible,A,3.5234439856557835,0.8823529411764706,0.9117647058823529,16.676470588235293,34,567,2,0.0,1.0,A_2_irreversible,2
trap_mixing_adversarial,0.005291005291005291,irreversible,A,0.7508027480806755,1.0,1.0,189.0,3,567,2,0.0,0.6666666666666666,A_2_irreversible,2
best_of_10_hashes_per_world,0.003527336860670194,irreversible,A,0.693108298476852,1.0,1.0,283.5,2,567,2,0.0,1.0,A_2_irreversible,2
viability_signature,0.024691358024691357,irreversible,A,1.7994237869901926,0.0,0.14285714285714285,40.5,14,567,2,0.0,0.21428571428571427,A_2_irreversible,2
behavioral_quotient_k5,0.008818342151675485,irreversible,A,1.0620335057959198,0.4,0.4,113.4,5,567,2,0.0,0.2,A_2_irreversible,2
predictive_quotient_k5,0.008818342151675485,irreversible,A,1.056030779787112,0.4,0.4,113.4,5,567,2,0.0,0.2,A_2_irreversible,2
predictive_quotient_k8,0.014109347442680775,irreversible,A,1.5847381716262672,0.5,0.375,70.875,8,567,2,0.0,0.375,A_2_irreversible,2
identity,1.0,irreversible,A,6.340359303727763,0.0,0.0,1.0,567,567,7,1.0,0.0,A_7_irreversible,7
all_one,0.001763668430335097,irreversible,A,0.0,1.0,1.0,567.0,1,567,7,0.0,1.0,A_7_irreversible,7
random_k,0.02292768959435626,irreversible,A,2.5518823706874976,1.0,1.0,43.61538461538461,13,567,7,0.0,1.0,A_7_irreversible,7
hash_k34_s1206,0.059964726631393295,irreversible,A,3.5234439856557835,1.0,1.0,16.676470588235293,34,567,7,0.0,1.0,A_7_irreversible,7
trap_mixing_adversarial,0.007054673721340388,irreversible,A,0.9232763374623556,1.0,1.0,141.75,4,567,7,0.0,0.5,A_7_irreversible,7
best_of_10_hashes_per_world,0.003527336860670194,irreversible,A,0.6921748258823891,1.0,1.0,283.5,2,567,7,0.0,1.0,A_7_irreversible,7
viability_signature,0.024691358024691357,irreversible,A,2.009784049314763,0.0,0.14285714285714285,40.5,14,567,7,0.0,0.21428571428571427,A_7_irreversible,7
behavioral_quotient_k5,0.008818342151675485,irreversible,A,1.158031734059572,0.4,0.4,113.4,5,567,7,0.0,0.2,A_7_irreversible,7
predictive_quotient_k5,0.008818342151675485,irreversible,A,1.1620981617180104,0.2,0.2,113.4,5,567,7,0.0,0.2,A_7_irreversible,7
predictive_quotient_k8,0.014109347442680775,irreversible,A,1.6564997967176809,0.125,0.125,70.875,8,567,7,0.0,0.25,A_7_irreversible,7
identity,1.0,irreversible,A,6.340359303727763,0.0,0.0,1.0,567,567,4,1.0,0.0,A_4_irreversible,4
all_one,0.001763668430335097,irreversible,A,0.0,1.0,1.0,567.0,1,567,4,0.0,1.0,A_4_irreversible,4
random_k,0.02292768959435626,irreversible,A,2.557922267740941,1.0,1.0,43.61538461538461,13,567,4,0.0,1.0,A_4_irreversible,4
hash_k34_s1206,0.059964726631393295,irreversible,A,3.5234439856557835,1.0,1.0,16.676470588235293,34,567,4,0.0,1.0,A_4_irreversible,4
trap_mixing_adversarial,0.007054673721340388,irreversible,A,0.9232763374623556,1.0,1.0,141.75,4,567,4,0.0,0.5,A_4_irreversible,4
best_of_10_hashes_per_world,0.003527336860670194,irreversible,A,0.6931331831261411,1.0,1.0,283.5,2,567,4,0.0,1.0,A_4_irreversible,4
viability_signature,0.024691358024691357,irreversible,A,1.8420583590332182,0.0,0.14285714285714285,40.5,14,567,4,0.0,0.21428571428571427,A_4_irreversible,4
behavioral_quotient_k5,0.008818342151675485,irreversible,A,1.1539284757342134,0.2,0.4,113.4,5,567,4,0.0,0.2,A_4_irreversible,4
predictive_quotient_k5,0.008818342151675485,irreversible,A,1.1314070943515764,0.6,0.4,113.4,5,567,4,0.0,0.2,A_4_irreversible,4
predictive_quotient_k8,0.014109347442680775,irreversible,A,1.6280303458061638,0.375,0.375,70.875,8,567,4,0.0,0.25,A_4_irreversible,4
identity,1.0,irreversible,A,6.340359303727763,0.0,0.0,1.0,567,567,8,1.0,0.0,A_8_irreversible,8
all_one,0.001763668430335097,irreversible,A,0.0,1.0,1.0,567.0,1,567,8,0.0,1.0,A_8_irreversible,8
random_k,0.02292768959435626,irreversible,A,2.5521292355599585,1.0,1.0,43.61538461538461,13,567,8,0.0,1.0,A_8_irreversible,8
hash_k34_s1206,0.059964726631393295,irreversible,A,3.5234439856557835,1.0,1.0,16.676470588235293,34,567,8,0.0,1.0,A_8_irreversible,8
trap_mixing_adversarial,0.007054673721340388,irreversible,A,0.9232763374623556,1.0,1.0,141.75,4,567,8,0.0,0.5,A_8_irreversible,8
best_of_10_hashes_per_world,0.003527336860670194,irreversible,A,0.6929589819103094,1.0,1.0,283.5,2,567,8,0.0,1.0,A_8_irreversible,8
viability_signature,0.024691358024691357,irreversible,A,1.946717761819704,0.0,0.14285714285714285,40.5,14,567,8,0.0,0.21428571428571427,A_8_irreversible,8
behavioral_quotient_k5,0.008818342151675485,irreversible,A,1.162006722836758,0.4,0.4,113.4,5,567,8,0.0,0.2,A_8_irreversible,8
predictive_quotient_k5,0.008818342151675485,irreversible,A,1.1514183880996647,0.2,0.2,113.4,5,567,8,0.0,0.0,A_8_irreversible,8
predictive_quotient_k8,0.014109347442680775,irreversible,A,1.6236368277426743,0.125,0.125,70.875,8,567,8,0.0,0.0,A_8_irreversible,8
identity,1.0,irreversible,A,6.340359303727763,0.0,0.0,1.0,567,567,5,1.0,0.0,A_5_irreversible,5
all_one,0.001763668430335097,irreversible,A,0.0,1.0,1.0,567.0,1,567,5,0.0,1.0,A_5_irreversible,5
random_k,0.02292768959435626,irreversible,A,2.5607001204098574,1.0,1.0,43.61538461538461,13,567,5,0.0,1.0,A_5_irreversible,5
hash_k34_s1206,0.059964726631393295,irreversible,A,3.5234439856557835,0.9411764705882353,0.9705882352941176,16.676470588235293,34,567,5,0.0,1.0,A_5_irreversible,5
trap_mixing_adversarial,0.007054673721340388,irreversible,A,0.8491436411504636,1.0,1.0,141.75,4,567,5,0.0,0.5,A_5_irreversible,5
best_of_10_hashes_per_world,0.003527336860670194,irreversible,A,0.6925856254343976,1.0,1.0,283.5,2,567,5,0.0,1.0,A_5_irreversible,5
viability_signature,0.02292768959435626,irreversible,A,1.8954515587965346,0.0,0.15384615384615385,43.61538461538461,13,567,5,0.0,0.23076923076923078,A_5_irreversible,5
behavioral_quotient_k5,0.008818342151675485,irreversible,A,1.0949274563445954,0.2,0.4,113.4,5,567,5,0.0,0.4,A_5_irreversible,5
predictive_quotient_k5,0.008818342151675485,irreversible,A,1.0951114852597936,0.2,0.4,113.4,5,567,5,0.0,0.4,A_5_irreversible,5
predictive_quotient_k8,0.014109347442680775,irreversible,A,1.6603427181780952,0.25,0.25,70.875,8,567,5,0.0,0.125,A_5_irreversible,5
identity,1.0,reversible,A,6.340359303727763,0.0,0.0,1.0,567,567,6,1.0,0.0,A_6_reversible,6
all_one,0.001763668430335097,reversible,A,0.0,1.0,1.0,567.0,1,567,6,0.0,1.0,A_6_reversible,6
random_k,0.02292768959435626,reversible,A,2.554076126471414,1.0,1.0,43.61538461538461,13,567,6,0.0,1.0,A_6_reversible,6
hash_k34_s1206,0.059964726631393295,reversible,A,3.5234439856557835,1.0,1.0,16.676470588235293,34,567,6,0.0,1.0,A_6_reversible,6
trap_mixing_adversarial,0.007054673721340388,reversible,A,0.9232763374623556,1.0,1.0,141.75,4,567,6,0.0,0.5,A_6_reversible,6
best_of_10_hashes_per_world,0.037037037037037035,reversible,A,3.0236039261688927,1.0,1.0,27.0,21,567,6,0.0,1.0,A_6_reversible,6
viability_signature,0.02821869488536155,reversible,A,2.061121613706688,0.0,0.125,35.4375,16,567,6,0.0625,0.125,A_6_reversible,6
behavioral_quotient_k5,0.008818342151675485,reversible,A,1.1818044758929225,0.4,0.4,113.4,5,567,6,0.0,0.2,A_6_reversible,6
predictive_quotient_k5,0.008818342151675485,reversible,A,1.1134719922686394,0.4,0.6,113.4,5,567,6,0.0,0.4,A_6_reversible,6
predictive_quotient_k8,0.014109347442680775,reversible,A,1.7479214068332343,0.25,0.375,70.875,8,567,6,0.0,0.5,A_6_reversible,6
identity,1.0,reversible,A,6.340359303727763,0.0,0.0,1.0,567,567,5,1.0,0.0,A_5_reversible,5
all_one,0.001763668430335097,reversible,A,0.0,1.0,1.0,567.0,1,567,5,0.0,1.0,A_5_reversible,5
random_k,0.02292768959435626,reversible,A,2.5607001204098574,1.0,1.0,43.61538461538461,13,567,5,0.0,1.0,A_5_reversible,5
hash_k34_s1206,0.059964726631393295,reversible,A,3.5234439856557835,1.0,1.0,16.676470588235293,34,567,5,0.0,1.0,A_5_reversible,5
trap_mixing_adversarial,0.007054673721340388,reversible,A,0.9223011154613077,1.0,1.0,141.75,4,567,5,0.0,0.5,A_5_reversible,5
best_of_10_hashes_per_world,0.059964726631393295,reversible,A,3.496795609134514,0.9705882352941176,0.9705882352941176,16.676470588235293,34,567,5,0.0,0.9705882352941176,A_5_reversible,5
viability_signature,0.026455026455026454,reversible,A,2.02725861900005,0.0,0.13333333333333333,37.8,15,567,5,0.0,0.13333333333333333,A_5_reversible,5
behavioral_quotient_k5,0.008818342151675485,reversible,A,1.2218821047543706,0.2,0.6,113.4,5,567,5,0.0,0.4,A_5_reversible,5
predictive_quotient_k5,0.008818342151675485,reversible,A,1.1936536149402392,0.4,0.6,113.4,5,567,5,0.0,0.4,A_5_reversible,5
predictive_quotient_k8,0.014109347442680775,reversible,A,1.6280441122770783,0.375,0.5,70.875,8,567,5,0.0,0.375,A_5_reversible,5
identity,1.0,reversible,A,6.340359303727763,0.0,0.0,1.0,567,567,7,1.0,0.0,A_7_reversible,7
all_one,0.001763668430335097,reversible,A,0.0,1.0,1.0,567.0,1,567,7,0.0,1.0,A_7_reversible,7
random_k,0.02292768959435626,reversible,A,2.5518823706874976,1.0,1.0,43.61538461538461,13,567,7,0.0,1.0,A_7_reversible,7
hash_k34_s1206,0.059964726631393295,reversible,A,3.5234439856557835,1.0,1.0,16.676470588235293,34,567,7,0.0,1.0,A_7_reversible,7
trap_mixing_adversarial,0.007054673721340388,reversible,A,0.8481934526498114,1.0,1.0,141.75,4,567,7,0.0,0.5,A_7_reversible,7
best_of_10_hashes_per_world,0.059964726631393295,reversible,A,3.4969333343941984,0.9117647058823529,0.9117647058823529,16.676470588235293,34,567,7,0.0,0.9411764705882353,A_7_reversible,7
viability_signature,0.026455026455026454,reversible,A,2.0166325144890687,0.0,0.13333333333333333,37.8,15,567,7,0.0,0.13333333333333333,A_7_reversible,7
behavioral_quotient_k5,0.008818342151675485,reversible,A,1.1910334021653688,0.4,0.4,113.4,5,567,7,0.0,0.2,A_7_reversible,7
predictive_quotient_k5,0.008818342151675485,reversible,A,1.2063254789692086,0.2,0.4,113.4,5,567,7,0.0,0.2,A_7_reversible,7
predictive_quotient_k8,0.014109347442680775,reversible,A,1.7640522076086986,0.125,0.375,70.875,8,567,7,0.0,0.25,A_7_reversible,7
identity,1.0,irreversible,A,6.340359303727763,0.0,0.0,1.0,567,567,0,1.0,0.0,A_0_irreversible,0
all_one,0.001763668430335097,irreversible,A,0.0,1.0,1.0,567.0,1,567,0,0.0,1.0,A_0_irreversible,0
random_k,0.02292768959435626,irreversible,A,2.5580056167669105,0.9230769230769231,1.0,43.61538461538461,13,567,0,0.0,1.0,A_0_irreversible,0
hash_k34_s1206,0.059964726631393295,irreversible,A,3.5234439856557835,1.0,1.0,16.676470588235293,34,567,0,0.0,1.0,A_0_irreversible,0
trap_mixing_adversarial,0.005291005291005291,irreversible,A,0.7508027480806755,1.0,1.0,189.0,3,567,0,0.0,0.6666666666666666,A_0_irreversible,0
best_of_10_hashes_per_world,0.09700176366843033,irreversible,A,3.9598003485367297,0.5818181818181818,0.6545454545454545,10.309090909090909,55,567,0,0.0,0.7090909090909091,A_0_irreversible,0
viability_signature,0.026455026455026454,irreversible,A,1.876719090011543,0.0,0.13333333333333333,37.8,15,567,0,0.0,0.2,A_0_irreversible,0
behavioral_quotient_k5,0.008818342151675485,irreversible,A,1.08545856553304,0.4,0.4,113.4,5,567,0,0.0,0.4,A_0_irreversible,0
predictive_quotient_k5,0.008818342151675485,irreversible,A,1.0896898622433826,0.2,0.4,113.4,5,567,0,0.0,0.4,A_0_irreversible,0
predictive_quotient_k8,0.014109347442680775,irreversible,A,1.5591793074696745,0.25,0.375,70.875,8,567,0,0.0,0.25,A_0_irreversible,0
identity,1.0,reversible,A,6.340359303727763,0.0,0.0,1.0,567,567,4,1.0,0.0,A_4_reversible,4
all_one,0.001763668430335097,reversible,A,0.0,1.0,1.0,567.0,1,567,4,0.0,1.0,A_4_reversible,4
random_k,0.02292768959435626,reversible,A,2.557922267740941,1.0,1.0,43.61538461538461,13,567,4,0.0,1.0,A_4_reversible,4
hash_k34_s1206,0.059964726631393295,reversible,A,3.5234439856557835,1.0,1.0,16.676470588235293,34,567,4,0.0,1.0,A_4_reversible,4
trap_mixing_adversarial,0.007054673721340388,reversible,A,0.8891191589362224,1.0,1.0,141.75,4,567,4,0.0,0.5,A_4_reversible,4
best_of_10_hashes_per_world,0.059964726631393295,reversible,A,3.4960653065060208,0.9705882352941176,0.9705882352941176,16.676470588235293,34,567,4,0.0,1.0,A_4_reversible,4
viability_signature,0.026455026455026454,reversible,A,1.897987680246578,0.0,0.13333333333333333,37.8,15,567,4,0.0,0.13333333333333333,A_4_reversible,4
behavioral_quotient_k5,0.008818342151675485,reversible,A,1.1654794212426018,0.2,0.4,113.4,5,567,4,0.0,0.2,A_4_reversible,4
predictive_quotient_k5,0.008818342151675485,reversible,A,1.16941864655474,0.2,0.4,113.4,5,567,4,0.0,0.2,A_4_reversible,4
predictive_quotient_k8,0.014109347442680775,reversible,A,1.5222644772368767,0.125,0.25,70.875,8,567,4,0.0,0.25,A_4_reversible,4
identity,1.0,reversible,A,6.340359303727763,0.0,0.0,1.0,567,567,10,1.0,0.0,A_10_reversible,10
all_one,0.001763668430335097,reversible,A,0.0,1.0,1.0,567.0,1,567,10,0.0,1.0,A_10_reversible,10
random_k,0.02292768959435626,reversible,A,2.5578379183148203,1.0,1.0,43.61538461538461,13,567,10,0.0,1.0,A_10_reversible,10
hash_k34_s1206,0.059964726631393295,reversible,A,3.5234439856557835,1.0,1.0,16.676470588235293,34,567,10,0.0,1.0,A_10_reversible,10
trap_mixing_adversarial,0.007054673721340388,reversible,A,0.9232763374623556,1.0,1.0,141.75,4,567,10,0.0,0.5,A_10_reversible,10
best_of_10_hashes_per_world,0.09700176366843033,reversible,A,3.9542328935086193,0.8,0.8181818181818182,10.309090909090909,55,567,10,0.0,0.8545454545454545,A_10_reversible,10
viability_signature,0.026455026455026454,reversible,A,1.938028052707846,0.0,0.13333333333333333,37.8,15,567,10,0.0,0.13333333333333333,A_10_reversible,10
behavioral_quotient_k5,0.008818342151675485,reversible,A,1.1757023550093335,0.2,0.4,113.4,5,567,10,0.0,0.2,A_10_reversible,10
predictive_quotient_k5,0.008818342151675485,reversible,A,1.1499790548404454,0.2,0.4,113.4,5,567,10,0.0,0.4,A_10_reversible,10
predictive_quotient_k8,0.014109347442680775,reversible,A,1.6802665189158252,0.125,0.375,70.875,8,567,10,0.0,0.375,A_10_reversible,10
identity,1.0,reversible,A,6.340359303727763,0.0,0.0,1.0,567,567,8,1.0,0.0,A_8_reversible,8
all_one,0.001763668430335097,reversible,A,0.0,1.0,1.0,567.0,1,567,8,0.0,1.0,A_8_reversible,8
random_k,0.02292768959435626,reversible,A,2.5521292355599585,1.0,1.0,43.61538461538461,13,567,8,0.0,1.0,A_8_reversible,8
hash_k34_s1206,0.059964726631393295,reversible,A,3.5234439856557835,1.0,1.0,16.676470588235293,34,567,8,0.0,1.0,A_8_reversible,8
trap_mixing_adversarial,0.007054673721340388,reversible,A,0.9232763374623556,1.0,1.0,141.75,4,567,8,0.0,0.5,A_8_reversible,8
best_of_10_hashes_per_world,0.037037037037037035,reversible,A,3.034858863190147,1.0,1.0,27.0,21,567,8,0.0,1.0,A_8_reversible,8
viability_signature,0.026455026455026454,reversible,A,2.1050429592381756,0.0,0.13333333333333333,37.8,15,567,8,0.0,0.13333333333333333,A_8_reversible,8
behavioral_quotient_k5,0.008818342151675485,reversible,A,1.2330103667157903,0.2,0.4,113.4,5,567,8,0.0,0.2,A_8_reversible,8
predictive_quotient_k5,0.008818342151675485,reversible,A,1.1985496677443017,0.4,0.4,113.4,5,567,8,0.0,0.2,A_8_reversible,8
predictive_quotient_k8,0.014109347442680775,reversible,A,1.6080537561458699,0.125,0.25,70.875,8,567,8,0.0,0.125,A_8_reversible,8
identity,1.0,irreversible,A,6.340359303727763,0.0,0.0,1.0,567,567,10,1.0,0.0,A_10_irreversible,10
all_one,0.001763668430335097,irreversible,A,0.0,1.0,1.0,567.0,1,567,10,0.0,1.0,A_10_irreversible,10
random_k,0.02292768959435626,irreversible,A,2.5578379183148203,1.0,1.0,43.61538461538461,13,567,10,0.0,1.0,A_10_irreversible,10
hash_k34_s1206,0.059964726631393295,irreversible,A,3.5234439856557835,1.0,1.0,16.676470588235293,34,567,10,0.0,1.0,A_10_irreversible,10
trap_mixing_adversarial,0.007054673721340388,irreversible,A,0.8826593053094995,0.75,0.75,141.75,4,567,10,0.0,0.5,A_10_irreversible,10
best_of_10_hashes_per_world,0.003527336860670194,irreversible,A,0.6902687360898898,1.0,1.0,283.5,2,567,10,0.0,1.0,A_10_irreversible,10
viability_signature,0.024691358024691357,irreversible,A,1.9072185304552784,0.0,0.14285714285714285,40.5,14,567,10,0.0,0.21428571428571427,A_10_irreversible,10
behavioral_quotient_k5,0.008818342151675485,irreversible,A,1.1008491518100327,0.2,0.2,113.4,5,567,10,0.0,0.2,A_10_irreversible,10
predictive_quotient_k5,0.008818342151675485,irreversible,A,1.0972770891639834,0.2,0.2,113.4,5,567,10,0.0,0.4,A_10_irreversible,10
predictive_quotient_k8,0.014109347442680775,irreversible,A,1.5158761067694129,0.125,0.125,70.875,8,567,10,0.0,0.125,A_10_irreversible,10
identity,1.0,irreversible,A,6.340359303727763,0.0,0.0,1.0,567,567,9,1.0,0.0,A_9_irreversible,9
all_one,0.001763668430335097,irreversible,A,0.0,1.0,1.0,567.0,1,567,9,0.0,1.0,A_9_irreversible,9
random_k,0.02292768959435626,irreversible,A,2.554671063245486,1.0,1.0,43.61538461538461,13,567,9,0.0,1.0,A_9_irreversible,9
hash_k34_s1206,0.059964726631393295,irreversible,A,3.5234439856557835,1.0,1.0,16.676470588235293,34,567,9,0.0,1.0,A_9_irreversible,9
trap_mixing_adversarial,0.005291005291005291,irreversible,A,0.7508027480806755,1.0,1.0,189.0,3,567,9,0.0,0.6666666666666666,A_9_irreversible,9
best_of_10_hashes_per_world,0.09700176366843033,irreversible,A,3.966946299779678,0.6727272727272727,0.7090909090909091,10.309090909090909,55,567,9,0.0,0.7636363636363637,A_9_irreversible,9
viability_signature,0.026455026455026454,irreversible,A,1.876719090011543,0.0,0.13333333333333333,37.8,15,567,9,0.0,0.2,A_9_irreversible,9
behavioral_quotient_k5,0.008818342151675485,irreversible,A,1.0975730488407234,0.2,0.6,113.4,5,567,9,0.0,0.4,A_9_irreversible,9
predictive_quotient_k5,0.008818342151675485,irreversible,A,1.1169841173605184,0.2,0.4,113.4,5,567,9,0.0,0.2,A_9_irreversible,9
predictive_quotient_k8,0.014109347442680775,irreversible,A,1.5645788771871512,0.375,0.375,70.875,8,567,9,0.0,0.5,A_9_irreversible,9
identity,1.0,irreversible,A,6.340359303727763,0.0,0.0,1.0,567,567,11,1.0,0.0,A_11_irreversible,11
all_one,0.001763668430335097,irreversible,A,0.0,1.0,1.0,567.0,1,567,11,0.0,1.0,A_11_irreversible,11
random_k,0.02292768959435626,irreversible,A,2.5480844975963874,1.0,1.0,43.61538461538461,13,567,11,0.0,1.0,A_11_irreversible,11
hash_k34_s1206,0.059964726631393295,irreversible,A,3.5234439856557835,1.0,1.0,16.676470588235293,34,567,11,0.0,1.0,A_11_irreversible,11
trap_mixing_adversarial,0.005291005291005291,irreversible,A,0.7911031896650416,1.0,1.0,189.0,3,567,11,0.0,0.6666666666666666,A_11_irreversible,11
best_of_10_hashes_per_world,0.003527336860670194,irreversible,A,0.6925856254343976,1.0,1.0,283.5,2,567,11,0.0,1.0,A_11_irreversible,11
viability_signature,0.024691358024691357,irreversible,A,1.9351210026091628,0.0,0.07142857142857142,40.5,14,567,11,0.0,0.21428571428571427,A_11_irreversible,11
behavioral_quotient_k5,0.008818342151675485,irreversible,A,1.0844228842546089,0.4,0.4,113.4,5,567,11,0.0,0.4,A_11_irreversible,11
predictive_quotient_k5,0.008818342151675485,irreversible,A,1.069172395400088,0.4,0.4,113.4,5,567,11,0.0,0.4,A_11_irreversible,11
predictive_quotient_k8,0.014109347442680775,irreversible,A,1.4547687483753708,0.375,0.25,70.875,8,567,11,0.0,0.25,A_11_irreversible,11
identity,1.0,reversible,A,6.340359303727763,0.0,0.0,1.0,567,567,3,1.0,0.0,A_3_reversible,3
all_one,0.001763668430335097,reversible,A,0.0,1.0,1.0,567.0,1,567,3,0.0,1.0,A_3_reversible,3
random_k,0.02292768959435626,reversible,A,2.5537091518848767,1.0,1.0,43.61538461538461,13,567,3,0.0,1.0,A_3_reversible,3
hash_k34_s1206,0.059964726631393295,reversible,A,3.5234439856557835,1.0,1.0,16.676470588235293,34,567,3,0.0,1.0,A_3_reversible,3
trap_mixing_adversarial,0.007054673721340388,reversible,A,0.8813754091748968,1.0,1.0,141.75,4,567,3,0.0,0.5,A_3_reversible,3
best_of_10_hashes_per_world,0.037037037037037035,reversible,A,3.0185942624896236,1.0,1.0,27.0,21,567,3,0.0,1.0,A_3_reversible,3
viability_signature,0.02821869488536155,reversible,A,2.1008792313133444,0.0,0.125,35.4375,16,567,3,0.0625,0.125,A_3_reversible,3
behavioral_quotient_k5,0.008818342151675485,reversible,A,1.2016805454067705,0.2,0.4,113.4,5,567,3,0.0,0.2,A_3_reversible,3
predictive_quotient_k5,0.008818342151675485,reversible,A,1.1923550903260893,0.2,0.4,113.4,5,567,3,0.0,0.2,A_3_reversible,3
predictive_quotient_k8,0.014109347442680775,reversible,A,1.4989509056890713,0.125,0.25,70.875,8,567,3,0.0,0.25,A_3_reversible,3
identity,1.0,irreversible,A,6.340359303727763,0.0,0.0,1.0,567,567,3,1.0,0.0,A_3_irreversible,3
all_one,0.001763668430335097,irreversible,A,0.0,1.0,1.0,567.0,1,567,3,0.0,1.0,A_3_irreversible,3
random_k,0.02292768959435626,irreversible,A,2.5537091518848767,1.0,1.0,43.61538461538461,13,567,3,0.0,1.0,A_3_irreversible,3
hash_k34_s1206,0.059964726631393295,irreversible,A,3.5234439856557835,1.0,1.0,16.676470588235293,34,567,3,0.0,1.0,A_3_irreversible,3
trap_mixing_adversarial,0.007054673721340388,irreversible,A,0.8494602317189535,1.0,1.0,141.75,4,567,3,0.0,0.5,A_3_irreversible,3
best_of_10_hashes_per_world,0.037037037037037035,irreversible,A,3.0185942624896236,0.9523809523809523,1.0,27.0,21,567,3,0.0,1.0,A_3_irreversible,3
viability_signature,0.02821869488536155,irreversible,A,1.881729169677723,0.0,0.125,35.4375,16,567,3,0.0,0.1875,A_3_irreversible,3
behavioral_quotient_k5,0.008818342151675485,irreversible,A,1.1592295449277923,0.6,0.6,113.4,5,567,3,0.0,0.6,A_3_irreversible,3
predictive_quotient_k5,0.008818342151675485,irreversible,A,1.1117128078859018,0.2,0.4,113.4,5,567,3,0.0,0.2,A_3_irreversible,3
predictive_quotient_k8,0.014109347442680775,irreversible,A,1.4969381928226169,0.25,0.25,70.875,8,567,3,0.0,0.125,A_3_irreversible,3
identity,1.0,irreversible,A,6.340359303727763,0.0,0.0,1.0,567,567,6,1.0,0.0,A_6_irreversible,6
all_one,0.001763668430335097,irreversible,A,0.0,1.0,1.0,567.0,1,567,6,0.0,1.0,A_6_irreversible,6
random_k,0.02292768959435626,irreversible,A,2.554076126471414,1.0,1.0,43.61538461538461,13,567,6,0.0,1.0,A_6_irreversible,6
hash_k34_s1206,0.059964726631393295,irreversible,A,3.5234439856557835,1.0,1.0,16.676470588235293,34,567,6,0.0,1.0,A_6_irreversible,6
trap_mixing_adversarial,0.007054673721340388,irreversible,A,0.8494602317189535,1.0,1.0,141.75,4,567,6,0.0,0.5,A_6_irreversible,6
best_of_10_hashes_per_world,0.037037037037037035,irreversible,A,3.0236039261688927,1.0,1.0,27.0,21,567,6,0.0,1.0,A_6_irreversible,6
viability_signature,0.02821869488536155,irreversible,A,1.881729169677723,0.0,0.125,35.4375,16,567,6,0.0,0.1875,A_6_irreversible,6
behavioral_quotient_k5,0.008818342151675485,irreversible,A,1.1376542626371076,0.4,0.4,113.4,5,567,6,0.0,0.4,A_6_irreversible,6
predictive_quotient_k5,0.008818342151675485,irreversible,A,1.1008337802774764,0.4,0.4,113.4,5,567,6,0.0,0.4,A_6_irreversible,6
predictive_quotient_k8,0.014109347442680775,irreversible,A,1.2300518744886841,0.375,0.25,70.875,8,567,6,0.0,0.125,A_6_irreversible,6
identity,1.0,irreversible,A,6.340359303727763,0.0,0.0,1.0,567,567,12,1.0,0.0,A_12_irreversible,12
all_one,0.001763668430335097,irreversible,A,0.0,1.0,1.0,567.0,1,567,12,0.0,1.0,A_12_irreversible,12
random_k,0.02292768959435626,irreversible,A,2.556316751854725,1.0,1.0,43.61538461538461,13,567,12,0.0,1.0,A_12_irreversible,12
hash_k34_s1206,0.059964726631393295,irreversible,A,3.5234439856557835,1.0,1.0,16.676470588235293,34,567,12,0.0,1.0,A_12_irreversible,12
trap_mixing_adversarial,0.007054673721340388,irreversible,A,0.8494602317189535,1.0,1.0,141.75,4,567,12,0.0,0.5,A_12_irreversible,12
best_of_10_hashes_per_world,0.037037037037037035,irreversible,A,3.0171434544809705,0.9523809523809523,0.9523809523809523,27.0,21,567,12,0.0,1.0,A_12_irreversible,12
viability_signature,0.02821869488536155,irreversible,A,1.9424098575038682,0.0,0.125,35.4375,16,567,12,0.0,0.1875,A_12_irreversible,12
behavioral_quotient_k5,0.008818342151675485,irreversible,A,1.1409486817369419,0.4,0.4,113.4,5,567,12,0.0,0.2,A_12_irreversible,12
predictive_quotient_k5,0.008818342151675485,irreversible,A,1.1274196355629131,0.2,0.4,113.4,5,567,12,0.0,0.2,A_12_irreversible,12
predictive_quotient_k8,0.014109347442680775,irreversible,A,1.6498221746557056,0.25,0.25,70.875,8,567,12,0.0,0.125,A_12_irreversible,12
identity,1.0,reversible,A,6.340359303727763,0.0,0.0,1.0,567,567,0,1.0,0.0,A_0_reversible,0
all_one,0.001763668430335097,reversible,A,0.0,1.0,1.0,567.0,1,567,0,0.0,1.0,A_0_reversible,0
random_k,0.02292768959435626,reversible,A,2.5580056167669105,1.0,1.0,43.61538461538461,13,567,0,0.0,1.0,A_0_reversible,0
hash_k34_s1206,0.059964726631393295,reversible,A,3.5234439856557835,1.0,1.0,16.676470588235293,34,567,0,0.0,1.0,A_0_reversible,0
trap_mixing_adversarial,0.007054673721340388,reversible,A,0.9861038439995189,1.0,1.0,141.75,4,567,0,0.0,0.5,A_0_reversible,0
best_of_10_hashes_per_world,0.09700176366843033,reversible,A,3.9598003485367297,0.6363636363636364,0.7272727272727273,10.309090909090909,55,567,0,0.0,0.7454545454545455,A_0_reversible,0
viability_signature,0.026455026455026454,reversible,A,1.8995486791260068,0.0,0.13333333333333333,37.8,15,567,0,0.0,0.13333333333333333,A_0_reversible,0
behavioral_quotient_k5,0.008818342151675485,reversible,A,1.1071531315671765,0.4,0.4,113.4,5,567,0,0.0,0.2,A_0_reversible,0
predictive_quotient_k5,0.008818342151675485,reversible,A,1.1032549906325182,0.4,0.4,113.4,5,567,0,0.0,0.2,A_0_reversible,0
predictive_quotient_k8,0.014109347442680775,reversible,A,1.5874715432107491,0.125,0.25,70.875,8,567,0,0.0,0.125,A_0_reversible,0
identity,1.0,irreversible,A,6.340359303727763,0.0,0.0,1.0,567,567,13,1.0,0.0,A_13_irreversible,13
all_one,0.001763668430335097,irreversible,A,0.0,1.0,1.0,567.0,1,567,13,0.0,1.0,A_13_irreversible,13
random_k,0.02292768959435626,irreversible,A,2.557425042548068,1.0,1.0,43.61538461538461,13,567,13,0.0,1.0,A_13_irreversible,13
hash_k34_s1206,0.059964726631393295,irreversible,A,3.5234439856557835,1.0,1.0,16.676470588235293,34,567,13,0.0,1.0,A_13_irreversible,13
trap_mixing_adversarial,0.007054673721340388,irreversible,A,0.923601261260963,1.0,1.0,141.75,4,567,13,0.0,0.5,A_13_irreversible,13
best_of_10_hashes_per_world,0.003527336860670194,irreversible,A,0.6918386333723636,1.0,1.0,283.5,2,567,13,0.0,1.0,A_13_irreversible,13
viability_signature,0.024691358024691357,irreversible,A,1.8636579132485267,0.0,0.14285714285714285,40.5,14,567,13,0.0,0.21428571428571427,A_13_irreversible,13
behavioral_quotient_k5,0.008818342151675485,irreversible,A,1.1413327254278374,0.4,0.4,113.4,5,567,13,0.0,0.2,A_13_irreversible,13
predictive_quotient_k5,0.008818342151675485,irreversible,A,1.1203670473068204,0.4,0.4,113.4,5,567,13,0.0,0.4,A_13_irreversible,13
predictive_quotient_k8,0.014109347442680775,irreversible,A,1.6445857159588126,0.25,0.25,70.875,8,567,13,0.0,0.25,A_13_irreversible,13
identity,1.0,irreversible,A,6.340359303727763,0.0,0.0,1.0,567,567,14,1.0,0.0,A_14_irreversible,14
all_one,0.001763668430335097,irreversible,A,0.0,1.0,1.0,567.0,1,567,14,0.0,1.0,A_14_irreversible,14
random_k,0.02292768959435626,irreversible,A,2.5499530073539236,1.0,1.0,43.61538461538461,13,567,14,0.0,1.0,A_14_irreversible,14
hash_k34_s1206,0.059964726631393295,irreversible,A,3.5234439856557835,1.0,1.0,16.676470588235293,34,567,14,0.0,1.0,A_14_irreversible,14
trap_mixing_adversarial,0.007054673721340388,irreversible,A,0.8833008196765969,1.0,1.0,141.75,4,567,14,0.0,0.5,A_14_irreversible,14
best_of_10_hashes_per_world,0.003527336860670194,irreversible,A,0.6931331831261411,1.0,1.0,283.5,2,567,14,0.0,1.0,A_14_irreversible,14
viability_signature,0.026455026455026454,irreversible,A,1.8493932498327945,0.0,0.13333333333333333,37.8,15,567,14,0.0,0.2,A_14_irreversible,14
behavioral_quotient_k5,0.008818342151675485,irreversible,A,1.1215825178669918,0.2,0.2,113.4,5,567,14,0.0,0.2,A_14_irreversible,14
predictive_quotient_k5,0.008818342151675485,irreversible,A,1.148614454394029,0.2,0.2,113.4,5,567,14,0.0,0.0,A_14_irreversible,14
predictive_quotient_k8,0.014109347442680775,irreversible,A,1.687321298128688,0.25,0.125,70.875,8,567,14,0.0,0.125,A_14_irreversible,14
identity,1.0,reversible,A,6.340359303727763,0.0,0.0,1.0,567,567,13,1.0,0.0,A_13_reversible,13
all_one,0.001763668430335097,reversible,A,0.0,1.0,1.0,567.0,1,567,13,0.0,1.0,A_13_reversible,13
random_k,0.02292768959435626,reversible,A,2.557425042548068,1.0,1.0,43.61538461538461,13,567,13,0.0,1.0,A_13_reversible,13
hash_k34_s1206,0.059964726631393295,reversible,A,3.5234439856557835,1.0,1.0,16.676470588235293,34,567,13,0.0,1.0,A_13_reversible,13
trap_mixing_adversarial,0.007054673721340388,reversible,A,0.8481934526498114,1.0,1.0,141.75,4,567,13,0.0,0.5,A_13_reversible,13
best_of_10_hashes_per_world,0.02292768959435626,reversible,A,2.5543092357307597,1.0,1.0,43.61538461538461,13,567,13,0.0,1.0,A_13_reversible,13
viability_signature,0.026455026455026454,reversible,A,2.0166325144890687,0.0,0.13333333333333333,37.8,15,567,13,0.0,0.13333333333333333,A_13_reversible,13
behavioral_quotient_k5,0.008818342151675485,reversible,A,1.201621977423583,0.4,0.4,113.4,5,567,13,0.0,0.4,A_13_reversible,13
predictive_quotient_k5,0.008818342151675485,reversible,A,1.207401394660536,0.4,0.4,113.4,5,567,13,0.0,0.2,A_13_reversible,13
predictive_quotient_k8,0.014109347442680775,reversible,A,1.632940654485782,0.25,0.375,70.875,8,567,13,0.0,0.25,A_13_reversible,13
identity,1.0,reversible,A,6.340359303727763,0.0,0.0,1.0,567,567,9,1.0,0.0,A_9_reversible,9
all_one,0.001763668430335097,reversible,A,0.0,1.0,1.0,567.0,1,567,9,0.0,1.0,A_9_reversible,9
random_k,0.02292768959435626,reversible,A,2.554671063245486,1.0,1.0,43.61538461538461,13,567,9,0.0,1.0,A_9_reversible,9
hash_k34_s1206,0.059964726631393295,reversible,A,3.5234439856557835,1.0,1.0,16.676470588235293,34,567,9,0.0,1.0,A_9_reversible,9
trap_mixing_adversarial,0.007054673721340388,reversible,A,1.0116283812167972,1.0,1.0,141.75,4,567,9,0.0,0.5,A_9_reversible,9
best_of_10_hashes_per_world,0.037037037037037035,reversible,A,3.0278551986637092,0.9047619047619048,0.9047619047619048,27.0,21,567,9,0.0,0.9523809523809523,A_9_reversible,9
viability_signature,0.026455026455026454,reversible,A,2.002062525615122,0.0,0.13333333333333333,37.8,15,567,9,0.0,0.13333333333333333,A_9_reversible,9
behavioral_quotient_k5,0.008818342151675485,reversible,A,1.1466378234851806,0.4,0.6,113.4,5,567,9,0.0,0.4,A_9_reversible,9
predictive_quotient_k5,0.008818342151675485,reversible,A,1.1407855582489663,0.2,0.6,113.4,5,567,9,0.0,0.4,A_9_reversible,9
predictive_quotient_k8,0.014109347442680775,reversible,A,1.6539375462737302,0.125,0.25,70.875,8,567,9,0.0,0.125,A_9_reversible,9
identity,1.0,irreversible,A,6.340359303727763,0.0,0.0,1.0,567,567,16,1.0,0.0,A_16_irreversible,16
all_one,0.001763668430335097,irreversible,A,0.0,1.0,1.0,567.0,1,567,16,0.0,1.0,A_16_irreversible,16
random_k,0.02292768959435626,irreversible,A,2.558936115928331,1.0,1.0,43.61538461538461,13,567,16,0.0,1.0,A_16_irreversible,16
hash_k34_s1206,0.059964726631393295,irreversible,A,3.5234439856557835,1.0,1.0,16.676470588235293,34,567,16,0.0,1.0,A_16_irreversible,16
trap_mixing_adversarial,0.007054673721340388,irreversible,A,0.957116925419999,1.0,1.0,141.75,4,567,16,0.0,0.5,A_16_irreversible,16
best_of_10_hashes_per_world,0.003527336860670194,irreversible,A,0.6924611526112329,1.0,1.0,283.5,2,567,16,0.0,1.0,A_16_irreversible,16
viability_signature,0.024691358024691357,irreversible,A,1.946717761819704,0.0,0.14285714285714285,40.5,14,567,16,0.0,0.21428571428571427,A_16_irreversible,16
behavioral_quotient_k5,0.008818342151675485,irreversible,A,1.1598743465400665,0.2,0.2,113.4,5,567,16,0.0,0.2,A_16_irreversible,16
predictive_quotient_k5,0.008818342151675485,irreversible,A,1.1536381279118504,0.2,0.2,113.4,5,567,16,0.0,0.2,A_16_irreversible,16
predictive_quotient_k8,0.014109347442680775,irreversible,A,1.6761645286197853,0.125,0.125,70.875,8,567,16,0.0,0.125,A_16_irreversible,16
identity,1.0,irreversible,A,6.340359303727763,0.0,0.0,1.0,567,567,17,1.0,0.0,A_17_irreversible,17
all_one,0.001763668430335097,irreversible,A,0.0,1.0,1.0,567.0,1,567,17,0.0,1.0,A_17_irreversible,17
random_k,0.02292768959435626,irreversible,A,2.5561811204678087,1.0,1.0,43.61538461538461,13,567,17,0.0,1.0,A_17_irreversible,17
hash_k34_s1206,0.059964726631393295,irreversible,A,3.5234439856557835,1.0,1.0,16.676470588235293,34,567,17,0.0,1.0,A_17_irreversible,17
trap_mixing_adversarial,0.007054673721340388,irreversible,A,0.9232763374623556,1.0,1.0,141.75,4,567,17,0.0,0.5,A_17_irreversible,17
best_of_10_hashes_per_world,0.003527336860670194,irreversible,A,0.6926976421393123,1.0,1.0,283.5,2,567,17,0.0,1.0,A_17_irreversible,17
viability_signature,0.024691358024691357,irreversible,A,2.009784049314763,0.0,0.14285714285714285,40.5,14,567,17,0.0,0.21428571428571427,A_17_irreversible,17
behavioral_quotient_k5,0.008818342151675485,irreversible,A,1.156930157558018,0.2,0.2,113.4,5,567,17,0.0,0.4,A_17_irreversible,17
predictive_quotient_k5,0.008818342151675485,irreversible,A,1.1574904946884725,0.4,0.4,113.4,5,567,17,0.0,0.2,A_17_irreversible,17
predictive_quotient_k8,0.014109347442680775,irreversible,A,1.6306527939115565,0.25,0.375,70.875,8,567,17,0.0,0.25,A_17_irreversible,17
identity,1.0,irreversible,A,6.340359303727763,0.0,0.0,1.0,567,567,15,1.0,0.0,A_15_irreversible,15
all_one,0.001763668430335097,irreversible,A,0.0,1.0,1.0,567.0,1,567,15,0.0,1.0,A_15_irreversible,15
random_k,0.02292768959435626,irreversible,A,2.5539688558111022,1.0,1.0,43.61538461538461,13,567,15,0.0,1.0,A_15_irreversible,15
hash_k34_s1206,0.059964726631393295,irreversible,A,3.5234439856557835,1.0,1.0,16.676470588235293,34,567,15,0.0,1.0,A_15_irreversible,15
trap_mixing_adversarial,0.007054673721340388,irreversible,A,0.923601261260963,1.0,1.0,141.75,4,567,15,0.0,0.5,A_15_irreversible,15
best_of_10_hashes_per_world,0.02292768959435626,irreversible,A,2.5556150759927907,1.0,1.0,43.61538461538461,13,567,15,0.0,1.0,A_15_irreversible,15
viability_signature,0.02821869488536155,irreversible,A,2.0370141612956463,0.0,0.125,35.4375,16,567,15,0.0,0.1875,A_15_irreversible,15
behavioral_quotient_k5,0.008818342151675485,irreversible,A,1.1431094648401883,0.2,0.4,113.4,5,567,15,0.0,0.4,A_15_irreversible,15
predictive_quotient_k5,0.008818342151675485,irreversible,A,1.128576843353278,0.4,0.6,113.4,5,567,15,0.0,0.4,A_15_irreversible,15
predictive_quotient_k8,0.014109347442680775,irreversible,A,1.5090748160837948,0.375,0.375,70.875,8,567,15,0.0,0.25,A_15_irreversible,15
identity,1.0,reversible,A,6.340359303727763,0.0,0.0,1.0,567,567,14,1.0,0.0,A_14_reversible,14
all_one,0.001763668430335097,reversible,A,0.0,1.0,1.0,567.0,1,567,14,0.0,1.0,A_14_reversible,14
random_k,0.02292768959435626,reversible,A,2.5499530073539236,1.0,1.0,43.61538461538461,13,567,14,0.0,1.0,A_14_reversible,14
hash_k34_s1206,0.059964726631393295,reversible,A,3.5234439856557835,1.0,1.0,16.676470588235293,34,567,14,0.0,1.0,A_14_reversible,14
trap_mixing_adversarial,0.007054673721340388,reversible,A,0.9223011154613077,1.0,1.0,141.75,4,567,14,0.0,0.5,A_14_reversible,14
best_of_10_hashes_per_world,0.09700176366843033,reversible,A,3.9556007507453708,0.8909090909090909,0.9454545454545454,10.309090909090909,55,567,14,0.0,0.9636363636363636,A_14_reversible,14
viability_signature,0.026455026455026454,reversible,A,1.9928134919143325,0.0,0.13333333333333333,37.8,15,567,14,0.0,0.13333333333333333,A_14_reversible,14
behavioral_quotient_k5,0.008818342151675485,reversible,A,1.19167577952913,0.2,0.4,113.4,5,567,14,0.0,0.4,A_14_reversible,14
predictive_quotient_k5,0.008818342151675485,reversible,A,1.1984889233858147,0.4,0.4,113.4,5,567,14,0.0,0.2,A_14_reversible,14
predictive_quotient_k8,0.014109347442680775,reversible,A,1.6673297386184922,0.25,0.375,70.875,8,567,14,0.0,0.25,A_14_reversible,14
identity,1.0,reversible,A,6.340359303727763,0.0,0.0,1.0,567,567,15,1.0,0.0,A_15_reversible,15
all_one,0.001763668430335097,reversible,A,0.0,1.0,1.0,567.0,1,567,15,0.0,1.0,A_15_reversible,15
random_k,0.02292768959435626,reversible,A,2.5539688558111022,1.0,1.0,43.61538461538461,13,567,15,0.0,1.0,A_15_reversible,15
hash_k34_s1206,0.059964726631393295,reversible,A,3.5234439856557835,1.0,1.0,16.676470588235293,34,567,15,0.0,1.0,A_15_reversible,15
trap_mixing_adversarial,0.007054673721340388,reversible,A,0.8481934526498114,1.0,1.0,141.75,4,567,15,0.0,0.5,A_15_reversible,15
best_of_10_hashes_per_world,0.02292768959435626,reversible,A,2.5556150759927907,1.0,1.0,43.61538461538461,13,567,15,0.0,1.0,A_15_reversible,15
viability_signature,0.026455026455026454,reversible,A,1.9889232566386406,0.0,0.13333333333333333,37.8,15,567,15,0.0,0.13333333333333333,A_15_reversible,15
behavioral_quotient_k5,0.008818342151675485,reversible,A,1.1612143199431797,0.2,0.4,113.4,5,567,15,0.0,0.2,A_15_reversible,15
predictive_quotient_k5,0.008818342151675485,reversible,A,1.1343402195062713,0.6,0.6,113.4,5,567,15,0.0,0.4,A_15_reversible,15
predictive_quotient_k8,0.014109347442680775,reversible,A,1.7222932458578113,0.375,0.375,70.875,8,567,15,0.0,0.375,A_15_reversible,15
identity,1.0,irreversible,A,6.340359303727763,0.0,0.0,1.0,567,567,19,1.0,0.0,A_19_irreversible,19
all_one,0.001763668430335097,irreversible,A,0.0,1.0,1.0,567.0,1,567,19,0.0,1.0,A_19_irreversible,19
random_k,0.02292768959435626,irreversible,A,2.5552150184463738,1.0,1.0,43.61538461538461,13,567,19,0.0,1.0,A_19_irreversible,19
hash_k34_s1206,0.059964726631393295,irreversible,A,3.5234439856557835,1.0,1.0,16.676470588235293,34,567,19,0.0,1.0,A_19_irreversible,19
trap_mixing_adversarial,0.007054673721340388,irreversible,A,0.8826593053094995,0.75,0.75,141.75,4,567,19,0.0,0.5,A_19_irreversible,19
best_of_10_hashes_per_world,0.003527336860670194,irreversible,A,0.693108298476852,1.0,1.0,283.5,2,567,19,0.0,1.0,A_19_irreversible,19
viability_signature,0.024691358024691357,irreversible,A,1.9072185304552784,0.0,0.14285714285714285,40.5,14,567,19,0.0,0.21428571428571427,A_19_irreversible,19
behavioral_quotient_k5,0.008818342151675485,irreversible,A,1.1093848932583728,0.4,0.4,113.4,5,567,19,0.0,0.2,A_19_irreversible,19
predictive_quotient_k5,0.008818342151675485,irreversible,A,1.1250577913688673,0.4,0.4,113.4,5,567,19,0.0,0.2,A_19_irreversible,19
predictive_quotient_k8,0.014109347442680775,irreversible,A,1.525694379608103,0.25,0.25,70.875,8,567,19,0.0,0.125,A_19_irreversible,19
identity,1.0,irreversible,A,6.340359303727763,0.0,0.0,1.0,567,567,20,1.0,0.0,A_20_irreversible,20
all_one,0.001763668430335097,irreversible,A,0.0,1.0,1.0,567.0,1,567,20,0.0,1.0,A_20_irreversible,20
random_k,0.02292768959435626,irreversible,A,2.5492657727117805,1.0,1.0,43.61538461538461,13,567,20,0.0,1.0,A_20_irreversible,20
hash_k34_s1206,0.059964726631393295,irreversible,A,3.5234439856557835,1.0,1.0,16.676470588235293,34,567,20,0.0,1.0,A_20_irreversible,20
trap_mixing_adversarial,0.005291005291005291,irreversible,A,0.7911031896650416,1.0,1.0,189.0,3,567,20,0.0,0.6666666666666666,A_20_irreversible,20
best_of_10_hashes_per_world,0.003527336860670194,irreversible,A,0.6897076589776521,1.0,1.0,283.5,2,567,20,0.0,1.0,A_20_irreversible,20
viability_signature,0.024691358024691357,irreversible,A,1.9198560225397976,0.0,0.14285714285714285,40.5,14,567,20,0.0,0.21428571428571427,A_20_irreversible,20
behavioral_quotient_k5,0.008818342151675485,irreversible,A,1.1048791159814702,0.4,0.4,113.4,5,567,20,0.0,0.2,A_20_irreversible,20
predictive_quotient_k5,0.008818342151675485,irreversible,A,1.1240448588060106,0.2,0.2,113.4,5,567,20,0.0,0.0,A_20_irreversible,20
predictive_quotient_k8,0.014109347442680775,irreversible,A,1.6754791239621545,0.25,0.25,70.875,8,567,20,0.0,0.125,A_20_irreversible,20
identity,1.0,reversible,A,6.340359303727763,0.0,0.0,1.0,567,567,17,1.0,0.0,A_17_reversible,17
all_one,0.001763668430335097,reversible,A,0.0,1.0,1.0,567.0,1,567,17,0.0,1.0,A_17_reversible,17
random_k,0.02292768959435626,reversible,A,2.5561811204678087,1.0,1.0,43.61538461538461,13,567,17,0.0,1.0,A_17_reversible,17
hash_k34_s1206,0.059964726631393295,reversible,A,3.5234439856557835,1.0,1.0,16.676470588235293,34,567,17,0.0,1.0,A_17_reversible,17
trap_mixing_adversarial,0.007054673721340388,reversible,A,0.9232763374623556,1.0,1.0,141.75,4,567,17,0.0,0.5,A_17_reversible,17
best_of_10_hashes_per_world,0.09700176366843033,reversible,A,3.9590764937702074,0.7818181818181819,0.8363636363636363,10.309090909090909,55,567,17,0.0,0.8545454545454545,A_17_reversible,17
viability_signature,0.026455026455026454,reversible,A,2.023376965208436,0.0,0.13333333333333333,37.8,15,567,17,0.0,0.13333333333333333,A_17_reversible,17
behavioral_quotient_k5,0.008818342151675485,reversible,A,1.2171659603580587,0.2,0.4,113.4,5,567,17,0.0,0.2,A_17_reversible,17
predictive_quotient_k5,0.008818342151675485,reversible,A,1.1986074598540744,0.6,0.6,113.4,5,567,17,0.0,0.4,A_17_reversible,17
predictive_quotient_k8,0.014109347442680775,reversible,A,1.6966934421895712,0.125,0.25,70.875,8,567,17,0.0,0.125,A_17_reversible,17
identity,1.0,reversible,A,6.340359303727763,0.0,0.0,1.0,567,567,16,1.0,0.0,A_16_reversible,16
all_one,0.001763668430335097,reversible,A,0.0,1.0,1.0,567.0,1,567,16,0.0,1.0,A_16_reversible,16
random_k,0.02292768959435626,reversible,A,2.558936115928331,1.0,1.0,43.61538461538461,13,567,16,0.0,1.0,A_16_reversible,16
hash_k34_s1206,0.059964726631393295,reversible,A,3.5234439856557835,1.0,1.0,16.676470588235293,34,567,16,0.0,1.0,A_16_reversible,16
trap_mixing_adversarial,0.007054673721340388,reversible,A,0.8481934526498114,1.0,1.0,141.75,4,567,16,0.0,0.5,A_16_reversible,16
best_of_10_hashes_per_world,0.037037037037037035,reversible,A,3.0307942884846018,1.0,1.0,27.0,21,567,16,0.0,1.0,A_16_reversible,16
viability_signature,0.026455026455026454,reversible,A,2.0166325144890687,0.0,0.13333333333333333,37.8,15,567,16,0.0,0.13333333333333333,A_16_reversible,16
behavioral_quotient_k5,0.008818342151675485,reversible,A,1.1833659907865175,0.2,0.4,113.4,5,567,16,0.0,0.2,A_16_reversible,16
predictive_quotient_k5,0.008818342151675485,reversible,A,1.181521866946522,0.2,0.4,113.4,5,567,16,0.0,0.2,A_16_reversible,16
predictive_quotient_k8,0.014109347442680775,reversible,A,1.6912850647747755,0.125,0.25,70.875,8,567,16,0.0,0.125,A_16_reversible,16
identity,1.0,reversible,A,6.340359303727763,0.0,0.0,1.0,567,567,12,1.0,0.0,A_12_reversible,12
all_one,0.001763668430335097,reversible,A,0.0,1.0,1.0,567.0,1,567,12,0.0,1.0,A_12_reversible,12
random_k,0.02292768959435626,reversible,A,2.556316751854725,1.0,1.0,43.61538461538461,13,567,12,0.0,1.0,A_12_reversible,12
hash_k34_s1206,0.059964726631393295,reversible,A,3.5234439856557835,1.0,1.0,16.676470588235293,34,567,12,0.0,1.0,A_12_reversible,12
trap_mixing_adversarial,0.007054673721340388,reversible,A,0.9232763374623556,1.0,1.0,141.75,4,567,12,0.0,0.5,A_12_reversible,12
best_of_10_hashes_per_world,0.037037037037037035,reversible,A,3.0171434544809705,1.0,1.0,27.0,21,567,12,0.0,1.0,A_12_reversible,12
viability_signature,0.026455026455026454,reversible,A,1.9670761826090475,0.0,0.13333333333333333,37.8,15,567,12,0.0,0.13333333333333333,A_12_reversible,12
behavioral_quotient_k5,0.008818342151675485,reversible,A,1.1409628590378607,0.4,0.4,113.4,5,567,12,0.0,0.2,A_12_reversible,12
predictive_quotient_k5,0.008818342151675485,reversible,A,1.1297767717563674,0.2,0.4,113.4,5,567,12,0.0,0.2,A_12_reversible,12
predictive_quotient_k8,0.014109347442680775,reversible,A,1.3243497935363486,0.25,0.25,70.875,8,567,12,0.0,0.125,A_12_reversible,12
identity,1.0,reversible,A,6.340359303727763,0.0,0.0,1.0,567,567,11,1.0,0.0,A_11_reversible,11
all_one,0.001763668430335097,reversible,A,0.0,1.0,1.0,567.0,1,567,11,0.0,1.0,A_11_reversible,11
random_k,0.02292768959435626,reversible,A,2.5480844975963874,1.0,1.0,43.61538461538461,13,567,11,0.0,1.0,A_11_reversible,11
hash_k34_s1206,0.059964726631393295,reversible,A,3.5234439856557835,1.0,1.0,16.676470588235293,34,567,11,0.0,1.0,A_11_reversible,11
trap_mixing_adversarial,0.007054673721340388,reversible,A,0.956458293987441,1.0,1.0,141.75,4,567,11,0.0,0.5,A_11_reversible,11
best_of_10_hashes_per_world,0.02292768959435626,reversible,A,2.5528413862198605,1.0,1.0,43.61538461538461,13,567,11,0.0,1.0,A_11_reversible,11
viability_signature,0.026455026455026454,reversible,A,1.933129347469578,0.0,0.13333333333333333,37.8,15,567,11,0.0,0.13333333333333333,A_11_reversible,11
behavioral_quotient_k5,0.008818342151675485,reversible,A,1.169660063032132,0.2,0.4,113.4,5,567,11,0.0,0.2,A_11_reversible,11
predictive_quotient_k5,0.008818342151675485,reversible,A,1.153942496504747,0.2,0.4,113.4,5,567,11,0.0,0.2,A_11_reversible,11
predictive_quotient_k8,0.014109347442680775,reversible,A,1.4018098257637457,0.125,0.25,70.875,8,567,11,0.0,0.125,A_11_reversible,11
identity,1.0,reversible,A,6.340359303727763,0.0,0.0,1.0,567,567,21,1.0,0.0,A_21_reversible,21
all_one,0.001763668430335097,reversible,A,0.0,1.0,1.0,567.0,1,567,21,0.0,1.0,A_21_reversible,21
random_k,0.02292768959435626,reversible,A,2.556758415739147,1.0,1.0,43.61538461538461,13,567,21,0.0,1.0,A_21_reversible,21
hash_k34_s1206,0.059964726631393295,reversible,A,3.5234439856557835,1.0,1.0,16.676470588235293,34,567,21,0.0,1.0,A_21_reversible,21
trap_mixing_adversarial,0.007054673721340388,reversible,A,0.8891191589362224,1.0,1.0,141.75,4,567,21,0.0,0.5,A_21_reversible,21
best_of_10_hashes_per_world,0.037037037037037035,reversible,A,3.0229106062832924,1.0,1.0,27.0,21,567,21,0.0,1.0,A_21_reversible,21
viability_signature,0.026455026455026454,reversible,A,1.8696853552612231,0.0,0.13333333333333333,37.8,15,567,21,0.0,0.13333333333333333,A_21_reversible,21
behavioral_quotient_k5,0.008818342151675485,reversible,A,1.105504831870975,0.4,0.2,113.4,5,567,21,0.0,0.4,A_21_reversible,21
predictive_quotient_k5,0.008818342151675485,reversible,A,1.145448247799038,0.2,0.4,113.4,5,567,21,0.0,0.2,A_21_reversible,21
predictive_quotient_k8,0.014109347442680775,reversible,A,1.5609206832051097,0.125,0.375,70.875,8,567,21,0.0,0.25,A_21_reversible,21
identity,1.0,irreversible,A,6.340359303727763,0.0,0.0,1.0,567,567,22,1.0,0.0,A_22_irreversible,22
all_one,0.001763668430335097,irreversible,A,0.0,1.0,1.0,567.0,1,567,22,0.0,1.0,A_22_irreversible,22
random_k,0.02292768959435626,irreversible,A,2.5551121635003953,1.0,1.0,43.61538461538461,13,567,22,0.0,1.0,A_22_irreversible,22
hash_k34_s1206,0.059964726631393295,irreversible,A,3.5234439856557835,1.0,1.0,16.676470588235293,34,567,22,0.0,1.0,A_22_irreversible,22
trap_mixing_adversarial,0.007054673721340388,irreversible,A,0.9232763374623556,1.0,1.0,141.75,4,567,22,0.0,0.5,A_22_irreversible,22
best_of_10_hashes_per_world,0.003527336860670194,irreversible,A,0.693145625295973,1.0,1.0,283.5,2,567,22,0.0,1.0,A_22_irreversible,22
viability_signature,0.024691358024691357,irreversible,A,2.009784049314763,0.0,0.14285714285714285,40.5,14,567,22,0.0,0.21428571428571427,A_22_irreversible,22
behavioral_quotient_k5,0.008818342151675485,irreversible,A,1.159873756235769,0.2,0.4,113.4,5,567,22,0.0,0.4,A_22_irreversible,22
predictive_quotient_k5,0.008818342151675485,irreversible,A,1.1207738223293786,0.2,0.4,113.4,5,567,22,0.0,0.4,A_22_irreversible,22
predictive_quotient_k8,0.014109347442680775,irreversible,A,1.54406847115503,0.25,0.125,70.875,8,567,22,0.0,0.125,A_22_irreversible,22
identity,1.0,irreversible,A,6.340359303727763,0.0,0.0,1.0,567,567,18,1.0,0.0,A_18_irreversible,18
all_one,0.001763668430335097,irreversible,A,0.0,1.0,1.0,567.0,1,567,18,0.0,1.0,A_18_irreversible,18
random_k,0.02292768959435626,irreversible,A,2.5499256004020068,1.0,1.0,43.61538461538461,13,567,18,0.0,1.0,A_18_irreversible,18
hash_k34_s1206,0.059964726631393295,irreversible,A,3.5234439856557835,1.0,1.0,16.676470588235293,34,567,18,0.0,1.0,A_18_irreversible,18
trap_mixing_adversarial,0.007054673721340388,irreversible,A,0.8082179348640527,0.75,0.75,141.75,4,567,18,0.0,0.5,A_18_irreversible,18
best_of_10_hashes_per_world,0.09700176366843033,irreversible,A,3.9675118821741115,0.6909090909090909,0.7454545454545455,10.309090909090909,55,567,18,0.0,0.8181818181818182,A_18_irreversible,18
viability_signature,0.029982363315696647,irreversible,A,1.9882275319479212,0.0,0.11764705882352941,33.35294117647059,17,567,18,0.058823529411764705,0.17647058823529413,A_18_irreversible,18
behavioral_quotient_k5,0.008818342151675485,irreversible,A,1.102439947697342,0.2,0.4,113.4,5,567,18,0.0,0.4,A_18_irreversible,18
predictive_quotient_k5,0.008818342151675485,irreversible,A,1.1115189405186172,0.4,0.4,113.4,5,567,18,0.0,0.4,A_18_irreversible,18
predictive_quotient_k8,0.014109347442680775,irreversible,A,1.727216137831062,0.375,0.375,70.875,8,567,18,0.0,0.375,A_18_irreversible,18
identity,1.0,reversible,A,6.340359303727763,0.0,0.0,1.0,567,567,18,1.0,0.0,A_18_reversible,18
all_one,0.001763668430335097,reversible,A,0.0,1.0,1.0,567.0,1,567,18,0.0,1.0,A_18_reversible,18
random_k,0.02292768959435626,reversible,A,2.5499256004020068,1.0,1.0,43.61538461538461,13,567,18,0.0,1.0,A_18_reversible,18
hash_k34_s1206,0.059964726631393295,reversible,A,3.5234439856557835,1.0,1.0,16.676470588235293,34,567,18,0.0,1.0,A_18_reversible,18
trap_mixing_adversarial,0.007054673721340388,reversible,A,0.9522632560418754,1.0,1.0,141.75,4,567,18,0.0,0.5,A_18_reversible,18
best_of_10_hashes_per_world,0.09700176366843033,reversible,A,3.9675118821741115,0.7636363636363637,0.8,10.309090909090909,55,567,18,0.0,0.8181818181818182,A_18_reversible,18
viability_signature,0.026455026455026454,reversible,A,1.985109899204058,0.0,0.13333333333333333,37.8,15,567,18,0.0,0.13333333333333333,A_18_reversible,18
behavioral_quotient_k5,0.008818342151675485,reversible,A,1.1262344669012847,0.4,0.4,113.4,5,567,18,0.0,0.4,A_18_reversible,18
predictive_quotient_k5,0.008818342151675485,reversible,A,1.1465311881226687,0.4,0.4,113.4,5,567,18,0.0,0.4,A_18_reversible,18
predictive_quotient_k8,0.014109347442680775,reversible,A,1.6834440843047673,0.25,0.375,70.875,8,567,18,0.0,0.25,A_18_reversible,18
identity,1.0,irreversible,A,6.340359303727763,0.0,0.0,1.0,567,567,23,1.0,0.0,A_23_irreversible,23
all_one,0.001763668430335097,irreversible,A,0.0,1.0,1.0,567.0,1,567,23,0.0,1.0,A_23_irreversible,23
random_k,0.02292768959435626,irreversible,A,2.5522056200212315,1.0,1.0,43.61538461538461,13,567,23,0.0,1.0,A_23_irreversible,23
hash_k34_s1206,0.059964726631393295,irreversible,A,3.5234439856557835,0.9411764705882353,0.9705882352941176,16.676470588235293,34,567,23,0.0,1.0,A_23_irreversible,23
trap_mixing_adversarial,0.007054673721340388,irreversible,A,0.8891191589362224,1.0,1.0,141.75,4,567,23,0.0,0.5,A_23_irreversible,23
best_of_10_hashes_per_world,0.003527336860670194,irreversible,A,0.6890964686815781,1.0,1.0,283.5,2,567,23,0.0,1.0,A_23_irreversible,23
viability_signature,0.024691358024691357,irreversible,A,1.8467454877157847,0.0,0.14285714285714285,40.5,14,567,23,0.0,0.21428571428571427,A_23_irreversible,23
behavioral_quotient_k5,0.008818342151675485,irreversible,A,1.136706993045058,0.2,0.2,113.4,5,567,23,0.0,0.0,A_23_irreversible,23
predictive_quotient_k5,0.008818342151675485,irreversible,A,1.1193933718710767,0.2,0.2,113.4,5,567,23,0.0,0.2,A_23_irreversible,23
predictive_quotient_k8,0.014109347442680775,irreversible,A,1.3082120346458581,0.125,0.125,70.875,8,567,23,0.0,0.125,A_23_irreversible,23
identity,1.0,reversible,A,6.340359303727763,0.0,0.0,1.0,567,567,19,1.0,0.0,A_19_reversible,19
all_one,0.001763668430335097,reversible,A,0.0,1.0,1.0,567.0,1,567,19,0.0,1.0,A_19_reversible,19
random_k,0.02292768959435626,reversible,A,2.5552150184463738,1.0,1.0,43.61538461538461,13,567,19,0.0,1.0,A_19_reversible,19
hash_k34_s1206,0.059964726631393295,reversible,A,3.5234439856557835,1.0,1.0,16.676470588235293,34,567,19,0.0,1.0,A_19_reversible,19
trap_mixing_adversarial,0.007054673721340388,reversible,A,0.9861038439995189,1.0,1.0,141.75,4,567,19,0.0,0.5,A_19_reversible,19
best_of_10_hashes_per_world,0.059964726631393295,reversible,A,3.4990387119023345,0.8823529411764706,0.9117647058823529,16.676470588235293,34,567,19,0.0,0.9117647058823529,A_19_reversible,19
viability_signature,0.026455026455026454,reversible,A,1.9176690784972026,0.0,0.13333333333333333,37.8,15,567,19,0.0,0.13333333333333333,A_19_reversible,19
behavioral_quotient_k5,0.008818342151675485,reversible,A,1.1390294232847629,0.4,0.4,113.4,5,567,19,0.0,0.2,A_19_reversible,19
predictive_quotient_k5,0.008818342151675485,reversible,A,1.1323185679065118,0.4,0.4,113.4,5,567,19,0.0,0.2,A_19_reversible,19
predictive_quotient_k8,0.014109347442680775,reversible,A,1.6369564072920626,0.25,0.5,70.875,8,567,19,0.0,0.375,A_19_reversible,19
identity,1.0,reversible,A,6.340359303727763,0.0,0.0,1.0,567,567,20,1.0,0.0,A_20_reversible,20
all_one,0.001763668430335097,reversible,A,0.0,1.0,1.0,567.0,1,567,20,0.0,1.0,A_20_reversible,20
random_k,0.02292768959435626,reversible,A,2.5492657727117805,1.0,1.0,43.61538461538461,13,567,20,0.0,1.0,A_20_reversible,20
hash_k34_s1206,0.059964726631393295,reversible,A,3.5234439856557835,1.0,1.0,16.676470588235293,34,567,20,0.0,1.0,A_20_reversible,20
trap_mixing_adversarial,0.007054673721340388,reversible,A,0.956458293987441,1.0,1.0,141.75,4,567,20,0.0,0.5,A_20_reversible,20
best_of_10_hashes_per_world,0.037037037037037035,reversible,A,3.0343901798868065,0.9523809523809523,0.9523809523809523,27.0,21,567,20,0.0,0.9523809523809523,A_20_reversible,20
viability_signature,0.02821869488536155,reversible,A,2.0707340201616278,0.0,0.125,35.4375,16,567,20,0.0625,0.125,A_20_reversible,20
behavioral_quotient_k5,0.008818342151675485,reversible,A,1.177811830667193,0.2,0.4,113.4,5,567,20,0.0,0.4,A_20_reversible,20
predictive_quotient_k5,0.008818342151675485,reversible,A,1.2032186964229563,0.2,0.4,113.4,5,567,20,0.0,0.2,A_20_reversible,20
predictive_quotient_k8,0.014109347442680775,reversible,A,1.7864405783469324,0.25,0.375,70.875,8,567,20,0.0,0.25,A_20_reversible,20
identity,1.0,reversible,A,6.340359303727763,0.0,0.0,1.0,567,567,27,1.0,0.0,A_27_reversible,27
all_one,0.001763668430335097,reversible,A,0.0,1.0,1.0,567.0,1,567,27,0.0,1.0,A_27_reversible,27
random_k,0.02292768959435626,reversible,A,2.5564485477228858,1.0,1.0,43.61538461538461,13,567,27,0.0,1.0,A_27_reversible,27
hash_k34_s1206,0.059964726631393295,reversible,A,3.5234439856557835,1.0,1.0,16.676470588235293,34,567,27,0.0,1.0,A_27_reversible,27
trap_mixing_adversarial,0.007054673721340388,reversible,A,0.9232763374623556,1.0,1.0,141.75,4,567,27,0.0,0.5,A_27_reversible,27
best_of_10_hashes_per_world,0.037037037037037035,reversible,A,3.0241864847135753,1.0,1.0,27.0,21,567,27,0.0,1.0,A_27_reversible,27
viability_signature,0.02292768959435626,reversible,A,1.8931782771973644,0.0,0.15384615384615385,43.61538461538461,13,567,27,0.0,0.15384615384615385,A_27_reversible,27
behavioral_quotient_k5,0.008818342151675485,reversible,A,1.1312104965649643,0.4,0.4,113.4,5,567,27,0.0,0.2,A_27_reversible,27
predictive_quotient_k5,0.008818342151675485,reversible,A,1.1157765144006992,0.2,0.4,113.4,5,567,27,0.0,0.2,A_27_reversible,27
predictive_quotient_k8,0.014109347442680775,reversible,A,1.670516080775803,0.125,0.25,70.875,8,567,27,0.0,0.25,A_27_reversible,27
identity,1.0,irreversible,A,6.340359303727763,0.0,0.0,1.0,567,567,25,1.0,0.0,A_25_irreversible,25
all_one,0.001763668430335097,irreversible,A,0.0,1.0,1.0,567.0,1,567,25,0.0,1.0,A_25_irreversible,25
random_k,0.02292768959435626,irreversible,A,2.559010148200081,1.0,1.0,43.61538461538461,13,567,25,0.0,1.0,A_25_irreversible,25
hash_k34_s1206,0.059964726631393295,irreversible,A,3.5234439856557835,1.0,1.0,16.676470588235293,34,567,25,0.0,1.0,A_25_irreversible,25
trap_mixing_adversarial,0.007054673721340388,irreversible,A,0.9232763374623556,1.0,1.0,141.75,4,567,25,0.0,0.5,A_25_irreversible,25
best_of_10_hashes_per_world,0.003527336860670194,irreversible,A,0.6877234969168591,1.0,1.0,283.5,2,567,25,0.0,1.0,A_25_irreversible,25
viability_signature,0.024691358024691357,irreversible,A,2.009784049314763,0.0,0.14285714285714285,40.5,14,567,25,0.0,0.21428571428571427,A_25_irreversible,25
behavioral_quotient_k5,0.008818342151675485,irreversible,A,1.1598475356775961,0.2,0.2,113.4,5,567,25,0.0,0.0,A_25_irreversible,25
predictive_quotient_k5,0.008818342151675485,irreversible,A,1.1194996299293278,0.4,0.4,113.4,5,567,25,0.0,0.4,A_25_irreversible,25
predictive_quotient_k8,0.014109347442680775,irreversible,A,1.6623564997080518,0.375,0.375,70.875,8,567,25,0.0,0.25,A_25_irreversible,25
identity,1.0,reversible,A,6.340359303727763,0.0,0.0,1.0,567,567,25,1.0,0.0,A_25_reversible,25
all_one,0.001763668430335097,reversible,A,0.0,1.0,1.0,567.0,1,567,25,0.0,1.0,A_25_reversible,25
random_k,0.02292768959435626,reversible,A,2.559010148200081,1.0,1.0,43.61538461538461,13,567,25,0.0,1.0,A_25_reversible,25
hash_k34_s1206,0.059964726631393295,reversible,A,3.5234439856557835,1.0,1.0,16.676470588235293,34,567,25,0.0,1.0,A_25_reversible,25
trap_mixing_adversarial,0.007054673721340388,reversible,A,0.8481934526498114,1.0,1.0,141.75,4,567,25,0.0,0.5,A_25_reversible,25
best_of_10_hashes_per_world,0.02292768959435626,reversible,A,2.5582958566581224,1.0,1.0,43.61538461538461,13,567,25,0.0,1.0,A_25_reversible,25
viability_signature,0.026455026455026454,reversible,A,2.0166325144890687,0.0,0.13333333333333333,37.8,15,567,25,0.0,0.13333333333333333,A_25_reversible,25
behavioral_quotient_k5,0.008818342151675485,reversible,A,1.1779887860354168,0.4,0.4,113.4,5,567,25,0.0,0.2,A_25_reversible,25
predictive_quotient_k5,0.008818342151675485,reversible,A,1.204298229334084,0.2,0.6,113.4,5,567,25,0.0,0.4,A_25_reversible,25
predictive_quotient_k8,0.014109347442680775,reversible,A,1.642659450228591,0.125,0.25,70.875,8,567,25,0.0,0.125,A_25_reversible,25
identity,1.0,irreversible,A,6.340359303727763,0.0,0.0,1.0,567,567,21,1.0,0.0,A_21_irreversible,21
all_one,0.001763668430335097,irreversible,A,0.0,1.0,1.0,567.0,1,567,21,0.0,1.0,A_21_irreversible,21
random_k,0.02292768959435626,irreversible,A,2.556758415739147,1.0,1.0,43.61538461538461,13,567,21,0.0,1.0,A_21_irreversible,21
hash_k34_s1206,0.059964726631393295,irreversible,A,3.5234439856557835,1.0,1.0,16.676470588235293,34,567,21,0.0,1.0,A_21_irreversible,21
trap_mixing_adversarial,0.007054673721340388,irreversible,A,0.923601261260963,1.0,1.0,141.75,4,567,21,0.0,0.5,A_21_irreversible,21
best_of_10_hashes_per_world,0.037037037037037035,irreversible,A,3.0229106062832924,0.9523809523809523,0.9523809523809523,27.0,21,567,21,0.0,1.0,A_21_irreversible,21
viability_signature,0.02821869488536155,irreversible,A,2.0370141612956463,0.0,0.125,35.4375,16,567,21,0.0,0.1875,A_21_irreversible,21
behavioral_quotient_k5,0.008818342151675485,irreversible,A,1.1316341777866665,0.4,0.4,113.4,5,567,21,0.0,0.4,A_21_irreversible,21
predictive_quotient_k5,0.008818342151675485,irreversible,A,1.099331970219541,0.2,0.6,113.4,5,567,21,0.0,0.4,A_21_irreversible,21
predictive_quotient_k8,0.014109347442680775,irreversible,A,1.708370276932824,0.25,0.25,70.875,8,567,21,0.0,0.25,A_21_irreversible,21
identity,1.0,irreversible,A,6.340359303727763,0.0,0.0,1.0,567,567,26,1.0,0.0,A_26_irreversible,26
all_one,0.001763668430335097,irreversible,A,0.0,1.0,1.0,567.0,1,567,26,0.0,1.0,A_26_irreversible,26
random_k,0.02292768959435626,irreversible,A,2.560950109674831,0.9230769230769231,1.0,43.61538461538461,13,567,26,0.0,1.0,A_26_irreversible,26
hash_k34_s1206,0.059964726631393295,irreversible,A,3.5234439856557835,1.0,1.0,16.676470588235293,34,567,26,0.0,1.0,A_26_irreversible,26
trap_mixing_adversarial,0.007054673721340388,irreversible,A,0.9232763374623556,1.0,1.0,141.75,4,567,26,0.0,0.5,A_26_irreversible,26
best_of_10_hashes_per_world,0.003527336860670194,irreversible,A,0.6920129648318738,1.0,1.0,283.5,2,567,26,0.0,1.0,A_26_irreversible,26
viability_signature,0.024691358024691357,irreversible,A,1.946717761819704,0.0,0.14285714285714285,40.5,14,567,26,0.0,0.21428571428571427,A_26_irreversible,26
behavioral_quotient_k5,0.008818342151675485,irreversible,A,1.168936773697611,0.2,0.2,113.4,5,567,26,0.0,0.0,A_26_irreversible,26
predictive_quotient_k5,0.008818342151675485,irreversible,A,1.1604327121872793,0.2,0.2,113.4,5,567,26,0.0,0.2,A_26_irreversible,26
predictive_quotient_k8,0.014109347442680775,irreversible,A,1.6416335243647209,0.125,0.125,70.875,8,567,26,0.0,0.125,A_26_irreversible,26
identity,1.0,reversible,A,6.340359303727763,0.0,0.0,1.0,567,567,28,1.0,0.0,A_28_reversible,28
all_one,0.001763668430335097,reversible,A,0.0,1.0,1.0,567.0,1,567,28,0.0,1.0,A_28_reversible,28
random_k,0.02292768959435626,reversible,A,2.5509116011450335,1.0,1.0,43.61538461538461,13,567,28,0.0,1.0,A_28_reversible,28
hash_k34_s1206,0.059964726631393295,reversible,A,3.5234439856557835,1.0,1.0,16.676470588235293,34,567,28,0.0,1.0,A_28_reversible,28
trap_mixing_adversarial,0.007054673721340388,reversible,A,0.9232763374623556,1.0,1.0,141.75,4,567,28,0.0,0.5,A_28_reversible,28
best_of_10_hashes_per_world,0.059964726631393295,reversible,A,3.5017999924908216,0.9705882352941176,0.9705882352941176,16.676470588235293,34,567,28,0.0,0.9705882352941176,A_28_reversible,28
viability_signature,0.026455026455026454,reversible,A,1.938028052707846,0.0,0.13333333333333333,37.8,15,567,28,0.0,0.13333333333333333,A_28_reversible,28
behavioral_quotient_k5,0.008818342151675485,reversible,A,1.1813775107173032,0.2,0.4,113.4,5,567,28,0.0,0.4,A_28_reversible,28
predictive_quotient_k5,0.008818342151675485,reversible,A,1.1560785891571328,0.2,0.4,113.4,5,567,28,0.0,0.2,A_28_reversible,28
predictive_quotient_k8,0.014109347442680775,reversible,A,1.7459002488699709,0.125,0.375,70.875,8,567,28,0.0,0.25,A_28_reversible,28
identity,1.0,irreversible,A,6.340359303727763,0.0,0.0,1.0,567,567,24,1.0,0.0,A_24_irreversible,24
all_one,0.001763668430335097,irreversible,A,0.0,1.0,1.0,567.0,1,567,24,0.0,1.0,A_24_irreversible,24
random_k,0.02292768959435626,irreversible,A,2.54966455173758,1.0,1.0,43.61538461538461,13,567,24,0.0,1.0,A_24_irreversible,24
hash_k34_s1206,0.059964726631393295,irreversible,A,3.5234439856557835,1.0,1.0,16.676470588235293,34,567,24,0.0,1.0,A_24_irreversible,24
trap_mixing_adversarial,0.007054673721340388,irreversible,A,0.8494602317189535,1.0,1.0,141.75,4,567,24,0.0,0.5,A_24_irreversible,24
best_of_10_hashes_per_world,0.014109347442680775,irreversible,A,2.075264944053811,1.0,1.0,70.875,8,567,24,0.0,1.0,A_24_irreversible,24
viability_signature,0.02821869488536155,irreversible,A,1.9424098575038682,0.0,0.125,35.4375,16,567,24,0.0,0.1875,A_24_irreversible,24
behavioral_quotient_k5,0.008818342151675485,irreversible,A,1.090315075019316,0.4,0.4,113.4,5,567,24,0.0,0.4,A_24_irreversible,24
predictive_quotient_k5,0.008818342151675485,irreversible,A,1.1213049871667893,0.2,0.4,113.4,5,567,24,0.0,0.4,A_24_irreversible,24
predictive_quotient_k8,0.014109347442680775,irreversible,A,1.6460727425607136,0.25,0.375,70.875,8,567,24,0.0,0.375,A_24_irreversible,24
identity,1.0,reversible,A,6.340359303727763,0.0,0.0,1.0,567,567,26,1.0,0.0,A_26_reversible,26
all_one,0.001763668430335097,reversible,A,0.0,1.0,1.0,567.0,1,567,26,0.0,1.0,A_26_reversible,26
random_k,0.02292768959435626,reversible,A,2.560950109674831,1.0,1.0,43.61538461538461,13,567,26,0.0,1.0,A_26_reversible,26
hash_k34_s1206,0.059964726631393295,reversible,A,3.5234439856557835,1.0,1.0,16.676470588235293,34,567,26,0.0,1.0,A_26_reversible,26
trap_mixing_adversarial,0.007054673721340388,reversible,A,0.9232763374623556,1.0,1.0,141.75,4,567,26,0.0,0.5,A_26_reversible,26
best_of_10_hashes_per_world,0.09700176366843033,reversible,A,3.972629218579271,0.8363636363636363,0.8363636363636363,10.309090909090909,55,567,26,0.0,0.9090909090909091,A_26_reversible,26
viability_signature,0.02821869488536155,reversible,A,2.102069239701319,0.0,0.125,35.4375,16,567,26,0.0625,0.125,A_26_reversible,26
behavioral_quotient_k5,0.008818342151675485,reversible,A,1.2464355869804002,0.2,0.4,113.4,5,567,26,0.0,0.2,A_26_reversible,26
predictive_quotient_k5,0.008818342151675485,reversible,A,1.368540283158235,0.4,0.4,113.4,5,567,26,0.0,0.4,A_26_reversible,26
predictive_quotient_k8,0.014109347442680775,reversible,A,1.8345825066673414,0.125,0.25,70.875,8,567,26,0.0,0.125,A_26_reversible,26
identity,1.0,reversible,A,6.340359303727763,0.0,0.0,1.0,567,567,29,1.0,0.0,A_29_reversible,29
all_one,0.001763668430335097,reversible,A,0.0,1.0,1.0,567.0,1,567,29,0.0,1.0,A_29_reversible,29
random_k,0.02292768959435626,reversible,A,2.554145707183002,1.0,1.0,43.61538461538461,13,567,29,0.0,1.0,A_29_reversible,29
hash_k34_s1206,0.059964726631393295,reversible,A,3.5234439856557835,1.0,1.0,16.676470588235293,34,567,29,0.0,1.0,A_29_reversible,29
trap_mixing_adversarial,0.007054673721340388,reversible,A,0.9223011154613077,1.0,1.0,141.75,4,567,29,0.0,0.5,A_29_reversible,29
best_of_10_hashes_per_world,0.059964726631393295,reversible,A,3.489430196504147,0.9411764705882353,0.9705882352941176,16.676470588235293,34,567,29,0.0,1.0,A_29_reversible,29
viability_signature,0.02292768959435626,reversible,A,1.82358758464433,0.0,0.15384615384615385,43.61538461538461,13,567,29,0.0,0.15384615384615385,A_29_reversible,29
behavioral_quotient_k5,0.008818342151675485,reversible,A,1.152810168263214,0.2,0.4,113.4,5,567,29,0.0,0.2,A_29_reversible,29
predictive_quotient_k5,0.008818342151675485,reversible,A,1.1404122438528272,0.2,0.4,113.4,5,567,29,0.0,0.2,A_29_reversible,29
predictive_quotient_k8,0.014109347442680775,reversible,A,1.7089760946957095,0.125,0.25,70.875,8,567,29,0.0,0.25,A_29_reversible,29
identity,1.0,irreversible,A,6.340359303727763,0.0,0.0,1.0,567,567,28,1.0,0.0,A_28_irreversible,28
all_one,0.001763668430335097,irreversible,A,0.0,1.0,1.0,567.0,1,567,28,0.0,1.0,A_28_irreversible,28
random_k,0.02292768959435626,irreversible,A,2.5509116011450335,1.0,1.0,43.61538461538461,13,567,28,0.0,1.0,A_28_irreversible,28
hash_k34_s1206,0.059964726631393295,irreversible,A,3.5234439856557835,1.0,1.0,16.676470588235293,34,567,28,0.0,1.0,A_28_irreversible,28
trap_mixing_adversarial,0.007054673721340388,irreversible,A,0.8481934526498114,0.75,0.75,141.75,4,567,28,0.0,0.5,A_28_irreversible,28
best_of_10_hashes_per_world,0.003527336860670194,irreversible,A,0.6910165116050722,1.0,1.0,283.5,2,567,28,0.0,1.0,A_28_irreversible,28
viability_signature,0.02292768959435626,irreversible,A,1.9483090524941296,0.0,0.07692307692307693,43.61538461538461,13,567,28,0.0,0.23076923076923078,A_28_irreversible,28
behavioral_quotient_k5,0.008818342151675485,irreversible,A,1.115309027483106,0.2,0.2,113.4,5,567,28,0.0,0.2,A_28_irreversible,28
predictive_quotient_k5,0.008818342151675485,irreversible,A,1.0642790727016616,0.4,0.4,113.4,5,567,28,0.0,0.4,A_28_irreversible,28
predictive_quotient_k8,0.014109347442680775,irreversible,A,1.1717007664662298,0.25,0.25,70.875,8,567,28,0.0,0.125,A_28_irreversible,28
identity,1.0,reversible,A,6.340359303727763,0.0,0.0,1.0,567,567,22,1.0,0.0,A_22_reversible,22
all_one,0.001763668430335097,reversible,A,0.0,1.0,1.0,567.0,1,567,22,0.0,1.0,A_22_reversible,22
random_k,0.02292768959435626,reversible,A,2.5551121635003953,1.0,1.0,43.61538461538461,13,567,22,0.0,1.0,A_22_reversible,22
hash_k34_s1206,0.059964726631393295,reversible,A,3.5234439856557835,1.0,1.0,16.676470588235293,34,567,22,0.0,1.0,A_22_reversible,22
trap_mixing_adversarial,0.007054673721340388,reversible,A,0.8813754091748968,1.0,1.0,141.75,4,567,22,0.0,0.5,A_22_reversible,22
best_of_10_hashes_per_world,0.059964726631393295,reversible,A,3.4965244855279494,0.8823529411764706,0.8823529411764706,16.676470588235293,34,567,22,0.0,0.9411764705882353,A_22_reversible,22
viability_signature,0.02821869488536155,reversible,A,2.1204435147730925,0.0,0.125,35.4375,16,567,22,0.0625,0.125,A_22_reversible,22
behavioral_quotient_k5,0.008818342151675485,reversible,A,1.2053888767699976,0.2,0.4,113.4,5,567,22,0.0,0.4,A_22_reversible,22
predictive_quotient_k5,0.008818342151675485,reversible,A,1.186835595395604,0.4,0.6,113.4,5,567,22,0.0,0.4,A_22_reversible,22
predictive_quotient_k8,0.014109347442680775,reversible,A,1.7529404381279807,0.25,0.25,70.875,8,567,22,0.0,0.25,A_22_reversible,22
identity,1.0,reversible,A,6.340359303727763,0.0,0.0,1.0,567,567,23,1.0,0.0,A_23_reversible,23
all_one,0.001763668430335097,reversible,A,0.0,1.0,1.0,567.0,1,567,23,0.0,1.0,A_23_reversible,23
random_k,0.02292768959435626,reversible,A,2.5522056200212315,1.0,1.0,43.61538461538461,13,567,23,0.0,1.0,A_23_reversible,23
hash_k34_s1206,0.059964726631393295,reversible,A,3.5234439856557835,1.0,1.0,16.676470588235293,34,567,23,0.0,1.0,A_23_reversible,23
trap_mixing_adversarial,0.007054673721340388,reversible,A,0.9223011154613077,1.0,1.0,141.75,4,567,23,0.0,0.5,A_23_reversible,23
best_of_10_hashes_per_world,0.059964726631393295,reversible,A,3.5052928124411484,0.9705882352941176,1.0,16.676470588235293,34,567,23,0.0,1.0,A_23_reversible,23
viability_signature,0.026455026455026454,reversible,A,1.9928134919143325,0.0,0.13333333333333333,37.8,15,567,23,0.0,0.13333333333333333,A_23_reversible,23
behavioral_quotient_k5,0.008818342151675485,reversible,A,1.1911729516866858,0.4,0.6,113.4,5,567,23,0.0,0.4,A_23_reversible,23
predictive_quotient_k5,0.008818342151675485,reversible,A,1.1722259057117477,0.4,0.4,113.4,5,567,23,0.0,0.2,A_23_reversible,23
predictive_quotient_k8,0.014109347442680775,reversible,A,1.6115873761540136,0.125,0.25,70.875,8,567,23,0.0,0.125,A_23_reversible,23
identity,1.0,irreversible,A,6.340359303727763,0.0,0.0,1.0,567,567,29,1.0,0.0,A_29_irreversible,29
all_one,0.001763668430335097,irreversible,A,0.0,1.0,1.0,567.0,1,567,29,0.0,1.0,A_29_irreversible,29
random_k,0.02292768959435626,irreversible,A,2.554145707183002,0.9230769230769231,0.9230769230769231,43.61538461538461,13,567,29,0.0,0.9230769230769231,A_29_irreversible,29
hash_k34_s1206,0.059964726631393295,irreversible,A,3.5234439856557835,1.0,1.0,16.676470588235293,34,567,29,0.0,1.0,A_29_irreversible,29
trap_mixing_adversarial,0.005291005291005291,irreversible,A,0.7911031896650416,1.0,1.0,189.0,3,567,29,0.0,0.6666666666666666,A_29_irreversible,29
best_of_10_hashes_per_world,0.003527336860670194,irreversible,A,0.6927972055181617,1.0,1.0,283.5,2,567,29,0.0,1.0,A_29_irreversible,29
viability_signature,0.024691358024691357,irreversible,A,1.9198560225397976,0.0,0.14285714285714285,40.5,14,567,29,0.0,0.21428571428571427,A_29_irreversible,29
behavioral_quotient_k5,0.008818342151675485,irreversible,A,1.091647164980887,0.4,0.4,113.4,5,567,29,0.0,0.4,A_29_irreversible,29
predictive_quotient_k5,0.008818342151675485,irreversible,A,1.1094172633837112,0.4,0.4,113.4,5,567,29,0.0,0.2,A_29_irreversible,29
predictive_quotient_k8,0.014109347442680775,irreversible,A,1.6083756498062403,0.25,0.25,70.875,8,567,29,0.0,0.125,A_29_irreversible,29
identity,1.0,irreversible,A,6.340359303727763,0.0,0.0,1.0,567,567,31,1.0,0.0,A_31_irreversible,31
all_one,0.001763668430335097,irreversible,A,0.0,1.0,1.0,567.0,1,567,31,0.0,1.0,A_31_irreversible,31
random_k,0.02292768959435626,irreversible,A,2.5549280295784986,1.0,1.0,43.61538461538461,13,567,31,0.0,1.0,A_31_irreversible,31
hash_k34_s1206,0.059964726631393295,irreversible,A,3.5234439856557835,1.0,1.0,16.676470588235293,34,567,31,0.0,1.0,A_31_irreversible,31
trap_mixing_adversarial,0.007054673721340388,irreversible,A,0.8491436411504636,1.0,1.0,141.75,4,567,31,0.0,0.5,A_31_irreversible,31
best_of_10_hashes_per_world,0.003527336860670194,irreversible,A,0.6930211989529488,1.0,1.0,283.5,2,567,31,0.0,1.0,A_31_irreversible,31
viability_signature,0.024691358024691357,irreversible,A,1.914875468669851,0.0,0.14285714285714285,40.5,14,567,31,0.0,0.21428571428571427,A_31_irreversible,31
behavioral_quotient_k5,0.008818342151675485,irreversible,A,1.1263944169664402,0.4,0.4,113.4,5,567,31,0.0,0.4,A_31_irreversible,31
predictive_quotient_k5,0.008818342151675485,irreversible,A,1.1568261811187208,0.4,0.4,113.4,5,567,31,0.0,0.2,A_31_irreversible,31
predictive_quotient_k8,0.014109347442680775,irreversible,A,1.7528955299739613,0.375,0.375,70.875,8,567,31,0.0,0.25,A_31_irreversible,31
identity,1.0,irreversible,A,6.340359303727763,0.0,0.0,1.0,567,567,32,1.0,0.0,A_32_irreversible,32
all_one,0.001763668430335097,irreversible,A,0.0,1.0,1.0,567.0,1,567,32,0.0,1.0,A_32_irreversible,32
random_k,0.02292768959435626,irreversible,A,2.5508679049432357,1.0,1.0,43.61538461538461,13,567,32,0.0,1.0,A_32_irreversible,32
hash_k34_s1206,0.059964726631393295,irreversible,A,3.5234439856557835,0.9411764705882353,0.9705882352941176,16.676470588235293,34,567,32,0.0,1.0,A_32_irreversible,32
trap_mixing_adversarial,0.007054673721340388,irreversible,A,0.8491436411504636,1.0,1.0,141.75,4,567,32,0.0,0.5,A_32_irreversible,32
best_of_10_hashes_per_world,0.003527336860670194,irreversible,A,0.6930211989529488,1.0,1.0,283.5,2,567,32,0.0,1.0,A_32_irreversible,32
viability_signature,0.02292768959435626,irreversible,A,1.8954515587965346,0.0,0.15384615384615385,43.61538461538461,13,567,32,0.0,0.23076923076923078,A_32_irreversible,32
behavioral_quotient_k5,0.008818342151675485,irreversible,A,1.141293577995198,0.2,0.2,113.4,5,567,32,0.0,0.4,A_32_irreversible,32
predictive_quotient_k5,0.008818342151675485,irreversible,A,1.1038288730280386,0.2,0.4,113.4,5,567,32,0.0,0.4,A_32_irreversible,32
predictive_quotient_k8,0.014109347442680775,irreversible,A,1.6408491656475295,0.125,0.25,70.875,8,567,32,0.0,0.25,A_32_irreversible,32
identity,1.0,irreversible,A,6.340359303727763,0.0,0.0,1.0,567,567,30,1.0,0.0,A_30_irreversible,30
all_one,0.001763668430335097,irreversible,A,0.0,1.0,1.0,567.0,1,567,30,0.0,1.0,A_30_irreversible,30
random_k,0.02292768959435626,irreversible,A,2.5534646144544224,0.9230769230769231,1.0,43.61538461538461,13,567,30,0.0,1.0,A_30_irreversible,30
hash_k34_s1206,0.059964726631393295,irreversible,A,3.5234439856557835,1.0,1.0,16.676470588235293,34,567,30,0.0,1.0,A_30_irreversible,30
trap_mixing_adversarial,0.007054673721340388,irreversible,A,0.8494602317189535,1.0,1.0,141.75,4,567,30,0.0,0.5,A_30_irreversible,30
best_of_10_hashes_per_world,0.059964726631393295,irreversible,A,3.4970750518270837,0.8529411764705882,0.8823529411764706,16.676470588235293,34,567,30,0.0,0.8823529411764706,A_30_irreversible,30
viability_signature,0.02821869488536155,irreversible,A,1.9424098575038682,0.0,0.125,35.4375,16,567,30,0.0,0.1875,A_30_irreversible,30
behavioral_quotient_k5,0.008818342151675485,irreversible,A,1.1602076604260663,0.2,0.4,113.4,5,567,30,0.0,0.2,A_30_irreversible,30
predictive_quotient_k5,0.008818342151675485,irreversible,A,1.1613244588223424,0.4,0.4,113.4,5,567,30,0.0,0.2,A_30_irreversible,30
predictive_quotient_k8,0.014109347442680775,irreversible,A,1.6700693228996089,0.25,0.375,70.875,8,567,30,0.0,0.25,A_30_irreversible,30
identity,1.0,irreversible,A,6.340359303727763,0.0,0.0,1.0,567,567,34,1.0,0.0,A_34_irreversible,34
all_one,0.001763668430335097,irreversible,A,0.0,1.0,1.0,567.0,1,567,34,0.0,1.0,A_34_irreversible,34
random_k,0.02292768959435626,irreversible,A,2.5437033118381223,1.0,1.0,43.61538461538461,13,567,34,0.0,1.0,A_34_irreversible,34
hash_k34_s1206,0.059964726631393295,irreversible,A,3.5234439856557835,1.0,1.0,16.676470588235293,34,567,34,0.0,1.0,A_34_irreversible,34
trap_mixing_adversarial,0.007054673721340388,irreversible,A,0.8897606733033196,1.0,1.0,141.75,4,567,34,0.0,0.5,A_34_irreversible,34
best_of_10_hashes_per_world,0.003527336860670194,irreversible,A,0.6918386333723636,1.0,1.0,283.5,2,567,34,0.0,1.0,A_34_irreversible,34
viability_signature,0.024691358024691357,irreversible,A,1.8083945820383538,0.0,0.14285714285714285,40.5,14,567,34,0.0,0.21428571428571427,A_34_irreversible,34
behavioral_quotient_k5,0.008818342151675485,irreversible,A,1.1409012867228916,0.4,0.4,113.4,5,567,34,0.0,0.4,A_34_irreversible,34
predictive_quotient_k5,0.008818342151675485,irreversible,A,1.1264492570858298,0.4,0.4,113.4,5,567,34,0.0,0.2,A_34_irreversible,34
predictive_quotient_k8,0.014109347442680775,irreversible,A,1.6620576044640136,0.125,0.25,70.875,8,567,34,0.0,0.25,A_34_irreversible,34
identity,1.0,reversible,A,6.340359303727763,0.0,0.0,1.0,567,567,24,1.0,0.0,A_24_reversible,24
all_one,0.001763668430335097,reversible,A,0.0,1.0,1.0,567.0,1,567,24,0.0,1.0,A_24_reversible,24
random_k,0.02292768959435626,reversible,A,2.54966455173758,1.0,1.0,43.61538461538461,13,567,24,0.0,1.0,A_24_reversible,24
hash_k34_s1206,0.059964726631393295,reversible,A,3.5234439856557835,1.0,1.0,16.676470588235293,34,567,24,0.0,1.0,A_24_reversible,24
trap_mixing_adversarial,0.007054673721340388,reversible,A,0.9232763374623556,1.0,1.0,141.75,4,567,24,0.0,0.5,A_24_reversible,24
best_of_10_hashes_per_world,0.059964726631393295,reversible,A,3.4880382511873513,0.8529411764705882,0.9117647058823529,16.676470588235293,34,567,24,0.0,0.9411764705882353,A_24_reversible,24
viability_signature,0.026455026455026454,reversible,A,1.9670761826090475,0.0,0.13333333333333333,37.8,15,567,24,0.0,0.13333333333333333,A_24_reversible,24
behavioral_quotient_k5,0.008818342151675485,reversible,A,1.0864723598195967,0.4,0.4,113.4,5,567,24,0.0,0.2,A_24_reversible,24
predictive_quotient_k5,0.008818342151675485,reversible,A,1.1604054430376554,0.2,0.4,113.4,5,567,24,0.0,0.2,A_24_reversible,24
predictive_quotient_k8,0.014109347442680775,reversible,A,1.6036932818965957,0.0,0.375,70.875,8,567,24,0.0,0.25,A_24_reversible,24
identity,1.0,irreversible,A,6.340359303727763,0.0,0.0,1.0,567,567,35,1.0,0.0,A_35_irreversible,35
all_one,0.001763668430335097,irreversible,A,0.0,1.0,1.0,567.0,1,567,35,0.0,1.0,A_35_irreversible,35
random_k,0.02292768959435626,irreversible,A,2.558155789080746,1.0,1.0,43.61538461538461,13,567,35,0.0,1.0,A_35_irreversible,35
hash_k34_s1206,0.059964726631393295,irreversible,A,3.5234439856557835,1.0,1.0,16.676470588235293,34,567,35,0.0,1.0,A_35_irreversible,35
trap_mixing_adversarial,0.007054673721340388,irreversible,A,0.9232763374623556,1.0,1.0,141.75,4,567,35,0.0,0.5,A_35_irreversible,35
best_of_10_hashes_per_world,0.003527336860670194,irreversible,A,0.6927972055181617,1.0,1.0,283.5,2,567,35,0.0,1.0,A_35_irreversible,35
viability_signature,0.026455026455026454,irreversible,A,2.002136966930243,0.0,0.13333333333333333,37.8,15,567,35,0.06666666666666667,0.2,A_35_irreversible,35
behavioral_quotient_k5,0.008818342151675485,irreversible,A,1.1518733320454027,0.2,0.4,113.4,5,567,35,0.0,0.4,A_35_irreversible,35
predictive_quotient_k5,0.008818342151675485,irreversible,A,1.1446309141649755,0.4,0.4,113.4,5,567,35,0.0,0.4,A_35_irreversible,35
predictive_quotient_k8,0.014109347442680775,irreversible,A,1.4124769146827503,0.125,0.375,70.875,8,567,35,0.0,0.25,A_35_irreversible,35
identity,1.0,irreversible,A,6.340359303727763,0.0,0.0,1.0,567,567,27,1.0,0.0,A_27_irreversible,27
all_one,0.001763668430335097,irreversible,A,0.0,1.0,1.0,567.0,1,567,27,0.0,1.0,A_27_irreversible,27
random_k,0.02292768959435626,irreversible,A,2.5564485477228858,1.0,1.0,43.61538461538461,13,567,27,0.0,1.0,A_27_irreversible,27
hash_k34_s1206,0.059964726631393295,irreversible,A,3.5234439856557835,1.0,1.0,16.676470588235293,34,567,27,0.0,1.0,A_27_irreversible,27
trap_mixing_adversarial,0.007054673721340388,irreversible,A,0.8833008196765969,0.75,0.75,141.75,4,567,27,0.0,0.5,A_27_irreversible,27
best_of_10_hashes_per_world,0.02292768959435626,irreversible,A,2.5603594607591162,0.9230769230769231,0.9230769230769231,43.61538461538461,13,567,27,0.0,1.0,A_27_irreversible,27
viability_signature,0.02821869488536155,irreversible,A,1.9362324754481388,0.0,0.125,35.4375,16,567,27,0.0,0.1875,A_27_irreversible,27
behavioral_quotient_k5,0.008818342151675485,irreversible,A,1.1086589251679344,0.4,0.4,113.4,5,567,27,0.0,0.2,A_27_irreversible,27
predictive_quotient_k5,0.008818342151675485,irreversible,A,1.0908498814042862,0.2,0.2,113.4,5,567,27,0.0,0.2,A_27_irreversible,27
predictive_quotient_k8,0.014109347442680775,irreversible,A,1.3730844033973866,0.25,0.125,70.875,8,567,27,0.0,0.125,A_27_irreversible,27
identity,1.0,reversible,A,6.340359303727763,0.0,0.0,1.0,567,567,32,1.0,0.0,A_32_reversible,32
all_one,0.001763668430335097,reversible,A,0.0,1.0,1.0,567.0,1,567,32,0.0,1.0,A_32_reversible,32
random_k,0.02292768959435626,reversible,A,2.5508679049432357,1.0,1.0,43.61538461538461,13,567,32,0.0,1.0,A_32_reversible,32
hash_k34_s1206,0.059964726631393295,reversible,A,3.5234439856557835,1.0,1.0,16.676470588235293,34,567,32,0.0,1.0,A_32_reversible,32
trap_mixing_adversarial,0.007054673721340388,reversible,A,0.9509450543972982,1.0,1.0,141.75,4,567,32,0.0,0.5,A_32_reversible,32
best_of_10_hashes_per_world,0.037037037037037035,reversible,A,3.0269130058994578,1.0,1.0,27.0,21,567,32,0.0,1.0,A_32_reversible,32
viability_signature,0.02821869488536155,reversible,A,2.1454034045280945,0.0,0.125,35.4375,16,567,32,0.0625,0.125,A_32_reversible,32
behavioral_quotient_k5,0.008818342151675485,reversible,A,1.244495853159828,0.4,0.4,113.4,5,567,32,0.0,0.2,A_32_reversible,32
predictive_quotient_k5,0.008818342151675485,reversible,A,1.2018444321805657,0.4,0.6,113.4,5,567,32,0.0,0.4,A_32_reversible,32
predictive_quotient_k8,0.014109347442680775,reversible,A,1.54481614355424,0.125,0.375,70.875,8,567,32,0.0,0.25,A_32_reversible,32
identity,1.0,reversible,A,6.340359303727763,0.0,0.0,1.0,567,567,31,1.0,0.0,A_31_reversible,31
all_one,0.001763668430335097,reversible,A,0.0,1.0,1.0,567.0,1,567,31,0.0,1.0,A_31_reversible,31
random_k,0.02292768959435626,reversible,A,2.5549280295784986,1.0,1.0,43.61538461538461,13,567,31,0.0,1.0,A_31_reversible,31
hash_k34_s1206,0.059964726631393295,reversible,A,3.5234439856557835,1.0,1.0,16.676470588235293,34,567,31,0.0,1.0,A_31_reversible,31
trap_mixing_adversarial,0.007054673721340388,reversible,A,0.8481934526498114,1.0,1.0,141.75,4,567,31,0.0,0.5,A_31_reversible,31
best_of_10_hashes_per_world,0.02292768959435626,reversible,A,2.5458283912450628,1.0,1.0,43.61538461538461,13,567,31,0.0,1.0,A_31_reversible,31
viability_signature,0.026455026455026454,reversible,A,2.0166325144890687,0.0,0.13333333333333333,37.8,15,567,31,0.0,0.13333333333333333,A_31_reversible,31
behavioral_quotient_k5,0.008818342151675485,reversible,A,1.1516977015773873,0.4,0.4,113.4,5,567,31,0.0,0.2,A_31_reversible,31
predictive_quotient_k5,0.008818342151675485,reversible,A,1.2082802108428738,0.2,0.4,113.4,5,567,31,0.0,0.2,A_31_reversible,31
predictive_quotient_k8,0.014109347442680775,reversible,A,1.8888328862103207,0.25,0.375,70.875,8,567,31,0.0,0.375,A_31_reversible,31
identity,1.0,irreversible,A,6.340359303727763,0.0,0.0,1.0,567,567,37,1.0,0.0,A_37_irreversible,37
all_one,0.001763668430335097,irreversible,A,0.0,1.0,1.0,567.0,1,567,37,0.0,1.0,A_37_irreversible,37
random_k,0.02292768959435626,irreversible,A,2.560428821892701,1.0,1.0,43.61538461538461,13,567,37,0.0,1.0,A_37_irreversible,37
hash_k34_s1206,0.059964726631393295,irreversible,A,3.5234439856557835,1.0,1.0,16.676470588235293,34,567,37,0.0,1.0,A_37_irreversible,37
trap_mixing_adversarial,0.005291005291005291,irreversible,A,0.8255690423247297,1.0,1.0,189.0,3,567,37,0.0,0.6666666666666666,A_37_irreversible,37
best_of_10_hashes_per_world,0.003527336860670194,irreversible,A,0.693145625295973,1.0,1.0,283.5,2,567,37,0.0,1.0,A_37_irreversible,37
viability_signature,0.024691358024691357,irreversible,A,1.9204284934664115,0.0,0.07142857142857142,40.5,14,567,37,0.07142857142857142,0.21428571428571427,A_37_irreversible,37
behavioral_quotient_k5,0.008818342151675485,irreversible,A,1.1152289691830846,0.4,0.4,113.4,5,567,37,0.0,0.4,A_37_irreversible,37
predictive_quotient_k5,0.008818342151675485,irreversible,A,1.1153923817558007,0.4,0.4,113.4,5,567,37,0.0,0.2,A_37_irreversible,37
predictive_quotient_k8,0.014109347442680775,irreversible,A,1.6483102450474767,0.25,0.25,70.875,8,567,37,0.0,0.125,A_37_irreversible,37
identity,1.0,reversible,A,6.340359303727763,0.0,0.0,1.0,567,567,30,1.0,0.0,A_30_reversible,30
all_one,0.001763668430335097,reversible,A,0.0,1.0,1.0,567.0,1,567,30,0.0,1.0,A_30_reversible,30
random_k,0.02292768959435626,reversible,A,2.5534646144544224,1.0,1.0,43.61538461538461,13,567,30,0.0,1.0,A_30_reversible,30
hash_k34_s1206,0.059964726631393295,reversible,A,3.5234439856557835,1.0,1.0,16.676470588235293,34,567,30,0.0,1.0,A_30_reversible,30
trap_mixing_adversarial,0.007054673721340388,reversible,A,0.8813754091748968,1.0,1.0,141.75,4,567,30,0.0,0.5,A_30_reversible,30
best_of_10_hashes_per_world,0.059964726631393295,reversible,A,3.4970750518270837,0.8235294117647058,0.9117647058823529,16.676470588235293,34,567,30,0.0,0.9411764705882353,A_30_reversible,30
viability_signature,0.02821869488536155,reversible,A,2.1008792313133444,0.0,0.125,35.4375,16,567,30,0.0625,0.125,A_30_reversible,30
behavioral_quotient_k5,0.008818342151675485,reversible,A,1.2090064651156507,0.4,0.4,113.4,5,567,30,0.0,0.2,A_30_reversible,30
predictive_quotient_k5,0.008818342151675485,reversible,A,1.1884145418044898,0.4,0.4,113.4,5,567,30,0.0,0.2,A_30_reversible,30
predictive_quotient_k8,0.014109347442680775,reversible,A,1.4986101827295533,0.25,0.25,70.875,8,567,30,0.0,0.25,A_30_reversible,30
identity,1.0,reversible,A,6.340359303727763,0.0,0.0,1.0,567,567,35,1.0,0.0,A_35_reversible,35
all_one,0.001763668430335097,reversible,A,0.0,1.0,1.0,567.0,1,567,35,0.0,1.0,A_35_reversible,35
random_k,0.02292768959435626,reversible,A,2.558155789080746,1.0,1.0,43.61538461538461,13,567,35,0.0,1.0,A_35_reversible,35
hash_k34_s1206,0.059964726631393295,reversible,A,3.5234439856557835,1.0,1.0,16.676470588235293,34,567,35,0.0,1.0,A_35_reversible,35
trap_mixing_adversarial,0.007054673721340388,reversible,A,0.9232763374623556,1.0,1.0,141.75,4,567,35,0.0,0.5,A_35_reversible,35
best_of_10_hashes_per_world,0.02292768959435626,reversible,A,2.5476122936823224,1.0,1.0,43.61538461538461,13,567,35,0.0,1.0,A_35_reversible,35
viability_signature,0.026455026455026454,reversible,A,2.023376965208436,0.0,0.13333333333333333,37.8,15,567,35,0.0,0.13333333333333333,A_35_reversible,35
behavioral_quotient_k5,0.008818342151675485,reversible,A,1.2242515381300507,0.2,0.4,113.4,5,567,35,0.0,0.2,A_35_reversible,35
predictive_quotient_k5,0.008818342151675485,reversible,A,1.2052559333736175,0.2,0.4,113.4,5,567,35,0.0,0.4,A_35_reversible,35
predictive_quotient_k8,0.014109347442680775,reversible,A,1.7465648614760105,0.25,0.375,70.875,8,567,35,0.0,0.375,A_35_reversible,35
identity,1.0,reversible,A,6.340359303727763,0.0,0.0,1.0,567,567,33,1.0,0.0,A_33_reversible,33
all_one,0.001763668430335097,reversible,A,0.0,1.0,1.0,567.0,1,567,33,0.0,1.0,A_33_reversible,33
random_k,0.02292768959435626,reversible,A,2.559001991602304,1.0,1.0,43.61538461538461,13,567,33,0.0,1.0,A_33_reversible,33
hash_k34_s1206,0.059964726631393295,reversible,A,3.5234439856557835,1.0,1.0,16.676470588235293,34,567,33,0.0,1.0,A_33_reversible,33
trap_mixing_adversarial,0.007054673721340388,reversible,A,0.8891191589362224,1.0,1.0,141.75,4,567,33,0.0,0.5,A_33_reversible,33
best_of_10_hashes_per_world,0.037037037037037035,reversible,A,3.0118400551182574,1.0,1.0,27.0,21,567,33,0.0,1.0,A_33_reversible,33
viability_signature,0.026455026455026454,reversible,A,2.0623905974460817,0.0,0.13333333333333333,37.8,15,567,33,0.0,0.13333333333333333,A_33_reversible,33
behavioral_quotient_k5,0.008818342151675485,reversible,A,1.1918588259126486,0.2,0.4,113.4,5,567,33,0.0,0.2,A_33_reversible,33
predictive_quotient_k5,0.008818342151675485,reversible,A,1.188426589565949,0.2,0.4,113.4,5,567,33,0.0,0.2,A_33_reversible,33
predictive_quotient_k8,0.014109347442680775,reversible,A,1.670868576004526,0.25,0.25,70.875,8,567,33,0.0,0.25,A_33_reversible,33
identity,1.0,irreversible,A,6.340359303727763,0.0,0.0,1.0,567,567,38,1.0,0.0,A_38_irreversible,38
all_one,0.001763668430335097,irreversible,A,0.0,1.0,1.0,567.0,1,567,38,0.0,1.0,A_38_irreversible,38
random_k,0.02292768959435626,irreversible,A,2.54733163006968,1.0,1.0,43.61538461538461,13,567,38,0.0,1.0,A_38_irreversible,38
hash_k34_s1206,0.059964726631393295,irreversible,A,3.5234439856557835,1.0,1.0,16.676470588235293,34,567,38,0.0,1.0,A_38_irreversible,38
trap_mixing_adversarial,0.005291005291005291,irreversible,A,0.7911031896650416,1.0,1.0,189.0,3,567,38,0.0,0.6666666666666666,A_38_irreversible,38
best_of_10_hashes_per_world,0.003527336860670194,irreversible,A,0.693145625295973,1.0,1.0,283.5,2,567,38,0.0,1.0,A_38_irreversible,38
viability_signature,0.024691358024691357,irreversible,A,1.9198560225397976,0.0,0.14285714285714285,40.5,14,567,38,0.0,0.21428571428571427,A_38_irreversible,38
behavioral_quotient_k5,0.008818342151675485,irreversible,A,1.118109801596144,0.4,0.4,113.4,5,567,38,0.0,0.2,A_38_irreversible,38
predictive_quotient_k5,0.008818342151675485,irreversible,A,1.0935192452131675,0.4,0.4,113.4,5,567,38,0.0,0.2,A_38_irreversible,38
predictive_quotient_k8,0.014109347442680775,irreversible,A,1.3842327072295613,0.125,0.125,70.875,8,567,38,0.0,0.0,A_38_irreversible,38
identity,1.0,irreversible,A,6.340359303727763,0.0,0.0,1.0,567,567,33,1.0,0.0,A_33_irreversible,33
all_one,0.001763668430335097,irreversible,A,0.0,1.0,1.0,567.0,1,567,33,0.0,1.0,A_33_irreversible,33
random_k,0.02292768959435626,irreversible,A,2.559001991602304,1.0,1.0,43.61538461538461,13,567,33,0.0,1.0,A_33_irreversible,33
hash_k34_s1206,0.059964726631393295,irreversible,A,3.5234439856557835,1.0,1.0,16.676470588235293,34,567,33,0.0,1.0,A_33_irreversible,33
trap_mixing_adversarial,0.007054673721340388,irreversible,A,0.8897606733033196,1.0,1.0,141.75,4,567,33,0.0,0.5,A_33_irreversible,33
best_of_10_hashes_per_world,0.037037037037037035,irreversible,A,3.0118400551182574,1.0,1.0,27.0,21,567,33,0.0,1.0,A_33_irreversible,33
viability_signature,0.02821869488536155,irreversible,A,1.9920683339344905,0.0,0.125,35.4375,16,567,33,0.0,0.1875,A_33_irreversible,33
behavioral_quotient_k5,0.008818342151675485,irreversible,A,1.1476674831507363,0.4,0.4,113.4,5,567,33,0.0,0.2,A_33_irreversible,33
predictive_quotient_k5,0.008818342151675485,irreversible,A,1.1416469696905855,0.4,0.4,113.4,5,567,33,0.0,0.2,A_33_irreversible,33
predictive_quotient_k8,0.014109347442680775,irreversible,A,1.527308867442849,0.375,0.375,70.875,8,567,33,0.0,0.25,A_33_irreversible,33
identity,1.0,irreversible,A,6.340359303727763,0.0,0.0,1.0,567,567,36,1.0,0.0,A_36_irreversible,36
all_one,0.001763668430335097,irreversible,A,0.0,1.0,1.0,567.0,1,567,36,0.0,1.0,A_36_irreversible,36
random_k,0.02292768959435626,irreversible,A,2.5478797338994363,1.0,1.0,43.61538461538461,13,567,36,0.0,1.0,A_36_irreversible,36
hash_k34_s1206,0.059964726631393295,irreversible,A,3.5234439856557835,1.0,1.0,16.676470588235293,34,567,36,0.0,1.0,A_36_irreversible,36
trap_mixing_adversarial,0.005291005291005291,irreversible,A,0.8258856328932197,1.0,1.0,189.0,3,567,36,0.0,0.6666666666666666,A_36_irreversible,36
best_of_10_hashes_per_world,0.09700176366843033,irreversible,A,3.962165897140956,0.7090909090909091,0.7090909090909091,10.309090909090909,55,567,36,0.0,0.7636363636363637,A_36_irreversible,36
viability_signature,0.02821869488536155,irreversible,A,1.9451040033350995,0.0,0.125,35.4375,16,567,36,0.0625,0.1875,A_36_irreversible,36
behavioral_quotient_k5,0.008818342151675485,irreversible,A,1.0970939555284787,0.6,0.6,113.4,5,567,36,0.0,0.4,A_36_irreversible,36
predictive_quotient_k5,0.008818342151675485,irreversible,A,1.1203850472806722,0.2,0.4,113.4,5,567,36,0.0,0.2,A_36_irreversible,36
predictive_quotient_k8,0.014109347442680775,irreversible,A,1.6614689629237873,0.125,0.375,70.875,8,567,36,0.0,0.25,A_36_irreversible,36
identity,1.0,irreversible,A,6.340359303727763,0.0,0.0,1.0,567,567,40,1.0,0.0,A_40_irreversible,40
all_one,0.001763668430335097,irreversible,A,0.0,1.0,1.0,567.0,1,567,40,0.0,1.0,A_40_irreversible,40
random_k,0.02292768959435626,irreversible,A,2.5532357194351425,1.0,1.0,43.61538461538461,13,567,40,0.0,1.0,A_40_irreversible,40
hash_k34_s1206,0.059964726631393295,irreversible,A,3.5234439856557835,1.0,1.0,16.676470588235293,34,567,40,0.0,1.0,A_40_irreversible,40
trap_mixing_adversarial,0.007054673721340388,irreversible,A,0.8897606733033196,1.0,1.0,141.75,4,567,40,0.0,0.5,A_40_irreversible,40
best_of_10_hashes_per_world,0.003527336860670194,irreversible,A,0.6897076589776521,1.0,1.0,283.5,2,567,40,0.0,1.0,A_40_irreversible,40
viability_signature,0.024691358024691357,irreversible,A,1.8083945820383538,0.0,0.14285714285714285,40.5,14,567,40,0.0,0.21428571428571427,A_40_irreversible,40
behavioral_quotient_k5,0.008818342151675485,irreversible,A,1.1275459004783794,0.4,0.4,113.4,5,567,40,0.0,0.4,A_40_irreversible,40
predictive_quotient_k5,0.008818342151675485,irreversible,A,1.1210804804458128,0.2,0.4,113.4,5,567,40,0.0,0.4,A_40_irreversible,40
predictive_quotient_k8,0.014109347442680775,irreversible,A,1.7764156693033606,0.25,0.25,70.875,8,567,40,0.0,0.125,A_40_irreversible,40
identity,1.0,reversible,A,6.340359303727763,0.0,0.0,1.0,567,567,34,1.0,0.0,A_34_reversible,34
all_one,0.001763668430335097,reversible,A,0.0,1.0,1.0,567.0,1,567,34,0.0,1.0,A_34_reversible,34
random_k,0.02292768959435626,reversible,A,2.5437033118381223,1.0,1.0,43.61538461538461,13,567,34,0.0,1.0,A_34_reversible,34
hash_k34_s1206,0.059964726631393295,reversible,A,3.5234439856557835,1.0,1.0,16.676470588235293,34,567,34,0.0,1.0,A_34_reversible,34
trap_mixing_adversarial,0.007054673721340388,reversible,A,0.9223011154613077,1.0,1.0,141.75,4,567,34,0.0,0.5,A_34_reversible,34
best_of_10_hashes_per_world,0.059964726631393295,reversible,A,3.489587904118765,0.9117647058823529,1.0,16.676470588235293,34,567,34,0.0,1.0,A_34_reversible,34
viability_signature,0.026455026455026454,reversible,A,1.9647118230682592,0.0,0.13333333333333333,37.8,15,567,34,0.0,0.13333333333333333,A_34_reversible,34
behavioral_quotient_k5,0.008818342151675485,reversible,A,1.200923260610569,0.4,0.4,113.4,5,567,34,0.0,0.2,A_34_reversible,34
predictive_quotient_k5,0.008818342151675485,reversible,A,1.1631664768816146,0.2,0.4,113.4,5,567,34,0.0,0.2,A_34_reversible,34
predictive_quotient_k8,0.014109347442680775,reversible,A,1.4182398190852292,0.125,0.25,70.875,8,567,34,0.0,0.125,A_34_reversible,34
identity,1.0,irreversible,A,6.340359303727763,0.0,0.0,1.0,567,567,41,1.0,0.0,A_41_irreversible,41
all_one,0.001763668430335097,irreversible,A,0.0,1.0,1.0,567.0,1,567,41,0.0,1.0,A_41_irreversible,41
random_k,0.02292768959435626,irreversible,A,2.561548391643989,1.0,1.0,43.61538461538461,13,567,41,0.0,1.0,A_41_irreversible,41
hash_k34_s1206,0.059964726631393295,irreversible,A,3.5234439856557835,0.9411764705882353,0.9705882352941176,16.676470588235293,34,567,41,0.0,1.0,A_41_irreversible,41
trap_mixing_adversarial,0.007054673721340388,irreversible,A,0.8891191589362224,1.0,1.0,141.75,4,567,41,0.0,0.5,A_41_irreversible,41
best_of_10_hashes_per_world,0.003527336860670194,irreversible,A,0.6927972055181617,1.0,1.0,283.5,2,567,41,0.0,1.0,A_41_irreversible,41
viability_signature,0.024691358024691357,irreversible,A,1.9456438145169663,0.0,0.14285714285714285,40.5,14,567,41,0.0,0.21428571428571427,A_41_irreversible,41
behavioral_quotient_k5,0.008818342151675485,irreversible,A,1.1435796556862006,0.2,0.6,113.4,5,567,41,0.0,0.4,A_41_irreversible,41
predictive_quotient_k5,0.008818342151675485,irreversible,A,1.1417221636789652,0.2,0.2,113.4,5,567,41,0.0,0.4,A_41_irreversible,41
predictive_quotient_k8,0.014109347442680775,irreversible,A,1.7877648560890231,0.125,0.125,70.875,8,567,41,0.0,0.125,A_41_irreversible,41
identity,1.0,reversible,A,6.340359303727763,0.0,0.0,1.0,567,567,37,1.0,0.0,A_37_reversible,37
all_one,0.001763668430335097,reversible,A,0.0,1.0,1.0,567.0,1,567,37,0.0,1.0,A_37_reversible,37
random_k,0.02292768959435626,reversible,A,2.560428821892701,1.0,1.0,43.61538461538461,13,567,37,0.0,1.0,A_37_reversible,37
hash_k34_s1206,0.059964726631393295,reversible,A,3.5234439856557835,1.0,1.0,16.676470588235293,34,567,37,0.0,1.0,A_37_reversible,37
trap_mixing_adversarial,0.007054673721340388,reversible,A,1.0116283812167972,1.0,1.0,141.75,4,567,37,0.0,0.5,A_37_reversible,37
best_of_10_hashes_per_world,0.059964726631393295,reversible,A,3.4819792698787597,0.9117647058823529,0.9411764705882353,16.676470588235293,34,567,37,0.0,0.9705882352941176,A_37_reversible,37
viability_signature,0.026455026455026454,reversible,A,2.020822423721791,0.0,0.13333333333333333,37.8,15,567,37,0.0,0.13333333333333333,A_37_reversible,37
behavioral_quotient_k5,0.008818342151675485,reversible,A,1.1650480883163745,0.4,0.4,113.4,5,567,37,0.0,0.2,A_37_reversible,37
predictive_quotient_k5,0.008818342151675485,reversible,A,1.1688173656992917,0.2,0.4,113.4,5,567,37,0.0,0.2,A_37_reversible,37
predictive_quotient_k8,0.014109347442680775,reversible,A,1.7296621273910098,0.0,0.375,70.875,8,567,37,0.0,0.375,A_37_reversible,37
identity,1.0,reversible,A,6.340359303727763,0.0,0.0,1.0,567,567,41,1.0,0.0,A_41_reversible,41
all_one,0.001763668430335097,reversible,A,0.0,1.0,1.0,567.0,1,567,41,0.0,1.0,A_41_reversible,41
random_k,0.02292768959435626,reversible,A,2.561548391643989,1.0,1.0,43.61538461538461,13,567,41,0.0,1.0,A_41_reversible,41
hash_k34_s1206,0.059964726631393295,reversible,A,3.5234439856557835,1.0,1.0,16.676470588235293,34,567,41,0.0,1.0,A_41_reversible,41
trap_mixing_adversarial,0.007054673721340388,reversible,A,0.9509450543972982,1.0,1.0,141.75,4,567,41,0.0,0.5,A_41_reversible,41
best_of_10_hashes_per_world,0.059964726631393295,reversible,A,3.5037153868394992,0.8823529411764706,0.8823529411764706,16.676470588235293,34,567,41,0.0,0.9117647058823529,A_41_reversible,41
viability_signature,0.026455026455026454,reversible,A,2.1288769382999058,0.0,0.13333333333333333,37.8,15,567,41,0.0,0.13333333333333333,A_41_reversible,41
behavioral_quotient_k5,0.008818342151675485,reversible,A,1.201359667262057,0.2,0.4,113.4,5,567,41,0.0,0.2,A_41_reversible,41
predictive_quotient_k5,0.008818342151675485,reversible,A,1.2268138488148328,0.4,0.4,113.4,5,567,41,0.0,0.2,A_41_reversible,41
predictive_quotient_k8,0.014109347442680775,reversible,A,1.7592221281882663,0.25,0.375,70.875,8,567,41,0.0,0.25,A_41_reversible,41
identity,1.0,irreversible,A,6.340359303727763,0.0,0.0,1.0,567,567,43,1.0,0.0,A_43_irreversible,43
all_one,0.001763668430335097,irreversible,A,0.0,1.0,1.0,567.0,1,567,43,0.0,1.0,A_43_irreversible,43
random_k,0.02292768959435626,irreversible,A,2.55635170670354,1.0,1.0,43.61538461538461,13,567,43,0.0,1.0,A_43_irreversible,43
hash_k34_s1206,0.059964726631393295,irreversible,A,3.5234439856557835,1.0,1.0,16.676470588235293,34,567,43,0.0,1.0,A_43_irreversible,43
trap_mixing_adversarial,0.007054673721340388,irreversible,A,0.957116925419999,1.0,1.0,141.75,4,567,43,0.0,0.5,A_43_irreversible,43
best_of_10_hashes_per_world,0.003527336860670194,irreversible,A,0.6926976421393123,1.0,1.0,283.5,2,567,43,0.0,1.0,A_43_irreversible,43
viability_signature,0.024691358024691357,irreversible,A,1.946717761819704,0.0,0.14285714285714285,40.5,14,567,43,0.0,0.21428571428571427,A_43_irreversible,43
behavioral_quotient_k5,0.008818342151675485,irreversible,A,1.179783596696311,0.2,0.2,113.4,5,567,43,0.0,0.2,A_43_irreversible,43
predictive_quotient_k5,0.008818342151675485,irreversible,A,1.1325408806919308,0.2,0.4,113.4,5,567,43,0.0,0.2,A_43_irreversible,43
predictive_quotient_k8,0.014109347442680775,irreversible,A,1.6691389077435979,0.25,0.375,70.875,8,567,43,0.0,0.25,A_43_irreversible,43
identity,1.0,reversible,A,6.340359303727763,0.0,0.0,1.0,567,567,43,1.0,0.0,A_43_reversible,43
all_one,0.001763668430335097,reversible,A,0.0,1.0,1.0,567.0,1,567,43,0.0,1.0,A_43_reversible,43
random_k,0.02292768959435626,reversible,A,2.55635170670354,1.0,1.0,43.61538461538461,13,567,43,0.0,1.0,A_43_reversible,43
hash_k34_s1206,0.059964726631393295,reversible,A,3.5234439856557835,1.0,1.0,16.676470588235293,34,567,43,0.0,1.0,A_43_reversible,43
trap_mixing_adversarial,0.007054673721340388,reversible,A,0.9232763374623556,1.0,1.0,141.75,4,567,43,0.0,0.5,A_43_reversible,43
best_of_10_hashes_per_world,0.059964726631393295,reversible,A,3.498598785050516,1.0,1.0,16.676470588235293,34,567,43,0.0,1.0,A_43_reversible,43
viability_signature,0.02821869488536155,reversible,A,2.0883583347686865,0.0,0.125,35.4375,16,567,43,0.0625,0.125,A_43_reversible,43
behavioral_quotient_k5,0.008818342151675485,reversible,A,1.1918841983972008,0.4,0.6,113.4,5,567,43,0.0,0.4,A_43_reversible,43
predictive_quotient_k5,0.008818342151675485,reversible,A,1.207715845615357,0.2,0.4,113.4,5,567,43,0.0,0.2,A_43_reversible,43
predictive_quotient_k8,0.014109347442680775,reversible,A,1.6541123572418506,0.125,0.25,70.875,8,567,43,0.0,0.125,A_43_reversible,43
identity,1.0,irreversible,A,6.340359303727763,0.0,0.0,1.0,567,567,44,1.0,0.0,A_44_irreversible,44
all_one,0.001763668430335097,irreversible,A,0.0,1.0,1.0,567.0,1,567,44,0.0,1.0,A_44_irreversible,44
random_k,0.02292768959435626,irreversible,A,2.5503379163097812,1.0,1.0,43.61538461538461,13,567,44,0.0,1.0,A_44_irreversible,44
hash_k34_s1206,0.059964726631393295,irreversible,A,3.5234439856557835,1.0,1.0,16.676470588235293,34,567,44,0.0,1.0,A_44_irreversible,44
trap_mixing_adversarial,0.007054673721340388,irreversible,A,0.9232763374623556,1.0,1.0,141.75,4,567,44,0.0,0.5,A_44_irreversible,44
best_of_10_hashes_per_world,0.003527336860670194,irreversible,A,0.6928843180518376,1.0,1.0,283.5,2,567,44,0.0,1.0,A_44_irreversible,44
viability_signature,0.024691358024691357,irreversible,A,2.009784049314763,0.0,0.14285714285714285,40.5,14,567,44,0.0,0.21428571428571427,A_44_irreversible,44
behavioral_quotient_k5,0.008818342151675485,irreversible,A,1.161500986332557,0.4,0.4,113.4,5,567,44,0.0,0.2,A_44_irreversible,44
predictive_quotient_k5,0.008818342151675485,irreversible,A,1.1520962630765657,0.4,0.4,113.4,5,567,44,0.0,0.2,A_44_irreversible,44
predictive_quotient_k8,0.014109347442680775,irreversible,A,1.7188948635397403,0.25,0.375,70.875,8,567,44,0.0,0.25,A_44_irreversible,44
identity,1.0,reversible,A,6.340359303727763,0.0,0.0,1.0,567,567,36,1.0,0.0,A_36_reversible,36
all_one,0.001763668430335097,reversible,A,0.0,1.0,1.0,567.0,1,567,36,0.0,1.0,A_36_reversible,36
random_k,0.02292768959435626,reversible,A,2.5478797338994363,1.0,1.0,43.61538461538461,13,567,36,0.0,1.0,A_36_reversible,36
hash_k34_s1206,0.059964726631393295,reversible,A,3.5234439856557835,1.0,1.0,16.676470588235293,34,567,36,0.0,1.0,A_36_reversible,36
trap_mixing_adversarial,0.007054673721340388,reversible,A,0.9861038439995189,1.0,1.0,141.75,4,567,36,0.0,0.5,A_36_reversible,36
best_of_10_hashes_per_world,0.09700176366843033,reversible,A,3.962165897140956,0.7636363636363637,0.8,10.309090909090909,55,567,36,0.0,0.8363636363636363,A_36_reversible,36
viability_signature,0.026455026455026454,reversible,A,1.8995486791260068,0.0,0.13333333333333333,37.8,15,567,36,0.0,0.13333333333333333,A_36_reversible,36
behavioral_quotient_k5,0.008818342151675485,reversible,A,1.1207888186323396,0.4,0.6,113.4,5,567,36,0.0,0.4,A_36_reversible,36
predictive_quotient_k5,0.008818342151675485,reversible,A,1.0917260457380789,0.6,0.6,113.4,5,567,36,0.0,0.4,A_36_reversible,36
predictive_quotient_k8,0.014109347442680775,reversible,A,1.5745274734123216,0.25,0.5,70.875,8,567,36,0.0,0.375,A_36_reversible,36
identity,1.0,reversible,A,6.340359303727763,0.0,0.0,1.0,567,567,39,1.0,0.0,A_39_reversible,39
all_one,0.001763668430335097,reversible,A,0.0,1.0,1.0,567.0,1,567,39,0.0,1.0,A_39_reversible,39
random_k,0.02292768959435626,reversible,A,2.551446485590149,1.0,1.0,43.61538461538461,13,567,39,0.0,1.0,A_39_reversible,39
hash_k34_s1206,0.059964726631393295,reversible,A,3.5234439856557835,1.0,1.0,16.676470588235293,34,567,39,0.0,1.0,A_39_reversible,39
trap_mixing_adversarial,0.007054673721340388,reversible,A,0.8891191589362224,1.0,1.0,141.75,4,567,39,0.0,0.5,A_39_reversible,39
best_of_10_hashes_per_world,0.059964726631393295,reversible,A,3.4918015268170577,0.9411764705882353,0.9705882352941176,16.676470588235293,34,567,39,0.0,1.0,A_39_reversible,39
viability_signature,0.026455026455026454,reversible,A,2.0623905974460817,0.0,0.13333333333333333,37.8,15,567,39,0.0,0.13333333333333333,A_39_reversible,39
behavioral_quotient_k5,0.008818342151675485,reversible,A,1.1778643989326776,0.2,0.4,113.4,5,567,39,0.0,0.2,A_39_reversible,39
predictive_quotient_k5,0.008818342151675485,reversible,A,1.1719403547168838,0.4,0.4,113.4,5,567,39,0.0,0.4,A_39_reversible,39
predictive_quotient_k8,0.014109347442680775,reversible,A,1.7037368756364442,0.375,0.25,70.875,8,567,39,0.0,0.125,A_39_reversible,39
identity,1.0,reversible,A,6.340359303727763,0.0,0.0,1.0,567,567,42,1.0,0.0,A_42_reversible,42
all_one,0.001763668430335097,reversible,A,0.0,1.0,1.0,567.0,1,567,42,0.0,1.0,A_42_reversible,42
random_k,0.02292768959435626,reversible,A,2.552371304745878,1.0,1.0,43.61538461538461,13,567,42,0.0,1.0,A_42_reversible,42
hash_k34_s1206,0.059964726631393295,reversible,A,3.5234439856557835,1.0,1.0,16.676470588235293,34,567,42,0.0,1.0,A_42_reversible,42
trap_mixing_adversarial,0.007054673721340388,reversible,A,0.9223011154613077,1.0,1.0,141.75,4,567,42,0.0,0.5,A_42_reversible,42
best_of_10_hashes_per_world,0.02292768959435626,reversible,A,2.54983538979886,1.0,1.0,43.61538461538461,13,567,42,0.0,1.0,A_42_reversible,42
viability_signature,0.026455026455026454,reversible,A,2.090716648897679,0.0,0.13333333333333333,37.8,15,567,42,0.0,0.13333333333333333,A_42_reversible,42
behavioral_quotient_k5,0.008818342151675485,reversible,A,1.1767580447191655,0.2,0.6,113.4,5,567,42,0.0,0.4,A_42_reversible,42
predictive_quotient_k5,0.008818342151675485,reversible,A,1.1468398162788938,0.2,0.4,113.4,5,567,42,0.0,0.2,A_42_reversible,42
predictive_quotient_k8,0.014109347442680775,reversible,A,1.4134656898548326,0.25,0.375,70.875,8,567,42,0.0,0.25,A_42_reversible,42
identity,1.0,irreversible,A,6.340359303727763,0.0,0.0,1.0,567,567,42,1.0,0.0,A_42_irreversible,42
all_one,0.001763668430335097,irreversible,A,0.0,1.0,1.0,567.0,1,567,42,0.0,1.0,A_42_irreversible,42
random_k,0.02292768959435626,irreversible,A,2.552371304745878,1.0,1.0,43.61538461538461,13,567,42,0.0,1.0,A_42_irreversible,42
hash_k34_s1206,0.059964726631393295,irreversible,A,3.5234439856557835,1.0,1.0,16.676470588235293,34,567,42,0.0,1.0,A_42_irreversible,42
trap_mixing_adversarial,0.007054673721340388,irreversible,A,0.9232763374623556,1.0,1.0,141.75,4,567,42,0.0,0.5,A_42_irreversible,42
best_of_10_hashes_per_world,0.02292768959435626,irreversible,A,2.54983538979886,0.9230769230769231,1.0,43.61538461538461,13,567,42,0.0,1.0,A_42_irreversible,42
viability_signature,0.029982363315696647,irreversible,A,2.009886678129446,0.0,0.11764705882352941,33.35294117647059,17,567,42,0.058823529411764705,0.17647058823529413,A_42_irreversible,42
behavioral_quotient_k5,0.008818342151675485,irreversible,A,1.152954255852492,0.4,0.4,113.4,5,567,42,0.0,0.2,A_42_irreversible,42
predictive_quotient_k5,0.008818342151675485,irreversible,A,1.1357492224555072,0.4,0.4,113.4,5,567,42,0.0,0.2,A_42_irreversible,42
predictive_quotient_k8,0.014109347442680775,irreversible,A,1.5204681005867124,0.25,0.25,70.875,8,567,42,0.0,0.25,A_42_irreversible,42
identity,1.0,reversible,A,6.340359303727763,0.0,0.0,1.0,567,567,46,1.0,0.0,A_46_reversible,46
all_one,0.001763668430335097,reversible,A,0.0,1.0,1.0,567.0,1,567,46,0.0,1.0,A_46_reversible,46
random_k,0.02292768959435626,reversible,A,2.5596887500278402,1.0,1.0,43.61538461538461,13,567,46,0.0,1.0,A_46_reversible,46
hash_k34_s1206,0.059964726631393295,reversible,A,3.5234439856557835,1.0,1.0,16.676470588235293,34,567,46,0.0,1.0,A_46_reversible,46
trap_mixing_adversarial,0.007054673721340388,reversible,A,0.9861038439995189,1.0,1.0,141.75,4,567,46,0.0,0.5,A_46_reversible,46
best_of_10_hashes_per_world,0.09700176366843033,reversible,A,3.959510427152431,0.8181818181818182,0.8727272727272727,10.309090909090909,55,567,46,0.0,0.9272727272727272,A_46_reversible,46
viability_signature,0.026455026455026454,reversible,A,2.0412038642443124,0.0,0.13333333333333333,37.8,15,567,46,0.0,0.13333333333333333,A_46_reversible,46
behavioral_quotient_k5,0.008818342151675485,reversible,A,1.1597251317971147,0.2,0.4,113.4,5,567,46,0.0,0.2,A_46_reversible,46
predictive_quotient_k5,0.008818342151675485,reversible,A,1.1488437616772056,0.4,0.4,113.4,5,567,46,0.0,0.2,A_46_reversible,46
predictive_quotient_k8,0.014109347442680775,reversible,A,1.6598493533418168,0.25,0.375,70.875,8,567,46,0.0,0.25,A_46_reversible,46
identity,1.0,reversible,A,6.340359303727763,0.0,0.0,1.0,567,567,38,1.0,0.0,A_38_reversible,38
all_one,0.001763668430335097,reversible,A,0.0,1.0,1.0,567.0,1,567,38,0.0,1.0,A_38_reversible,38
random_k,0.02292768959435626,reversible,A,2.54733163006968,1.0,1.0,43.61538461538461,13,567,38,0.0,1.0,A_38_reversible,38
hash_k34_s1206,0.059964726631393295,reversible,A,3.5234439856557835,1.0,1.0,16.676470588235293,34,567,38,0.0,1.0,A_38_reversible,38
trap_mixing_adversarial,0.007054673721340388,reversible,A,0.9851022329234317,1.0,1.0,141.75,4,567,38,0.0,0.5,A_38_reversible,38
best_of_10_hashes_per_world,0.09700176366843033,reversible,A,3.9528900812429906,0.7818181818181819,0.8,10.309090909090909,55,567,38,0.0,0.8363636363636363,A_38_reversible,38
viability_signature,0.026455026455026454,reversible,A,2.044459245979987,0.0,0.13333333333333333,37.8,15,567,38,0.0,0.13333333333333333,A_38_reversible,38
behavioral_quotient_k5,0.008818342151675485,reversible,A,1.1898111220966336,0.4,0.4,113.4,5,567,38,0.0,0.2,A_38_reversible,38
predictive_quotient_k5,0.008818342151675485,reversible,A,1.1777422328103537,0.2,0.4,113.4,5,567,38,0.0,0.2,A_38_reversible,38
predictive_quotient_k8,0.014109347442680775,reversible,A,1.7058534897562252,0.125,0.375,70.875,8,567,38,0.0,0.375,A_38_reversible,38
identity,1.0,irreversible,A,6.340359303727763,0.0,0.0,1.0,567,567,46,1.0,0.0,A_46_irreversible,46
all_one,0.001763668430335097,irreversible,A,0.0,1.0,1.0,567.0,1,567,46,0.0,1.0,A_46_irreversible,46
random_k,0.02292768959435626,irreversible,A,2.5596887500278402,1.0,1.0,43.61538461538461,13,567,46,0.0,1.0,A_46_irreversible,46
hash_k34_s1206,0.059964726631393295,irreversible,A,3.5234439856557835,1.0,1.0,16.676470588235293,34,567,46,0.0,1.0,A_46_irreversible,46
trap_mixing_adversarial,0.005291005291005291,irreversible,A,0.7498763393946101,1.0,1.0,189.0,3,567,46,0.0,0.6666666666666666,A_46_irreversible,46
best_of_10_hashes_per_world,0.003527336860670194,irreversible,A,0.6920129648318738,1.0,1.0,283.5,2,567,46,0.0,1.0,A_46_irreversible,46
viability_signature,0.02292768959435626,irreversible,A,1.8518700656914182,0.0,0.07692307692307693,43.61538461538461,13,567,46,0.0,0.23076923076923078,A_46_irreversible,46
behavioral_quotient_k5,0.008818342151675485,irreversible,A,1.1059247244256802,0.4,0.4,113.4,5,567,46,0.0,0.2,A_46_irreversible,46
predictive_quotient_k5,0.008818342151675485,irreversible,A,1.107688673623788,0.4,0.4,113.4,5,567,46,0.0,0.2,A_46_irreversible,46
predictive_quotient_k8,0.014109347442680775,irreversible,A,1.395397451023202,0.25,0.25,70.875,8,567,46,0.0,0.125,A_46_irreversible,46
identity,1.0,irreversible,A,6.340359303727763,0.0,0.0,1.0,567,567,47,1.0,0.0,A_47_irreversible,47
all_one,0.001763668430335097,irreversible,A,0.0,1.0,1.0,567.0,1,567,47,0.0,1.0,A_47_irreversible,47
random_k,0.02292768959435626,irreversible,A,2.5483166307851697,1.0,1.0,43.61538461538461,13,567,47,0.0,1.0,A_47_irreversible,47
hash_k34_s1206,0.059964726631393295,irreversible,A,3.5234439856557835,0.9117647058823529,0.9117647058823529,16.676470588235293,34,567,47,0.0,1.0,A_47_irreversible,47
trap_mixing_adversarial,0.007054673721340388,irreversible,A,0.8082179348640527,0.75,0.75,141.75,4,567,47,0.0,0.5,A_47_irreversible,47
best_of_10_hashes_per_world,0.003527336860670194,irreversible,A,0.6925856254343976,1.0,1.0,283.5,2,567,47,0.0,1.0,A_47_irreversible,47
viability_signature,0.024691358024691357,irreversible,A,1.9406861818538883,0.0,0.14285714285714285,40.5,14,567,47,0.0,0.21428571428571427,A_47_irreversible,47
behavioral_quotient_k5,0.008818342151675485,irreversible,A,1.10972435058351,0.4,0.4,113.4,5,567,47,0.0,0.2,A_47_irreversible,47
predictive_quotient_k5,0.008818342151675485,irreversible,A,1.1013032997789074,0.6,0.6,113.4,5,567,47,0.0,0.4,A_47_irreversible,47
predictive_quotient_k8,0.014109347442680775,irreversible,A,1.6298778944034211,0.25,0.25,70.875,8,567,47,0.0,0.125,A_47_irreversible,47
identity,1.0,irreversible,A,6.340359303727763,0.0,0.0,1.0,567,567,39,1.0,0.0,A_39_irreversible,39
all_one,0.001763668430335097,irreversible,A,0.0,1.0,1.0,567.0,1,567,39,0.0,1.0,A_39_irreversible,39
random_k,0.02292768959435626,irreversible,A,2.551446485590149,0.9230769230769231,1.0,43.61538461538461,13,567,39,0.0,1.0,A_39_irreversible,39
hash_k34_s1206,0.059964726631393295,irreversible,A,3.5234439856557835,1.0,1.0,16.676470588235293,34,567,39,0.0,1.0,A_39_irreversible,39
trap_mixing_adversarial,0.007054673721340388,irreversible,A,0.957116925419999,1.0,1.0,141.75,4,567,39,0.0,0.5,A_39_irreversible,39
best_of_10_hashes_per_world,0.059964726631393295,irreversible,A,3.4918015268170577,0.8823529411764706,0.9117647058823529,16.676470588235293,34,567,39,0.0,0.9705882352941176,A_39_irreversible,39
viability_signature,0.02821869488536155,irreversible,A,1.9766782702563774,0.0,0.125,35.4375,16,567,39,0.0,0.1875,A_39_irreversible,39
behavioral_quotient_k5,0.008818342151675485,irreversible,A,1.1490058118350739,0.4,0.4,113.4,5,567,39,0.0,0.2,A_39_irreversible,39
predictive_quotient_k5,0.008818342151675485,irreversible,A,1.1484830558155803,0.2,0.4,113.4,5,567,39,0.0,0.2,A_39_irreversible,39
predictive_quotient_k8,0.014109347442680775,irreversible,A,1.6615666008914158,0.125,0.25,70.875,8,567,39,0.0,0.125,A_39_irreversible,39
identity,1.0,reversible,A,6.340359303727763,0.0,0.0,1.0,567,567,40,1.0,0.0,A_40_reversible,40
all_one,0.001763668430335097,reversible,A,0.0,1.0,1.0,567.0,1,567,40,0.0,1.0,A_40_reversible,40
random_k,0.02292768959435626,reversible,A,2.5532357194351425,1.0,1.0,43.61538461538461,13,567,40,0.0,1.0,A_40_reversible,40
hash_k34_s1206,0.059964726631393295,reversible,A,3.5234439856557835,1.0,1.0,16.676470588235293,34,567,40,0.0,1.0,A_40_reversible,40
trap_mixing_adversarial,0.007054673721340388,reversible,A,0.9223011154613077,1.0,1.0,141.75,4,567,40,0.0,0.5,A_40_reversible,40
best_of_10_hashes_per_world,0.037037037037037035,reversible,A,3.0095747699480806,1.0,1.0,27.0,21,567,40,0.0,1.0,A_40_reversible,40
viability_signature,0.026455026455026454,reversible,A,1.9647118230682592,0.0,0.13333333333333333,37.8,15,567,40,0.0,0.13333333333333333,A_40_reversible,40
behavioral_quotient_k5,0.008818342151675485,reversible,A,1.1745440708626005,0.2,0.4,113.4,5,567,40,0.0,0.2,A_40_reversible,40
predictive_quotient_k5,0.008818342151675485,reversible,A,1.1460408309422698,0.4,0.4,113.4,5,567,40,0.0,0.2,A_40_reversible,40
predictive_quotient_k8,0.014109347442680775,reversible,A,1.4196400546704824,0.25,0.375,70.875,8,567,40,0.0,0.25,A_40_reversible,40
identity,1.0,reversible,A,6.340359303727763,0.0,0.0,1.0,567,567,44,1.0,0.0,A_44_reversible,44
all_one,0.001763668430335097,reversible,A,0.0,1.0,1.0,567.0,1,567,44,0.0,1.0,A_44_reversible,44
random_k,0.02292768959435626,reversible,A,2.5503379163097812,1.0,1.0,43.61538461538461,13,567,44,0.0,1.0,A_44_reversible,44
hash_k34_s1206,0.059964726631393295,reversible,A,3.5234439856557835,1.0,1.0,16.676470588235293,34,567,44,0.0,1.0,A_44_reversible,44
trap_mixing_adversarial,0.007054673721340388,reversible,A,0.9232763374623556,1.0,1.0,141.75,4,567,44,0.0,0.5,A_44_reversible,44
best_of_10_hashes_per_world,0.02292768959435626,reversible,A,2.556160436910307,1.0,1.0,43.61538461538461,13,567,44,0.0,1.0,A_44_reversible,44
viability_signature,0.02821869488536155,reversible,A,2.1406168484662107,0.0,0.125,35.4375,16,567,44,0.0625,0.125,A_44_reversible,44
behavioral_quotient_k5,0.008818342151675485,reversible,A,1.1963849556278607,0.2,0.6,113.4,5,567,44,0.0,0.4,A_44_reversible,44
predictive_quotient_k5,0.008818342151675485,reversible,A,1.2171719617581591,0.2,0.4,113.4,5,567,44,0.0,0.2,A_44_reversible,44
predictive_quotient_k8,0.014109347442680775,reversible,A,1.76903007263232,0.25,0.375,70.875,8,567,44,0.0,0.375,A_44_reversible,44
identity,1.0,irreversible,A,6.340359303727763,0.0,0.0,1.0,567,567,49,1.0,0.0,A_49_irreversible,49
all_one,0.001763668430335097,irreversible,A,0.0,1.0,1.0,567.0,1,567,49,0.0,1.0,A_49_irreversible,49
random_k,0.02292768959435626,irreversible,A,2.5568749676105393,1.0,1.0,43.61538461538461,13,567,49,0.0,1.0,A_49_irreversible,49
hash_k34_s1206,0.059964726631393295,irreversible,A,3.5234439856557835,1.0,1.0,16.676470588235293,34,567,49,0.0,1.0,A_49_irreversible,49
trap_mixing_adversarial,0.007054673721340388,irreversible,A,0.923601261260963,1.0,1.0,141.75,4,567,49,0.0,0.5,A_49_irreversible,49
best_of_10_hashes_per_world,0.003527336860670194,irreversible,A,0.6914525414883748,1.0,1.0,283.5,2,567,49,0.0,1.0,A_49_irreversible,49
viability_signature,0.026455026455026454,irreversible,A,1.982531688364646,0.0,0.13333333333333333,37.8,15,567,49,0.06666666666666667,0.2,A_49_irreversible,49
behavioral_quotient_k5,0.008818342151675485,irreversible,A,1.174678450125354,0.4,0.4,113.4,5,567,49,0.0,0.2,A_49_irreversible,49
predictive_quotient_k5,0.008818342151675485,irreversible,A,1.1463162605227384,0.4,0.4,113.4,5,567,49,0.0,0.4,A_49_irreversible,49
predictive_quotient_k8,0.014109347442680775,irreversible,A,1.80448392967219,0.25,0.25,70.875,8,567,49,0.0,0.25,A_49_irreversible,49
identity,1.0,irreversible,A,6.340359303727763,0.0,0.0,1.0,567,567,50,1.0,0.0,A_50_irreversible,50
all_one,0.001763668430335097,irreversible,A,0.0,1.0,1.0,567.0,1,567,50,0.0,1.0,A_50_irreversible,50
random_k,0.02292768959435626,irreversible,A,2.559878258150503,1.0,1.0,43.61538461538461,13,567,50,0.0,1.0,A_50_irreversible,50
hash_k34_s1206,0.059964726631393295,irreversible,A,3.5234439856557835,1.0,1.0,16.676470588235293,34,567,50,0.0,1.0,A_50_irreversible,50
trap_mixing_adversarial,0.007054673721340388,irreversible,A,0.8833008196765969,1.0,1.0,141.75,4,567,50,0.0,0.5,A_50_irreversible,50
best_of_10_hashes_per_world,0.003527336860670194,irreversible,A,0.6930709707288083,1.0,1.0,283.5,2,567,50,0.0,1.0,A_50_irreversible,50
viability_signature,0.026455026455026454,irreversible,A,1.8493932498327945,0.0,0.13333333333333333,37.8,15,567,50,0.0,0.2,A_50_irreversible,50
behavioral_quotient_k5,0.008818342151675485,irreversible,A,1.1257633132908915,0.2,0.4,113.4,5,567,50,0.0,0.2,A_50_irreversible,50
predictive_quotient_k5,0.008818342151675485,irreversible,A,1.121676989087967,0.4,0.6,113.4,5,567,50,0.0,0.6,A_50_irreversible,50
predictive_quotient_k8,0.014109347442680775,irreversible,A,1.6287932320762075,0.25,0.25,70.875,8,567,50,0.0,0.125,A_50_irreversible,50
identity,1.0,irreversible,A,6.340359303727763,0.0,0.0,1.0,567,567,52,1.0,0.0,A_52_irreversible,52
all_one,0.001763668430335097,irreversible,A,0.0,1.0,1.0,567.0,1,567,52,0.0,1.0,A_52_irreversible,52
random_k,0.02292768959435626,irreversible,A,2.5609097113292933,1.0,1.0,43.61538461538461,13,567,52,0.0,1.0,A_52_irreversible,52
hash_k34_s1206,0.059964726631393295,irreversible,A,3.5234439856557835,1.0,1.0,16.676470588235293,34,567,52,0.0,1.0,A_52_irreversible,52
trap_mixing_adversarial,0.007054673721340388,irreversible,A,0.923601261260963,1.0,1.0,141.75,4,567,52,0.0,0.5,A_52_irreversible,52
best_of_10_hashes_per_world,0.003527336860670194,irreversible,A,0.6927972055181617,1.0,1.0,283.5,2,567,52,0.0,1.0,A_52_irreversible,52
viability_signature,0.026455026455026454,irreversible,A,1.982531688364646,0.0,0.13333333333333333,37.8,15,567,52,0.06666666666666667,0.2,A_52_irreversible,52
behavioral_quotient_k5,0.008818342151675485,irreversible,A,1.1480166183637017,0.2,0.4,113.4,5,567,52,0.0,0.4,A_52_irreversible,52
predictive_quotient_k5,0.008818342151675485,irreversible,A,1.1466287728991373,0.4,0.4,113.4,5,567,52,0.0,0.4,A_52_irreversible,52
predictive_quotient_k8,0.014109347442680775,irreversible,A,1.5708634628489235,0.375,0.375,70.875,8,567,52,0.0,0.25,A_52_irreversible,52
identity,1.0,irreversible,A,6.340359303727763,0.0,0.0,1.0,567,567,45,1.0,0.0,A_45_irreversible,45
all_one,0.001763668430335097,irreversible,A,0.0,1.0,1.0,567.0,1,567,45,0.0,1.0,A_45_irreversible,45
random_k,0.02292768959435626,irreversible,A,2.5551549453189484,1.0,1.0,43.61538461538461,13,567,45,0.0,1.0,A_45_irreversible,45
hash_k34_s1206,0.059964726631393295,irreversible,A,3.5234439856557835,1.0,1.0,16.676470588235293,34,567,45,0.0,1.0,A_45_irreversible,45
trap_mixing_adversarial,0.007054673721340388,irreversible,A,0.8833008196765969,0.75,0.75,141.75,4,567,45,0.0,0.5,A_45_irreversible,45
best_of_10_hashes_per_world,0.037037037037037035,irreversible,A,3.0339650482406118,1.0,1.0,27.0,21,567,45,0.0,1.0,A_45_irreversible,45
viability_signature,0.02821869488536155,irreversible,A,1.9362324754481388,0.0,0.125,35.4375,16,567,45,0.0,0.1875,A_45_irreversible,45
behavioral_quotient_k5,0.008818342151675485,irreversible,A,1.1188558185978592,0.2,0.4,113.4,5,567,45,0.0,0.2,A_45_irreversible,45
predictive_quotient_k5,0.008818342151675485,irreversible,A,1.075739348152856,0.4,0.4,113.4,5,567,45,0.0,0.4,A_45_irreversible,45
predictive_quotient_k8,0.014109347442680775,irreversible,A,1.5506872338623963,0.25,0.25,70.875,8,567,45,0.0,0.125,A_45_irreversible,45
identity,1.0,reversible,A,6.340359303727763,0.0,0.0,1.0,567,567,47,1.0,0.0,A_47_reversible,47
all_one,0.001763668430335097,reversible,A,0.0,1.0,1.0,567.0,1,567,47,0.0,1.0,A_47_reversible,47
random_k,0.02292768959435626,reversible,A,2.5483166307851697,1.0,1.0,43.61538461538461,13,567,47,0.0,1.0,A_47_reversible,47
hash_k34_s1206,0.059964726631393295,reversible,A,3.5234439856557835,1.0,1.0,16.676470588235293,34,567,47,0.0,1.0,A_47_reversible,47
trap_mixing_adversarial,0.007054673721340388,reversible,A,0.9509450543972983,1.0,1.0,141.75,4,567,47,0.0,0.5,A_47_reversible,47
best_of_10_hashes_per_world,0.037037037037037035,reversible,A,3.0258995389668093,1.0,1.0,27.0,21,567,47,0.0,1.0,A_47_reversible,47
viability_signature,0.026455026455026454,reversible,A,2.030875060197149,0.0,0.13333333333333333,37.8,15,567,47,0.0,0.13333333333333333,A_47_reversible,47
behavioral_quotient_k5,0.008818342151675485,reversible,A,1.208443419243334,0.2,0.4,113.4,5,567,47,0.0,0.2,A_47_reversible,47
predictive_quotient_k5,0.008818342151675485,reversible,A,1.187663992284013,0.4,0.4,113.4,5,567,47,0.0,0.2,A_47_reversible,47
predictive_quotient_k8,0.014109347442680775,reversible,A,1.707196696091724,0.25,0.375,70.875,8,567,47,0.0,0.25,A_47_reversible,47
identity,1.0,reversible,A,6.340359303727763,0.0,0.0,1.0,567,567,50,1.0,0.0,A_50_reversible,50
all_one,0.001763668430335097,reversible,A,0.0,1.0,1.0,567.0,1,567,50,0.0,1.0,A_50_reversible,50
random_k,0.02292768959435626,reversible,A,2.559878258150503,1.0,1.0,43.61538461538461,13,567,50,0.0,1.0,A_50_reversible,50
hash_k34_s1206,0.059964726631393295,reversible,A,3.5234439856557835,1.0,1.0,16.676470588235293,34,567,50,0.0,1.0,A_50_reversible,50
trap_mixing_adversarial,0.007054673721340388,reversible,A,0.9223011154613077,1.0,1.0,141.75,4,567,50,0.0,0.5,A_50_reversible,50
best_of_10_hashes_per_world,0.037037037037037035,reversible,A,3.028621764983011,1.0,1.0,27.0,21,567,50,0.0,1.0,A_50_reversible,50
viability_signature,0.02821869488536155,reversible,A,2.098073118651988,0.0,0.125,35.4375,16,567,50,0.0625,0.125,A_50_reversible,50
behavioral_quotient_k5,0.008818342151675485,reversible,A,1.2078143968098127,0.4,0.4,113.4,5,567,50,0.0,0.2,A_50_reversible,50
predictive_quotient_k5,0.008818342151675485,reversible,A,1.2337941737541949,0.2,0.2,113.4,5,567,50,0.0,0.2,A_50_reversible,50
predictive_quotient_k8,0.014109347442680775,reversible,A,1.7231615815827666,0.125,0.125,70.875,8,567,50,0.0,0.125,A_50_reversible,50
identity,1.0,reversible,A,6.340359303727763,0.0,0.0,1.0,567,567,45,1.0,0.0,A_45_reversible,45
all_one,0.001763668430335097,reversible,A,0.0,1.0,1.0,567.0,1,567,45,0.0,1.0,A_45_reversible,45
random_k,0.02292768959435626,reversible,A,2.5551549453189484,1.0,1.0,43.61538461538461,13,567,45,0.0,1.0,A_45_reversible,45
hash_k34_s1206,0.059964726631393295,reversible,A,3.5234439856557835,1.0,1.0,16.676470588235293,34,567,45,0.0,1.0,A_45_reversible,45
trap_mixing_adversarial,0.007054673721340388,reversible,A,1.0116283812167972,1.0,1.0,141.75,4,567,45,0.0,0.5,A_45_reversible,45
best_of_10_hashes_per_world,0.037037037037037035,reversible,A,3.0339650482406118,1.0,1.0,27.0,21,567,45,0.0,1.0,A_45_reversible,45
viability_signature,0.026455026455026454,reversible,A,2.002062525615122,0.0,0.13333333333333333,37.8,15,567,45,0.0,0.13333333333333333,A_45_reversible,45
behavioral_quotient_k5,0.008818342151675485,reversible,A,1.1462750591982322,0.4,0.4,113.4,5,567,45,0.0,0.2,A_45_reversible,45
predictive_quotient_k5,0.008818342151675485,reversible,A,1.0965635051883402,0.4,0.4,113.4,5,567,45,0.0,0.2,A_45_reversible,45
predictive_quotient_k8,0.014109347442680775,reversible,A,1.6215968858883338,0.25,0.25,70.875,8,567,45,0.0,0.125,A_45_reversible,45
identity,1.0,reversible,A,6.340359303727763,0.0,0.0,1.0,567,567,51,1.0,0.0,A_51_reversible,51
all_one,0.001763668430335097,reversible,A,0.0,1.0,1.0,567.0,1,567,51,0.0,1.0,A_51_reversible,51
random_k,0.02292768959435626,reversible,A,2.537760914115442,1.0,1.0,43.61538461538461,13,567,51,0.0,1.0,A_51_reversible,51
hash_k34_s1206,0.059964726631393295,reversible,A,3.5234439856557835,1.0,1.0,16.676470588235293,34,567,51,0.0,1.0,A_51_reversible,51
trap_mixing_adversarial,0.007054673721340388,reversible,A,0.9223011154613077,1.0,1.0,141.75,4,567,51,0.0,0.5,A_51_reversible,51
best_of_10_hashes_per_world,0.059964726631393295,reversible,A,3.4929038654500215,0.8823529411764706,0.9117647058823529,16.676470588235293,34,567,51,0.0,0.9117647058823529,A_51_reversible,51
viability_signature,0.026455026455026454,reversible,A,2.090716648897679,0.0,0.13333333333333333,37.8,15,567,51,0.0,0.13333333333333333,A_51_reversible,51
behavioral_quotient_k5,0.008818342151675485,reversible,A,1.0983972711621726,0.4,0.4,113.4,5,567,51,0.0,0.4,A_51_reversible,51
predictive_quotient_k5,0.008818342151675485,reversible,A,1.3790343987229923,0.6,0.6,113.4,5,567,51,0.0,0.4,A_51_reversible,51
predictive_quotient_k8,0.014109347442680775,reversible,A,1.7167760112296722,0.25,0.375,70.875,8,567,51,0.0,0.25,A_51_reversible,51
identity,1.0,reversible,A,6.340359303727763,0.0,0.0,1.0,567,567,52,1.0,0.0,A_52_reversible,52
all_one,0.001763668430335097,reversible,A,0.0,1.0,1.0,567.0,1,567,52,0.0,1.0,A_52_reversible,52
random_k,0.02292768959435626,reversible,A,2.5609097113292933,1.0,1.0,43.61538461538461,13,567,52,0.0,1.0,A_52_reversible,52
hash_k34_s1206,0.059964726631393295,reversible,A,3.5234439856557835,1.0,1.0,16.676470588235293,34,567,52,0.0,1.0,A_52_reversible,52
trap_mixing_adversarial,0.007054673721340388,reversible,A,0.8481934526498114,1.0,1.0,141.75,4,567,52,0.0,0.5,A_52_reversible,52
best_of_10_hashes_per_world,0.09700176366843033,reversible,A,3.9509248081858086,0.8181818181818182,0.8545454545454545,10.309090909090909,55,567,52,0.0,0.8545454545454545,A_52_reversible,52
viability_signature,0.026455026455026454,reversible,A,2.0166325144890687,0.0,0.13333333333333333,37.8,15,567,52,0.0,0.13333333333333333,A_52_reversible,52
behavioral_quotient_k5,0.008818342151675485,reversible,A,1.1901315221674087,0.4,0.4,113.4,5,567,52,0.0,0.2,A_52_reversible,52
predictive_quotient_k5,0.008818342151675485,reversible,A,1.1909726168224712,0.4,0.4,113.4,5,567,52,0.0,0.2,A_52_reversible,52
predictive_quotient_k8,0.014109347442680775,reversible,A,1.3494496111693615,0.25,0.25,70.875,8,567,52,0.0,0.125,A_52_reversible,52
identity,1.0,irreversible,A,6.340359303727763,0.0,0.0,1.0,567,567,53,1.0,0.0,A_53_irreversible,53
all_one,0.001763668430335097,irreversible,A,0.0,1.0,1.0,567.0,1,567,53,0.0,1.0,A_53_irreversible,53
random_k,0.02292768959435626,irreversible,A,2.5597821090987334,1.0,1.0,43.61538461538461,13,567,53,0.0,1.0,A_53_irreversible,53
hash_k34_s1206,0.059964726631393295,irreversible,A,3.5234439856557835,1.0,1.0,16.676470588235293,34,567,53,0.0,1.0,A_53_irreversible,53
trap_mixing_adversarial,0.007054673721340388,irreversible,A,0.8891191589362224,1.0,1.0,141.75,4,567,53,0.0,0.5,A_53_irreversible,53
best_of_10_hashes_per_world,0.003527336860670194,irreversible,A,0.6920129648318738,1.0,1.0,283.5,2,567,53,0.0,1.0,A_53_irreversible,53
viability_signature,0.02292768959435626,irreversible,A,1.894438867170984,0.0,0.15384615384615385,43.61538461538461,13,567,53,0.07692307692307693,0.3076923076923077,A_53_irreversible,53
behavioral_quotient_k5,0.008818342151675485,irreversible,A,1.1528686277092994,0.4,0.4,113.4,5,567,53,0.0,0.4,A_53_irreversible,53
predictive_quotient_k5,0.008818342151675485,irreversible,A,1.1624154070153823,0.2,0.4,113.4,5,567,53,0.0,0.2,A_53_irreversible,53
predictive_quotient_k8,0.014109347442680775,irreversible,A,1.7571159114535464,0.25,0.25,70.875,8,567,53,0.0,0.25,A_53_irreversible,53
identity,1.0,reversible,A,6.340359303727763,0.0,0.0,1.0,567,567,49,1.0,0.0,A_49_reversible,49
all_one,0.001763668430335097,reversible,A,0.0,1.0,1.0,567.0,1,567,49,0.0,1.0,A_49_reversible,49
random_k,0.02292768959435626,reversible,A,2.5568749676105393,1.0,1.0,43.61538461538461,13,567,49,0.0,1.0,A_49_reversible,49
hash_k34_s1206,0.059964726631393295,reversible,A,3.5234439856557835,1.0,1.0,16.676470588235293,34,567,49,0.0,1.0,A_49_reversible,49
trap_mixing_adversarial,0.007054673721340388,reversible,A,0.8813754091748968,1.0,1.0,141.75,4,567,49,0.0,0.5,A_49_reversible,49
best_of_10_hashes_per_world,0.09700176366843033,reversible,A,3.9597850276607103,0.8,0.8727272727272727,10.309090909090909,55,567,49,0.0,0.9454545454545454,A_49_reversible,49
viability_signature,0.02821869488536155,reversible,A,2.1204435147730925,0.0,0.125,35.4375,16,567,49,0.0625,0.125,A_49_reversible,49
behavioral_quotient_k5,0.008818342151675485,reversible,A,1.2014988527629584,0.4,0.6,113.4,5,567,49,0.0,0.4,A_49_reversible,49
predictive_quotient_k5,0.008818342151675485,reversible,A,1.1918593149252197,0.4,0.4,113.4,5,567,49,0.0,0.4,A_49_reversible,49
predictive_quotient_k8,0.014109347442680775,reversible,A,1.5094985119043756,0.375,0.375,70.875,8,567,49,0.0,0.375,A_49_reversible,49
identity,1.0,irreversible,A,6.340359303727763,0.0,0.0,1.0,567,567,55,1.0,0.0,A_55_irreversible,55
all_one,0.001763668430335097,irreversible,A,0.0,1.0,1.0,567.0,1,567,55,0.0,1.0,A_55_irreversible,55
random_k,0.02292768959435626,irreversible,A,2.5544532299285523,1.0,1.0,43.61538461538461,13,567,55,0.0,1.0,A_55_irreversible,55
hash_k34_s1206,0.059964726631393295,irreversible,A,3.5234439856557835,1.0,1.0,16.676470588235293,34,567,55,0.0,1.0,A_55_irreversible,55
trap_mixing_adversarial,0.005291005291005291,irreversible,A,0.7498763393946101,1.0,1.0,189.0,3,567,55,0.0,0.6666666666666666,A_55_irreversible,55
best_of_10_hashes_per_world,0.003527336860670194,irreversible,A,0.6918386333723636,1.0,1.0,283.5,2,567,55,0.0,1.0,A_55_irreversible,55
viability_signature,0.024691358024691357,irreversible,A,1.8077437337867572,0.0,0.14285714285714285,40.5,14,567,55,0.0,0.21428571428571427,A_55_irreversible,55
behavioral_quotient_k5,0.008818342151675485,irreversible,A,1.0846696878639333,0.4,0.4,113.4,5,567,55,0.0,0.4,A_55_irreversible,55
predictive_quotient_k5,0.008818342151675485,irreversible,A,1.0614218705362155,0.4,0.4,113.4,5,567,55,0.0,0.2,A_55_irreversible,55
predictive_quotient_k8,0.014109347442680775,irreversible,A,1.6558014582587488,0.375,0.5,70.875,8,567,55,0.0,0.375,A_55_irreversible,55
identity,1.0,irreversible,A,6.340359303727763,0.0,0.0,1.0,567,567,56,1.0,0.0,A_56_irreversible,56
all_one,0.001763668430335097,irreversible,A,0.0,1.0,1.0,567.0,1,567,56,0.0,1.0,A_56_irreversible,56
random_k,0.02292768959435626,irreversible,A,2.559527253493759,1.0,1.0,43.61538461538461,13,567,56,0.0,1.0,A_56_irreversible,56
hash_k34_s1206,0.059964726631393295,irreversible,A,3.5234439856557835,1.0,1.0,16.676470588235293,34,567,56,0.0,1.0,A_56_irreversible,56
trap_mixing_adversarial,0.007054673721340388,irreversible,A,0.8481934526498114,0.75,0.75,141.75,4,567,56,0.0,0.5,A_56_irreversible,56
best_of_10_hashes_per_world,0.003527336860670194,irreversible,A,0.693145625295973,1.0,1.0,283.5,2,567,56,0.0,1.0,A_56_irreversible,56
viability_signature,0.026455026455026454,irreversible,A,1.9191676024167994,0.0,0.13333333333333333,37.8,15,567,56,0.0,0.2,A_56_irreversible,56
behavioral_quotient_k5,0.008818342151675485,irreversible,A,1.1185447258404144,0.2,0.4,113.4,5,567,56,0.0,0.4,A_56_irreversible,56
predictive_quotient_k5,0.008818342151675485,irreversible,A,1.10972908191764,0.2,0.2,113.4,5,567,56,0.0,0.2,A_56_irreversible,56
predictive_quotient_k8,0.014109347442680775,irreversible,A,1.515037169383607,0.25,0.125,70.875,8,567,56,0.0,0.125,A_56_irreversible,56
identity,1.0,irreversible,A,6.340359303727763,0.0,0.0,1.0,567,567,51,1.0,0.0,A_51_irreversible,51
all_one,0.001763668430335097,irreversible,A,0.0,1.0,1.0,567.0,1,567,51,0.0,1.0,A_51_irreversible,51
random_k,0.02292768959435626,irreversible,A,2.537760914115442,1.0,1.0,43.61538461538461,13,567,51,0.0,1.0,A_51_irreversible,51
hash_k34_s1206,0.059964726631393295,irreversible,A,3.5234439856557835,1.0,1.0,16.676470588235293,34,567,51,0.0,1.0,A_51_irreversible,51
trap_mixing_adversarial,0.007054673721340388,irreversible,A,0.8833008196765969,1.0,1.0,141.75,4,567,51,0.0,0.5,A_51_irreversible,51
best_of_10_hashes_per_world,0.059964726631393295,irreversible,A,3.4929038654500215,0.8235294117647058,0.8529411764705882,16.676470588235293,34,567,51,0.0,0.9117647058823529,A_51_irreversible,51
viability_signature,0.029982363315696647,irreversible,A,2.0314792512577116,0.0,0.11764705882352941,33.35294117647059,17,567,51,0.058823529411764705,0.17647058823529413,A_51_irreversible,51
behavioral_quotient_k5,0.008818342151675485,irreversible,A,1.1514669887862714,0.4,0.4,113.4,5,567,51,0.0,0.2,A_51_irreversible,51
predictive_quotient_k5,0.008818342151675485,irreversible,A,1.1420052289523095,0.2,0.4,113.4,5,567,51,0.0,0.2,A_51_irreversible,51
predictive_quotient_k8,0.014109347442680775,irreversible,A,1.7480610762603417,0.375,0.25,70.875,8,567,51,0.0,0.125,A_51_irreversible,51
identity,1.0,irreversible,A,6.340359303727763,0.0,0.0,1.0,567,567,48,1.0,0.0,A_48_irreversible,48
all_one,0.001763668430335097,irreversible,A,0.0,1.0,1.0,567.0,1,567,48,0.0,1.0,A_48_irreversible,48
random_k,0.02292768959435626,irreversible,A,2.555497314148472,0.9230769230769231,0.9230769230769231,43.61538461538461,13,567,48,0.0,1.0,A_48_irreversible,48
hash_k34_s1206,0.059964726631393295,irreversible,A,3.5234439856557835,1.0,1.0,16.676470588235293,34,567,48,0.0,1.0,A_48_irreversible,48
trap_mixing_adversarial,0.007054673721340388,irreversible,A,0.9232763374623556,1.0,1.0,141.75,4,567,48,0.0,0.5,A_48_irreversible,48
best_of_10_hashes_per_world,0.059964726631393295,irreversible,A,3.5037761074769733,0.8529411764705882,0.8823529411764706,16.676470588235293,34,567,48,0.0,0.9705882352941176,A_48_irreversible,48
viability_signature,0.02821869488536155,irreversible,A,1.8938556485391709,0.0,0.125,35.4375,16,567,48,0.0,0.1875,A_48_irreversible,48
behavioral_quotient_k5,0.008818342151675485,irreversible,A,1.1181342587910135,0.4,0.4,113.4,5,567,48,0.0,0.4,A_48_irreversible,48
predictive_quotient_k5,0.008818342151675485,irreversible,A,1.0828125296617974,0.4,0.4,113.4,5,567,48,0.0,0.4,A_48_irreversible,48
predictive_quotient_k8,0.014109347442680775,irreversible,A,1.7611497918918442,0.5,0.5,70.875,8,567,48,0.0,0.375,A_48_irreversible,48
identity,1.0,reversible,A,6.340359303727763,0.0,0.0,1.0,567,567,48,1.0,0.0,A_48_reversible,48
all_one,0.001763668430335097,reversible,A,0.0,1.0,1.0,567.0,1,567,48,0.0,1.0,A_48_reversible,48
random_k,0.02292768959435626,reversible,A,2.555497314148472,1.0,1.0,43.61538461538461,13,567,48,0.0,1.0,A_48_reversible,48
hash_k34_s1206,0.059964726631393295,reversible,A,3.5234439856557835,1.0,1.0,16.676470588235293,34,567,48,0.0,1.0,A_48_reversible,48
trap_mixing_adversarial,0.007054673721340388,reversible,A,0.956458293987441,1.0,1.0,141.75,4,567,48,0.0,0.5,A_48_reversible,48
best_of_10_hashes_per_world,0.059964726631393295,reversible,A,3.5037761074769733,0.8529411764705882,0.9411764705882353,16.676470588235293,34,567,48,0.0,0.9705882352941176,A_48_reversible,48
viability_signature,0.026455026455026454,reversible,A,2.0481516003360856,0.0,0.13333333333333333,37.8,15,567,48,0.0,0.13333333333333333,A_48_reversible,48
behavioral_quotient_k5,0.008818342151675485,reversible,A,1.1897477427285617,0.2,0.4,113.4,5,567,48,0.0,0.2,A_48_reversible,48
predictive_quotient_k5,0.008818342151675485,reversible,A,1.2021913467675744,0.2,0.4,113.4,5,567,48,0.0,0.2,A_48_reversible,48
predictive_quotient_k8,0.014109347442680775,reversible,A,1.4553944203688114,0.0,0.25,70.875,8,567,48,0.0,0.125,A_48_reversible,48
identity,1.0,reversible,A,6.340359303727763,0.0,0.0,1.0,567,567,53,1.0,0.0,A_53_reversible,53
all_one,0.001763668430335097,reversible,A,0.0,1.0,1.0,567.0,1,567,53,0.0,1.0,A_53_reversible,53
random_k,0.02292768959435626,reversible,A,2.5597821090987334,1.0,1.0,43.61538461538461,13,567,53,0.0,1.0,A_53_reversible,53
hash_k34_s1206,0.059964726631393295,reversible,A,3.5234439856557835,1.0,1.0,16.676470588235293,34,567,53,0.0,1.0,A_53_reversible,53
trap_mixing_adversarial,0.007054673721340388,reversible,A,0.9232763374623556,1.0,1.0,141.75,4,567,53,0.0,0.5,A_53_reversible,53
best_of_10_hashes_per_world,0.02292768959435626,reversible,A,2.5551648755737983,1.0,1.0,43.61538461538461,13,567,53,0.0,1.0,A_53_reversible,53
viability_signature,0.026455026455026454,reversible,A,1.9892809023007905,0.0,0.13333333333333333,37.8,15,567,53,0.0,0.13333333333333333,A_53_reversible,53
behavioral_quotient_k5,0.008818342151675485,reversible,A,1.195866286618171,0.2,0.4,113.4,5,567,53,0.0,0.2,A_53_reversible,53
predictive_quotient_k5,0.008818342151675485,reversible,A,1.209623804240934,0.2,0.4,113.4,5,567,53,0.0,0.2,A_53_reversible,53
predictive_quotient_k8,0.014109347442680775,reversible,A,1.6583987242047047,0.125,0.375,70.875,8,567,53,0.0,0.25,A_53_reversible,53
identity,1.0,irreversible,A,6.340359303727763,0.0,0.0,1.0,567,567,58,1.0,0.0,A_58_irreversible,58
all_one,0.001763668430335097,irreversible,A,0.0,1.0,1.0,567.0,1,567,58,0.0,1.0,A_58_irreversible,58
random_k,0.02292768959435626,irreversible,A,2.560591811686702,1.0,1.0,43.61538461538461,13,567,58,0.0,1.0,A_58_irreversible,58
hash_k34_s1206,0.059964726631393295,irreversible,A,3.5234439856557835,1.0,1.0,16.676470588235293,34,567,58,0.0,1.0,A_58_irreversible,58
trap_mixing_adversarial,0.007054673721340388,irreversible,A,0.8897606733033196,1.0,1.0,141.75,4,567,58,0.0,0.5,A_58_irreversible,58
best_of_10_hashes_per_world,0.003527336860670194,irreversible,A,0.6925856254343976,1.0,1.0,283.5,2,567,58,0.0,1.0,A_58_irreversible,58
viability_signature,0.024691358024691357,irreversible,A,1.8083945820383538,0.0,0.14285714285714285,40.5,14,567,58,0.0,0.21428571428571427,A_58_irreversible,58
behavioral_quotient_k5,0.008818342151675485,irreversible,A,1.1386997665558687,0.2,0.4,113.4,5,567,58,0.0,0.4,A_58_irreversible,58
predictive_quotient_k5,0.008818342151675485,irreversible,A,1.0900074016147685,0.4,0.6,113.4,5,567,58,0.0,0.4,A_58_irreversible,58
predictive_quotient_k8,0.014109347442680775,irreversible,A,1.6743581426230874,0.375,0.375,70.875,8,567,58,0.0,0.25,A_58_irreversible,58
identity,1.0,irreversible,A,6.340359303727763,0.0,0.0,1.0,567,567,59,1.0,0.0,A_59_irreversible,59
all_one,0.001763668430335097,irreversible,A,0.0,1.0,1.0,567.0,1,567,59,0.0,1.0,A_59_irreversible,59
random_k,0.02292768959435626,irreversible,A,2.555848641983401,1.0,1.0,43.61538461538461,13,567,59,0.0,1.0,A_59_irreversible,59
hash_k34_s1206,0.059964726631393295,irreversible,A,3.5234439856557835,1.0,1.0,16.676470588235293,34,567,59,0.0,1.0,A_59_irreversible,59
trap_mixing_adversarial,0.007054673721340388,irreversible,A,0.8833008196765969,1.0,1.0,141.75,4,567,59,0.0,0.5,A_59_irreversible,59
best_of_10_hashes_per_world,0.003527336860670194,irreversible,A,0.6914525414883748,1.0,1.0,283.5,2,567,59,0.0,1.0,A_59_irreversible,59
viability_signature,0.026455026455026454,irreversible,A,2.011766513455966,0.0,0.13333333333333333,37.8,15,567,59,0.0,0.2,A_59_irreversible,59
behavioral_quotient_k5,0.008818342151675485,irreversible,A,1.1642984843626139,0.2,0.2,113.4,5,567,59,0.0,0.2,A_59_irreversible,59
predictive_quotient_k5,0.008818342151675485,irreversible,A,1.1292015220013631,0.2,0.4,113.4,5,567,59,0.0,0.4,A_59_irreversible,59
predictive_quotient_k8,0.014109347442680775,irreversible,A,1.5358307051389082,0.25,0.25,70.875,8,567,59,0.0,0.25,A_59_irreversible,59
identity,1.0,reversible,A,6.340359303727763,0.0,0.0,1.0,567,567,54,1.0,0.0,A_54_reversible,54
all_one,0.001763668430335097,reversible,A,0.0,1.0,1.0,567.0,1,567,54,0.0,1.0,A_54_reversible,54
random_k,0.02292768959435626,reversible,A,2.556512606897549,1.0,1.0,43.61538461538461,13,567,54,0.0,1.0,A_54_reversible,54
hash_k34_s1206,0.059964726631393295,reversible,A,3.5234439856557835,1.0,1.0,16.676470588235293,34,567,54,0.0,1.0,A_54_reversible,54
trap_mixing_adversarial,0.007054673721340388,reversible,A,0.9232763374623556,1.0,1.0,141.75,4,567,54,0.0,0.5,A_54_reversible,54
best_of_10_hashes_per_world,0.014109347442680775,reversible,A,2.078209278377642,1.0,1.0,70.875,8,567,54,0.0,1.0,A_54_reversible,54
viability_signature,0.026455026455026454,reversible,A,1.8643196347307185,0.0,0.13333333333333333,37.8,15,567,54,0.0,0.13333333333333333,A_54_reversible,54
behavioral_quotient_k5,0.008818342151675485,reversible,A,1.0924503245149944,0.4,0.4,113.4,5,567,54,0.0,0.2,A_54_reversible,54
predictive_quotient_k5,0.008818342151675485,reversible,A,1.098155425739095,0.2,0.4,113.4,5,567,54,0.0,0.2,A_54_reversible,54
predictive_quotient_k8,0.014109347442680775,reversible,A,1.5824000000192198,0.25,0.375,70.875,8,567,54,0.0,0.375,A_54_reversible,54
identity,1.0,irreversible,A,6.340359303727763,0.0,0.0,1.0,567,567,54,1.0,0.0,A_54_irreversible,54
all_one,0.001763668430335097,irreversible,A,0.0,1.0,1.0,567.0,1,567,54,0.0,1.0,A_54_irreversible,54
random_k,0.02292768959435626,irreversible,A,2.556512606897549,1.0,1.0,43.61538461538461,13,567,54,0.0,1.0,A_54_irreversible,54
hash_k34_s1206,0.059964726631393295,irreversible,A,3.5234439856557835,1.0,1.0,16.676470588235293,34,567,54,0.0,1.0,A_54_irreversible,54
trap_mixing_adversarial,0.007054673721340388,irreversible,A,0.8082179348640527,0.75,0.75,141.75,4,567,54,0.0,0.5,A_54_irreversible,54
best_of_10_hashes_per_world,0.014109347442680775,irreversible,A,2.078209278377642,1.0,1.0,70.875,8,567,54,0.0,1.0,A_54_irreversible,54
viability_signature,0.029982363315696647,irreversible,A,1.9882275319479212,0.0,0.11764705882352941,33.35294117647059,17,567,54,0.058823529411764705,0.17647058823529413,A_54_irreversible,54
behavioral_quotient_k5,0.008818342151675485,irreversible,A,1.1020570509800018,0.2,0.4,113.4,5,567,54,0.0,0.2,A_54_irreversible,54
predictive_quotient_k5,0.008818342151675485,irreversible,A,1.101809244524749,0.2,0.4,113.4,5,567,54,0.0,0.2,A_54_irreversible,54
predictive_quotient_k8,0.014109347442680775,irreversible,A,1.670740142218207,0.375,0.375,70.875,8,567,54,0.0,0.25,A_54_irreversible,54
identity,1.0,reversible,A,6.340359303727763,0.0,0.0,1.0,567,567,56,1.0,0.0,A_56_reversible,56
all_one,0.001763668430335097,reversible,A,0.0,1.0,1.0,567.0,1,567,56,0.0,1.0,A_56_reversible,56
random_k,0.02292768959435626,reversible,A,2.559527253493759,1.0,1.0,43.61538461538461,13,567,56,0.0,1.0,A_56_reversible,56
hash_k34_s1206,0.059964726631393295,reversible,A,3.5234439856557835,1.0,1.0,16.676470588235293,34,567,56,0.0,1.0,A_56_reversible,56
trap_mixing_adversarial,0.007054673721340388,reversible,A,0.956458293987441,1.0,1.0,141.75,4,567,56,0.0,0.5,A_56_reversible,56
best_of_10_hashes_per_world,0.09700176366843033,reversible,A,3.9502879583127215,0.7454545454545455,0.8545454545454545,10.309090909090909,55,567,56,0.0,0.8545454545454545,A_56_reversible,56
viability_signature,0.02821869488536155,reversible,A,2.0707340201616278,0.0,0.125,35.4375,16,567,56,0.0625,0.125,A_56_reversible,56
behavioral_quotient_k5,0.008818342151675485,reversible,A,1.2050481418108359,0.2,0.4,113.4,5,567,56,0.0,0.4,A_56_reversible,56
predictive_quotient_k5,0.008818342151675485,reversible,A,1.1998643131562639,0.2,0.2,113.4,5,567,56,0.0,0.2,A_56_reversible,56
predictive_quotient_k8,0.014109347442680775,reversible,A,1.7600222741125031,0.25,0.375,70.875,8,567,56,0.0,0.375,A_56_reversible,56
identity,1.0,reversible,A,6.340359303727763,0.0,0.0,1.0,567,567,55,1.0,0.0,A_55_reversible,55
all_one,0.001763668430335097,reversible,A,0.0,1.0,1.0,567.0,1,567,55,0.0,1.0,A_55_reversible,55
random_k,0.02292768959435626,reversible,A,2.5544532299285523,1.0,1.0,43.61538461538461,13,567,55,0.0,1.0,A_55_reversible,55
hash_k34_s1206,0.059964726631393295,reversible,A,3.5234439856557835,1.0,1.0,16.676470588235293,34,567,55,0.0,1.0,A_55_reversible,55
trap_mixing_adversarial,0.007054673721340388,reversible,A,0.957116925419999,1.0,1.0,141.75,4,567,55,0.0,0.5,A_55_reversible,55
best_of_10_hashes_per_world,0.037037037037037035,reversible,A,3.019258477208684,0.9523809523809523,0.9523809523809523,27.0,21,567,55,0.0,1.0,A_55_reversible,55
viability_signature,0.02821869488536155,reversible,A,2.051870109328964,0.0,0.125,35.4375,16,567,55,0.0625,0.125,A_55_reversible,55
behavioral_quotient_k5,0.008818342151675485,reversible,A,1.269083293377365,0.6,0.6,113.4,5,567,55,0.0,0.4,A_55_reversible,55
predictive_quotient_k5,0.008818342151675485,reversible,A,1.1656722522689342,0.4,0.4,113.4,5,567,55,0.0,0.2,A_55_reversible,55
predictive_quotient_k8,0.014109347442680775,reversible,A,1.8994807991124345,0.25,0.5,70.875,8,567,55,0.0,0.375,A_55_reversible,55
identity,1.0,reversible,A,6.340359303727763,0.0,0.0,1.0,567,567,57,1.0,0.0,A_57_reversible,57
all_one,0.001763668430335097,reversible,A,0.0,1.0,1.0,567.0,1,567,57,0.0,1.0,A_57_reversible,57
random_k,0.02292768959435626,reversible,A,2.554587411290797,1.0,1.0,43.61538461538461,13,567,57,0.0,1.0,A_57_reversible,57
hash_k34_s1206,0.059964726631393295,reversible,A,3.5234439856557835,1.0,1.0,16.676470588235293,34,567,57,0.0,1.0,A_57_reversible,57
trap_mixing_adversarial,0.007054673721340388,reversible,A,0.8891191589362224,1.0,1.0,141.75,4,567,57,0.0,0.5,A_57_reversible,57
best_of_10_hashes_per_world,0.059964726631393295,reversible,A,3.505617087733221,0.9411764705882353,0.9411764705882353,16.676470588235293,34,567,57,0.0,0.9705882352941176,A_57_reversible,57
viability_signature,0.026455026455026454,reversible,A,1.8696853552612231,0.0,0.13333333333333333,37.8,15,567,57,0.0,0.13333333333333333,A_57_reversible,57
behavioral_quotient_k5,0.008818342151675485,reversible,A,1.1431292731332954,0.4,0.4,113.4,5,567,57,0.0,0.4,A_57_reversible,57
predictive_quotient_k5,0.008818342151675485,reversible,A,1.130557650659977,0.4,0.4,113.4,5,567,57,0.0,0.2,A_57_reversible,57
predictive_quotient_k8,0.014109347442680775,reversible,A,1.5629527273698582,0.25,0.25,70.875,8,567,57,0.0,0.125,A_57_reversible,57
identity,1.0,irreversible,A,6.340359303727763,0.0,0.0,1.0,567,567,61,1.0,0.0,A_61_irreversible,61
all_one,0.001763668430335097,irreversible,A,0.0,1.0,1.0,567.0,1,567,61,0.0,1.0,A_61_irreversible,61
random_k,0.02292768959435626,irreversible,A,2.55688431857741,1.0,1.0,43.61538461538461,13,567,61,0.0,1.0,A_61_irreversible,61
hash_k34_s1206,0.059964726631393295,irreversible,A,3.5234439856557835,1.0,1.0,16.676470588235293,34,567,61,0.0,1.0,A_61_irreversible,61
trap_mixing_adversarial,0.007054673721340388,irreversible,A,0.957116925419999,1.0,1.0,141.75,4,567,61,0.0,0.5,A_61_irreversible,61
best_of_10_hashes_per_world,0.003527336860670194,irreversible,A,0.6930211989529488,1.0,1.0,283.5,2,567,61,0.0,1.0,A_61_irreversible,61
viability_signature,0.024691358024691357,irreversible,A,1.946717761819704,0.0,0.14285714285714285,40.5,14,567,61,0.0,0.21428571428571427,A_61_irreversible,61
behavioral_quotient_k5,0.008818342151675485,irreversible,A,1.137152750556226,0.2,0.2,113.4,5,567,61,0.0,0.2,A_61_irreversible,61
predictive_quotient_k5,0.008818342151675485,irreversible,A,1.1440558616010397,0.2,0.4,113.4,5,567,61,0.0,0.2,A_61_irreversible,61
predictive_quotient_k8,0.014109347442680775,irreversible,A,1.5794076066187597,0.25,0.25,70.875,8,567,61,0.0,0.125,A_61_irreversible,61
identity,1.0,irreversible,A,6.340359303727763,0.0,0.0,1.0,567,567,60,1.0,0.0,A_60_irreversible,60
all_one,0.001763668430335097,irreversible,A,0.0,1.0,1.0,567.0,1,567,60,0.0,1.0,A_60_irreversible,60
random_k,0.02292768959435626,irreversible,A,2.547091076119035,1.0,1.0,43.61538461538461,13,567,60,0.0,1.0,A_60_irreversible,60
hash_k34_s1206,0.059964726631393295,irreversible,A,3.5234439856557835,1.0,1.0,16.676470588235293,34,567,60,0.0,1.0,A_60_irreversible,60
trap_mixing_adversarial,0.007054673721340388,irreversible,A,0.923601261260963,1.0,1.0,141.75,4,567,60,0.0,0.5,A_60_irreversible,60
best_of_10_hashes_per_world,0.014109347442680775,irreversible,A,2.076075942160789,1.0,1.0,70.875,8,567,60,0.0,1.0,A_60_irreversible,60
viability_signature,0.02821869488536155,irreversible,A,2.0370141612956463,0.0,0.125,35.4375,16,567,60,0.0,0.1875,A_60_irreversible,60
behavioral_quotient_k5,0.008818342151675485,irreversible,A,1.1437753523319034,0.4,0.4,113.4,5,567,60,0.0,0.4,A_60_irreversible,60
predictive_quotient_k5,0.008818342151675485,irreversible,A,1.121403106507788,0.2,0.2,113.4,5,567,60,0.0,0.2,A_60_irreversible,60
predictive_quotient_k8,0.014109347442680775,irreversible,A,1.7498405959045782,0.25,0.25,70.875,8,567,60,0.0,0.125,A_60_irreversible,60
identity,1.0,irreversible,A,6.340359303727763,0.0,0.0,1.0,567,567,62,1.0,0.0,A_62_irreversible,62
all_one,0.001763668430335097,irreversible,A,0.0,1.0,1.0,567.0,1,567,62,0.0,1.0,A_62_irreversible,62
random_k,0.02292768959435626,irreversible,A,2.5604147048546158,1.0,1.0,43.61538461538461,13,567,62,0.0,1.0,A_62_irreversible,62
hash_k34_s1206,0.059964726631393295,irreversible,A,3.5234439856557835,1.0,1.0,16.676470588235293,34,567,62,0.0,1.0,A_62_irreversible,62
trap_mixing_adversarial,0.007054673721340388,irreversible,A,0.9232763374623556,1.0,1.0,141.75,4,567,62,0.0,0.5,A_62_irreversible,62
best_of_10_hashes_per_world,0.003527336860670194,irreversible,A,0.6905305000412556,1.0,1.0,283.5,2,567,62,0.0,1.0,A_62_irreversible,62
viability_signature,0.026455026455026454,irreversible,A,2.002136966930243,0.0,0.13333333333333333,37.8,15,567,62,0.06666666666666667,0.2,A_62_irreversible,62
behavioral_quotient_k5,0.008818342151675485,irreversible,A,1.1675772170130136,0.4,0.4,113.4,5,567,62,0.0,0.2,A_62_irreversible,62
predictive_quotient_k5,0.008818342151675485,irreversible,A,1.158055070018604,0.2,0.2,113.4,5,567,62,0.0,0.2,A_62_irreversible,62
predictive_quotient_k8,0.014109347442680775,irreversible,A,1.4422495082231985,0.125,0.125,70.875,8,567,62,0.0,0.125,A_62_irreversible,62
identity,1.0,irreversible,A,6.340359303727763,0.0,0.0,1.0,567,567,64,1.0,0.0,A_64_irreversible,64
all_one,0.001763668430335097,irreversible,A,0.0,1.0,1.0,567.0,1,567,64,0.0,1.0,A_64_irreversible,64
random_k,0.02292768959435626,irreversible,A,2.558774563354018,1.0,1.0,43.61538461538461,13,567,64,0.0,1.0,A_64_irreversible,64
hash_k34_s1206,0.059964726631393295,irreversible,A,3.5234439856557835,1.0,1.0,16.676470588235293,34,567,64,0.0,1.0,A_64_irreversible,64
trap_mixing_adversarial,0.005291005291005291,irreversible,A,0.8255690423247297,1.0,1.0,189.0,3,567,64,0.0,0.6666666666666666,A_64_irreversible,64
best_of_10_hashes_per_world,0.003527336860670194,irreversible,A,0.6918386333723636,1.0,1.0,283.5,2,567,64,0.0,1.0,A_64_irreversible,64
viability_signature,0.024691358024691357,irreversible,A,1.9204284934664115,0.0,0.07142857142857142,40.5,14,567,64,0.07142857142857142,0.21428571428571427,A_64_irreversible,64
behavioral_quotient_k5,0.008818342151675485,irreversible,A,1.1232933296201304,0.4,0.4,113.4,5,567,64,0.0,0.2,A_64_irreversible,64
predictive_quotient_k5,0.008818342151675485,irreversible,A,1.1181788347064678,0.2,0.2,113.4,5,567,64,0.0,0.0,A_64_irreversible,64
predictive_quotient_k8,0.014109347442680775,irreversible,A,1.661312121369799,0.25,0.125,70.875,8,567,64,0.0,0.0,A_64_irreversible,64
identity,1.0,reversible,A,6.340359303727763,0.0,0.0,1.0,567,567,58,1.0,0.0,A_58_reversible,58
all_one,0.001763668430335097,reversible,A,0.0,1.0,1.0,567.0,1,567,58,0.0,1.0,A_58_reversible,58
random_k,0.02292768959435626,reversible,A,2.560591811686702,1.0,1.0,43.61538461538461,13,567,58,0.0,1.0,A_58_reversible,58
hash_k34_s1206,0.059964726631393295,reversible,A,3.5234439856557835,1.0,1.0,16.676470588235293,34,567,58,0.0,1.0,A_58_reversible,58
trap_mixing_adversarial,0.007054673721340388,reversible,A,0.9223011154613077,1.0,1.0,141.75,4,567,58,0.0,0.5,A_58_reversible,58
best_of_10_hashes_per_world,0.09700176366843033,reversible,A,3.961822203103989,0.8,0.8363636363636363,10.309090909090909,55,567,58,0.0,0.8727272727272727,A_58_reversible,58
viability_signature,0.026455026455026454,reversible,A,1.9647118230682592,0.0,0.13333333333333333,37.8,15,567,58,0.0,0.13333333333333333,A_58_reversible,58
behavioral_quotient_k5,0.008818342151675485,reversible,A,1.200611605681284,0.4,0.4,113.4,5,567,58,0.0,0.4,A_58_reversible,58
predictive_quotient_k5,0.008818342151675485,reversible,A,1.1800991420526463,0.2,0.4,113.4,5,567,58,0.0,0.2,A_58_reversible,58
predictive_quotient_k8,0.014109347442680775,reversible,A,1.6858392478118598,0.25,0.375,70.875,8,567,58,0.0,0.25,A_58_reversible,58
identity,1.0,irreversible,A,6.340359303727763,0.0,0.0,1.0,567,567,57,1.0,0.0,A_57_irreversible,57
all_one,0.001763668430335097,irreversible,A,0.0,1.0,1.0,567.0,1,567,57,0.0,1.0,A_57_irreversible,57
random_k,0.02292768959435626,irreversible,A,2.554587411290797,1.0,1.0,43.61538461538461,13,567,57,0.0,1.0,A_57_irreversible,57
hash_k34_s1206,0.059964726631393295,irreversible,A,3.5234439856557835,1.0,1.0,16.676470588235293,34,567,57,0.0,1.0,A_57_irreversible,57
trap_mixing_adversarial,0.007054673721340388,irreversible,A,0.957116925419999,1.0,1.0,141.75,4,567,57,0.0,0.5,A_57_irreversible,57
best_of_10_hashes_per_world,0.014109347442680775,irreversible,A,2.072752895006271,1.0,1.0,70.875,8,567,57,0.0,1.0,A_57_irreversible,57
viability_signature,0.02821869488536155,irreversible,A,1.9766782702563774,0.0,0.125,35.4375,16,567,57,0.0,0.1875,A_57_irreversible,57
behavioral_quotient_k5,0.008818342151675485,irreversible,A,1.1584301294693222,0.2,0.4,113.4,5,567,57,0.0,0.2,A_57_irreversible,57
predictive_quotient_k5,0.008818342151675485,irreversible,A,1.1292329547066904,0.2,0.4,113.4,5,567,57,0.0,0.4,A_57_irreversible,57
predictive_quotient_k8,0.014109347442680775,irreversible,A,1.7956713092801093,0.125,0.375,70.875,8,567,57,0.0,0.25,A_57_irreversible,57
identity,1.0,reversible,A,6.340359303727763,0.0,0.0,1.0,567,567,61,1.0,0.0,A_61_reversible,61
all_one,0.001763668430335097,reversible,A,0.0,1.0,1.0,567.0,1,567,61,0.0,1.0,A_61_reversible,61
random_k,0.02292768959435626,reversible,A,2.55688431857741,1.0,1.0,43.61538461538461,13,567,61,0.0,1.0,A_61_reversible,61
hash_k34_s1206,0.059964726631393295,reversible,A,3.5234439856557835,1.0,1.0,16.676470588235293,34,567,61,0.0,1.0,A_61_reversible,61
trap_mixing_adversarial,0.007054673721340388,reversible,A,0.8813754091748968,1.0,1.0,141.75,4,567,61,0.0,0.5,A_61_reversible,61
best_of_10_hashes_per_world,0.09700176366843033,reversible,A,3.960291211176505,0.7636363636363637,0.7818181818181819,10.309090909090909,55,567,61,0.0,0.8363636363636363,A_61_reversible,61
viability_signature,0.02821869488536155,reversible,A,2.1204435147730925,0.0,0.125,35.4375,16,567,61,0.0625,0.125,A_61_reversible,61
behavioral_quotient_k5,0.008818342151675485,reversible,A,1.2185799133444586,0.4,0.4,113.4,5,567,61,0.0,0.2,A_61_reversible,61
predictive_quotient_k5,0.008818342151675485,reversible,A,1.2039032146237785,0.4,0.4,113.4,5,567,61,0.0,0.2,A_61_reversible,61
predictive_quotient_k8,0.014109347442680775,reversible,A,1.556500320054209,0.25,0.25,70.875,8,567,61,0.0,0.125,A_61_reversible,61
identity,1.0,irreversible,A,6.340359303727763,0.0,0.0,1.0,567,567,65,1.0,0.0,A_65_irreversible,65
all_one,0.001763668430335097,irreversible,A,0.0,1.0,1.0,567.0,1,567,65,0.0,1.0,A_65_irreversible,65
random_k,0.02292768959435626,irreversible,A,2.544462158761529,1.0,1.0,43.61538461538461,13,567,65,0.0,1.0,A_65_irreversible,65
hash_k34_s1206,0.059964726631393295,irreversible,A,3.5234439856557835,1.0,1.0,16.676470588235293,34,567,65,0.0,1.0,A_65_irreversible,65
trap_mixing_adversarial,0.007054673721340388,irreversible,A,0.8481934526498114,0.75,0.75,141.75,4,567,65,0.0,0.5,A_65_irreversible,65
best_of_10_hashes_per_world,0.003527336860670194,irreversible,A,0.6877234969168591,1.0,1.0,283.5,2,567,65,0.0,1.0,A_65_irreversible,65
viability_signature,0.026455026455026454,irreversible,A,1.9191676024167994,0.0,0.13333333333333333,37.8,15,567,65,0.0,0.2,A_65_irreversible,65
behavioral_quotient_k5,0.008818342151675485,irreversible,A,1.1017611890981962,0.2,0.2,113.4,5,567,65,0.0,0.4,A_65_irreversible,65
predictive_quotient_k5,0.008818342151675485,irreversible,A,1.0846285945484877,0.2,0.4,113.4,5,567,65,0.0,0.4,A_65_irreversible,65
predictive_quotient_k8,0.014109347442680775,irreversible,A,1.4986742510729245,0.25,0.125,70.875,8,567,65,0.0,0.125,A_65_irreversible,65
identity,1.0,reversible,A,6.340359303727763,0.0,0.0,1.0,567,567,59,1.0,0.0,A_59_reversible,59
all_one,0.001763668430335097,reversible,A,0.0,1.0,1.0,567.0,1,567,59,0.0,1.0,A_59_reversible,59
random_k,0.02292768959435626,reversible,A,2.555848641983401,1.0,1.0,43.61538461538461,13,567,59,0.0,1.0,A_59_reversible,59
hash_k34_s1206,0.059964726631393295,reversible,A,3.5234439856557835,1.0,1.0,16.676470588235293,34,567,59,0.0,1.0,A_59_reversible,59
trap_mixing_adversarial,0.007054673721340388,reversible,A,0.9509450543972982,1.0,1.0,141.75,4,567,59,0.0,0.5,A_59_reversible,59
best_of_10_hashes_per_world,0.02292768959435626,reversible,A,2.5535449286636616,1.0,1.0,43.61538461538461,13,567,59,0.0,1.0,A_59_reversible,59
viability_signature,0.026455026455026454,reversible,A,1.985108668219799,0.0,0.13333333333333333,37.8,15,567,59,0.0,0.13333333333333333,A_59_reversible,59
behavioral_quotient_k5,0.008818342151675485,reversible,A,1.1994935298800014,0.4,0.4,113.4,5,567,59,0.0,0.4,A_59_reversible,59
predictive_quotient_k5,0.008818342151675485,reversible,A,1.194312974793653,0.2,0.4,113.4,5,567,59,0.0,0.2,A_59_reversible,59
predictive_quotient_k8,0.014109347442680775,reversible,A,1.7006748202000563,0.25,0.375,70.875,8,567,59,0.0,0.375,A_59_reversible,59
identity,1.0,reversible,A,6.340359303727763,0.0,0.0,1.0,567,567,60,1.0,0.0,A_60_reversible,60
all_one,0.001763668430335097,reversible,A,0.0,1.0,1.0,567.0,1,567,60,0.0,1.0,A_60_reversible,60
random_k,0.02292768959435626,reversible,A,2.547091076119035,1.0,1.0,43.61538461538461,13,567,60,0.0,1.0,A_60_reversible,60
hash_k34_s1206,0.059964726631393295,reversible,A,3.5234439856557835,1.0,1.0,16.676470588235293,34,567,60,0.0,1.0,A_60_reversible,60
trap_mixing_adversarial,0.007054673721340388,reversible,A,0.8481934526498114,1.0,1.0,141.75,4,567,60,0.0,0.5,A_60_reversible,60
best_of_10_hashes_per_world,0.014109347442680775,reversible,A,2.076075942160789,1.0,1.0,70.875,8,567,60,0.0,1.0,A_60_reversible,60
viability_signature,0.026455026455026454,reversible,A,1.954216775132742,0.0,0.13333333333333333,37.8,15,567,60,0.0,0.13333333333333333,A_60_reversible,60
behavioral_quotient_k5,0.008818342151675485,reversible,A,1.1358531368285019,0.4,0.4,113.4,5,567,60,0.0,0.2,A_60_reversible,60
predictive_quotient_k5,0.008818342151675485,reversible,A,1.1281810042259526,0.2,0.4,113.4,5,567,60,0.0,0.2,A_60_reversible,60
predictive_quotient_k8,0.014109347442680775,reversible,A,1.8039160767159728,0.125,0.125,70.875,8,567,60,0.0,0.125,A_60_reversible,60
identity,1.0,irreversible,A,6.340359303727763,0.0,0.0,1.0,567,567,63,1.0,0.0,A_63_irreversible,63
all_one,0.001763668430335097,irreversible,A,0.0,1.0,1.0,567.0,1,567,63,0.0,1.0,A_63_irreversible,63
random_k,0.02292768959435626,irreversible,A,2.5505024159144924,1.0,1.0,43.61538461538461,13,567,63,0.0,1.0,A_63_irreversible,63
hash_k34_s1206,0.059964726631393295,irreversible,A,3.5234439856557835,1.0,1.0,16.676470588235293,34,567,63,0.0,1.0,A_63_irreversible,63
trap_mixing_adversarial,0.007054673721340388,irreversible,A,0.8491436411504636,0.75,0.75,141.75,4,567,63,0.0,0.5,A_63_irreversible,63
best_of_10_hashes_per_world,0.059964726631393295,irreversible,A,3.496821383549559,0.8235294117647058,0.8235294117647058,16.676470588235293,34,567,63,0.0,0.8529411764705882,A_63_irreversible,63
viability_signature,0.026455026455026454,irreversible,A,1.9728639549632914,0.0,0.13333333333333333,37.8,15,567,63,0.0,0.2,A_63_irreversible,63
behavioral_quotient_k5,0.008818342151675485,irreversible,A,1.1087632985988418,0.2,0.4,113.4,5,567,63,0.0,0.2,A_63_irreversible,63
predictive_quotient_k5,0.008818342151675485,irreversible,A,1.3263700983123732,0.6,0.6,113.4,5,567,63,0.0,0.6,A_63_irreversible,63
predictive_quotient_k8,0.014109347442680775,irreversible,A,1.578529395018653,0.375,0.5,70.875,8,567,63,0.0,0.375,A_63_irreversible,63
identity,1.0,irreversible,A,6.340359303727763,0.0,0.0,1.0,567,567,67,1.0,0.0,A_67_irreversible,67
all_one,0.001763668430335097,irreversible,A,0.0,1.0,1.0,567.0,1,567,67,0.0,1.0,A_67_irreversible,67
random_k,0.02292768959435626,irreversible,A,2.5603088862112346,1.0,1.0,43.61538461538461,13,567,67,0.0,1.0,A_67_irreversible,67
hash_k34_s1206,0.059964726631393295,irreversible,A,3.5234439856557835,1.0,1.0,16.676470588235293,34,567,67,0.0,1.0,A_67_irreversible,67
trap_mixing_adversarial,0.007054673721340388,irreversible,A,0.957116925419999,1.0,1.0,141.75,4,567,67,0.0,0.5,A_67_irreversible,67
best_of_10_hashes_per_world,0.003527336860670194,irreversible,A,0.6925856254343976,1.0,1.0,283.5,2,567,67,0.0,1.0,A_67_irreversible,67
viability_signature,0.024691358024691357,irreversible,A,1.946717761819704,0.0,0.14285714285714285,40.5,14,567,67,0.0,0.21428571428571427,A_67_irreversible,67
behavioral_quotient_k5,0.008818342151675485,irreversible,A,1.1574583338618918,0.2,0.4,113.4,5,567,67,0.0,0.4,A_67_irreversible,67
predictive_quotient_k5,0.008818342151675485,irreversible,A,1.1527470523572365,0.4,0.4,113.4,5,567,67,0.0,0.2,A_67_irreversible,67
predictive_quotient_k8,0.014109347442680775,irreversible,A,1.5360342788466552,0.25,0.25,70.875,8,567,67,0.0,0.125,A_67_irreversible,67
identity,1.0,irreversible,A,6.340359303727763,0.0,0.0,1.0,567,567,68,1.0,0.0,A_68_irreversible,68
all_one,0.001763668430335097,irreversible,A,0.0,1.0,1.0,567.0,1,567,68,0.0,1.0,A_68_irreversible,68
random_k,0.02292768959435626,irreversible,A,2.5608443484968593,1.0,1.0,43.61538461538461,13,567,68,0.0,1.0,A_68_irreversible,68
hash_k34_s1206,0.059964726631393295,irreversible,A,3.5234439856557835,1.0,1.0,16.676470588235293,34,567,68,0.0,1.0,A_68_irreversible,68
trap_mixing_adversarial,0.007054673721340388,irreversible,A,0.9232763374623556,1.0,1.0,141.75,4,567,68,0.0,0.5,A_68_irreversible,68
best_of_10_hashes_per_world,0.003527336860670194,irreversible,A,0.6907797564614975,1.0,1.0,283.5,2,567,68,0.0,1.0,A_68_irreversible,68
viability_signature,0.024691358024691357,irreversible,A,1.946717761819704,0.0,0.14285714285714285,40.5,14,567,68,0.0,0.21428571428571427,A_68_irreversible,68
behavioral_quotient_k5,0.008818342151675485,irreversible,A,1.1661834392456518,0.2,0.2,113.4,5,567,68,0.0,0.2,A_68_irreversible,68
predictive_quotient_k5,0.008818342151675485,irreversible,A,1.1561493793101263,0.2,0.2,113.4,5,567,68,0.0,0.0,A_68_irreversible,68
predictive_quotient_k8,0.014109347442680775,irreversible,A,1.425747593262921,0.125,0.125,70.875,8,567,68,0.0,0.0,A_68_irreversible,68
identity,1.0,reversible,A,6.340359303727763,0.0,0.0,1.0,567,567,62,1.0,0.0,A_62_reversible,62
all_one,0.001763668430335097,reversible,A,0.0,1.0,1.0,567.0,1,567,62,0.0,1.0,A_62_reversible,62
random_k,0.02292768959435626,reversible,A,2.5604147048546158,1.0,1.0,43.61538461538461,13,567,62,0.0,1.0,A_62_reversible,62
hash_k34_s1206,0.059964726631393295,reversible,A,3.5234439856557835,1.0,1.0,16.676470588235293,34,567,62,0.0,1.0,A_62_reversible,62
trap_mixing_adversarial,0.007054673721340388,reversible,A,0.9232763374623556,1.0,1.0,141.75,4,567,62,0.0,0.5,A_62_reversible,62
best_of_10_hashes_per_world,0.037037037037037035,reversible,A,3.014310576777647,0.9047619047619048,0.9047619047619048,27.0,21,567,62,0.0,0.9047619047619048,A_62_reversible,62
viability_signature,0.026455026455026454,reversible,A,2.090218615045864,0.0,0.13333333333333333,37.8,15,567,62,0.0,0.13333333333333333,A_62_reversible,62
behavioral_quotient_k5,0.008818342151675485,reversible,A,1.1888137347689816,0.6,0.6,113.4,5,567,62,0.0,0.4,A_62_reversible,62
predictive_quotient_k5,0.008818342151675485,reversible,A,1.1560461766183059,0.4,0.4,113.4,5,567,62,0.0,0.2,A_62_reversible,62
predictive_quotient_k8,0.014109347442680775,reversible,A,1.6960369174021444,0.375,0.5,70.875,8,567,62,0.0,0.375,A_62_reversible,62
identity,1.0,reversible,A,6.340359303727763,0.0,0.0,1.0,567,567,72,1.0,0.0,A_72_reversible,72
all_one,0.001763668430335097,reversible,A,0.0,1.0,1.0,567.0,1,567,72,0.0,1.0,A_72_reversible,72
random_k,0.02292768959435626,reversible,A,2.550397751541162,1.0,1.0,43.61538461538461,13,567,72,0.0,1.0,A_72_reversible,72
hash_k34_s1206,0.059964726631393295,reversible,A,3.5234439856557835,1.0,1.0,16.676470588235293,34,567,72,0.0,1.0,A_72_reversible,72
trap_mixing_adversarial,0.007054673721340388,reversible,A,0.977787793259154,1.0,1.0,141.75,4,567,72,0.0,0.5,A_72_reversible,72
best_of_10_hashes_per_world,0.037037037037037035,reversible,A,3.017554722506128,1.0,1.0,27.0,21,567,72,0.0,1.0,A_72_reversible,72
viability_signature,0.024691358024691357,reversible,A,1.966627649213252,0.0,0.14285714285714285,40.5,14,567,72,0.07142857142857142,0.14285714285714285,A_72_reversible,72
behavioral_quotient_k5,0.008818342151675485,reversible,A,1.1454961876493661,0.2,0.4,113.4,5,567,72,0.0,0.2,A_72_reversible,72
predictive_quotient_k5,0.008818342151675485,reversible,A,1.1226245419703271,0.4,0.4,113.4,5,567,72,0.0,0.2,A_72_reversible,72
predictive_quotient_k8,0.014109347442680775,reversible,A,1.410845589812141,0.125,0.25,70.875,8,567,72,0.0,0.125,A_72_reversible,72
identity,1.0,reversible,A,6.340359303727763,0.0,0.0,1.0,567,567,69,1.0,0.0,A_69_reversible,69
all_one,0.001763668430335097,reversible,A,0.0,1.0,1.0,567.0,1,567,69,0.0,1.0,A_69_reversible,69
random_k,0.02292768959435626,reversible,A,2.5447900118330913,1.0,1.0,43.61538461538461,13,567,69,0.0,1.0,A_69_reversible,69
hash_k34_s1206,0.059964726631393295,reversible,A,3.5234439856557835,1.0,1.0,16.676470588235293,34,567,69,0.0,1.0,A_69_reversible,69
trap_mixing_adversarial,0.007054673721340388,reversible,A,0.8481934526498114,1.0,1.0,141.75,4,567,69,0.0,0.5,A_69_reversible,69
best_of_10_hashes_per_world,0.059964726631393295,reversible,A,3.4878769997477628,0.8823529411764706,0.9411764705882353,16.676470588235293,34,567,69,0.0,0.9411764705882353,A_69_reversible,69
viability_signature,0.026455026455026454,reversible,A,1.9889232566386406,0.0,0.13333333333333333,37.8,15,567,69,0.0,0.13333333333333333,A_69_reversible,69
behavioral_quotient_k5,0.008818342151675485,reversible,A,1.1865411603964746,0.4,0.4,113.4,5,567,69,0.0,0.2,A_69_reversible,69
predictive_quotient_k5,0.008818342151675485,reversible,A,1.176724948356843,0.4,0.6,113.4,5,567,69,0.0,0.4,A_69_reversible,69
predictive_quotient_k8,0.014109347442680775,reversible,A,1.6972864919836854,0.375,0.5,70.875,8,567,69,0.0,0.5,A_69_reversible,69
identity,1.0,reversible,A,6.340359303727763,0.0,0.0,1.0,567,567,65,1.0,0.0,A_65_reversible,65
all_one,0.001763668430335097,reversible,A,0.0,1.0,1.0,567.0,1,567,65,0.0,1.0,A_65_reversible,65
random_k,0.02292768959435626,reversible,A,2.544462158761529,1.0,1.0,43.61538461538461,13,567,65,0.0,1.0,A_65_reversible,65
hash_k34_s1206,0.059964726631393295,reversible,A,3.5234439856557835,1.0,1.0,16.676470588235293,34,567,65,0.0,1.0,A_65_reversible,65
trap_mixing_adversarial,0.007054673721340388,reversible,A,0.9851022329234317,1.0,1.0,141.75,4,567,65,0.0,0.5,A_65_reversible,65
best_of_10_hashes_per_world,0.09700176366843033,reversible,A,3.9463772340195247,0.8,0.8181818181818182,10.309090909090909,55,567,65,0.0,0.8727272727272727,A_65_reversible,65
viability_signature,0.026455026455026454,reversible,A,2.044459245979987,0.0,0.13333333333333333,37.8,15,567,65,0.0,0.13333333333333333,A_65_reversible,65
behavioral_quotient_k5,0.008818342151675485,reversible,A,1.2050749521786726,0.2,0.4,113.4,5,567,65,0.0,0.2,A_65_reversible,65
predictive_quotient_k5,0.008818342151675485,reversible,A,1.176952500153966,0.4,0.4,113.4,5,567,65,0.0,0.2,A_65_reversible,65
predictive_quotient_k8,0.014109347442680775,reversible,A,1.7952859471749436,0.125,0.375,70.875,8,567,65,0.0,0.25,A_65_reversible,65
identity,1.0,irreversible,A,6.340359303727763,0.0,0.0,1.0,567,567,70,1.0,0.0,A_70_irreversible,70
all_one,0.001763668430335097,irreversible,A,0.0,1.0,1.0,567.0,1,567,70,0.0,1.0,A_70_irreversible,70
random_k,0.02292768959435626,irreversible,A,2.5542179437489287,1.0,1.0,43.61538461538461,13,567,70,0.0,1.0,A_70_irreversible,70
hash_k34_s1206,0.059964726631393295,irreversible,A,3.5234439856557835,1.0,1.0,16.676470588235293,34,567,70,0.0,1.0,A_70_irreversible,70
trap_mixing_adversarial,0.007054673721340388,irreversible,A,0.8826593053094995,1.0,1.0,141.75,4,567,70,0.0,0.5,A_70_irreversible,70
best_of_10_hashes_per_world,0.003527336860670194,irreversible,A,0.6865617248643623,1.0,1.0,283.5,2,567,70,0.0,1.0,A_70_irreversible,70
viability_signature,0.026455026455026454,irreversible,A,2.002136966930243,0.0,0.13333333333333333,37.8,15,567,70,0.06666666666666667,0.2,A_70_irreversible,70
behavioral_quotient_k5,0.008818342151675485,irreversible,A,1.1776714203730843,0.2,0.2,113.4,5,567,70,0.0,0.2,A_70_irreversible,70
predictive_quotient_k5,0.008818342151675485,irreversible,A,1.1623916583121359,0.2,0.4,113.4,5,567,70,0.0,0.2,A_70_irreversible,70
predictive_quotient_k8,0.014109347442680775,irreversible,A,1.4396663015178441,0.25,0.25,70.875,8,567,70,0.0,0.125,A_70_irreversible,70
identity,1.0,reversible,A,6.340359303727763,0.0,0.0,1.0,567,567,66,1.0,0.0,A_66_reversible,66
all_one,0.001763668430335097,reversible,A,0.0,1.0,1.0,567.0,1,567,66,0.0,1.0,A_66_reversible,66
random_k,0.02292768959435626,reversible,A,2.5521535717930797,1.0,1.0,43.61538461538461,13,567,66,0.0,1.0,A_66_reversible,66
hash_k34_s1206,0.059964726631393295,reversible,A,3.5234439856557835,1.0,1.0,16.676470588235293,34,567,66,0.0,1.0,A_66_reversible,66
trap_mixing_adversarial,0.007054673721340388,reversible,A,0.8891191589362224,1.0,1.0,141.75,4,567,66,0.0,0.5,A_66_reversible,66
best_of_10_hashes_per_world,0.02292768959435626,reversible,A,2.5518418576025543,1.0,1.0,43.61538461538461,13,567,66,0.0,1.0,A_66_reversible,66
viability_signature,0.026455026455026454,reversible,A,2.0623905974460817,0.0,0.13333333333333333,37.8,15,567,66,0.0,0.13333333333333333,A_66_reversible,66
behavioral_quotient_k5,0.008818342151675485,reversible,A,1.1861608497284533,0.4,0.4,113.4,5,567,66,0.0,0.2,A_66_reversible,66
predictive_quotient_k5,0.008818342151675485,reversible,A,1.1467938604864045,0.4,0.4,113.4,5,567,66,0.0,0.2,A_66_reversible,66
predictive_quotient_k8,0.014109347442680775,reversible,A,1.703518766764736,0.375,0.375,70.875,8,567,66,0.0,0.25,A_66_reversible,66
identity,1.0,irreversible,A,6.340359303727763,0.0,0.0,1.0,567,567,71,1.0,0.0,A_71_irreversible,71
all_one,0.001763668430335097,irreversible,A,0.0,1.0,1.0,567.0,1,567,71,0.0,1.0,A_71_irreversible,71
random_k,0.02292768959435626,irreversible,A,2.5518781790812435,1.0,1.0,43.61538461538461,13,567,71,0.0,1.0,A_71_irreversible,71
hash_k34_s1206,0.059964726631393295,irreversible,A,3.5234439856557835,1.0,1.0,16.676470588235293,34,567,71,0.0,1.0,A_71_irreversible,71
trap_mixing_adversarial,0.007054673721340388,irreversible,A,0.9232763374623556,1.0,1.0,141.75,4,567,71,0.0,0.5,A_71_irreversible,71
best_of_10_hashes_per_world,0.003527336860670194,irreversible,A,0.6884351035963414,1.0,1.0,283.5,2,567,71,0.0,1.0,A_71_irreversible,71
viability_signature,0.024691358024691357,irreversible,A,2.009784049314763,0.0,0.14285714285714285,40.5,14,567,71,0.0,0.21428571428571427,A_71_irreversible,71
behavioral_quotient_k5,0.008818342151675485,irreversible,A,1.1539788903789396,0.2,0.2,113.4,5,567,71,0.0,0.4,A_71_irreversible,71
predictive_quotient_k5,0.008818342151675485,irreversible,A,1.1089261615070054,0.2,0.4,113.4,5,567,71,0.0,0.4,A_71_irreversible,71
predictive_quotient_k8,0.014109347442680775,irreversible,A,1.4488524064472827,0.25,0.125,70.875,8,567,71,0.0,0.25,A_71_irreversible,71
identity,1.0,reversible,A,6.340359303727763,0.0,0.0,1.0,567,567,64,1.0,0.0,A_64_reversible,64
all_one,0.001763668430335097,reversible,A,0.0,1.0,1.0,567.0,1,567,64,0.0,1.0,A_64_reversible,64
random_k,0.02292768959435626,reversible,A,2.558774563354018,1.0,1.0,43.61538461538461,13,567,64,0.0,1.0,A_64_reversible,64
hash_k34_s1206,0.059964726631393295,reversible,A,3.5234439856557835,1.0,1.0,16.676470588235293,34,567,64,0.0,1.0,A_64_reversible,64
trap_mixing_adversarial,0.007054673721340388,reversible,A,1.0116283812167972,1.0,1.0,141.75,4,567,64,0.0,0.5,A_64_reversible,64
best_of_10_hashes_per_world,0.02292768959435626,reversible,A,2.5564415848073483,1.0,1.0,43.61538461538461,13,567,64,0.0,1.0,A_64_reversible,64
viability_signature,0.026455026455026454,reversible,A,2.020822423721791,0.0,0.13333333333333333,37.8,15,567,64,0.0,0.13333333333333333,A_64_reversible,64
behavioral_quotient_k5,0.008818342151675485,reversible,A,1.174945172045782,0.4,0.4,113.4,5,567,64,0.0,0.4,A_64_reversible,64
predictive_quotient_k5,0.008818342151675485,reversible,A,1.1712805441156362,0.2,0.4,113.4,5,567,64,0.0,0.2,A_64_reversible,64
predictive_quotient_k8,0.014109347442680775,reversible,A,1.6898575064934194,0.125,0.25,70.875,8,567,64,0.0,0.125,A_64_reversible,64
identity,1.0,reversible,A,6.340359303727763,0.0,0.0,1.0,567,567,63,1.0,0.0,A_63_reversible,63
all_one,0.001763668430335097,reversible,A,0.0,1.0,1.0,567.0,1,567,63,0.0,1.0,A_63_reversible,63
random_k,0.02292768959435626,reversible,A,2.5505024159144924,1.0,1.0,43.61538461538461,13,567,63,0.0,1.0,A_63_reversible,63
hash_k34_s1206,0.059964726631393295,reversible,A,3.5234439856557835,1.0,1.0,16.676470588235293,34,567,63,0.0,1.0,A_63_reversible,63
trap_mixing_adversarial,0.007054673721340388,reversible,A,1.0116283812167972,1.0,1.0,141.75,4,567,63,0.0,0.5,A_63_reversible,63
best_of_10_hashes_per_world,0.02292768959435626,reversible,A,2.551724889049185,1.0,1.0,43.61538461538461,13,567,63,0.0,1.0,A_63_reversible,63
viability_signature,0.026455026455026454,reversible,A,2.002062525615122,0.0,0.13333333333333333,37.8,15,567,63,0.0,0.13333333333333333,A_63_reversible,63
behavioral_quotient_k5,0.008818342151675485,reversible,A,1.2082960901205269,0.6,0.4,113.4,5,567,63,0.0,0.4,A_63_reversible,63
predictive_quotient_k5,0.008818342151675485,reversible,A,1.1110002376361854,0.4,0.4,113.4,5,567,63,0.0,0.2,A_63_reversible,63
predictive_quotient_k8,0.014109347442680775,reversible,A,1.7912295849190225,0.375,0.5,70.875,8,567,63,0.0,0.375,A_63_reversible,63
identity,1.0,irreversible,A,6.340359303727763,0.0,0.0,1.0,567,567,72,1.0,0.0,A_72_irreversible,72
all_one,0.001763668430335097,irreversible,A,0.0,1.0,1.0,567.0,1,567,72,0.0,1.0,A_72_irreversible,72
random_k,0.02292768959435626,irreversible,A,2.550397751541162,1.0,1.0,43.61538461538461,13,567,72,0.0,1.0,A_72_irreversible,72
hash_k34_s1206,0.059964726631393295,irreversible,A,3.5234439856557835,1.0,1.0,16.676470588235293,34,567,72,0.0,1.0,A_72_irreversible,72
trap_mixing_adversarial,0.005291005291005291,irreversible,A,0.7917284543670864,1.0,1.0,189.0,3,567,72,0.0,0.6666666666666666,A_72_irreversible,72
best_of_10_hashes_per_world,0.037037037037037035,irreversible,A,3.017554722506128,0.9523809523809523,1.0,27.0,21,567,72,0.0,1.0,A_72_irreversible,72
viability_signature,0.02292768959435626,irreversible,A,1.7570968993730323,0.0,0.15384615384615385,43.61538461538461,13,567,72,0.0,0.23076923076923078,A_72_irreversible,72
behavioral_quotient_k5,0.008818342151675485,irreversible,A,1.052984407274288,0.6,0.6,113.4,5,567,72,0.0,0.4,A_72_irreversible,72
predictive_quotient_k5,0.008818342151675485,irreversible,A,1.0488310623555444,0.4,0.4,113.4,5,567,72,0.0,0.4,A_72_irreversible,72
predictive_quotient_k8,0.014109347442680775,irreversible,A,1.4740991271622645,0.375,0.25,70.875,8,567,72,0.0,0.25,A_72_irreversible,72
identity,1.0,reversible,A,6.340359303727763,0.0,0.0,1.0,567,567,74,1.0,0.0,A_74_reversible,74
all_one,0.001763668430335097,reversible,A,0.0,1.0,1.0,567.0,1,567,74,0.0,1.0,A_74_reversible,74
random_k,0.02292768959435626,reversible,A,2.557855459266762,1.0,1.0,43.61538461538461,13,567,74,0.0,1.0,A_74_reversible,74
hash_k34_s1206,0.059964726631393295,reversible,A,3.5234439856557835,1.0,1.0,16.676470588235293,34,567,74,0.0,1.0,A_74_reversible,74
trap_mixing_adversarial,0.007054673721340388,reversible,A,0.9223011154613077,1.0,1.0,141.75,4,567,74,0.0,0.5,A_74_reversible,74
best_of_10_hashes_per_world,0.037037037037037035,reversible,A,3.0305246072527097,1.0,1.0,27.0,21,567,74,0.0,1.0,A_74_reversible,74
viability_signature,0.026455026455026454,reversible,A,1.952383140264562,0.0,0.13333333333333333,37.8,15,567,74,0.0,0.13333333333333333,A_74_reversible,74
behavioral_quotient_k5,0.008818342151675485,reversible,A,1.170828955131016,0.4,0.4,113.4,5,567,74,0.0,0.2,A_74_reversible,74
predictive_quotient_k5,0.008818342151675485,reversible,A,1.165383914389402,0.2,0.4,113.4,5,567,74,0.0,0.2,A_74_reversible,74
predictive_quotient_k8,0.014109347442680775,reversible,A,1.7655895471847265,0.25,0.25,70.875,8,567,74,0.0,0.25,A_74_reversible,74
identity,1.0,irreversible,A,6.340359303727763,0.0,0.0,1.0,567,567,73,1.0,0.0,A_73_irreversible,73
all_one,0.001763668430335097,irreversible,A,0.0,1.0,1.0,567.0,1,567,73,0.0,1.0,A_73_irreversible,73
random_k,0.02292768959435626,irreversible,A,2.5558756351249543,1.0,1.0,43.61538461538461,13,567,73,0.0,1.0,A_73_irreversible,73
hash_k34_s1206,0.059964726631393295,irreversible,A,3.5234439856557835,1.0,1.0,16.676470588235293,34,567,73,0.0,1.0,A_73_irreversible,73
trap_mixing_adversarial,0.007054673721340388,irreversible,A,0.8481934526498114,0.75,0.75,141.75,4,567,73,0.0,0.5,A_73_irreversible,73
best_of_10_hashes_per_world,0.003527336860670194,irreversible,A,0.6894083317065154,1.0,1.0,283.5,2,567,73,0.0,1.0,A_73_irreversible,73
viability_signature,0.02292768959435626,irreversible,A,1.9483090524941296,0.0,0.07692307692307693,43.61538461538461,13,567,73,0.0,0.23076923076923078,A_73_irreversible,73
behavioral_quotient_k5,0.008818342151675485,irreversible,A,1.1191148595351945,0.2,0.2,113.4,5,567,73,0.0,0.2,A_73_irreversible,73
predictive_quotient_k5,0.008818342151675485,irreversible,A,1.1140334884058523,0.2,0.2,113.4,5,567,73,0.0,0.2,A_73_irreversible,73
predictive_quotient_k8,0.014109347442680775,irreversible,A,1.5159865484559718,0.25,0.125,70.875,8,567,73,0.0,0.125,A_73_irreversible,73
identity,1.0,irreversible,A,6.340359303727763,0.0,0.0,1.0,567,567,69,1.0,0.0,A_69_irreversible,69
all_one,0.001763668430335097,irreversible,A,0.0,1.0,1.0,567.0,1,567,69,0.0,1.0,A_69_irreversible,69
random_k,0.02292768959435626,irreversible,A,2.5447900118330913,1.0,1.0,43.61538461538461,13,567,69,0.0,1.0,A_69_irreversible,69
hash_k34_s1206,0.059964726631393295,irreversible,A,3.5234439856557835,1.0,1.0,16.676470588235293,34,567,69,0.0,1.0,A_69_irreversible,69
trap_mixing_adversarial,0.007054673721340388,irreversible,A,0.8833008196765969,1.0,1.0,141.75,4,567,69,0.0,0.5,A_69_irreversible,69
best_of_10_hashes_per_world,0.09700176366843033,irreversible,A,3.9627095260660083,0.6909090909090909,0.7454545454545455,10.309090909090909,55,567,69,0.0,0.8,A_69_irreversible,69
viability_signature,0.029982363315696647,irreversible,A,2.0314792512577116,0.0,0.11764705882352941,33.35294117647059,17,567,69,0.058823529411764705,0.17647058823529413,A_69_irreversible,69
behavioral_quotient_k5,0.008818342151675485,irreversible,A,1.171890552192868,0.2,0.4,113.4,5,567,69,0.0,0.2,A_69_irreversible,69
predictive_quotient_k5,0.008818342151675485,irreversible,A,1.1151859627814664,0.4,0.6,113.4,5,567,69,0.0,0.4,A_69_irreversible,69
predictive_quotient_k8,0.014109347442680775,irreversible,A,1.6765671071430013,0.375,0.5,70.875,8,567,69,0.0,0.375,A_69_irreversible,69
identity,1.0,reversible,A,6.340359303727763,0.0,0.0,1.0,567,567,68,1.0,0.0,A_68_reversible,68
all_one,0.001763668430335097,reversible,A,0.0,1.0,1.0,567.0,1,567,68,0.0,1.0,A_68_reversible,68
random_k,0.02292768959435626,reversible,A,2.5608443484968593,1.0,1.0,43.61538461538461,13,567,68,0.0,1.0,A_68_reversible,68
hash_k34_s1206,0.059964726631393295,reversible,A,3.5234439856557835,1.0,1.0,16.676470588235293,34,567,68,0.0,1.0,A_68_reversible,68
trap_mixing_adversarial,0.007054673721340388,reversible,A,0.9223011154613077,1.0,1.0,141.75,4,567,68,0.0,0.5,A_68_reversible,68
best_of_10_hashes_per_world,0.037037037037037035,reversible,A,3.0304086649267754,1.0,1.0,27.0,21,567,68,0.0,1.0,A_68_reversible,68
viability_signature,0.026455026455026454,reversible,A,2.001614170782324,0.0,0.13333333333333333,37.8,15,567,68,0.0,0.13333333333333333,A_68_reversible,68
behavioral_quotient_k5,0.008818342151675485,reversible,A,1.1159607167776144,0.4,0.4,113.4,5,567,68,0.0,0.2,A_68_reversible,68
predictive_quotient_k5,0.008818342151675485,reversible,A,1.1726022018431994,0.2,0.4,113.4,5,567,68,0.0,0.2,A_68_reversible,68
predictive_quotient_k8,0.014109347442680775,reversible,A,1.6569890467295623,0.25,0.5,70.875,8,567,68,0.0,0.375,A_68_reversible,68
identity,1.0,irreversible,A,6.340359303727763,0.0,0.0,1.0,567,567,66,1.0,0.0,A_66_irreversible,66
all_one,0.001763668430335097,irreversible,A,0.0,1.0,1.0,567.0,1,567,66,0.0,1.0,A_66_irreversible,66
random_k,0.02292768959435626,irreversible,A,2.5521535717930797,1.0,1.0,43.61538461538461,13,567,66,0.0,1.0,A_66_irreversible,66
hash_k34_s1206,0.059964726631393295,irreversible,A,3.5234439856557835,1.0,1.0,16.676470588235293,34,567,66,0.0,1.0,A_66_irreversible,66
trap_mixing_adversarial,0.007054673721340388,irreversible,A,0.957116925419999,1.0,1.0,141.75,4,567,66,0.0,0.5,A_66_irreversible,66
best_of_10_hashes_per_world,0.02292768959435626,irreversible,A,2.5518418576025543,1.0,1.0,43.61538461538461,13,567,66,0.0,1.0,A_66_irreversible,66
viability_signature,0.02821869488536155,irreversible,A,1.9766782702563774,0.0,0.125,35.4375,16,567,66,0.0,0.1875,A_66_irreversible,66
behavioral_quotient_k5,0.008818342151675485,irreversible,A,1.14908589094672,0.4,0.4,113.4,5,567,66,0.0,0.4,A_66_irreversible,66
predictive_quotient_k5,0.008818342151675485,irreversible,A,1.1400119706363463,0.4,0.4,113.4,5,567,66,0.0,0.2,A_66_irreversible,66
predictive_quotient_k8,0.014109347442680775,irreversible,A,1.442148094107964,0.25,0.25,70.875,8,567,66,0.0,0.125,A_66_irreversible,66
identity,1.0,reversible,A,6.340359303727763,0.0,0.0,1.0,567,567,67,1.0,0.0,A_67_reversible,67
all_one,0.001763668430335097,reversible,A,0.0,1.0,1.0,567.0,1,567,67,0.0,1.0,A_67_reversible,67
random_k,0.02292768959435626,reversible,A,2.5603088862112346,1.0,1.0,43.61538461538461,13,567,67,0.0,1.0,A_67_reversible,67
hash_k34_s1206,0.059964726631393295,reversible,A,3.5234439856557835,1.0,1.0,16.676470588235293,34,567,67,0.0,1.0,A_67_reversible,67
trap_mixing_adversarial,0.007054673721340388,reversible,A,0.9232763374623556,1.0,1.0,141.75,4,567,67,0.0,0.5,A_67_reversible,67
best_of_10_hashes_per_world,0.09700176366843033,reversible,A,3.9581573737686124,0.7818181818181819,0.8363636363636363,10.309090909090909,55,567,67,0.0,0.8727272727272727,A_67_reversible,67
viability_signature,0.026455026455026454,reversible,A,1.9861539018099483,0.0,0.13333333333333333,37.8,15,567,67,0.0,0.13333333333333333,A_67_reversible,67
behavioral_quotient_k5,0.008818342151675485,reversible,A,1.173228990289674,0.4,0.6,113.4,5,567,67,0.0,0.4,A_67_reversible,67
predictive_quotient_k5,0.008818342151675485,reversible,A,1.1557807231521058,0.4,0.4,113.4,5,567,67,0.0,0.2,A_67_reversible,67
predictive_quotient_k8,0.014109347442680775,reversible,A,1.7122034924228868,0.125,0.5,70.875,8,567,67,0.0,0.375,A_67_reversible,67
identity,1.0,irreversible,A,6.340359303727763,0.0,0.0,1.0,567,567,74,1.0,0.0,A_74_irreversible,74
all_one,0.001763668430335097,irreversible,A,0.0,1.0,1.0,567.0,1,567,74,0.0,1.0,A_74_irreversible,74
random_k,0.02292768959435626,irreversible,A,2.557855459266762,1.0,1.0,43.61538461538461,13,567,74,0.0,1.0,A_74_irreversible,74
hash_k34_s1206,0.059964726631393295,irreversible,A,3.5234439856557835,0.8823529411764706,0.9117647058823529,16.676470588235293,34,567,74,0.0,1.0,A_74_irreversible,74
trap_mixing_adversarial,0.005291005291005291,irreversible,A,0.7508027480806755,1.0,1.0,189.0,3,567,74,0.0,0.6666666666666666,A_74_irreversible,74
best_of_10_hashes_per_world,0.003527336860670194,irreversible,A,0.6921748258823891,1.0,1.0,283.5,2,567,74,0.0,1.0,A_74_irreversible,74
viability_signature,0.024691358024691357,irreversible,A,1.7994237869901926,0.0,0.14285714285714285,40.5,14,567,74,0.0,0.21428571428571427,A_74_irreversible,74
behavioral_quotient_k5,0.008818342151675485,irreversible,A,1.0237466755946443,0.4,0.4,113.4,5,567,74,0.0,0.2,A_74_irreversible,74
predictive_quotient_k5,0.008818342151675485,irreversible,A,1.0520330669813835,0.4,0.4,113.4,5,567,74,0.0,0.2,A_74_irreversible,74
predictive_quotient_k8,0.014109347442680775,irreversible,A,1.2602843209292438,0.375,0.25,70.875,8,567,74,0.0,0.125,A_74_irreversible,74
identity,1.0,reversible,A,6.340359303727763,0.0,0.0,1.0,567,567,70,1.0,0.0,A_70_reversible,70
all_one,0.001763668430335097,reversible,A,0.0,1.0,1.0,567.0,1,567,70,0.0,1.0,A_70_reversible,70
random_k,0.02292768959435626,reversible,A,2.5542179437489287,1.0,1.0,43.61538461538461,13,567,70,0.0,1.0,A_70_reversible,70
hash_k34_s1206,0.059964726631393295,reversible,A,3.5234439856557835,1.0,1.0,16.676470588235293,34,567,70,0.0,1.0,A_70_reversible,70
trap_mixing_adversarial,0.007054673721340388,reversible,A,0.9223011154613077,1.0,1.0,141.75,4,567,70,0.0,0.5,A_70_reversible,70
best_of_10_hashes_per_world,0.037037037037037035,reversible,A,3.026904458410768,1.0,1.0,27.0,21,567,70,0.0,1.0,A_70_reversible,70
viability_signature,0.026455026455026454,reversible,A,1.9647118230682592,0.0,0.13333333333333333,37.8,15,567,70,0.0,0.13333333333333333,A_70_reversible,70
behavioral_quotient_k5,0.008818342151675485,reversible,A,1.1992799812686885,0.4,0.6,113.4,5,567,70,0.0,0.6,A_70_reversible,70
predictive_quotient_k5,0.008818342151675485,reversible,A,1.1566074611325492,0.4,0.6,113.4,5,567,70,0.0,0.4,A_70_reversible,70
predictive_quotient_k8,0.014109347442680775,reversible,A,1.6988271372078332,0.375,0.5,70.875,8,567,70,0.0,0.375,A_70_reversible,70
identity,1.0,reversible,A,6.340359303727763,0.0,0.0,1.0,567,567,71,1.0,0.0,A_71_reversible,71
all_one,0.001763668430335097,reversible,A,0.0,1.0,1.0,567.0,1,567,71,0.0,1.0,A_71_reversible,71
random_k,0.02292768959435626,reversible,A,2.5518781790812435,1.0,1.0,43.61538461538461,13,567,71,0.0,1.0,A_71_reversible,71
hash_k34_s1206,0.059964726631393295,reversible,A,3.5234439856557835,1.0,1.0,16.676470588235293,34,567,71,0.0,1.0,A_71_reversible,71
trap_mixing_adversarial,0.007054673721340388,reversible,A,0.9232763374623556,1.0,1.0,141.75,4,567,71,0.0,0.5,A_71_reversible,71
best_of_10_hashes_per_world,0.059964726631393295,reversible,A,3.5014761896190394,0.9117647058823529,0.9411764705882353,16.676470588235293,34,567,71,0.0,0.9705882352941176,A_71_reversible,71
viability_signature,0.02821869488536155,reversible,A,2.1406168484662107,0.0,0.125,35.4375,16,567,71,0.0625,0.125,A_71_reversible,71
behavioral_quotient_k5,0.008818342151675485,reversible,A,1.2168378653106944,0.2,0.4,113.4,5,567,71,0.0,0.2,A_71_reversible,71
predictive_quotient_k5,0.008818342151675485,reversible,A,1.2172875021236655,0.4,0.4,113.4,5,567,71,0.0,0.2,A_71_reversible,71
predictive_quotient_k8,0.014109347442680775,reversible,A,1.7640021918636812,0.25,0.25,70.875,8,567,71,0.0,0.125,A_71_reversible,71
identity,1.0,reversible,A,6.340359303727763,0.0,0.0,1.0,567,567,73,1.0,0.0,A_73_reversible,73
all_one,0.001763668430335097,reversible,A,0.0,1.0,1.0,567.0,1,567,73,0.0,1.0,A_73_reversible,73
random_k,0.02292768959435626,reversible,A,2.5558756351249543,1.0,1.0,43.61538461538461,13,567,73,0.0,1.0,A_73_reversible,73
hash_k34_s1206,0.059964726631393295,reversible,A,3.5234439856557835,1.0,1.0,16.676470588235293,34,567,73,0.0,1.0,A_73_reversible,73
trap_mixing_adversarial,0.007054673721340388,reversible,A,1.0116283812167972,1.0,1.0,141.75,4,567,73,0.0,0.5,A_73_reversible,73
best_of_10_hashes_per_world,0.037037037037037035,reversible,A,3.028267571312149,1.0,1.0,27.0,21,567,73,0.0,1.0,A_73_reversible,73
viability_signature,0.026455026455026454,reversible,A,2.020822423721791,0.0,0.13333333333333333,37.8,15,567,73,0.0,0.13333333333333333,A_73_reversible,73
behavioral_quotient_k5,0.008818342151675485,reversible,A,1.1768978111519806,0.4,0.4,113.4,5,567,73,0.0,0.2,A_73_reversible,73
predictive_quotient_k5,0.008818342151675485,reversible,A,1.1790933724484056,0.4,0.6,113.4,5,567,73,0.0,0.4,A_73_reversible,73
predictive_quotient_k8,0.014109347442680775,reversible,A,1.7306214090360659,0.0,0.375,70.875,8,567,73,0.0,0.25,A_73_reversible,73
identity,1.0,hidden_fake,B,6.340359303727763,0.0,0.0,1.0,567,567,0,1.0,0.0,B_10000_hidden_fake,10000
all_one,0.001763668430335097,hidden_fake,B,0.0,1.0,1.0,567.0,1,567,0,0.0,1.0,B_10000_hidden_fake,10000
random_k,0.02292768959435626,hidden_fake,B,2.5604784584578377,0.9230769230769231,1.0,43.61538461538461,13,567,0,0.0,0.9230769230769231,B_10000_hidden_fake,10000
hash_k34_s1206,0.059964726631393295,hidden_fake,B,3.5234439856557835,0.5588235294117647,0.6176470588235294,16.676470588235293,34,567,0,0.0,0.5588235294117647,B_10000_hidden_fake,10000
trap_mixing_adversarial,0.007054673721340388,hidden_fake,B,1.2852487856269774,0.5,0.75,141.75,4,567,0,0.0,0.5,B_10000_hidden_fake,10000
best_of_10_hashes_per_world,0.09700176366843033,hidden_fake,B,3.969667365821895,0.36363636363636365,0.45454545454545453,10.309090909090909,55,567,0,0.0,0.36363636363636365,B_10000_hidden_fake,10000
viability_signature,0.029982363315696647,hidden_fake,B,2.6107965479966895,0.0,0.11764705882352941,33.35294117647059,17,567,0,0.0,0.0,B_10000_hidden_fake,10000
behavioral_quotient_k5,0.008818342151675485,hidden_fake,B,1.4328902552686937,0.0,0.4,113.4,5,567,0,0.0,0.0,B_10000_hidden_fake,10000
predictive_quotient_k5,0.008818342151675485,hidden_fake,B,1.4203857730341045,0.0,0.4,113.4,5,567,0,0.0,0.0,B_10000_hidden_fake,10000
predictive_quotient_k8,0.014109347442680775,hidden_fake,B,1.9626426826607895,0.0,0.25,70.875,8,567,0,0.0,0.0,B_10000_hidden_fake,10000
identity,1.0,hidden_fake,B,6.340359303727763,0.0,0.0,1.0,567,567,7,1.0,0.0,B_10007_hidden_fake,10007
all_one,0.001763668430335097,hidden_fake,B,0.0,1.0,1.0,567.0,1,567,7,0.0,1.0,B_10007_hidden_fake,10007
random_k,0.02292768959435626,hidden_fake,B,2.5498575055927732,0.9230769230769231,1.0,43.61538461538461,13,567,7,0.0,0.9230769230769231,B_10007_hidden_fake,10007
hash_k34_s1206,0.059964726631393295,hidden_fake,B,3.5234439856557835,0.5588235294117647,0.6176470588235294,16.676470588235293,34,567,7,0.0,0.5588235294117647,B_10007_hidden_fake,10007
trap_mixing_adversarial,0.007054673721340388,hidden_fake,B,1.3360481610380393,0.5,0.75,141.75,4,567,7,0.0,0.5,B_10007_hidden_fake,10007
best_of_10_hashes_per_world,0.09700176366843033,hidden_fake,B,3.948186688896307,0.32727272727272727,0.38181818181818183,10.309090909090909,55,567,7,0.0,0.32727272727272727,B_10007_hidden_fake,10007
viability_signature,0.029982363315696647,hidden_fake,B,2.6202331361132774,0.0,0.11764705882352941,33.35294117647059,17,567,7,0.0,0.0,B_10007_hidden_fake,10007
behavioral_quotient_k5,0.008818342151675485,hidden_fake,B,1.3967455034892968,0.0,0.4,113.4,5,567,7,0.0,0.0,B_10007_hidden_fake,10007
predictive_quotient_k5,0.008818342151675485,hidden_fake,B,1.4214301989709184,0.0,0.4,113.4,5,567,7,0.0,0.0,B_10007_hidden_fake,10007
predictive_quotient_k8,0.014109347442680775,hidden_fake,B,1.9161549602161962,0.0,0.25,70.875,8,567,7,0.0,0.0,B_10007_hidden_fake,10007
identity,1.0,hidden_fake,B,6.340359303727763,0.0,0.0,1.0,567,567,10,1.0,0.0,B_10010_hidden_fake,10010
all_one,0.001763668430335097,hidden_fake,B,0.0,1.0,1.0,567.0,1,567,10,0.0,1.0,B_10010_hidden_fake,10010
random_k,0.02292768959435626,hidden_fake,B,2.557076792165913,0.9230769230769231,0.9230769230769231,43.61538461538461,13,567,10,0.0,0.9230769230769231,B_10010_hidden_fake,10010
hash_k34_s1206,0.059964726631393295,hidden_fake,B,3.5234439856557835,0.5588235294117647,0.6176470588235294,16.676470588235293,34,567,10,0.0,0.5588235294117647,B_10010_hidden_fake,10010
trap_mixing_adversarial,0.007054673721340388,hidden_fake,B,1.2852487856269774,0.5,0.75,141.75,4,567,10,0.0,0.5,B_10010_hidden_fake,10010
best_of_10_hashes_per_world,0.059964726631393295,hidden_fake,B,3.4957878184954287,0.4117647058823529,0.47058823529411764,16.676470588235293,34,567,10,0.0,0.4117647058823529,B_10010_hidden_fake,10010
viability_signature,0.029982363315696647,hidden_fake,B,2.6124907455822552,0.0,0.11764705882352941,33.35294117647059,17,567,10,0.0,0.0,B_10010_hidden_fake,10010
behavioral_quotient_k5,0.008818342151675485,hidden_fake,B,1.3997318904587537,0.0,0.2,113.4,5,567,10,0.0,0.0,B_10010_hidden_fake,10010
predictive_quotient_k5,0.008818342151675485,hidden_fake,B,1.3944322932967703,0.0,0.2,113.4,5,567,10,0.0,0.0,B_10010_hidden_fake,10010
predictive_quotient_k8,0.014109347442680775,hidden_fake,B,1.9538336586014657,0.0,0.25,70.875,8,567,10,0.0,0.0,B_10010_hidden_fake,10010
identity,1.0,hidden_fake,B,6.340359303727763,0.0,0.0,1.0,567,567,17,1.0,0.0,B_10017_hidden_fake,10017
all_one,0.001763668430335097,hidden_fake,B,0.0,1.0,1.0,567.0,1,567,17,0.0,1.0,B_10017_hidden_fake,10017
random_k,0.02292768959435626,hidden_fake,B,2.5505024238766802,0.7692307692307693,0.8461538461538461,43.61538461538461,13,567,17,0.0,0.7692307692307693,B_10017_hidden_fake,10017
hash_k34_s1206,0.059964726631393295,hidden_fake,B,3.5234439856557835,0.5588235294117647,0.6176470588235294,16.676470588235293,34,567,17,0.0,0.5588235294117647,B_10017_hidden_fake,10017
trap_mixing_adversarial,0.007054673721340388,hidden_fake,B,1.3360481610380393,0.5,0.75,141.75,4,567,17,0.0,0.5,B_10017_hidden_fake,10017
best_of_10_hashes_per_world,0.09700176366843033,hidden_fake,B,3.968546041096185,0.34545454545454546,0.4,10.309090909090909,55,567,17,0.0,0.34545454545454546,B_10017_hidden_fake,10017
viability_signature,0.029982363315696647,hidden_fake,B,2.6145614468616274,0.0,0.11764705882352941,33.35294117647059,17,567,17,0.0,0.0,B_10017_hidden_fake,10017
behavioral_quotient_k5,0.008818342151675485,hidden_fake,B,1.4252433971362028,0.0,0.2,113.4,5,567,17,0.0,0.0,B_10017_hidden_fake,10017
predictive_quotient_k5,0.008818342151675485,hidden_fake,B,1.422614505490261,0.0,0.4,113.4,5,567,17,0.0,0.0,B_10017_hidden_fake,10017
predictive_quotient_k8,0.014109347442680775,hidden_fake,B,1.8616269977016633,0.0,0.25,70.875,8,567,17,0.0,0.0,B_10017_hidden_fake,10017
identity,1.0,hidden_fake,B,6.340359303727763,0.0,0.0,1.0,567,567,1,1.0,0.0,B_10001_hidden_fake,10001
all_one,0.001763668430335097,hidden_fake,B,0.0,1.0,1.0,567.0,1,567,1,0.0,1.0,B_10001_hidden_fake,10001
random_k,0.02292768959435626,hidden_fake,B,2.5611073065996477,0.8461538461538461,0.9230769230769231,43.61538461538461,13,567,1,0.0,0.8461538461538461,B_10001_hidden_fake,10001
hash_k34_s1206,0.059964726631393295,hidden_fake,B,3.5234439856557835,0.6470588235294118,0.6764705882352942,16.676470588235293,34,567,1,0.0,0.5588235294117647,B_10001_hidden_fake,10001
trap_mixing_adversarial,0.007054673721340388,hidden_fake,B,1.335511223143067,0.5,0.75,141.75,4,567,1,0.0,0.5,B_10001_hidden_fake,10001
best_of_10_hashes_per_world,0.09700176366843033,hidden_fake,B,3.951956665991002,0.32727272727272727,0.36363636363636365,10.309090909090909,55,567,1,0.0,0.2909090909090909,B_10001_hidden_fake,10001
viability_signature,0.029982363315696647,hidden_fake,B,2.6284298207770473,0.0,0.11764705882352941,33.35294117647059,17,567,1,0.0,0.058823529411764705,B_10001_hidden_fake,10001
behavioral_quotient_k5,0.008818342151675485,hidden_fake,B,1.3801562804139245,0.2,0.4,113.4,5,567,1,0.0,0.0,B_10001_hidden_fake,10001
predictive_quotient_k5,0.008818342151675485,hidden_fake,B,1.3888785306046794,0.2,0.4,113.4,5,567,1,0.0,0.0,B_10001_hidden_fake,10001
predictive_quotient_k8,0.014109347442680775,hidden_fake,B,1.959405801603212,0.125,0.125,70.875,8,567,1,0.0,0.0,B_10001_hidden_fake,10001
identity,1.0,hidden_fake,B,6.340359303727763,0.0,0.0,1.0,567,567,5,1.0,0.0,B_10005_hidden_fake,10005
all_one,0.001763668430335097,hidden_fake,B,0.0,1.0,1.0,567.0,1,567,5,0.0,1.0,B_10005_hidden_fake,10005
random_k,0.02292768959435626,hidden_fake,B,2.5531866637403877,0.8461538461538461,1.0,43.61538461538461,13,567,5,0.0,0.8461538461538461,B_10005_hidden_fake,10005
hash_k34_s1206,0.059964726631393295,hidden_fake,B,3.5234439856557835,0.6176470588235294,0.6764705882352942,16.676470588235293,34,567,5,0.0,0.5588235294117647,B_10005_hidden_fake,10005
trap_mixing_adversarial,0.007054673721340388,hidden_fake,B,1.335511223143067,0.5,0.75,141.75,4,567,5,0.0,0.5,B_10005_hidden_fake,10005
best_of_10_hashes_per_world,0.09700176366843033,hidden_fake,B,3.958521173915365,0.32727272727272727,0.4,10.309090909090909,55,567,5,0.0,0.2909090909090909,B_10005_hidden_fake,10005
viability_signature,0.029982363315696647,hidden_fake,B,2.6257160533973116,0.0,0.17647058823529413,33.35294117647059,17,567,5,0.0,0.058823529411764705,B_10005_hidden_fake,10005
behavioral_quotient_k5,0.008818342151675485,hidden_fake,B,1.4165387881045177,0.2,0.4,113.4,5,567,5,0.0,0.0,B_10005_hidden_fake,10005
predictive_quotient_k5,0.008818342151675485,hidden_fake,B,1.3926367073852302,0.2,0.4,113.4,5,567,5,0.0,0.0,B_10005_hidden_fake,10005
predictive_quotient_k8,0.014109347442680775,hidden_fake,B,1.9377225173192474,0.125,0.25,70.875,8,567,5,0.0,0.0,B_10005_hidden_fake,10005
identity,1.0,hidden_fake,B,6.340359303727763,0.0,0.0,1.0,567,567,4,1.0,0.0,B_10004_hidden_fake,10004
all_one,0.001763668430335097,hidden_fake,B,0.0,1.0,1.0,567.0,1,567,4,0.0,1.0,B_10004_hidden_fake,10004
random_k,0.02292768959435626,hidden_fake,B,2.551281714309222,1.0,1.0,43.61538461538461,13,567,4,0.0,1.0,B_10004_hidden_fake,10004
hash_k34_s1206,0.059964726631393295,hidden_fake,B,3.5234439856557835,0.5588235294117647,0.6470588235294118,16.676470588235293,34,567,4,0.0,0.5588235294117647,B_10004_hidden_fake,10004
trap_mixing_adversarial,0.007054673721340388,hidden_fake,B,1.267838064388856,0.5,0.75,141.75,4,567,4,0.0,0.5,B_10004_hidden_fake,10004
best_of_10_hashes_per_world,0.09700176366843033,hidden_fake,B,3.9624754539655744,0.3090909090909091,0.36363636363636365,10.309090909090909,55,567,4,0.0,0.3090909090909091,B_10004_hidden_fake,10004
viability_signature,0.029982363315696647,hidden_fake,B,2.612101166433806,0.0,0.11764705882352941,33.35294117647059,17,567,4,0.0,0.0,B_10004_hidden_fake,10004
behavioral_quotient_k5,0.008818342151675485,hidden_fake,B,1.443527043453634,0.0,0.2,113.4,5,567,4,0.0,0.0,B_10004_hidden_fake,10004
predictive_quotient_k5,0.008818342151675485,hidden_fake,B,1.4197853397461393,0.0,0.2,113.4,5,567,4,0.0,0.0,B_10004_hidden_fake,10004
predictive_quotient_k8,0.014109347442680775,hidden_fake,B,1.9820191767104693,0.0,0.25,70.875,8,567,4,0.0,0.0,B_10004_hidden_fake,10004
identity,1.0,hidden_fake,B,6.340359303727763,0.0,0.0,1.0,567,567,11,1.0,0.0,B_10011_hidden_fake,10011
all_one,0.001763668430335097,hidden_fake,B,0.0,1.0,1.0,567.0,1,567,11,0.0,1.0,B_10011_hidden_fake,10011
random_k,0.02292768959435626,hidden_fake,B,2.5562618977385267,0.9230769230769231,0.8461538461538461,43.61538461538461,13,567,11,0.0,0.8461538461538461,B_10011_hidden_fake,10011
hash_k34_s1206,0.059964726631393295,hidden_fake,B,3.5234439856557835,0.6470588235294118,0.6764705882352942,16.676470588235293,34,567,11,0.0,0.5588235294117647,B_10011_hidden_fake,10011
trap_mixing_adversarial,0.007054673721340388,hidden_fake,B,1.335511223143067,0.5,0.75,141.75,4,567,11,0.0,0.5,B_10011_hidden_fake,10011
best_of_10_hashes_per_world,0.09700176366843033,hidden_fake,B,3.965023972147998,0.34545454545454546,0.34545454545454546,10.309090909090909,55,567,11,0.0,0.2727272727272727,B_10011_hidden_fake,10011
viability_signature,0.029982363315696647,hidden_fake,B,2.629938268760009,0.0,0.11764705882352941,33.35294117647059,17,567,11,0.0,0.058823529411764705,B_10011_hidden_fake,10011
behavioral_quotient_k5,0.008818342151675485,hidden_fake,B,1.4225694722154614,0.2,0.4,113.4,5,567,11,0.0,0.0,B_10011_hidden_fake,10011
predictive_quotient_k5,0.008818342151675485,hidden_fake,B,1.4352958355865413,0.2,0.6,113.4,5,567,11,0.0,0.2,B_10011_hidden_fake,10011
predictive_quotient_k8,0.014109347442680775,hidden_fake,B,1.9679724862299919,0.125,0.125,70.875,8,567,11,0.0,0.0,B_10011_hidden_fake,10011
identity,1.0,hidden_fake,B,6.340359303727763,0.0,0.0,1.0,567,567,3,1.0,0.0,B_10003_hidden_fake,10003
all_one,0.001763668430335097,hidden_fake,B,0.0,1.0,1.0,567.0,1,567,3,0.0,1.0,B_10003_hidden_fake,10003
random_k,0.02292768959435626,hidden_fake,B,2.5464028394435467,0.7692307692307693,0.7692307692307693,43.61538461538461,13,567,3,0.0,0.7692307692307693,B_10003_hidden_fake,10003
hash_k34_s1206,0.059964726631393295,hidden_fake,B,3.5234439856557835,0.5588235294117647,0.5882352941176471,16.676470588235293,34,567,3,0.0,0.5588235294117647,B_10003_hidden_fake,10003
trap_mixing_adversarial,0.007054673721340388,hidden_fake,B,1.3365627132772253,0.75,0.75,141.75,4,567,3,0.0,0.5,B_10003_hidden_fake,10003
best_of_10_hashes_per_world,0.09700176366843033,hidden_fake,B,3.9580579223144885,0.2909090909090909,0.34545454545454546,10.309090909090909,55,567,3,0.0,0.2727272727272727,B_10003_hidden_fake,10003
viability_signature,0.029982363315696647,hidden_fake,B,2.6182523895190064,0.0,0.11764705882352941,33.35294117647059,17,567,3,0.0,0.058823529411764705,B_10003_hidden_fake,10003
behavioral_quotient_k5,0.008818342151675485,hidden_fake,B,1.382120505584368,0.2,0.6,113.4,5,567,3,0.0,0.2,B_10003_hidden_fake,10003
predictive_quotient_k5,0.008818342151675485,hidden_fake,B,1.4067704626534265,0.2,0.2,113.4,5,567,3,0.0,0.2,B_10003_hidden_fake,10003
predictive_quotient_k8,0.014109347442680775,hidden_fake,B,1.9574429661848063,0.125,0.125,70.875,8,567,3,0.0,0.0,B_10003_hidden_fake,10003
identity,1.0,hidden_fake,B,6.340359303727763,0.0,0.0,1.0,567,567,9,1.0,0.0,B_10009_hidden_fake,10009
all_one,0.001763668430335097,hidden_fake,B,0.0,1.0,1.0,567.0,1,567,9,0.0,1.0,B_10009_hidden_fake,10009
random_k,0.02292768959435626,hidden_fake,B,2.555242506330737,0.9230769230769231,0.9230769230769231,43.61538461538461,13,567,9,0.0,0.8461538461538461,B_10009_hidden_fake,10009
hash_k34_s1206,0.059964726631393295,hidden_fake,B,3.5234439856557835,0.5588235294117647,0.6470588235294118,16.676470588235293,34,567,9,0.0,0.5588235294117647,B_10009_hidden_fake,10009
trap_mixing_adversarial,0.007054673721340388,hidden_fake,B,1.3334044134497034,0.75,0.75,141.75,4,567,9,0.0,0.5,B_10009_hidden_fake,10009
best_of_10_hashes_per_world,0.09700176366843033,hidden_fake,B,3.966491359796499,0.4,0.43636363636363634,10.309090909090909,55,567,9,0.0,0.36363636363636365,B_10009_hidden_fake,10009
viability_signature,0.029982363315696647,hidden_fake,B,2.6131118127865576,0.0,0.11764705882352941,33.35294117647059,17,567,9,0.0,0.058823529411764705,B_10009_hidden_fake,10009
behavioral_quotient_k5,0.008818342151675485,hidden_fake,B,1.3656884022944173,0.2,0.4,113.4,5,567,9,0.0,0.0,B_10009_hidden_fake,10009
predictive_quotient_k5,0.008818342151675485,hidden_fake,B,1.3983070602050158,0.2,0.4,113.4,5,567,9,0.0,0.0,B_10009_hidden_fake,10009
predictive_quotient_k8,0.014109347442680775,hidden_fake,B,1.9154865001122754,0.125,0.25,70.875,8,567,9,0.0,0.0,B_10009_hidden_fake,10009
identity,1.0,hidden_fake,B,6.340359303727763,0.0,0.0,1.0,567,567,14,1.0,0.0,B_10014_hidden_fake,10014
all_one,0.001763668430335097,hidden_fake,B,0.0,1.0,1.0,567.0,1,567,14,0.0,1.0,B_10014_hidden_fake,10014
random_k,0.02292768959435626,hidden_fake,B,2.5569106699848425,0.8461538461538461,0.8461538461538461,43.61538461538461,13,567,14,0.0,0.8461538461538461,B_10014_hidden_fake,10014
hash_k34_s1206,0.059964726631393295,hidden_fake,B,3.5234439856557835,0.5588235294117647,0.6470588235294118,16.676470588235293,34,567,14,0.0,0.5588235294117647,B_10014_hidden_fake,10014
trap_mixing_adversarial,0.007054673721340388,hidden_fake,B,1.267838064388856,0.5,0.75,141.75,4,567,14,0.0,0.5,B_10014_hidden_fake,10014
best_of_10_hashes_per_world,0.09700176366843033,hidden_fake,B,3.9532088767120954,0.32727272727272727,0.38181818181818183,10.309090909090909,55,567,14,0.0,0.32727272727272727,B_10014_hidden_fake,10014
viability_signature,0.029982363315696647,hidden_fake,B,2.612348454028524,0.0,0.11764705882352941,33.35294117647059,17,567,14,0.0,0.0,B_10014_hidden_fake,10014
behavioral_quotient_k5,0.008818342151675485,hidden_fake,B,1.4217454776184235,0.0,0.2,113.4,5,567,14,0.0,0.0,B_10014_hidden_fake,10014
predictive_quotient_k5,0.008818342151675485,hidden_fake,B,1.4393079128278066,0.0,0.2,113.4,5,567,14,0.0,0.0,B_10014_hidden_fake,10014
predictive_quotient_k8,0.014109347442680775,hidden_fake,B,1.9778785626742783,0.0,0.125,70.875,8,567,14,0.0,0.0,B_10014_hidden_fake,10014
identity,1.0,hidden_fake,B,6.340359303727763,0.0,0.0,1.0,567,567,2,1.0,0.0,B_10002_hidden_fake,10002
all_one,0.001763668430335097,hidden_fake,B,0.0,1.0,1.0,567.0,1,567,2,0.0,1.0,B_10002_hidden_fake,10002
random_k,0.02292768959435626,hidden_fake,B,2.5538355411841405,0.9230769230769231,0.9230769230769231,43.61538461538461,13,567,2,0.0,0.8461538461538461,B_10002_hidden_fake,10002
hash_k34_s1206,0.059964726631393295,hidden_fake,B,3.5234439856557835,0.6176470588235294,0.6176470588235294,16.676470588235293,34,567,2,0.0,0.5588235294117647,B_10002_hidden_fake,10002
trap_mixing_adversarial,0.007054673721340388,hidden_fake,B,1.2721555842343353,0.75,0.75,141.75,4,567,2,0.0,0.5,B_10002_hidden_fake,10002
best_of_10_hashes_per_world,0.09700176366843033,hidden_fake,B,3.9504261728713765,0.34545454545454546,0.38181818181818183,10.309090909090909,55,567,2,0.0,0.2909090909090909,B_10002_hidden_fake,10002
viability_signature,0.029982363315696647,hidden_fake,B,2.623734219493363,0.0,0.11764705882352941,33.35294117647059,17,567,2,0.0,0.058823529411764705,B_10002_hidden_fake,10002
behavioral_quotient_k5,0.008818342151675485,hidden_fake,B,1.4096723346690736,0.2,0.2,113.4,5,567,2,0.0,0.2,B_10002_hidden_fake,10002
predictive_quotient_k5,0.008818342151675485,hidden_fake,B,1.4114856505836182,0.2,0.2,113.4,5,567,2,0.0,0.0,B_10002_hidden_fake,10002
predictive_quotient_k8,0.014109347442680775,hidden_fake,B,1.9080109013876188,0.125,0.125,70.875,8,567,2,0.0,0.0,B_10002_hidden_fake,10002
identity,1.0,hidden_fake,B,6.340359303727763,0.0,0.0,1.0,567,567,8,1.0,0.0,B_10008_hidden_fake,10008
all_one,0.001763668430335097,hidden_fake,B,0.0,1.0,1.0,567.0,1,567,8,0.0,1.0,B_10008_hidden_fake,10008
random_k,0.02292768959435626,hidden_fake,B,2.5604316548079384,0.9230769230769231,0.9230769230769231,43.61538461538461,13,567,8,0.0,0.8461538461538461,B_10008_hidden_fake,10008
hash_k34_s1206,0.059964726631393295,hidden_fake,B,3.5234439856557835,0.6176470588235294,0.6764705882352942,16.676470588235293,34,567,8,0.0,0.5588235294117647,B_10008_hidden_fake,10008
trap_mixing_adversarial,0.007054673721340388,hidden_fake,B,1.2831790367897034,0.75,0.75,141.75,4,567,8,0.0,0.5,B_10008_hidden_fake,10008
best_of_10_hashes_per_world,0.059964726631393295,hidden_fake,B,3.4896060134499867,0.5588235294117647,0.6176470588235294,16.676470588235293,34,567,8,0.0,0.5294117647058824,B_10008_hidden_fake,10008
viability_signature,0.029982363315696647,hidden_fake,B,2.614807249319521,0.0,0.11764705882352941,33.35294117647059,17,567,8,0.0,0.058823529411764705,B_10008_hidden_fake,10008
behavioral_quotient_k5,0.008818342151675485,hidden_fake,B,1.4210179004760568,0.2,0.4,113.4,5,567,8,0.0,0.2,B_10008_hidden_fake,10008
predictive_quotient_k5,0.008818342151675485,hidden_fake,B,1.4329985054299648,0.2,0.2,113.4,5,567,8,0.0,0.2,B_10008_hidden_fake,10008
predictive_quotient_k8,0.014109347442680775,hidden_fake,B,1.9860314410479307,0.125,0.25,70.875,8,567,8,0.0,0.0,B_10008_hidden_fake,10008
identity,1.0,hidden_fake,B,6.340359303727763,0.0,0.0,1.0,567,567,13,1.0,0.0,B_10013_hidden_fake,10013
all_one,0.001763668430335097,hidden_fake,B,0.0,1.0,1.0,567.0,1,567,13,0.0,1.0,B_10013_hidden_fake,10013
random_k,0.02292768959435626,hidden_fake,B,2.5542935966497398,0.8461538461538461,0.8461538461538461,43.61538461538461,13,567,13,0.0,0.7692307692307693,B_10013_hidden_fake,10013
hash_k34_s1206,0.059964726631393295,hidden_fake,B,3.5234439856557835,0.5588235294117647,0.5882352941176471,16.676470588235293,34,567,13,0.0,0.5588235294117647,B_10013_hidden_fake,10013
trap_mixing_adversarial,0.007054673721340388,hidden_fake,B,1.3365627132772253,0.75,0.75,141.75,4,567,13,0.0,0.5,B_10013_hidden_fake,10013
best_of_10_hashes_per_world,0.09700176366843033,hidden_fake,B,3.965398539106926,0.32727272727272727,0.38181818181818183,10.309090909090909,55,567,13,0.0,0.2909090909090909,B_10013_hidden_fake,10013
viability_signature,0.029982363315696647,hidden_fake,B,2.622408108332132,0.0,0.11764705882352941,33.35294117647059,17,567,13,0.0,0.058823529411764705,B_10013_hidden_fake,10013
behavioral_quotient_k5,0.008818342151675485,hidden_fake,B,1.4023760061371127,0.2,0.6,113.4,5,567,13,0.0,0.2,B_10013_hidden_fake,10013
predictive_quotient_k5,0.008818342151675485,hidden_fake,B,1.4195631470454149,0.0,0.6,113.4,5,567,13,0.0,0.2,B_10013_hidden_fake,10013
predictive_quotient_k8,0.014109347442680775,hidden_fake,B,1.9595098135534088,0.125,0.25,70.875,8,567,13,0.0,0.0,B_10013_hidden_fake,10013
identity,1.0,hidden_fake,B,6.340359303727763,0.0,0.0,1.0,567,567,16,1.0,0.0,B_10016_hidden_fake,10016
all_one,0.001763668430335097,hidden_fake,B,0.0,1.0,1.0,567.0,1,567,16,0.0,1.0,B_10016_hidden_fake,10016
random_k,0.02292768959435626,hidden_fake,B,2.557269442243308,0.7692307692307693,0.8461538461538461,43.61538461538461,13,567,16,0.0,0.7692307692307693,B_10016_hidden_fake,10016
hash_k34_s1206,0.059964726631393295,hidden_fake,B,3.5234439856557835,0.5588235294117647,0.6176470588235294,16.676470588235293,34,567,16,0.0,0.5588235294117647,B_10016_hidden_fake,10016
trap_mixing_adversarial,0.007054673721340388,hidden_fake,B,1.303851011936528,0.5,0.75,141.75,4,567,16,0.0,0.5,B_10016_hidden_fake,10016
best_of_10_hashes_per_world,0.09700176366843033,hidden_fake,B,3.965588761346856,0.32727272727272727,0.41818181818181815,10.309090909090909,55,567,16,0.0,0.32727272727272727,B_10016_hidden_fake,10016
viability_signature,0.029982363315696647,hidden_fake,B,2.6091654597581604,0.0,0.11764705882352941,33.35294117647059,17,567,16,0.0,0.0,B_10016_hidden_fake,10016
behavioral_quotient_k5,0.008818342151675485,hidden_fake,B,1.3582892144154153,0.0,0.2,113.4,5,567,16,0.0,0.0,B_10016_hidden_fake,10016
predictive_quotient_k5,0.008818342151675485,hidden_fake,B,1.3873159495695861,0.0,0.4,113.4,5,567,16,0.0,0.0,B_10016_hidden_fake,10016
predictive_quotient_k8,0.014109347442680775,hidden_fake,B,1.9257803806335456,0.0,0.25,70.875,8,567,16,0.0,0.0,B_10016_hidden_fake,10016
identity,1.0,hidden_fake,B,6.340359303727763,0.0,0.0,1.0,567,567,6,1.0,0.0,B_10006_hidden_fake,10006
all_one,0.001763668430335097,hidden_fake,B,0.0,1.0,1.0,567.0,1,567,6,0.0,1.0,B_10006_hidden_fake,10006
random_k,0.02292768959435626,hidden_fake,B,2.5585676042038186,0.9230769230769231,0.9230769230769231,43.61538461538461,13,567,6,0.0,0.9230769230769231,B_10006_hidden_fake,10006
hash_k34_s1206,0.059964726631393295,hidden_fake,B,3.5234439856557835,0.5588235294117647,0.6176470588235294,16.676470588235293,34,567,6,0.0,0.5588235294117647,B_10006_hidden_fake,10006
trap_mixing_adversarial,0.007054673721340388,hidden_fake,B,1.303851011936528,0.5,0.75,141.75,4,567,6,0.0,0.5,B_10006_hidden_fake,10006
best_of_10_hashes_per_world,0.09700176366843033,hidden_fake,B,3.9641592515984736,0.2909090909090909,0.38181818181818183,10.309090909090909,55,567,6,0.0,0.2909090909090909,B_10006_hidden_fake,10006
viability_signature,0.029982363315696647,hidden_fake,B,2.6151547715969663,0.0,0.11764705882352941,33.35294117647059,17,567,6,0.0,0.0,B_10006_hidden_fake,10006
behavioral_quotient_k5,0.008818342151675485,hidden_fake,B,1.4551501918469607,0.0,0.4,113.4,5,567,6,0.0,0.0,B_10006_hidden_fake,10006
predictive_quotient_k5,0.008818342151675485,hidden_fake,B,1.4338655264585567,0.0,0.4,113.4,5,567,6,0.0,0.0,B_10006_hidden_fake,10006
predictive_quotient_k8,0.014109347442680775,hidden_fake,B,1.954201845376911,0.0,0.125,70.875,8,567,6,0.0,0.0,B_10006_hidden_fake,10006
identity,1.0,hidden_fake,B,6.340359303727763,0.0,0.0,1.0,567,567,12,1.0,0.0,B_10012_hidden_fake,10012
all_one,0.001763668430335097,hidden_fake,B,0.0,1.0,1.0,567.0,1,567,12,0.0,1.0,B_10012_hidden_fake,10012
random_k,0.02292768959435626,hidden_fake,B,2.5518586662987115,0.9230769230769231,0.9230769230769231,43.61538461538461,13,567,12,0.0,0.9230769230769231,B_10012_hidden_fake,10012
hash_k34_s1206,0.059964726631393295,hidden_fake,B,3.5234439856557835,0.6176470588235294,0.6176470588235294,16.676470588235293,34,567,12,0.0,0.5588235294117647,B_10012_hidden_fake,10012
trap_mixing_adversarial,0.007054673721340388,hidden_fake,B,1.2721555842343353,0.75,0.75,141.75,4,567,12,0.0,0.5,B_10012_hidden_fake,10012
best_of_10_hashes_per_world,0.09700176366843033,hidden_fake,B,3.9586657440144917,0.34545454545454546,0.4,10.309090909090909,55,567,12,0.0,0.32727272727272727,B_10012_hidden_fake,10012
viability_signature,0.029982363315696647,hidden_fake,B,2.6242345778719995,0.0,0.11764705882352941,33.35294117647059,17,567,12,0.0,0.058823529411764705,B_10012_hidden_fake,10012
behavioral_quotient_k5,0.008818342151675485,hidden_fake,B,1.4365117866552373,0.4,0.4,113.4,5,567,12,0.0,0.2,B_10012_hidden_fake,10012
predictive_quotient_k5,0.008818342151675485,hidden_fake,B,1.4037518449783726,0.2,0.4,113.4,5,567,12,0.0,0.2,B_10012_hidden_fake,10012
predictive_quotient_k8,0.014109347442680775,hidden_fake,B,1.9079582706454008,0.125,0.375,70.875,8,567,12,0.0,0.125,B_10012_hidden_fake,10012
identity,1.0,hidden_fake,B,6.340359303727763,0.0,0.0,1.0,567,567,15,1.0,0.0,B_10015_hidden_fake,10015
all_one,0.001763668430335097,hidden_fake,B,0.0,1.0,1.0,567.0,1,567,15,0.0,1.0,B_10015_hidden_fake,10015
random_k,0.02292768959435626,hidden_fake,B,2.5554120760626597,0.8461538461538461,0.9230769230769231,43.61538461538461,13,567,15,0.0,0.8461538461538461,B_10015_hidden_fake,10015
hash_k34_s1206,0.059964726631393295,hidden_fake,B,3.5234439856557835,0.6176470588235294,0.6764705882352942,16.676470588235293,34,567,15,0.0,0.5588235294117647,B_10015_hidden_fake,10015
trap_mixing_adversarial,0.007054673721340388,hidden_fake,B,1.335511223143067,0.5,0.75,141.75,4,567,15,0.0,0.5,B_10015_hidden_fake,10015
best_of_10_hashes_per_world,0.059964726631393295,hidden_fake,B,3.5036882216488787,0.5588235294117647,0.5882352941176471,16.676470588235293,34,567,15,0.0,0.5,B_10015_hidden_fake,10015
viability_signature,0.029982363315696647,hidden_fake,B,2.619487974206653,0.0,0.17647058823529413,33.35294117647059,17,567,15,0.0,0.058823529411764705,B_10015_hidden_fake,10015
behavioral_quotient_k5,0.008818342151675485,hidden_fake,B,1.4072226483764143,0.2,0.6,113.4,5,567,15,0.0,0.2,B_10015_hidden_fake,10015
predictive_quotient_k5,0.008818342151675485,hidden_fake,B,1.3835616903088814,0.2,0.4,113.4,5,567,15,0.0,0.0,B_10015_hidden_fake,10015
predictive_quotient_k8,0.014109347442680775,hidden_fake,B,1.9225406744963853,0.125,0.125,70.875,8,567,15,0.0,0.0,B_10015_hidden_fake,10015
identity,1.0,hidden_fake,B,6.340359303727763,0.0,0.0,1.0,567,567,20,1.0,0.0,B_10020_hidden_fake,10020
all_one,0.001763668430335097,hidden_fake,B,0.0,1.0,1.0,567.0,1,567,20,0.0,1.0,B_10020_hidden_fake,10020
random_k,0.02292768959435626,hidden_fake,B,2.5527083668720296,0.9230769230769231,0.9230769230769231,43.61538461538461,13,567,20,0.0,0.9230769230769231,B_10020_hidden_fake,10020
hash_k34_s1206,0.059964726631393295,hidden_fake,B,3.5234439856557835,0.5588235294117647,0.6176470588235294,16.676470588235293,34,567,20,0.0,0.5588235294117647,B_10020_hidden_fake,10020
trap_mixing_adversarial,0.007054673721340388,hidden_fake,B,1.2852487856269774,0.5,0.75,141.75,4,567,20,0.0,0.5,B_10020_hidden_fake,10020
best_of_10_hashes_per_world,0.09700176366843033,hidden_fake,B,3.96900507630252,0.34545454545454546,0.38181818181818183,10.309090909090909,55,567,20,0.0,0.34545454545454546,B_10020_hidden_fake,10020
viability_signature,0.029982363315696647,hidden_fake,B,2.610802644251335,0.0,0.11764705882352941,33.35294117647059,17,567,20,0.0,0.0,B_10020_hidden_fake,10020
behavioral_quotient_k5,0.008818342151675485,hidden_fake,B,1.3935367890211419,0.0,0.4,113.4,5,567,20,0.0,0.0,B_10020_hidden_fake,10020
predictive_quotient_k5,0.008818342151675485,hidden_fake,B,1.3970050152853317,0.0,0.2,113.4,5,567,20,0.0,0.0,B_10020_hidden_fake,10020
predictive_quotient_k8,0.014109347442680775,hidden_fake,B,1.9478763886603687,0.0,0.125,70.875,8,567,20,0.0,0.0,B_10020_hidden_fake,10020
identity,1.0,hidden_fake,B,6.340359303727763,0.0,0.0,1.0,567,567,19,1.0,0.0,B_10019_hidden_fake,10019
all_one,0.001763668430335097,hidden_fake,B,0.0,1.0,1.0,567.0,1,567,19,0.0,1.0,B_10019_hidden_fake,10019
random_k,0.02292768959435626,hidden_fake,B,2.5507028032737673,0.9230769230769231,0.9230769230769231,43.61538461538461,13,567,19,0.0,0.9230769230769231,B_10019_hidden_fake,10019
hash_k34_s1206,0.059964726631393295,hidden_fake,B,3.5234439856557835,0.5588235294117647,0.6470588235294118,16.676470588235293,34,567,19,0.0,0.5588235294117647,B_10019_hidden_fake,10019
trap_mixing_adversarial,0.007054673721340388,hidden_fake,B,1.3334044134497034,0.75,0.75,141.75,4,567,19,0.0,0.5,B_10019_hidden_fake,10019
best_of_10_hashes_per_world,0.09700176366843033,hidden_fake,B,3.937046223306205,0.34545454545454546,0.4,10.309090909090909,55,567,19,0.0,0.3090909090909091,B_10019_hidden_fake,10019
viability_signature,0.029982363315696647,hidden_fake,B,2.6154454129984375,0.0,0.11764705882352941,33.35294117647059,17,567,19,0.0,0.058823529411764705,B_10019_hidden_fake,10019
behavioral_quotient_k5,0.008818342151675485,hidden_fake,B,1.363044505658793,0.2,0.4,113.4,5,567,19,0.0,0.0,B_10019_hidden_fake,10019
predictive_quotient_k5,0.008818342151675485,hidden_fake,B,1.3886307142149135,0.4,0.4,113.4,5,567,19,0.0,0.0,B_10019_hidden_fake,10019
predictive_quotient_k8,0.014109347442680775,hidden_fake,B,1.9129267964838168,0.125,0.25,70.875,8,567,19,0.0,0.0,B_10019_hidden_fake,10019
identity,1.0,hidden_fake,B,6.340359303727763,0.0,0.0,1.0,567,567,18,1.0,0.0,B_10018_hidden_fake,10018
all_one,0.001763668430335097,hidden_fake,B,0.0,1.0,1.0,567.0,1,567,18,0.0,1.0,B_10018_hidden_fake,10018
random_k,0.02292768959435626,hidden_fake,B,2.551196680571161,0.8461538461538461,0.9230769230769231,43.61538461538461,13,567,18,0.0,0.8461538461538461,B_10018_hidden_fake,10018
hash_k34_s1206,0.059964726631393295,hidden_fake,B,3.5234439856557835,0.6176470588235294,0.6764705882352942,16.676470588235293,34,567,18,0.0,0.5588235294117647,B_10018_hidden_fake,10018
trap_mixing_adversarial,0.007054673721340388,hidden_fake,B,1.2831790367897034,0.75,0.75,141.75,4,567,18,0.0,0.5,B_10018_hidden_fake,10018
best_of_10_hashes_per_world,0.09700176366843033,hidden_fake,B,3.973370471423752,0.36363636363636365,0.4,10.309090909090909,55,567,18,0.0,0.3090909090909091,B_10018_hidden_fake,10018
viability_signature,0.029982363315696647,hidden_fake,B,2.6188798479704842,0.0,0.11764705882352941,33.35294117647059,17,567,18,0.0,0.058823529411764705,B_10018_hidden_fake,10018
behavioral_quotient_k5,0.008818342151675485,hidden_fake,B,1.41529377427673,0.4,0.4,113.4,5,567,18,0.0,0.0,B_10018_hidden_fake,10018
predictive_quotient_k5,0.008818342151675485,hidden_fake,B,1.425759878955145,0.2,0.2,113.4,5,567,18,0.0,0.0,B_10018_hidden_fake,10018
predictive_quotient_k8,0.014109347442680775,hidden_fake,B,1.9506466120906305,0.125,0.25,70.875,8,567,18,0.0,0.0,B_10018_hidden_fake,10018
identity,1.0,hidden_fake,B,6.340359303727763,0.0,0.0,1.0,567,567,27,1.0,0.0,B_10027_hidden_fake,10027
all_one,0.001763668430335097,hidden_fake,B,0.0,1.0,1.0,567.0,1,567,27,0.0,1.0,B_10027_hidden_fake,10027
random_k,0.02292768959435626,hidden_fake,B,2.548682364572008,0.9230769230769231,1.0,43.61538461538461,13,567,27,0.0,0.9230769230769231,B_10027_hidden_fake,10027
hash_k34_s1206,0.059964726631393295,hidden_fake,B,3.5234439856557835,0.5588235294117647,0.6176470588235294,16.676470588235293,34,567,27,0.0,0.5588235294117647,B_10027_hidden_fake,10027
trap_mixing_adversarial,0.007054673721340388,hidden_fake,B,1.3360481610380393,0.5,0.75,141.75,4,567,27,0.0,0.5,B_10027_hidden_fake,10027
best_of_10_hashes_per_world,0.09700176366843033,hidden_fake,B,3.966685091840039,0.32727272727272727,0.38181818181818183,10.309090909090909,55,567,27,0.0,0.32727272727272727,B_10027_hidden_fake,10027
viability_signature,0.029982363315696647,hidden_fake,B,2.6171282955032957,0.0,0.11764705882352941,33.35294117647059,17,567,27,0.0,0.0,B_10027_hidden_fake,10027
behavioral_quotient_k5,0.008818342151675485,hidden_fake,B,1.388932064364675,0.0,0.4,113.4,5,567,27,0.0,0.0,B_10027_hidden_fake,10027
predictive_quotient_k5,0.008818342151675485,hidden_fake,B,1.4075889803090023,0.0,0.2,113.4,5,567,27,0.0,0.0,B_10027_hidden_fake,10027
predictive_quotient_k8,0.014109347442680775,hidden_fake,B,1.8778432246764922,0.0,0.25,70.875,8,567,27,0.0,0.0,B_10027_hidden_fake,10027
identity,1.0,hidden_fake,B,6.340359303727763,0.0,0.0,1.0,567,567,24,1.0,0.0,B_10024_hidden_fake,10024
all_one,0.001763668430335097,hidden_fake,B,0.0,1.0,1.0,567.0,1,567,24,0.0,1.0,B_10024_hidden_fake,10024
random_k,0.02292768959435626,hidden_fake,B,2.545159634424117,0.6153846153846154,0.6923076923076923,43.61538461538461,13,567,24,0.0,0.6153846153846154,B_10024_hidden_fake,10024
hash_k34_s1206,0.059964726631393295,hidden_fake,B,3.5234439856557835,0.5588235294117647,0.6470588235294118,16.676470588235293,34,567,24,0.0,0.5588235294117647,B_10024_hidden_fake,10024
trap_mixing_adversarial,0.007054673721340388,hidden_fake,B,1.267838064388856,0.5,0.75,141.75,4,567,24,0.0,0.5,B_10024_hidden_fake,10024
best_of_10_hashes_per_world,0.09700176366843033,hidden_fake,B,3.950369400537836,0.34545454545454546,0.38181818181818183,10.309090909090909,55,567,24,0.0,0.34545454545454546,B_10024_hidden_fake,10024
viability_signature,0.029982363315696647,hidden_fake,B,2.6142033373285334,0.0,0.11764705882352941,33.35294117647059,17,567,24,0.0,0.0,B_10024_hidden_fake,10024
behavioral_quotient_k5,0.008818342151675485,hidden_fake,B,1.4328144835401826,0.0,0.2,113.4,5,567,24,0.0,0.0,B_10024_hidden_fake,10024
predictive_quotient_k5,0.008818342151675485,hidden_fake,B,1.4344409977642758,0.0,0.2,113.4,5,567,24,0.0,0.0,B_10024_hidden_fake,10024
predictive_quotient_k8,0.014109347442680775,hidden_fake,B,1.954389179257167,0.0,0.125,70.875,8,567,24,0.0,0.0,B_10024_hidden_fake,10024
identity,1.0,hidden_fake,B,6.340359303727763,0.0,0.0,1.0,567,567,30,1.0,0.0,B_10030_hidden_fake,10030
all_one,0.001763668430335097,hidden_fake,B,0.0,1.0,1.0,567.0,1,567,30,0.0,1.0,B_10030_hidden_fake,10030
random_k,0.02292768959435626,hidden_fake,B,2.5569130304214647,0.9230769230769231,0.9230769230769231,43.61538461538461,13,567,30,0.0,0.9230769230769231,B_10030_hidden_fake,10030
hash_k34_s1206,0.059964726631393295,hidden_fake,B,3.5234439856557835,0.5588235294117647,0.6176470588235294,16.676470588235293,34,567,30,0.0,0.5588235294117647,B_10030_hidden_fake,10030
trap_mixing_adversarial,0.007054673721340388,hidden_fake,B,1.2852487856269774,0.5,0.75,141.75,4,567,30,0.0,0.5,B_10030_hidden_fake,10030
best_of_10_hashes_per_world,0.09700176366843033,hidden_fake,B,3.943768474652278,0.32727272727272727,0.38181818181818183,10.309090909090909,55,567,30,0.0,0.32727272727272727,B_10030_hidden_fake,10030
viability_signature,0.029982363315696647,hidden_fake,B,2.607243445457443,0.0,0.11764705882352941,33.35294117647059,17,567,30,0.0,0.0,B_10030_hidden_fake,10030
behavioral_quotient_k5,0.008818342151675485,hidden_fake,B,1.4197392173078216,0.0,0.2,113.4,5,567,30,0.0,0.0,B_10030_hidden_fake,10030
predictive_quotient_k5,0.008818342151675485,hidden_fake,B,1.3895128662880194,0.0,0.2,113.4,5,567,30,0.0,0.0,B_10030_hidden_fake,10030
predictive_quotient_k8,0.014109347442680775,hidden_fake,B,1.9474235368059936,0.0,0.125,70.875,8,567,30,0.0,0.0,B_10030_hidden_fake,10030
identity,1.0,hidden_fake,B,6.340359303727763,0.0,0.0,1.0,567,567,21,1.0,0.0,B_10021_hidden_fake,10021
all_one,0.001763668430335097,hidden_fake,B,0.0,1.0,1.0,567.0,1,567,21,0.0,1.0,B_10021_hidden_fake,10021
random_k,0.02292768959435626,hidden_fake,B,2.544237516630572,0.9230769230769231,0.9230769230769231,43.61538461538461,13,567,21,0.0,0.9230769230769231,B_10021_hidden_fake,10021
hash_k34_s1206,0.059964726631393295,hidden_fake,B,3.5234439856557835,0.6470588235294118,0.6764705882352942,16.676470588235293,34,567,21,0.0,0.5588235294117647,B_10021_hidden_fake,10021
trap_mixing_adversarial,0.007054673721340388,hidden_fake,B,1.335511223143067,0.5,0.75,141.75,4,567,21,0.0,0.5,B_10021_hidden_fake,10021
best_of_10_hashes_per_world,0.09700176366843033,hidden_fake,B,3.9502377518694733,0.32727272727272727,0.38181818181818183,10.309090909090909,55,567,21,0.0,0.3090909090909091,B_10021_hidden_fake,10021
viability_signature,0.029982363315696647,hidden_fake,B,2.624322378573316,0.0,0.11764705882352941,33.35294117647059,17,567,21,0.0,0.058823529411764705,B_10021_hidden_fake,10021
behavioral_quotient_k5,0.008818342151675485,hidden_fake,B,1.403372683804822,0.2,0.6,113.4,5,567,21,0.0,0.2,B_10021_hidden_fake,10021
predictive_quotient_k5,0.008818342151675485,hidden_fake,B,1.3884330545562626,0.2,0.2,113.4,5,567,21,0.0,0.2,B_10021_hidden_fake,10021
predictive_quotient_k8,0.014109347442680775,hidden_fake,B,1.9258276026667198,0.125,0.125,70.875,8,567,21,0.0,0.125,B_10021_hidden_fake,10021
identity,1.0,hidden_fake,B,6.340359303727763,0.0,0.0,1.0,567,567,25,1.0,0.0,B_10025_hidden_fake,10025
all_one,0.001763668430335097,hidden_fake,B,0.0,1.0,1.0,567.0,1,567,25,0.0,1.0,B_10025_hidden_fake,10025
random_k,0.02292768959435626,hidden_fake,B,2.556735471584435,0.8461538461538461,0.9230769230769231,43.61538461538461,13,567,25,0.0,0.8461538461538461,B_10025_hidden_fake,10025
hash_k34_s1206,0.059964726631393295,hidden_fake,B,3.5234439856557835,0.6176470588235294,0.6764705882352942,16.676470588235293,34,567,25,0.0,0.5588235294117647,B_10025_hidden_fake,10025
trap_mixing_adversarial,0.007054673721340388,hidden_fake,B,1.335511223143067,0.5,0.75,141.75,4,567,25,0.0,0.5,B_10025_hidden_fake,10025
best_of_10_hashes_per_world,0.09700176366843033,hidden_fake,B,3.957539564746786,0.34545454545454546,0.38181818181818183,10.309090909090909,55,567,25,0.0,0.32727272727272727,B_10025_hidden_fake,10025
viability_signature,0.029982363315696647,hidden_fake,B,2.6210021663618948,0.0,0.17647058823529413,33.35294117647059,17,567,25,0.0,0.058823529411764705,B_10025_hidden_fake,10025
behavioral_quotient_k5,0.008818342151675485,hidden_fake,B,1.4307916865961408,0.2,0.4,113.4,5,567,25,0.0,0.2,B_10025_hidden_fake,10025
predictive_quotient_k5,0.008818342151675485,hidden_fake,B,1.3964247199209086,0.2,0.4,113.4,5,567,25,0.0,0.0,B_10025_hidden_fake,10025
predictive_quotient_k8,0.014109347442680775,hidden_fake,B,1.939325842727771,0.125,0.125,70.875,8,567,25,0.0,0.0,B_10025_hidden_fake,10025
identity,1.0,hidden_fake,B,6.340359303727763,0.0,0.0,1.0,567,567,23,1.0,0.0,B_10023_hidden_fake,10023
all_one,0.001763668430335097,hidden_fake,B,0.0,1.0,1.0,567.0,1,567,23,0.0,1.0,B_10023_hidden_fake,10023
random_k,0.02292768959435626,hidden_fake,B,2.5531451538792,0.8461538461538461,0.8461538461538461,43.61538461538461,13,567,23,0.0,0.8461538461538461,B_10023_hidden_fake,10023
hash_k34_s1206,0.059964726631393295,hidden_fake,B,3.5234439856557835,0.5588235294117647,0.5882352941176471,16.676470588235293,34,567,23,0.0,0.5588235294117647,B_10023_hidden_fake,10023
trap_mixing_adversarial,0.007054673721340388,hidden_fake,B,1.3365627132772253,0.75,0.75,141.75,4,567,23,0.0,0.5,B_10023_hidden_fake,10023
best_of_10_hashes_per_world,0.09700176366843033,hidden_fake,B,3.959026169605582,0.2727272727272727,0.32727272727272727,10.309090909090909,55,567,23,0.0,0.2727272727272727,B_10023_hidden_fake,10023
viability_signature,0.029982363315696647,hidden_fake,B,2.6208385136923993,0.0,0.11764705882352941,33.35294117647059,17,567,23,0.0,0.058823529411764705,B_10023_hidden_fake,10023
behavioral_quotient_k5,0.008818342151675485,hidden_fake,B,1.3816836826937413,0.2,0.2,113.4,5,567,23,0.0,0.0,B_10023_hidden_fake,10023
predictive_quotient_k5,0.008818342151675485,hidden_fake,B,1.4043465795842502,0.2,0.2,113.4,5,567,23,0.0,0.0,B_10023_hidden_fake,10023
predictive_quotient_k8,0.014109347442680775,hidden_fake,B,1.8644497718817992,0.125,0.25,70.875,8,567,23,0.0,0.0,B_10023_hidden_fake,10023
identity,1.0,hidden_fake,B,6.340359303727763,0.0,0.0,1.0,567,567,29,1.0,0.0,B_10029_hidden_fake,10029
all_one,0.001763668430335097,hidden_fake,B,0.0,1.0,1.0,567.0,1,567,29,0.0,1.0,B_10029_hidden_fake,10029
random_k,0.02292768959435626,hidden_fake,B,2.552324347419934,0.9230769230769231,1.0,43.61538461538461,13,567,29,0.0,0.9230769230769231,B_10029_hidden_fake,10029
hash_k34_s1206,0.059964726631393295,hidden_fake,B,3.5234439856557835,0.5588235294117647,0.6470588235294118,16.676470588235293,34,567,29,0.0,0.5588235294117647,B_10029_hidden_fake,10029
trap_mixing_adversarial,0.007054673721340388,hidden_fake,B,1.3334044134497034,0.75,0.75,141.75,4,567,29,0.0,0.5,B_10029_hidden_fake,10029
best_of_10_hashes_per_world,0.09700176366843033,hidden_fake,B,3.954563513789772,0.2727272727272727,0.32727272727272727,10.309090909090909,55,567,29,0.0,0.2545454545454545,B_10029_hidden_fake,10029
viability_signature,0.029982363315696647,hidden_fake,B,2.614766950965687,0.0,0.11764705882352941,33.35294117647059,17,567,29,0.0,0.058823529411764705,B_10029_hidden_fake,10029
behavioral_quotient_k5,0.008818342151675485,hidden_fake,B,1.397375829039482,0.2,0.4,113.4,5,567,29,0.0,0.0,B_10029_hidden_fake,10029
predictive_quotient_k5,0.008818342151675485,hidden_fake,B,1.407940845320638,0.2,0.4,113.4,5,567,29,0.0,0.0,B_10029_hidden_fake,10029
predictive_quotient_k8,0.014109347442680775,hidden_fake,B,1.900466318325448,0.125,0.125,70.875,8,567,29,0.0,0.0,B_10029_hidden_fake,10029
identity,1.0,hidden_fake,B,6.340359303727763,0.0,0.0,1.0,567,567,22,1.0,0.0,B_10022_hidden_fake,10022
all_one,0.001763668430335097,hidden_fake,B,0.0,1.0,1.0,567.0,1,567,22,0.0,1.0,B_10022_hidden_fake,10022
random_k,0.02292768959435626,hidden_fake,B,2.5558780749887444,0.7692307692307693,0.7692307692307693,43.61538461538461,13,567,22,0.0,0.6923076923076923,B_10022_hidden_fake,10022
hash_k34_s1206,0.059964726631393295,hidden_fake,B,3.5234439856557835,0.6176470588235294,0.6176470588235294,16.676470588235293,34,567,22,0.0,0.5588235294117647,B_10022_hidden_fake,10022
trap_mixing_adversarial,0.007054673721340388,hidden_fake,B,1.2721555842343353,0.75,0.75,141.75,4,567,22,0.0,0.5,B_10022_hidden_fake,10022
best_of_10_hashes_per_world,0.09700176366843033,hidden_fake,B,3.942484242570378,0.36363636363636365,0.4,10.309090909090909,55,567,22,0.0,0.32727272727272727,B_10022_hidden_fake,10022
viability_signature,0.029982363315696647,hidden_fake,B,2.6197190090946094,0.0,0.11764705882352941,33.35294117647059,17,567,22,0.0,0.058823529411764705,B_10022_hidden_fake,10022
behavioral_quotient_k5,0.008818342151675485,hidden_fake,B,1.3699633670855702,0.2,0.2,113.4,5,567,22,0.0,0.0,B_10022_hidden_fake,10022
predictive_quotient_k5,0.008818342151675485,hidden_fake,B,1.4029909941759282,0.2,0.2,113.4,5,567,22,0.0,0.0,B_10022_hidden_fake,10022
predictive_quotient_k8,0.014109347442680775,hidden_fake,B,1.9423910758713365,0.125,0.125,70.875,8,567,22,0.0,0.0,B_10022_hidden_fake,10022
identity,1.0,hidden_fake,B,6.340359303727763,0.0,0.0,1.0,567,567,26,1.0,0.0,B_10026_hidden_fake,10026
all_one,0.001763668430335097,hidden_fake,B,0.0,1.0,1.0,567.0,1,567,26,0.0,1.0,B_10026_hidden_fake,10026
random_k,0.02292768959435626,hidden_fake,B,2.548028829522238,0.8461538461538461,0.8461538461538461,43.61538461538461,13,567,26,0.0,0.8461538461538461,B_10026_hidden_fake,10026
hash_k34_s1206,0.059964726631393295,hidden_fake,B,3.5234439856557835,0.5588235294117647,0.6176470588235294,16.676470588235293,34,567,26,0.0,0.5588235294117647,B_10026_hidden_fake,10026
trap_mixing_adversarial,0.007054673721340388,hidden_fake,B,1.303851011936528,0.5,0.75,141.75,4,567,26,0.0,0.5,B_10026_hidden_fake,10026
best_of_10_hashes_per_world,0.09700176366843033,hidden_fake,B,3.9593613871210738,0.36363636363636365,0.4,10.309090909090909,55,567,26,0.0,0.36363636363636365,B_10026_hidden_fake,10026
viability_signature,0.029982363315696647,hidden_fake,B,2.6119099301353734,0.0,0.11764705882352941,33.35294117647059,17,567,26,0.0,0.0,B_10026_hidden_fake,10026
behavioral_quotient_k5,0.008818342151675485,hidden_fake,B,1.3957183142056977,0.0,0.4,113.4,5,567,26,0.0,0.0,B_10026_hidden_fake,10026
predictive_quotient_k5,0.008818342151675485,hidden_fake,B,1.42308417134969,0.0,0.4,113.4,5,567,26,0.0,0.0,B_10026_hidden_fake,10026
predictive_quotient_k8,0.014109347442680775,hidden_fake,B,1.9068383212805402,0.0,0.25,70.875,8,567,26,0.0,0.0,B_10026_hidden_fake,10026
identity,1.0,hidden_fake,B,6.340359303727763,0.0,0.0,1.0,567,567,28,1.0,0.0,B_10028_hidden_fake,10028
all_one,0.001763668430335097,hidden_fake,B,0.0,1.0,1.0,567.0,1,567,28,0.0,1.0,B_10028_hidden_fake,10028
random_k,0.02292768959435626,hidden_fake,B,2.5573109172554975,1.0,1.0,43.61538461538461,13,567,28,0.0,1.0,B_10028_hidden_fake,10028
hash_k34_s1206,0.059964726631393295,hidden_fake,B,3.5234439856557835,0.6176470588235294,0.6764705882352942,16.676470588235293,34,567,28,0.0,0.5588235294117647,B_10028_hidden_fake,10028
trap_mixing_adversarial,0.007054673721340388,hidden_fake,B,1.2831790367897034,0.75,0.75,141.75,4,567,28,0.0,0.5,B_10028_hidden_fake,10028
best_of_10_hashes_per_world,0.09700176366843033,hidden_fake,B,3.9620868904222064,0.36363636363636365,0.38181818181818183,10.309090909090909,55,567,28,0.0,0.3090909090909091,B_10028_hidden_fake,10028
viability_signature,0.029982363315696647,hidden_fake,B,2.616211450904571,0.0,0.11764705882352941,33.35294117647059,17,567,28,0.0,0.058823529411764705,B_10028_hidden_fake,10028
behavioral_quotient_k5,0.008818342151675485,hidden_fake,B,1.4001576066611878,0.2,0.2,113.4,5,567,28,0.0,0.0,B_10028_hidden_fake,10028
predictive_quotient_k5,0.008818342151675485,hidden_fake,B,1.4247695427377849,0.2,0.2,113.4,5,567,28,0.0,0.2,B_10028_hidden_fake,10028
predictive_quotient_k8,0.014109347442680775,hidden_fake,B,1.9730973130414566,0.125,0.125,70.875,8,567,28,0.0,0.125,B_10028_hidden_fake,10028
identity,1.0,hidden_fake,B,6.340359303727763,0.0,0.0,1.0,567,567,31,1.0,0.0,B_10031_hidden_fake,10031
all_one,0.001763668430335097,hidden_fake,B,0.0,1.0,1.0,567.0,1,567,31,0.0,1.0,B_10031_hidden_fake,10031
random_k,0.02292768959435626,hidden_fake,B,2.5478485276811127,0.7692307692307693,0.8461538461538461,43.61538461538461,13,567,31,0.0,0.7692307692307693,B_10031_hidden_fake,10031
hash_k34_s1206,0.059964726631393295,hidden_fake,B,3.5234439856557835,0.6470588235294118,0.6764705882352942,16.676470588235293,34,567,31,0.0,0.5588235294117647,B_10031_hidden_fake,10031
trap_mixing_adversarial,0.007054673721340388,hidden_fake,B,1.335511223143067,0.5,0.75,141.75,4,567,31,0.0,0.5,B_10031_hidden_fake,10031
best_of_10_hashes_per_world,0.09700176366843033,hidden_fake,B,3.952342566710598,0.36363636363636365,0.4,10.309090909090909,55,567,31,0.0,0.2909090909090909,B_10031_hidden_fake,10031
viability_signature,0.029982363315696647,hidden_fake,B,2.6255729804544408,0.0,0.11764705882352941,33.35294117647059,17,567,31,0.0,0.058823529411764705,B_10031_hidden_fake,10031
behavioral_quotient_k5,0.008818342151675485,hidden_fake,B,1.411994158281125,0.2,0.4,113.4,5,567,31,0.0,0.0,B_10031_hidden_fake,10031
predictive_quotient_k5,0.008818342151675485,hidden_fake,B,1.4081792907497555,0.2,0.2,113.4,5,567,31,0.0,0.0,B_10031_hidden_fake,10031
predictive_quotient_k8,0.014109347442680775,hidden_fake,B,1.9738799706232004,0.125,0.125,70.875,8,567,31,0.0,0.0,B_10031_hidden_fake,10031
identity,1.0,hidden_fake,B,6.340359303727763,0.0,0.0,1.0,567,567,34,1.0,0.0,B_10034_hidden_fake,10034
all_one,0.001763668430335097,hidden_fake,B,0.0,1.0,1.0,567.0,1,567,34,0.0,1.0,B_10034_hidden_fake,10034
random_k,0.02292768959435626,hidden_fake,B,2.557158786960914,0.8461538461538461,0.8461538461538461,43.61538461538461,13,567,34,0.0,0.8461538461538461,B_10034_hidden_fake,10034
hash_k34_s1206,0.059964726631393295,hidden_fake,B,3.5234439856557835,0.5588235294117647,0.6470588235294118,16.676470588235293,34,567,34,0.0,0.5588235294117647,B_10034_hidden_fake,10034
trap_mixing_adversarial,0.007054673721340388,hidden_fake,B,1.267838064388856,0.5,0.75,141.75,4,567,34,0.0,0.5,B_10034_hidden_fake,10034
best_of_10_hashes_per_world,0.09700176366843033,hidden_fake,B,3.963651054492098,0.36363636363636365,0.43636363636363634,10.309090909090909,55,567,34,0.0,0.36363636363636365,B_10034_hidden_fake,10034
viability_signature,0.029982363315696647,hidden_fake,B,2.6121545524341796,0.0,0.11764705882352941,33.35294117647059,17,567,34,0.0,0.0,B_10034_hidden_fake,10034
behavioral_quotient_k5,0.008818342151675485,hidden_fake,B,1.4212979597258855,0.0,0.2,113.4,5,567,34,0.0,0.0,B_10034_hidden_fake,10034
predictive_quotient_k5,0.008818342151675485,hidden_fake,B,1.4361542499532627,0.0,0.2,113.4,5,567,34,0.0,0.0,B_10034_hidden_fake,10034
predictive_quotient_k8,0.014109347442680775,hidden_fake,B,1.9373872862297774,0.0,0.25,70.875,8,567,34,0.0,0.0,B_10034_hidden_fake,10034
identity,1.0,hidden_fake,B,6.340359303727763,0.0,0.0,1.0,567,567,32,1.0,0.0,B_10032_hidden_fake,10032
all_one,0.001763668430335097,hidden_fake,B,0.0,1.0,1.0,567.0,1,567,32,0.0,1.0,B_10032_hidden_fake,10032
random_k,0.02292768959435626,hidden_fake,B,2.553915549339238,0.8461538461538461,0.8461538461538461,43.61538461538461,13,567,32,0.0,0.8461538461538461,B_10032_hidden_fake,10032
hash_k34_s1206,0.059964726631393295,hidden_fake,B,3.5234439856557835,0.6176470588235294,0.6176470588235294,16.676470588235293,34,567,32,0.0,0.5588235294117647,B_10032_hidden_fake,10032
trap_mixing_adversarial,0.007054673721340388,hidden_fake,B,1.2721555842343353,0.75,0.75,141.75,4,567,32,0.0,0.5,B_10032_hidden_fake,10032
best_of_10_hashes_per_world,0.09700176366843033,hidden_fake,B,3.9480559951543293,0.38181818181818183,0.41818181818181815,10.309090909090909,55,567,32,0.0,0.36363636363636365,B_10032_hidden_fake,10032
viability_signature,0.029982363315696647,hidden_fake,B,2.624635239439181,0.0,0.11764705882352941,33.35294117647059,17,567,32,0.0,0.058823529411764705,B_10032_hidden_fake,10032
behavioral_quotient_k5,0.008818342151675485,hidden_fake,B,1.4169909035033583,0.2,0.4,113.4,5,567,32,0.0,0.2,B_10032_hidden_fake,10032
predictive_quotient_k5,0.008818342151675485,hidden_fake,B,1.394613980201216,0.2,0.2,113.4,5,567,32,0.0,0.0,B_10032_hidden_fake,10032
predictive_quotient_k8,0.014109347442680775,hidden_fake,B,1.9581251078964574,0.125,0.25,70.875,8,567,32,0.0,0.0,B_10032_hidden_fake,10032
identity,1.0,hidden_fake,B,6.340359303727763,0.0,0.0,1.0,567,567,33,1.0,0.0,B_10033_hidden_fake,10033
all_one,0.001763668430335097,hidden_fake,B,0.0,1.0,1.0,567.0,1,567,33,0.0,1.0,B_10033_hidden_fake,10033
random_k,0.02292768959435626,hidden_fake,B,2.554117332339049,0.8461538461538461,0.9230769230769231,43.61538461538461,13,567,33,0.0,0.8461538461538461,B_10033_hidden_fake,10033
hash_k34_s1206,0.059964726631393295,hidden_fake,B,3.5234439856557835,0.5588235294117647,0.5882352941176471,16.676470588235293,34,567,33,0.0,0.5588235294117647,B_10033_hidden_fake,10033
trap_mixing_adversarial,0.007054673721340388,hidden_fake,B,1.3365627132772253,0.75,0.75,141.75,4,567,33,0.0,0.5,B_10033_hidden_fake,10033
best_of_10_hashes_per_world,0.059964726631393295,hidden_fake,B,3.5069633730831873,0.5588235294117647,0.6176470588235294,16.676470588235293,34,567,33,0.0,0.5294117647058824,B_10033_hidden_fake,10033
viability_signature,0.029982363315696647,hidden_fake,B,2.6209560741853393,0.0,0.11764705882352941,33.35294117647059,17,567,33,0.0,0.058823529411764705,B_10033_hidden_fake,10033
behavioral_quotient_k5,0.008818342151675485,hidden_fake,B,1.4172019979138197,0.2,0.2,113.4,5,567,33,0.0,0.0,B_10033_hidden_fake,10033
predictive_quotient_k5,0.008818342151675485,hidden_fake,B,1.3981909864783086,0.2,0.6,113.4,5,567,33,0.0,0.2,B_10033_hidden_fake,10033
predictive_quotient_k8,0.014109347442680775,hidden_fake,B,1.8664326284162711,0.125,0.375,70.875,8,567,33,0.0,0.125,B_10033_hidden_fake,10033
identity,1.0,hidden_fake,B,6.340359303727763,0.0,0.0,1.0,567,567,35,1.0,0.0,B_10035_hidden_fake,10035
all_one,0.001763668430335097,hidden_fake,B,0.0,1.0,1.0,567.0,1,567,35,0.0,1.0,B_10035_hidden_fake,10035
random_k,0.02292768959435626,hidden_fake,B,2.5594738631184746,0.8461538461538461,0.8461538461538461,43.61538461538461,13,567,35,0.0,0.8461538461538461,B_10035_hidden_fake,10035
hash_k34_s1206,0.059964726631393295,hidden_fake,B,3.5234439856557835,0.6176470588235294,0.6764705882352942,16.676470588235293,34,567,35,0.0,0.5588235294117647,B_10035_hidden_fake,10035
trap_mixing_adversarial,0.007054673721340388,hidden_fake,B,1.335511223143067,0.5,0.75,141.75,4,567,35,0.0,0.5,B_10035_hidden_fake,10035
best_of_10_hashes_per_world,0.09700176366843033,hidden_fake,B,3.962629878975995,0.38181818181818183,0.4,10.309090909090909,55,567,35,0.0,0.36363636363636365,B_10035_hidden_fake,10035
viability_signature,0.029982363315696647,hidden_fake,B,2.6228830056129477,0.0,0.17647058823529413,33.35294117647059,17,567,35,0.0,0.058823529411764705,B_10035_hidden_fake,10035
behavioral_quotient_k5,0.008818342151675485,hidden_fake,B,1.4180341703242618,0.2,0.2,113.4,5,567,35,0.0,0.0,B_10035_hidden_fake,10035
predictive_quotient_k5,0.008818342151675485,hidden_fake,B,1.3847284012703773,0.2,0.6,113.4,5,567,35,0.0,0.2,B_10035_hidden_fake,10035
predictive_quotient_k8,0.014109347442680775,hidden_fake,B,1.9262808852982882,0.125,0.25,70.875,8,567,35,0.0,0.0,B_10035_hidden_fake,10035
identity,1.0,hidden_fake,B,6.340359303727763,0.0,0.0,1.0,567,567,37,1.0,0.0,B_10037_hidden_fake,10037
all_one,0.001763668430335097,hidden_fake,B,0.0,1.0,1.0,567.0,1,567,37,0.0,1.0,B_10037_hidden_fake,10037
random_k,0.02292768959435626,hidden_fake,B,2.557401274290795,0.6153846153846154,0.6923076923076923,43.61538461538461,13,567,37,0.0,0.6153846153846154,B_10037_hidden_fake,10037
hash_k34_s1206,0.059964726631393295,hidden_fake,B,3.5234439856557835,0.5588235294117647,0.6176470588235294,16.676470588235293,34,567,37,0.0,0.5588235294117647,B_10037_hidden_fake,10037
trap_mixing_adversarial,0.007054673721340388,hidden_fake,B,1.3360481610380393,0.5,0.75,141.75,4,567,37,0.0,0.5,B_10037_hidden_fake,10037
best_of_10_hashes_per_world,0.059964726631393295,hidden_fake,B,3.499691531837668,0.47058823529411764,0.5294117647058824,16.676470588235293,34,567,37,0.0,0.47058823529411764,B_10037_hidden_fake,10037
viability_signature,0.029982363315696647,hidden_fake,B,2.6137246907322687,0.0,0.11764705882352941,33.35294117647059,17,567,37,0.0,0.0,B_10037_hidden_fake,10037
behavioral_quotient_k5,0.008818342151675485,hidden_fake,B,1.393566710542333,0.0,0.4,113.4,5,567,37,0.0,0.0,B_10037_hidden_fake,10037
predictive_quotient_k5,0.008818342151675485,hidden_fake,B,1.4103412265111082,0.0,0.4,113.4,5,567,37,0.0,0.0,B_10037_hidden_fake,10037
predictive_quotient_k8,0.014109347442680775,hidden_fake,B,1.9604121284858995,0.0,0.125,70.875,8,567,37,0.0,0.0,B_10037_hidden_fake,10037
identity,1.0,hidden_fake,B,6.340359303727763,0.0,0.0,1.0,567,567,36,1.0,0.0,B_10036_hidden_fake,10036
all_one,0.001763668430335097,hidden_fake,B,0.0,1.0,1.0,567.0,1,567,36,0.0,1.0,B_10036_hidden_fake,10036
random_k,0.02292768959435626,hidden_fake,B,2.5531660751106457,0.9230769230769231,1.0,43.61538461538461,13,567,36,0.0,0.9230769230769231,B_10036_hidden_fake,10036
hash_k34_s1206,0.059964726631393295,hidden_fake,B,3.5234439856557835,0.5588235294117647,0.6176470588235294,16.676470588235293,34,567,36,0.0,0.5588235294117647,B_10036_hidden_fake,10036
trap_mixing_adversarial,0.007054673721340388,hidden_fake,B,1.303851011936528,0.5,0.75,141.75,4,567,36,0.0,0.5,B_10036_hidden_fake,10036
best_of_10_hashes_per_world,0.059964726631393295,hidden_fake,B,3.5014392180922784,0.35294117647058826,0.5,16.676470588235293,34,567,36,0.0,0.35294117647058826,B_10036_hidden_fake,10036
viability_signature,0.029982363315696647,hidden_fake,B,2.607305139461939,0.0,0.11764705882352941,33.35294117647059,17,567,36,0.0,0.0,B_10036_hidden_fake,10036
behavioral_quotient_k5,0.008818342151675485,hidden_fake,B,1.4061077456955628,0.0,0.2,113.4,5,567,36,0.0,0.0,B_10036_hidden_fake,10036
predictive_quotient_k5,0.008818342151675485,hidden_fake,B,1.4035248559556155,0.0,0.2,113.4,5,567,36,0.0,0.0,B_10036_hidden_fake,10036
predictive_quotient_k8,0.014109347442680775,hidden_fake,B,1.885107685440325,0.0,0.25,70.875,8,567,36,0.0,0.0,B_10036_hidden_fake,10036
identity,1.0,hidden_fake,B,6.340359303727763,0.0,0.0,1.0,567,567,40,1.0,0.0,B_10040_hidden_fake,10040
all_one,0.001763668430335097,hidden_fake,B,0.0,1.0,1.0,567.0,1,567,40,0.0,1.0,B_10040_hidden_fake,10040
random_k,0.02292768959435626,hidden_fake,B,2.5573746406397495,0.6923076923076923,0.8461538461538461,43.61538461538461,13,567,40,0.0,0.6923076923076923,B_10040_hidden_fake,10040
hash_k34_s1206,0.059964726631393295,hidden_fake,B,3.5234439856557835,0.5588235294117647,0.6176470588235294,16.676470588235293,34,567,40,0.0,0.5588235294117647,B_10040_hidden_fake,10040
trap_mixing_adversarial,0.007054673721340388,hidden_fake,B,1.2852487856269774,0.5,0.75,141.75,4,567,40,0.0,0.5,B_10040_hidden_fake,10040
best_of_10_hashes_per_world,0.037037037037037035,hidden_fake,B,3.0291289544593423,0.5714285714285714,0.6190476190476191,27.0,21,567,40,0.0,0.5714285714285714,B_10040_hidden_fake,10040
viability_signature,0.029982363315696647,hidden_fake,B,2.609789731627857,0.0,0.11764705882352941,33.35294117647059,17,567,40,0.0,0.0,B_10040_hidden_fake,10040
behavioral_quotient_k5,0.008818342151675485,hidden_fake,B,1.3964402131888485,0.0,0.2,113.4,5,567,40,0.0,0.0,B_10040_hidden_fake,10040
predictive_quotient_k5,0.008818342151675485,hidden_fake,B,1.4173045714317076,0.0,0.4,113.4,5,567,40,0.0,0.0,B_10040_hidden_fake,10040
predictive_quotient_k8,0.014109347442680775,hidden_fake,B,1.9436328462115051,0.0,0.25,70.875,8,567,40,0.0,0.0,B_10040_hidden_fake,10040
identity,1.0,hidden_fake,B,6.340359303727763,0.0,0.0,1.0,567,567,39,1.0,0.0,B_10039_hidden_fake,10039
all_one,0.001763668430335097,hidden_fake,B,0.0,1.0,1.0,567.0,1,567,39,0.0,1.0,B_10039_hidden_fake,10039
random_k,0.02292768959435626,hidden_fake,B,2.5499866802350417,0.9230769230769231,0.9230769230769231,43.61538461538461,13,567,39,0.0,0.7692307692307693,B_10039_hidden_fake,10039
hash_k34_s1206,0.059964726631393295,hidden_fake,B,3.5234439856557835,0.5588235294117647,0.6470588235294118,16.676470588235293,34,567,39,0.0,0.5588235294117647,B_10039_hidden_fake,10039
trap_mixing_adversarial,0.007054673721340388,hidden_fake,B,1.3334044134497034,0.75,0.75,141.75,4,567,39,0.0,0.5,B_10039_hidden_fake,10039
best_of_10_hashes_per_world,0.059964726631393295,hidden_fake,B,3.4995401911578443,0.5,0.6176470588235294,16.676470588235293,34,567,39,0.0,0.47058823529411764,B_10039_hidden_fake,10039
viability_signature,0.029982363315696647,hidden_fake,B,2.613300978547931,0.0,0.11764705882352941,33.35294117647059,17,567,39,0.0,0.058823529411764705,B_10039_hidden_fake,10039
behavioral_quotient_k5,0.008818342151675485,hidden_fake,B,1.3852153553570374,0.2,0.2,113.4,5,567,39,0.0,0.2,B_10039_hidden_fake,10039
predictive_quotient_k5,0.008818342151675485,hidden_fake,B,1.4087040515051161,0.2,0.4,113.4,5,567,39,0.0,0.0,B_10039_hidden_fake,10039
predictive_quotient_k8,0.014109347442680775,hidden_fake,B,1.9219228317362136,0.125,0.125,70.875,8,567,39,0.0,0.0,B_10039_hidden_fake,10039
identity,1.0,hidden_fake,B,6.340359303727763,0.0,0.0,1.0,567,567,47,1.0,0.0,B_10047_hidden_fake,10047
all_one,0.001763668430335097,hidden_fake,B,0.0,1.0,1.0,567.0,1,567,47,0.0,1.0,B_10047_hidden_fake,10047
random_k,0.02292768959435626,hidden_fake,B,2.5479300577490425,0.9230769230769231,0.9230769230769231,43.61538461538461,13,567,47,0.0,0.9230769230769231,B_10047_hidden_fake,10047
hash_k34_s1206,0.059964726631393295,hidden_fake,B,3.5234439856557835,0.5588235294117647,0.6176470588235294,16.676470588235293,34,567,47,0.0,0.5588235294117647,B_10047_hidden_fake,10047
trap_mixing_adversarial,0.007054673721340388,hidden_fake,B,1.3360481610380393,0.5,0.75,141.75,4,567,47,0.0,0.5,B_10047_hidden_fake,10047
best_of_10_hashes_per_world,0.09700176366843033,hidden_fake,B,3.9614795009989074,0.34545454545454546,0.4,10.309090909090909,55,567,47,0.0,0.34545454545454546,B_10047_hidden_fake,10047
viability_signature,0.029982363315696647,hidden_fake,B,2.6202192293226534,0.0,0.11764705882352941,33.35294117647059,17,567,47,0.0,0.0,B_10047_hidden_fake,10047
behavioral_quotient_k5,0.008818342151675485,hidden_fake,B,1.400442803326882,0.0,0.4,113.4,5,567,47,0.0,0.0,B_10047_hidden_fake,10047
predictive_quotient_k5,0.008818342151675485,hidden_fake,B,1.4261079539596202,0.0,0.4,113.4,5,567,47,0.0,0.0,B_10047_hidden_fake,10047
predictive_quotient_k8,0.014109347442680775,hidden_fake,B,1.8988144911262324,0.0,0.125,70.875,8,567,47,0.0,0.0,B_10047_hidden_fake,10047
identity,1.0,hidden_fake,B,6.340359303727763,0.0,0.0,1.0,567,567,38,1.0,0.0,B_10038_hidden_fake,10038
all_one,0.001763668430335097,hidden_fake,B,0.0,1.0,1.0,567.0,1,567,38,0.0,1.0,B_10038_hidden_fake,10038
random_k,0.02292768959435626,hidden_fake,B,2.5547924497195407,0.6923076923076923,0.8461538461538461,43.61538461538461,13,567,38,0.0,0.6923076923076923,B_10038_hidden_fake,10038
hash_k34_s1206,0.059964726631393295,hidden_fake,B,3.5234439856557835,0.6176470588235294,0.6764705882352942,16.676470588235293,34,567,38,0.0,0.5588235294117647,B_10038_hidden_fake,10038
trap_mixing_adversarial,0.007054673721340388,hidden_fake,B,1.2831790367897034,0.75,0.75,141.75,4,567,38,0.0,0.5,B_10038_hidden_fake,10038
best_of_10_hashes_per_world,0.09700176366843033,hidden_fake,B,3.9560056770501038,0.2909090909090909,0.2909090909090909,10.309090909090909,55,567,38,0.0,0.23636363636363636,B_10038_hidden_fake,10038
viability_signature,0.029982363315696647,hidden_fake,B,2.611191623752098,0.0,0.11764705882352941,33.35294117647059,17,567,38,0.0,0.058823529411764705,B_10038_hidden_fake,10038
behavioral_quotient_k5,0.008818342151675485,hidden_fake,B,1.4423769408119498,0.4,0.2,113.4,5,567,38,0.0,0.2,B_10038_hidden_fake,10038
predictive_quotient_k5,0.008818342151675485,hidden_fake,B,1.4206594304248141,0.2,0.2,113.4,5,567,38,0.0,0.0,B_10038_hidden_fake,10038
predictive_quotient_k8,0.014109347442680775,hidden_fake,B,1.9414245980242737,0.125,0.25,70.875,8,567,38,0.0,0.0,B_10038_hidden_fake,10038
identity,1.0,hidden_fake,B,6.340359303727763,0.0,0.0,1.0,567,567,41,1.0,0.0,B_10041_hidden_fake,10041
all_one,0.001763668430335097,hidden_fake,B,0.0,1.0,1.0,567.0,1,567,41,0.0,1.0,B_10041_hidden_fake,10041
random_k,0.02292768959435626,hidden_fake,B,2.5608641387310906,0.8461538461538461,0.8461538461538461,43.61538461538461,13,567,41,0.0,0.8461538461538461,B_10041_hidden_fake,10041
hash_k34_s1206,0.059964726631393295,hidden_fake,B,3.5234439856557835,0.6470588235294118,0.6764705882352942,16.676470588235293,34,567,41,0.0,0.5588235294117647,B_10041_hidden_fake,10041
trap_mixing_adversarial,0.007054673721340388,hidden_fake,B,1.335511223143067,0.5,0.75,141.75,4,567,41,0.0,0.5,B_10041_hidden_fake,10041
best_of_10_hashes_per_world,0.09700176366843033,hidden_fake,B,3.9623337245555184,0.4,0.4,10.309090909090909,55,567,41,0.0,0.32727272727272727,B_10041_hidden_fake,10041
viability_signature,0.029982363315696647,hidden_fake,B,2.629938268760009,0.0,0.11764705882352941,33.35294117647059,17,567,41,0.0,0.058823529411764705,B_10041_hidden_fake,10041
behavioral_quotient_k5,0.008818342151675485,hidden_fake,B,1.4291064533505193,0.2,0.4,113.4,5,567,41,0.0,0.0,B_10041_hidden_fake,10041
predictive_quotient_k5,0.008818342151675485,hidden_fake,B,1.408158342306617,0.2,0.4,113.4,5,567,41,0.0,0.0,B_10041_hidden_fake,10041
predictive_quotient_k8,0.014109347442680775,hidden_fake,B,1.9478470204417666,0.125,0.25,70.875,8,567,41,0.0,0.0,B_10041_hidden_fake,10041
identity,1.0,hidden_fake,B,6.340359303727763,0.0,0.0,1.0,567,567,43,1.0,0.0,B_10043_hidden_fake,10043
all_one,0.001763668430335097,hidden_fake,B,0.0,1.0,1.0,567.0,1,567,43,0.0,1.0,B_10043_hidden_fake,10043
random_k,0.02292768959435626,hidden_fake,B,2.5550475152229812,0.8461538461538461,0.9230769230769231,43.61538461538461,13,567,43,0.0,0.7692307692307693,B_10043_hidden_fake,10043
hash_k34_s1206,0.059964726631393295,hidden_fake,B,3.5234439856557835,0.5588235294117647,0.5882352941176471,16.676470588235293,34,567,43,0.0,0.5588235294117647,B_10043_hidden_fake,10043
trap_mixing_adversarial,0.007054673721340388,hidden_fake,B,1.3365627132772253,0.75,0.75,141.75,4,567,43,0.0,0.5,B_10043_hidden_fake,10043
best_of_10_hashes_per_world,0.09700176366843033,hidden_fake,B,3.9759661131252906,0.36363636363636365,0.43636363636363634,10.309090909090909,55,567,43,0.0,0.32727272727272727,B_10043_hidden_fake,10043
viability_signature,0.029982363315696647,hidden_fake,B,2.6210400804670715,0.0,0.11764705882352941,33.35294117647059,17,567,43,0.0,0.058823529411764705,B_10043_hidden_fake,10043
behavioral_quotient_k5,0.008818342151675485,hidden_fake,B,1.4054841962434292,0.2,0.4,113.4,5,567,43,0.0,0.0,B_10043_hidden_fake,10043
predictive_quotient_k5,0.008818342151675485,hidden_fake,B,1.387689609618015,0.2,0.4,113.4,5,567,43,0.0,0.2,B_10043_hidden_fake,10043
predictive_quotient_k8,0.014109347442680775,hidden_fake,B,1.9219223312317004,0.125,0.125,70.875,8,567,43,0.0,0.125,B_10043_hidden_fake,10043
identity,1.0,hidden_fake,B,6.340359303727763,0.0,0.0,1.0,567,567,44,1.0,0.0,B_10044_hidden_fake,10044
all_one,0.001763668430335097,hidden_fake,B,0.0,1.0,1.0,567.0,1,567,44,0.0,1.0,B_10044_hidden_fake,10044
random_k,0.02292768959435626,hidden_fake,B,2.561438257698189,0.7692307692307693,0.7692307692307693,43.61538461538461,13,567,44,0.0,0.7692307692307693,B_10044_hidden_fake,10044
hash_k34_s1206,0.059964726631393295,hidden_fake,B,3.5234439856557835,0.5588235294117647,0.6470588235294118,16.676470588235293,34,567,44,0.0,0.5588235294117647,B_10044_hidden_fake,10044
trap_mixing_adversarial,0.007054673721340388,hidden_fake,B,1.267838064388856,0.5,0.75,141.75,4,567,44,0.0,0.5,B_10044_hidden_fake,10044
best_of_10_hashes_per_world,0.09700176366843033,hidden_fake,B,3.9638343564840453,0.32727272727272727,0.36363636363636365,10.309090909090909,55,567,44,0.0,0.32727272727272727,B_10044_hidden_fake,10044
viability_signature,0.029982363315696647,hidden_fake,B,2.6111619932768715,0.0,0.11764705882352941,33.35294117647059,17,567,44,0.0,0.0,B_10044_hidden_fake,10044
behavioral_quotient_k5,0.008818342151675485,hidden_fake,B,1.418205712987251,0.0,0.2,113.4,5,567,44,0.0,0.0,B_10044_hidden_fake,10044
predictive_quotient_k5,0.008818342151675485,hidden_fake,B,1.4270011878322644,0.0,0.2,113.4,5,567,44,0.0,0.0,B_10044_hidden_fake,10044
predictive_quotient_k8,0.014109347442680775,hidden_fake,B,1.9809230089951917,0.0,0.125,70.875,8,567,44,0.0,0.0,B_10044_hidden_fake,10044
identity,1.0,hidden_fake,B,6.340359303727763,0.0,0.0,1.0,567,567,50,1.0,0.0,B_10050_hidden_fake,10050
all_one,0.001763668430335097,hidden_fake,B,0.0,1.0,1.0,567.0,1,567,50,0.0,1.0,B_10050_hidden_fake,10050
random_k,0.02292768959435626,hidden_fake,B,2.5473379116429853,0.7692307692307693,0.8461538461538461,43.61538461538461,13,567,50,0.0,0.7692307692307693,B_10050_hidden_fake,10050
hash_k34_s1206,0.059964726631393295,hidden_fake,B,3.5234439856557835,0.5588235294117647,0.6176470588235294,16.676470588235293,34,567,50,0.0,0.5588235294117647,B_10050_hidden_fake,10050
trap_mixing_adversarial,0.007054673721340388,hidden_fake,B,1.2852487856269774,0.5,0.75,141.75,4,567,50,0.0,0.5,B_10050_hidden_fake,10050
best_of_10_hashes_per_world,0.09700176366843033,hidden_fake,B,3.955794530429114,0.3090909090909091,0.34545454545454546,10.309090909090909,55,567,50,0.0,0.3090909090909091,B_10050_hidden_fake,10050
viability_signature,0.029982363315696647,hidden_fake,B,2.608279353662226,0.0,0.11764705882352941,33.35294117647059,17,567,50,0.0,0.0,B_10050_hidden_fake,10050
behavioral_quotient_k5,0.008818342151675485,hidden_fake,B,1.416146833036914,0.0,0.2,113.4,5,567,50,0.0,0.0,B_10050_hidden_fake,10050
predictive_quotient_k5,0.008818342151675485,hidden_fake,B,1.382873769673394,0.0,0.2,113.4,5,567,50,0.0,0.0,B_10050_hidden_fake,10050
predictive_quotient_k8,0.014109347442680775,hidden_fake,B,1.9181046433080389,0.0,0.25,70.875,8,567,50,0.0,0.0,B_10050_hidden_fake,10050
identity,1.0,hidden_fake,B,6.340359303727763,0.0,0.0,1.0,567,567,49,1.0,0.0,B_10049_hidden_fake,10049
all_one,0.001763668430335097,hidden_fake,B,0.0,1.0,1.0,567.0,1,567,49,0.0,1.0,B_10049_hidden_fake,10049
random_k,0.02292768959435626,hidden_fake,B,2.558480065998515,0.9230769230769231,0.8461538461538461,43.61538461538461,13,567,49,0.0,0.7692307692307693,B_10049_hidden_fake,10049
hash_k34_s1206,0.059964726631393295,hidden_fake,B,3.5234439856557835,0.5588235294117647,0.6470588235294118,16.676470588235293,34,567,49,0.0,0.5588235294117647,B_10049_hidden_fake,10049
trap_mixing_adversarial,0.007054673721340388,hidden_fake,B,1.3334044134497034,0.75,0.75,141.75,4,567,49,0.0,0.5,B_10049_hidden_fake,10049
best_of_10_hashes_per_world,0.09700176366843033,hidden_fake,B,3.952822818794274,0.4,0.41818181818181815,10.309090909090909,55,567,49,0.0,0.36363636363636365,B_10049_hidden_fake,10049
viability_signature,0.029982363315696647,hidden_fake,B,2.6117013111450524,0.0,0.11764705882352941,33.35294117647059,17,567,49,0.0,0.058823529411764705,B_10049_hidden_fake,10049
behavioral_quotient_k5,0.008818342151675485,hidden_fake,B,1.4142904523122426,0.2,0.4,113.4,5,567,49,0.0,0.0,B_10049_hidden_fake,10049
predictive_quotient_k5,0.008818342151675485,hidden_fake,B,1.3613427160272886,0.2,0.6,113.4,5,567,49,0.0,0.2,B_10049_hidden_fake,10049
predictive_quotient_k8,0.014109347442680775,hidden_fake,B,1.8898448400832217,0.125,0.25,70.875,8,567,49,0.0,0.0,B_10049_hidden_fake,10049
identity,1.0,hidden_fake,B,6.340359303727763,0.0,0.0,1.0,567,567,42,1.0,0.0,B_10042_hidden_fake,10042
all_one,0.001763668430335097,hidden_fake,B,0.0,1.0,1.0,567.0,1,567,42,0.0,1.0,B_10042_hidden_fake,10042
random_k,0.02292768959435626,hidden_fake,B,2.547356564230464,1.0,0.9230769230769231,43.61538461538461,13,567,42,0.0,0.8461538461538461,B_10042_hidden_fake,10042
hash_k34_s1206,0.059964726631393295,hidden_fake,B,3.5234439856557835,0.6176470588235294,0.6176470588235294,16.676470588235293,34,567,42,0.0,0.5588235294117647,B_10042_hidden_fake,10042
trap_mixing_adversarial,0.007054673721340388,hidden_fake,B,1.2721555842343353,0.75,0.75,141.75,4,567,42,0.0,0.5,B_10042_hidden_fake,10042
best_of_10_hashes_per_world,0.09700176366843033,hidden_fake,B,3.9582199814373116,0.36363636363636365,0.4,10.309090909090909,55,567,42,0.0,0.3090909090909091,B_10042_hidden_fake,10042
viability_signature,0.029982363315696647,hidden_fake,B,2.6240937279743832,0.0,0.11764705882352941,33.35294117647059,17,567,42,0.0,0.058823529411764705,B_10042_hidden_fake,10042
behavioral_quotient_k5,0.008818342151675485,hidden_fake,B,1.3853307155682846,0.2,0.2,113.4,5,567,42,0.0,0.0,B_10042_hidden_fake,10042
predictive_quotient_k5,0.008818342151675485,hidden_fake,B,1.402743072243332,0.2,0.2,113.4,5,567,42,0.0,0.0,B_10042_hidden_fake,10042
predictive_quotient_k8,0.014109347442680775,hidden_fake,B,1.9585479766258829,0.125,0.25,70.875,8,567,42,0.0,0.0,B_10042_hidden_fake,10042
identity,1.0,hidden_fake,B,6.340359303727763,0.0,0.0,1.0,567,567,45,1.0,0.0,B_10045_hidden_fake,10045
all_one,0.001763668430335097,hidden_fake,B,0.0,1.0,1.0,567.0,1,567,45,0.0,1.0,B_10045_hidden_fake,10045
random_k,0.02292768959435626,hidden_fake,B,2.557223116840017,1.0,1.0,43.61538461538461,13,567,45,0.0,0.9230769230769231,B_10045_hidden_fake,10045
hash_k34_s1206,0.059964726631393295,hidden_fake,B,3.5234439856557835,0.6176470588235294,0.6764705882352942,16.676470588235293,34,567,45,0.0,0.5588235294117647,B_10045_hidden_fake,10045
trap_mixing_adversarial,0.007054673721340388,hidden_fake,B,1.335511223143067,0.5,0.75,141.75,4,567,45,0.0,0.5,B_10045_hidden_fake,10045
best_of_10_hashes_per_world,0.09700176366843033,hidden_fake,B,3.971678659415517,0.34545454545454546,0.41818181818181815,10.309090909090909,55,567,45,0.0,0.32727272727272727,B_10045_hidden_fake,10045
viability_signature,0.029982363315696647,hidden_fake,B,2.6268961132545803,0.0,0.17647058823529413,33.35294117647059,17,567,45,0.0,0.058823529411764705,B_10045_hidden_fake,10045
behavioral_quotient_k5,0.008818342151675485,hidden_fake,B,1.3973156321956213,0.2,0.4,113.4,5,567,45,0.0,0.0,B_10045_hidden_fake,10045
predictive_quotient_k5,0.008818342151675485,hidden_fake,B,1.3909733696240445,0.0,0.6,113.4,5,567,45,0.0,0.2,B_10045_hidden_fake,10045
predictive_quotient_k8,0.014109347442680775,hidden_fake,B,1.9554543047196111,0.0,0.375,70.875,8,567,45,0.0,0.125,B_10045_hidden_fake,10045
identity,1.0,hidden_fake,B,6.340359303727763,0.0,0.0,1.0,567,567,46,1.0,0.0,B_10046_hidden_fake,10046
all_one,0.001763668430335097,hidden_fake,B,0.0,1.0,1.0,567.0,1,567,46,0.0,1.0,B_10046_hidden_fake,10046
random_k,0.02292768959435626,hidden_fake,B,2.5470555445971423,0.7692307692307693,0.8461538461538461,43.61538461538461,13,567,46,0.0,0.7692307692307693,B_10046_hidden_fake,10046
hash_k34_s1206,0.059964726631393295,hidden_fake,B,3.5234439856557835,0.5588235294117647,0.6176470588235294,16.676470588235293,34,567,46,0.0,0.5588235294117647,B_10046_hidden_fake,10046
trap_mixing_adversarial,0.007054673721340388,hidden_fake,B,1.303851011936528,0.5,0.75,141.75,4,567,46,0.0,0.5,B_10046_hidden_fake,10046
best_of_10_hashes_per_world,0.09700176366843033,hidden_fake,B,3.962035304776486,0.3090909090909091,0.36363636363636365,10.309090909090909,55,567,46,0.0,0.3090909090909091,B_10046_hidden_fake,10046
viability_signature,0.029982363315696647,hidden_fake,B,2.6106988721314215,0.0,0.11764705882352941,33.35294117647059,17,567,46,0.0,0.0,B_10046_hidden_fake,10046
behavioral_quotient_k5,0.008818342151675485,hidden_fake,B,1.4206532629522672,0.0,0.2,113.4,5,567,46,0.0,0.0,B_10046_hidden_fake,10046
predictive_quotient_k5,0.008818342151675485,hidden_fake,B,1.3982423745842099,0.0,0.2,113.4,5,567,46,0.0,0.0,B_10046_hidden_fake,10046
predictive_quotient_k8,0.014109347442680775,hidden_fake,B,1.9244106016836344,0.0,0.125,70.875,8,567,46,0.0,0.0,B_10046_hidden_fake,10046
identity,1.0,hidden_fake,B,6.340359303727763,0.0,0.0,1.0,567,567,48,1.0,0.0,B_10048_hidden_fake,10048
all_one,0.001763668430335097,hidden_fake,B,0.0,1.0,1.0,567.0,1,567,48,0.0,1.0,B_10048_hidden_fake,10048
random_k,0.02292768959435626,hidden_fake,B,2.5545761855338083,0.7692307692307693,0.8461538461538461,43.61538461538461,13,567,48,0.0,0.7692307692307693,B_10048_hidden_fake,10048
hash_k34_s1206,0.059964726631393295,hidden_fake,B,3.5234439856557835,0.6176470588235294,0.6764705882352942,16.676470588235293,34,567,48,0.0,0.5588235294117647,B_10048_hidden_fake,10048
trap_mixing_adversarial,0.007054673721340388,hidden_fake,B,1.2831790367897034,0.75,0.75,141.75,4,567,48,0.0,0.5,B_10048_hidden_fake,10048
best_of_10_hashes_per_world,0.09700176366843033,hidden_fake,B,3.940437701772212,0.4,0.38181818181818183,10.309090909090909,55,567,48,0.0,0.34545454545454546,B_10048_hidden_fake,10048
viability_signature,0.029982363315696647,hidden_fake,B,2.6139058953118774,0.0,0.11764705882352941,33.35294117647059,17,567,48,0.0,0.058823529411764705,B_10048_hidden_fake,10048
behavioral_quotient_k5,0.008818342151675485,hidden_fake,B,1.4146432489869731,0.2,0.2,113.4,5,567,48,0.0,0.0,B_10048_hidden_fake,10048
predictive_quotient_k5,0.008818342151675485,hidden_fake,B,1.4172738780399161,0.2,0.2,113.4,5,567,48,0.0,0.0,B_10048_hidden_fake,10048
predictive_quotient_k8,0.014109347442680775,hidden_fake,B,1.9592448359918702,0.125,0.25,70.875,8,567,48,0.0,0.0,B_10048_hidden_fake,10048
identity,1.0,hidden_fake,B,6.340359303727763,0.0,0.0,1.0,567,567,51,1.0,0.0,B_10051_hidden_fake,10051
all_one,0.001763668430335097,hidden_fake,B,0.0,1.0,1.0,567.0,1,567,51,0.0,1.0,B_10051_hidden_fake,10051
random_k,0.02292768959435626,hidden_fake,B,2.558082831476896,0.8461538461538461,1.0,43.61538461538461,13,567,51,0.0,0.7692307692307693,B_10051_hidden_fake,10051
hash_k34_s1206,0.059964726631393295,hidden_fake,B,3.5234439856557835,0.6470588235294118,0.6764705882352942,16.676470588235293,34,567,51,0.0,0.5588235294117647,B_10051_hidden_fake,10051
trap_mixing_adversarial,0.007054673721340388,hidden_fake,B,1.335511223143067,0.5,0.75,141.75,4,567,51,0.0,0.5,B_10051_hidden_fake,10051
best_of_10_hashes_per_world,0.09700176366843033,hidden_fake,B,3.9381138248910568,0.38181818181818183,0.41818181818181815,10.309090909090909,55,567,51,0.0,0.3090909090909091,B_10051_hidden_fake,10051
viability_signature,0.029982363315696647,hidden_fake,B,2.62805172945226,0.0,0.11764705882352941,33.35294117647059,17,567,51,0.0,0.058823529411764705,B_10051_hidden_fake,10051
behavioral_quotient_k5,0.008818342151675485,hidden_fake,B,1.4188959820072622,0.2,0.2,113.4,5,567,51,0.0,0.0,B_10051_hidden_fake,10051
predictive_quotient_k5,0.008818342151675485,hidden_fake,B,1.431912184994005,0.2,0.2,113.4,5,567,51,0.0,0.0,B_10051_hidden_fake,10051
predictive_quotient_k8,0.014109347442680775,hidden_fake,B,1.8617665835019925,0.125,0.25,70.875,8,567,51,0.0,0.0,B_10051_hidden_fake,10051
identity,1.0,hidden_fake,B,6.340359303727763,0.0,0.0,1.0,567,567,53,1.0,0.0,B_10053_hidden_fake,10053
all_one,0.001763668430335097,hidden_fake,B,0.0,1.0,1.0,567.0,1,567,53,0.0,1.0,B_10053_hidden_fake,10053
random_k,0.02292768959435626,hidden_fake,B,2.5480302804219663,0.9230769230769231,1.0,43.61538461538461,13,567,53,0.0,0.9230769230769231,B_10053_hidden_fake,10053
hash_k34_s1206,0.059964726631393295,hidden_fake,B,3.5234439856557835,0.5588235294117647,0.5882352941176471,16.676470588235293,34,567,53,0.0,0.5588235294117647,B_10053_hidden_fake,10053
trap_mixing_adversarial,0.007054673721340388,hidden_fake,B,1.3365627132772253,0.75,0.75,141.75,4,567,53,0.0,0.5,B_10053_hidden_fake,10053
best_of_10_hashes_per_world,0.09700176366843033,hidden_fake,B,3.9617107873974904,0.34545454545454546,0.4,10.309090909090909,55,567,53,0.0,0.34545454545454546,B_10053_hidden_fake,10053
viability_signature,0.029982363315696647,hidden_fake,B,2.618749550018144,0.0,0.11764705882352941,33.35294117647059,17,567,53,0.0,0.058823529411764705,B_10053_hidden_fake,10053
behavioral_quotient_k5,0.008818342151675485,hidden_fake,B,1.3949062502870182,0.2,0.6,113.4,5,567,53,0.0,0.2,B_10053_hidden_fake,10053
predictive_quotient_k5,0.008818342151675485,hidden_fake,B,1.4101843553804203,0.2,0.2,113.4,5,567,53,0.0,0.2,B_10053_hidden_fake,10053
predictive_quotient_k8,0.014109347442680775,hidden_fake,B,1.9888826187994852,0.125,0.125,70.875,8,567,53,0.0,0.125,B_10053_hidden_fake,10053
identity,1.0,hidden_fake,B,6.340359303727763,0.0,0.0,1.0,567,567,52,1.0,0.0,B_10052_hidden_fake,10052
all_one,0.001763668430335097,hidden_fake,B,0.0,1.0,1.0,567.0,1,567,52,0.0,1.0,B_10052_hidden_fake,10052
random_k,0.02292768959435626,hidden_fake,B,2.5530799646181404,0.9230769230769231,0.9230769230769231,43.61538461538461,13,567,52,0.0,0.9230769230769231,B_10052_hidden_fake,10052
hash_k34_s1206,0.059964726631393295,hidden_fake,B,3.5234439856557835,0.6176470588235294,0.6176470588235294,16.676470588235293,34,567,52,0.0,0.5588235294117647,B_10052_hidden_fake,10052
trap_mixing_adversarial,0.007054673721340388,hidden_fake,B,1.2721555842343353,0.75,0.75,141.75,4,567,52,0.0,0.5,B_10052_hidden_fake,10052
best_of_10_hashes_per_world,0.09700176366843033,hidden_fake,B,3.9635257563025394,0.36363636363636365,0.38181818181818183,10.309090909090909,55,567,52,0.0,0.3090909090909091,B_10052_hidden_fake,10052
viability_signature,0.029982363315696647,hidden_fake,B,2.623440034403052,0.0,0.11764705882352941,33.35294117647059,17,567,52,0.0,0.058823529411764705,B_10052_hidden_fake,10052
behavioral_quotient_k5,0.008818342151675485,hidden_fake,B,1.4005158812979317,0.2,0.4,113.4,5,567,52,0.0,0.2,B_10052_hidden_fake,10052
predictive_quotient_k5,0.008818342151675485,hidden_fake,B,1.3698042978391864,0.2,0.2,113.4,5,567,52,0.0,0.0,B_10052_hidden_fake,10052
predictive_quotient_k8,0.014109347442680775,hidden_fake,B,2.0037555491377614,0.125,0.125,70.875,8,567,52,0.0,0.0,B_10052_hidden_fake,10052
identity,1.0,hidden_fake,B,6.340359303727763,0.0,0.0,1.0,567,567,54,1.0,0.0,B_10054_hidden_fake,10054
all_one,0.001763668430335097,hidden_fake,B,0.0,1.0,1.0,567.0,1,567,54,0.0,1.0,B_10054_hidden_fake,10054
random_k,0.02292768959435626,hidden_fake,B,2.557219908888667,0.8461538461538461,0.9230769230769231,43.61538461538461,13,567,54,0.0,0.8461538461538461,B_10054_hidden_fake,10054
hash_k34_s1206,0.059964726631393295,hidden_fake,B,3.5234439856557835,0.5588235294117647,0.6470588235294118,16.676470588235293,34,567,54,0.0,0.5588235294117647,B_10054_hidden_fake,10054
trap_mixing_adversarial,0.007054673721340388,hidden_fake,B,1.267838064388856,0.5,0.75,141.75,4,567,54,0.0,0.5,B_10054_hidden_fake,10054
best_of_10_hashes_per_world,0.09700176366843033,hidden_fake,B,3.9522036118615707,0.34545454545454546,0.4,10.309090909090909,55,567,54,0.0,0.34545454545454546,B_10054_hidden_fake,10054
viability_signature,0.029982363315696647,hidden_fake,B,2.6103196253132364,0.0,0.11764705882352941,33.35294117647059,17,567,54,0.0,0.0,B_10054_hidden_fake,10054
behavioral_quotient_k5,0.008818342151675485,hidden_fake,B,1.4484857486884362,0.0,0.2,113.4,5,567,54,0.0,0.0,B_10054_hidden_fake,10054
predictive_quotient_k5,0.008818342151675485,hidden_fake,B,1.4266412372374686,0.0,0.2,113.4,5,567,54,0.0,0.0,B_10054_hidden_fake,10054
predictive_quotient_k8,0.014109347442680775,hidden_fake,B,1.9266189074797484,0.0,0.25,70.875,8,567,54,0.0,0.0,B_10054_hidden_fake,10054
identity,1.0,hidden_fake,B,6.340359303727763,0.0,0.0,1.0,567,567,57,1.0,0.0,B_10057_hidden_fake,10057
all_one,0.001763668430335097,hidden_fake,B,0.0,1.0,1.0,567.0,1,567,57,0.0,1.0,B_10057_hidden_fake,10057
random_k,0.02292768959435626,hidden_fake,B,2.5589969684746534,0.9230769230769231,0.9230769230769231,43.61538461538461,13,567,57,0.0,0.9230769230769231,B_10057_hidden_fake,10057
hash_k34_s1206,0.059964726631393295,hidden_fake,B,3.5234439856557835,0.5588235294117647,0.6176470588235294,16.676470588235293,34,567,57,0.0,0.5588235294117647,B_10057_hidden_fake,10057
trap_mixing_adversarial,0.007054673721340388,hidden_fake,B,1.3360481610380393,0.5,0.75,141.75,4,567,57,0.0,0.5,B_10057_hidden_fake,10057
best_of_10_hashes_per_world,0.09700176366843033,hidden_fake,B,3.9490001835421844,0.2909090909090909,0.36363636363636365,10.309090909090909,55,567,57,0.0,0.2909090909090909,B_10057_hidden_fake,10057
viability_signature,0.029982363315696647,hidden_fake,B,2.6152104401870226,0.0,0.11764705882352941,33.35294117647059,17,567,57,0.0,0.0,B_10057_hidden_fake,10057
behavioral_quotient_k5,0.008818342151675485,hidden_fake,B,1.4319859279988474,0.0,0.2,113.4,5,567,57,0.0,0.0,B_10057_hidden_fake,10057
predictive_quotient_k5,0.008818342151675485,hidden_fake,B,1.421338312084077,0.0,0.2,113.4,5,567,57,0.0,0.0,B_10057_hidden_fake,10057
predictive_quotient_k8,0.014109347442680775,hidden_fake,B,1.8723773018965306,0.0,0.25,70.875,8,567,57,0.0,0.0,B_10057_hidden_fake,10057
identity,1.0,hidden_fake,B,6.340359303727763,0.0,0.0,1.0,567,567,55,1.0,0.0,B_10055_hidden_fake,10055
all_one,0.001763668430335097,hidden_fake,B,0.0,1.0,1.0,567.0,1,567,55,0.0,1.0,B_10055_hidden_fake,10055
random_k,0.02292768959435626,hidden_fake,B,2.5559903009043565,0.8461538461538461,0.9230769230769231,43.61538461538461,13,567,55,0.0,0.8461538461538461,B_10055_hidden_fake,10055
hash_k34_s1206,0.059964726631393295,hidden_fake,B,3.5234439856557835,0.6176470588235294,0.6764705882352942,16.676470588235293,34,567,55,0.0,0.5588235294117647,B_10055_hidden_fake,10055
trap_mixing_adversarial,0.007054673721340388,hidden_fake,B,1.335511223143067,0.5,0.75,141.75,4,567,55,0.0,0.5,B_10055_hidden_fake,10055
best_of_10_hashes_per_world,0.09700176366843033,hidden_fake,B,3.962317788570604,0.32727272727272727,0.38181818181818183,10.309090909090909,55,567,55,0.0,0.2909090909090909,B_10055_hidden_fake,10055
viability_signature,0.029982363315696647,hidden_fake,B,2.620675213750384,0.0,0.17647058823529413,33.35294117647059,17,567,55,0.0,0.058823529411764705,B_10055_hidden_fake,10055
behavioral_quotient_k5,0.008818342151675485,hidden_fake,B,1.4036876759848624,0.0,0.6,113.4,5,567,55,0.0,0.2,B_10055_hidden_fake,10055
predictive_quotient_k5,0.008818342151675485,hidden_fake,B,1.3926304910125578,0.2,0.4,113.4,5,567,55,0.0,0.0,B_10055_hidden_fake,10055
predictive_quotient_k8,0.014109347442680775,hidden_fake,B,1.8285475938327354,0.125,0.25,70.875,8,567,55,0.0,0.0,B_10055_hidden_fake,10055
identity,1.0,hidden_fake,B,6.340359303727763,0.0,0.0,1.0,567,567,60,1.0,0.0,B_10060_hidden_fake,10060
all_one,0.001763668430335097,hidden_fake,B,0.0,1.0,1.0,567.0,1,567,60,0.0,1.0,B_10060_hidden_fake,10060
random_k,0.02292768959435626,hidden_fake,B,2.563233988610807,0.8461538461538461,0.9230769230769231,43.61538461538461,13,567,60,0.0,0.8461538461538461,B_10060_hidden_fake,10060
hash_k34_s1206,0.059964726631393295,hidden_fake,B,3.5234439856557835,0.5588235294117647,0.6176470588235294,16.676470588235293,34,567,60,0.0,0.5588235294117647,B_10060_hidden_fake,10060
trap_mixing_adversarial,0.007054673721340388,hidden_fake,B,1.2852487856269774,0.5,0.75,141.75,4,567,60,0.0,0.5,B_10060_hidden_fake,10060
best_of_10_hashes_per_world,0.09700176366843033,hidden_fake,B,3.9689785048472586,0.2727272727272727,0.34545454545454546,10.309090909090909,55,567,60,0.0,0.2727272727272727,B_10060_hidden_fake,10060
viability_signature,0.029982363315696647,hidden_fake,B,2.612235798555178,0.0,0.11764705882352941,33.35294117647059,17,567,60,0.0,0.0,B_10060_hidden_fake,10060
behavioral_quotient_k5,0.008818342151675485,hidden_fake,B,1.426815330362029,0.0,0.4,113.4,5,567,60,0.0,0.0,B_10060_hidden_fake,10060
predictive_quotient_k5,0.008818342151675485,hidden_fake,B,1.4404981232054528,0.0,0.2,113.4,5,567,60,0.0,0.0,B_10060_hidden_fake,10060
predictive_quotient_k8,0.014109347442680775,hidden_fake,B,1.9385587005659373,0.0,0.125,70.875,8,567,60,0.0,0.0,B_10060_hidden_fake,10060
identity,1.0,hidden_fake,B,6.340359303727763,0.0,0.0,1.0,567,567,59,1.0,0.0,B_10059_hidden_fake,10059
all_one,0.001763668430335097,hidden_fake,B,0.0,1.0,1.0,567.0,1,567,59,0.0,1.0,B_10059_hidden_fake,10059
random_k,0.02292768959435626,hidden_fake,B,2.5547107125184763,0.6923076923076923,0.6923076923076923,43.61538461538461,13,567,59,0.0,0.6923076923076923,B_10059_hidden_fake,10059
hash_k34_s1206,0.059964726631393295,hidden_fake,B,3.5234439856557835,0.5588235294117647,0.6470588235294118,16.676470588235293,34,567,59,0.0,0.5588235294117647,B_10059_hidden_fake,10059
trap_mixing_adversarial,0.007054673721340388,hidden_fake,B,1.3334044134497034,0.75,0.75,141.75,4,567,59,0.0,0.5,B_10059_hidden_fake,10059
best_of_10_hashes_per_world,0.059964726631393295,hidden_fake,B,3.498896535553068,0.38235294117647056,0.47058823529411764,16.676470588235293,34,567,59,0.0,0.38235294117647056,B_10059_hidden_fake,10059
viability_signature,0.029982363315696647,hidden_fake,B,2.6110228491123024,0.0,0.11764705882352941,33.35294117647059,17,567,59,0.0,0.058823529411764705,B_10059_hidden_fake,10059
behavioral_quotient_k5,0.008818342151675485,hidden_fake,B,1.3960474074299336,0.2,0.4,113.4,5,567,59,0.0,0.0,B_10059_hidden_fake,10059
predictive_quotient_k5,0.008818342151675485,hidden_fake,B,1.4063653704442705,0.2,0.4,113.4,5,567,59,0.0,0.0,B_10059_hidden_fake,10059
predictive_quotient_k8,0.014109347442680775,hidden_fake,B,1.9671825753675134,0.125,0.125,70.875,8,567,59,0.0,0.0,B_10059_hidden_fake,10059
identity,1.0,hidden_fake,B,6.340359303727763,0.0,0.0,1.0,567,567,56,1.0,0.0,B_10056_hidden_fake,10056
all_one,0.001763668430335097,hidden_fake,B,0.0,1.0,1.0,567.0,1,567,56,0.0,1.0,B_10056_hidden_fake,10056
random_k,0.02292768959435626,hidden_fake,B,2.557556850287606,0.6923076923076923,0.9230769230769231,43.61538461538461,13,567,56,0.0,0.6923076923076923,B_10056_hidden_fake,10056
hash_k34_s1206,0.059964726631393295,hidden_fake,B,3.5234439856557835,0.5588235294117647,0.6176470588235294,16.676470588235293,34,567,56,0.0,0.5588235294117647,B_10056_hidden_fake,10056
trap_mixing_adversarial,0.007054673721340388,hidden_fake,B,1.303851011936528,0.5,0.75,141.75,4,567,56,0.0,0.5,B_10056_hidden_fake,10056
best_of_10_hashes_per_world,0.09700176366843033,hidden_fake,B,3.9534926200743223,0.32727272727272727,0.38181818181818183,10.309090909090909,55,567,56,0.0,0.32727272727272727,B_10056_hidden_fake,10056
viability_signature,0.029982363315696647,hidden_fake,B,2.6151547715969663,0.0,0.11764705882352941,33.35294117647059,17,567,56,0.0,0.0,B_10056_hidden_fake,10056
behavioral_quotient_k5,0.008818342151675485,hidden_fake,B,1.3899218129932962,0.0,0.2,113.4,5,567,56,0.0,0.0,B_10056_hidden_fake,10056
predictive_quotient_k5,0.008818342151675485,hidden_fake,B,1.4168317048529855,0.0,0.2,113.4,5,567,56,0.0,0.0,B_10056_hidden_fake,10056
predictive_quotient_k8,0.014109347442680775,hidden_fake,B,1.9387253706705028,0.0,0.125,70.875,8,567,56,0.0,0.0,B_10056_hidden_fake,10056
identity,1.0,hidden_fake,B,6.340359303727763,0.0,0.0,1.0,567,567,58,1.0,0.0,B_10058_hidden_fake,10058
all_one,0.001763668430335097,hidden_fake,B,0.0,1.0,1.0,567.0,1,567,58,0.0,1.0,B_10058_hidden_fake,10058
random_k,0.02292768959435626,hidden_fake,B,2.551426167943598,0.6153846153846154,0.6923076923076923,43.61538461538461,13,567,58,0.0,0.6153846153846154,B_10058_hidden_fake,10058
hash_k34_s1206,0.059964726631393295,hidden_fake,B,3.5234439856557835,0.6176470588235294,0.6764705882352942,16.676470588235293,34,567,58,0.0,0.5588235294117647,B_10058_hidden_fake,10058
trap_mixing_adversarial,0.007054673721340388,hidden_fake,B,1.2831790367897034,0.75,0.75,141.75,4,567,58,0.0,0.5,B_10058_hidden_fake,10058
best_of_10_hashes_per_world,0.09700176366843033,hidden_fake,B,3.967499296335718,0.34545454545454546,0.36363636363636365,10.309090909090909,55,567,58,0.0,0.3090909090909091,B_10058_hidden_fake,10058
viability_signature,0.029982363315696647,hidden_fake,B,2.611412189994367,0.0,0.11764705882352941,33.35294117647059,17,567,58,0.0,0.058823529411764705,B_10058_hidden_fake,10058
behavioral_quotient_k5,0.008818342151675485,hidden_fake,B,1.412928728954036,0.2,0.2,113.4,5,567,58,0.0,0.0,B_10058_hidden_fake,10058
predictive_quotient_k5,0.008818342151675485,hidden_fake,B,1.422750785203447,0.2,0.2,113.4,5,567,58,0.0,0.0,B_10058_hidden_fake,10058
predictive_quotient_k8,0.014109347442680775,hidden_fake,B,1.947697514888856,0.125,0.125,70.875,8,567,58,0.0,0.0,B_10058_hidden_fake,10058
identity,1.0,hidden_fake,B,6.340359303727763,0.0,0.0,1.0,567,567,67,1.0,0.0,B_10067_hidden_fake,10067
all_one,0.001763668430335097,hidden_fake,B,0.0,1.0,1.0,567.0,1,567,67,0.0,1.0,B_10067_hidden_fake,10067
random_k,0.02292768959435626,hidden_fake,B,2.5529574539202975,0.7692307692307693,0.8461538461538461,43.61538461538461,13,567,67,0.0,0.7692307692307693,B_10067_hidden_fake,10067
hash_k34_s1206,0.059964726631393295,hidden_fake,B,3.5234439856557835,0.5588235294117647,0.6176470588235294,16.676470588235293,34,567,67,0.0,0.5588235294117647,B_10067_hidden_fake,10067
trap_mixing_adversarial,0.007054673721340388,hidden_fake,B,1.3360481610380393,0.5,0.75,141.75,4,567,67,0.0,0.5,B_10067_hidden_fake,10067
best_of_10_hashes_per_world,0.09700176366843033,hidden_fake,B,3.970994719834805,0.34545454545454546,0.4,10.309090909090909,55,567,67,0.0,0.34545454545454546,B_10067_hidden_fake,10067
viability_signature,0.029982363315696647,hidden_fake,B,2.617258134426997,0.0,0.11764705882352941,33.35294117647059,17,567,67,0.0,0.0,B_10067_hidden_fake,10067
behavioral_quotient_k5,0.008818342151675485,hidden_fake,B,1.4027053077808271,0.0,0.4,113.4,5,567,67,0.0,0.0,B_10067_hidden_fake,10067
predictive_quotient_k5,0.008818342151675485,hidden_fake,B,1.4022993497725287,0.0,0.4,113.4,5,567,67,0.0,0.0,B_10067_hidden_fake,10067
predictive_quotient_k8,0.014109347442680775,hidden_fake,B,1.920002689243409,0.0,0.125,70.875,8,567,67,0.0,0.0,B_10067_hidden_fake,10067
identity,1.0,hidden_fake,B,6.340359303727763,0.0,0.0,1.0,567,567,61,1.0,0.0,B_10061_hidden_fake,10061
all_one,0.001763668430335097,hidden_fake,B,0.0,1.0,1.0,567.0,1,567,61,0.0,1.0,B_10061_hidden_fake,10061
random_k,0.02292768959435626,hidden_fake,B,2.556391064455986,0.9230769230769231,0.9230769230769231,43.61538461538461,13,567,61,0.0,0.9230769230769231,B_10061_hidden_fake,10061
hash_k34_s1206,0.059964726631393295,hidden_fake,B,3.5234439856557835,0.6470588235294118,0.6764705882352942,16.676470588235293,34,567,61,0.0,0.5588235294117647,B_10061_hidden_fake,10061
trap_mixing_adversarial,0.007054673721340388,hidden_fake,B,1.335511223143067,0.5,0.75,141.75,4,567,61,0.0,0.5,B_10061_hidden_fake,10061
best_of_10_hashes_per_world,0.09700176366843033,hidden_fake,B,3.954603177484787,0.36363636363636365,0.36363636363636365,10.309090909090909,55,567,61,0.0,0.3090909090909091,B_10061_hidden_fake,10061
viability_signature,0.029982363315696647,hidden_fake,B,2.6302016936874226,0.0,0.11764705882352941,33.35294117647059,17,567,61,0.0,0.058823529411764705,B_10061_hidden_fake,10061
behavioral_quotient_k5,0.008818342151675485,hidden_fake,B,1.4253544601465018,0.4,0.4,113.4,5,567,61,0.0,0.0,B_10061_hidden_fake,10061
predictive_quotient_k5,0.008818342151675485,hidden_fake,B,1.4077857733280121,0.4,0.4,113.4,5,567,61,0.0,0.2,B_10061_hidden_fake,10061
predictive_quotient_k8,0.014109347442680775,hidden_fake,B,1.757728859601401,0.0,0.375,70.875,8,567,61,0.0,0.0,B_10061_hidden_fake,10061
identity,1.0,hidden_fake,B,6.340359303727763,0.0,0.0,1.0,567,567,64,1.0,0.0,B_10064_hidden_fake,10064
all_one,0.001763668430335097,hidden_fake,B,0.0,1.0,1.0,567.0,1,567,64,0.0,1.0,B_10064_hidden_fake,10064
random_k,0.02292768959435626,hidden_fake,B,2.5554079861522205,0.7692307692307693,0.9230769230769231,43.61538461538461,13,567,64,0.0,0.7692307692307693,B_10064_hidden_fake,10064
hash_k34_s1206,0.059964726631393295,hidden_fake,B,3.5234439856557835,0.5588235294117647,0.6470588235294118,16.676470588235293,34,567,64,0.0,0.5588235294117647,B_10064_hidden_fake,10064
trap_mixing_adversarial,0.007054673721340388,hidden_fake,B,1.267838064388856,0.5,0.75,141.75,4,567,64,0.0,0.5,B_10064_hidden_fake,10064
best_of_10_hashes_per_world,0.09700176366843033,hidden_fake,B,3.9675019423572158,0.32727272727272727,0.38181818181818183,10.309090909090909,55,567,64,0.0,0.32727272727272727,B_10064_hidden_fake,10064
viability_signature,0.029982363315696647,hidden_fake,B,2.612645734934557,0.0,0.11764705882352941,33.35294117647059,17,567,64,0.0,0.0,B_10064_hidden_fake,10064
behavioral_quotient_k5,0.008818342151675485,hidden_fake,B,1.4422591960138522,0.0,0.2,113.4,5,567,64,0.0,0.0,B_10064_hidden_fake,10064
predictive_quotient_k5,0.008818342151675485,hidden_fake,B,1.4282197885845407,0.0,0.2,113.4,5,567,64,0.0,0.0,B_10064_hidden_fake,10064
predictive_quotient_k8,0.014109347442680775,hidden_fake,B,1.953768267777955,0.0,0.125,70.875,8,567,64,0.0,0.0,B_10064_hidden_fake,10064
identity,1.0,hidden_fake,B,6.340359303727763,0.0,0.0,1.0,567,567,63,1.0,0.0,B_10063_hidden_fake,10063
all_one,0.001763668430335097,hidden_fake,B,0.0,1.0,1.0,567.0,1,567,63,0.0,1.0,B_10063_hidden_fake,10063
random_k,0.02292768959435626,hidden_fake,B,2.552400261659016,0.9230769230769231,0.9230769230769231,43.61538461538461,13,567,63,0.0,0.8461538461538461,B_10063_hidden_fake,10063
hash_k34_s1206,0.059964726631393295,hidden_fake,B,3.5234439856557835,0.5588235294117647,0.5882352941176471,16.676470588235293,34,567,63,0.0,0.5588235294117647,B_10063_hidden_fake,10063
trap_mixing_adversarial,0.007054673721340388,hidden_fake,B,1.3365627132772253,0.75,0.75,141.75,4,567,63,0.0,0.5,B_10063_hidden_fake,10063
best_of_10_hashes_per_world,0.09700176366843033,hidden_fake,B,3.956887077860815,0.36363636363636365,0.41818181818181815,10.309090909090909,55,567,63,0.0,0.34545454545454546,B_10063_hidden_fake,10063
viability_signature,0.029982363315696647,hidden_fake,B,2.621317982097911,0.0,0.11764705882352941,33.35294117647059,17,567,63,0.0,0.058823529411764705,B_10063_hidden_fake,10063
behavioral_quotient_k5,0.008818342151675485,hidden_fake,B,1.4144962605152032,0.2,0.4,113.4,5,567,63,0.0,0.0,B_10063_hidden_fake,10063
predictive_quotient_k5,0.008818342151675485,hidden_fake,B,1.4287033601095016,0.2,0.4,113.4,5,567,63,0.0,0.2,B_10063_hidden_fake,10063
predictive_quotient_k8,0.014109347442680775,hidden_fake,B,1.9484488505394797,0.125,0.25,70.875,8,567,63,0.0,0.125,B_10063_hidden_fake,10063
identity,1.0,hidden_fake,B,6.340359303727763,0.0,0.0,1.0,567,567,62,1.0,0.0,B_10062_hidden_fake,10062
all_one,0.001763668430335097,hidden_fake,B,0.0,1.0,1.0,567.0,1,567,62,0.0,1.0,B_10062_hidden_fake,10062
random_k,0.02292768959435626,hidden_fake,B,2.5591227750405303,1.0,1.0,43.61538461538461,13,567,62,0.0,0.9230769230769231,B_10062_hidden_fake,10062
hash_k34_s1206,0.059964726631393295,hidden_fake,B,3.5234439856557835,0.6176470588235294,0.6176470588235294,16.676470588235293,34,567,62,0.0,0.5588235294117647,B_10062_hidden_fake,10062
trap_mixing_adversarial,0.007054673721340388,hidden_fake,B,1.2721555842343353,0.75,0.75,141.75,4,567,62,0.0,0.5,B_10062_hidden_fake,10062
best_of_10_hashes_per_world,0.09700176366843033,hidden_fake,B,3.9530622624074963,0.34545454545454546,0.38181818181818183,10.309090909090909,55,567,62,0.0,0.32727272727272727,B_10062_hidden_fake,10062
viability_signature,0.029982363315696647,hidden_fake,B,2.622874375622073,0.0,0.11764705882352941,33.35294117647059,17,567,62,0.0,0.058823529411764705,B_10062_hidden_fake,10062
behavioral_quotient_k5,0.008818342151675485,hidden_fake,B,1.4074772438353875,0.2,0.2,113.4,5,567,62,0.0,0.0,B_10062_hidden_fake,10062
predictive_quotient_k5,0.008818342151675485,hidden_fake,B,1.398309748973107,0.2,0.2,113.4,5,567,62,0.0,0.0,B_10062_hidden_fake,10062
predictive_quotient_k8,0.014109347442680775,hidden_fake,B,1.924862947691187,0.125,0.25,70.875,8,567,62,0.0,0.0,B_10062_hidden_fake,10062
identity,1.0,hidden_fake,B,6.340359303727763,0.0,0.0,1.0,567,567,65,1.0,0.0,B_10065_hidden_fake,10065
all_one,0.001763668430335097,hidden_fake,B,0.0,1.0,1.0,567.0,1,567,65,0.0,1.0,B_10065_hidden_fake,10065
random_k,0.02292768959435626,hidden_fake,B,2.5481176022414394,0.8461538461538461,1.0,43.61538461538461,13,567,65,0.0,0.8461538461538461,B_10065_hidden_fake,10065
hash_k34_s1206,0.059964726631393295,hidden_fake,B,3.5234439856557835,0.6176470588235294,0.6764705882352942,16.676470588235293,34,567,65,0.0,0.5588235294117647,B_10065_hidden_fake,10065
trap_mixing_adversarial,0.007054673721340388,hidden_fake,B,1.335511223143067,0.5,0.75,141.75,4,567,65,0.0,0.5,B_10065_hidden_fake,10065
best_of_10_hashes_per_world,0.09700176366843033,hidden_fake,B,3.959348920286356,0.2909090909090909,0.34545454545454546,10.309090909090909,55,567,65,0.0,0.2909090909090909,B_10065_hidden_fake,10065
viability_signature,0.029982363315696647,hidden_fake,B,2.625484873228913,0.0,0.17647058823529413,33.35294117647059,17,567,65,0.0,0.058823529411764705,B_10065_hidden_fake,10065
behavioral_quotient_k5,0.008818342151675485,hidden_fake,B,1.4164754468693583,0.2,0.4,113.4,5,567,65,0.0,0.2,B_10065_hidden_fake,10065
predictive_quotient_k5,0.008818342151675485,hidden_fake,B,1.4212923027822404,0.2,0.2,113.4,5,567,65,0.0,0.2,B_10065_hidden_fake,10065
predictive_quotient_k8,0.014109347442680775,hidden_fake,B,1.8870508637105108,0.125,0.125,70.875,8,567,65,0.0,0.125,B_10065_hidden_fake,10065
identity,1.0,hidden_fake,B,6.340359303727763,0.0,0.0,1.0,567,567,66,1.0,0.0,B_10066_hidden_fake,10066
all_one,0.001763668430335097,hidden_fake,B,0.0,1.0,1.0,567.0,1,567,66,0.0,1.0,B_10066_hidden_fake,10066
random_k,0.02292768959435626,hidden_fake,B,2.5504430159874105,0.8461538461538461,0.9230769230769231,43.61538461538461,13,567,66,0.0,0.8461538461538461,B_10066_hidden_fake,10066
hash_k34_s1206,0.059964726631393295,hidden_fake,B,3.5234439856557835,0.5588235294117647,0.6176470588235294,16.676470588235293,34,567,66,0.0,0.5588235294117647,B_10066_hidden_fake,10066
trap_mixing_adversarial,0.007054673721340388,hidden_fake,B,1.303851011936528,0.5,0.75,141.75,4,567,66,0.0,0.5,B_10066_hidden_fake,10066
best_of_10_hashes_per_world,0.059964726631393295,hidden_fake,B,3.49037580390929,0.47058823529411764,0.5588235294117647,16.676470588235293,34,567,66,0.0,0.47058823529411764,B_10066_hidden_fake,10066
viability_signature,0.029982363315696647,hidden_fake,B,2.61529590272042,0.0,0.11764705882352941,33.35294117647059,17,567,66,0.0,0.0,B_10066_hidden_fake,10066
behavioral_quotient_k5,0.008818342151675485,hidden_fake,B,1.397353906026343,0.0,0.2,113.4,5,567,66,0.0,0.0,B_10066_hidden_fake,10066
predictive_quotient_k5,0.008818342151675485,hidden_fake,B,1.3944724321711206,0.0,0.4,113.4,5,567,66,0.0,0.0,B_10066_hidden_fake,10066
predictive_quotient_k8,0.014109347442680775,hidden_fake,B,1.9333669858947418,0.0,0.25,70.875,8,567,66,0.0,0.0,B_10066_hidden_fake,10066
identity,1.0,hidden_fake,B,6.340359303727763,0.0,0.0,1.0,567,567,69,1.0,0.0,B_10069_hidden_fake,10069
all_one,0.001763668430335097,hidden_fake,B,0.0,1.0,1.0,567.0,1,567,69,0.0,1.0,B_10069_hidden_fake,10069
random_k,0.02292768959435626,hidden_fake,B,2.5566434374410383,0.8461538461538461,0.9230769230769231,43.61538461538461,13,567,69,0.0,0.8461538461538461,B_10069_hidden_fake,10069
hash_k34_s1206,0.059964726631393295,hidden_fake,B,3.5234439856557835,0.5588235294117647,0.6470588235294118,16.676470588235293,34,567,69,0.0,0.5588235294117647,B_10069_hidden_fake,10069
trap_mixing_adversarial,0.007054673721340388,hidden_fake,B,1.3334044134497034,0.75,0.75,141.75,4,567,69,0.0,0.5,B_10069_hidden_fake,10069
best_of_10_hashes_per_world,0.037037037037037035,hidden_fake,B,3.029881019512606,0.7619047619047619,0.8571428571428571,27.0,21,567,69,0.0,0.7619047619047619,B_10069_hidden_fake,10069
viability_signature,0.029982363315696647,hidden_fake,B,2.6154454129984375,0.0,0.11764705882352941,33.35294117647059,17,567,69,0.0,0.058823529411764705,B_10069_hidden_fake,10069
behavioral_quotient_k5,0.008818342151675485,hidden_fake,B,1.4041541550083483,0.2,0.4,113.4,5,567,69,0.0,0.0,B_10069_hidden_fake,10069
predictive_quotient_k5,0.008818342151675485,hidden_fake,B,1.4155045548371803,0.0,0.6,113.4,5,567,69,0.0,0.2,B_10069_hidden_fake,10069
predictive_quotient_k8,0.014109347442680775,hidden_fake,B,1.898986984102158,0.125,0.375,70.875,8,567,69,0.0,0.125,B_10069_hidden_fake,10069
identity,1.0,hidden_fake,B,6.340359303727763,0.0,0.0,1.0,567,567,68,1.0,0.0,B_10068_hidden_fake,10068
all_one,0.001763668430335097,hidden_fake,B,0.0,1.0,1.0,567.0,1,567,68,0.0,1.0,B_10068_hidden_fake,10068
random_k,0.02292768959435626,hidden_fake,B,2.551264517616879,0.8461538461538461,0.9230769230769231,43.61538461538461,13,567,68,0.0,0.8461538461538461,B_10068_hidden_fake,10068
hash_k34_s1206,0.059964726631393295,hidden_fake,B,3.5234439856557835,0.6176470588235294,0.6764705882352942,16.676470588235293,34,567,68,0.0,0.5588235294117647,B_10068_hidden_fake,10068
trap_mixing_adversarial,0.007054673721340388,hidden_fake,B,1.2831790367897034,0.75,0.75,141.75,4,567,68,0.0,0.5,B_10068_hidden_fake,10068
best_of_10_hashes_per_world,0.059964726631393295,hidden_fake,B,3.4849657597129458,0.47058823529411764,0.5,16.676470588235293,34,567,68,0.0,0.38235294117647056,B_10068_hidden_fake,10068
viability_signature,0.029982363315696647,hidden_fake,B,2.6174473555448627,0.0,0.11764705882352941,33.35294117647059,17,567,68,0.0,0.058823529411764705,B_10068_hidden_fake,10068
behavioral_quotient_k5,0.008818342151675485,hidden_fake,B,1.4250520923520527,0.2,0.2,113.4,5,567,68,0.0,0.0,B_10068_hidden_fake,10068
predictive_quotient_k5,0.008818342151675485,hidden_fake,B,1.4329944651545485,0.2,0.4,113.4,5,567,68,0.0,0.2,B_10068_hidden_fake,10068
predictive_quotient_k8,0.014109347442680775,hidden_fake,B,1.9387162752571436,0.125,0.25,70.875,8,567,68,0.0,0.125,B_10068_hidden_fake,10068
identity,1.0,hidden_fake,B,6.340359303727763,0.0,0.0,1.0,567,567,70,1.0,0.0,B_10070_hidden_fake,10070
all_one,0.001763668430335097,hidden_fake,B,0.0,1.0,1.0,567.0,1,567,70,0.0,1.0,B_10070_hidden_fake,10070
random_k,0.02292768959435626,hidden_fake,B,2.5543293801385993,0.8461538461538461,0.8461538461538461,43.61538461538461,13,567,70,0.0,0.8461538461538461,B_10070_hidden_fake,10070
hash_k34_s1206,0.059964726631393295,hidden_fake,B,3.5234439856557835,0.5588235294117647,0.6176470588235294,16.676470588235293,34,567,70,0.0,0.5588235294117647,B_10070_hidden_fake,10070
trap_mixing_adversarial,0.007054673721340388,hidden_fake,B,1.2852487856269774,0.5,0.75,141.75,4,567,70,0.0,0.5,B_10070_hidden_fake,10070
best_of_10_hashes_per_world,0.09700176366843033,hidden_fake,B,3.9472554222095346,0.32727272727272727,0.38181818181818183,10.309090909090909,55,567,70,0.0,0.32727272727272727,B_10070_hidden_fake,10070
viability_signature,0.029982363315696647,hidden_fake,B,2.6086685253004647,0.0,0.11764705882352941,33.35294117647059,17,567,70,0.0,0.0,B_10070_hidden_fake,10070
behavioral_quotient_k5,0.008818342151675485,hidden_fake,B,1.4056423723682483,0.0,0.4,113.4,5,567,70,0.0,0.0,B_10070_hidden_fake,10070
predictive_quotient_k5,0.008818342151675485,hidden_fake,B,1.4040195461216778,0.0,0.2,113.4,5,567,70,0.0,0.0,B_10070_hidden_fake,10070
predictive_quotient_k8,0.014109347442680775,hidden_fake,B,2.0097091178095576,0.0,0.125,70.875,8,567,70,0.0,0.0,B_10070_hidden_fake,10070
identity,1.0,hidden_fake,B,6.340359303727763,0.0,0.0,1.0,567,567,71,1.0,0.0,B_10071_hidden_fake,10071
all_one,0.001763668430335097,hidden_fake,B,0.0,1.0,1.0,567.0,1,567,71,0.0,1.0,B_10071_hidden_fake,10071
random_k,0.02292768959435626,hidden_fake,B,2.5547832168803732,0.8461538461538461,0.9230769230769231,43.61538461538461,13,567,71,0.0,0.8461538461538461,B_10071_hidden_fake,10071
hash_k34_s1206,0.059964726631393295,hidden_fake,B,3.5234439856557835,0.6470588235294118,0.6764705882352942,16.676470588235293,34,567,71,0.0,0.5588235294117647,B_10071_hidden_fake,10071
trap_mixing_adversarial,0.007054673721340388,hidden_fake,B,1.335511223143067,0.5,0.75,141.75,4,567,71,0.0,0.5,B_10071_hidden_fake,10071
best_of_10_hashes_per_world,0.09700176366843033,hidden_fake,B,3.9494340371099477,0.34545454545454546,0.34545454545454546,10.309090909090909,55,567,71,0.0,0.3090909090909091,B_10071_hidden_fake,10071
viability_signature,0.029982363315696647,hidden_fake,B,2.6300546736466597,0.0,0.11764705882352941,33.35294117647059,17,567,71,0.0,0.058823529411764705,B_10071_hidden_fake,10071
behavioral_quotient_k5,0.008818342151675485,hidden_fake,B,1.418467820603065,0.4,0.4,113.4,5,567,71,0.0,0.0,B_10071_hidden_fake,10071
predictive_quotient_k5,0.008818342151675485,hidden_fake,B,1.4159739481670857,0.2,0.4,113.4,5,567,71,0.0,0.2,B_10071_hidden_fake,10071
predictive_quotient_k8,0.014109347442680775,hidden_fake,B,1.8897740833591845,0.125,0.125,70.875,8,567,71,0.0,0.125,B_10071_hidden_fake,10071
identity,1.0,hidden_fake,B,6.340359303727763,0.0,0.0,1.0,567,567,72,1.0,0.0,B_10072_hidden_fake,10072
all_one,0.001763668430335097,hidden_fake,B,0.0,1.0,1.0,567.0,1,567,72,0.0,1.0,B_10072_hidden_fake,10072
random_k,0.02292768959435626,hidden_fake,B,2.5566721692418435,0.7692307692307693,0.7692307692307693,43.61538461538461,13,567,72,0.0,0.7692307692307693,B_10072_hidden_fake,10072
hash_k34_s1206,0.059964726631393295,hidden_fake,B,3.5234439856557835,0.6176470588235294,0.6176470588235294,16.676470588235293,34,567,72,0.0,0.5588235294117647,B_10072_hidden_fake,10072
trap_mixing_adversarial,0.007054673721340388,hidden_fake,B,1.2721555842343353,0.75,0.75,141.75,4,567,72,0.0,0.5,B_10072_hidden_fake,10072
best_of_10_hashes_per_world,0.09700176366843033,hidden_fake,B,3.943977008613096,0.34545454545454546,0.38181818181818183,10.309090909090909,55,567,72,0.0,0.32727272727272727,B_10072_hidden_fake,10072
viability_signature,0.029982363315696647,hidden_fake,B,2.626527835260454,0.0,0.11764705882352941,33.35294117647059,17,567,72,0.0,0.058823529411764705,B_10072_hidden_fake,10072
behavioral_quotient_k5,0.008818342151675485,hidden_fake,B,1.4177165822388857,0.2,0.2,113.4,5,567,72,0.0,0.2,B_10072_hidden_fake,10072
predictive_quotient_k5,0.008818342151675485,hidden_fake,B,1.3645964084318214,0.2,0.2,113.4,5,567,72,0.0,0.0,B_10072_hidden_fake,10072
predictive_quotient_k8,0.014109347442680775,hidden_fake,B,1.943716277814814,0.125,0.125,70.875,8,567,72,0.0,0.0,B_10072_hidden_fake,10072
identity,1.0,hidden_fake,B,6.340359303727763,0.0,0.0,1.0,567,567,77,1.0,0.0,B_10077_hidden_fake,10077
all_one,0.001763668430335097,hidden_fake,B,0.0,1.0,1.0,567.0,1,567,77,0.0,1.0,B_10077_hidden_fake,10077
random_k,0.02292768959435626,hidden_fake,B,2.5573197531237577,0.9230769230769231,0.9230769230769231,43.61538461538461,13,567,77,0.0,0.9230769230769231,B_10077_hidden_fake,10077
hash_k34_s1206,0.059964726631393295,hidden_fake,B,3.5234439856557835,0.5588235294117647,0.6176470588235294,16.676470588235293,34,567,77,0.0,0.5588235294117647,B_10077_hidden_fake,10077
trap_mixing_adversarial,0.007054673721340388,hidden_fake,B,1.3360481610380393,0.5,0.75,141.75,4,567,77,0.0,0.5,B_10077_hidden_fake,10077
best_of_10_hashes_per_world,0.09700176366843033,hidden_fake,B,3.964858433606234,0.32727272727272727,0.41818181818181815,10.309090909090909,55,567,77,0.0,0.32727272727272727,B_10077_hidden_fake,10077
viability_signature,0.029982363315696647,hidden_fake,B,2.617708707813174,0.0,0.11764705882352941,33.35294117647059,17,567,77,0.0,0.0,B_10077_hidden_fake,10077
behavioral_quotient_k5,0.008818342151675485,hidden_fake,B,1.417456479585509,0.0,0.2,113.4,5,567,77,0.0,0.0,B_10077_hidden_fake,10077
predictive_quotient_k5,0.008818342151675485,hidden_fake,B,1.427200956701932,0.0,0.4,113.4,5,567,77,0.0,0.0,B_10077_hidden_fake,10077
predictive_quotient_k8,0.014109347442680775,hidden_fake,B,1.9764683274755226,0.0,0.125,70.875,8,567,77,0.0,0.0,B_10077_hidden_fake,10077
identity,1.0,hidden_fake,B,6.340359303727763,0.0,0.0,1.0,567,567,74,1.0,0.0,B_10074_hidden_fake,10074
all_one,0.001763668430335097,hidden_fake,B,0.0,1.0,1.0,567.0,1,567,74,0.0,1.0,B_10074_hidden_fake,10074
random_k,0.02292768959435626,hidden_fake,B,2.5559999466227197,0.6923076923076923,0.8461538461538461,43.61538461538461,13,567,74,0.0,0.6923076923076923,B_10074_hidden_fake,10074
hash_k34_s1206,0.059964726631393295,hidden_fake,B,3.5234439856557835,0.5588235294117647,0.6470588235294118,16.676470588235293,34,567,74,0.0,0.5588235294117647,B_10074_hidden_fake,10074
trap_mixing_adversarial,0.007054673721340388,hidden_fake,B,1.267838064388856,0.5,0.75,141.75,4,567,74,0.0,0.5,B_10074_hidden_fake,10074
best_of_10_hashes_per_world,0.09700176366843033,hidden_fake,B,3.974658127928176,0.34545454545454546,0.43636363636363634,10.309090909090909,55,567,74,0.0,0.34545454545454546,B_10074_hidden_fake,10074
viability_signature,0.029982363315696647,hidden_fake,B,2.6084323495571913,0.0,0.11764705882352941,33.35294117647059,17,567,74,0.0,0.0,B_10074_hidden_fake,10074
behavioral_quotient_k5,0.008818342151675485,hidden_fake,B,1.4483011006877222,0.0,0.2,113.4,5,567,74,0.0,0.0,B_10074_hidden_fake,10074
predictive_quotient_k5,0.008818342151675485,hidden_fake,B,1.446435402321813,0.0,0.2,113.4,5,567,74,0.0,0.0,B_10074_hidden_fake,10074
predictive_quotient_k8,0.014109347442680775,hidden_fake,B,1.9732266839747077,0.0,0.125,70.875,8,567,74,0.0,0.0,B_10074_hidden_fake,10074
identity,1.0,hidden_fake,B,6.340359303727763,0.0,0.0,1.0,567,567,80,1.0,0.0,B_10080_hidden_fake,10080
all_one,0.001763668430335097,hidden_fake,B,0.0,1.0,1.0,567.0,1,567,80,0.0,1.0,B_10080_hidden_fake,10080
random_k,0.02292768959435626,hidden_fake,B,2.5550421025615617,0.8461538461538461,0.9230769230769231,43.61538461538461,13,567,80,0.0,0.8461538461538461,B_10080_hidden_fake,10080
hash_k34_s1206,0.059964726631393295,hidden_fake,B,3.5234439856557835,0.5588235294117647,0.6176470588235294,16.676470588235293,34,567,80,0.0,0.5588235294117647,B_10080_hidden_fake,10080
trap_mixing_adversarial,0.007054673721340388,hidden_fake,B,1.2852487856269774,0.5,0.75,141.75,4,567,80,0.0,0.5,B_10080_hidden_fake,10080
best_of_10_hashes_per_world,0.059964726631393295,hidden_fake,B,3.497494785933349,0.5,0.5588235294117647,16.676470588235293,34,567,80,0.0,0.5,B_10080_hidden_fake,10080
viability_signature,0.029982363315696647,hidden_fake,B,2.6051412357829467,0.0,0.11764705882352941,33.35294117647059,17,567,80,0.0,0.0,B_10080_hidden_fake,10080
behavioral_quotient_k5,0.008818342151675485,hidden_fake,B,1.4117750049257827,0.0,0.2,113.4,5,567,80,0.0,0.0,B_10080_hidden_fake,10080
predictive_quotient_k5,0.008818342151675485,hidden_fake,B,1.4271539959696118,0.0,0.2,113.4,5,567,80,0.0,0.0,B_10080_hidden_fake,10080
predictive_quotient_k8,0.014109347442680775,hidden_fake,B,1.9512157696209234,0.0,0.125,70.875,8,567,80,0.0,0.0,B_10080_hidden_fake,10080
identity,1.0,hidden_fake,B,6.340359303727763,0.0,0.0,1.0,567,567,73,1.0,0.0,B_10073_hidden_fake,10073
all_one,0.001763668430335097,hidden_fake,B,0.0,1.0,1.0,567.0,1,567,73,0.0,1.0,B_10073_hidden_fake,10073
random_k,0.02292768959435626,hidden_fake,B,2.550125617711585,0.9230769230769231,0.9230769230769231,43.61538461538461,13,567,73,0.0,0.8461538461538461,B_10073_hidden_fake,10073
hash_k34_s1206,0.059964726631393295,hidden_fake,B,3.5234439856557835,0.5588235294117647,0.5882352941176471,16.676470588235293,34,567,73,0.0,0.5588235294117647,B_10073_hidden_fake,10073
trap_mixing_adversarial,0.007054673721340388,hidden_fake,B,1.3365627132772253,0.75,0.75,141.75,4,567,73,0.0,0.5,B_10073_hidden_fake,10073
best_of_10_hashes_per_world,0.09700176366843033,hidden_fake,B,3.9539357728093707,0.2909090909090909,0.36363636363636365,10.309090909090909,55,567,73,0.0,0.2727272727272727,B_10073_hidden_fake,10073
viability_signature,0.029982363315696647,hidden_fake,B,2.6185437282614688,0.0,0.11764705882352941,33.35294117647059,17,567,73,0.0,0.058823529411764705,B_10073_hidden_fake,10073
behavioral_quotient_k5,0.008818342151675485,hidden_fake,B,1.4097376729104891,0.2,0.6,113.4,5,567,73,0.0,0.2,B_10073_hidden_fake,10073
predictive_quotient_k5,0.008818342151675485,hidden_fake,B,1.3968864289090184,0.2,0.4,113.4,5,567,73,0.0,0.2,B_10073_hidden_fake,10073
predictive_quotient_k8,0.014109347442680775,hidden_fake,B,1.9690677500568807,0.125,0.25,70.875,8,567,73,0.0,0.125,B_10073_hidden_fake,10073
identity,1.0,hidden_fake,B,6.340359303727763,0.0,0.0,1.0,567,567,76,1.0,0.0,B_10076_hidden_fake,10076
all_one,0.001763668430335097,hidden_fake,B,0.0,1.0,1.0,567.0,1,567,76,0.0,1.0,B_10076_hidden_fake,10076
random_k,0.02292768959435626,hidden_fake,B,2.5580602323112687,0.8461538461538461,0.9230769230769231,43.61538461538461,13,567,76,0.0,0.8461538461538461,B_10076_hidden_fake,10076
hash_k34_s1206,0.059964726631393295,hidden_fake,B,3.5234439856557835,0.5588235294117647,0.6176470588235294,16.676470588235293,34,567,76,0.0,0.5588235294117647,B_10076_hidden_fake,10076
trap_mixing_adversarial,0.007054673721340388,hidden_fake,B,1.303851011936528,0.5,0.75,141.75,4,567,76,0.0,0.5,B_10076_hidden_fake,10076
best_of_10_hashes_per_world,0.09700176366843033,hidden_fake,B,3.943368463128814,0.2909090909090909,0.34545454545454546,10.309090909090909,55,567,76,0.0,0.2909090909090909,B_10076_hidden_fake,10076
viability_signature,0.029982363315696647,hidden_fake,B,2.608988939813148,0.0,0.11764705882352941,33.35294117647059,17,567,76,0.0,0.0,B_10076_hidden_fake,10076
behavioral_quotient_k5,0.008818342151675485,hidden_fake,B,1.3944577711567199,0.0,0.4,113.4,5,567,76,0.0,0.0,B_10076_hidden_fake,10076
predictive_quotient_k5,0.008818342151675485,hidden_fake,B,1.3825308330293447,0.0,0.2,113.4,5,567,76,0.0,0.0,B_10076_hidden_fake,10076
predictive_quotient_k8,0.014109347442680775,hidden_fake,B,1.9139257999970694,0.0,0.125,70.875,8,567,76,0.0,0.0,B_10076_hidden_fake,10076
identity,1.0,hidden_fake,B,6.340359303727763,0.0,0.0,1.0,567,567,75,1.0,0.0,B_10075_hidden_fake,10075
all_one,0.001763668430335097,hidden_fake,B,0.0,1.0,1.0,567.0,1,567,75,0.0,1.0,B_10075_hidden_fake,10075
random_k,0.02292768959435626,hidden_fake,B,2.554978692118731,0.9230769230769231,0.9230769230769231,43.61538461538461,13,567,75,0.0,0.8461538461538461,B_10075_hidden_fake,10075
hash_k34_s1206,0.059964726631393295,hidden_fake,B,3.5234439856557835,0.6176470588235294,0.6764705882352942,16.676470588235293,34,567,75,0.0,0.5588235294117647,B_10075_hidden_fake,10075
trap_mixing_adversarial,0.007054673721340388,hidden_fake,B,1.335511223143067,0.5,0.75,141.75,4,567,75,0.0,0.5,B_10075_hidden_fake,10075
best_of_10_hashes_per_world,0.059964726631393295,hidden_fake,B,3.4662104146577244,0.5294117647058824,0.5588235294117647,16.676470588235293,34,567,75,0.0,0.47058823529411764,B_10075_hidden_fake,10075
viability_signature,0.029982363315696647,hidden_fake,B,2.6210021663618948,0.0,0.17647058823529413,33.35294117647059,17,567,75,0.0,0.058823529411764705,B_10075_hidden_fake,10075
behavioral_quotient_k5,0.008818342151675485,hidden_fake,B,1.3821419970089825,0.2,0.4,113.4,5,567,75,0.0,0.0,B_10075_hidden_fake,10075
predictive_quotient_k5,0.008818342151675485,hidden_fake,B,1.4050461599380792,0.4,0.4,113.4,5,567,75,0.0,0.0,B_10075_hidden_fake,10075
predictive_quotient_k8,0.014109347442680775,hidden_fake,B,1.9657192368275291,0.125,0.125,70.875,8,567,75,0.0,0.0,B_10075_hidden_fake,10075
identity,1.0,hidden_fake,B,6.340359303727763,0.0,0.0,1.0,567,567,79,1.0,0.0,B_10079_hidden_fake,10079
all_one,0.001763668430335097,hidden_fake,B,0.0,1.0,1.0,567.0,1,567,79,0.0,1.0,B_10079_hidden_fake,10079
random_k,0.02292768959435626,hidden_fake,B,2.557395957952022,0.6923076923076923,0.8461538461538461,43.61538461538461,13,567,79,0.0,0.6923076923076923,B_10079_hidden_fake,10079
hash_k34_s1206,0.059964726631393295,hidden_fake,B,3.5234439856557835,0.5588235294117647,0.6470588235294118,16.676470588235293,34,567,79,0.0,0.5588235294117647,B_10079_hidden_fake,10079
trap_mixing_adversarial,0.007054673721340388,hidden_fake,B,1.3334044134497034,0.75,0.75,141.75,4,567,79,0.0,0.5,B_10079_hidden_fake,10079
best_of_10_hashes_per_world,0.059964726631393295,hidden_fake,B,3.502387562060443,0.5,0.5294117647058824,16.676470588235293,34,567,79,0.0,0.5,B_10079_hidden_fake,10079
viability_signature,0.029982363315696647,hidden_fake,B,2.6128671530528047,0.0,0.11764705882352941,33.35294117647059,17,567,79,0.0,0.058823529411764705,B_10079_hidden_fake,10079
behavioral_quotient_k5,0.008818342151675485,hidden_fake,B,1.3697800492143333,0.2,0.4,113.4,5,567,79,0.0,0.0,B_10079_hidden_fake,10079
predictive_quotient_k5,0.008818342151675485,hidden_fake,B,1.359527288545207,0.2,0.4,113.4,5,567,79,0.0,0.2,B_10079_hidden_fake,10079
predictive_quotient_k8,0.014109347442680775,hidden_fake,B,1.882193354317203,0.125,0.25,70.875,8,567,79,0.0,0.125,B_10079_hidden_fake,10079
identity,1.0,hidden_fake,B,6.340359303727763,0.0,0.0,1.0,567,567,78,1.0,0.0,B_10078_hidden_fake,10078
all_one,0.001763668430335097,hidden_fake,B,0.0,1.0,1.0,567.0,1,567,78,0.0,1.0,B_10078_hidden_fake,10078
random_k,0.02292768959435626,hidden_fake,B,2.5532757503697425,0.8461538461538461,0.8461538461538461,43.61538461538461,13,567,78,0.0,0.7692307692307693,B_10078_hidden_fake,10078
hash_k34_s1206,0.059964726631393295,hidden_fake,B,3.5234439856557835,0.6176470588235294,0.6764705882352942,16.676470588235293,34,567,78,0.0,0.5588235294117647,B_10078_hidden_fake,10078
trap_mixing_adversarial,0.007054673721340388,hidden_fake,B,1.2831790367897034,0.75,0.75,141.75,4,567,78,0.0,0.5,B_10078_hidden_fake,10078
best_of_10_hashes_per_world,0.09700176366843033,hidden_fake,B,3.963303328922803,0.36363636363636365,0.41818181818181815,10.309090909090909,55,567,78,0.0,0.32727272727272727,B_10078_hidden_fake,10078
viability_signature,0.029982363315696647,hidden_fake,B,2.616008104986374,0.0,0.11764705882352941,33.35294117647059,17,567,78,0.0,0.058823529411764705,B_10078_hidden_fake,10078
behavioral_quotient_k5,0.008818342151675485,hidden_fake,B,1.4013816060737658,0.2,0.2,113.4,5,567,78,0.0,0.0,B_10078_hidden_fake,10078
predictive_quotient_k5,0.008818342151675485,hidden_fake,B,1.4103915982301256,0.2,0.2,113.4,5,567,78,0.0,0.0,B_10078_hidden_fake,10078
predictive_quotient_k8,0.014109347442680775,hidden_fake,B,1.925718462151447,0.125,0.25,70.875,8,567,78,0.0,0.0,B_10078_hidden_fake,10078
identity,1.0,hidden_fake,B,6.340359303727763,0.0,0.0,1.0,567,567,87,1.0,0.0,B_10087_hidden_fake,10087
all_one,0.001763668430335097,hidden_fake,B,0.0,1.0,1.0,567.0,1,567,87,0.0,1.0,B_10087_hidden_fake,10087
random_k,0.02292768959435626,hidden_fake,B,2.5529154968272993,0.6923076923076923,0.7692307692307693,43.61538461538461,13,567,87,0.0,0.6923076923076923,B_10087_hidden_fake,10087
hash_k34_s1206,0.059964726631393295,hidden_fake,B,3.5234439856557835,0.5588235294117647,0.6176470588235294,16.676470588235293,34,567,87,0.0,0.5588235294117647,B_10087_hidden_fake,10087
trap_mixing_adversarial,0.007054673721340388,hidden_fake,B,1.3360481610380393,0.5,0.75,141.75,4,567,87,0.0,0.5,B_10087_hidden_fake,10087
best_of_10_hashes_per_world,0.09700176366843033,hidden_fake,B,3.939738141320322,0.2727272727272727,0.32727272727272727,10.309090909090909,55,567,87,0.0,0.2727272727272727,B_10087_hidden_fake,10087
viability_signature,0.029982363315696647,hidden_fake,B,2.6158259366514853,0.0,0.11764705882352941,33.35294117647059,17,567,87,0.0,0.0,B_10087_hidden_fake,10087
behavioral_quotient_k5,0.008818342151675485,hidden_fake,B,1.4024347271208697,0.0,0.4,113.4,5,567,87,0.0,0.0,B_10087_hidden_fake,10087
predictive_quotient_k5,0.008818342151675485,hidden_fake,B,1.4231250397687838,0.0,0.4,113.4,5,567,87,0.0,0.0,B_10087_hidden_fake,10087
predictive_quotient_k8,0.014109347442680775,hidden_fake,B,1.9231678604699525,0.0,0.125,70.875,8,567,87,0.0,0.0,B_10087_hidden_fake,10087
identity,1.0,hidden_fake,B,6.340359303727763,0.0,0.0,1.0,567,567,81,1.0,0.0,B_10081_hidden_fake,10081
all_one,0.001763668430335097,hidden_fake,B,0.0,1.0,1.0,567.0,1,567,81,0.0,1.0,B_10081_hidden_fake,10081
random_k,0.02292768959435626,hidden_fake,B,2.5535274346165475,0.9230769230769231,0.9230769230769231,43.61538461538461,13,567,81,0.0,0.8461538461538461,B_10081_hidden_fake,10081
hash_k34_s1206,0.059964726631393295,hidden_fake,B,3.5234439856557835,0.6470588235294118,0.6764705882352942,16.676470588235293,34,567,81,0.0,0.5588235294117647,B_10081_hidden_fake,10081
trap_mixing_adversarial,0.007054673721340388,hidden_fake,B,1.335511223143067,0.5,0.75,141.75,4,567,81,0.0,0.5,B_10081_hidden_fake,10081
best_of_10_hashes_per_world,0.059964726631393295,hidden_fake,B,3.4838694660716665,0.5294117647058824,0.5294117647058824,16.676470588235293,34,567,81,0.0,0.5,B_10081_hidden_fake,10081
viability_signature,0.029982363315696647,hidden_fake,B,2.631466603530604,0.0,0.11764705882352941,33.35294117647059,17,567,81,0.0,0.058823529411764705,B_10081_hidden_fake,10081
behavioral_quotient_k5,0.008818342151675485,hidden_fake,B,1.401126213998248,0.2,0.4,113.4,5,567,81,0.0,0.0,B_10081_hidden_fake,10081
predictive_quotient_k5,0.008818342151675485,hidden_fake,B,1.4250764616123868,0.2,0.2,113.4,5,567,81,0.0,0.0,B_10081_hidden_fake,10081
predictive_quotient_k8,0.014109347442680775,hidden_fake,B,1.9034772929922457,0.125,0.125,70.875,8,567,81,0.0,0.0,B_10081_hidden_fake,10081
identity,1.0,hidden_fake,B,6.340359303727763,0.0,0.0,1.0,567,567,83,1.0,0.0,B_10083_hidden_fake,10083
all_one,0.001763668430335097,hidden_fake,B,0.0,1.0,1.0,567.0,1,567,83,0.0,1.0,B_10083_hidden_fake,10083
random_k,0.02292768959435626,hidden_fake,B,2.555986692047847,0.7692307692307693,0.7692307692307693,43.61538461538461,13,567,83,0.0,0.7692307692307693,B_10083_hidden_fake,10083
hash_k34_s1206,0.059964726631393295,hidden_fake,B,3.5234439856557835,0.5588235294117647,0.5882352941176471,16.676470588235293,34,567,83,0.0,0.5588235294117647,B_10083_hidden_fake,10083
trap_mixing_adversarial,0.007054673721340388,hidden_fake,B,1.3365627132772253,0.75,0.75,141.75,4,567,83,0.0,0.5,B_10083_hidden_fake,10083
best_of_10_hashes_per_world,0.059964726631393295,hidden_fake,B,3.5033225836640405,0.5294117647058824,0.5882352941176471,16.676470588235293,34,567,83,0.0,0.47058823529411764,B_10083_hidden_fake,10083
viability_signature,0.029982363315696647,hidden_fake,B,2.6197261789227935,0.0,0.11764705882352941,33.35294117647059,17,567,83,0.0,0.058823529411764705,B_10083_hidden_fake,10083
behavioral_quotient_k5,0.008818342151675485,hidden_fake,B,1.4174308648911969,0.0,0.6,113.4,5,567,83,0.0,0.2,B_10083_hidden_fake,10083
predictive_quotient_k5,0.008818342151675485,hidden_fake,B,1.3938404306486876,0.0,0.6,113.4,5,567,83,0.0,0.2,B_10083_hidden_fake,10083
predictive_quotient_k8,0.014109347442680775,hidden_fake,B,1.92615298315103,0.0,0.25,70.875,8,567,83,0.0,0.125,B_10083_hidden_fake,10083
identity,1.0,hidden_fake,B,6.340359303727763,0.0,0.0,1.0,567,567,84,1.0,0.0,B_10084_hidden_fake,10084
all_one,0.001763668430335097,hidden_fake,B,0.0,1.0,1.0,567.0,1,567,84,0.0,1.0,B_10084_hidden_fake,10084
random_k,0.02292768959435626,hidden_fake,B,2.5517351435131648,0.7692307692307693,0.7692307692307693,43.61538461538461,13,567,84,0.0,0.7692307692307693,B_10084_hidden_fake,10084
hash_k34_s1206,0.059964726631393295,hidden_fake,B,3.5234439856557835,0.5588235294117647,0.6470588235294118,16.676470588235293,34,567,84,0.0,0.5588235294117647,B_10084_hidden_fake,10084
trap_mixing_adversarial,0.007054673721340388,hidden_fake,B,1.267838064388856,0.5,0.75,141.75,4,567,84,0.0,0.5,B_10084_hidden_fake,10084
best_of_10_hashes_per_world,0.09700176366843033,hidden_fake,B,3.957757548634669,0.2909090909090909,0.36363636363636365,10.309090909090909,55,567,84,0.01818181818181818,0.2909090909090909,B_10084_hidden_fake,10084
viability_signature,0.029982363315696647,hidden_fake,B,2.6111476371414395,0.0,0.11764705882352941,33.35294117647059,17,567,84,0.0,0.0,B_10084_hidden_fake,10084
behavioral_quotient_k5,0.008818342151675485,hidden_fake,B,1.443518061862251,0.0,0.2,113.4,5,567,84,0.0,0.0,B_10084_hidden_fake,10084
predictive_quotient_k5,0.008818342151675485,hidden_fake,B,1.423981926477257,0.0,0.2,113.4,5,567,84,0.0,0.0,B_10084_hidden_fake,10084
predictive_quotient_k8,0.014109347442680775,hidden_fake,B,1.939643941050837,0.0,0.125,70.875,8,567,84,0.0,0.0,B_10084_hidden_fake,10084
identity,1.0,hidden_fake,B,6.340359303727763,0.0,0.0,1.0,567,567,82,1.0,0.0,B_10082_hidden_fake,10082
all_one,0.001763668430335097,hidden_fake,B,0.0,1.0,1.0,567.0,1,567,82,0.0,1.0,B_10082_hidden_fake,10082
random_k,0.02292768959435626,hidden_fake,B,2.547921272739235,0.7692307692307693,0.6923076923076923,43.61538461538461,13,567,82,0.0,0.6923076923076923,B_10082_hidden_fake,10082
hash_k34_s1206,0.059964726631393295,hidden_fake,B,3.5234439856557835,0.6176470588235294,0.6176470588235294,16.676470588235293,34,567,82,0.0,0.5588235294117647,B_10082_hidden_fake,10082
trap_mixing_adversarial,0.007054673721340388,hidden_fake,B,1.2721555842343353,0.75,0.75,141.75,4,567,82,0.0,0.5,B_10082_hidden_fake,10082
best_of_10_hashes_per_world,0.09700176366843033,hidden_fake,B,3.9540650801988426,0.3090909090909091,0.36363636363636365,10.309090909090909,55,567,82,0.0,0.2727272727272727,B_10082_hidden_fake,10082
viability_signature,0.029982363315696647,hidden_fake,B,2.6212555271858533,0.0,0.11764705882352941,33.35294117647059,17,567,82,0.0,0.058823529411764705,B_10082_hidden_fake,10082
behavioral_quotient_k5,0.008818342151675485,hidden_fake,B,1.399549878895175,0.2,0.2,113.4,5,567,82,0.0,0.0,B_10082_hidden_fake,10082
predictive_quotient_k5,0.008818342151675485,hidden_fake,B,1.41525415174295,0.2,0.2,113.4,5,567,82,0.0,0.2,B_10082_hidden_fake,10082
predictive_quotient_k8,0.014109347442680775,hidden_fake,B,1.9215571517486887,0.125,0.25,70.875,8,567,82,0.0,0.125,B_10082_hidden_fake,10082
identity,1.0,hidden_fake,B,6.340359303727763,0.0,0.0,1.0,567,567,85,1.0,0.0,B_10085_hidden_fake,10085
all_one,0.001763668430335097,hidden_fake,B,0.0,1.0,1.0,567.0,1,567,85,0.0,1.0,B_10085_hidden_fake,10085
random_k,0.02292768959435626,hidden_fake,B,2.5547708977257217,0.9230769230769231,0.9230769230769231,43.61538461538461,13,567,85,0.0,0.9230769230769231,B_10085_hidden_fake,10085
hash_k34_s1206,0.059964726631393295,hidden_fake,B,3.5234439856557835,0.6176470588235294,0.6764705882352942,16.676470588235293,34,567,85,0.0,0.5588235294117647,B_10085_hidden_fake,10085
trap_mixing_adversarial,0.007054673721340388,hidden_fake,B,1.335511223143067,0.5,0.75,141.75,4,567,85,0.0,0.5,B_10085_hidden_fake,10085
best_of_10_hashes_per_world,0.09700176366843033,hidden_fake,B,3.964135466395097,0.36363636363636365,0.45454545454545453,10.309090909090909,55,567,85,0.0,0.32727272727272727,B_10085_hidden_fake,10085
viability_signature,0.029982363315696647,hidden_fake,B,2.624633748161343,0.0,0.17647058823529413,33.35294117647059,17,567,85,0.0,0.058823529411764705,B_10085_hidden_fake,10085
behavioral_quotient_k5,0.008818342151675485,hidden_fake,B,1.4102950317939105,0.2,0.4,113.4,5,567,85,0.0,0.2,B_10085_hidden_fake,10085
predictive_quotient_k5,0.008818342151675485,hidden_fake,B,1.3929450131588692,0.2,0.4,113.4,5,567,85,0.0,0.0,B_10085_hidden_fake,10085
predictive_quotient_k8,0.014109347442680775,hidden_fake,B,1.9544971393908823,0.125,0.125,70.875,8,567,85,0.0,0.0,B_10085_hidden_fake,10085
identity,1.0,hidden_fake,B,6.340359303727763,0.0,0.0,1.0,567,567,86,1.0,0.0,B_10086_hidden_fake,10086
all_one,0.001763668430335097,hidden_fake,B,0.0,1.0,1.0,567.0,1,567,86,0.0,1.0,B_10086_hidden_fake,10086
random_k,0.02292768959435626,hidden_fake,B,2.551998204450623,0.8461538461538461,0.9230769230769231,43.61538461538461,13,567,86,0.0,0.8461538461538461,B_10086_hidden_fake,10086
hash_k34_s1206,0.059964726631393295,hidden_fake,B,3.5234439856557835,0.5588235294117647,0.6176470588235294,16.676470588235293,34,567,86,0.0,0.5588235294117647,B_10086_hidden_fake,10086
trap_mixing_adversarial,0.007054673721340388,hidden_fake,B,1.303851011936528,0.5,0.75,141.75,4,567,86,0.0,0.5,B_10086_hidden_fake,10086
best_of_10_hashes_per_world,0.09700176366843033,hidden_fake,B,3.969256890214641,0.3090909090909091,0.38181818181818183,10.309090909090909,55,567,86,0.0,0.3090909090909091,B_10086_hidden_fake,10086
viability_signature,0.029982363315696647,hidden_fake,B,2.6136890599351954,0.0,0.11764705882352941,33.35294117647059,17,567,86,0.0,0.0,B_10086_hidden_fake,10086
behavioral_quotient_k5,0.008818342151675485,hidden_fake,B,1.3997319219200177,0.0,0.2,113.4,5,567,86,0.0,0.0,B_10086_hidden_fake,10086
predictive_quotient_k5,0.008818342151675485,hidden_fake,B,1.3878819847544448,0.0,0.2,113.4,5,567,86,0.0,0.0,B_10086_hidden_fake,10086
predictive_quotient_k8,0.014109347442680775,hidden_fake,B,1.959426486938865,0.0,0.125,70.875,8,567,86,0.0,0.0,B_10086_hidden_fake,10086
identity,1.0,hidden_fake,B,6.340359303727763,0.0,0.0,1.0,567,567,88,1.0,0.0,B_10088_hidden_fake,10088
all_one,0.001763668430335097,hidden_fake,B,0.0,1.0,1.0,567.0,1,567,88,0.0,1.0,B_10088_hidden_fake,10088
random_k,0.02292768959435626,hidden_fake,B,2.556039441160122,0.8461538461538461,0.8461538461538461,43.61538461538461,13,567,88,0.0,0.7692307692307693,B_10088_hidden_fake,10088
hash_k34_s1206,0.059964726631393295,hidden_fake,B,3.5234439856557835,0.6176470588235294,0.6764705882352942,16.676470588235293,34,567,88,0.0,0.5588235294117647,B_10088_hidden_fake,10088
trap_mixing_adversarial,0.007054673721340388,hidden_fake,B,1.2831790367897034,0.75,0.75,141.75,4,567,88,0.0,0.5,B_10088_hidden_fake,10088
best_of_10_hashes_per_world,0.09700176366843033,hidden_fake,B,3.970305134332535,0.34545454545454546,0.36363636363636365,10.309090909090909,55,567,88,0.0,0.2909090909090909,B_10088_hidden_fake,10088
viability_signature,0.029982363315696647,hidden_fake,B,2.6169094589940176,0.0,0.11764705882352941,33.35294117647059,17,567,88,0.0,0.058823529411764705,B_10088_hidden_fake,10088
behavioral_quotient_k5,0.008818342151675485,hidden_fake,B,1.4281245174882098,0.2,0.2,113.4,5,567,88,0.0,0.2,B_10088_hidden_fake,10088
predictive_quotient_k5,0.008818342151675485,hidden_fake,B,1.4051596923680336,0.2,0.2,113.4,5,567,88,0.0,0.2,B_10088_hidden_fake,10088
predictive_quotient_k8,0.014109347442680775,hidden_fake,B,1.920052472113029,0.125,0.25,70.875,8,567,88,0.0,0.0,B_10088_hidden_fake,10088
identity,1.0,hidden_fake,B,6.340359303727763,0.0,0.0,1.0,567,567,89,1.0,0.0,B_10089_hidden_fake,10089
all_one,0.001763668430335097,hidden_fake,B,0.0,1.0,1.0,567.0,1,567,89,0.0,1.0,B_10089_hidden_fake,10089
random_k,0.02292768959435626,hidden_fake,B,2.5515273262391123,0.8461538461538461,0.8461538461538461,43.61538461538461,13,567,89,0.0,0.8461538461538461,B_10089_hidden_fake,10089
hash_k34_s1206,0.059964726631393295,hidden_fake,B,3.5234439856557835,0.5588235294117647,0.6470588235294118,16.676470588235293,34,567,89,0.0,0.5588235294117647,B_10089_hidden_fake,10089
trap_mixing_adversarial,0.007054673721340388,hidden_fake,B,1.3334044134497034,0.75,0.75,141.75,4,567,89,0.0,0.5,B_10089_hidden_fake,10089
best_of_10_hashes_per_world,0.059964726631393295,hidden_fake,B,3.503788814384799,0.5,0.5294117647058824,16.676470588235293,34,567,89,0.0,0.47058823529411764,B_10089_hidden_fake,10089
viability_signature,0.029982363315696647,hidden_fake,B,2.614766950965687,0.0,0.11764705882352941,33.35294117647059,17,567,89,0.0,0.058823529411764705,B_10089_hidden_fake,10089
behavioral_quotient_k5,0.008818342151675485,hidden_fake,B,1.36520279992606,0.2,0.4,113.4,5,567,89,0.0,0.0,B_10089_hidden_fake,10089
predictive_quotient_k5,0.008818342151675485,hidden_fake,B,1.3905617255393228,0.2,0.4,113.4,5,567,89,0.0,0.0,B_10089_hidden_fake,10089
predictive_quotient_k8,0.014109347442680775,hidden_fake,B,1.900421519290553,0.125,0.125,70.875,8,567,89,0.0,0.0,B_10089_hidden_fake,10089
identity,1.0,hidden_fake,B,6.340359303727763,0.0,0.0,1.0,567,567,90,1.0,0.0,B_10090_hidden_fake,10090
all_one,0.001763668430335097,hidden_fake,B,0.0,1.0,1.0,567.0,1,567,90,0.0,1.0,B_10090_hidden_fake,10090
random_k,0.02292768959435626,hidden_fake,B,2.5586912941642916,0.7692307692307693,0.8461538461538461,43.61538461538461,13,567,90,0.0,0.7692307692307693,B_10090_hidden_fake,10090
hash_k34_s1206,0.059964726631393295,hidden_fake,B,3.5234439856557835,0.5588235294117647,0.6176470588235294,16.676470588235293,34,567,90,0.0,0.5588235294117647,B_10090_hidden_fake,10090
trap_mixing_adversarial,0.007054673721340388,hidden_fake,B,1.2852487856269774,0.5,0.75,141.75,4,567,90,0.0,0.5,B_10090_hidden_fake,10090
best_of_10_hashes_per_world,0.09700176366843033,hidden_fake,B,3.970395058238075,0.3090909090909091,0.38181818181818183,10.309090909090909,55,567,90,0.0,0.3090909090909091,B_10090_hidden_fake,10090
viability_signature,0.029982363315696647,hidden_fake,B,2.6107965479966895,0.0,0.11764705882352941,33.35294117647059,17,567,90,0.0,0.0,B_10090_hidden_fake,10090
behavioral_quotient_k5,0.008818342151675485,hidden_fake,B,1.4117922909294032,0.0,0.2,113.4,5,567,90,0.0,0.0,B_10090_hidden_fake,10090
predictive_quotient_k5,0.008818342151675485,hidden_fake,B,1.4151028172729427,0.0,0.4,113.4,5,567,90,0.0,0.0,B_10090_hidden_fake,10090
predictive_quotient_k8,0.014109347442680775,hidden_fake,B,1.9366286684111902,0.0,0.25,70.875,8,567,90,0.0,0.0,B_10090_hidden_fake,10090
identity,1.0,hidden_fake,B,6.340359303727763,0.0,0.0,1.0,567,567,91,1.0,0.0,B_10091_hidden_fake,10091
all_one,0.001763668430335097,hidden_fake,B,0.0,1.0,1.0,567.0,1,567,91,0.0,1.0,B_10091_hidden_fake,10091
random_k,0.02292768959435626,hidden_fake,B,2.55645636675974,0.8461538461538461,0.7692307692307693,43.61538461538461,13,567,91,0.0,0.6923076923076923,B_10091_hidden_fake,10091
hash_k34_s1206,0.059964726631393295,hidden_fake,B,3.5234439856557835,0.6470588235294118,0.6764705882352942,16.676470588235293,34,567,91,0.0,0.5588235294117647,B_10091_hidden_fake,10091
trap_mixing_adversarial,0.007054673721340388,hidden_fake,B,1.335511223143067,0.5,0.75,141.75,4,567,91,0.0,0.5,B_10091_hidden_fake,10091
best_of_10_hashes_per_world,0.059964726631393295,hidden_fake,B,3.5065497271280086,0.5294117647058824,0.5882352941176471,16.676470588235293,34,567,91,0.0,0.5,B_10091_hidden_fake,10091
viability_signature,0.029982363315696647,hidden_fake,B,2.6319854200877555,0.0,0.11764705882352941,33.35294117647059,17,567,91,0.0,0.058823529411764705,B_10091_hidden_fake,10091
behavioral_quotient_k5,0.008818342151675485,hidden_fake,B,1.413050936082551,0.2,0.4,113.4,5,567,91,0.0,0.2,B_10091_hidden_fake,10091
predictive_quotient_k5,0.008818342151675485,hidden_fake,B,1.4341402751443688,0.2,0.2,113.4,5,567,91,0.0,0.0,B_10091_hidden_fake,10091
predictive_quotient_k8,0.014109347442680775,hidden_fake,B,1.9194523300486468,0.125,0.25,70.875,8,567,91,0.0,0.0,B_10091_hidden_fake,10091
identity,1.0,hidden_fake,B,6.340359303727763,0.0,0.0,1.0,567,567,97,1.0,0.0,B_10097_hidden_fake,10097
all_one,0.001763668430335097,hidden_fake,B,0.0,1.0,1.0,567.0,1,567,97,0.0,1.0,B_10097_hidden_fake,10097
random_k,0.02292768959435626,hidden_fake,B,2.5568684528700714,0.8461538461538461,0.8461538461538461,43.61538461538461,13,567,97,0.0,0.8461538461538461,B_10097_hidden_fake,10097
hash_k34_s1206,0.059964726631393295,hidden_fake,B,3.5234439856557835,0.5588235294117647,0.6176470588235294,16.676470588235293,34,567,97,0.0,0.5588235294117647,B_10097_hidden_fake,10097
trap_mixing_adversarial,0.007054673721340388,hidden_fake,B,1.3360481610380393,0.5,0.75,141.75,4,567,97,0.0,0.5,B_10097_hidden_fake,10097
best_of_10_hashes_per_world,0.09700176366843033,hidden_fake,B,3.9514796783230683,0.3090909090909091,0.38181818181818183,10.309090909090909,55,567,97,0.0,0.3090909090909091,B_10097_hidden_fake,10097
viability_signature,0.029982363315696647,hidden_fake,B,2.618312091847946,0.0,0.11764705882352941,33.35294117647059,17,567,97,0.0,0.0,B_10097_hidden_fake,10097
behavioral_quotient_k5,0.008818342151675485,hidden_fake,B,1.4045310208168955,0.0,0.4,113.4,5,567,97,0.0,0.0,B_10097_hidden_fake,10097
predictive_quotient_k5,0.008818342151675485,hidden_fake,B,1.3921489845511625,0.0,0.4,113.4,5,567,97,0.0,0.0,B_10097_hidden_fake,10097
predictive_quotient_k8,0.014109347442680775,hidden_fake,B,1.9253091195848413,0.0,0.25,70.875,8,567,97,0.0,0.0,B_10097_hidden_fake,10097
identity,1.0,hidden_fake,B,6.340359303727763,0.0,0.0,1.0,567,567,92,1.0,0.0,B_10092_hidden_fake,10092
all_one,0.001763668430335097,hidden_fake,B,0.0,1.0,1.0,567.0,1,567,92,0.0,1.0,B_10092_hidden_fake,10092
random_k,0.02292768959435626,hidden_fake,B,2.5545461391761943,0.8461538461538461,0.8461538461538461,43.61538461538461,13,567,92,0.0,0.7692307692307693,B_10092_hidden_fake,10092
hash_k34_s1206,0.059964726631393295,hidden_fake,B,3.5234439856557835,0.6176470588235294,0.6176470588235294,16.676470588235293,34,567,92,0.0,0.5588235294117647,B_10092_hidden_fake,10092
trap_mixing_adversarial,0.007054673721340388,hidden_fake,B,1.2721555842343353,0.75,0.75,141.75,4,567,92,0.0,0.5,B_10092_hidden_fake,10092
best_of_10_hashes_per_world,0.09700176366843033,hidden_fake,B,3.9553586853956313,0.34545454545454546,0.36363636363636365,10.309090909090909,55,567,92,0.0,0.3090909090909091,B_10092_hidden_fake,10092
viability_signature,0.029982363315696647,hidden_fake,B,2.6221650760219295,0.0,0.11764705882352941,33.35294117647059,17,567,92,0.0,0.058823529411764705,B_10092_hidden_fake,10092
behavioral_quotient_k5,0.008818342151675485,hidden_fake,B,1.4288303297816436,0.2,0.2,113.4,5,567,92,0.0,0.2,B_10092_hidden_fake,10092
predictive_quotient_k5,0.008818342151675485,hidden_fake,B,1.4133393557570917,0.2,0.2,113.4,5,567,92,0.0,0.0,B_10092_hidden_fake,10092
predictive_quotient_k8,0.014109347442680775,hidden_fake,B,1.9528490356300094,0.125,0.125,70.875,8,567,92,0.0,0.0,B_10092_hidden_fake,10092
identity,1.0,hidden_fake,B,6.340359303727763,0.0,0.0,1.0,567,567,94,1.0,0.0,B_10094_hidden_fake,10094
all_one,0.001763668430335097,hidden_fake,B,0.0,1.0,1.0,567.0,1,567,94,0.0,1.0,B_10094_hidden_fake,10094
random_k,0.02292768959435626,hidden_fake,B,2.554053930634892,0.7692307692307693,0.8461538461538461,43.61538461538461,13,567,94,0.0,0.7692307692307693,B_10094_hidden_fake,10094
hash_k34_s1206,0.059964726631393295,hidden_fake,B,3.5234439856557835,0.5588235294117647,0.6470588235294118,16.676470588235293,34,567,94,0.0,0.5588235294117647,B_10094_hidden_fake,10094
trap_mixing_adversarial,0.007054673721340388,hidden_fake,B,1.267838064388856,0.5,0.75,141.75,4,567,94,0.0,0.5,B_10094_hidden_fake,10094
best_of_10_hashes_per_world,0.059964726631393295,hidden_fake,B,3.5022446366157736,0.5,0.5294117647058824,16.676470588235293,34,567,94,0.0,0.5,B_10094_hidden_fake,10094
viability_signature,0.029982363315696647,hidden_fake,B,2.613714874410559,0.0,0.11764705882352941,33.35294117647059,17,567,94,0.0,0.0,B_10094_hidden_fake,10094
behavioral_quotient_k5,0.008818342151675485,hidden_fake,B,1.432969736576692,0.0,0.2,113.4,5,567,94,0.0,0.0,B_10094_hidden_fake,10094
predictive_quotient_k5,0.008818342151675485,hidden_fake,B,1.4386745672597308,0.0,0.2,113.4,5,567,94,0.0,0.0,B_10094_hidden_fake,10094
predictive_quotient_k8,0.014109347442680775,hidden_fake,B,1.9737848090201469,0.0,0.125,70.875,8,567,94,0.0,0.0,B_10094_hidden_fake,10094
identity,1.0,hidden_fake,B,6.340359303727763,0.0,0.0,1.0,567,567,93,1.0,0.0,B_10093_hidden_fake,10093
all_one,0.001763668430335097,hidden_fake,B,0.0,1.0,1.0,567.0,1,567,93,0.0,1.0,B_10093_hidden_fake,10093
random_k,0.02292768959435626,hidden_fake,B,2.557916770132432,0.9230769230769231,0.9230769230769231,43.61538461538461,13,567,93,0.0,0.9230769230769231,B_10093_hidden_fake,10093
hash_k34_s1206,0.059964726631393295,hidden_fake,B,3.5234439856557835,0.5588235294117647,0.5882352941176471,16.676470588235293,34,567,93,0.0,0.5588235294117647,B_10093_hidden_fake,10093
trap_mixing_adversarial,0.007054673721340388,hidden_fake,B,1.3365627132772253,0.75,0.75,141.75,4,567,93,0.0,0.5,B_10093_hidden_fake,10093
best_of_10_hashes_per_world,0.09700176366843033,hidden_fake,B,3.9590503414803146,0.4,0.43636363636363634,10.309090909090909,55,567,93,0.0,0.36363636363636365,B_10093_hidden_fake,10093
viability_signature,0.029982363315696647,hidden_fake,B,2.6205305189546353,0.0,0.11764705882352941,33.35294117647059,17,567,93,0.0,0.058823529411764705,B_10093_hidden_fake,10093
behavioral_quotient_k5,0.008818342151675485,hidden_fake,B,1.4182091280622484,0.2,0.4,113.4,5,567,93,0.0,0.0,B_10093_hidden_fake,10093
predictive_quotient_k5,0.008818342151675485,hidden_fake,B,1.408744307351157,0.4,0.4,113.4,5,567,93,0.0,0.0,B_10093_hidden_fake,10093
predictive_quotient_k8,0.014109347442680775,hidden_fake,B,1.9118069777792852,0.125,0.125,70.875,8,567,93,0.0,0.0,B_10093_hidden_fake,10093
identity,1.0,hidden_fake,B,6.340359303727763,0.0,0.0,1.0,567,567,95,1.0,0.0,B_10095_hidden_fake,10095
all_one,0.001763668430335097,hidden_fake,B,0.0,1.0,1.0,567.0,1,567,95,0.0,1.0,B_10095_hidden_fake,10095
random_k,0.02292768959435626,hidden_fake,B,2.556503286365252,0.7692307692307693,0.9230769230769231,43.61538461538461,13,567,95,0.0,0.7692307692307693,B_10095_hidden_fake,10095
hash_k34_s1206,0.059964726631393295,hidden_fake,B,3.5234439856557835,0.6176470588235294,0.6764705882352942,16.676470588235293,34,567,95,0.0,0.5588235294117647,B_10095_hidden_fake,10095
trap_mixing_adversarial,0.007054673721340388,hidden_fake,B,1.335511223143067,0.5,0.75,141.75,4,567,95,0.0,0.5,B_10095_hidden_fake,10095
best_of_10_hashes_per_world,0.059964726631393295,hidden_fake,B,3.4907876915437313,0.5,0.5588235294117647,16.676470588235293,34,567,95,0.0,0.5,B_10095_hidden_fake,10095
viability_signature,0.029982363315696647,hidden_fake,B,2.624510522998279,0.0,0.17647058823529413,33.35294117647059,17,567,95,0.0,0.058823529411764705,B_10095_hidden_fake,10095
behavioral_quotient_k5,0.008818342151675485,hidden_fake,B,1.4204411030937347,0.2,0.2,113.4,5,567,95,0.0,0.0,B_10095_hidden_fake,10095
predictive_quotient_k5,0.008818342151675485,hidden_fake,B,1.4051663488787982,0.2,0.4,113.4,5,567,95,0.0,0.0,B_10095_hidden_fake,10095
predictive_quotient_k8,0.014109347442680775,hidden_fake,B,1.9394415755118137,0.125,0.25,70.875,8,567,95,0.0,0.0,B_10095_hidden_fake,10095
identity,1.0,hidden_fake,B,6.340359303727763,0.0,0.0,1.0,567,567,100,1.0,0.0,B_10100_hidden_fake,10100
all_one,0.001763668430335097,hidden_fake,B,0.0,1.0,1.0,567.0,1,567,100,0.0,1.0,B_10100_hidden_fake,10100
random_k,0.02292768959435626,hidden_fake,B,2.5499728032098323,0.8461538461538461,0.9230769230769231,43.61538461538461,13,567,100,0.0,0.8461538461538461,B_10100_hidden_fake,10100
hash_k34_s1206,0.059964726631393295,hidden_fake,B,3.5234439856557835,0.5588235294117647,0.6176470588235294,16.676470588235293,34,567,100,0.0,0.5588235294117647,B_10100_hidden_fake,10100
trap_mixing_adversarial,0.007054673721340388,hidden_fake,B,1.2852487856269774,0.5,0.75,141.75,4,567,100,0.0,0.5,B_10100_hidden_fake,10100
best_of_10_hashes_per_world,0.059964726631393295,hidden_fake,B,3.499802575500746,0.4117647058823529,0.47058823529411764,16.676470588235293,34,567,100,0.0,0.4117647058823529,B_10100_hidden_fake,10100
viability_signature,0.029982363315696647,hidden_fake,B,2.60728734440641,0.0,0.11764705882352941,33.35294117647059,17,567,100,0.0,0.0,B_10100_hidden_fake,10100
behavioral_quotient_k5,0.008818342151675485,hidden_fake,B,1.418486757054466,0.0,0.2,113.4,5,567,100,0.0,0.0,B_10100_hidden_fake,10100
predictive_quotient_k5,0.008818342151675485,hidden_fake,B,1.4324272490528493,0.0,0.4,113.4,5,567,100,0.0,0.0,B_10100_hidden_fake,10100
predictive_quotient_k8,0.014109347442680775,hidden_fake,B,1.9092090792717165,0.0,0.25,70.875,8,567,100,0.0,0.0,B_10100_hidden_fake,10100
identity,1.0,hidden_fake,B,6.340359303727763,0.0,0.0,1.0,567,567,98,1.0,0.0,B_10098_hidden_fake,10098
all_one,0.001763668430335097,hidden_fake,B,0.0,1.0,1.0,567.0,1,567,98,0.0,1.0,B_10098_hidden_fake,10098
random_k,0.02292768959435626,hidden_fake,B,2.555394702581217,0.6923076923076923,0.6923076923076923,43.61538461538461,13,567,98,0.0,0.6153846153846154,B_10098_hidden_fake,10098
hash_k34_s1206,0.059964726631393295,hidden_fake,B,3.5234439856557835,0.6176470588235294,0.6764705882352942,16.676470588235293,34,567,98,0.0,0.5588235294117647,B_10098_hidden_fake,10098
trap_mixing_adversarial,0.007054673721340388,hidden_fake,B,1.2831790367897034,0.75,0.75,141.75,4,567,98,0.0,0.5,B_10098_hidden_fake,10098
best_of_10_hashes_per_world,0.059964726631393295,hidden_fake,B,3.491699551986819,0.5,0.5588235294117647,16.676470588235293,34,567,98,0.0,0.47058823529411764,B_10098_hidden_fake,10098
viability_signature,0.029982363315696647,hidden_fake,B,2.6139058953118774,0.0,0.11764705882352941,33.35294117647059,17,567,98,0.0,0.058823529411764705,B_10098_hidden_fake,10098
behavioral_quotient_k5,0.008818342151675485,hidden_fake,B,1.4204104438849028,0.2,0.2,113.4,5,567,98,0.0,0.0,B_10098_hidden_fake,10098
predictive_quotient_k5,0.008818342151675485,hidden_fake,B,1.4200725749985121,0.2,0.2,113.4,5,567,98,0.0,0.0,B_10098_hidden_fake,10098
predictive_quotient_k8,0.014109347442680775,hidden_fake,B,1.916538655352538,0.125,0.25,70.875,8,567,98,0.0,0.0,B_10098_hidden_fake,10098
identity,1.0,hidden_fake,B,6.340359303727763,0.0,0.0,1.0,567,567,99,1.0,0.0,B_10099_hidden_fake,10099
all_one,0.001763668430335097,hidden_fake,B,0.0,1.0,1.0,567.0,1,567,99,0.0,1.0,B_10099_hidden_fake,10099
random_k,0.02292768959435626,hidden_fake,B,2.5561791234478495,0.9230769230769231,0.9230769230769231,43.61538461538461,13,567,99,0.0,0.9230769230769231,B_10099_hidden_fake,10099
hash_k34_s1206,0.059964726631393295,hidden_fake,B,3.5234439856557835,0.5588235294117647,0.6470588235294118,16.676470588235293,34,567,99,0.0,0.5588235294117647,B_10099_hidden_fake,10099
trap_mixing_adversarial,0.007054673721340388,hidden_fake,B,1.3334044134497034,0.75,0.75,141.75,4,567,99,0.0,0.5,B_10099_hidden_fake,10099
best_of_10_hashes_per_world,0.09700176366843033,hidden_fake,B,3.9467968943354284,0.34545454545454546,0.41818181818181815,10.309090909090909,55,567,99,0.0,0.3090909090909091,B_10099_hidden_fake,10099
viability_signature,0.029982363315696647,hidden_fake,B,2.612677987291432,0.0,0.11764705882352941,33.35294117647059,17,567,99,0.0,0.058823529411764705,B_10099_hidden_fake,10099
behavioral_quotient_k5,0.008818342151675485,hidden_fake,B,1.4022949214292202,0.2,0.4,113.4,5,567,99,0.0,0.0,B_10099_hidden_fake,10099
predictive_quotient_k5,0.008818342151675485,hidden_fake,B,1.374260379639301,0.2,0.4,113.4,5,567,99,0.0,0.2,B_10099_hidden_fake,10099
predictive_quotient_k8,0.014109347442680775,hidden_fake,B,1.874084178586187,0.125,0.125,70.875,8,567,99,0.0,0.125,B_10099_hidden_fake,10099
identity,1.0,hidden_fake,B,6.340359303727763,0.0,0.0,1.0,567,567,96,1.0,0.0,B_10096_hidden_fake,10096
all_one,0.001763668430335097,hidden_fake,B,0.0,1.0,1.0,567.0,1,567,96,0.0,1.0,B_10096_hidden_fake,10096
random_k,0.02292768959435626,hidden_fake,B,2.545956697140877,0.8461538461538461,1.0,43.61538461538461,13,567,96,0.0,0.8461538461538461,B_10096_hidden_fake,10096
hash_k34_s1206,0.059964726631393295,hidden_fake,B,3.5234439856557835,0.5588235294117647,0.6176470588235294,16.676470588235293,34,567,96,0.0,0.5588235294117647,B_10096_hidden_fake,10096
trap_mixing_adversarial,0.007054673721340388,hidden_fake,B,1.303851011936528,0.5,0.75,141.75,4,567,96,0.0,0.5,B_10096_hidden_fake,10096
best_of_10_hashes_per_world,0.09700176366843033,hidden_fake,B,3.9479267009790546,0.32727272727272727,0.38181818181818183,10.309090909090909,55,567,96,0.0,0.32727272727272727,B_10096_hidden_fake,10096
viability_signature,0.029982363315696647,hidden_fake,B,2.613335009978395,0.0,0.11764705882352941,33.35294117647059,17,567,96,0.0,0.0,B_10096_hidden_fake,10096
behavioral_quotient_k5,0.008818342151675485,hidden_fake,B,1.4126476583863334,0.0,0.2,113.4,5,567,96,0.0,0.0,B_10096_hidden_fake,10096
predictive_quotient_k5,0.008818342151675485,hidden_fake,B,1.3997477205861437,0.0,0.2,113.4,5,567,96,0.0,0.0,B_10096_hidden_fake,10096
predictive_quotient_k8,0.014109347442680775,hidden_fake,B,1.9360402227258957,0.0,0.25,70.875,8,567,96,0.0,0.0,B_10096_hidden_fake,10096
identity,1.0,hidden_fake,B,6.340359303727763,0.0,0.0,1.0,567,567,101,1.0,0.0,B_10101_hidden_fake,10101
all_one,0.001763668430335097,hidden_fake,B,0.0,1.0,1.0,567.0,1,567,101,0.0,1.0,B_10101_hidden_fake,10101
random_k,0.02292768959435626,hidden_fake,B,2.5502373943512646,0.7692307692307693,0.7692307692307693,43.61538461538461,13,567,101,0.0,0.6923076923076923,B_10101_hidden_fake,10101
hash_k34_s1206,0.059964726631393295,hidden_fake,B,3.5234439856557835,0.6470588235294118,0.6764705882352942,16.676470588235293,34,567,101,0.0,0.5588235294117647,B_10101_hidden_fake,10101
trap_mixing_adversarial,0.007054673721340388,hidden_fake,B,1.335511223143067,0.5,0.75,141.75,4,567,101,0.0,0.5,B_10101_hidden_fake,10101
best_of_10_hashes_per_world,0.059964726631393295,hidden_fake,B,3.4896069565431165,0.4411764705882353,0.5294117647058824,16.676470588235293,34,567,101,0.0,0.4411764705882353,B_10101_hidden_fake,10101
viability_signature,0.029982363315696647,hidden_fake,B,2.62986351448521,0.0,0.11764705882352941,33.35294117647059,17,567,101,0.0,0.058823529411764705,B_10101_hidden_fake,10101
behavioral_quotient_k5,0.008818342151675485,hidden_fake,B,1.4094833813575545,0.2,0.4,113.4,5,567,101,0.0,0.0,B_10101_hidden_fake,10101
predictive_quotient_k5,0.008818342151675485,hidden_fake,B,1.4150920382500294,0.2,0.4,113.4,5,567,101,0.0,0.0,B_10101_hidden_fake,10101
predictive_quotient_k8,0.014109347442680775,hidden_fake,B,1.984888944998477,0.125,0.125,70.875,8,567,101,0.0,0.0,B_10101_hidden_fake,10101
identity,1.0,hidden_fake,B,6.340359303727763,0.0,0.0,1.0,567,567,102,1.0,0.0,B_10102_hidden_fake,10102
all_one,0.001763668430335097,hidden_fake,B,0.0,1.0,1.0,567.0,1,567,102,0.0,1.0,B_10102_hidden_fake,10102
random_k,0.02292768959435626,hidden_fake,B,2.5499423825907233,0.7692307692307693,0.8461538461538461,43.61538461538461,13,567,102,0.0,0.7692307692307693,B_10102_hidden_fake,10102
hash_k34_s1206,0.059964726631393295,hidden_fake,B,3.5234439856557835,0.6176470588235294,0.6176470588235294,16.676470588235293,34,567,102,0.0,0.5588235294117647,B_10102_hidden_fake,10102
trap_mixing_adversarial,0.007054673721340388,hidden_fake,B,1.2721555842343353,0.75,0.75,141.75,4,567,102,0.0,0.5,B_10102_hidden_fake,10102
best_of_10_hashes_per_world,0.09700176366843033,hidden_fake,B,3.959958959295955,0.38181818181818183,0.41818181818181815,10.309090909090909,55,567,102,0.0,0.32727272727272727,B_10102_hidden_fake,10102
viability_signature,0.029982363315696647,hidden_fake,B,2.6236165543480645,0.0,0.11764705882352941,33.35294117647059,17,567,102,0.0,0.058823529411764705,B_10102_hidden_fake,10102
behavioral_quotient_k5,0.008818342151675485,hidden_fake,B,1.4041581905310863,0.2,0.2,113.4,5,567,102,0.0,0.0,B_10102_hidden_fake,10102
predictive_quotient_k5,0.008818342151675485,hidden_fake,B,1.3970649898258398,0.2,0.2,113.4,5,567,102,0.0,0.0,B_10102_hidden_fake,10102
predictive_quotient_k8,0.014109347442680775,hidden_fake,B,1.9583619832573071,0.125,0.125,70.875,8,567,102,0.0,0.0,B_10102_hidden_fake,10102
identity,1.0,hidden_fake,B,6.340359303727763,0.0,0.0,1.0,567,567,104,1.0,0.0,B_10104_hidden_fake,10104
all_one,0.001763668430335097,hidden_fake,B,0.0,1.0,1.0,567.0,1,567,104,0.0,1.0,B_10104_hidden_fake,10104
random_k,0.02292768959435626,hidden_fake,B,2.553007615339464,0.9230769230769231,1.0,43.61538461538461,13,567,104,0.0,0.9230769230769231,B_10104_hidden_fake,10104
hash_k34_s1206,0.059964726631393295,hidden_fake,B,3.5234439856557835,0.5588235294117647,0.6470588235294118,16.676470588235293,34,567,104,0.0,0.5588235294117647,B_10104_hidden_fake,10104
trap_mixing_adversarial,0.007054673721340388,hidden_fake,B,1.267838064388856,0.5,0.75,141.75,4,567,104,0.0,0.5,B_10104_hidden_fake,10104
best_of_10_hashes_per_world,0.09700176366843033,hidden_fake,B,3.964944295093658,0.34545454545454546,0.41818181818181815,10.309090909090909,55,567,104,0.0,0.34545454545454546,B_10104_hidden_fake,10104
viability_signature,0.029982363315696647,hidden_fake,B,2.6136915800512637,0.0,0.11764705882352941,33.35294117647059,17,567,104,0.0,0.0,B_10104_hidden_fake,10104
behavioral_quotient_k5,0.008818342151675485,hidden_fake,B,1.4278024805520317,0.0,0.2,113.4,5,567,104,0.0,0.0,B_10104_hidden_fake,10104
predictive_quotient_k5,0.008818342151675485,hidden_fake,B,1.4426446988319612,0.0,0.2,113.4,5,567,104,0.0,0.0,B_10104_hidden_fake,10104
predictive_quotient_k8,0.014109347442680775,hidden_fake,B,1.9559648996349333,0.0,0.25,70.875,8,567,104,0.0,0.0,B_10104_hidden_fake,10104
identity,1.0,hidden_fake,B,6.340359303727763,0.0,0.0,1.0,567,567,103,1.0,0.0,B_10103_hidden_fake,10103
all_one,0.001763668430335097,hidden_fake,B,0.0,1.0,1.0,567.0,1,567,103,0.0,1.0,B_10103_hidden_fake,10103
random_k,0.02292768959435626,hidden_fake,B,2.556573339530023,0.9230769230769231,0.9230769230769231,43.61538461538461,13,567,103,0.0,0.7692307692307693,B_10103_hidden_fake,10103
hash_k34_s1206,0.059964726631393295,hidden_fake,B,3.5234439856557835,0.5588235294117647,0.5882352941176471,16.676470588235293,34,567,103,0.0,0.5588235294117647,B_10103_hidden_fake,10103
trap_mixing_adversarial,0.007054673721340388,hidden_fake,B,1.3365627132772253,0.75,0.75,141.75,4,567,103,0.0,0.5,B_10103_hidden_fake,10103
best_of_10_hashes_per_world,0.09700176366843033,hidden_fake,B,3.9599479830806987,0.32727272727272727,0.41818181818181815,10.309090909090909,55,567,103,0.0,0.32727272727272727,B_10103_hidden_fake,10103
viability_signature,0.029982363315696647,hidden_fake,B,2.6234891982365656,0.0,0.11764705882352941,33.35294117647059,17,567,103,0.0,0.058823529411764705,B_10103_hidden_fake,10103
behavioral_quotient_k5,0.008818342151675485,hidden_fake,B,1.394116992133043,0.2,0.2,113.4,5,567,103,0.0,0.0,B_10103_hidden_fake,10103
predictive_quotient_k5,0.008818342151675485,hidden_fake,B,1.3777206137223401,0.4,0.4,113.4,5,567,103,0.0,0.0,B_10103_hidden_fake,10103
predictive_quotient_k8,0.014109347442680775,hidden_fake,B,1.959320538261434,0.125,0.25,70.875,8,567,103,0.0,0.0,B_10103_hidden_fake,10103
identity,1.0,hidden_fake,B,6.340359303727763,0.0,0.0,1.0,567,567,105,1.0,0.0,B_10105_hidden_fake,10105
all_one,0.001763668430335097,hidden_fake,B,0.0,1.0,1.0,567.0,1,567,105,0.0,1.0,B_10105_hidden_fake,10105
random_k,0.02292768959435626,hidden_fake,B,2.5520507300232618,0.8461538461538461,0.8461538461538461,43.61538461538461,13,567,105,0.0,0.8461538461538461,B_10105_hidden_fake,10105
hash_k34_s1206,0.059964726631393295,hidden_fake,B,3.5234439856557835,0.6176470588235294,0.6764705882352942,16.676470588235293,34,567,105,0.0,0.5588235294117647,B_10105_hidden_fake,10105
trap_mixing_adversarial,0.007054673721340388,hidden_fake,B,1.335511223143067,0.5,0.75,141.75,4,567,105,0.0,0.5,B_10105_hidden_fake,10105
best_of_10_hashes_per_world,0.059964726631393295,hidden_fake,B,3.4986818386151923,0.5,0.5588235294117647,16.676470588235293,34,567,105,0.0,0.4411764705882353,B_10105_hidden_fake,10105
viability_signature,0.029982363315696647,hidden_fake,B,2.6231648845249795,0.0,0.17647058823529413,33.35294117647059,17,567,105,0.0,0.058823529411764705,B_10105_hidden_fake,10105
behavioral_quotient_k5,0.008818342151675485,hidden_fake,B,1.3901624704504376,0.2,0.4,113.4,5,567,105,0.0,0.0,B_10105_hidden_fake,10105
predictive_quotient_k5,0.008818342151675485,hidden_fake,B,1.4073996153017072,0.0,0.6,113.4,5,567,105,0.0,0.2,B_10105_hidden_fake,10105
predictive_quotient_k8,0.014109347442680775,hidden_fake,B,1.9425186195181336,0.125,0.25,70.875,8,567,105,0.0,0.125,B_10105_hidden_fake,10105
identity,1.0,hidden_fake,B,6.340359303727763,0.0,0.0,1.0,567,567,107,1.0,0.0,B_10107_hidden_fake,10107
all_one,0.001763668430335097,hidden_fake,B,0.0,1.0,1.0,567.0,1,567,107,0.0,1.0,B_10107_hidden_fake,10107
random_k,0.02292768959435626,hidden_fake,B,2.5568772456508544,0.6923076923076923,0.8461538461538461,43.61538461538461,13,567,107,0.0,0.6923076923076923,B_10107_hidden_fake,10107
hash_k34_s1206,0.059964726631393295,hidden_fake,B,3.5234439856557835,0.5588235294117647,0.6176470588235294,16.676470588235293,34,567,107,0.0,0.5588235294117647,B_10107_hidden_fake,10107
trap_mixing_adversarial,0.007054673721340388,hidden_fake,B,1.3360481610380393,0.5,0.75,141.75,4,567,107,0.0,0.5,B_10107_hidden_fake,10107
best_of_10_hashes_per_world,0.09700176366843033,hidden_fake,B,3.9580197253030365,0.34545454545454546,0.45454545454545453,10.309090909090909,55,567,107,0.0,0.34545454545454546,B_10107_hidden_fake,10107
viability_signature,0.029982363315696647,hidden_fake,B,2.616606184014995,0.0,0.11764705882352941,33.35294117647059,17,567,107,0.0,0.0,B_10107_hidden_fake,10107
behavioral_quotient_k5,0.008818342151675485,hidden_fake,B,1.4256308094702945,0.0,0.4,113.4,5,567,107,0.0,0.0,B_10107_hidden_fake,10107
predictive_quotient_k5,0.008818342151675485,hidden_fake,B,1.4067598381868895,0.0,0.4,113.4,5,567,107,0.0,0.0,B_10107_hidden_fake,10107
predictive_quotient_k8,0.014109347442680775,hidden_fake,B,1.936595141968487,0.0,0.125,70.875,8,567,107,0.0,0.0,B_10107_hidden_fake,10107
identity,1.0,hidden_fake,B,6.340359303727763,0.0,0.0,1.0,567,567,106,1.0,0.0,B_10106_hidden_fake,10106
all_one,0.001763668430335097,hidden_fake,B,0.0,1.0,1.0,567.0,1,567,106,0.0,1.0,B_10106_hidden_fake,10106
random_k,0.02292768959435626,hidden_fake,B,2.5542792364785574,0.8461538461538461,0.9230769230769231,43.61538461538461,13,567,106,0.0,0.8461538461538461,B_10106_hidden_fake,10106
hash_k34_s1206,0.059964726631393295,hidden_fake,B,3.5234439856557835,0.5588235294117647,0.6176470588235294,16.676470588235293,34,567,106,0.0,0.5588235294117647,B_10106_hidden_fake,10106
trap_mixing_adversarial,0.007054673721340388,hidden_fake,B,1.303851011936528,0.5,0.75,141.75,4,567,106,0.0,0.5,B_10106_hidden_fake,10106
best_of_10_hashes_per_world,0.059964726631393295,hidden_fake,B,3.5071775310662683,0.47058823529411764,0.5588235294117647,16.676470588235293,34,567,106,0.0,0.47058823529411764,B_10106_hidden_fake,10106
viability_signature,0.029982363315696647,hidden_fake,B,2.6106988721314215,0.0,0.11764705882352941,33.35294117647059,17,567,106,0.0,0.0,B_10106_hidden_fake,10106
behavioral_quotient_k5,0.008818342151675485,hidden_fake,B,1.410871694604717,0.0,0.2,113.4,5,567,106,0.0,0.0,B_10106_hidden_fake,10106
predictive_quotient_k5,0.008818342151675485,hidden_fake,B,1.3834058331425867,0.0,0.2,113.4,5,567,106,0.0,0.0,B_10106_hidden_fake,10106
predictive_quotient_k8,0.014109347442680775,hidden_fake,B,1.961199024298102,0.0,0.125,70.875,8,567,106,0.0,0.0,B_10106_hidden_fake,10106
identity,1.0,hidden_fake,B,6.340359303727763,0.0,0.0,1.0,567,567,108,1.0,0.0,B_10108_hidden_fake,10108
all_one,0.001763668430335097,hidden_fake,B,0.0,1.0,1.0,567.0,1,567,108,0.0,1.0,B_10108_hidden_fake,10108
random_k,0.02292768959435626,hidden_fake,B,2.550370546924914,0.9230769230769231,1.0,43.61538461538461,13,567,108,0.0,0.8461538461538461,B_10108_hidden_fake,10108
hash_k34_s1206,0.059964726631393295,hidden_fake,B,3.5234439856557835,0.6176470588235294,0.6764705882352942,16.676470588235293,34,567,108,0.0,0.5588235294117647,B_10108_hidden_fake,10108
trap_mixing_adversarial,0.007054673721340388,hidden_fake,B,1.2831790367897034,0.75,0.75,141.75,4,567,108,0.0,0.5,B_10108_hidden_fake,10108
best_of_10_hashes_per_world,0.059964726631393295,hidden_fake,B,3.4973857857110917,0.5588235294117647,0.5588235294117647,16.676470588235293,34,567,108,0.0,0.47058823529411764,B_10108_hidden_fake,10108
viability_signature,0.029982363315696647,hidden_fake,B,2.615691569514899,0.0,0.11764705882352941,33.35294117647059,17,567,108,0.0,0.058823529411764705,B_10108_hidden_fake,10108
behavioral_quotient_k5,0.008818342151675485,hidden_fake,B,1.421698457558582,0.2,0.2,113.4,5,567,108,0.0,0.0,B_10108_hidden_fake,10108
predictive_quotient_k5,0.008818342151675485,hidden_fake,B,1.4217874996625341,0.2,0.2,113.4,5,567,108,0.0,0.0,B_10108_hidden_fake,10108
predictive_quotient_k8,0.014109347442680775,hidden_fake,B,1.9343362973797058,0.125,0.125,70.875,8,567,108,0.0,0.0,B_10108_hidden_fake,10108
identity,1.0,hidden_fake,B,6.340359303727763,0.0,0.0,1.0,567,567,110,1.0,0.0,B_10110_hidden_fake,10110
all_one,0.001763668430335097,hidden_fake,B,0.0,1.0,1.0,567.0,1,567,110,0.0,1.0,B_10110_hidden_fake,10110
random_k,0.02292768959435626,hidden_fake,B,2.5547399633818215,0.9230769230769231,1.0,43.61538461538461,13,567,110,0.0,0.9230769230769231,B_10110_hidden_fake,10110
hash_k34_s1206,0.059964726631393295,hidden_fake,B,3.5234439856557835,0.5588235294117647,0.6176470588235294,16.676470588235293,34,567,110,0.0,0.5588235294117647,B_10110_hidden_fake,10110
trap_mixing_adversarial,0.007054673721340388,hidden_fake,B,1.2852487856269774,0.5,0.75,141.75,4,567,110,0.0,0.5,B_10110_hidden_fake,10110
best_of_10_hashes_per_world,0.09700176366843033,hidden_fake,B,3.9607999528932236,0.34545454545454546,0.4,10.309090909090909,55,567,110,0.0,0.34545454545454546,B_10110_hidden_fake,10110
viability_signature,0.029982363315696647,hidden_fake,B,2.6088654634086232,0.0,0.11764705882352941,33.35294117647059,17,567,110,0.0,0.0,B_10110_hidden_fake,10110
behavioral_quotient_k5,0.008818342151675485,hidden_fake,B,1.4180428263281155,0.0,0.2,113.4,5,567,110,0.0,0.0,B_10110_hidden_fake,10110
predictive_quotient_k5,0.008818342151675485,hidden_fake,B,1.3951551606982049,0.0,0.2,113.4,5,567,110,0.0,0.0,B_10110_hidden_fake,10110
predictive_quotient_k8,0.014109347442680775,hidden_fake,B,1.9491246834733778,0.0,0.125,70.875,8,567,110,0.0,0.0,B_10110_hidden_fake,10110
identity,1.0,hidden_fake,B,6.340359303727763,0.0,0.0,1.0,567,567,109,1.0,0.0,B_10109_hidden_fake,10109
all_one,0.001763668430335097,hidden_fake,B,0.0,1.0,1.0,567.0,1,567,109,0.0,1.0,B_10109_hidden_fake,10109
random_k,0.02292768959435626,hidden_fake,B,2.558735217672117,0.8461538461538461,1.0,43.61538461538461,13,567,109,0.0,0.8461538461538461,B_10109_hidden_fake,10109
hash_k34_s1206,0.059964726631393295,hidden_fake,B,3.5234439856557835,0.5588235294117647,0.6470588235294118,16.676470588235293,34,567,109,0.0,0.5588235294117647,B_10109_hidden_fake,10109
trap_mixing_adversarial,0.007054673721340388,hidden_fake,B,1.3334044134497034,0.75,0.75,141.75,4,567,109,0.0,0.5,B_10109_hidden_fake,10109
best_of_10_hashes_per_world,0.09700176366843033,hidden_fake,B,3.952995759016296,0.4,0.41818181818181815,10.309090909090909,55,567,109,0.0,0.36363636363636365,B_10109_hidden_fake,10109
viability_signature,0.029982363315696647,hidden_fake,B,2.610265641367561,0.0,0.11764705882352941,33.35294117647059,17,567,109,0.0,0.058823529411764705,B_10109_hidden_fake,10109
behavioral_quotient_k5,0.008818342151675485,hidden_fake,B,1.3855231770971943,0.2,0.4,113.4,5,567,109,0.0,0.0,B_10109_hidden_fake,10109
predictive_quotient_k5,0.008818342151675485,hidden_fake,B,1.3646378350707107,0.2,0.4,113.4,5,567,109,0.0,0.2,B_10109_hidden_fake,10109
predictive_quotient_k8,0.014109347442680775,hidden_fake,B,1.9388929310829774,0.125,0.25,70.875,8,567,109,0.0,0.0,B_10109_hidden_fake,10109
identity,1.0,hidden_fake,B,6.340359303727763,0.0,0.0,1.0,567,567,111,1.0,0.0,B_10111_hidden_fake,10111
all_one,0.001763668430335097,hidden_fake,B,0.0,1.0,1.0,567.0,1,567,111,0.0,1.0,B_10111_hidden_fake,10111
random_k,0.02292768959435626,hidden_fake,B,2.5580466117919034,0.9230769230769231,0.9230769230769231,43.61538461538461,13,567,111,0.0,0.9230769230769231,B_10111_hidden_fake,10111
hash_k34_s1206,0.059964726631393295,hidden_fake,B,3.5234439856557835,0.6470588235294118,0.6764705882352942,16.676470588235293,34,567,111,0.0,0.5588235294117647,B_10111_hidden_fake,10111
trap_mixing_adversarial,0.007054673721340388,hidden_fake,B,1.335511223143067,0.5,0.75,141.75,4,567,111,0.0,0.5,B_10111_hidden_fake,10111
best_of_10_hashes_per_world,0.09700176366843033,hidden_fake,B,3.956668507769153,0.34545454545454546,0.4,10.309090909090909,55,567,111,0.0,0.32727272727272727,B_10111_hidden_fake,10111
viability_signature,0.029982363315696647,hidden_fake,B,2.627031810714274,0.0,0.11764705882352941,33.35294117647059,17,567,111,0.0,0.058823529411764705,B_10111_hidden_fake,10111
behavioral_quotient_k5,0.008818342151675485,hidden_fake,B,1.4273706337088472,0.2,0.2,113.4,5,567,111,0.0,0.0,B_10111_hidden_fake,10111
predictive_quotient_k5,0.008818342151675485,hidden_fake,B,1.4228481579267496,0.4,0.4,113.4,5,567,111,0.0,0.0,B_10111_hidden_fake,10111
predictive_quotient_k8,0.014109347442680775,hidden_fake,B,1.895874227551907,0.125,0.25,70.875,8,567,111,0.0,0.0,B_10111_hidden_fake,10111
identity,1.0,hidden_fake,B,6.340359303727763,0.0,0.0,1.0,567,567,113,1.0,0.0,B_10113_hidden_fake,10113
all_one,0.001763668430335097,hidden_fake,B,0.0,1.0,1.0,567.0,1,567,113,0.0,1.0,B_10113_hidden_fake,10113
random_k,0.02292768959435626,hidden_fake,B,2.5580074805033908,0.7692307692307693,0.8461538461538461,43.61538461538461,13,567,113,0.0,0.7692307692307693,B_10113_hidden_fake,10113
hash_k34_s1206,0.059964726631393295,hidden_fake,B,3.5234439856557835,0.5588235294117647,0.5882352941176471,16.676470588235293,34,567,113,0.0,0.5588235294117647,B_10113_hidden_fake,10113
trap_mixing_adversarial,0.007054673721340388,hidden_fake,B,1.3365627132772253,0.75,0.75,141.75,4,567,113,0.0,0.5,B_10113_hidden_fake,10113
best_of_10_hashes_per_world,0.09700176366843033,hidden_fake,B,3.954532409587782,0.32727272727272727,0.34545454545454546,10.309090909090909,55,567,113,0.0,0.3090909090909091,B_10113_hidden_fake,10113
viability_signature,0.029982363315696647,hidden_fake,B,2.6208385136923993,0.0,0.11764705882352941,33.35294117647059,17,567,113,0.0,0.058823529411764705,B_10113_hidden_fake,10113
behavioral_quotient_k5,0.008818342151675485,hidden_fake,B,1.4281004809693987,0.0,0.6,113.4,5,567,113,0.0,0.2,B_10113_hidden_fake,10113
predictive_quotient_k5,0.008818342151675485,hidden_fake,B,1.3910675299609516,0.2,0.4,113.4,5,567,113,0.0,0.0,B_10113_hidden_fake,10113
predictive_quotient_k8,0.014109347442680775,hidden_fake,B,1.8888720530775682,0.125,0.25,70.875,8,567,113,0.0,0.0,B_10113_hidden_fake,10113
identity,1.0,hidden_fake,B,6.340359303727763,0.0,0.0,1.0,567,567,114,1.0,0.0,B_10114_hidden_fake,10114
all_one,0.001763668430335097,hidden_fake,B,0.0,1.0,1.0,567.0,1,567,114,0.0,1.0,B_10114_hidden_fake,10114
random_k,0.02292768959435626,hidden_fake,B,2.5522579415900095,0.7692307692307693,0.9230769230769231,43.61538461538461,13,567,114,0.0,0.7692307692307693,B_10114_hidden_fake,10114
hash_k34_s1206,0.059964726631393295,hidden_fake,B,3.5234439856557835,0.5588235294117647,0.6470588235294118,16.676470588235293,34,567,114,0.0,0.5588235294117647,B_10114_hidden_fake,10114
trap_mixing_adversarial,0.007054673721340388,hidden_fake,B,1.267838064388856,0.5,0.75,141.75,4,567,114,0.0,0.5,B_10114_hidden_fake,10114
best_of_10_hashes_per_world,0.09700176366843033,hidden_fake,B,3.9601435437532957,0.3090909090909091,0.38181818181818183,10.309090909090909,55,567,114,0.0,0.3090909090909091,B_10114_hidden_fake,10114
viability_signature,0.029982363315696647,hidden_fake,B,2.6102462831337965,0.0,0.11764705882352941,33.35294117647059,17,567,114,0.0,0.0,B_10114_hidden_fake,10114
behavioral_quotient_k5,0.008818342151675485,hidden_fake,B,1.439499494928512,0.0,0.4,113.4,5,567,114,0.0,0.0,B_10114_hidden_fake,10114
predictive_quotient_k5,0.008818342151675485,hidden_fake,B,1.434027718337017,0.0,0.2,113.4,5,567,114,0.0,0.0,B_10114_hidden_fake,10114
predictive_quotient_k8,0.014109347442680775,hidden_fake,B,1.9696786973819926,0.0,0.25,70.875,8,567,114,0.0,0.0,B_10114_hidden_fake,10114
identity,1.0,hidden_fake,B,6.340359303727763,0.0,0.0,1.0,567,567,117,1.0,0.0,B_10117_hidden_fake,10117
all_one,0.001763668430335097,hidden_fake,B,0.0,1.0,1.0,567.0,1,567,117,0.0,1.0,B_10117_hidden_fake,10117
random_k,0.02292768959435626,hidden_fake,B,2.554942026940139,0.8461538461538461,0.9230769230769231,43.61538461538461,13,567,117,0.0,0.8461538461538461,B_10117_hidden_fake,10117
hash_k34_s1206,0.059964726631393295,hidden_fake,B,3.5234439856557835,0.5588235294117647,0.6176470588235294,16.676470588235293,34,567,117,0.0,0.5588235294117647,B_10117_hidden_fake,10117
trap_mixing_adversarial,0.007054673721340388,hidden_fake,B,1.3360481610380393,0.5,0.75,141.75,4,567,117,0.0,0.5,B_10117_hidden_fake,10117
best_of_10_hashes_per_world,0.059964726631393295,hidden_fake,B,3.4860371548835354,0.47058823529411764,0.5,16.676470588235293,34,567,117,0.0,0.47058823529411764,B_10117_hidden_fake,10117
viability_signature,0.029982363315696647,hidden_fake,B,2.6155495876517327,0.0,0.11764705882352941,33.35294117647059,17,567,117,0.0,0.0,B_10117_hidden_fake,10117
behavioral_quotient_k5,0.008818342151675485,hidden_fake,B,1.4342678201159407,0.0,0.2,113.4,5,567,117,0.0,0.0,B_10117_hidden_fake,10117
predictive_quotient_k5,0.008818342151675485,hidden_fake,B,1.4369459733697927,0.0,0.4,113.4,5,567,117,0.0,0.0,B_10117_hidden_fake,10117
predictive_quotient_k8,0.014109347442680775,hidden_fake,B,1.988722258252432,0.0,0.125,70.875,8,567,117,0.0,0.0,B_10117_hidden_fake,10117
identity,1.0,hidden_fake,B,6.340359303727763,0.0,0.0,1.0,567,567,112,1.0,0.0,B_10112_hidden_fake,10112
all_one,0.001763668430335097,hidden_fake,B,0.0,1.0,1.0,567.0,1,567,112,0.0,1.0,B_10112_hidden_fake,10112
random_k,0.02292768959435626,hidden_fake,B,2.552679224106029,0.7692307692307693,0.7692307692307693,43.61538461538461,13,567,112,0.0,0.7692307692307693,B_10112_hidden_fake,10112
hash_k34_s1206,0.059964726631393295,hidden_fake,B,3.5234439856557835,0.6176470588235294,0.6176470588235294,16.676470588235293,34,567,112,0.0,0.5588235294117647,B_10112_hidden_fake,10112
trap_mixing_adversarial,0.007054673721340388,hidden_fake,B,1.2721555842343353,0.75,0.75,141.75,4,567,112,0.0,0.5,B_10112_hidden_fake,10112
best_of_10_hashes_per_world,0.09700176366843033,hidden_fake,B,3.9514233210721246,0.38181818181818183,0.38181818181818183,10.309090909090909,55,567,112,0.0,0.32727272727272727,B_10112_hidden_fake,10112
viability_signature,0.029982363315696647,hidden_fake,B,2.625097499676008,0.0,0.11764705882352941,33.35294117647059,17,567,112,0.0,0.058823529411764705,B_10112_hidden_fake,10112
behavioral_quotient_k5,0.008818342151675485,hidden_fake,B,1.4033561592139616,0.2,0.2,113.4,5,567,112,0.0,0.0,B_10112_hidden_fake,10112
predictive_quotient_k5,0.008818342151675485,hidden_fake,B,1.370279252602541,0.2,0.4,113.4,5,567,112,0.0,0.2,B_10112_hidden_fake,10112
predictive_quotient_k8,0.014109347442680775,hidden_fake,B,1.9469383861264586,0.125,0.25,70.875,8,567,112,0.0,0.125,B_10112_hidden_fake,10112
identity,1.0,hidden_fake,B,6.340359303727763,0.0,0.0,1.0,567,567,115,1.0,0.0,B_10115_hidden_fake,10115
all_one,0.001763668430335097,hidden_fake,B,0.0,1.0,1.0,567.0,1,567,115,0.0,1.0,B_10115_hidden_fake,10115
random_k,0.02292768959435626,hidden_fake,B,2.5548143015338263,0.7692307692307693,0.8461538461538461,43.61538461538461,13,567,115,0.0,0.7692307692307693,B_10115_hidden_fake,10115
hash_k34_s1206,0.059964726631393295,hidden_fake,B,3.5234439856557835,0.6176470588235294,0.6764705882352942,16.676470588235293,34,567,115,0.0,0.5588235294117647,B_10115_hidden_fake,10115
trap_mixing_adversarial,0.007054673721340388,hidden_fake,B,1.335511223143067,0.5,0.75,141.75,4,567,115,0.0,0.5,B_10115_hidden_fake,10115
best_of_10_hashes_per_world,0.09700176366843033,hidden_fake,B,3.9571258562529246,0.36363636363636365,0.38181818181818183,10.309090909090909,55,567,115,0.0,0.32727272727272727,B_10115_hidden_fake,10115
viability_signature,0.029982363315696647,hidden_fake,B,2.623293746789415,0.0,0.17647058823529413,33.35294117647059,17,567,115,0.0,0.058823529411764705,B_10115_hidden_fake,10115
behavioral_quotient_k5,0.008818342151675485,hidden_fake,B,1.3834991645709522,0.0,0.4,113.4,5,567,115,0.0,0.2,B_10115_hidden_fake,10115
predictive_quotient_k5,0.008818342151675485,hidden_fake,B,1.42083358158717,0.2,0.2,113.4,5,567,115,0.0,0.0,B_10115_hidden_fake,10115
predictive_quotient_k8,0.014109347442680775,hidden_fake,B,1.9839035820533282,0.125,0.125,70.875,8,567,115,0.0,0.0,B_10115_hidden_fake,10115
identity,1.0,hidden_fake,B,6.340359303727763,0.0,0.0,1.0,567,567,116,1.0,0.0,B_10116_hidden_fake,10116
all_one,0.001763668430335097,hidden_fake,B,0.0,1.0,1.0,567.0,1,567,116,0.0,1.0,B_10116_hidden_fake,10116
random_k,0.02292768959435626,hidden_fake,B,2.55159510152302,1.0,1.0,43.61538461538461,13,567,116,0.0,1.0,B_10116_hidden_fake,10116
hash_k34_s1206,0.059964726631393295,hidden_fake,B,3.5234439856557835,0.5588235294117647,0.6176470588235294,16.676470588235293,34,567,116,0.0,0.5588235294117647,B_10116_hidden_fake,10116
trap_mixing_adversarial,0.007054673721340388,hidden_fake,B,1.303851011936528,0.5,0.75,141.75,4,567,116,0.0,0.5,B_10116_hidden_fake,10116
best_of_10_hashes_per_world,0.09700176366843033,hidden_fake,B,3.962925842737407,0.32727272727272727,0.4,10.309090909090909,55,567,116,0.0,0.32727272727272727,B_10116_hidden_fake,10116
viability_signature,0.029982363315696647,hidden_fake,B,2.6139714352831214,0.0,0.11764705882352941,33.35294117647059,17,567,116,0.0,0.0,B_10116_hidden_fake,10116
behavioral_quotient_k5,0.008818342151675485,hidden_fake,B,1.4156959170524543,0.0,0.2,113.4,5,567,116,0.0,0.0,B_10116_hidden_fake,10116
predictive_quotient_k5,0.008818342151675485,hidden_fake,B,1.4167031945213555,0.0,0.2,113.4,5,567,116,0.0,0.0,B_10116_hidden_fake,10116
predictive_quotient_k8,0.014109347442680775,hidden_fake,B,1.924115526898677,0.0,0.125,70.875,8,567,116,0.0,0.0,B_10116_hidden_fake,10116
identity,1.0,hidden_fake,B,6.340359303727763,0.0,0.0,1.0,567,567,119,1.0,0.0,B_10119_hidden_fake,10119
all_one,0.001763668430335097,hidden_fake,B,0.0,1.0,1.0,567.0,1,567,119,0.0,1.0,B_10119_hidden_fake,10119
random_k,0.02292768959435626,hidden_fake,B,2.5537413047677204,0.9230769230769231,0.9230769230769231,43.61538461538461,13,567,119,0.0,0.9230769230769231,B_10119_hidden_fake,10119
hash_k34_s1206,0.059964726631393295,hidden_fake,B,3.5234439856557835,0.5588235294117647,0.6470588235294118,16.676470588235293,34,567,119,0.0,0.5588235294117647,B_10119_hidden_fake,10119
trap_mixing_adversarial,0.007054673721340388,hidden_fake,B,1.3334044134497034,0.75,0.75,141.75,4,567,119,0.0,0.5,B_10119_hidden_fake,10119
best_of_10_hashes_per_world,0.09700176366843033,hidden_fake,B,3.9504207700973204,0.34545454545454546,0.4,10.309090909090909,55,567,119,0.0,0.32727272727272727,B_10119_hidden_fake,10119
viability_signature,0.029982363315696647,hidden_fake,B,2.6149561167270603,0.0,0.11764705882352941,33.35294117647059,17,567,119,0.0,0.058823529411764705,B_10119_hidden_fake,10119
behavioral_quotient_k5,0.008818342151675485,hidden_fake,B,1.4332946710938264,0.2,0.4,113.4,5,567,119,0.0,0.2,B_10119_hidden_fake,10119
predictive_quotient_k5,0.008818342151675485,hidden_fake,B,1.3754846312509186,0.2,0.4,113.4,5,567,119,0.0,0.0,B_10119_hidden_fake,10119
predictive_quotient_k8,0.014109347442680775,hidden_fake,B,1.9049374643468846,0.125,0.25,70.875,8,567,119,0.0,0.0,B_10119_hidden_fake,10119
identity,1.0,hidden_fake,B,6.340359303727763,0.0,0.0,1.0,567,567,118,1.0,0.0,B_10118_hidden_fake,10118
all_one,0.001763668430335097,hidden_fake,B,0.0,1.0,1.0,567.0,1,567,118,0.0,1.0,B_10118_hidden_fake,10118
random_k,0.02292768959435626,hidden_fake,B,2.5562466746168826,0.8461538461538461,0.7692307692307693,43.61538461538461,13,567,118,0.0,0.7692307692307693,B_10118_hidden_fake,10118
hash_k34_s1206,0.059964726631393295,hidden_fake,B,3.5234439856557835,0.6176470588235294,0.6764705882352942,16.676470588235293,34,567,118,0.0,0.5588235294117647,B_10118_hidden_fake,10118
trap_mixing_adversarial,0.007054673721340388,hidden_fake,B,1.2831790367897034,0.75,0.75,141.75,4,567,118,0.0,0.5,B_10118_hidden_fake,10118
best_of_10_hashes_per_world,0.09700176366843033,hidden_fake,B,3.955666097136031,0.38181818181818183,0.4,10.309090909090909,55,567,118,0.0,0.3090909090909091,B_10118_hidden_fake,10118
viability_signature,0.029982363315696647,hidden_fake,B,2.6184321463944986,0.0,0.11764705882352941,33.35294117647059,17,567,118,0.0,0.058823529411764705,B_10118_hidden_fake,10118
behavioral_quotient_k5,0.008818342151675485,hidden_fake,B,1.424936521459652,0.2,0.4,113.4,5,567,118,0.0,0.2,B_10118_hidden_fake,10118
predictive_quotient_k5,0.008818342151675485,hidden_fake,B,1.4321450116073096,0.2,0.2,113.4,5,567,118,0.0,0.0,B_10118_hidden_fake,10118
predictive_quotient_k8,0.014109347442680775,hidden_fake,B,1.9180077730102942,0.25,0.25,70.875,8,567,118,0.0,0.0,B_10118_hidden_fake,10118
identity,1.0,hidden_fake,B,6.340359303727763,0.0,0.0,1.0,567,567,120,1.0,0.0,B_10120_hidden_fake,10120
all_one,0.001763668430335097,hidden_fake,B,0.0,1.0,1.0,567.0,1,567,120,0.0,1.0,B_10120_hidden_fake,10120
random_k,0.02292768959435626,hidden_fake,B,2.558979638047213,0.8461538461538461,0.9230769230769231,43.61538461538461,13,567,120,0.0,0.8461538461538461,B_10120_hidden_fake,10120
hash_k34_s1206,0.059964726631393295,hidden_fake,B,3.5234439856557835,0.5588235294117647,0.6176470588235294,16.676470588235293,34,567,120,0.0,0.5588235294117647,B_10120_hidden_fake,10120
trap_mixing_adversarial,0.007054673721340388,hidden_fake,B,1.2852487856269774,0.5,0.75,141.75,4,567,120,0.0,0.5,B_10120_hidden_fake,10120
best_of_10_hashes_per_world,0.059964726631393295,hidden_fake,B,3.501601806586673,0.35294117647058826,0.4411764705882353,16.676470588235293,34,567,120,0.0,0.35294117647058826,B_10120_hidden_fake,10120
viability_signature,0.029982363315696647,hidden_fake,B,2.6097750122446994,0.0,0.11764705882352941,33.35294117647059,17,567,120,0.0,0.0,B_10120_hidden_fake,10120
behavioral_quotient_k5,0.008818342151675485,hidden_fake,B,1.4171739564506665,0.0,0.2,113.4,5,567,120,0.0,0.0,B_10120_hidden_fake,10120
predictive_quotient_k5,0.008818342151675485,hidden_fake,B,1.4005220165421879,0.0,0.2,113.4,5,567,120,0.0,0.0,B_10120_hidden_fake,10120
predictive_quotient_k8,0.014109347442680775,hidden_fake,B,1.9504867635888785,0.0,0.25,70.875,8,567,120,0.0,0.0,B_10120_hidden_fake,10120
identity,1.0,hidden_fake,B,6.340359303727763,0.0,0.0,1.0,567,567,121,1.0,0.0,B_10121_hidden_fake,10121
all_one,0.001763668430335097,hidden_fake,B,0.0,1.0,1.0,567.0,1,567,121,0.0,1.0,B_10121_hidden_fake,10121
random_k,0.02292768959435626,hidden_fake,B,2.5579958440313586,0.7692307692307693,0.7692307692307693,43.61538461538461,13,567,121,0.0,0.6153846153846154,B_10121_hidden_fake,10121
hash_k34_s1206,0.059964726631393295,hidden_fake,B,3.5234439856557835,0.6470588235294118,0.6764705882352942,16.676470588235293,34,567,121,0.0,0.5588235294117647,B_10121_hidden_fake,10121
trap_mixing_adversarial,0.007054673721340388,hidden_fake,B,1.335511223143067,0.5,0.75,141.75,4,567,121,0.0,0.5,B_10121_hidden_fake,10121
best_of_10_hashes_per_world,0.059964726631393295,hidden_fake,B,3.4908276867869374,0.5,0.5588235294117647,16.676470588235293,34,567,121,0.0,0.4411764705882353,B_10121_hidden_fake,10121
viability_signature,0.029982363315696647,hidden_fake,B,2.6245779528292403,0.0,0.11764705882352941,33.35294117647059,17,567,121,0.0,0.058823529411764705,B_10121_hidden_fake,10121
behavioral_quotient_k5,0.008818342151675485,hidden_fake,B,1.422731562910613,0.4,0.4,113.4,5,567,121,0.0,0.0,B_10121_hidden_fake,10121
predictive_quotient_k5,0.008818342151675485,hidden_fake,B,1.3824783048767453,0.4,0.2,113.4,5,567,121,0.0,0.0,B_10121_hidden_fake,10121
predictive_quotient_k8,0.014109347442680775,hidden_fake,B,1.9949473851319774,0.125,0.125,70.875,8,567,121,0.0,0.0,B_10121_hidden_fake,10121
identity,1.0,hidden_fake,B,6.340359303727763,0.0,0.0,1.0,567,567,122,1.0,0.0,B_10122_hidden_fake,10122
all_one,0.001763668430335097,hidden_fake,B,0.0,1.0,1.0,567.0,1,567,122,0.0,1.0,B_10122_hidden_fake,10122
random_k,0.02292768959435626,hidden_fake,B,2.548946203750637,0.9230769230769231,0.9230769230769231,43.61538461538461,13,567,122,0.0,0.9230769230769231,B_10122_hidden_fake,10122
hash_k34_s1206,0.059964726631393295,hidden_fake,B,3.5234439856557835,0.6176470588235294,0.6176470588235294,16.676470588235293,34,567,122,0.0,0.5588235294117647,B_10122_hidden_fake,10122
trap_mixing_adversarial,0.007054673721340388,hidden_fake,B,1.2721555842343353,0.75,0.75,141.75,4,567,122,0.0,0.5,B_10122_hidden_fake,10122
best_of_10_hashes_per_world,0.09700176366843033,hidden_fake,B,3.9479983364564872,0.41818181818181815,0.45454545454545453,10.309090909090909,55,567,122,0.0,0.34545454545454546,B_10122_hidden_fake,10122
viability_signature,0.029982363315696647,hidden_fake,B,2.6240937279743832,0.0,0.11764705882352941,33.35294117647059,17,567,122,0.0,0.058823529411764705,B_10122_hidden_fake,10122
behavioral_quotient_k5,0.008818342151675485,hidden_fake,B,1.3994785595332566,0.2,0.4,113.4,5,567,122,0.0,0.2,B_10122_hidden_fake,10122
predictive_quotient_k5,0.008818342151675485,hidden_fake,B,1.3966408192726685,0.2,0.2,113.4,5,567,122,0.0,0.0,B_10122_hidden_fake,10122
predictive_quotient_k8,0.014109347442680775,hidden_fake,B,1.9592421109978395,0.125,0.125,70.875,8,567,122,0.0,0.0,B_10122_hidden_fake,10122
identity,1.0,hidden_fake,B,6.340359303727763,0.0,0.0,1.0,567,567,123,1.0,0.0,B_10123_hidden_fake,10123
all_one,0.001763668430335097,hidden_fake,B,0.0,1.0,1.0,567.0,1,567,123,0.0,1.0,B_10123_hidden_fake,10123
random_k,0.02292768959435626,hidden_fake,B,2.551901901768986,0.8461538461538461,0.9230769230769231,43.61538461538461,13,567,123,0.0,0.8461538461538461,B_10123_hidden_fake,10123
hash_k34_s1206,0.059964726631393295,hidden_fake,B,3.5234439856557835,0.5588235294117647,0.5882352941176471,16.676470588235293,34,567,123,0.0,0.5588235294117647,B_10123_hidden_fake,10123
trap_mixing_adversarial,0.007054673721340388,hidden_fake,B,1.3365627132772253,0.75,0.75,141.75,4,567,123,0.0,0.5,B_10123_hidden_fake,10123
best_of_10_hashes_per_world,0.09700176366843033,hidden_fake,B,3.951373071188273,0.34545454545454546,0.38181818181818183,10.309090909090909,55,567,123,0.0,0.3090909090909091,B_10123_hidden_fake,10123
viability_signature,0.029982363315696647,hidden_fake,B,2.6197261789227935,0.0,0.11764705882352941,33.35294117647059,17,567,123,0.0,0.058823529411764705,B_10123_hidden_fake,10123
behavioral_quotient_k5,0.008818342151675485,hidden_fake,B,1.4244553144431429,0.4,0.2,113.4,5,567,123,0.0,0.0,B_10123_hidden_fake,10123
predictive_quotient_k5,0.008818342151675485,hidden_fake,B,1.3789638873035388,0.2,0.4,113.4,5,567,123,0.0,0.0,B_10123_hidden_fake,10123
predictive_quotient_k8,0.014109347442680775,hidden_fake,B,1.9337156452477307,0.125,0.25,70.875,8,567,123,0.0,0.0,B_10123_hidden_fake,10123
identity,1.0,hidden_fake,B,6.340359303727763,0.0,0.0,1.0,567,567,124,1.0,0.0,B_10124_hidden_fake,10124
all_one,0.001763668430335097,hidden_fake,B,0.0,1.0,1.0,567.0,1,567,124,0.0,1.0,B_10124_hidden_fake,10124
random_k,0.02292768959435626,hidden_fake,B,2.5570446992974967,0.7692307692307693,0.7692307692307693,43.61538461538461,13,567,124,0.0,0.7692307692307693,B_10124_hidden_fake,10124
hash_k34_s1206,0.059964726631393295,hidden_fake,B,3.5234439856557835,0.5588235294117647,0.6470588235294118,16.676470588235293,34,567,124,0.0,0.5588235294117647,B_10124_hidden_fake,10124
trap_mixing_adversarial,0.007054673721340388,hidden_fake,B,1.267838064388856,0.5,0.75,141.75,4,567,124,0.0,0.5,B_10124_hidden_fake,10124
best_of_10_hashes_per_world,0.09700176366843033,hidden_fake,B,3.9603888768626145,0.32727272727272727,0.4,10.309090909090909,55,567,124,0.0,0.32727272727272727,B_10124_hidden_fake,10124
viability_signature,0.029982363315696647,hidden_fake,B,2.6127595481831754,0.0,0.11764705882352941,33.35294117647059,17,567,124,0.0,0.0,B_10124_hidden_fake,10124
behavioral_quotient_k5,0.008818342151675485,hidden_fake,B,1.4447520918099062,0.0,0.2,113.4,5,567,124,0.0,0.0,B_10124_hidden_fake,10124
predictive_quotient_k5,0.008818342151675485,hidden_fake,B,1.4409036333060288,0.0,0.2,113.4,5,567,124,0.0,0.0,B_10124_hidden_fake,10124
predictive_quotient_k8,0.014109347442680775,hidden_fake,B,1.9609609846496154,0.0,0.125,70.875,8,567,124,0.0,0.0,B_10124_hidden_fake,10124
identity,1.0,hidden_fake,B,6.340359303727763,0.0,0.0,1.0,567,567,125,1.0,0.0,B_10125_hidden_fake,10125
all_one,0.001763668430335097,hidden_fake,B,0.0,1.0,1.0,567.0,1,567,125,0.0,1.0,B_10125_hidden_fake,10125
random_k,0.02292768959435626,hidden_fake,B,2.5561245969662965,1.0,1.0,43.61538461538461,13,567,125,0.0,0.9230769230769231,B_10125_hidden_fake,10125
hash_k34_s1206,0.059964726631393295,hidden_fake,B,3.5234439856557835,0.6176470588235294,0.6764705882352942,16.676470588235293,34,567,125,0.0,0.5588235294117647,B_10125_hidden_fake,10125
trap_mixing_adversarial,0.007054673721340388,hidden_fake,B,1.335511223143067,0.5,0.75,141.75,4,567,125,0.0,0.5,B_10125_hidden_fake,10125
best_of_10_hashes_per_world,0.059964726631393295,hidden_fake,B,3.4927861683462575,0.47058823529411764,0.5588235294117647,16.676470588235293,34,567,125,0.0,0.47058823529411764,B_10125_hidden_fake,10125
viability_signature,0.029982363315696647,hidden_fake,B,2.623293746789415,0.0,0.17647058823529413,33.35294117647059,17,567,125,0.0,0.058823529411764705,B_10125_hidden_fake,10125
behavioral_quotient_k5,0.008818342151675485,hidden_fake,B,1.4223373068235503,0.0,0.6,113.4,5,567,125,0.0,0.2,B_10125_hidden_fake,10125
predictive_quotient_k5,0.008818342151675485,hidden_fake,B,1.4026251417267295,0.2,0.2,113.4,5,567,125,0.0,0.0,B_10125_hidden_fake,10125
predictive_quotient_k8,0.014109347442680775,hidden_fake,B,1.97153528371961,0.125,0.125,70.875,8,567,125,0.0,0.0,B_10125_hidden_fake,10125
identity,1.0,hidden_fake,B,6.340359303727763,0.0,0.0,1.0,567,567,127,1.0,0.0,B_10127_hidden_fake,10127
all_one,0.001763668430335097,hidden_fake,B,0.0,1.0,1.0,567.0,1,567,127,0.0,1.0,B_10127_hidden_fake,10127
random_k,0.02292768959435626,hidden_fake,B,2.5566130815486487,0.8461538461538461,0.9230769230769231,43.61538461538461,13,567,127,0.0,0.8461538461538461,B_10127_hidden_fake,10127
hash_k34_s1206,0.059964726631393295,hidden_fake,B,3.5234439856557835,0.5588235294117647,0.6176470588235294,16.676470588235293,34,567,127,0.0,0.5588235294117647,B_10127_hidden_fake,10127
trap_mixing_adversarial,0.007054673721340388,hidden_fake,B,1.3360481610380393,0.5,0.75,141.75,4,567,127,0.0,0.5,B_10127_hidden_fake,10127
best_of_10_hashes_per_world,0.09700176366843033,hidden_fake,B,3.9532476428165597,0.34545454545454546,0.4,10.309090909090909,55,567,127,0.0,0.34545454545454546,B_10127_hidden_fake,10127
viability_signature,0.029982363315696647,hidden_fake,B,2.616606184014995,0.0,0.11764705882352941,33.35294117647059,17,567,127,0.0,0.0,B_10127_hidden_fake,10127
behavioral_quotient_k5,0.008818342151675485,hidden_fake,B,1.3894110306525218,0.0,0.4,113.4,5,567,127,0.0,0.0,B_10127_hidden_fake,10127
predictive_quotient_k5,0.008818342151675485,hidden_fake,B,1.4033853120835071,0.0,0.4,113.4,5,567,127,0.0,0.0,B_10127_hidden_fake,10127
predictive_quotient_k8,0.014109347442680775,hidden_fake,B,1.9626655095621546,0.0,0.25,70.875,8,567,127,0.0,0.0,B_10127_hidden_fake,10127
identity,1.0,hidden_fake,B,6.340359303727763,0.0,0.0,1.0,567,567,126,1.0,0.0,B_10126_hidden_fake,10126
all_one,0.001763668430335097,hidden_fake,B,0.0,1.0,1.0,567.0,1,567,126,0.0,1.0,B_10126_hidden_fake,10126
random_k,0.02292768959435626,hidden_fake,B,2.552837458416658,0.6923076923076923,0.8461538461538461,43.61538461538461,13,567,126,0.0,0.6923076923076923,B_10126_hidden_fake,10126
hash_k34_s1206,0.059964726631393295,hidden_fake,B,3.5234439856557835,0.5588235294117647,0.6176470588235294,16.676470588235293,34,567,126,0.0,0.5588235294117647,B_10126_hidden_fake,10126
trap_mixing_adversarial,0.007054673721340388,hidden_fake,B,1.303851011936528,0.5,0.75,141.75,4,567,126,0.0,0.5,B_10126_hidden_fake,10126
best_of_10_hashes_per_world,0.059964726631393295,hidden_fake,B,3.507994078362197,0.4411764705882353,0.5882352941176471,16.676470588235293,34,567,126,0.0,0.4411764705882353,B_10126_hidden_fake,10126
viability_signature,0.029982363315696647,hidden_fake,B,2.6135115299234077,0.0,0.11764705882352941,33.35294117647059,17,567,126,0.0,0.0,B_10126_hidden_fake,10126
behavioral_quotient_k5,0.008818342151675485,hidden_fake,B,1.3874886902254084,0.0,0.2,113.4,5,567,126,0.0,0.0,B_10126_hidden_fake,10126
predictive_quotient_k5,0.008818342151675485,hidden_fake,B,1.401311173927699,0.0,0.4,113.4,5,567,126,0.0,0.0,B_10126_hidden_fake,10126
predictive_quotient_k8,0.014109347442680775,hidden_fake,B,1.9458587737554174,0.0,0.25,70.875,8,567,126,0.0,0.0,B_10126_hidden_fake,10126
identity,1.0,hidden_fake,B,6.340359303727763,0.0,0.0,1.0,567,567,128,1.0,0.0,B_10128_hidden_fake,10128
all_one,0.001763668430335097,hidden_fake,B,0.0,1.0,1.0,567.0,1,567,128,0.0,1.0,B_10128_hidden_fake,10128
random_k,0.02292768959435626,hidden_fake,B,2.5547008538947593,0.9230769230769231,0.9230769230769231,43.61538461538461,13,567,128,0.0,0.9230769230769231,B_10128_hidden_fake,10128
hash_k34_s1206,0.059964726631393295,hidden_fake,B,3.5234439856557835,0.6176470588235294,0.6764705882352942,16.676470588235293,34,567,128,0.0,0.5588235294117647,B_10128_hidden_fake,10128
trap_mixing_adversarial,0.007054673721340388,hidden_fake,B,1.2831790367897034,0.75,0.75,141.75,4,567,128,0.0,0.5,B_10128_hidden_fake,10128
best_of_10_hashes_per_world,0.059964726631393295,hidden_fake,B,3.4902705349581558,0.47058823529411764,0.5,16.676470588235293,34,567,128,0.0,0.4411764705882353,B_10128_hidden_fake,10128
viability_signature,0.029982363315696647,hidden_fake,B,2.617415602856219,0.0,0.11764705882352941,33.35294117647059,17,567,128,0.0,0.058823529411764705,B_10128_hidden_fake,10128
behavioral_quotient_k5,0.008818342151675485,hidden_fake,B,1.4353696231474458,0.2,0.2,113.4,5,567,128,0.0,0.0,B_10128_hidden_fake,10128
predictive_quotient_k5,0.008818342151675485,hidden_fake,B,1.4253404256432394,0.2,0.2,113.4,5,567,128,0.0,0.0,B_10128_hidden_fake,10128
predictive_quotient_k8,0.014109347442680775,hidden_fake,B,1.9424981701129507,0.125,0.125,70.875,8,567,128,0.0,0.0,B_10128_hidden_fake,10128
identity,1.0,hidden_fake,B,6.340359303727763,0.0,0.0,1.0,567,567,130,1.0,0.0,B_10130_hidden_fake,10130
all_one,0.001763668430335097,hidden_fake,B,0.0,1.0,1.0,567.0,1,567,130,0.0,1.0,B_10130_hidden_fake,10130
random_k,0.02292768959435626,hidden_fake,B,2.5601562908179787,0.7692307692307693,0.7692307692307693,43.61538461538461,13,567,130,0.0,0.7692307692307693,B_10130_hidden_fake,10130
hash_k34_s1206,0.059964726631393295,hidden_fake,B,3.5234439856557835,0.5588235294117647,0.6176470588235294,16.676470588235293,34,567,130,0.0,0.5588235294117647,B_10130_hidden_fake,10130
trap_mixing_adversarial,0.007054673721340388,hidden_fake,B,1.2852487856269774,0.5,0.75,141.75,4,567,130,0.0,0.5,B_10130_hidden_fake,10130
best_of_10_hashes_per_world,0.059964726631393295,hidden_fake,B,3.4950561425994384,0.5294117647058824,0.5882352941176471,16.676470588235293,34,567,130,0.0,0.5294117647058824,B_10130_hidden_fake,10130
viability_signature,0.029982363315696647,hidden_fake,B,2.6108687158374955,0.0,0.11764705882352941,33.35294117647059,17,567,130,0.0,0.0,B_10130_hidden_fake,10130
behavioral_quotient_k5,0.008818342151675485,hidden_fake,B,1.3892339073212483,0.0,0.2,113.4,5,567,130,0.0,0.0,B_10130_hidden_fake,10130
predictive_quotient_k5,0.008818342151675485,hidden_fake,B,1.3508934896631601,0.0,0.2,113.4,5,567,130,0.0,0.0,B_10130_hidden_fake,10130
predictive_quotient_k8,0.014109347442680775,hidden_fake,B,1.963540441944555,0.0,0.125,70.875,8,567,130,0.0,0.0,B_10130_hidden_fake,10130
identity,1.0,hidden_fake,B,6.340359303727763,0.0,0.0,1.0,567,567,129,1.0,0.0,B_10129_hidden_fake,10129
all_one,0.001763668430335097,hidden_fake,B,0.0,1.0,1.0,567.0,1,567,129,0.0,1.0,B_10129_hidden_fake,10129
random_k,0.02292768959435626,hidden_fake,B,2.5540402491586307,0.8461538461538461,0.9230769230769231,43.61538461538461,13,567,129,0.0,0.8461538461538461,B_10129_hidden_fake,10129
hash_k34_s1206,0.059964726631393295,hidden_fake,B,3.5234439856557835,0.5588235294117647,0.6470588235294118,16.676470588235293,34,567,129,0.0,0.5588235294117647,B_10129_hidden_fake,10129
trap_mixing_adversarial,0.007054673721340388,hidden_fake,B,1.3334044134497034,0.75,0.75,141.75,4,567,129,0.0,0.5,B_10129_hidden_fake,10129
best_of_10_hashes_per_world,0.037037037037037035,hidden_fake,B,3.033547074589571,0.6666666666666666,0.7142857142857143,27.0,21,567,129,0.0,0.6666666666666666,B_10129_hidden_fake,10129
viability_signature,0.029982363315696647,hidden_fake,B,2.6154454129984375,0.0,0.11764705882352941,33.35294117647059,17,567,129,0.0,0.058823529411764705,B_10129_hidden_fake,10129
behavioral_quotient_k5,0.008818342151675485,hidden_fake,B,1.379431043913505,0.0,0.6,113.4,5,567,129,0.0,0.2,B_10129_hidden_fake,10129
predictive_quotient_k5,0.008818342151675485,hidden_fake,B,1.3643403871642699,0.2,0.6,113.4,5,567,129,0.0,0.2,B_10129_hidden_fake,10129
predictive_quotient_k8,0.014109347442680775,hidden_fake,B,1.938254534692756,0.125,0.25,70.875,8,567,129,0.0,0.125,B_10129_hidden_fake,10129
identity,1.0,hidden_fake,B,6.340359303727763,0.0,0.0,1.0,567,567,131,1.0,0.0,B_10131_hidden_fake,10131
all_one,0.001763668430335097,hidden_fake,B,0.0,1.0,1.0,567.0,1,567,131,0.0,1.0,B_10131_hidden_fake,10131
random_k,0.02292768959435626,hidden_fake,B,2.556311261796949,1.0,1.0,43.61538461538461,13,567,131,0.0,1.0,B_10131_hidden_fake,10131
hash_k34_s1206,0.059964726631393295,hidden_fake,B,3.5234439856557835,0.6470588235294118,0.6764705882352942,16.676470588235293,34,567,131,0.0,0.5588235294117647,B_10131_hidden_fake,10131
trap_mixing_adversarial,0.007054673721340388,hidden_fake,B,1.335511223143067,0.5,0.75,141.75,4,567,131,0.0,0.5,B_10131_hidden_fake,10131
best_of_10_hashes_per_world,0.09700176366843033,hidden_fake,B,3.9609650934792473,0.38181818181818183,0.41818181818181815,10.309090909090909,55,567,131,0.0,0.34545454545454546,B_10131_hidden_fake,10131
viability_signature,0.029982363315696647,hidden_fake,B,2.6293921721538323,0.0,0.11764705882352941,33.35294117647059,17,567,131,0.0,0.058823529411764705,B_10131_hidden_fake,10131
behavioral_quotient_k5,0.008818342151675485,hidden_fake,B,1.4167285356155894,0.2,0.2,113.4,5,567,131,0.0,0.0,B_10131_hidden_fake,10131
predictive_quotient_k5,0.008818342151675485,hidden_fake,B,1.42358981503518,0.2,0.4,113.4,5,567,131,0.0,0.0,B_10131_hidden_fake,10131
predictive_quotient_k8,0.014109347442680775,hidden_fake,B,1.9434781277151714,0.125,0.125,70.875,8,567,131,0.0,0.0,B_10131_hidden_fake,10131
identity,1.0,hidden_fake,B,6.340359303727763,0.0,0.0,1.0,567,567,134,1.0,0.0,B_10134_hidden_fake,10134
all_one,0.001763668430335097,hidden_fake,B,0.0,1.0,1.0,567.0,1,567,134,0.0,1.0,B_10134_hidden_fake,10134
random_k,0.02292768959435626,hidden_fake,B,2.5531535957713087,0.9230769230769231,0.9230769230769231,43.61538461538461,13,567,134,0.0,0.9230769230769231,B_10134_hidden_fake,10134
hash_k34_s1206,0.059964726631393295,hidden_fake,B,3.5234439856557835,0.5588235294117647,0.6470588235294118,16.676470588235293,34,567,134,0.0,0.5588235294117647,B_10134_hidden_fake,10134
trap_mixing_adversarial,0.007054673721340388,hidden_fake,B,1.267838064388856,0.5,0.75,141.75,4,567,134,0.0,0.5,B_10134_hidden_fake,10134
best_of_10_hashes_per_world,0.09700176366843033,hidden_fake,B,3.9403006285287008,0.3090909090909091,0.36363636363636365,10.309090909090909,55,567,134,0.0,0.3090909090909091,B_10134_hidden_fake,10134
viability_signature,0.029982363315696647,hidden_fake,B,2.6121557088869127,0.0,0.11764705882352941,33.35294117647059,17,567,134,0.0,0.0,B_10134_hidden_fake,10134
behavioral_quotient_k5,0.008818342151675485,hidden_fake,B,1.4607878278513824,0.0,0.2,113.4,5,567,134,0.0,0.0,B_10134_hidden_fake,10134
predictive_quotient_k5,0.008818342151675485,hidden_fake,B,1.4388946437245171,0.0,0.2,113.4,5,567,134,0.0,0.0,B_10134_hidden_fake,10134
predictive_quotient_k8,0.014109347442680775,hidden_fake,B,1.9513659362138194,0.0,0.25,70.875,8,567,134,0.0,0.0,B_10134_hidden_fake,10134
identity,1.0,hidden_fake,B,6.340359303727763,0.0,0.0,1.0,567,567,137,1.0,0.0,B_10137_hidden_fake,10137
all_one,0.001763668430335097,hidden_fake,B,0.0,1.0,1.0,567.0,1,567,137,0.0,1.0,B_10137_hidden_fake,10137
random_k,0.02292768959435626,hidden_fake,B,2.5471461700604237,0.7692307692307693,0.9230769230769231,43.61538461538461,13,567,137,0.0,0.7692307692307693,B_10137_hidden_fake,10137
hash_k34_s1206,0.059964726631393295,hidden_fake,B,3.5234439856557835,0.5588235294117647,0.6176470588235294,16.676470588235293,34,567,137,0.0,0.5588235294117647,B_10137_hidden_fake,10137
trap_mixing_adversarial,0.007054673721340388,hidden_fake,B,1.3360481610380393,0.5,0.75,141.75,4,567,137,0.0,0.5,B_10137_hidden_fake,10137
best_of_10_hashes_per_world,0.09700176366843033,hidden_fake,B,3.9814730806802814,0.34545454545454546,0.41818181818181815,10.309090909090909,55,567,137,0.0,0.34545454545454546,B_10137_hidden_fake,10137
viability_signature,0.029982363315696647,hidden_fake,B,2.618529913904271,0.0,0.11764705882352941,33.35294117647059,17,567,137,0.0,0.0,B_10137_hidden_fake,10137
behavioral_quotient_k5,0.008818342151675485,hidden_fake,B,1.4283263305669616,0.0,0.2,113.4,5,567,137,0.0,0.0,B_10137_hidden_fake,10137
predictive_quotient_k5,0.008818342151675485,hidden_fake,B,1.4151912505608513,0.0,0.2,113.4,5,567,137,0.0,0.0,B_10137_hidden_fake,10137
predictive_quotient_k8,0.014109347442680775,hidden_fake,B,1.8932772998486214,0.0,0.125,70.875,8,567,137,0.0,0.0,B_10137_hidden_fake,10137
identity,1.0,hidden_fake,B,6.340359303727763,0.0,0.0,1.0,567,567,132,1.0,0.0,B_10132_hidden_fake,10132
all_one,0.001763668430335097,hidden_fake,B,0.0,1.0,1.0,567.0,1,567,132,0.0,1.0,B_10132_hidden_fake,10132
random_k,0.02292768959435626,hidden_fake,B,2.5509129400458024,0.8461538461538461,1.0,43.61538461538461,13,567,132,0.0,0.8461538461538461,B_10132_hidden_fake,10132
hash_k34_s1206,0.059964726631393295,hidden_fake,B,3.5234439856557835,0.6176470588235294,0.6176470588235294,16.676470588235293,34,567,132,0.0,0.5588235294117647,B_10132_hidden_fake,10132
trap_mixing_adversarial,0.007054673721340388,hidden_fake,B,1.2721555842343353,0.75,0.75,141.75,4,567,132,0.0,0.5,B_10132_hidden_fake,10132
best_of_10_hashes_per_world,0.09700176366843033,hidden_fake,B,3.9642946654618556,0.38181818181818183,0.4,10.309090909090909,55,567,132,0.0,0.3090909090909091,B_10132_hidden_fake,10132
viability_signature,0.029982363315696647,hidden_fake,B,2.6237396780175835,0.0,0.11764705882352941,33.35294117647059,17,567,132,0.0,0.058823529411764705,B_10132_hidden_fake,10132
behavioral_quotient_k5,0.008818342151675485,hidden_fake,B,1.4368741186134764,0.2,0.2,113.4,5,567,132,0.0,0.0,B_10132_hidden_fake,10132
predictive_quotient_k5,0.008818342151675485,hidden_fake,B,1.4059892405530012,0.2,0.4,113.4,5,567,132,0.0,0.0,B_10132_hidden_fake,10132
predictive_quotient_k8,0.014109347442680775,hidden_fake,B,1.9858559874825152,0.125,0.25,70.875,8,567,132,0.0,0.0,B_10132_hidden_fake,10132
identity,1.0,hidden_fake,B,6.340359303727763,0.0,0.0,1.0,567,567,133,1.0,0.0,B_10133_hidden_fake,10133
all_one,0.001763668430335097,hidden_fake,B,0.0,1.0,1.0,567.0,1,567,133,0.0,1.0,B_10133_hidden_fake,10133
random_k,0.02292768959435626,hidden_fake,B,2.5522191545273123,0.7692307692307693,0.7692307692307693,43.61538461538461,13,567,133,0.0,0.7692307692307693,B_10133_hidden_fake,10133
hash_k34_s1206,0.059964726631393295,hidden_fake,B,3.5234439856557835,0.5588235294117647,0.5882352941176471,16.676470588235293,34,567,133,0.0,0.5588235294117647,B_10133_hidden_fake,10133
trap_mixing_adversarial,0.007054673721340388,hidden_fake,B,1.3365627132772253,0.75,0.75,141.75,4,567,133,0.0,0.5,B_10133_hidden_fake,10133
best_of_10_hashes_per_world,0.09700176366843033,hidden_fake,B,3.9542011051920305,0.36363636363636365,0.4,10.309090909090909,55,567,133,0.0,0.32727272727272727,B_10133_hidden_fake,10133
viability_signature,0.029982363315696647,hidden_fake,B,2.619487974206653,0.0,0.11764705882352941,33.35294117647059,17,567,133,0.0,0.058823529411764705,B_10133_hidden_fake,10133
behavioral_quotient_k5,0.008818342151675485,hidden_fake,B,1.3928465255168758,0.4,0.4,113.4,5,567,133,0.0,0.0,B_10133_hidden_fake,10133
predictive_quotient_k5,0.008818342151675485,hidden_fake,B,1.4043789209304935,0.2,0.2,113.4,5,567,133,0.0,0.0,B_10133_hidden_fake,10133
predictive_quotient_k8,0.014109347442680775,hidden_fake,B,1.954026972409026,0.125,0.125,70.875,8,567,133,0.0,0.0,B_10133_hidden_fake,10133
identity,1.0,hidden_fake,B,6.340359303727763,0.0,0.0,1.0,567,567,135,1.0,0.0,B_10135_hidden_fake,10135
all_one,0.001763668430335097,hidden_fake,B,0.0,1.0,1.0,567.0,1,567,135,0.0,1.0,B_10135_hidden_fake,10135
random_k,0.02292768959435626,hidden_fake,B,2.556895492343011,1.0,1.0,43.61538461538461,13,567,135,0.0,1.0,B_10135_hidden_fake,10135
hash_k34_s1206,0.059964726631393295,hidden_fake,B,3.5234439856557835,0.6176470588235294,0.6764705882352942,16.676470588235293,34,567,135,0.0,0.5588235294117647,B_10135_hidden_fake,10135
trap_mixing_adversarial,0.007054673721340388,hidden_fake,B,1.335511223143067,0.5,0.75,141.75,4,567,135,0.0,0.5,B_10135_hidden_fake,10135
best_of_10_hashes_per_world,0.09700176366843033,hidden_fake,B,3.946835885409966,0.32727272727272727,0.4,10.309090909090909,55,567,135,0.0,0.3090909090909091,B_10135_hidden_fake,10135
viability_signature,0.029982363315696647,hidden_fake,B,2.623293746789415,0.0,0.17647058823529413,33.35294117647059,17,567,135,0.0,0.058823529411764705,B_10135_hidden_fake,10135
behavioral_quotient_k5,0.008818342151675485,hidden_fake,B,1.3996913633541217,0.2,0.4,113.4,5,567,135,0.0,0.0,B_10135_hidden_fake,10135
predictive_quotient_k5,0.008818342151675485,hidden_fake,B,1.4320767143215707,0.2,0.6,113.4,5,567,135,0.0,0.2,B_10135_hidden_fake,10135
predictive_quotient_k8,0.014109347442680775,hidden_fake,B,1.9725834700632865,0.125,0.25,70.875,8,567,135,0.0,0.125,B_10135_hidden_fake,10135
identity,1.0,hidden_fake,B,6.340359303727763,0.0,0.0,1.0,567,567,138,1.0,0.0,B_10138_hidden_fake,10138
all_one,0.001763668430335097,hidden_fake,B,0.0,1.0,1.0,567.0,1,567,138,0.0,1.0,B_10138_hidden_fake,10138
random_k,0.02292768959435626,hidden_fake,B,2.556449532236467,0.8461538461538461,0.8461538461538461,43.61538461538461,13,567,138,0.0,0.8461538461538461,B_10138_hidden_fake,10138
hash_k34_s1206,0.059964726631393295,hidden_fake,B,3.5234439856557835,0.6176470588235294,0.6764705882352942,16.676470588235293,34,567,138,0.0,0.5588235294117647,B_10138_hidden_fake,10138
trap_mixing_adversarial,0.007054673721340388,hidden_fake,B,1.2831790367897034,0.75,0.75,141.75,4,567,138,0.0,0.5,B_10138_hidden_fake,10138
best_of_10_hashes_per_world,0.09700176366843033,hidden_fake,B,3.9624609498196506,0.36363636363636365,0.36363636363636365,10.309090909090909,55,567,138,0.0,0.2909090909090909,B_10138_hidden_fake,10138
viability_signature,0.029982363315696647,hidden_fake,B,2.616337728903563,0.0,0.11764705882352941,33.35294117647059,17,567,138,0.0,0.058823529411764705,B_10138_hidden_fake,10138
behavioral_quotient_k5,0.008818342151675485,hidden_fake,B,1.435476303267714,0.2,0.2,113.4,5,567,138,0.0,0.2,B_10138_hidden_fake,10138
predictive_quotient_k5,0.008818342151675485,hidden_fake,B,1.4371396923568662,0.2,0.2,113.4,5,567,138,0.0,0.0,B_10138_hidden_fake,10138
predictive_quotient_k8,0.014109347442680775,hidden_fake,B,1.9507629578136267,0.125,0.25,70.875,8,567,138,0.0,0.0,B_10138_hidden_fake,10138
identity,1.0,hidden_fake,B,6.340359303727763,0.0,0.0,1.0,567,567,136,1.0,0.0,B_10136_hidden_fake,10136
all_one,0.001763668430335097,hidden_fake,B,0.0,1.0,1.0,567.0,1,567,136,0.0,1.0,B_10136_hidden_fake,10136
random_k,0.02292768959435626,hidden_fake,B,2.5556092305847065,0.8461538461538461,0.8461538461538461,43.61538461538461,13,567,136,0.0,0.8461538461538461,B_10136_hidden_fake,10136
hash_k34_s1206,0.059964726631393295,hidden_fake,B,3.5234439856557835,0.5588235294117647,0.6176470588235294,16.676470588235293,34,567,136,0.0,0.5588235294117647,B_10136_hidden_fake,10136
trap_mixing_adversarial,0.007054673721340388,hidden_fake,B,1.303851011936528,0.5,0.75,141.75,4,567,136,0.0,0.5,B_10136_hidden_fake,10136
best_of_10_hashes_per_world,0.09700176366843033,hidden_fake,B,3.9658291088357087,0.3090909090909091,0.4,10.309090909090909,55,567,136,0.0,0.3090909090909091,B_10136_hidden_fake,10136
viability_signature,0.029982363315696647,hidden_fake,B,2.612266159865285,0.0,0.11764705882352941,33.35294117647059,17,567,136,0.0,0.0,B_10136_hidden_fake,10136
behavioral_quotient_k5,0.008818342151675485,hidden_fake,B,1.3937546570852097,0.0,0.4,113.4,5,567,136,0.0,0.0,B_10136_hidden_fake,10136
predictive_quotient_k5,0.008818342151675485,hidden_fake,B,1.4347859131452496,0.0,0.2,113.4,5,567,136,0.0,0.0,B_10136_hidden_fake,10136
predictive_quotient_k8,0.014109347442680775,hidden_fake,B,1.9584714290387066,0.0,0.125,70.875,8,567,136,0.0,0.0,B_10136_hidden_fake,10136
identity,1.0,hidden_fake,B,6.340359303727763,0.0,0.0,1.0,567,567,140,1.0,0.0,B_10140_hidden_fake,10140
all_one,0.001763668430335097,hidden_fake,B,0.0,1.0,1.0,567.0,1,567,140,0.0,1.0,B_10140_hidden_fake,10140
random_k,0.02292768959435626,hidden_fake,B,2.5592528023675776,0.9230769230769231,0.9230769230769231,43.61538461538461,13,567,140,0.0,0.9230769230769231,B_10140_hidden_fake,10140
hash_k34_s1206,0.059964726631393295,hidden_fake,B,3.5234439856557835,0.5588235294117647,0.6176470588235294,16.676470588235293,34,567,140,0.0,0.5588235294117647,B_10140_hidden_fake,10140
trap_mixing_adversarial,0.007054673721340388,hidden_fake,B,1.2852487856269774,0.5,0.75,141.75,4,567,140,0.0,0.5,B_10140_hidden_fake,10140
best_of_10_hashes_per_world,0.09700176366843033,hidden_fake,B,3.9761902284971447,0.34545454545454546,0.41818181818181815,10.309090909090909,55,567,140,0.0,0.34545454545454546,B_10140_hidden_fake,10140
viability_signature,0.029982363315696647,hidden_fake,B,2.60792012894469,0.0,0.11764705882352941,33.35294117647059,17,567,140,0.0,0.0,B_10140_hidden_fake,10140
behavioral_quotient_k5,0.008818342151675485,hidden_fake,B,1.4103429466027415,0.0,0.2,113.4,5,567,140,0.0,0.0,B_10140_hidden_fake,10140
predictive_quotient_k5,0.008818342151675485,hidden_fake,B,1.3976788173454044,0.0,0.2,113.4,5,567,140,0.0,0.0,B_10140_hidden_fake,10140
predictive_quotient_k8,0.014109347442680775,hidden_fake,B,2.001188798162878,0.0,0.25,70.875,8,567,140,0.0,0.0,B_10140_hidden_fake,10140
identity,1.0,hidden_fake,B,6.340359303727763,0.0,0.0,1.0,567,567,139,1.0,0.0,B_10139_hidden_fake,10139
all_one,0.001763668430335097,hidden_fake,B,0.0,1.0,1.0,567.0,1,567,139,0.0,1.0,B_10139_hidden_fake,10139
random_k,0.02292768959435626,hidden_fake,B,2.5624750151693934,0.7692307692307693,0.7692307692307693,43.61538461538461,13,567,139,0.0,0.6153846153846154,B_10139_hidden_fake,10139
hash_k34_s1206,0.059964726631393295,hidden_fake,B,3.5234439856557835,0.5588235294117647,0.6470588235294118,16.676470588235293,34,567,139,0.0,0.5588235294117647,B_10139_hidden_fake,10139
trap_mixing_adversarial,0.007054673721340388,hidden_fake,B,1.3334044134497034,0.75,0.75,141.75,4,567,139,0.0,0.5,B_10139_hidden_fake,10139
best_of_10_hashes_per_world,0.09700176366843033,hidden_fake,B,3.9529324592507136,0.3090909090909091,0.4,10.309090909090909,55,567,139,0.0,0.2909090909090909,B_10139_hidden_fake,10139
viability_signature,0.029982363315696647,hidden_fake,B,2.6098599746675455,0.0,0.11764705882352941,33.35294117647059,17,567,139,0.0,0.058823529411764705,B_10139_hidden_fake,10139
behavioral_quotient_k5,0.008818342151675485,hidden_fake,B,1.408621863903635,0.2,0.4,113.4,5,567,139,0.0,0.0,B_10139_hidden_fake,10139
predictive_quotient_k5,0.008818342151675485,hidden_fake,B,1.4049520322536673,0.2,0.4,113.4,5,567,139,0.0,0.2,B_10139_hidden_fake,10139
predictive_quotient_k8,0.014109347442680775,hidden_fake,B,1.9269602504221335,0.125,0.25,70.875,8,567,139,0.0,0.125,B_10139_hidden_fake,10139
identity,1.0,hidden_fake,B,6.340359303727763,0.0,0.0,1.0,567,567,141,1.0,0.0,B_10141_hidden_fake,10141
all_one,0.001763668430335097,hidden_fake,B,0.0,1.0,1.0,567.0,1,567,141,0.0,1.0,B_10141_hidden_fake,10141
random_k,0.02292768959435626,hidden_fake,B,2.5538890003327372,0.7692307692307693,0.7692307692307693,43.61538461538461,13,567,141,0.0,0.7692307692307693,B_10141_hidden_fake,10141
hash_k34_s1206,0.059964726631393295,hidden_fake,B,3.5234439856557835,0.6470588235294118,0.6764705882352942,16.676470588235293,34,567,141,0.0,0.5588235294117647,B_10141_hidden_fake,10141
trap_mixing_adversarial,0.007054673721340388,hidden_fake,B,1.335511223143067,0.5,0.75,141.75,4,567,141,0.0,0.5,B_10141_hidden_fake,10141
best_of_10_hashes_per_world,0.09700176366843033,hidden_fake,B,3.950629375058334,0.34545454545454546,0.4,10.309090909090909,55,567,141,0.0,0.3090909090909091,B_10141_hidden_fake,10141
viability_signature,0.029982363315696647,hidden_fake,B,2.6292955004124816,0.0,0.11764705882352941,33.35294117647059,17,567,141,0.0,0.058823529411764705,B_10141_hidden_fake,10141
behavioral_quotient_k5,0.008818342151675485,hidden_fake,B,1.4211085486910011,0.2,0.4,113.4,5,567,141,0.0,0.2,B_10141_hidden_fake,10141
predictive_quotient_k5,0.008818342151675485,hidden_fake,B,1.4090240082157957,0.2,0.2,113.4,5,567,141,0.0,0.0,B_10141_hidden_fake,10141
predictive_quotient_k8,0.014109347442680775,hidden_fake,B,1.991605532765903,0.125,0.125,70.875,8,567,141,0.0,0.0,B_10141_hidden_fake,10141
identity,1.0,hidden_fake,B,6.340359303727763,0.0,0.0,1.0,567,567,142,1.0,0.0,B_10142_hidden_fake,10142
all_one,0.001763668430335097,hidden_fake,B,0.0,1.0,1.0,567.0,1,567,142,0.0,1.0,B_10142_hidden_fake,10142
random_k,0.02292768959435626,hidden_fake,B,2.549095517440647,0.8461538461538461,0.8461538461538461,43.61538461538461,13,567,142,0.0,0.8461538461538461,B_10142_hidden_fake,10142
hash_k34_s1206,0.059964726631393295,hidden_fake,B,3.5234439856557835,0.6176470588235294,0.6176470588235294,16.676470588235293,34,567,142,0.0,0.5588235294117647,B_10142_hidden_fake,10142
trap_mixing_adversarial,0.007054673721340388,hidden_fake,B,1.2721555842343353,0.75,0.75,141.75,4,567,142,0.0,0.5,B_10142_hidden_fake,10142
best_of_10_hashes_per_world,0.059964726631393295,hidden_fake,B,3.491856904967182,0.47058823529411764,0.47058823529411764,16.676470588235293,34,567,142,0.0,0.4411764705882353,B_10142_hidden_fake,10142
viability_signature,0.029982363315696647,hidden_fake,B,2.6233103731738634,0.0,0.11764705882352941,33.35294117647059,17,567,142,0.0,0.058823529411764705,B_10142_hidden_fake,10142
behavioral_quotient_k5,0.008818342151675485,hidden_fake,B,1.407871271163209,0.2,0.2,113.4,5,567,142,0.0,0.0,B_10142_hidden_fake,10142
predictive_quotient_k5,0.008818342151675485,hidden_fake,B,1.40261361832067,0.2,0.2,113.4,5,567,142,0.0,0.0,B_10142_hidden_fake,10142
predictive_quotient_k8,0.014109347442680775,hidden_fake,B,1.9195521508657727,0.125,0.125,70.875,8,567,142,0.0,0.0,B_10142_hidden_fake,10142
identity,1.0,hidden_fake,B,6.340359303727763,0.0,0.0,1.0,567,567,143,1.0,0.0,B_10143_hidden_fake,10143
all_one,0.001763668430335097,hidden_fake,B,0.0,1.0,1.0,567.0,1,567,143,0.0,1.0,B_10143_hidden_fake,10143
random_k,0.02292768959435626,hidden_fake,B,2.5546646457037925,0.8461538461538461,0.9230769230769231,43.61538461538461,13,567,143,0.0,0.8461538461538461,B_10143_hidden_fake,10143
hash_k34_s1206,0.059964726631393295,hidden_fake,B,3.5234439856557835,0.5588235294117647,0.5882352941176471,16.676470588235293,34,567,143,0.0,0.5588235294117647,B_10143_hidden_fake,10143
trap_mixing_adversarial,0.007054673721340388,hidden_fake,B,1.3365627132772253,0.75,0.75,141.75,4,567,143,0.0,0.5,B_10143_hidden_fake,10143
best_of_10_hashes_per_world,0.09700176366843033,hidden_fake,B,3.951482942635747,0.2909090909090909,0.38181818181818183,10.309090909090909,55,567,143,0.0,0.2727272727272727,B_10143_hidden_fake,10143
viability_signature,0.029982363315696647,hidden_fake,B,2.621192478260832,0.0,0.11764705882352941,33.35294117647059,17,567,143,0.0,0.058823529411764705,B_10143_hidden_fake,10143
behavioral_quotient_k5,0.008818342151675485,hidden_fake,B,1.3998486932748626,0.4,0.4,113.4,5,567,143,0.0,0.0,B_10143_hidden_fake,10143
predictive_quotient_k5,0.008818342151675485,hidden_fake,B,1.4332209080208718,0.2,0.6,113.4,5,567,143,0.0,0.2,B_10143_hidden_fake,10143
predictive_quotient_k8,0.014109347442680775,hidden_fake,B,1.9689109818557045,0.125,0.125,70.875,8,567,143,0.0,0.0,B_10143_hidden_fake,10143
identity,1.0,hidden_fake,B,6.340359303727763,0.0,0.0,1.0,567,567,144,1.0,0.0,B_10144_hidden_fake,10144
all_one,0.001763668430335097,hidden_fake,B,0.0,1.0,1.0,567.0,1,567,144,0.0,1.0,B_10144_hidden_fake,10144
random_k,0.02292768959435626,hidden_fake,B,2.5547940518419416,0.7692307692307693,0.8461538461538461,43.61538461538461,13,567,144,0.0,0.7692307692307693,B_10144_hidden_fake,10144
hash_k34_s1206,0.059964726631393295,hidden_fake,B,3.5234439856557835,0.5588235294117647,0.6470588235294118,16.676470588235293,34,567,144,0.0,0.5588235294117647,B_10144_hidden_fake,10144
trap_mixing_adversarial,0.007054673721340388,hidden_fake,B,1.267838064388856,0.5,0.75,141.75,4,567,144,0.0,0.5,B_10144_hidden_fake,10144
best_of_10_hashes_per_world,0.059964726631393295,hidden_fake,B,3.4766511714746144,0.47058823529411764,0.5294117647058824,16.676470588235293,34,567,144,0.0,0.47058823529411764,B_10144_hidden_fake,10144
viability_signature,0.029982363315696647,hidden_fake,B,2.615874935896136,0.0,0.11764705882352941,33.35294117647059,17,567,144,0.0,0.0,B_10144_hidden_fake,10144
behavioral_quotient_k5,0.008818342151675485,hidden_fake,B,1.4480328544438954,0.0,0.2,113.4,5,567,144,0.0,0.0,B_10144_hidden_fake,10144
predictive_quotient_k5,0.008818342151675485,hidden_fake,B,1.4095941720416372,0.0,0.2,113.4,5,567,144,0.0,0.0,B_10144_hidden_fake,10144
predictive_quotient_k8,0.014109347442680775,hidden_fake,B,1.9761341332340119,0.0,0.125,70.875,8,567,144,0.0,0.0,B_10144_hidden_fake,10144
identity,1.0,hidden_fake,B,6.340359303727763,0.0,0.0,1.0,567,567,147,1.0,0.0,B_10147_hidden_fake,10147
all_one,0.001763668430335097,hidden_fake,B,0.0,1.0,1.0,567.0,1,567,147,0.0,1.0,B_10147_hidden_fake,10147
random_k,0.02292768959435626,hidden_fake,B,2.550983658174949,0.6923076923076923,0.8461538461538461,43.61538461538461,13,567,147,0.0,0.6923076923076923,B_10147_hidden_fake,10147
hash_k34_s1206,0.059964726631393295,hidden_fake,B,3.5234439856557835,0.5588235294117647,0.6176470588235294,16.676470588235293,34,567,147,0.0,0.5588235294117647,B_10147_hidden_fake,10147
trap_mixing_adversarial,0.007054673721340388,hidden_fake,B,1.3360481610380393,0.5,0.75,141.75,4,567,147,0.0,0.5,B_10147_hidden_fake,10147
best_of_10_hashes_per_world,0.059964726631393295,hidden_fake,B,3.50031827185115,0.47058823529411764,0.5588235294117647,16.676470588235293,34,567,147,0.0,0.47058823529411764,B_10147_hidden_fake,10147
viability_signature,0.029982363315696647,hidden_fake,B,2.6174837404944613,0.0,0.11764705882352941,33.35294117647059,17,567,147,0.0,0.0,B_10147_hidden_fake,10147
behavioral_quotient_k5,0.008818342151675485,hidden_fake,B,1.416854053020243,0.0,0.4,113.4,5,567,147,0.0,0.0,B_10147_hidden_fake,10147
predictive_quotient_k5,0.008818342151675485,hidden_fake,B,1.4019829713233087,0.0,0.4,113.4,5,567,147,0.0,0.0,B_10147_hidden_fake,10147
predictive_quotient_k8,0.014109347442680775,hidden_fake,B,1.8677139515726913,0.0,0.25,70.875,8,567,147,0.0,0.0,B_10147_hidden_fake,10147
identity,1.0,hidden_fake,B,6.340359303727763,0.0,0.0,1.0,567,567,145,1.0,0.0,B_10145_hidden_fake,10145
all_one,0.001763668430335097,hidden_fake,B,0.0,1.0,1.0,567.0,1,567,145,0.0,1.0,B_10145_hidden_fake,10145
random_k,0.02292768959435626,hidden_fake,B,2.5591248627203114,0.9230769230769231,1.0,43.61538461538461,13,567,145,0.0,0.9230769230769231,B_10145_hidden_fake,10145
hash_k34_s1206,0.059964726631393295,hidden_fake,B,3.5234439856557835,0.6176470588235294,0.6764705882352942,16.676470588235293,34,567,145,0.0,0.5588235294117647,B_10145_hidden_fake,10145
trap_mixing_adversarial,0.007054673721340388,hidden_fake,B,1.335511223143067,0.5,0.75,141.75,4,567,145,0.0,0.5,B_10145_hidden_fake,10145
best_of_10_hashes_per_world,0.09700176366843033,hidden_fake,B,3.9569961722333242,0.34545454545454546,0.41818181818181815,10.309090909090909,55,567,145,0.0,0.32727272727272727,B_10145_hidden_fake,10145
viability_signature,0.029982363315696647,hidden_fake,B,2.6227965862902773,0.0,0.17647058823529413,33.35294117647059,17,567,145,0.0,0.058823529411764705,B_10145_hidden_fake,10145
behavioral_quotient_k5,0.008818342151675485,hidden_fake,B,1.3924545244175917,0.2,0.4,113.4,5,567,145,0.0,0.0,B_10145_hidden_fake,10145
predictive_quotient_k5,0.008818342151675485,hidden_fake,B,1.3989420772420191,0.0,0.6,113.4,5,567,145,0.0,0.2,B_10145_hidden_fake,10145
predictive_quotient_k8,0.014109347442680775,hidden_fake,B,1.9614756515612535,0.0,0.25,70.875,8,567,145,0.0,0.125,B_10145_hidden_fake,10145
identity,1.0,hidden_fake,B,6.340359303727763,0.0,0.0,1.0,567,567,146,1.0,0.0,B_10146_hidden_fake,10146
all_one,0.001763668430335097,hidden_fake,B,0.0,1.0,1.0,567.0,1,567,146,0.0,1.0,B_10146_hidden_fake,10146
random_k,0.02292768959435626,hidden_fake,B,2.557626575090315,0.8461538461538461,0.9230769230769231,43.61538461538461,13,567,146,0.0,0.8461538461538461,B_10146_hidden_fake,10146
hash_k34_s1206,0.059964726631393295,hidden_fake,B,3.5234439856557835,0.5588235294117647,0.6176470588235294,16.676470588235293,34,567,146,0.0,0.5588235294117647,B_10146_hidden_fake,10146
trap_mixing_adversarial,0.007054673721340388,hidden_fake,B,1.303851011936528,0.5,0.75,141.75,4,567,146,0.0,0.5,B_10146_hidden_fake,10146
best_of_10_hashes_per_world,0.09700176366843033,hidden_fake,B,3.964547146368879,0.2727272727272727,0.34545454545454546,10.309090909090909,55,567,146,0.0,0.2727272727272727,B_10146_hidden_fake,10146
viability_signature,0.029982363315696647,hidden_fake,B,2.612440500037186,0.0,0.11764705882352941,33.35294117647059,17,567,146,0.0,0.0,B_10146_hidden_fake,10146
behavioral_quotient_k5,0.008818342151675485,hidden_fake,B,1.4193793277198323,0.0,0.4,113.4,5,567,146,0.0,0.0,B_10146_hidden_fake,10146
predictive_quotient_k5,0.008818342151675485,hidden_fake,B,1.4014956820410536,0.0,0.2,113.4,5,567,146,0.0,0.0,B_10146_hidden_fake,10146
predictive_quotient_k8,0.014109347442680775,hidden_fake,B,1.9687101203827417,0.0,0.125,70.875,8,567,146,0.0,0.0,B_10146_hidden_fake,10146
identity,1.0,hidden_fake,B,6.340359303727763,0.0,0.0,1.0,567,567,149,1.0,0.0,B_10149_hidden_fake,10149
all_one,0.001763668430335097,hidden_fake,B,0.0,1.0,1.0,567.0,1,567,149,0.0,1.0,B_10149_hidden_fake,10149
random_k,0.02292768959435626,hidden_fake,B,2.5512388823509182,0.7692307692307693,0.8461538461538461,43.61538461538461,13,567,149,0.0,0.6923076923076923,B_10149_hidden_fake,10149
hash_k34_s1206,0.059964726631393295,hidden_fake,B,3.5234439856557835,0.5588235294117647,0.6470588235294118,16.676470588235293,34,567,149,0.0,0.5588235294117647,B_10149_hidden_fake,10149
trap_mixing_adversarial,0.007054673721340388,hidden_fake,B,1.3334044134497034,0.75,0.75,141.75,4,567,149,0.0,0.5,B_10149_hidden_fake,10149
best_of_10_hashes_per_world,0.09700176366843033,hidden_fake,B,3.9630466351380313,0.34545454545454546,0.38181818181818183,10.309090909090909,55,567,149,0.0,0.34545454545454546,B_10149_hidden_fake,10149
viability_signature,0.029982363315696647,hidden_fake,B,2.6112704763090506,0.0,0.11764705882352941,33.35294117647059,17,567,149,0.0,0.058823529411764705,B_10149_hidden_fake,10149
behavioral_quotient_k5,0.008818342151675485,hidden_fake,B,1.4117773345944509,0.2,0.6,113.4,5,567,149,0.0,0.2,B_10149_hidden_fake,10149
predictive_quotient_k5,0.008818342151675485,hidden_fake,B,1.3914916064956846,0.2,0.4,113.4,5,567,149,0.0,0.2,B_10149_hidden_fake,10149
predictive_quotient_k8,0.014109347442680775,hidden_fake,B,1.9462810421552126,0.125,0.125,70.875,8,567,149,0.0,0.0,B_10149_hidden_fake,10149
identity,1.0,hidden_fake,B,6.340359303727763,0.0,0.0,1.0,567,567,148,1.0,0.0,B_10148_hidden_fake,10148
all_one,0.001763668430335097,hidden_fake,B,0.0,1.0,1.0,567.0,1,567,148,0.0,1.0,B_10148_hidden_fake,10148
random_k,0.02292768959435626,hidden_fake,B,2.55767322490028,0.8461538461538461,0.8461538461538461,43.61538461538461,13,567,148,0.0,0.7692307692307693,B_10148_hidden_fake,10148
hash_k34_s1206,0.059964726631393295,hidden_fake,B,3.5234439856557835,0.6176470588235294,0.6764705882352942,16.676470588235293,34,567,148,0.0,0.5588235294117647,B_10148_hidden_fake,10148
trap_mixing_adversarial,0.007054673721340388,hidden_fake,B,1.2831790367897034,0.75,0.75,141.75,4,567,148,0.0,0.5,B_10148_hidden_fake,10148
best_of_10_hashes_per_world,0.09700176366843033,hidden_fake,B,3.950424326348015,0.38181818181818183,0.4,10.309090909090909,55,567,148,0.0,0.34545454545454546,B_10148_hidden_fake,10148
viability_signature,0.029982363315696647,hidden_fake,B,2.6180836820266182,0.0,0.11764705882352941,33.35294117647059,17,567,148,0.0,0.058823529411764705,B_10148_hidden_fake,10148
behavioral_quotient_k5,0.008818342151675485,hidden_fake,B,1.415975412947098,0.2,0.4,113.4,5,567,148,0.0,0.2,B_10148_hidden_fake,10148
predictive_quotient_k5,0.008818342151675485,hidden_fake,B,1.4076254955484202,0.2,0.2,113.4,5,567,148,0.0,0.0,B_10148_hidden_fake,10148
predictive_quotient_k8,0.014109347442680775,hidden_fake,B,1.940657527610681,0.125,0.125,70.875,8,567,148,0.0,0.0,B_10148_hidden_fake,10148
