decoder_id,decoder_policy_id,channel_id,distinction_id,uses_source_state_id,uses_source_distinction_label_as_input,uses_hidden_latent_or_oracle_state,uses_candidate_id,uses_target_observation_only,uses_declared_target_distinction_only,allowed_for_recovery_claim,audit_status,notes
dec::identity_channel::D_A::E_A::bayes_optimal_decoder,bayes_best_target_distinction,identity_channel,D_A,0,0,0,0,1,1,1,PASS,decoder table maps target-observation labels to source labels; no source-state oracle input
dec::identity_channel::D_A::E_A::exact_decoder,exact_support_decoder,identity_channel,D_A,0,0,0,0,1,1,1,PASS,decoder table maps target-observation labels to source labels; no source-state oracle input
dec::identity_channel::D_A::E_A::declared_decoder,fixed_declared_decoder_rule,identity_channel,D_A,0,0,0,0,1,1,1,PASS,decoder table maps target-observation labels to source labels; no source-state oracle input
dec::identity_channel::D_A::E_B::bayes_optimal_decoder,bayes_best_target_distinction,identity_channel,D_A,0,0,0,0,1,1,1,PASS,decoder table maps target-observation labels to source labels; no source-state oracle input
dec::identity_channel::D_A::E_B::declared_decoder,fixed_declared_decoder_rule,identity_channel,D_A,0,0,0,0,1,1,1,PASS,decoder table maps target-observation labels to source labels; no source-state oracle input
dec::identity_channel::D_A::E_joint::bayes_optimal_decoder,bayes_best_target_distinction,identity_channel,D_A,0,0,0,0,1,1,1,PASS,decoder table maps target-observation labels to source labels; no source-state oracle input
dec::identity_channel::D_A::E_joint::exact_decoder,exact_support_decoder,identity_channel,D_A,0,0,0,0,1,1,1,PASS,decoder table maps target-observation labels to source labels; no source-state oracle input
dec::identity_channel::D_A::E_parity::bayes_optimal_decoder,bayes_best_target_distinction,identity_channel,D_A,0,0,0,0,1,1,1,PASS,decoder table maps target-observation labels to source labels; no source-state oracle input
dec::identity_channel::D_A::E_parity::declared_decoder,fixed_declared_decoder_rule,identity_channel,D_A,0,0,0,0,1,1,1,PASS,decoder table maps target-observation labels to source labels; no source-state oracle input
dec::identity_channel::D_A::E_trivial::bayes_optimal_decoder,bayes_best_target_distinction,identity_channel,D_A,0,0,0,0,1,1,1,PASS,decoder table maps target-observation labels to source labels; no source-state oracle input
dec::identity_channel::D_B::E_A::bayes_optimal_decoder,bayes_best_target_distinction,identity_channel,D_B,0,0,0,0,1,1,1,PASS,decoder table maps target-observation labels to source labels; no source-state oracle input
dec::identity_channel::D_B::E_A::declared_decoder,fixed_declared_decoder_rule,identity_channel,D_B,0,0,0,0,1,1,1,PASS,decoder table maps target-observation labels to source labels; no source-state oracle input
dec::identity_channel::D_B::E_B::bayes_optimal_decoder,bayes_best_target_distinction,identity_channel,D_B,0,0,0,0,1,1,1,PASS,decoder table maps target-observation labels to source labels; no source-state oracle input
dec::identity_channel::D_B::E_B::exact_decoder,exact_support_decoder,identity_channel,D_B,0,0,0,0,1,1,1,PASS,decoder table maps target-observation labels to source labels; no source-state oracle input
dec::identity_channel::D_B::E_B::declared_decoder,fixed_declared_decoder_rule,identity_channel,D_B,0,0,0,0,1,1,1,PASS,decoder table maps target-observation labels to source labels; no source-state oracle input
dec::identity_channel::D_B::E_joint::bayes_optimal_decoder,bayes_best_target_distinction,identity_channel,D_B,0,0,0,0,1,1,1,PASS,decoder table maps target-observation labels to source labels; no source-state oracle input
dec::identity_channel::D_B::E_joint::exact_decoder,exact_support_decoder,identity_channel,D_B,0,0,0,0,1,1,1,PASS,decoder table maps target-observation labels to source labels; no source-state oracle input
dec::identity_channel::D_B::E_parity::bayes_optimal_decoder,bayes_best_target_distinction,identity_channel,D_B,0,0,0,0,1,1,1,PASS,decoder table maps target-observation labels to source labels; no source-state oracle input
dec::identity_channel::D_B::E_parity::declared_decoder,fixed_declared_decoder_rule,identity_channel,D_B,0,0,0,0,1,1,1,PASS,decoder table maps target-observation labels to source labels; no source-state oracle input
dec::identity_channel::D_B::E_trivial::bayes_optimal_decoder,bayes_best_target_distinction,identity_channel,D_B,0,0,0,0,1,1,1,PASS,decoder table maps target-observation labels to source labels; no source-state oracle input
dec::identity_channel::D_joint::E_A::bayes_optimal_decoder,bayes_best_target_distinction,identity_channel,D_joint,0,0,0,0,1,1,1,PASS,decoder table maps target-observation labels to source labels; no source-state oracle input
dec::identity_channel::D_joint::E_B::bayes_optimal_decoder,bayes_best_target_distinction,identity_channel,D_joint,0,0,0,0,1,1,1,PASS,decoder table maps target-observation labels to source labels; no source-state oracle input
dec::identity_channel::D_joint::E_joint::bayes_optimal_decoder,bayes_best_target_distinction,identity_channel,D_joint,0,0,0,0,1,1,1,PASS,decoder table maps target-observation labels to source labels; no source-state oracle input
dec::identity_channel::D_joint::E_joint::exact_decoder,exact_support_decoder,identity_channel,D_joint,0,0,0,0,1,1,1,PASS,decoder table maps target-observation labels to source labels; no source-state oracle input
dec::identity_channel::D_joint::E_joint::declared_decoder,fixed_declared_decoder_rule,identity_channel,D_joint,0,0,0,0,1,1,1,PASS,decoder table maps target-observation labels to source labels; no source-state oracle input
dec::identity_channel::D_joint::E_parity::bayes_optimal_decoder,bayes_best_target_distinction,identity_channel,D_joint,0,0,0,0,1,1,1,PASS,decoder table maps target-observation labels to source labels; no source-state oracle input
dec::identity_channel::D_joint::E_trivial::bayes_optimal_decoder,bayes_best_target_distinction,identity_channel,D_joint,0,0,0,0,1,1,1,PASS,decoder table maps target-observation labels to source labels; no source-state oracle input
dec::identity_channel::D_parity::E_A::bayes_optimal_decoder,bayes_best_target_distinction,identity_channel,D_parity,0,0,0,0,1,1,1,PASS,decoder table maps target-observation labels to source labels; no source-state oracle input
dec::identity_channel::D_parity::E_A::declared_decoder,fixed_declared_decoder_rule,identity_channel,D_parity,0,0,0,0,1,1,1,PASS,decoder table maps target-observation labels to source labels; no source-state oracle input
dec::identity_channel::D_parity::E_B::bayes_optimal_decoder,bayes_best_target_distinction,identity_channel,D_parity,0,0,0,0,1,1,1,PASS,decoder table maps target-observation labels to source labels; no source-state oracle input
dec::identity_channel::D_parity::E_B::declared_decoder,fixed_declared_decoder_rule,identity_channel,D_parity,0,0,0,0,1,1,1,PASS,decoder table maps target-observation labels to source labels; no source-state oracle input
dec::identity_channel::D_parity::E_joint::bayes_optimal_decoder,bayes_best_target_distinction,identity_channel,D_parity,0,0,0,0,1,1,1,PASS,decoder table maps target-observation labels to source labels; no source-state oracle input
dec::identity_channel::D_parity::E_joint::exact_decoder,exact_support_decoder,identity_channel,D_parity,0,0,0,0,1,1,1,PASS,decoder table maps target-observation labels to source labels; no source-state oracle input
dec::identity_channel::D_parity::E_parity::bayes_optimal_decoder,bayes_best_target_distinction,identity_channel,D_parity,0,0,0,0,1,1,1,PASS,decoder table maps target-observation labels to source labels; no source-state oracle input
dec::identity_channel::D_parity::E_parity::exact_decoder,exact_support_decoder,identity_channel,D_parity,0,0,0,0,1,1,1,PASS,decoder table maps target-observation labels to source labels; no source-state oracle input
dec::identity_channel::D_parity::E_parity::declared_decoder,fixed_declared_decoder_rule,identity_channel,D_parity,0,0,0,0,1,1,1,PASS,decoder table maps target-observation labels to source labels; no source-state oracle input
dec::identity_channel::D_parity::E_trivial::bayes_optimal_decoder,bayes_best_target_distinction,identity_channel,D_parity,0,0,0,0,1,1,1,PASS,decoder table maps target-observation labels to source labels; no source-state oracle input
dec::identity_channel::D_trivial::E_A::bayes_optimal_decoder,bayes_best_target_distinction,identity_channel,D_trivial,0,0,0,0,1,1,1,PASS,decoder table maps target-observation labels to source labels; no source-state oracle input
dec::identity_channel::D_trivial::E_A::exact_decoder,exact_support_decoder,identity_channel,D_trivial,0,0,0,0,1,1,1,PASS,decoder table maps target-observation labels to source labels; no source-state oracle input
dec::identity_channel::D_trivial::E_B::bayes_optimal_decoder,bayes_best_target_distinction,identity_channel,D_trivial,0,0,0,0,1,1,1,PASS,decoder table maps target-observation labels to source labels; no source-state oracle input
dec::identity_channel::D_trivial::E_B::exact_decoder,exact_support_decoder,identity_channel,D_trivial,0,0,0,0,1,1,1,PASS,decoder table maps target-observation labels to source labels; no source-state oracle input
dec::identity_channel::D_trivial::E_joint::bayes_optimal_decoder,bayes_best_target_distinction,identity_channel,D_trivial,0,0,0,0,1,1,1,PASS,decoder table maps target-observation labels to source labels; no source-state oracle input
dec::identity_channel::D_trivial::E_joint::exact_decoder,exact_support_decoder,identity_channel,D_trivial,0,0,0,0,1,1,1,PASS,decoder table maps target-observation labels to source labels; no source-state oracle input
dec::identity_channel::D_trivial::E_parity::bayes_optimal_decoder,bayes_best_target_distinction,identity_channel,D_trivial,0,0,0,0,1,1,1,PASS,decoder table maps target-observation labels to source labels; no source-state oracle input
dec::identity_channel::D_trivial::E_parity::exact_decoder,exact_support_decoder,identity_channel,D_trivial,0,0,0,0,1,1,1,PASS,decoder table maps target-observation labels to source labels; no source-state oracle input
dec::identity_channel::D_trivial::E_trivial::bayes_optimal_decoder,bayes_best_target_distinction,identity_channel,D_trivial,0,0,0,0,1,1,1,PASS,decoder table maps target-observation labels to source labels; no source-state oracle input
dec::identity_channel::D_trivial::E_trivial::exact_decoder,exact_support_decoder,identity_channel,D_trivial,0,0,0,0,1,1,1,PASS,decoder table maps target-observation labels to source labels; no source-state oracle input
dec::identity_channel::D_trivial::E_trivial::declared_decoder,fixed_declared_decoder_rule,identity_channel,D_trivial,0,0,0,0,1,1,1,PASS,decoder table maps target-observation labels to source labels; no source-state oracle input
dec::total_erasure_channel::D_A::E_trivial_star::bayes_optimal_decoder,bayes_best_target_distinction,total_erasure_channel,D_A,0,0,0,0,1,1,1,PASS,decoder table maps target-observation labels to source labels; no source-state oracle input
dec::total_erasure_channel::D_B::E_trivial_star::bayes_optimal_decoder,bayes_best_target_distinction,total_erasure_channel,D_B,0,0,0,0,1,1,1,PASS,decoder table maps target-observation labels to source labels; no source-state oracle input
dec::total_erasure_channel::D_joint::E_trivial_star::bayes_optimal_decoder,bayes_best_target_distinction,total_erasure_channel,D_joint,0,0,0,0,1,1,1,PASS,decoder table maps target-observation labels to source labels; no source-state oracle input
dec::total_erasure_channel::D_parity::E_trivial_star::bayes_optimal_decoder,bayes_best_target_distinction,total_erasure_channel,D_parity,0,0,0,0,1,1,1,PASS,decoder table maps target-observation labels to source labels; no source-state oracle input
dec::total_erasure_channel::D_trivial::E_trivial_star::bayes_optimal_decoder,bayes_best_target_distinction,total_erasure_channel,D_trivial,0,0,0,0,1,1,1,PASS,decoder table maps target-observation labels to source labels; no source-state oracle input
dec::total_erasure_channel::D_trivial::E_trivial_star::exact_decoder,exact_support_decoder,total_erasure_channel,D_trivial,0,0,0,0,1,1,1,PASS,decoder table maps target-observation labels to source labels; no source-state oracle input
dec::total_erasure_channel::D_trivial::E_trivial_star::declared_decoder,fixed_declared_decoder_rule,total_erasure_channel,D_trivial,0,0,0,0,1,1,1,PASS,decoder table maps target-observation labels to source labels; no source-state oracle input
dec::projection_A_channel::D_A::E_A_marg::bayes_optimal_decoder,bayes_best_target_distinction,projection_A_channel,D_A,0,0,0,0,1,1,1,PASS,decoder table maps target-observation labels to source labels; no source-state oracle input
dec::projection_A_channel::D_A::E_A_marg::exact_decoder,exact_support_decoder,projection_A_channel,D_A,0,0,0,0,1,1,1,PASS,decoder table maps target-observation labels to source labels; no source-state oracle input
dec::projection_A_channel::D_A::E_A_marg::declared_decoder,fixed_declared_decoder_rule,projection_A_channel,D_A,0,0,0,0,1,1,1,PASS,decoder table maps target-observation labels to source labels; no source-state oracle input
dec::projection_A_channel::D_A::E_trivial_A::bayes_optimal_decoder,bayes_best_target_distinction,projection_A_channel,D_A,0,0,0,0,1,1,1,PASS,decoder table maps target-observation labels to source labels; no source-state oracle input
dec::projection_A_channel::D_B::E_A_marg::bayes_optimal_decoder,bayes_best_target_distinction,projection_A_channel,D_B,0,0,0,0,1,1,1,PASS,decoder table maps target-observation labels to source labels; no source-state oracle input
dec::projection_A_channel::D_B::E_A_marg::declared_decoder,fixed_declared_decoder_rule,projection_A_channel,D_B,0,0,0,0,1,1,1,PASS,decoder table maps target-observation labels to source labels; no source-state oracle input
dec::projection_A_channel::D_B::E_trivial_A::bayes_optimal_decoder,bayes_best_target_distinction,projection_A_channel,D_B,0,0,0,0,1,1,1,PASS,decoder table maps target-observation labels to source labels; no source-state oracle input
dec::projection_A_channel::D_joint::E_A_marg::bayes_optimal_decoder,bayes_best_target_distinction,projection_A_channel,D_joint,0,0,0,0,1,1,1,PASS,decoder table maps target-observation labels to source labels; no source-state oracle input
dec::projection_A_channel::D_joint::E_trivial_A::bayes_optimal_decoder,bayes_best_target_distinction,projection_A_channel,D_joint,0,0,0,0,1,1,1,PASS,decoder table maps target-observation labels to source labels; no source-state oracle input
dec::projection_A_channel::D_parity::E_A_marg::bayes_optimal_decoder,bayes_best_target_distinction,projection_A_channel,D_parity,0,0,0,0,1,1,1,PASS,decoder table maps target-observation labels to source labels; no source-state oracle input
dec::projection_A_channel::D_parity::E_A_marg::declared_decoder,fixed_declared_decoder_rule,projection_A_channel,D_parity,0,0,0,0,1,1,1,PASS,decoder table maps target-observation labels to source labels; no source-state oracle input
dec::projection_A_channel::D_parity::E_trivial_A::bayes_optimal_decoder,bayes_best_target_distinction,projection_A_channel,D_parity,0,0,0,0,1,1,1,PASS,decoder table maps target-observation labels to source labels; no source-state oracle input
dec::projection_A_channel::D_trivial::E_A_marg::bayes_optimal_decoder,bayes_best_target_distinction,projection_A_channel,D_trivial,0,0,0,0,1,1,1,PASS,decoder table maps target-observation labels to source labels; no source-state oracle input
dec::projection_A_channel::D_trivial::E_A_marg::exact_decoder,exact_support_decoder,projection_A_channel,D_trivial,0,0,0,0,1,1,1,PASS,decoder table maps target-observation labels to source labels; no source-state oracle input
dec::projection_A_channel::D_trivial::E_trivial_A::bayes_optimal_decoder,bayes_best_target_distinction,projection_A_channel,D_trivial,0,0,0,0,1,1,1,PASS,decoder table maps target-observation labels to source labels; no source-state oracle input
dec::projection_A_channel::D_trivial::E_trivial_A::exact_decoder,exact_support_decoder,projection_A_channel,D_trivial,0,0,0,0,1,1,1,PASS,decoder table maps target-observation labels to source labels; no source-state oracle input
dec::projection_A_channel::D_trivial::E_trivial_A::declared_decoder,fixed_declared_decoder_rule,projection_A_channel,D_trivial,0,0,0,0,1,1,1,PASS,decoder table maps target-observation labels to source labels; no source-state oracle input
dec::projection_B_channel::D_A::E_B_marg::bayes_optimal_decoder,bayes_best_target_distinction,projection_B_channel,D_A,0,0,0,0,1,1,1,PASS,decoder table maps target-observation labels to source labels; no source-state oracle input
dec::projection_B_channel::D_A::E_B_marg::declared_decoder,fixed_declared_decoder_rule,projection_B_channel,D_A,0,0,0,0,1,1,1,PASS,decoder table maps target-observation labels to source labels; no source-state oracle input
dec::projection_B_channel::D_A::E_trivial_B::bayes_optimal_decoder,bayes_best_target_distinction,projection_B_channel,D_A,0,0,0,0,1,1,1,PASS,decoder table maps target-observation labels to source labels; no source-state oracle input
dec::projection_B_channel::D_B::E_B_marg::bayes_optimal_decoder,bayes_best_target_distinction,projection_B_channel,D_B,0,0,0,0,1,1,1,PASS,decoder table maps target-observation labels to source labels; no source-state oracle input
dec::projection_B_channel::D_B::E_B_marg::exact_decoder,exact_support_decoder,projection_B_channel,D_B,0,0,0,0,1,1,1,PASS,decoder table maps target-observation labels to source labels; no source-state oracle input
dec::projection_B_channel::D_B::E_B_marg::declared_decoder,fixed_declared_decoder_rule,projection_B_channel,D_B,0,0,0,0,1,1,1,PASS,decoder table maps target-observation labels to source labels; no source-state oracle input
dec::projection_B_channel::D_B::E_trivial_B::bayes_optimal_decoder,bayes_best_target_distinction,projection_B_channel,D_B,0,0,0,0,1,1,1,PASS,decoder table maps target-observation labels to source labels; no source-state oracle input
dec::projection_B_channel::D_joint::E_B_marg::bayes_optimal_decoder,bayes_best_target_distinction,projection_B_channel,D_joint,0,0,0,0,1,1,1,PASS,decoder table maps target-observation labels to source labels; no source-state oracle input
dec::projection_B_channel::D_joint::E_trivial_B::bayes_optimal_decoder,bayes_best_target_distinction,projection_B_channel,D_joint,0,0,0,0,1,1,1,PASS,decoder table maps target-observation labels to source labels; no source-state oracle input
dec::projection_B_channel::D_parity::E_B_marg::bayes_optimal_decoder,bayes_best_target_distinction,projection_B_channel,D_parity,0,0,0,0,1,1,1,PASS,decoder table maps target-observation labels to source labels; no source-state oracle input
dec::projection_B_channel::D_parity::E_B_marg::declared_decoder,fixed_declared_decoder_rule,projection_B_channel,D_parity,0,0,0,0,1,1,1,PASS,decoder table maps target-observation labels to source labels; no source-state oracle input
dec::projection_B_channel::D_parity::E_trivial_B::bayes_optimal_decoder,bayes_best_target_distinction,projection_B_channel,D_parity,0,0,0,0,1,1,1,PASS,decoder table maps target-observation labels to source labels; no source-state oracle input
dec::projection_B_channel::D_trivial::E_B_marg::bayes_optimal_decoder,bayes_best_target_distinction,projection_B_channel,D_trivial,0,0,0,0,1,1,1,PASS,decoder table maps target-observation labels to source labels; no source-state oracle input
dec::projection_B_channel::D_trivial::E_B_marg::exact_decoder,exact_support_decoder,projection_B_channel,D_trivial,0,0,0,0,1,1,1,PASS,decoder table maps target-observation labels to source labels; no source-state oracle input
dec::projection_B_channel::D_trivial::E_trivial_B::bayes_optimal_decoder,bayes_best_target_distinction,projection_B_channel,D_trivial,0,0,0,0,1,1,1,PASS,decoder table maps target-observation labels to source labels; no source-state oracle input
dec::projection_B_channel::D_trivial::E_trivial_B::exact_decoder,exact_support_decoder,projection_B_channel,D_trivial,0,0,0,0,1,1,1,PASS,decoder table maps target-observation labels to source labels; no source-state oracle input
dec::projection_B_channel::D_trivial::E_trivial_B::declared_decoder,fixed_declared_decoder_rule,projection_B_channel,D_trivial,0,0,0,0,1,1,1,PASS,decoder table maps target-observation labels to source labels; no source-state oracle input
dec::bit_flip_p_0_00::D_A::E_A::bayes_optimal_decoder,bayes_best_target_distinction,bit_flip_p_0_00,D_A,0,0,0,0,1,1,1,PASS,decoder table maps target-observation labels to source labels; no source-state oracle input
dec::bit_flip_p_0_00::D_A::E_A::exact_decoder,exact_support_decoder,bit_flip_p_0_00,D_A,0,0,0,0,1,1,1,PASS,decoder table maps target-observation labels to source labels; no source-state oracle input
dec::bit_flip_p_0_00::D_A::E_A::declared_decoder,fixed_declared_decoder_rule,bit_flip_p_0_00,D_A,0,0,0,0,1,1,1,PASS,decoder table maps target-observation labels to source labels; no source-state oracle input
dec::bit_flip_p_0_00::D_A::E_B::bayes_optimal_decoder,bayes_best_target_distinction,bit_flip_p_0_00,D_A,0,0,0,0,1,1,1,PASS,decoder table maps target-observation labels to source labels; no source-state oracle input
dec::bit_flip_p_0_00::D_A::E_B::declared_decoder,fixed_declared_decoder_rule,bit_flip_p_0_00,D_A,0,0,0,0,1,1,1,PASS,decoder table maps target-observation labels to source labels; no source-state oracle input
dec::bit_flip_p_0_00::D_A::E_joint::bayes_optimal_decoder,bayes_best_target_distinction,bit_flip_p_0_00,D_A,0,0,0,0,1,1,1,PASS,decoder table maps target-observation labels to source labels; no source-state oracle input
dec::bit_flip_p_0_00::D_A::E_joint::exact_decoder,exact_support_decoder,bit_flip_p_0_00,D_A,0,0,0,0,1,1,1,PASS,decoder table maps target-observation labels to source labels; no source-state oracle input
dec::bit_flip_p_0_00::D_A::E_parity::bayes_optimal_decoder,bayes_best_target_distinction,bit_flip_p_0_00,D_A,0,0,0,0,1,1,1,PASS,decoder table maps target-observation labels to source labels; no source-state oracle input
dec::bit_flip_p_0_00::D_A::E_parity::declared_decoder,fixed_declared_decoder_rule,bit_flip_p_0_00,D_A,0,0,0,0,1,1,1,PASS,decoder table maps target-observation labels to source labels; no source-state oracle input
dec::bit_flip_p_0_00::D_A::E_trivial::bayes_optimal_decoder,bayes_best_target_distinction,bit_flip_p_0_00,D_A,0,0,0,0,1,1,1,PASS,decoder table maps target-observation labels to source labels; no source-state oracle input
dec::bit_flip_p_0_00::D_B::E_A::bayes_optimal_decoder,bayes_best_target_distinction,bit_flip_p_0_00,D_B,0,0,0,0,1,1,1,PASS,decoder table maps target-observation labels to source labels; no source-state oracle input
dec::bit_flip_p_0_00::D_B::E_A::declared_decoder,fixed_declared_decoder_rule,bit_flip_p_0_00,D_B,0,0,0,0,1,1,1,PASS,decoder table maps target-observation labels to source labels; no source-state oracle input
dec::bit_flip_p_0_00::D_B::E_B::bayes_optimal_decoder,bayes_best_target_distinction,bit_flip_p_0_00,D_B,0,0,0,0,1,1,1,PASS,decoder table maps target-observation labels to source labels; no source-state oracle input
dec::bit_flip_p_0_00::D_B::E_B::exact_decoder,exact_support_decoder,bit_flip_p_0_00,D_B,0,0,0,0,1,1,1,PASS,decoder table maps target-observation labels to source labels; no source-state oracle input
dec::bit_flip_p_0_00::D_B::E_B::declared_decoder,fixed_declared_decoder_rule,bit_flip_p_0_00,D_B,0,0,0,0,1,1,1,PASS,decoder table maps target-observation labels to source labels; no source-state oracle input
dec::bit_flip_p_0_00::D_B::E_joint::bayes_optimal_decoder,bayes_best_target_distinction,bit_flip_p_0_00,D_B,0,0,0,0,1,1,1,PASS,decoder table maps target-observation labels to source labels; no source-state oracle input
dec::bit_flip_p_0_00::D_B::E_joint::exact_decoder,exact_support_decoder,bit_flip_p_0_00,D_B,0,0,0,0,1,1,1,PASS,decoder table maps target-observation labels to source labels; no source-state oracle input
dec::bit_flip_p_0_00::D_B::E_parity::bayes_optimal_decoder,bayes_best_target_distinction,bit_flip_p_0_00,D_B,0,0,0,0,1,1,1,PASS,decoder table maps target-observation labels to source labels; no source-state oracle input
dec::bit_flip_p_0_00::D_B::E_parity::declared_decoder,fixed_declared_decoder_rule,bit_flip_p_0_00,D_B,0,0,0,0,1,1,1,PASS,decoder table maps target-observation labels to source labels; no source-state oracle input
dec::bit_flip_p_0_00::D_B::E_trivial::bayes_optimal_decoder,bayes_best_target_distinction,bit_flip_p_0_00,D_B,0,0,0,0,1,1,1,PASS,decoder table maps target-observation labels to source labels; no source-state oracle input
dec::bit_flip_p_0_00::D_joint::E_A::bayes_optimal_decoder,bayes_best_target_distinction,bit_flip_p_0_00,D_joint,0,0,0,0,1,1,1,PASS,decoder table maps target-observation labels to source labels; no source-state oracle input
dec::bit_flip_p_0_00::D_joint::E_B::bayes_optimal_decoder,bayes_best_target_distinction,bit_flip_p_0_00,D_joint,0,0,0,0,1,1,1,PASS,decoder table maps target-observation labels to source labels; no source-state oracle input
dec::bit_flip_p_0_00::D_joint::E_joint::bayes_optimal_decoder,bayes_best_target_distinction,bit_flip_p_0_00,D_joint,0,0,0,0,1,1,1,PASS,decoder table maps target-observation labels to source labels; no source-state oracle input
dec::bit_flip_p_0_00::D_joint::E_joint::exact_decoder,exact_support_decoder,bit_flip_p_0_00,D_joint,0,0,0,0,1,1,1,PASS,decoder table maps target-observation labels to source labels; no source-state oracle input
dec::bit_flip_p_0_00::D_joint::E_joint::declared_decoder,fixed_declared_decoder_rule,bit_flip_p_0_00,D_joint,0,0,0,0,1,1,1,PASS,decoder table maps target-observation labels to source labels; no source-state oracle input
dec::bit_flip_p_0_00::D_joint::E_parity::bayes_optimal_decoder,bayes_best_target_distinction,bit_flip_p_0_00,D_joint,0,0,0,0,1,1,1,PASS,decoder table maps target-observation labels to source labels; no source-state oracle input
dec::bit_flip_p_0_00::D_joint::E_trivial::bayes_optimal_decoder,bayes_best_target_distinction,bit_flip_p_0_00,D_joint,0,0,0,0,1,1,1,PASS,decoder table maps target-observation labels to source labels; no source-state oracle input
dec::bit_flip_p_0_00::D_parity::E_A::bayes_optimal_decoder,bayes_best_target_distinction,bit_flip_p_0_00,D_parity,0,0,0,0,1,1,1,PASS,decoder table maps target-observation labels to source labels; no source-state oracle input
dec::bit_flip_p_0_00::D_parity::E_A::declared_decoder,fixed_declared_decoder_rule,bit_flip_p_0_00,D_parity,0,0,0,0,1,1,1,PASS,decoder table maps target-observation labels to source labels; no source-state oracle input
dec::bit_flip_p_0_00::D_parity::E_B::bayes_optimal_decoder,bayes_best_target_distinction,bit_flip_p_0_00,D_parity,0,0,0,0,1,1,1,PASS,decoder table maps target-observation labels to source labels; no source-state oracle input
dec::bit_flip_p_0_00::D_parity::E_B::declared_decoder,fixed_declared_decoder_rule,bit_flip_p_0_00,D_parity,0,0,0,0,1,1,1,PASS,decoder table maps target-observation labels to source labels; no source-state oracle input
dec::bit_flip_p_0_00::D_parity::E_joint::bayes_optimal_decoder,bayes_best_target_distinction,bit_flip_p_0_00,D_parity,0,0,0,0,1,1,1,PASS,decoder table maps target-observation labels to source labels; no source-state oracle input
dec::bit_flip_p_0_00::D_parity::E_joint::exact_decoder,exact_support_decoder,bit_flip_p_0_00,D_parity,0,0,0,0,1,1,1,PASS,decoder table maps target-observation labels to source labels; no source-state oracle input
dec::bit_flip_p_0_00::D_parity::E_parity::bayes_optimal_decoder,bayes_best_target_distinction,bit_flip_p_0_00,D_parity,0,0,0,0,1,1,1,PASS,decoder table maps target-observation labels to source labels; no source-state oracle input
dec::bit_flip_p_0_00::D_parity::E_parity::exact_decoder,exact_support_decoder,bit_flip_p_0_00,D_parity,0,0,0,0,1,1,1,PASS,decoder table maps target-observation labels to source labels; no source-state oracle input
dec::bit_flip_p_0_00::D_parity::E_parity::declared_decoder,fixed_declared_decoder_rule,bit_flip_p_0_00,D_parity,0,0,0,0,1,1,1,PASS,decoder table maps target-observation labels to source labels; no source-state oracle input
dec::bit_flip_p_0_00::D_parity::E_trivial::bayes_optimal_decoder,bayes_best_target_distinction,bit_flip_p_0_00,D_parity,0,0,0,0,1,1,1,PASS,decoder table maps target-observation labels to source labels; no source-state oracle input
dec::bit_flip_p_0_00::D_trivial::E_A::bayes_optimal_decoder,bayes_best_target_distinction,bit_flip_p_0_00,D_trivial,0,0,0,0,1,1,1,PASS,decoder table maps target-observation labels to source labels; no source-state oracle input
dec::bit_flip_p_0_00::D_trivial::E_A::exact_decoder,exact_support_decoder,bit_flip_p_0_00,D_trivial,0,0,0,0,1,1,1,PASS,decoder table maps target-observation labels to source labels; no source-state oracle input
dec::bit_flip_p_0_00::D_trivial::E_B::bayes_optimal_decoder,bayes_best_target_distinction,bit_flip_p_0_00,D_trivial,0,0,0,0,1,1,1,PASS,decoder table maps target-observation labels to source labels; no source-state oracle input
dec::bit_flip_p_0_00::D_trivial::E_B::exact_decoder,exact_support_decoder,bit_flip_p_0_00,D_trivial,0,0,0,0,1,1,1,PASS,decoder table maps target-observation labels to source labels; no source-state oracle input
dec::bit_flip_p_0_00::D_trivial::E_joint::bayes_optimal_decoder,bayes_best_target_distinction,bit_flip_p_0_00,D_trivial,0,0,0,0,1,1,1,PASS,decoder table maps target-observation labels to source labels; no source-state oracle input
dec::bit_flip_p_0_00::D_trivial::E_joint::exact_decoder,exact_support_decoder,bit_flip_p_0_00,D_trivial,0,0,0,0,1,1,1,PASS,decoder table maps target-observation labels to source labels; no source-state oracle input
dec::bit_flip_p_0_00::D_trivial::E_parity::bayes_optimal_decoder,bayes_best_target_distinction,bit_flip_p_0_00,D_trivial,0,0,0,0,1,1,1,PASS,decoder table maps target-observation labels to source labels; no source-state oracle input
dec::bit_flip_p_0_00::D_trivial::E_parity::exact_decoder,exact_support_decoder,bit_flip_p_0_00,D_trivial,0,0,0,0,1,1,1,PASS,decoder table maps target-observation labels to source labels; no source-state oracle input
dec::bit_flip_p_0_00::D_trivial::E_trivial::bayes_optimal_decoder,bayes_best_target_distinction,bit_flip_p_0_00,D_trivial,0,0,0,0,1,1,1,PASS,decoder table maps target-observation labels to source labels; no source-state oracle input
dec::bit_flip_p_0_00::D_trivial::E_trivial::exact_decoder,exact_support_decoder,bit_flip_p_0_00,D_trivial,0,0,0,0,1,1,1,PASS,decoder table maps target-observation labels to source labels; no source-state oracle input
dec::bit_flip_p_0_00::D_trivial::E_trivial::declared_decoder,fixed_declared_decoder_rule,bit_flip_p_0_00,D_trivial,0,0,0,0,1,1,1,PASS,decoder table maps target-observation labels to source labels; no source-state oracle input
dec::bit_flip_p_0_05::D_A::E_A::bayes_optimal_decoder,bayes_best_target_distinction,bit_flip_p_0_05,D_A,0,0,0,0,1,1,1,PASS,decoder table maps target-observation labels to source labels; no source-state oracle input
dec::bit_flip_p_0_05::D_A::E_A::declared_decoder,fixed_declared_decoder_rule,bit_flip_p_0_05,D_A,0,0,0,0,1,1,1,PASS,decoder table maps target-observation labels to source labels; no source-state oracle input
dec::bit_flip_p_0_05::D_A::E_B::bayes_optimal_decoder,bayes_best_target_distinction,bit_flip_p_0_05,D_A,0,0,0,0,1,1,1,PASS,decoder table maps target-observation labels to source labels; no source-state oracle input
dec::bit_flip_p_0_05::D_A::E_B::declared_decoder,fixed_declared_decoder_rule,bit_flip_p_0_05,D_A,0,0,0,0,1,1,1,PASS,decoder table maps target-observation labels to source labels; no source-state oracle input
dec::bit_flip_p_0_05::D_A::E_joint::bayes_optimal_decoder,bayes_best_target_distinction,bit_flip_p_0_05,D_A,0,0,0,0,1,1,1,PASS,decoder table maps target-observation labels to source labels; no source-state oracle input
dec::bit_flip_p_0_05::D_A::E_parity::bayes_optimal_decoder,bayes_best_target_distinction,bit_flip_p_0_05,D_A,0,0,0,0,1,1,1,PASS,decoder table maps target-observation labels to source labels; no source-state oracle input
dec::bit_flip_p_0_05::D_A::E_parity::declared_decoder,fixed_declared_decoder_rule,bit_flip_p_0_05,D_A,0,0,0,0,1,1,1,PASS,decoder table maps target-observation labels to source labels; no source-state oracle input
dec::bit_flip_p_0_05::D_A::E_trivial::bayes_optimal_decoder,bayes_best_target_distinction,bit_flip_p_0_05,D_A,0,0,0,0,1,1,1,PASS,decoder table maps target-observation labels to source labels; no source-state oracle input
dec::bit_flip_p_0_05::D_B::E_A::bayes_optimal_decoder,bayes_best_target_distinction,bit_flip_p_0_05,D_B,0,0,0,0,1,1,1,PASS,decoder table maps target-observation labels to source labels; no source-state oracle input
dec::bit_flip_p_0_05::D_B::E_A::declared_decoder,fixed_declared_decoder_rule,bit_flip_p_0_05,D_B,0,0,0,0,1,1,1,PASS,decoder table maps target-observation labels to source labels; no source-state oracle input
dec::bit_flip_p_0_05::D_B::E_B::bayes_optimal_decoder,bayes_best_target_distinction,bit_flip_p_0_05,D_B,0,0,0,0,1,1,1,PASS,decoder table maps target-observation labels to source labels; no source-state oracle input
dec::bit_flip_p_0_05::D_B::E_B::declared_decoder,fixed_declared_decoder_rule,bit_flip_p_0_05,D_B,0,0,0,0,1,1,1,PASS,decoder table maps target-observation labels to source labels; no source-state oracle input
dec::bit_flip_p_0_05::D_B::E_joint::bayes_optimal_decoder,bayes_best_target_distinction,bit_flip_p_0_05,D_B,0,0,0,0,1,1,1,PASS,decoder table maps target-observation labels to source labels; no source-state oracle input
dec::bit_flip_p_0_05::D_B::E_parity::bayes_optimal_decoder,bayes_best_target_distinction,bit_flip_p_0_05,D_B,0,0,0,0,1,1,1,PASS,decoder table maps target-observation labels to source labels; no source-state oracle input
dec::bit_flip_p_0_05::D_B::E_parity::declared_decoder,fixed_declared_decoder_rule,bit_flip_p_0_05,D_B,0,0,0,0,1,1,1,PASS,decoder table maps target-observation labels to source labels; no source-state oracle input
dec::bit_flip_p_0_05::D_B::E_trivial::bayes_optimal_decoder,bayes_best_target_distinction,bit_flip_p_0_05,D_B,0,0,0,0,1,1,1,PASS,decoder table maps target-observation labels to source labels; no source-state oracle input
dec::bit_flip_p_0_05::D_joint::E_A::bayes_optimal_decoder,bayes_best_target_distinction,bit_flip_p_0_05,D_joint,0,0,0,0,1,1,1,PASS,decoder table maps target-observation labels to source labels; no source-state oracle input
dec::bit_flip_p_0_05::D_joint::E_B::bayes_optimal_decoder,bayes_best_target_distinction,bit_flip_p_0_05,D_joint,0,0,0,0,1,1,1,PASS,decoder table maps target-observation labels to source labels; no source-state oracle input
dec::bit_flip_p_0_05::D_joint::E_joint::bayes_optimal_decoder,bayes_best_target_distinction,bit_flip_p_0_05,D_joint,0,0,0,0,1,1,1,PASS,decoder table maps target-observation labels to source labels; no source-state oracle input
dec::bit_flip_p_0_05::D_joint::E_joint::declared_decoder,fixed_declared_decoder_rule,bit_flip_p_0_05,D_joint,0,0,0,0,1,1,1,PASS,decoder table maps target-observation labels to source labels; no source-state oracle input
dec::bit_flip_p_0_05::D_joint::E_parity::bayes_optimal_decoder,bayes_best_target_distinction,bit_flip_p_0_05,D_joint,0,0,0,0,1,1,1,PASS,decoder table maps target-observation labels to source labels; no source-state oracle input
dec::bit_flip_p_0_05::D_joint::E_trivial::bayes_optimal_decoder,bayes_best_target_distinction,bit_flip_p_0_05,D_joint,0,0,0,0,1,1,1,PASS,decoder table maps target-observation labels to source labels; no source-state oracle input
dec::bit_flip_p_0_05::D_parity::E_A::bayes_optimal_decoder,bayes_best_target_distinction,bit_flip_p_0_05,D_parity,0,0,0,0,1,1,1,PASS,decoder table maps target-observation labels to source labels; no source-state oracle input
dec::bit_flip_p_0_05::D_parity::E_A::declared_decoder,fixed_declared_decoder_rule,bit_flip_p_0_05,D_parity,0,0,0,0,1,1,1,PASS,decoder table maps target-observation labels to source labels; no source-state oracle input
dec::bit_flip_p_0_05::D_parity::E_B::bayes_optimal_decoder,bayes_best_target_distinction,bit_flip_p_0_05,D_parity,0,0,0,0,1,1,1,PASS,decoder table maps target-observation labels to source labels; no source-state oracle input
dec::bit_flip_p_0_05::D_parity::E_B::declared_decoder,fixed_declared_decoder_rule,bit_flip_p_0_05,D_parity,0,0,0,0,1,1,1,PASS,decoder table maps target-observation labels to source labels; no source-state oracle input
dec::bit_flip_p_0_05::D_parity::E_joint::bayes_optimal_decoder,bayes_best_target_distinction,bit_flip_p_0_05,D_parity,0,0,0,0,1,1,1,PASS,decoder table maps target-observation labels to source labels; no source-state oracle input
dec::bit_flip_p_0_05::D_parity::E_parity::bayes_optimal_decoder,bayes_best_target_distinction,bit_flip_p_0_05,D_parity,0,0,0,0,1,1,1,PASS,decoder table maps target-observation labels to source labels; no source-state oracle input
dec::bit_flip_p_0_05::D_parity::E_parity::declared_decoder,fixed_declared_decoder_rule,bit_flip_p_0_05,D_parity,0,0,0,0,1,1,1,PASS,decoder table maps target-observation labels to source labels; no source-state oracle input
dec::bit_flip_p_0_05::D_parity::E_trivial::bayes_optimal_decoder,bayes_best_target_distinction,bit_flip_p_0_05,D_parity,0,0,0,0,1,1,1,PASS,decoder table maps target-observation labels to source labels; no source-state oracle input
dec::bit_flip_p_0_05::D_trivial::E_A::bayes_optimal_decoder,bayes_best_target_distinction,bit_flip_p_0_05,D_trivial,0,0,0,0,1,1,1,PASS,decoder table maps target-observation labels to source labels; no source-state oracle input
dec::bit_flip_p_0_05::D_trivial::E_A::exact_decoder,exact_support_decoder,bit_flip_p_0_05,D_trivial,0,0,0,0,1,1,1,PASS,decoder table maps target-observation labels to source labels; no source-state oracle input
dec::bit_flip_p_0_05::D_trivial::E_B::bayes_optimal_decoder,bayes_best_target_distinction,bit_flip_p_0_05,D_trivial,0,0,0,0,1,1,1,PASS,decoder table maps target-observation labels to source labels; no source-state oracle input
dec::bit_flip_p_0_05::D_trivial::E_B::exact_decoder,exact_support_decoder,bit_flip_p_0_05,D_trivial,0,0,0,0,1,1,1,PASS,decoder table maps target-observation labels to source labels; no source-state oracle input
dec::bit_flip_p_0_05::D_trivial::E_joint::bayes_optimal_decoder,bayes_best_target_distinction,bit_flip_p_0_05,D_trivial,0,0,0,0,1,1,1,PASS,decoder table maps target-observation labels to source labels; no source-state oracle input
dec::bit_flip_p_0_05::D_trivial::E_joint::exact_decoder,exact_support_decoder,bit_flip_p_0_05,D_trivial,0,0,0,0,1,1,1,PASS,decoder table maps target-observation labels to source labels; no source-state oracle input
dec::bit_flip_p_0_05::D_trivial::E_parity::bayes_optimal_decoder,bayes_best_target_distinction,bit_flip_p_0_05,D_trivial,0,0,0,0,1,1,1,PASS,decoder table maps target-observation labels to source labels; no source-state oracle input
dec::bit_flip_p_0_05::D_trivial::E_parity::exact_decoder,exact_support_decoder,bit_flip_p_0_05,D_trivial,0,0,0,0,1,1,1,PASS,decoder table maps target-observation labels to source labels; no source-state oracle input
dec::bit_flip_p_0_05::D_trivial::E_trivial::bayes_optimal_decoder,bayes_best_target_distinction,bit_flip_p_0_05,D_trivial,0,0,0,0,1,1,1,PASS,decoder table maps target-observation labels to source labels; no source-state oracle input
dec::bit_flip_p_0_05::D_trivial::E_trivial::exact_decoder,exact_support_decoder,bit_flip_p_0_05,D_trivial,0,0,0,0,1,1,1,PASS,decoder table maps target-observation labels to source labels; no source-state oracle input
dec::bit_flip_p_0_05::D_trivial::E_trivial::declared_decoder,fixed_declared_decoder_rule,bit_flip_p_0_05,D_trivial,0,0,0,0,1,1,1,PASS,decoder table maps target-observation labels to source labels; no source-state oracle input
dec::bit_flip_p_0_10::D_A::E_A::bayes_optimal_decoder,bayes_best_target_distinction,bit_flip_p_0_10,D_A,0,0,0,0,1,1,1,PASS,decoder table maps target-observation labels to source labels; no source-state oracle input
dec::bit_flip_p_0_10::D_A::E_A::declared_decoder,fixed_declared_decoder_rule,bit_flip_p_0_10,D_A,0,0,0,0,1,1,1,PASS,decoder table maps target-observation labels to source labels; no source-state oracle input
dec::bit_flip_p_0_10::D_A::E_B::bayes_optimal_decoder,bayes_best_target_distinction,bit_flip_p_0_10,D_A,0,0,0,0,1,1,1,PASS,decoder table maps target-observation labels to source labels; no source-state oracle input
dec::bit_flip_p_0_10::D_A::E_B::declared_decoder,fixed_declared_decoder_rule,bit_flip_p_0_10,D_A,0,0,0,0,1,1,1,PASS,decoder table maps target-observation labels to source labels; no source-state oracle input
dec::bit_flip_p_0_10::D_A::E_joint::bayes_optimal_decoder,bayes_best_target_distinction,bit_flip_p_0_10,D_A,0,0,0,0,1,1,1,PASS,decoder table maps target-observation labels to source labels; no source-state oracle input
dec::bit_flip_p_0_10::D_A::E_parity::bayes_optimal_decoder,bayes_best_target_distinction,bit_flip_p_0_10,D_A,0,0,0,0,1,1,1,PASS,decoder table maps target-observation labels to source labels; no source-state oracle input
dec::bit_flip_p_0_10::D_A::E_parity::declared_decoder,fixed_declared_decoder_rule,bit_flip_p_0_10,D_A,0,0,0,0,1,1,1,PASS,decoder table maps target-observation labels to source labels; no source-state oracle input
dec::bit_flip_p_0_10::D_A::E_trivial::bayes_optimal_decoder,bayes_best_target_distinction,bit_flip_p_0_10,D_A,0,0,0,0,1,1,1,PASS,decoder table maps target-observation labels to source labels; no source-state oracle input
dec::bit_flip_p_0_10::D_B::E_A::bayes_optimal_decoder,bayes_best_target_distinction,bit_flip_p_0_10,D_B,0,0,0,0,1,1,1,PASS,decoder table maps target-observation labels to source labels; no source-state oracle input
dec::bit_flip_p_0_10::D_B::E_A::declared_decoder,fixed_declared_decoder_rule,bit_flip_p_0_10,D_B,0,0,0,0,1,1,1,PASS,decoder table maps target-observation labels to source labels; no source-state oracle input
dec::bit_flip_p_0_10::D_B::E_B::bayes_optimal_decoder,bayes_best_target_distinction,bit_flip_p_0_10,D_B,0,0,0,0,1,1,1,PASS,decoder table maps target-observation labels to source labels; no source-state oracle input
dec::bit_flip_p_0_10::D_B::E_B::declared_decoder,fixed_declared_decoder_rule,bit_flip_p_0_10,D_B,0,0,0,0,1,1,1,PASS,decoder table maps target-observation labels to source labels; no source-state oracle input
dec::bit_flip_p_0_10::D_B::E_joint::bayes_optimal_decoder,bayes_best_target_distinction,bit_flip_p_0_10,D_B,0,0,0,0,1,1,1,PASS,decoder table maps target-observation labels to source labels; no source-state oracle input
dec::bit_flip_p_0_10::D_B::E_parity::bayes_optimal_decoder,bayes_best_target_distinction,bit_flip_p_0_10,D_B,0,0,0,0,1,1,1,PASS,decoder table maps target-observation labels to source labels; no source-state oracle input
dec::bit_flip_p_0_10::D_B::E_parity::declared_decoder,fixed_declared_decoder_rule,bit_flip_p_0_10,D_B,0,0,0,0,1,1,1,PASS,decoder table maps target-observation labels to source labels; no source-state oracle input
dec::bit_flip_p_0_10::D_B::E_trivial::bayes_optimal_decoder,bayes_best_target_distinction,bit_flip_p_0_10,D_B,0,0,0,0,1,1,1,PASS,decoder table maps target-observation labels to source labels; no source-state oracle input
dec::bit_flip_p_0_10::D_joint::E_A::bayes_optimal_decoder,bayes_best_target_distinction,bit_flip_p_0_10,D_joint,0,0,0,0,1,1,1,PASS,decoder table maps target-observation labels to source labels; no source-state oracle input
dec::bit_flip_p_0_10::D_joint::E_B::bayes_optimal_decoder,bayes_best_target_distinction,bit_flip_p_0_10,D_joint,0,0,0,0,1,1,1,PASS,decoder table maps target-observation labels to source labels; no source-state oracle input
dec::bit_flip_p_0_10::D_joint::E_joint::bayes_optimal_decoder,bayes_best_target_distinction,bit_flip_p_0_10,D_joint,0,0,0,0,1,1,1,PASS,decoder table maps target-observation labels to source labels; no source-state oracle input
dec::bit_flip_p_0_10::D_joint::E_joint::declared_decoder,fixed_declared_decoder_rule,bit_flip_p_0_10,D_joint,0,0,0,0,1,1,1,PASS,decoder table maps target-observation labels to source labels; no source-state oracle input
dec::bit_flip_p_0_10::D_joint::E_parity::bayes_optimal_decoder,bayes_best_target_distinction,bit_flip_p_0_10,D_joint,0,0,0,0,1,1,1,PASS,decoder table maps target-observation labels to source labels; no source-state oracle input
dec::bit_flip_p_0_10::D_joint::E_trivial::bayes_optimal_decoder,bayes_best_target_distinction,bit_flip_p_0_10,D_joint,0,0,0,0,1,1,1,PASS,decoder table maps target-observation labels to source labels; no source-state oracle input
dec::bit_flip_p_0_10::D_parity::E_A::bayes_optimal_decoder,bayes_best_target_distinction,bit_flip_p_0_10,D_parity,0,0,0,0,1,1,1,PASS,decoder table maps target-observation labels to source labels; no source-state oracle input
dec::bit_flip_p_0_10::D_parity::E_A::declared_decoder,fixed_declared_decoder_rule,bit_flip_p_0_10,D_parity,0,0,0,0,1,1,1,PASS,decoder table maps target-observation labels to source labels; no source-state oracle input
dec::bit_flip_p_0_10::D_parity::E_B::bayes_optimal_decoder,bayes_best_target_distinction,bit_flip_p_0_10,D_parity,0,0,0,0,1,1,1,PASS,decoder table maps target-observation labels to source labels; no source-state oracle input
dec::bit_flip_p_0_10::D_parity::E_B::declared_decoder,fixed_declared_decoder_rule,bit_flip_p_0_10,D_parity,0,0,0,0,1,1,1,PASS,decoder table maps target-observation labels to source labels; no source-state oracle input
dec::bit_flip_p_0_10::D_parity::E_joint::bayes_optimal_decoder,bayes_best_target_distinction,bit_flip_p_0_10,D_parity,0,0,0,0,1,1,1,PASS,decoder table maps target-observation labels to source labels; no source-state oracle input
dec::bit_flip_p_0_10::D_parity::E_parity::bayes_optimal_decoder,bayes_best_target_distinction,bit_flip_p_0_10,D_parity,0,0,0,0,1,1,1,PASS,decoder table maps target-observation labels to source labels; no source-state oracle input
dec::bit_flip_p_0_10::D_parity::E_parity::declared_decoder,fixed_declared_decoder_rule,bit_flip_p_0_10,D_parity,0,0,0,0,1,1,1,PASS,decoder table maps target-observation labels to source labels; no source-state oracle input
dec::bit_flip_p_0_10::D_parity::E_trivial::bayes_optimal_decoder,bayes_best_target_distinction,bit_flip_p_0_10,D_parity,0,0,0,0,1,1,1,PASS,decoder table maps target-observation labels to source labels; no source-state oracle input
dec::bit_flip_p_0_10::D_trivial::E_A::bayes_optimal_decoder,bayes_best_target_distinction,bit_flip_p_0_10,D_trivial,0,0,0,0,1,1,1,PASS,decoder table maps target-observation labels to source labels; no source-state oracle input
dec::bit_flip_p_0_10::D_trivial::E_A::exact_decoder,exact_support_decoder,bit_flip_p_0_10,D_trivial,0,0,0,0,1,1,1,PASS,decoder table maps target-observation labels to source labels; no source-state oracle input
dec::bit_flip_p_0_10::D_trivial::E_B::bayes_optimal_decoder,bayes_best_target_distinction,bit_flip_p_0_10,D_trivial,0,0,0,0,1,1,1,PASS,decoder table maps target-observation labels to source labels; no source-state oracle input
dec::bit_flip_p_0_10::D_trivial::E_B::exact_decoder,exact_support_decoder,bit_flip_p_0_10,D_trivial,0,0,0,0,1,1,1,PASS,decoder table maps target-observation labels to source labels; no source-state oracle input
dec::bit_flip_p_0_10::D_trivial::E_joint::bayes_optimal_decoder,bayes_best_target_distinction,bit_flip_p_0_10,D_trivial,0,0,0,0,1,1,1,PASS,decoder table maps target-observation labels to source labels; no source-state oracle input
dec::bit_flip_p_0_10::D_trivial::E_joint::exact_decoder,exact_support_decoder,bit_flip_p_0_10,D_trivial,0,0,0,0,1,1,1,PASS,decoder table maps target-observation labels to source labels; no source-state oracle input
dec::bit_flip_p_0_10::D_trivial::E_parity::bayes_optimal_decoder,bayes_best_target_distinction,bit_flip_p_0_10,D_trivial,0,0,0,0,1,1,1,PASS,decoder table maps target-observation labels to source labels; no source-state oracle input
dec::bit_flip_p_0_10::D_trivial::E_parity::exact_decoder,exact_support_decoder,bit_flip_p_0_10,D_trivial,0,0,0,0,1,1,1,PASS,decoder table maps target-observation labels to source labels; no source-state oracle input
dec::bit_flip_p_0_10::D_trivial::E_trivial::bayes_optimal_decoder,bayes_best_target_distinction,bit_flip_p_0_10,D_trivial,0,0,0,0,1,1,1,PASS,decoder table maps target-observation labels to source labels; no source-state oracle input
dec::bit_flip_p_0_10::D_trivial::E_trivial::exact_decoder,exact_support_decoder,bit_flip_p_0_10,D_trivial,0,0,0,0,1,1,1,PASS,decoder table maps target-observation labels to source labels; no source-state oracle input
dec::bit_flip_p_0_10::D_trivial::E_trivial::declared_decoder,fixed_declared_decoder_rule,bit_flip_p_0_10,D_trivial,0,0,0,0,1,1,1,PASS,decoder table maps target-observation labels to source labels; no source-state oracle input
dec::bit_flip_p_0_25::D_A::E_A::bayes_optimal_decoder,bayes_best_target_distinction,bit_flip_p_0_25,D_A,0,0,0,0,1,1,1,PASS,decoder table maps target-observation labels to source labels; no source-state oracle input
dec::bit_flip_p_0_25::D_A::E_A::declared_decoder,fixed_declared_decoder_rule,bit_flip_p_0_25,D_A,0,0,0,0,1,1,1,PASS,decoder table maps target-observation labels to source labels; no source-state oracle input
dec::bit_flip_p_0_25::D_A::E_B::bayes_optimal_decoder,bayes_best_target_distinction,bit_flip_p_0_25,D_A,0,0,0,0,1,1,1,PASS,decoder table maps target-observation labels to source labels; no source-state oracle input
dec::bit_flip_p_0_25::D_A::E_B::declared_decoder,fixed_declared_decoder_rule,bit_flip_p_0_25,D_A,0,0,0,0,1,1,1,PASS,decoder table maps target-observation labels to source labels; no source-state oracle input
dec::bit_flip_p_0_25::D_A::E_joint::bayes_optimal_decoder,bayes_best_target_distinction,bit_flip_p_0_25,D_A,0,0,0,0,1,1,1,PASS,decoder table maps target-observation labels to source labels; no source-state oracle input
dec::bit_flip_p_0_25::D_A::E_parity::bayes_optimal_decoder,bayes_best_target_distinction,bit_flip_p_0_25,D_A,0,0,0,0,1,1,1,PASS,decoder table maps target-observation labels to source labels; no source-state oracle input
dec::bit_flip_p_0_25::D_A::E_parity::declared_decoder,fixed_declared_decoder_rule,bit_flip_p_0_25,D_A,0,0,0,0,1,1,1,PASS,decoder table maps target-observation labels to source labels; no source-state oracle input
dec::bit_flip_p_0_25::D_A::E_trivial::bayes_optimal_decoder,bayes_best_target_distinction,bit_flip_p_0_25,D_A,0,0,0,0,1,1,1,PASS,decoder table maps target-observation labels to source labels; no source-state oracle input
dec::bit_flip_p_0_25::D_B::E_A::bayes_optimal_decoder,bayes_best_target_distinction,bit_flip_p_0_25,D_B,0,0,0,0,1,1,1,PASS,decoder table maps target-observation labels to source labels; no source-state oracle input
dec::bit_flip_p_0_25::D_B::E_A::declared_decoder,fixed_declared_decoder_rule,bit_flip_p_0_25,D_B,0,0,0,0,1,1,1,PASS,decoder table maps target-observation labels to source labels; no source-state oracle input
dec::bit_flip_p_0_25::D_B::E_B::bayes_optimal_decoder,bayes_best_target_distinction,bit_flip_p_0_25,D_B,0,0,0,0,1,1,1,PASS,decoder table maps target-observation labels to source labels; no source-state oracle input
dec::bit_flip_p_0_25::D_B::E_B::declared_decoder,fixed_declared_decoder_rule,bit_flip_p_0_25,D_B,0,0,0,0,1,1,1,PASS,decoder table maps target-observation labels to source labels; no source-state oracle input
dec::bit_flip_p_0_25::D_B::E_joint::bayes_optimal_decoder,bayes_best_target_distinction,bit_flip_p_0_25,D_B,0,0,0,0,1,1,1,PASS,decoder table maps target-observation labels to source labels; no source-state oracle input
dec::bit_flip_p_0_25::D_B::E_parity::bayes_optimal_decoder,bayes_best_target_distinction,bit_flip_p_0_25,D_B,0,0,0,0,1,1,1,PASS,decoder table maps target-observation labels to source labels; no source-state oracle input
dec::bit_flip_p_0_25::D_B::E_parity::declared_decoder,fixed_declared_decoder_rule,bit_flip_p_0_25,D_B,0,0,0,0,1,1,1,PASS,decoder table maps target-observation labels to source labels; no source-state oracle input
dec::bit_flip_p_0_25::D_B::E_trivial::bayes_optimal_decoder,bayes_best_target_distinction,bit_flip_p_0_25,D_B,0,0,0,0,1,1,1,PASS,decoder table maps target-observation labels to source labels; no source-state oracle input
dec::bit_flip_p_0_25::D_joint::E_A::bayes_optimal_decoder,bayes_best_target_distinction,bit_flip_p_0_25,D_joint,0,0,0,0,1,1,1,PASS,decoder table maps target-observation labels to source labels; no source-state oracle input
dec::bit_flip_p_0_25::D_joint::E_B::bayes_optimal_decoder,bayes_best_target_distinction,bit_flip_p_0_25,D_joint,0,0,0,0,1,1,1,PASS,decoder table maps target-observation labels to source labels; no source-state oracle input
dec::bit_flip_p_0_25::D_joint::E_joint::bayes_optimal_decoder,bayes_best_target_distinction,bit_flip_p_0_25,D_joint,0,0,0,0,1,1,1,PASS,decoder table maps target-observation labels to source labels; no source-state oracle input
dec::bit_flip_p_0_25::D_joint::E_joint::declared_decoder,fixed_declared_decoder_rule,bit_flip_p_0_25,D_joint,0,0,0,0,1,1,1,PASS,decoder table maps target-observation labels to source labels; no source-state oracle input
dec::bit_flip_p_0_25::D_joint::E_parity::bayes_optimal_decoder,bayes_best_target_distinction,bit_flip_p_0_25,D_joint,0,0,0,0,1,1,1,PASS,decoder table maps target-observation labels to source labels; no source-state oracle input
dec::bit_flip_p_0_25::D_joint::E_trivial::bayes_optimal_decoder,bayes_best_target_distinction,bit_flip_p_0_25,D_joint,0,0,0,0,1,1,1,PASS,decoder table maps target-observation labels to source labels; no source-state oracle input
dec::bit_flip_p_0_25::D_parity::E_A::bayes_optimal_decoder,bayes_best_target_distinction,bit_flip_p_0_25,D_parity,0,0,0,0,1,1,1,PASS,decoder table maps target-observation labels to source labels; no source-state oracle input
dec::bit_flip_p_0_25::D_parity::E_A::declared_decoder,fixed_declared_decoder_rule,bit_flip_p_0_25,D_parity,0,0,0,0,1,1,1,PASS,decoder table maps target-observation labels to source labels; no source-state oracle input
dec::bit_flip_p_0_25::D_parity::E_B::bayes_optimal_decoder,bayes_best_target_distinction,bit_flip_p_0_25,D_parity,0,0,0,0,1,1,1,PASS,decoder table maps target-observation labels to source labels; no source-state oracle input
dec::bit_flip_p_0_25::D_parity::E_B::declared_decoder,fixed_declared_decoder_rule,bit_flip_p_0_25,D_parity,0,0,0,0,1,1,1,PASS,decoder table maps target-observation labels to source labels; no source-state oracle input
dec::bit_flip_p_0_25::D_parity::E_joint::bayes_optimal_decoder,bayes_best_target_distinction,bit_flip_p_0_25,D_parity,0,0,0,0,1,1,1,PASS,decoder table maps target-observation labels to source labels; no source-state oracle input
dec::bit_flip_p_0_25::D_parity::E_parity::bayes_optimal_decoder,bayes_best_target_distinction,bit_flip_p_0_25,D_parity,0,0,0,0,1,1,1,PASS,decoder table maps target-observation labels to source labels; no source-state oracle input
dec::bit_flip_p_0_25::D_parity::E_parity::declared_decoder,fixed_declared_decoder_rule,bit_flip_p_0_25,D_parity,0,0,0,0,1,1,1,PASS,decoder table maps target-observation labels to source labels; no source-state oracle input
dec::bit_flip_p_0_25::D_parity::E_trivial::bayes_optimal_decoder,bayes_best_target_distinction,bit_flip_p_0_25,D_parity,0,0,0,0,1,1,1,PASS,decoder table maps target-observation labels to source labels; no source-state oracle input
dec::bit_flip_p_0_25::D_trivial::E_A::bayes_optimal_decoder,bayes_best_target_distinction,bit_flip_p_0_25,D_trivial,0,0,0,0,1,1,1,PASS,decoder table maps target-observation labels to source labels; no source-state oracle input
dec::bit_flip_p_0_25::D_trivial::E_A::exact_decoder,exact_support_decoder,bit_flip_p_0_25,D_trivial,0,0,0,0,1,1,1,PASS,decoder table maps target-observation labels to source labels; no source-state oracle input
dec::bit_flip_p_0_25::D_trivial::E_B::bayes_optimal_decoder,bayes_best_target_distinction,bit_flip_p_0_25,D_trivial,0,0,0,0,1,1,1,PASS,decoder table maps target-observation labels to source labels; no source-state oracle input
dec::bit_flip_p_0_25::D_trivial::E_B::exact_decoder,exact_support_decoder,bit_flip_p_0_25,D_trivial,0,0,0,0,1,1,1,PASS,decoder table maps target-observation labels to source labels; no source-state oracle input
dec::bit_flip_p_0_25::D_trivial::E_joint::bayes_optimal_decoder,bayes_best_target_distinction,bit_flip_p_0_25,D_trivial,0,0,0,0,1,1,1,PASS,decoder table maps target-observation labels to source labels; no source-state oracle input
dec::bit_flip_p_0_25::D_trivial::E_joint::exact_decoder,exact_support_decoder,bit_flip_p_0_25,D_trivial,0,0,0,0,1,1,1,PASS,decoder table maps target-observation labels to source labels; no source-state oracle input
dec::bit_flip_p_0_25::D_trivial::E_parity::bayes_optimal_decoder,bayes_best_target_distinction,bit_flip_p_0_25,D_trivial,0,0,0,0,1,1,1,PASS,decoder table maps target-observation labels to source labels; no source-state oracle input
dec::bit_flip_p_0_25::D_trivial::E_parity::exact_decoder,exact_support_decoder,bit_flip_p_0_25,D_trivial,0,0,0,0,1,1,1,PASS,decoder table maps target-observation labels to source labels; no source-state oracle input
dec::bit_flip_p_0_25::D_trivial::E_trivial::bayes_optimal_decoder,bayes_best_target_distinction,bit_flip_p_0_25,D_trivial,0,0,0,0,1,1,1,PASS,decoder table maps target-observation labels to source labels; no source-state oracle input
dec::bit_flip_p_0_25::D_trivial::E_trivial::exact_decoder,exact_support_decoder,bit_flip_p_0_25,D_trivial,0,0,0,0,1,1,1,PASS,decoder table maps target-observation labels to source labels; no source-state oracle input
dec::bit_flip_p_0_25::D_trivial::E_trivial::declared_decoder,fixed_declared_decoder_rule,bit_flip_p_0_25,D_trivial,0,0,0,0,1,1,1,PASS,decoder table maps target-observation labels to source labels; no source-state oracle input
dec::bit_flip_p_0_50::D_A::E_A::bayes_optimal_decoder,bayes_best_target_distinction,bit_flip_p_0_50,D_A,0,0,0,0,1,1,1,PASS,decoder table maps target-observation labels to source labels; no source-state oracle input
dec::bit_flip_p_0_50::D_A::E_A::declared_decoder,fixed_declared_decoder_rule,bit_flip_p_0_50,D_A,0,0,0,0,1,1,1,PASS,decoder table maps target-observation labels to source labels; no source-state oracle input
dec::bit_flip_p_0_50::D_A::E_B::bayes_optimal_decoder,bayes_best_target_distinction,bit_flip_p_0_50,D_A,0,0,0,0,1,1,1,PASS,decoder table maps target-observation labels to source labels; no source-state oracle input
dec::bit_flip_p_0_50::D_A::E_B::declared_decoder,fixed_declared_decoder_rule,bit_flip_p_0_50,D_A,0,0,0,0,1,1,1,PASS,decoder table maps target-observation labels to source labels; no source-state oracle input
dec::bit_flip_p_0_50::D_A::E_joint::bayes_optimal_decoder,bayes_best_target_distinction,bit_flip_p_0_50,D_A,0,0,0,0,1,1,1,PASS,decoder table maps target-observation labels to source labels; no source-state oracle input
dec::bit_flip_p_0_50::D_A::E_parity::bayes_optimal_decoder,bayes_best_target_distinction,bit_flip_p_0_50,D_A,0,0,0,0,1,1,1,PASS,decoder table maps target-observation labels to source labels; no source-state oracle input
dec::bit_flip_p_0_50::D_A::E_parity::declared_decoder,fixed_declared_decoder_rule,bit_flip_p_0_50,D_A,0,0,0,0,1,1,1,PASS,decoder table maps target-observation labels to source labels; no source-state oracle input
dec::bit_flip_p_0_50::D_A::E_trivial::bayes_optimal_decoder,bayes_best_target_distinction,bit_flip_p_0_50,D_A,0,0,0,0,1,1,1,PASS,decoder table maps target-observation labels to source labels; no source-state oracle input
dec::bit_flip_p_0_50::D_B::E_A::bayes_optimal_decoder,bayes_best_target_distinction,bit_flip_p_0_50,D_B,0,0,0,0,1,1,1,PASS,decoder table maps target-observation labels to source labels; no source-state oracle input
dec::bit_flip_p_0_50::D_B::E_A::declared_decoder,fixed_declared_decoder_rule,bit_flip_p_0_50,D_B,0,0,0,0,1,1,1,PASS,decoder table maps target-observation labels to source labels; no source-state oracle input
dec::bit_flip_p_0_50::D_B::E_B::bayes_optimal_decoder,bayes_best_target_distinction,bit_flip_p_0_50,D_B,0,0,0,0,1,1,1,PASS,decoder table maps target-observation labels to source labels; no source-state oracle input
dec::bit_flip_p_0_50::D_B::E_B::declared_decoder,fixed_declared_decoder_rule,bit_flip_p_0_50,D_B,0,0,0,0,1,1,1,PASS,decoder table maps target-observation labels to source labels; no source-state oracle input
dec::bit_flip_p_0_50::D_B::E_joint::bayes_optimal_decoder,bayes_best_target_distinction,bit_flip_p_0_50,D_B,0,0,0,0,1,1,1,PASS,decoder table maps target-observation labels to source labels; no source-state oracle input
dec::bit_flip_p_0_50::D_B::E_parity::bayes_optimal_decoder,bayes_best_target_distinction,bit_flip_p_0_50,D_B,0,0,0,0,1,1,1,PASS,decoder table maps target-observation labels to source labels; no source-state oracle input
dec::bit_flip_p_0_50::D_B::E_parity::declared_decoder,fixed_declared_decoder_rule,bit_flip_p_0_50,D_B,0,0,0,0,1,1,1,PASS,decoder table maps target-observation labels to source labels; no source-state oracle input
dec::bit_flip_p_0_50::D_B::E_trivial::bayes_optimal_decoder,bayes_best_target_distinction,bit_flip_p_0_50,D_B,0,0,0,0,1,1,1,PASS,decoder table maps target-observation labels to source labels; no source-state oracle input
dec::bit_flip_p_0_50::D_joint::E_A::bayes_optimal_decoder,bayes_best_target_distinction,bit_flip_p_0_50,D_joint,0,0,0,0,1,1,1,PASS,decoder table maps target-observation labels to source labels; no source-state oracle input
dec::bit_flip_p_0_50::D_joint::E_B::bayes_optimal_decoder,bayes_best_target_distinction,bit_flip_p_0_50,D_joint,0,0,0,0,1,1,1,PASS,decoder table maps target-observation labels to source labels; no source-state oracle input
dec::bit_flip_p_0_50::D_joint::E_joint::bayes_optimal_decoder,bayes_best_target_distinction,bit_flip_p_0_50,D_joint,0,0,0,0,1,1,1,PASS,decoder table maps target-observation labels to source labels; no source-state oracle input
dec::bit_flip_p_0_50::D_joint::E_joint::declared_decoder,fixed_declared_decoder_rule,bit_flip_p_0_50,D_joint,0,0,0,0,1,1,1,PASS,decoder table maps target-observation labels to source labels; no source-state oracle input
dec::bit_flip_p_0_50::D_joint::E_parity::bayes_optimal_decoder,bayes_best_target_distinction,bit_flip_p_0_50,D_joint,0,0,0,0,1,1,1,PASS,decoder table maps target-observation labels to source labels; no source-state oracle input
dec::bit_flip_p_0_50::D_joint::E_trivial::bayes_optimal_decoder,bayes_best_target_distinction,bit_flip_p_0_50,D_joint,0,0,0,0,1,1,1,PASS,decoder table maps target-observation labels to source labels; no source-state oracle input
dec::bit_flip_p_0_50::D_parity::E_A::bayes_optimal_decoder,bayes_best_target_distinction,bit_flip_p_0_50,D_parity,0,0,0,0,1,1,1,PASS,decoder table maps target-observation labels to source labels; no source-state oracle input
dec::bit_flip_p_0_50::D_parity::E_A::declared_decoder,fixed_declared_decoder_rule,bit_flip_p_0_50,D_parity,0,0,0,0,1,1,1,PASS,decoder table maps target-observation labels to source labels; no source-state oracle input
dec::bit_flip_p_0_50::D_parity::E_B::bayes_optimal_decoder,bayes_best_target_distinction,bit_flip_p_0_50,D_parity,0,0,0,0,1,1,1,PASS,decoder table maps target-observation labels to source labels; no source-state oracle input
dec::bit_flip_p_0_50::D_parity::E_B::declared_decoder,fixed_declared_decoder_rule,bit_flip_p_0_50,D_parity,0,0,0,0,1,1,1,PASS,decoder table maps target-observation labels to source labels; no source-state oracle input
dec::bit_flip_p_0_50::D_parity::E_joint::bayes_optimal_decoder,bayes_best_target_distinction,bit_flip_p_0_50,D_parity,0,0,0,0,1,1,1,PASS,decoder table maps target-observation labels to source labels; no source-state oracle input
dec::bit_flip_p_0_50::D_parity::E_parity::bayes_optimal_decoder,bayes_best_target_distinction,bit_flip_p_0_50,D_parity,0,0,0,0,1,1,1,PASS,decoder table maps target-observation labels to source labels; no source-state oracle input
dec::bit_flip_p_0_50::D_parity::E_parity::declared_decoder,fixed_declared_decoder_rule,bit_flip_p_0_50,D_parity,0,0,0,0,1,1,1,PASS,decoder table maps target-observation labels to source labels; no source-state oracle input
dec::bit_flip_p_0_50::D_parity::E_trivial::bayes_optimal_decoder,bayes_best_target_distinction,bit_flip_p_0_50,D_parity,0,0,0,0,1,1,1,PASS,decoder table maps target-observation labels to source labels; no source-state oracle input
dec::bit_flip_p_0_50::D_trivial::E_A::bayes_optimal_decoder,bayes_best_target_distinction,bit_flip_p_0_50,D_trivial,0,0,0,0,1,1,1,PASS,decoder table maps target-observation labels to source labels; no source-state oracle input
dec::bit_flip_p_0_50::D_trivial::E_A::exact_decoder,exact_support_decoder,bit_flip_p_0_50,D_trivial,0,0,0,0,1,1,1,PASS,decoder table maps target-observation labels to source labels; no source-state oracle input
dec::bit_flip_p_0_50::D_trivial::E_B::bayes_optimal_decoder,bayes_best_target_distinction,bit_flip_p_0_50,D_trivial,0,0,0,0,1,1,1,PASS,decoder table maps target-observation labels to source labels; no source-state oracle input
dec::bit_flip_p_0_50::D_trivial::E_B::exact_decoder,exact_support_decoder,bit_flip_p_0_50,D_trivial,0,0,0,0,1,1,1,PASS,decoder table maps target-observation labels to source labels; no source-state oracle input
dec::bit_flip_p_0_50::D_trivial::E_joint::bayes_optimal_decoder,bayes_best_target_distinction,bit_flip_p_0_50,D_trivial,0,0,0,0,1,1,1,PASS,decoder table maps target-observation labels to source labels; no source-state oracle input
dec::bit_flip_p_0_50::D_trivial::E_joint::exact_decoder,exact_support_decoder,bit_flip_p_0_50,D_trivial,0,0,0,0,1,1,1,PASS,decoder table maps target-observation labels to source labels; no source-state oracle input
dec::bit_flip_p_0_50::D_trivial::E_parity::bayes_optimal_decoder,bayes_best_target_distinction,bit_flip_p_0_50,D_trivial,0,0,0,0,1,1,1,PASS,decoder table maps target-observation labels to source labels; no source-state oracle input
dec::bit_flip_p_0_50::D_trivial::E_parity::exact_decoder,exact_support_decoder,bit_flip_p_0_50,D_trivial,0,0,0,0,1,1,1,PASS,decoder table maps target-observation labels to source labels; no source-state oracle input
dec::bit_flip_p_0_50::D_trivial::E_trivial::bayes_optimal_decoder,bayes_best_target_distinction,bit_flip_p_0_50,D_trivial,0,0,0,0,1,1,1,PASS,decoder table maps target-observation labels to source labels; no source-state oracle input
dec::bit_flip_p_0_50::D_trivial::E_trivial::exact_decoder,exact_support_decoder,bit_flip_p_0_50,D_trivial,0,0,0,0,1,1,1,PASS,decoder table maps target-observation labels to source labels; no source-state oracle input
dec::bit_flip_p_0_50::D_trivial::E_trivial::declared_decoder,fixed_declared_decoder_rule,bit_flip_p_0_50,D_trivial,0,0,0,0,1,1,1,PASS,decoder table maps target-observation labels to source labels; no source-state oracle input
dec::asym_A_preserved_B_noisy_p_0_25::D_A::E_A::bayes_optimal_decoder,bayes_best_target_distinction,asym_A_preserved_B_noisy_p_0_25,D_A,0,0,0,0,1,1,1,PASS,decoder table maps target-observation labels to source labels; no source-state oracle input
dec::asym_A_preserved_B_noisy_p_0_25::D_A::E_A::exact_decoder,exact_support_decoder,asym_A_preserved_B_noisy_p_0_25,D_A,0,0,0,0,1,1,1,PASS,decoder table maps target-observation labels to source labels; no source-state oracle input
dec::asym_A_preserved_B_noisy_p_0_25::D_A::E_A::declared_decoder,fixed_declared_decoder_rule,asym_A_preserved_B_noisy_p_0_25,D_A,0,0,0,0,1,1,1,PASS,decoder table maps target-observation labels to source labels; no source-state oracle input
dec::asym_A_preserved_B_noisy_p_0_25::D_A::E_B::bayes_optimal_decoder,bayes_best_target_distinction,asym_A_preserved_B_noisy_p_0_25,D_A,0,0,0,0,1,1,1,PASS,decoder table maps target-observation labels to source labels; no source-state oracle input
dec::asym_A_preserved_B_noisy_p_0_25::D_A::E_B::declared_decoder,fixed_declared_decoder_rule,asym_A_preserved_B_noisy_p_0_25,D_A,0,0,0,0,1,1,1,PASS,decoder table maps target-observation labels to source labels; no source-state oracle input
dec::asym_A_preserved_B_noisy_p_0_25::D_A::E_joint::bayes_optimal_decoder,bayes_best_target_distinction,asym_A_preserved_B_noisy_p_0_25,D_A,0,0,0,0,1,1,1,PASS,decoder table maps target-observation labels to source labels; no source-state oracle input
dec::asym_A_preserved_B_noisy_p_0_25::D_A::E_joint::exact_decoder,exact_support_decoder,asym_A_preserved_B_noisy_p_0_25,D_A,0,0,0,0,1,1,1,PASS,decoder table maps target-observation labels to source labels; no source-state oracle input
dec::asym_A_preserved_B_noisy_p_0_25::D_A::E_parity::bayes_optimal_decoder,bayes_best_target_distinction,asym_A_preserved_B_noisy_p_0_25,D_A,0,0,0,0,1,1,1,PASS,decoder table maps target-observation labels to source labels; no source-state oracle input
dec::asym_A_preserved_B_noisy_p_0_25::D_A::E_parity::declared_decoder,fixed_declared_decoder_rule,asym_A_preserved_B_noisy_p_0_25,D_A,0,0,0,0,1,1,1,PASS,decoder table maps target-observation labels to source labels; no source-state oracle input
dec::asym_A_preserved_B_noisy_p_0_25::D_A::E_trivial::bayes_optimal_decoder,bayes_best_target_distinction,asym_A_preserved_B_noisy_p_0_25,D_A,0,0,0,0,1,1,1,PASS,decoder table maps target-observation labels to source labels; no source-state oracle input
dec::asym_A_preserved_B_noisy_p_0_25::D_B::E_A::bayes_optimal_decoder,bayes_best_target_distinction,asym_A_preserved_B_noisy_p_0_25,D_B,0,0,0,0,1,1,1,PASS,decoder table maps target-observation labels to source labels; no source-state oracle input
dec::asym_A_preserved_B_noisy_p_0_25::D_B::E_A::declared_decoder,fixed_declared_decoder_rule,asym_A_preserved_B_noisy_p_0_25,D_B,0,0,0,0,1,1,1,PASS,decoder table maps target-observation labels to source labels; no source-state oracle input
dec::asym_A_preserved_B_noisy_p_0_25::D_B::E_B::bayes_optimal_decoder,bayes_best_target_distinction,asym_A_preserved_B_noisy_p_0_25,D_B,0,0,0,0,1,1,1,PASS,decoder table maps target-observation labels to source labels; no source-state oracle input
dec::asym_A_preserved_B_noisy_p_0_25::D_B::E_B::declared_decoder,fixed_declared_decoder_rule,asym_A_preserved_B_noisy_p_0_25,D_B,0,0,0,0,1,1,1,PASS,decoder table maps target-observation labels to source labels; no source-state oracle input
dec::asym_A_preserved_B_noisy_p_0_25::D_B::E_joint::bayes_optimal_decoder,bayes_best_target_distinction,asym_A_preserved_B_noisy_p_0_25,D_B,0,0,0,0,1,1,1,PASS,decoder table maps target-observation labels to source labels; no source-state oracle input
dec::asym_A_preserved_B_noisy_p_0_25::D_B::E_parity::bayes_optimal_decoder,bayes_best_target_distinction,asym_A_preserved_B_noisy_p_0_25,D_B,0,0,0,0,1,1,1,PASS,decoder table maps target-observation labels to source labels; no source-state oracle input
dec::asym_A_preserved_B_noisy_p_0_25::D_B::E_parity::declared_decoder,fixed_declared_decoder_rule,asym_A_preserved_B_noisy_p_0_25,D_B,0,0,0,0,1,1,1,PASS,decoder table maps target-observation labels to source labels; no source-state oracle input
dec::asym_A_preserved_B_noisy_p_0_25::D_B::E_trivial::bayes_optimal_decoder,bayes_best_target_distinction,asym_A_preserved_B_noisy_p_0_25,D_B,0,0,0,0,1,1,1,PASS,decoder table maps target-observation labels to source labels; no source-state oracle input
dec::asym_A_preserved_B_noisy_p_0_25::D_joint::E_A::bayes_optimal_decoder,bayes_best_target_distinction,asym_A_preserved_B_noisy_p_0_25,D_joint,0,0,0,0,1,1,1,PASS,decoder table maps target-observation labels to source labels; no source-state oracle input
dec::asym_A_preserved_B_noisy_p_0_25::D_joint::E_B::bayes_optimal_decoder,bayes_best_target_distinction,asym_A_preserved_B_noisy_p_0_25,D_joint,0,0,0,0,1,1,1,PASS,decoder table maps target-observation labels to source labels; no source-state oracle input
dec::asym_A_preserved_B_noisy_p_0_25::D_joint::E_joint::bayes_optimal_decoder,bayes_best_target_distinction,asym_A_preserved_B_noisy_p_0_25,D_joint,0,0,0,0,1,1,1,PASS,decoder table maps target-observation labels to source labels; no source-state oracle input
dec::asym_A_preserved_B_noisy_p_0_25::D_joint::E_joint::declared_decoder,fixed_declared_decoder_rule,asym_A_preserved_B_noisy_p_0_25,D_joint,0,0,0,0,1,1,1,PASS,decoder table maps target-observation labels to source labels; no source-state oracle input
dec::asym_A_preserved_B_noisy_p_0_25::D_joint::E_parity::bayes_optimal_decoder,bayes_best_target_distinction,asym_A_preserved_B_noisy_p_0_25,D_joint,0,0,0,0,1,1,1,PASS,decoder table maps target-observation labels to source labels; no source-state oracle input
dec::asym_A_preserved_B_noisy_p_0_25::D_joint::E_trivial::bayes_optimal_decoder,bayes_best_target_distinction,asym_A_preserved_B_noisy_p_0_25,D_joint,0,0,0,0,1,1,1,PASS,decoder table maps target-observation labels to source labels; no source-state oracle input
dec::asym_A_preserved_B_noisy_p_0_25::D_parity::E_A::bayes_optimal_decoder,bayes_best_target_distinction,asym_A_preserved_B_noisy_p_0_25,D_parity,0,0,0,0,1,1,1,PASS,decoder table maps target-observation labels to source labels; no source-state oracle input
dec::asym_A_preserved_B_noisy_p_0_25::D_parity::E_A::declared_decoder,fixed_declared_decoder_rule,asym_A_preserved_B_noisy_p_0_25,D_parity,0,0,0,0,1,1,1,PASS,decoder table maps target-observation labels to source labels; no source-state oracle input
dec::asym_A_preserved_B_noisy_p_0_25::D_parity::E_B::bayes_optimal_decoder,bayes_best_target_distinction,asym_A_preserved_B_noisy_p_0_25,D_parity,0,0,0,0,1,1,1,PASS,decoder table maps target-observation labels to source labels; no source-state oracle input
dec::asym_A_preserved_B_noisy_p_0_25::D_parity::E_B::declared_decoder,fixed_declared_decoder_rule,asym_A_preserved_B_noisy_p_0_25,D_parity,0,0,0,0,1,1,1,PASS,decoder table maps target-observation labels to source labels; no source-state oracle input
dec::asym_A_preserved_B_noisy_p_0_25::D_parity::E_joint::bayes_optimal_decoder,bayes_best_target_distinction,asym_A_preserved_B_noisy_p_0_25,D_parity,0,0,0,0,1,1,1,PASS,decoder table maps target-observation labels to source labels; no source-state oracle input
dec::asym_A_preserved_B_noisy_p_0_25::D_parity::E_parity::bayes_optimal_decoder,bayes_best_target_distinction,asym_A_preserved_B_noisy_p_0_25,D_parity,0,0,0,0,1,1,1,PASS,decoder table maps target-observation labels to source labels; no source-state oracle input
dec::asym_A_preserved_B_noisy_p_0_25::D_parity::E_parity::declared_decoder,fixed_declared_decoder_rule,asym_A_preserved_B_noisy_p_0_25,D_parity,0,0,0,0,1,1,1,PASS,decoder table maps target-observation labels to source labels; no source-state oracle input
dec::asym_A_preserved_B_noisy_p_0_25::D_parity::E_trivial::bayes_optimal_decoder,bayes_best_target_distinction,asym_A_preserved_B_noisy_p_0_25,D_parity,0,0,0,0,1,1,1,PASS,decoder table maps target-observation labels to source labels; no source-state oracle input
dec::asym_A_preserved_B_noisy_p_0_25::D_trivial::E_A::bayes_optimal_decoder,bayes_best_target_distinction,asym_A_preserved_B_noisy_p_0_25,D_trivial,0,0,0,0,1,1,1,PASS,decoder table maps target-observation labels to source labels; no source-state oracle input
dec::asym_A_preserved_B_noisy_p_0_25::D_trivial::E_A::exact_decoder,exact_support_decoder,asym_A_preserved_B_noisy_p_0_25,D_trivial,0,0,0,0,1,1,1,PASS,decoder table maps target-observation labels to source labels; no source-state oracle input
dec::asym_A_preserved_B_noisy_p_0_25::D_trivial::E_B::bayes_optimal_decoder,bayes_best_target_distinction,asym_A_preserved_B_noisy_p_0_25,D_trivial,0,0,0,0,1,1,1,PASS,decoder table maps target-observation labels to source labels; no source-state oracle input
dec::asym_A_preserved_B_noisy_p_0_25::D_trivial::E_B::exact_decoder,exact_support_decoder,asym_A_preserved_B_noisy_p_0_25,D_trivial,0,0,0,0,1,1,1,PASS,decoder table maps target-observation labels to source labels; no source-state oracle input
dec::asym_A_preserved_B_noisy_p_0_25::D_trivial::E_joint::bayes_optimal_decoder,bayes_best_target_distinction,asym_A_preserved_B_noisy_p_0_25,D_trivial,0,0,0,0,1,1,1,PASS,decoder table maps target-observation labels to source labels; no source-state oracle input
dec::asym_A_preserved_B_noisy_p_0_25::D_trivial::E_joint::exact_decoder,exact_support_decoder,asym_A_preserved_B_noisy_p_0_25,D_trivial,0,0,0,0,1,1,1,PASS,decoder table maps target-observation labels to source labels; no source-state oracle input
dec::asym_A_preserved_B_noisy_p_0_25::D_trivial::E_parity::bayes_optimal_decoder,bayes_best_target_distinction,asym_A_preserved_B_noisy_p_0_25,D_trivial,0,0,0,0,1,1,1,PASS,decoder table maps target-observation labels to source labels; no source-state oracle input
dec::asym_A_preserved_B_noisy_p_0_25::D_trivial::E_parity::exact_decoder,exact_support_decoder,asym_A_preserved_B_noisy_p_0_25,D_trivial,0,0,0,0,1,1,1,PASS,decoder table maps target-observation labels to source labels; no source-state oracle input
dec::asym_A_preserved_B_noisy_p_0_25::D_trivial::E_trivial::bayes_optimal_decoder,bayes_best_target_distinction,asym_A_preserved_B_noisy_p_0_25,D_trivial,0,0,0,0,1,1,1,PASS,decoder table maps target-observation labels to source labels; no source-state oracle input
dec::asym_A_preserved_B_noisy_p_0_25::D_trivial::E_trivial::exact_decoder,exact_support_decoder,asym_A_preserved_B_noisy_p_0_25,D_trivial,0,0,0,0,1,1,1,PASS,decoder table maps target-observation labels to source labels; no source-state oracle input
dec::asym_A_preserved_B_noisy_p_0_25::D_trivial::E_trivial::declared_decoder,fixed_declared_decoder_rule,asym_A_preserved_B_noisy_p_0_25,D_trivial,0,0,0,0,1,1,1,PASS,decoder table maps target-observation labels to source labels; no source-state oracle input
dec::asym_A_noisy_B_preserved_p_0_25::D_A::E_A::bayes_optimal_decoder,bayes_best_target_distinction,asym_A_noisy_B_preserved_p_0_25,D_A,0,0,0,0,1,1,1,PASS,decoder table maps target-observation labels to source labels; no source-state oracle input
dec::asym_A_noisy_B_preserved_p_0_25::D_A::E_A::declared_decoder,fixed_declared_decoder_rule,asym_A_noisy_B_preserved_p_0_25,D_A,0,0,0,0,1,1,1,PASS,decoder table maps target-observation labels to source labels; no source-state oracle input
dec::asym_A_noisy_B_preserved_p_0_25::D_A::E_B::bayes_optimal_decoder,bayes_best_target_distinction,asym_A_noisy_B_preserved_p_0_25,D_A,0,0,0,0,1,1,1,PASS,decoder table maps target-observation labels to source labels; no source-state oracle input
dec::asym_A_noisy_B_preserved_p_0_25::D_A::E_B::declared_decoder,fixed_declared_decoder_rule,asym_A_noisy_B_preserved_p_0_25,D_A,0,0,0,0,1,1,1,PASS,decoder table maps target-observation labels to source labels; no source-state oracle input
dec::asym_A_noisy_B_preserved_p_0_25::D_A::E_joint::bayes_optimal_decoder,bayes_best_target_distinction,asym_A_noisy_B_preserved_p_0_25,D_A,0,0,0,0,1,1,1,PASS,decoder table maps target-observation labels to source labels; no source-state oracle input
dec::asym_A_noisy_B_preserved_p_0_25::D_A::E_parity::bayes_optimal_decoder,bayes_best_target_distinction,asym_A_noisy_B_preserved_p_0_25,D_A,0,0,0,0,1,1,1,PASS,decoder table maps target-observation labels to source labels; no source-state oracle input
dec::asym_A_noisy_B_preserved_p_0_25::D_A::E_parity::declared_decoder,fixed_declared_decoder_rule,asym_A_noisy_B_preserved_p_0_25,D_A,0,0,0,0,1,1,1,PASS,decoder table maps target-observation labels to source labels; no source-state oracle input
dec::asym_A_noisy_B_preserved_p_0_25::D_A::E_trivial::bayes_optimal_decoder,bayes_best_target_distinction,asym_A_noisy_B_preserved_p_0_25,D_A,0,0,0,0,1,1,1,PASS,decoder table maps target-observation labels to source labels; no source-state oracle input
dec::asym_A_noisy_B_preserved_p_0_25::D_B::E_A::bayes_optimal_decoder,bayes_best_target_distinction,asym_A_noisy_B_preserved_p_0_25,D_B,0,0,0,0,1,1,1,PASS,decoder table maps target-observation labels to source labels; no source-state oracle input
dec::asym_A_noisy_B_preserved_p_0_25::D_B::E_A::declared_decoder,fixed_declared_decoder_rule,asym_A_noisy_B_preserved_p_0_25,D_B,0,0,0,0,1,1,1,PASS,decoder table maps target-observation labels to source labels; no source-state oracle input
dec::asym_A_noisy_B_preserved_p_0_25::D_B::E_B::bayes_optimal_decoder,bayes_best_target_distinction,asym_A_noisy_B_preserved_p_0_25,D_B,0,0,0,0,1,1,1,PASS,decoder table maps target-observation labels to source labels; no source-state oracle input
dec::asym_A_noisy_B_preserved_p_0_25::D_B::E_B::exact_decoder,exact_support_decoder,asym_A_noisy_B_preserved_p_0_25,D_B,0,0,0,0,1,1,1,PASS,decoder table maps target-observation labels to source labels; no source-state oracle input
dec::asym_A_noisy_B_preserved_p_0_25::D_B::E_B::declared_decoder,fixed_declared_decoder_rule,asym_A_noisy_B_preserved_p_0_25,D_B,0,0,0,0,1,1,1,PASS,decoder table maps target-observation labels to source labels; no source-state oracle input
dec::asym_A_noisy_B_preserved_p_0_25::D_B::E_joint::bayes_optimal_decoder,bayes_best_target_distinction,asym_A_noisy_B_preserved_p_0_25,D_B,0,0,0,0,1,1,1,PASS,decoder table maps target-observation labels to source labels; no source-state oracle input
dec::asym_A_noisy_B_preserved_p_0_25::D_B::E_joint::exact_decoder,exact_support_decoder,asym_A_noisy_B_preserved_p_0_25,D_B,0,0,0,0,1,1,1,PASS,decoder table maps target-observation labels to source labels; no source-state oracle input
dec::asym_A_noisy_B_preserved_p_0_25::D_B::E_parity::bayes_optimal_decoder,bayes_best_target_distinction,asym_A_noisy_B_preserved_p_0_25,D_B,0,0,0,0,1,1,1,PASS,decoder table maps target-observation labels to source labels; no source-state oracle input
dec::asym_A_noisy_B_preserved_p_0_25::D_B::E_parity::declared_decoder,fixed_declared_decoder_rule,asym_A_noisy_B_preserved_p_0_25,D_B,0,0,0,0,1,1,1,PASS,decoder table maps target-observation labels to source labels; no source-state oracle input
dec::asym_A_noisy_B_preserved_p_0_25::D_B::E_trivial::bayes_optimal_decoder,bayes_best_target_distinction,asym_A_noisy_B_preserved_p_0_25,D_B,0,0,0,0,1,1,1,PASS,decoder table maps target-observation labels to source labels; no source-state oracle input
dec::asym_A_noisy_B_preserved_p_0_25::D_joint::E_A::bayes_optimal_decoder,bayes_best_target_distinction,asym_A_noisy_B_preserved_p_0_25,D_joint,0,0,0,0,1,1,1,PASS,decoder table maps target-observation labels to source labels; no source-state oracle input
dec::asym_A_noisy_B_preserved_p_0_25::D_joint::E_B::bayes_optimal_decoder,bayes_best_target_distinction,asym_A_noisy_B_preserved_p_0_25,D_joint,0,0,0,0,1,1,1,PASS,decoder table maps target-observation labels to source labels; no source-state oracle input
dec::asym_A_noisy_B_preserved_p_0_25::D_joint::E_joint::bayes_optimal_decoder,bayes_best_target_distinction,asym_A_noisy_B_preserved_p_0_25,D_joint,0,0,0,0,1,1,1,PASS,decoder table maps target-observation labels to source labels; no source-state oracle input
dec::asym_A_noisy_B_preserved_p_0_25::D_joint::E_joint::declared_decoder,fixed_declared_decoder_rule,asym_A_noisy_B_preserved_p_0_25,D_joint,0,0,0,0,1,1,1,PASS,decoder table maps target-observation labels to source labels; no source-state oracle input
dec::asym_A_noisy_B_preserved_p_0_25::D_joint::E_parity::bayes_optimal_decoder,bayes_best_target_distinction,asym_A_noisy_B_preserved_p_0_25,D_joint,0,0,0,0,1,1,1,PASS,decoder table maps target-observation labels to source labels; no source-state oracle input
dec::asym_A_noisy_B_preserved_p_0_25::D_joint::E_trivial::bayes_optimal_decoder,bayes_best_target_distinction,asym_A_noisy_B_preserved_p_0_25,D_joint,0,0,0,0,1,1,1,PASS,decoder table maps target-observation labels to source labels; no source-state oracle input
dec::asym_A_noisy_B_preserved_p_0_25::D_parity::E_A::bayes_optimal_decoder,bayes_best_target_distinction,asym_A_noisy_B_preserved_p_0_25,D_parity,0,0,0,0,1,1,1,PASS,decoder table maps target-observation labels to source labels; no source-state oracle input
dec::asym_A_noisy_B_preserved_p_0_25::D_parity::E_A::declared_decoder,fixed_declared_decoder_rule,asym_A_noisy_B_preserved_p_0_25,D_parity,0,0,0,0,1,1,1,PASS,decoder table maps target-observation labels to source labels; no source-state oracle input
dec::asym_A_noisy_B_preserved_p_0_25::D_parity::E_B::bayes_optimal_decoder,bayes_best_target_distinction,asym_A_noisy_B_preserved_p_0_25,D_parity,0,0,0,0,1,1,1,PASS,decoder table maps target-observation labels to source labels; no source-state oracle input
dec::asym_A_noisy_B_preserved_p_0_25::D_parity::E_B::declared_decoder,fixed_declared_decoder_rule,asym_A_noisy_B_preserved_p_0_25,D_parity,0,0,0,0,1,1,1,PASS,decoder table maps target-observation labels to source labels; no source-state oracle input
dec::asym_A_noisy_B_preserved_p_0_25::D_parity::E_joint::bayes_optimal_decoder,bayes_best_target_distinction,asym_A_noisy_B_preserved_p_0_25,D_parity,0,0,0,0,1,1,1,PASS,decoder table maps target-observation labels to source labels; no source-state oracle input
dec::asym_A_noisy_B_preserved_p_0_25::D_parity::E_parity::bayes_optimal_decoder,bayes_best_target_distinction,asym_A_noisy_B_preserved_p_0_25,D_parity,0,0,0,0,1,1,1,PASS,decoder table maps target-observation labels to source labels; no source-state oracle input
dec::asym_A_noisy_B_preserved_p_0_25::D_parity::E_parity::declared_decoder,fixed_declared_decoder_rule,asym_A_noisy_B_preserved_p_0_25,D_parity,0,0,0,0,1,1,1,PASS,decoder table maps target-observation labels to source labels; no source-state oracle input
dec::asym_A_noisy_B_preserved_p_0_25::D_parity::E_trivial::bayes_optimal_decoder,bayes_best_target_distinction,asym_A_noisy_B_preserved_p_0_25,D_parity,0,0,0,0,1,1,1,PASS,decoder table maps target-observation labels to source labels; no source-state oracle input
dec::asym_A_noisy_B_preserved_p_0_25::D_trivial::E_A::bayes_optimal_decoder,bayes_best_target_distinction,asym_A_noisy_B_preserved_p_0_25,D_trivial,0,0,0,0,1,1,1,PASS,decoder table maps target-observation labels to source labels; no source-state oracle input
dec::asym_A_noisy_B_preserved_p_0_25::D_trivial::E_A::exact_decoder,exact_support_decoder,asym_A_noisy_B_preserved_p_0_25,D_trivial,0,0,0,0,1,1,1,PASS,decoder table maps target-observation labels to source labels; no source-state oracle input
dec::asym_A_noisy_B_preserved_p_0_25::D_trivial::E_B::bayes_optimal_decoder,bayes_best_target_distinction,asym_A_noisy_B_preserved_p_0_25,D_trivial,0,0,0,0,1,1,1,PASS,decoder table maps target-observation labels to source labels; no source-state oracle input
dec::asym_A_noisy_B_preserved_p_0_25::D_trivial::E_B::exact_decoder,exact_support_decoder,asym_A_noisy_B_preserved_p_0_25,D_trivial,0,0,0,0,1,1,1,PASS,decoder table maps target-observation labels to source labels; no source-state oracle input
dec::asym_A_noisy_B_preserved_p_0_25::D_trivial::E_joint::bayes_optimal_decoder,bayes_best_target_distinction,asym_A_noisy_B_preserved_p_0_25,D_trivial,0,0,0,0,1,1,1,PASS,decoder table maps target-observation labels to source labels; no source-state oracle input
dec::asym_A_noisy_B_preserved_p_0_25::D_trivial::E_joint::exact_decoder,exact_support_decoder,asym_A_noisy_B_preserved_p_0_25,D_trivial,0,0,0,0,1,1,1,PASS,decoder table maps target-observation labels to source labels; no source-state oracle input
dec::asym_A_noisy_B_preserved_p_0_25::D_trivial::E_parity::bayes_optimal_decoder,bayes_best_target_distinction,asym_A_noisy_B_preserved_p_0_25,D_trivial,0,0,0,0,1,1,1,PASS,decoder table maps target-observation labels to source labels; no source-state oracle input
dec::asym_A_noisy_B_preserved_p_0_25::D_trivial::E_parity::exact_decoder,exact_support_decoder,asym_A_noisy_B_preserved_p_0_25,D_trivial,0,0,0,0,1,1,1,PASS,decoder table maps target-observation labels to source labels; no source-state oracle input
dec::asym_A_noisy_B_preserved_p_0_25::D_trivial::E_trivial::bayes_optimal_decoder,bayes_best_target_distinction,asym_A_noisy_B_preserved_p_0_25,D_trivial,0,0,0,0,1,1,1,PASS,decoder table maps target-observation labels to source labels; no source-state oracle input
dec::asym_A_noisy_B_preserved_p_0_25::D_trivial::E_trivial::exact_decoder,exact_support_decoder,asym_A_noisy_B_preserved_p_0_25,D_trivial,0,0,0,0,1,1,1,PASS,decoder table maps target-observation labels to source labels; no source-state oracle input
dec::asym_A_noisy_B_preserved_p_0_25::D_trivial::E_trivial::declared_decoder,fixed_declared_decoder_rule,asym_A_noisy_B_preserved_p_0_25,D_trivial,0,0,0,0,1,1,1,PASS,decoder table maps target-observation labels to source labels; no source-state oracle input
dec::asym_A_erased_B_preserved::D_A::E_A::bayes_optimal_decoder,bayes_best_target_distinction,asym_A_erased_B_preserved,D_A,0,0,0,0,1,1,1,PASS,decoder table maps target-observation labels to source labels; no source-state oracle input
dec::asym_A_erased_B_preserved::D_A::E_A::declared_decoder,fixed_declared_decoder_rule,asym_A_erased_B_preserved,D_A,0,0,0,0,1,1,1,PASS,decoder table maps target-observation labels to source labels; no source-state oracle input
dec::asym_A_erased_B_preserved::D_A::E_B::bayes_optimal_decoder,bayes_best_target_distinction,asym_A_erased_B_preserved,D_A,0,0,0,0,1,1,1,PASS,decoder table maps target-observation labels to source labels; no source-state oracle input
dec::asym_A_erased_B_preserved::D_A::E_B::declared_decoder,fixed_declared_decoder_rule,asym_A_erased_B_preserved,D_A,0,0,0,0,1,1,1,PASS,decoder table maps target-observation labels to source labels; no source-state oracle input
dec::asym_A_erased_B_preserved::D_A::E_joint::bayes_optimal_decoder,bayes_best_target_distinction,asym_A_erased_B_preserved,D_A,0,0,0,0,1,1,1,PASS,decoder table maps target-observation labels to source labels; no source-state oracle input
dec::asym_A_erased_B_preserved::D_A::E_parity::bayes_optimal_decoder,bayes_best_target_distinction,asym_A_erased_B_preserved,D_A,0,0,0,0,1,1,1,PASS,decoder table maps target-observation labels to source labels; no source-state oracle input
dec::asym_A_erased_B_preserved::D_A::E_parity::declared_decoder,fixed_declared_decoder_rule,asym_A_erased_B_preserved,D_A,0,0,0,0,1,1,1,PASS,decoder table maps target-observation labels to source labels; no source-state oracle input
dec::asym_A_erased_B_preserved::D_A::E_trivial::bayes_optimal_decoder,bayes_best_target_distinction,asym_A_erased_B_preserved,D_A,0,0,0,0,1,1,1,PASS,decoder table maps target-observation labels to source labels; no source-state oracle input
dec::asym_A_erased_B_preserved::D_B::E_A::bayes_optimal_decoder,bayes_best_target_distinction,asym_A_erased_B_preserved,D_B,0,0,0,0,1,1,1,PASS,decoder table maps target-observation labels to source labels; no source-state oracle input
dec::asym_A_erased_B_preserved::D_B::E_A::declared_decoder,fixed_declared_decoder_rule,asym_A_erased_B_preserved,D_B,0,0,0,0,1,1,1,PASS,decoder table maps target-observation labels to source labels; no source-state oracle input
dec::asym_A_erased_B_preserved::D_B::E_B::bayes_optimal_decoder,bayes_best_target_distinction,asym_A_erased_B_preserved,D_B,0,0,0,0,1,1,1,PASS,decoder table maps target-observation labels to source labels; no source-state oracle input
dec::asym_A_erased_B_preserved::D_B::E_B::exact_decoder,exact_support_decoder,asym_A_erased_B_preserved,D_B,0,0,0,0,1,1,1,PASS,decoder table maps target-observation labels to source labels; no source-state oracle input
dec::asym_A_erased_B_preserved::D_B::E_B::declared_decoder,fixed_declared_decoder_rule,asym_A_erased_B_preserved,D_B,0,0,0,0,1,1,1,PASS,decoder table maps target-observation labels to source labels; no source-state oracle input
dec::asym_A_erased_B_preserved::D_B::E_joint::bayes_optimal_decoder,bayes_best_target_distinction,asym_A_erased_B_preserved,D_B,0,0,0,0,1,1,1,PASS,decoder table maps target-observation labels to source labels; no source-state oracle input
dec::asym_A_erased_B_preserved::D_B::E_joint::exact_decoder,exact_support_decoder,asym_A_erased_B_preserved,D_B,0,0,0,0,1,1,1,PASS,decoder table maps target-observation labels to source labels; no source-state oracle input
dec::asym_A_erased_B_preserved::D_B::E_parity::bayes_optimal_decoder,bayes_best_target_distinction,asym_A_erased_B_preserved,D_B,0,0,0,0,1,1,1,PASS,decoder table maps target-observation labels to source labels; no source-state oracle input
dec::asym_A_erased_B_preserved::D_B::E_parity::declared_decoder,fixed_declared_decoder_rule,asym_A_erased_B_preserved,D_B,0,0,0,0,1,1,1,PASS,decoder table maps target-observation labels to source labels; no source-state oracle input
dec::asym_A_erased_B_preserved::D_B::E_trivial::bayes_optimal_decoder,bayes_best_target_distinction,asym_A_erased_B_preserved,D_B,0,0,0,0,1,1,1,PASS,decoder table maps target-observation labels to source labels; no source-state oracle input
dec::asym_A_erased_B_preserved::D_joint::E_A::bayes_optimal_decoder,bayes_best_target_distinction,asym_A_erased_B_preserved,D_joint,0,0,0,0,1,1,1,PASS,decoder table maps target-observation labels to source labels; no source-state oracle input
dec::asym_A_erased_B_preserved::D_joint::E_B::bayes_optimal_decoder,bayes_best_target_distinction,asym_A_erased_B_preserved,D_joint,0,0,0,0,1,1,1,PASS,decoder table maps target-observation labels to source labels; no source-state oracle input
dec::asym_A_erased_B_preserved::D_joint::E_joint::bayes_optimal_decoder,bayes_best_target_distinction,asym_A_erased_B_preserved,D_joint,0,0,0,0,1,1,1,PASS,decoder table maps target-observation labels to source labels; no source-state oracle input
dec::asym_A_erased_B_preserved::D_joint::E_joint::declared_decoder,fixed_declared_decoder_rule,asym_A_erased_B_preserved,D_joint,0,0,0,0,1,1,1,PASS,decoder table maps target-observation labels to source labels; no source-state oracle input
dec::asym_A_erased_B_preserved::D_joint::E_parity::bayes_optimal_decoder,bayes_best_target_distinction,asym_A_erased_B_preserved,D_joint,0,0,0,0,1,1,1,PASS,decoder table maps target-observation labels to source labels; no source-state oracle input
dec::asym_A_erased_B_preserved::D_joint::E_trivial::bayes_optimal_decoder,bayes_best_target_distinction,asym_A_erased_B_preserved,D_joint,0,0,0,0,1,1,1,PASS,decoder table maps target-observation labels to source labels; no source-state oracle input
dec::asym_A_erased_B_preserved::D_parity::E_A::bayes_optimal_decoder,bayes_best_target_distinction,asym_A_erased_B_preserved,D_parity,0,0,0,0,1,1,1,PASS,decoder table maps target-observation labels to source labels; no source-state oracle input
dec::asym_A_erased_B_preserved::D_parity::E_A::declared_decoder,fixed_declared_decoder_rule,asym_A_erased_B_preserved,D_parity,0,0,0,0,1,1,1,PASS,decoder table maps target-observation labels to source labels; no source-state oracle input
dec::asym_A_erased_B_preserved::D_parity::E_B::bayes_optimal_decoder,bayes_best_target_distinction,asym_A_erased_B_preserved,D_parity,0,0,0,0,1,1,1,PASS,decoder table maps target-observation labels to source labels; no source-state oracle input
dec::asym_A_erased_B_preserved::D_parity::E_B::declared_decoder,fixed_declared_decoder_rule,asym_A_erased_B_preserved,D_parity,0,0,0,0,1,1,1,PASS,decoder table maps target-observation labels to source labels; no source-state oracle input
dec::asym_A_erased_B_preserved::D_parity::E_joint::bayes_optimal_decoder,bayes_best_target_distinction,asym_A_erased_B_preserved,D_parity,0,0,0,0,1,1,1,PASS,decoder table maps target-observation labels to source labels; no source-state oracle input
dec::asym_A_erased_B_preserved::D_parity::E_parity::bayes_optimal_decoder,bayes_best_target_distinction,asym_A_erased_B_preserved,D_parity,0,0,0,0,1,1,1,PASS,decoder table maps target-observation labels to source labels; no source-state oracle input
dec::asym_A_erased_B_preserved::D_parity::E_parity::declared_decoder,fixed_declared_decoder_rule,asym_A_erased_B_preserved,D_parity,0,0,0,0,1,1,1,PASS,decoder table maps target-observation labels to source labels; no source-state oracle input
dec::asym_A_erased_B_preserved::D_parity::E_trivial::bayes_optimal_decoder,bayes_best_target_distinction,asym_A_erased_B_preserved,D_parity,0,0,0,0,1,1,1,PASS,decoder table maps target-observation labels to source labels; no source-state oracle input
dec::asym_A_erased_B_preserved::D_trivial::E_A::bayes_optimal_decoder,bayes_best_target_distinction,asym_A_erased_B_preserved,D_trivial,0,0,0,0,1,1,1,PASS,decoder table maps target-observation labels to source labels; no source-state oracle input
dec::asym_A_erased_B_preserved::D_trivial::E_A::exact_decoder,exact_support_decoder,asym_A_erased_B_preserved,D_trivial,0,0,0,0,1,1,1,PASS,decoder table maps target-observation labels to source labels; no source-state oracle input
dec::asym_A_erased_B_preserved::D_trivial::E_B::bayes_optimal_decoder,bayes_best_target_distinction,asym_A_erased_B_preserved,D_trivial,0,0,0,0,1,1,1,PASS,decoder table maps target-observation labels to source labels; no source-state oracle input
dec::asym_A_erased_B_preserved::D_trivial::E_B::exact_decoder,exact_support_decoder,asym_A_erased_B_preserved,D_trivial,0,0,0,0,1,1,1,PASS,decoder table maps target-observation labels to source labels; no source-state oracle input
dec::asym_A_erased_B_preserved::D_trivial::E_joint::bayes_optimal_decoder,bayes_best_target_distinction,asym_A_erased_B_preserved,D_trivial,0,0,0,0,1,1,1,PASS,decoder table maps target-observation labels to source labels; no source-state oracle input
dec::asym_A_erased_B_preserved::D_trivial::E_joint::exact_decoder,exact_support_decoder,asym_A_erased_B_preserved,D_trivial,0,0,0,0,1,1,1,PASS,decoder table maps target-observation labels to source labels; no source-state oracle input
dec::asym_A_erased_B_preserved::D_trivial::E_parity::bayes_optimal_decoder,bayes_best_target_distinction,asym_A_erased_B_preserved,D_trivial,0,0,0,0,1,1,1,PASS,decoder table maps target-observation labels to source labels; no source-state oracle input
dec::asym_A_erased_B_preserved::D_trivial::E_parity::exact_decoder,exact_support_decoder,asym_A_erased_B_preserved,D_trivial,0,0,0,0,1,1,1,PASS,decoder table maps target-observation labels to source labels; no source-state oracle input
dec::asym_A_erased_B_preserved::D_trivial::E_trivial::bayes_optimal_decoder,bayes_best_target_distinction,asym_A_erased_B_preserved,D_trivial,0,0,0,0,1,1,1,PASS,decoder table maps target-observation labels to source labels; no source-state oracle input
dec::asym_A_erased_B_preserved::D_trivial::E_trivial::exact_decoder,exact_support_decoder,asym_A_erased_B_preserved,D_trivial,0,0,0,0,1,1,1,PASS,decoder table maps target-observation labels to source labels; no source-state oracle input
dec::asym_A_erased_B_preserved::D_trivial::E_trivial::declared_decoder,fixed_declared_decoder_rule,asym_A_erased_B_preserved,D_trivial,0,0,0,0,1,1,1,PASS,decoder table maps target-observation labels to source labels; no source-state oracle input
dec::asym_B_erased_A_preserved::D_A::E_A::bayes_optimal_decoder,bayes_best_target_distinction,asym_B_erased_A_preserved,D_A,0,0,0,0,1,1,1,PASS,decoder table maps target-observation labels to source labels; no source-state oracle input
dec::asym_B_erased_A_preserved::D_A::E_A::exact_decoder,exact_support_decoder,asym_B_erased_A_preserved,D_A,0,0,0,0,1,1,1,PASS,decoder table maps target-observation labels to source labels; no source-state oracle input
dec::asym_B_erased_A_preserved::D_A::E_A::declared_decoder,fixed_declared_decoder_rule,asym_B_erased_A_preserved,D_A,0,0,0,0,1,1,1,PASS,decoder table maps target-observation labels to source labels; no source-state oracle input
dec::asym_B_erased_A_preserved::D_A::E_B::bayes_optimal_decoder,bayes_best_target_distinction,asym_B_erased_A_preserved,D_A,0,0,0,0,1,1,1,PASS,decoder table maps target-observation labels to source labels; no source-state oracle input
dec::asym_B_erased_A_preserved::D_A::E_B::declared_decoder,fixed_declared_decoder_rule,asym_B_erased_A_preserved,D_A,0,0,0,0,1,1,1,PASS,decoder table maps target-observation labels to source labels; no source-state oracle input
dec::asym_B_erased_A_preserved::D_A::E_joint::bayes_optimal_decoder,bayes_best_target_distinction,asym_B_erased_A_preserved,D_A,0,0,0,0,1,1,1,PASS,decoder table maps target-observation labels to source labels; no source-state oracle input
dec::asym_B_erased_A_preserved::D_A::E_joint::exact_decoder,exact_support_decoder,asym_B_erased_A_preserved,D_A,0,0,0,0,1,1,1,PASS,decoder table maps target-observation labels to source labels; no source-state oracle input
dec::asym_B_erased_A_preserved::D_A::E_parity::bayes_optimal_decoder,bayes_best_target_distinction,asym_B_erased_A_preserved,D_A,0,0,0,0,1,1,1,PASS,decoder table maps target-observation labels to source labels; no source-state oracle input
dec::asym_B_erased_A_preserved::D_A::E_parity::declared_decoder,fixed_declared_decoder_rule,asym_B_erased_A_preserved,D_A,0,0,0,0,1,1,1,PASS,decoder table maps target-observation labels to source labels; no source-state oracle input
dec::asym_B_erased_A_preserved::D_A::E_trivial::bayes_optimal_decoder,bayes_best_target_distinction,asym_B_erased_A_preserved,D_A,0,0,0,0,1,1,1,PASS,decoder table maps target-observation labels to source labels; no source-state oracle input
dec::asym_B_erased_A_preserved::D_B::E_A::bayes_optimal_decoder,bayes_best_target_distinction,asym_B_erased_A_preserved,D_B,0,0,0,0,1,1,1,PASS,decoder table maps target-observation labels to source labels; no source-state oracle input
dec::asym_B_erased_A_preserved::D_B::E_A::declared_decoder,fixed_declared_decoder_rule,asym_B_erased_A_preserved,D_B,0,0,0,0,1,1,1,PASS,decoder table maps target-observation labels to source labels; no source-state oracle input
dec::asym_B_erased_A_preserved::D_B::E_B::bayes_optimal_decoder,bayes_best_target_distinction,asym_B_erased_A_preserved,D_B,0,0,0,0,1,1,1,PASS,decoder table maps target-observation labels to source labels; no source-state oracle input
dec::asym_B_erased_A_preserved::D_B::E_B::declared_decoder,fixed_declared_decoder_rule,asym_B_erased_A_preserved,D_B,0,0,0,0,1,1,1,PASS,decoder table maps target-observation labels to source labels; no source-state oracle input
dec::asym_B_erased_A_preserved::D_B::E_joint::bayes_optimal_decoder,bayes_best_target_distinction,asym_B_erased_A_preserved,D_B,0,0,0,0,1,1,1,PASS,decoder table maps target-observation labels to source labels; no source-state oracle input
dec::asym_B_erased_A_preserved::D_B::E_parity::bayes_optimal_decoder,bayes_best_target_distinction,asym_B_erased_A_preserved,D_B,0,0,0,0,1,1,1,PASS,decoder table maps target-observation labels to source labels; no source-state oracle input
dec::asym_B_erased_A_preserved::D_B::E_parity::declared_decoder,fixed_declared_decoder_rule,asym_B_erased_A_preserved,D_B,0,0,0,0,1,1,1,PASS,decoder table maps target-observation labels to source labels; no source-state oracle input
dec::asym_B_erased_A_preserved::D_B::E_trivial::bayes_optimal_decoder,bayes_best_target_distinction,asym_B_erased_A_preserved,D_B,0,0,0,0,1,1,1,PASS,decoder table maps target-observation labels to source labels; no source-state oracle input
dec::asym_B_erased_A_preserved::D_joint::E_A::bayes_optimal_decoder,bayes_best_target_distinction,asym_B_erased_A_preserved,D_joint,0,0,0,0,1,1,1,PASS,decoder table maps target-observation labels to source labels; no source-state oracle input
dec::asym_B_erased_A_preserved::D_joint::E_B::bayes_optimal_decoder,bayes_best_target_distinction,asym_B_erased_A_preserved,D_joint,0,0,0,0,1,1,1,PASS,decoder table maps target-observation labels to source labels; no source-state oracle input
dec::asym_B_erased_A_preserved::D_joint::E_joint::bayes_optimal_decoder,bayes_best_target_distinction,asym_B_erased_A_preserved,D_joint,0,0,0,0,1,1,1,PASS,decoder table maps target-observation labels to source labels; no source-state oracle input
dec::asym_B_erased_A_preserved::D_joint::E_joint::declared_decoder,fixed_declared_decoder_rule,asym_B_erased_A_preserved,D_joint,0,0,0,0,1,1,1,PASS,decoder table maps target-observation labels to source labels; no source-state oracle input
dec::asym_B_erased_A_preserved::D_joint::E_parity::bayes_optimal_decoder,bayes_best_target_distinction,asym_B_erased_A_preserved,D_joint,0,0,0,0,1,1,1,PASS,decoder table maps target-observation labels to source labels; no source-state oracle input
dec::asym_B_erased_A_preserved::D_joint::E_trivial::bayes_optimal_decoder,bayes_best_target_distinction,asym_B_erased_A_preserved,D_joint,0,0,0,0,1,1,1,PASS,decoder table maps target-observation labels to source labels; no source-state oracle input
dec::asym_B_erased_A_preserved::D_parity::E_A::bayes_optimal_decoder,bayes_best_target_distinction,asym_B_erased_A_preserved,D_parity,0,0,0,0,1,1,1,PASS,decoder table maps target-observation labels to source labels; no source-state oracle input
dec::asym_B_erased_A_preserved::D_parity::E_A::declared_decoder,fixed_declared_decoder_rule,asym_B_erased_A_preserved,D_parity,0,0,0,0,1,1,1,PASS,decoder table maps target-observation labels to source labels; no source-state oracle input
dec::asym_B_erased_A_preserved::D_parity::E_B::bayes_optimal_decoder,bayes_best_target_distinction,asym_B_erased_A_preserved,D_parity,0,0,0,0,1,1,1,PASS,decoder table maps target-observation labels to source labels; no source-state oracle input
dec::asym_B_erased_A_preserved::D_parity::E_B::declared_decoder,fixed_declared_decoder_rule,asym_B_erased_A_preserved,D_parity,0,0,0,0,1,1,1,PASS,decoder table maps target-observation labels to source labels; no source-state oracle input
dec::asym_B_erased_A_preserved::D_parity::E_joint::bayes_optimal_decoder,bayes_best_target_distinction,asym_B_erased_A_preserved,D_parity,0,0,0,0,1,1,1,PASS,decoder table maps target-observation labels to source labels; no source-state oracle input
dec::asym_B_erased_A_preserved::D_parity::E_parity::bayes_optimal_decoder,bayes_best_target_distinction,asym_B_erased_A_preserved,D_parity,0,0,0,0,1,1,1,PASS,decoder table maps target-observation labels to source labels; no source-state oracle input
dec::asym_B_erased_A_preserved::D_parity::E_parity::declared_decoder,fixed_declared_decoder_rule,asym_B_erased_A_preserved,D_parity,0,0,0,0,1,1,1,PASS,decoder table maps target-observation labels to source labels; no source-state oracle input
dec::asym_B_erased_A_preserved::D_parity::E_trivial::bayes_optimal_decoder,bayes_best_target_distinction,asym_B_erased_A_preserved,D_parity,0,0,0,0,1,1,1,PASS,decoder table maps target-observation labels to source labels; no source-state oracle input
dec::asym_B_erased_A_preserved::D_trivial::E_A::bayes_optimal_decoder,bayes_best_target_distinction,asym_B_erased_A_preserved,D_trivial,0,0,0,0,1,1,1,PASS,decoder table maps target-observation labels to source labels; no source-state oracle input
dec::asym_B_erased_A_preserved::D_trivial::E_A::exact_decoder,exact_support_decoder,asym_B_erased_A_preserved,D_trivial,0,0,0,0,1,1,1,PASS,decoder table maps target-observation labels to source labels; no source-state oracle input
dec::asym_B_erased_A_preserved::D_trivial::E_B::bayes_optimal_decoder,bayes_best_target_distinction,asym_B_erased_A_preserved,D_trivial,0,0,0,0,1,1,1,PASS,decoder table maps target-observation labels to source labels; no source-state oracle input
dec::asym_B_erased_A_preserved::D_trivial::E_B::exact_decoder,exact_support_decoder,asym_B_erased_A_preserved,D_trivial,0,0,0,0,1,1,1,PASS,decoder table maps target-observation labels to source labels; no source-state oracle input
dec::asym_B_erased_A_preserved::D_trivial::E_joint::bayes_optimal_decoder,bayes_best_target_distinction,asym_B_erased_A_preserved,D_trivial,0,0,0,0,1,1,1,PASS,decoder table maps target-observation labels to source labels; no source-state oracle input
dec::asym_B_erased_A_preserved::D_trivial::E_joint::exact_decoder,exact_support_decoder,asym_B_erased_A_preserved,D_trivial,0,0,0,0,1,1,1,PASS,decoder table maps target-observation labels to source labels; no source-state oracle input
dec::asym_B_erased_A_preserved::D_trivial::E_parity::bayes_optimal_decoder,bayes_best_target_distinction,asym_B_erased_A_preserved,D_trivial,0,0,0,0,1,1,1,PASS,decoder table maps target-observation labels to source labels; no source-state oracle input
dec::asym_B_erased_A_preserved::D_trivial::E_parity::exact_decoder,exact_support_decoder,asym_B_erased_A_preserved,D_trivial,0,0,0,0,1,1,1,PASS,decoder table maps target-observation labels to source labels; no source-state oracle input
dec::asym_B_erased_A_preserved::D_trivial::E_trivial::bayes_optimal_decoder,bayes_best_target_distinction,asym_B_erased_A_preserved,D_trivial,0,0,0,0,1,1,1,PASS,decoder table maps target-observation labels to source labels; no source-state oracle input
dec::asym_B_erased_A_preserved::D_trivial::E_trivial::exact_decoder,exact_support_decoder,asym_B_erased_A_preserved,D_trivial,0,0,0,0,1,1,1,PASS,decoder table maps target-observation labels to source labels; no source-state oracle input
dec::asym_B_erased_A_preserved::D_trivial::E_trivial::declared_decoder,fixed_declared_decoder_rule,asym_B_erased_A_preserved,D_trivial,0,0,0,0,1,1,1,PASS,decoder table maps target-observation labels to source labels; no source-state oracle input
dec::marginal_joint_degrade_q_0_10::D_A::E_A::bayes_optimal_decoder,bayes_best_target_distinction,marginal_joint_degrade_q_0_10,D_A,0,0,0,0,1,1,1,PASS,decoder table maps target-observation labels to source labels; no source-state oracle input
dec::marginal_joint_degrade_q_0_10::D_A::E_A::declared_decoder,fixed_declared_decoder_rule,marginal_joint_degrade_q_0_10,D_A,0,0,0,0,1,1,1,PASS,decoder table maps target-observation labels to source labels; no source-state oracle input
dec::marginal_joint_degrade_q_0_10::D_A::E_B::bayes_optimal_decoder,bayes_best_target_distinction,marginal_joint_degrade_q_0_10,D_A,0,0,0,0,1,1,1,PASS,decoder table maps target-observation labels to source labels; no source-state oracle input
dec::marginal_joint_degrade_q_0_10::D_A::E_B::declared_decoder,fixed_declared_decoder_rule,marginal_joint_degrade_q_0_10,D_A,0,0,0,0,1,1,1,PASS,decoder table maps target-observation labels to source labels; no source-state oracle input
dec::marginal_joint_degrade_q_0_10::D_A::E_joint::bayes_optimal_decoder,bayes_best_target_distinction,marginal_joint_degrade_q_0_10,D_A,0,0,0,0,1,1,1,PASS,decoder table maps target-observation labels to source labels; no source-state oracle input
dec::marginal_joint_degrade_q_0_10::D_A::E_parity::bayes_optimal_decoder,bayes_best_target_distinction,marginal_joint_degrade_q_0_10,D_A,0,0,0,0,1,1,1,PASS,decoder table maps target-observation labels to source labels; no source-state oracle input
dec::marginal_joint_degrade_q_0_10::D_A::E_parity::declared_decoder,fixed_declared_decoder_rule,marginal_joint_degrade_q_0_10,D_A,0,0,0,0,1,1,1,PASS,decoder table maps target-observation labels to source labels; no source-state oracle input
dec::marginal_joint_degrade_q_0_10::D_A::E_trivial::bayes_optimal_decoder,bayes_best_target_distinction,marginal_joint_degrade_q_0_10,D_A,0,0,0,0,1,1,1,PASS,decoder table maps target-observation labels to source labels; no source-state oracle input
dec::marginal_joint_degrade_q_0_10::D_B::E_A::bayes_optimal_decoder,bayes_best_target_distinction,marginal_joint_degrade_q_0_10,D_B,0,0,0,0,1,1,1,PASS,decoder table maps target-observation labels to source labels; no source-state oracle input
dec::marginal_joint_degrade_q_0_10::D_B::E_A::declared_decoder,fixed_declared_decoder_rule,marginal_joint_degrade_q_0_10,D_B,0,0,0,0,1,1,1,PASS,decoder table maps target-observation labels to source labels; no source-state oracle input
dec::marginal_joint_degrade_q_0_10::D_B::E_B::bayes_optimal_decoder,bayes_best_target_distinction,marginal_joint_degrade_q_0_10,D_B,0,0,0,0,1,1,1,PASS,decoder table maps target-observation labels to source labels; no source-state oracle input
dec::marginal_joint_degrade_q_0_10::D_B::E_B::declared_decoder,fixed_declared_decoder_rule,marginal_joint_degrade_q_0_10,D_B,0,0,0,0,1,1,1,PASS,decoder table maps target-observation labels to source labels; no source-state oracle input
dec::marginal_joint_degrade_q_0_10::D_B::E_joint::bayes_optimal_decoder,bayes_best_target_distinction,marginal_joint_degrade_q_0_10,D_B,0,0,0,0,1,1,1,PASS,decoder table maps target-observation labels to source labels; no source-state oracle input
dec::marginal_joint_degrade_q_0_10::D_B::E_parity::bayes_optimal_decoder,bayes_best_target_distinction,marginal_joint_degrade_q_0_10,D_B,0,0,0,0,1,1,1,PASS,decoder table maps target-observation labels to source labels; no source-state oracle input
dec::marginal_joint_degrade_q_0_10::D_B::E_parity::declared_decoder,fixed_declared_decoder_rule,marginal_joint_degrade_q_0_10,D_B,0,0,0,0,1,1,1,PASS,decoder table maps target-observation labels to source labels; no source-state oracle input
dec::marginal_joint_degrade_q_0_10::D_B::E_trivial::bayes_optimal_decoder,bayes_best_target_distinction,marginal_joint_degrade_q_0_10,D_B,0,0,0,0,1,1,1,PASS,decoder table maps target-observation labels to source labels; no source-state oracle input
dec::marginal_joint_degrade_q_0_10::D_joint::E_A::bayes_optimal_decoder,bayes_best_target_distinction,marginal_joint_degrade_q_0_10,D_joint,0,0,0,0,1,1,1,PASS,decoder table maps target-observation labels to source labels; no source-state oracle input
dec::marginal_joint_degrade_q_0_10::D_joint::E_B::bayes_optimal_decoder,bayes_best_target_distinction,marginal_joint_degrade_q_0_10,D_joint,0,0,0,0,1,1,1,PASS,decoder table maps target-observation labels to source labels; no source-state oracle input
dec::marginal_joint_degrade_q_0_10::D_joint::E_joint::bayes_optimal_decoder,bayes_best_target_distinction,marginal_joint_degrade_q_0_10,D_joint,0,0,0,0,1,1,1,PASS,decoder table maps target-observation labels to source labels; no source-state oracle input
dec::marginal_joint_degrade_q_0_10::D_joint::E_joint::declared_decoder,fixed_declared_decoder_rule,marginal_joint_degrade_q_0_10,D_joint,0,0,0,0,1,1,1,PASS,decoder table maps target-observation labels to source labels; no source-state oracle input
dec::marginal_joint_degrade_q_0_10::D_joint::E_parity::bayes_optimal_decoder,bayes_best_target_distinction,marginal_joint_degrade_q_0_10,D_joint,0,0,0,0,1,1,1,PASS,decoder table maps target-observation labels to source labels; no source-state oracle input
dec::marginal_joint_degrade_q_0_10::D_joint::E_trivial::bayes_optimal_decoder,bayes_best_target_distinction,marginal_joint_degrade_q_0_10,D_joint,0,0,0,0,1,1,1,PASS,decoder table maps target-observation labels to source labels; no source-state oracle input
dec::marginal_joint_degrade_q_0_10::D_parity::E_A::bayes_optimal_decoder,bayes_best_target_distinction,marginal_joint_degrade_q_0_10,D_parity,0,0,0,0,1,1,1,PASS,decoder table maps target-observation labels to source labels; no source-state oracle input
dec::marginal_joint_degrade_q_0_10::D_parity::E_A::declared_decoder,fixed_declared_decoder_rule,marginal_joint_degrade_q_0_10,D_parity,0,0,0,0,1,1,1,PASS,decoder table maps target-observation labels to source labels; no source-state oracle input
dec::marginal_joint_degrade_q_0_10::D_parity::E_B::bayes_optimal_decoder,bayes_best_target_distinction,marginal_joint_degrade_q_0_10,D_parity,0,0,0,0,1,1,1,PASS,decoder table maps target-observation labels to source labels; no source-state oracle input
dec::marginal_joint_degrade_q_0_10::D_parity::E_B::declared_decoder,fixed_declared_decoder_rule,marginal_joint_degrade_q_0_10,D_parity,0,0,0,0,1,1,1,PASS,decoder table maps target-observation labels to source labels; no source-state oracle input
dec::marginal_joint_degrade_q_0_10::D_parity::E_joint::bayes_optimal_decoder,bayes_best_target_distinction,marginal_joint_degrade_q_0_10,D_parity,0,0,0,0,1,1,1,PASS,decoder table maps target-observation labels to source labels; no source-state oracle input
dec::marginal_joint_degrade_q_0_10::D_parity::E_parity::bayes_optimal_decoder,bayes_best_target_distinction,marginal_joint_degrade_q_0_10,D_parity,0,0,0,0,1,1,1,PASS,decoder table maps target-observation labels to source labels; no source-state oracle input
dec::marginal_joint_degrade_q_0_10::D_parity::E_parity::declared_decoder,fixed_declared_decoder_rule,marginal_joint_degrade_q_0_10,D_parity,0,0,0,0,1,1,1,PASS,decoder table maps target-observation labels to source labels; no source-state oracle input
dec::marginal_joint_degrade_q_0_10::D_parity::E_trivial::bayes_optimal_decoder,bayes_best_target_distinction,marginal_joint_degrade_q_0_10,D_parity,0,0,0,0,1,1,1,PASS,decoder table maps target-observation labels to source labels; no source-state oracle input
dec::marginal_joint_degrade_q_0_10::D_trivial::E_A::bayes_optimal_decoder,bayes_best_target_distinction,marginal_joint_degrade_q_0_10,D_trivial,0,0,0,0,1,1,1,PASS,decoder table maps target-observation labels to source labels; no source-state oracle input
dec::marginal_joint_degrade_q_0_10::D_trivial::E_A::exact_decoder,exact_support_decoder,marginal_joint_degrade_q_0_10,D_trivial,0,0,0,0,1,1,1,PASS,decoder table maps target-observation labels to source labels; no source-state oracle input
dec::marginal_joint_degrade_q_0_10::D_trivial::E_B::bayes_optimal_decoder,bayes_best_target_distinction,marginal_joint_degrade_q_0_10,D_trivial,0,0,0,0,1,1,1,PASS,decoder table maps target-observation labels to source labels; no source-state oracle input
dec::marginal_joint_degrade_q_0_10::D_trivial::E_B::exact_decoder,exact_support_decoder,marginal_joint_degrade_q_0_10,D_trivial,0,0,0,0,1,1,1,PASS,decoder table maps target-observation labels to source labels; no source-state oracle input
dec::marginal_joint_degrade_q_0_10::D_trivial::E_joint::bayes_optimal_decoder,bayes_best_target_distinction,marginal_joint_degrade_q_0_10,D_trivial,0,0,0,0,1,1,1,PASS,decoder table maps target-observation labels to source labels; no source-state oracle input
dec::marginal_joint_degrade_q_0_10::D_trivial::E_joint::exact_decoder,exact_support_decoder,marginal_joint_degrade_q_0_10,D_trivial,0,0,0,0,1,1,1,PASS,decoder table maps target-observation labels to source labels; no source-state oracle input
dec::marginal_joint_degrade_q_0_10::D_trivial::E_parity::bayes_optimal_decoder,bayes_best_target_distinction,marginal_joint_degrade_q_0_10,D_trivial,0,0,0,0,1,1,1,PASS,decoder table maps target-observation labels to source labels; no source-state oracle input
dec::marginal_joint_degrade_q_0_10::D_trivial::E_parity::exact_decoder,exact_support_decoder,marginal_joint_degrade_q_0_10,D_trivial,0,0,0,0,1,1,1,PASS,decoder table maps target-observation labels to source labels; no source-state oracle input
dec::marginal_joint_degrade_q_0_10::D_trivial::E_trivial::bayes_optimal_decoder,bayes_best_target_distinction,marginal_joint_degrade_q_0_10,D_trivial,0,0,0,0,1,1,1,PASS,decoder table maps target-observation labels to source labels; no source-state oracle input
dec::marginal_joint_degrade_q_0_10::D_trivial::E_trivial::exact_decoder,exact_support_decoder,marginal_joint_degrade_q_0_10,D_trivial,0,0,0,0,1,1,1,PASS,decoder table maps target-observation labels to source labels; no source-state oracle input
dec::marginal_joint_degrade_q_0_10::D_trivial::E_trivial::declared_decoder,fixed_declared_decoder_rule,marginal_joint_degrade_q_0_10,D_trivial,0,0,0,0,1,1,1,PASS,decoder table maps target-observation labels to source labels; no source-state oracle input
dec::marginal_joint_degrade_q_0_20::D_A::E_A::bayes_optimal_decoder,bayes_best_target_distinction,marginal_joint_degrade_q_0_20,D_A,0,0,0,0,1,1,1,PASS,decoder table maps target-observation labels to source labels; no source-state oracle input
dec::marginal_joint_degrade_q_0_20::D_A::E_A::declared_decoder,fixed_declared_decoder_rule,marginal_joint_degrade_q_0_20,D_A,0,0,0,0,1,1,1,PASS,decoder table maps target-observation labels to source labels; no source-state oracle input
dec::marginal_joint_degrade_q_0_20::D_A::E_B::bayes_optimal_decoder,bayes_best_target_distinction,marginal_joint_degrade_q_0_20,D_A,0,0,0,0,1,1,1,PASS,decoder table maps target-observation labels to source labels; no source-state oracle input
dec::marginal_joint_degrade_q_0_20::D_A::E_B::declared_decoder,fixed_declared_decoder_rule,marginal_joint_degrade_q_0_20,D_A,0,0,0,0,1,1,1,PASS,decoder table maps target-observation labels to source labels; no source-state oracle input
dec::marginal_joint_degrade_q_0_20::D_A::E_joint::bayes_optimal_decoder,bayes_best_target_distinction,marginal_joint_degrade_q_0_20,D_A,0,0,0,0,1,1,1,PASS,decoder table maps target-observation labels to source labels; no source-state oracle input
dec::marginal_joint_degrade_q_0_20::D_A::E_parity::bayes_optimal_decoder,bayes_best_target_distinction,marginal_joint_degrade_q_0_20,D_A,0,0,0,0,1,1,1,PASS,decoder table maps target-observation labels to source labels; no source-state oracle input
dec::marginal_joint_degrade_q_0_20::D_A::E_parity::declared_decoder,fixed_declared_decoder_rule,marginal_joint_degrade_q_0_20,D_A,0,0,0,0,1,1,1,PASS,decoder table maps target-observation labels to source labels; no source-state oracle input
dec::marginal_joint_degrade_q_0_20::D_A::E_trivial::bayes_optimal_decoder,bayes_best_target_distinction,marginal_joint_degrade_q_0_20,D_A,0,0,0,0,1,1,1,PASS,decoder table maps target-observation labels to source labels; no source-state oracle input
dec::marginal_joint_degrade_q_0_20::D_B::E_A::bayes_optimal_decoder,bayes_best_target_distinction,marginal_joint_degrade_q_0_20,D_B,0,0,0,0,1,1,1,PASS,decoder table maps target-observation labels to source labels; no source-state oracle input
dec::marginal_joint_degrade_q_0_20::D_B::E_A::declared_decoder,fixed_declared_decoder_rule,marginal_joint_degrade_q_0_20,D_B,0,0,0,0,1,1,1,PASS,decoder table maps target-observation labels to source labels; no source-state oracle input
dec::marginal_joint_degrade_q_0_20::D_B::E_B::bayes_optimal_decoder,bayes_best_target_distinction,marginal_joint_degrade_q_0_20,D_B,0,0,0,0,1,1,1,PASS,decoder table maps target-observation labels to source labels; no source-state oracle input
dec::marginal_joint_degrade_q_0_20::D_B::E_B::declared_decoder,fixed_declared_decoder_rule,marginal_joint_degrade_q_0_20,D_B,0,0,0,0,1,1,1,PASS,decoder table maps target-observation labels to source labels; no source-state oracle input
dec::marginal_joint_degrade_q_0_20::D_B::E_joint::bayes_optimal_decoder,bayes_best_target_distinction,marginal_joint_degrade_q_0_20,D_B,0,0,0,0,1,1,1,PASS,decoder table maps target-observation labels to source labels; no source-state oracle input
dec::marginal_joint_degrade_q_0_20::D_B::E_parity::bayes_optimal_decoder,bayes_best_target_distinction,marginal_joint_degrade_q_0_20,D_B,0,0,0,0,1,1,1,PASS,decoder table maps target-observation labels to source labels; no source-state oracle input
dec::marginal_joint_degrade_q_0_20::D_B::E_parity::declared_decoder,fixed_declared_decoder_rule,marginal_joint_degrade_q_0_20,D_B,0,0,0,0,1,1,1,PASS,decoder table maps target-observation labels to source labels; no source-state oracle input
dec::marginal_joint_degrade_q_0_20::D_B::E_trivial::bayes_optimal_decoder,bayes_best_target_distinction,marginal_joint_degrade_q_0_20,D_B,0,0,0,0,1,1,1,PASS,decoder table maps target-observation labels to source labels; no source-state oracle input
dec::marginal_joint_degrade_q_0_20::D_joint::E_A::bayes_optimal_decoder,bayes_best_target_distinction,marginal_joint_degrade_q_0_20,D_joint,0,0,0,0,1,1,1,PASS,decoder table maps target-observation labels to source labels; no source-state oracle input
dec::marginal_joint_degrade_q_0_20::D_joint::E_B::bayes_optimal_decoder,bayes_best_target_distinction,marginal_joint_degrade_q_0_20,D_joint,0,0,0,0,1,1,1,PASS,decoder table maps target-observation labels to source labels; no source-state oracle input
dec::marginal_joint_degrade_q_0_20::D_joint::E_joint::bayes_optimal_decoder,bayes_best_target_distinction,marginal_joint_degrade_q_0_20,D_joint,0,0,0,0,1,1,1,PASS,decoder table maps target-observation labels to source labels; no source-state oracle input
dec::marginal_joint_degrade_q_0_20::D_joint::E_joint::declared_decoder,fixed_declared_decoder_rule,marginal_joint_degrade_q_0_20,D_joint,0,0,0,0,1,1,1,PASS,decoder table maps target-observation labels to source labels; no source-state oracle input
dec::marginal_joint_degrade_q_0_20::D_joint::E_parity::bayes_optimal_decoder,bayes_best_target_distinction,marginal_joint_degrade_q_0_20,D_joint,0,0,0,0,1,1,1,PASS,decoder table maps target-observation labels to source labels; no source-state oracle input
dec::marginal_joint_degrade_q_0_20::D_joint::E_trivial::bayes_optimal_decoder,bayes_best_target_distinction,marginal_joint_degrade_q_0_20,D_joint,0,0,0,0,1,1,1,PASS,decoder table maps target-observation labels to source labels; no source-state oracle input
dec::marginal_joint_degrade_q_0_20::D_parity::E_A::bayes_optimal_decoder,bayes_best_target_distinction,marginal_joint_degrade_q_0_20,D_parity,0,0,0,0,1,1,1,PASS,decoder table maps target-observation labels to source labels; no source-state oracle input
dec::marginal_joint_degrade_q_0_20::D_parity::E_A::declared_decoder,fixed_declared_decoder_rule,marginal_joint_degrade_q_0_20,D_parity,0,0,0,0,1,1,1,PASS,decoder table maps target-observation labels to source labels; no source-state oracle input
dec::marginal_joint_degrade_q_0_20::D_parity::E_B::bayes_optimal_decoder,bayes_best_target_distinction,marginal_joint_degrade_q_0_20,D_parity,0,0,0,0,1,1,1,PASS,decoder table maps target-observation labels to source labels; no source-state oracle input
dec::marginal_joint_degrade_q_0_20::D_parity::E_B::declared_decoder,fixed_declared_decoder_rule,marginal_joint_degrade_q_0_20,D_parity,0,0,0,0,1,1,1,PASS,decoder table maps target-observation labels to source labels; no source-state oracle input
dec::marginal_joint_degrade_q_0_20::D_parity::E_joint::bayes_optimal_decoder,bayes_best_target_distinction,marginal_joint_degrade_q_0_20,D_parity,0,0,0,0,1,1,1,PASS,decoder table maps target-observation labels to source labels; no source-state oracle input
dec::marginal_joint_degrade_q_0_20::D_parity::E_parity::bayes_optimal_decoder,bayes_best_target_distinction,marginal_joint_degrade_q_0_20,D_parity,0,0,0,0,1,1,1,PASS,decoder table maps target-observation labels to source labels; no source-state oracle input
dec::marginal_joint_degrade_q_0_20::D_parity::E_parity::declared_decoder,fixed_declared_decoder_rule,marginal_joint_degrade_q_0_20,D_parity,0,0,0,0,1,1,1,PASS,decoder table maps target-observation labels to source labels; no source-state oracle input
dec::marginal_joint_degrade_q_0_20::D_parity::E_trivial::bayes_optimal_decoder,bayes_best_target_distinction,marginal_joint_degrade_q_0_20,D_parity,0,0,0,0,1,1,1,PASS,decoder table maps target-observation labels to source labels; no source-state oracle input
dec::marginal_joint_degrade_q_0_20::D_trivial::E_A::bayes_optimal_decoder,bayes_best_target_distinction,marginal_joint_degrade_q_0_20,D_trivial,0,0,0,0,1,1,1,PASS,decoder table maps target-observation labels to source labels; no source-state oracle input
dec::marginal_joint_degrade_q_0_20::D_trivial::E_A::exact_decoder,exact_support_decoder,marginal_joint_degrade_q_0_20,D_trivial,0,0,0,0,1,1,1,PASS,decoder table maps target-observation labels to source labels; no source-state oracle input
dec::marginal_joint_degrade_q_0_20::D_trivial::E_B::bayes_optimal_decoder,bayes_best_target_distinction,marginal_joint_degrade_q_0_20,D_trivial,0,0,0,0,1,1,1,PASS,decoder table maps target-observation labels to source labels; no source-state oracle input
dec::marginal_joint_degrade_q_0_20::D_trivial::E_B::exact_decoder,exact_support_decoder,marginal_joint_degrade_q_0_20,D_trivial,0,0,0,0,1,1,1,PASS,decoder table maps target-observation labels to source labels; no source-state oracle input
dec::marginal_joint_degrade_q_0_20::D_trivial::E_joint::bayes_optimal_decoder,bayes_best_target_distinction,marginal_joint_degrade_q_0_20,D_trivial,0,0,0,0,1,1,1,PASS,decoder table maps target-observation labels to source labels; no source-state oracle input
dec::marginal_joint_degrade_q_0_20::D_trivial::E_joint::exact_decoder,exact_support_decoder,marginal_joint_degrade_q_0_20,D_trivial,0,0,0,0,1,1,1,PASS,decoder table maps target-observation labels to source labels; no source-state oracle input
dec::marginal_joint_degrade_q_0_20::D_trivial::E_parity::bayes_optimal_decoder,bayes_best_target_distinction,marginal_joint_degrade_q_0_20,D_trivial,0,0,0,0,1,1,1,PASS,decoder table maps target-observation labels to source labels; no source-state oracle input
dec::marginal_joint_degrade_q_0_20::D_trivial::E_parity::exact_decoder,exact_support_decoder,marginal_joint_degrade_q_0_20,D_trivial,0,0,0,0,1,1,1,PASS,decoder table maps target-observation labels to source labels; no source-state oracle input
dec::marginal_joint_degrade_q_0_20::D_trivial::E_trivial::bayes_optimal_decoder,bayes_best_target_distinction,marginal_joint_degrade_q_0_20,D_trivial,0,0,0,0,1,1,1,PASS,decoder table maps target-observation labels to source labels; no source-state oracle input
dec::marginal_joint_degrade_q_0_20::D_trivial::E_trivial::exact_decoder,exact_support_decoder,marginal_joint_degrade_q_0_20,D_trivial,0,0,0,0,1,1,1,PASS,decoder table maps target-observation labels to source labels; no source-state oracle input
dec::marginal_joint_degrade_q_0_20::D_trivial::E_trivial::declared_decoder,fixed_declared_decoder_rule,marginal_joint_degrade_q_0_20,D_trivial,0,0,0,0,1,1,1,PASS,decoder table maps target-observation labels to source labels; no source-state oracle input
dec::output_marginal_matched_uniform::D_A::E_A::bayes_optimal_decoder,bayes_best_target_distinction,output_marginal_matched_uniform,D_A,0,0,0,0,1,1,1,PASS,decoder table maps target-observation labels to source labels; no source-state oracle input
dec::output_marginal_matched_uniform::D_A::E_A::declared_decoder,fixed_declared_decoder_rule,output_marginal_matched_uniform,D_A,0,0,0,0,1,1,1,PASS,decoder table maps target-observation labels to source labels; no source-state oracle input
dec::output_marginal_matched_uniform::D_A::E_B::bayes_optimal_decoder,bayes_best_target_distinction,output_marginal_matched_uniform,D_A,0,0,0,0,1,1,1,PASS,decoder table maps target-observation labels to source labels; no source-state oracle input
dec::output_marginal_matched_uniform::D_A::E_B::declared_decoder,fixed_declared_decoder_rule,output_marginal_matched_uniform,D_A,0,0,0,0,1,1,1,PASS,decoder table maps target-observation labels to source labels; no source-state oracle input
dec::output_marginal_matched_uniform::D_A::E_joint::bayes_optimal_decoder,bayes_best_target_distinction,output_marginal_matched_uniform,D_A,0,0,0,0,1,1,1,PASS,decoder table maps target-observation labels to source labels; no source-state oracle input
dec::output_marginal_matched_uniform::D_A::E_parity::bayes_optimal_decoder,bayes_best_target_distinction,output_marginal_matched_uniform,D_A,0,0,0,0,1,1,1,PASS,decoder table maps target-observation labels to source labels; no source-state oracle input
dec::output_marginal_matched_uniform::D_A::E_parity::declared_decoder,fixed_declared_decoder_rule,output_marginal_matched_uniform,D_A,0,0,0,0,1,1,1,PASS,decoder table maps target-observation labels to source labels; no source-state oracle input
dec::output_marginal_matched_uniform::D_A::E_trivial::bayes_optimal_decoder,bayes_best_target_distinction,output_marginal_matched_uniform,D_A,0,0,0,0,1,1,1,PASS,decoder table maps target-observation labels to source labels; no source-state oracle input
dec::output_marginal_matched_uniform::D_B::E_A::bayes_optimal_decoder,bayes_best_target_distinction,output_marginal_matched_uniform,D_B,0,0,0,0,1,1,1,PASS,decoder table maps target-observation labels to source labels; no source-state oracle input
dec::output_marginal_matched_uniform::D_B::E_A::declared_decoder,fixed_declared_decoder_rule,output_marginal_matched_uniform,D_B,0,0,0,0,1,1,1,PASS,decoder table maps target-observation labels to source labels; no source-state oracle input
dec::output_marginal_matched_uniform::D_B::E_B::bayes_optimal_decoder,bayes_best_target_distinction,output_marginal_matched_uniform,D_B,0,0,0,0,1,1,1,PASS,decoder table maps target-observation labels to source labels; no source-state oracle input
dec::output_marginal_matched_uniform::D_B::E_B::declared_decoder,fixed_declared_decoder_rule,output_marginal_matched_uniform,D_B,0,0,0,0,1,1,1,PASS,decoder table maps target-observation labels to source labels; no source-state oracle input
dec::output_marginal_matched_uniform::D_B::E_joint::bayes_optimal_decoder,bayes_best_target_distinction,output_marginal_matched_uniform,D_B,0,0,0,0,1,1,1,PASS,decoder table maps target-observation labels to source labels; no source-state oracle input
dec::output_marginal_matched_uniform::D_B::E_parity::bayes_optimal_decoder,bayes_best_target_distinction,output_marginal_matched_uniform,D_B,0,0,0,0,1,1,1,PASS,decoder table maps target-observation labels to source labels; no source-state oracle input
dec::output_marginal_matched_uniform::D_B::E_parity::declared_decoder,fixed_declared_decoder_rule,output_marginal_matched_uniform,D_B,0,0,0,0,1,1,1,PASS,decoder table maps target-observation labels to source labels; no source-state oracle input
dec::output_marginal_matched_uniform::D_B::E_trivial::bayes_optimal_decoder,bayes_best_target_distinction,output_marginal_matched_uniform,D_B,0,0,0,0,1,1,1,PASS,decoder table maps target-observation labels to source labels; no source-state oracle input
dec::output_marginal_matched_uniform::D_joint::E_A::bayes_optimal_decoder,bayes_best_target_distinction,output_marginal_matched_uniform,D_joint,0,0,0,0,1,1,1,PASS,decoder table maps target-observation labels to source labels; no source-state oracle input
dec::output_marginal_matched_uniform::D_joint::E_B::bayes_optimal_decoder,bayes_best_target_distinction,output_marginal_matched_uniform,D_joint,0,0,0,0,1,1,1,PASS,decoder table maps target-observation labels to source labels; no source-state oracle input
dec::output_marginal_matched_uniform::D_joint::E_joint::bayes_optimal_decoder,bayes_best_target_distinction,output_marginal_matched_uniform,D_joint,0,0,0,0,1,1,1,PASS,decoder table maps target-observation labels to source labels; no source-state oracle input
dec::output_marginal_matched_uniform::D_joint::E_joint::declared_decoder,fixed_declared_decoder_rule,output_marginal_matched_uniform,D_joint,0,0,0,0,1,1,1,PASS,decoder table maps target-observation labels to source labels; no source-state oracle input
dec::output_marginal_matched_uniform::D_joint::E_parity::bayes_optimal_decoder,bayes_best_target_distinction,output_marginal_matched_uniform,D_joint,0,0,0,0,1,1,1,PASS,decoder table maps target-observation labels to source labels; no source-state oracle input
dec::output_marginal_matched_uniform::D_joint::E_trivial::bayes_optimal_decoder,bayes_best_target_distinction,output_marginal_matched_uniform,D_joint,0,0,0,0,1,1,1,PASS,decoder table maps target-observation labels to source labels; no source-state oracle input
dec::output_marginal_matched_uniform::D_parity::E_A::bayes_optimal_decoder,bayes_best_target_distinction,output_marginal_matched_uniform,D_parity,0,0,0,0,1,1,1,PASS,decoder table maps target-observation labels to source labels; no source-state oracle input
dec::output_marginal_matched_uniform::D_parity::E_A::declared_decoder,fixed_declared_decoder_rule,output_marginal_matched_uniform,D_parity,0,0,0,0,1,1,1,PASS,decoder table maps target-observation labels to source labels; no source-state oracle input
dec::output_marginal_matched_uniform::D_parity::E_B::bayes_optimal_decoder,bayes_best_target_distinction,output_marginal_matched_uniform,D_parity,0,0,0,0,1,1,1,PASS,decoder table maps target-observation labels to source labels; no source-state oracle input
dec::output_marginal_matched_uniform::D_parity::E_B::declared_decoder,fixed_declared_decoder_rule,output_marginal_matched_uniform,D_parity,0,0,0,0,1,1,1,PASS,decoder table maps target-observation labels to source labels; no source-state oracle input
dec::output_marginal_matched_uniform::D_parity::E_joint::bayes_optimal_decoder,bayes_best_target_distinction,output_marginal_matched_uniform,D_parity,0,0,0,0,1,1,1,PASS,decoder table maps target-observation labels to source labels; no source-state oracle input
dec::output_marginal_matched_uniform::D_parity::E_parity::bayes_optimal_decoder,bayes_best_target_distinction,output_marginal_matched_uniform,D_parity,0,0,0,0,1,1,1,PASS,decoder table maps target-observation labels to source labels; no source-state oracle input
dec::output_marginal_matched_uniform::D_parity::E_parity::declared_decoder,fixed_declared_decoder_rule,output_marginal_matched_uniform,D_parity,0,0,0,0,1,1,1,PASS,decoder table maps target-observation labels to source labels; no source-state oracle input
dec::output_marginal_matched_uniform::D_parity::E_trivial::bayes_optimal_decoder,bayes_best_target_distinction,output_marginal_matched_uniform,D_parity,0,0,0,0,1,1,1,PASS,decoder table maps target-observation labels to source labels; no source-state oracle input
dec::output_marginal_matched_uniform::D_trivial::E_A::bayes_optimal_decoder,bayes_best_target_distinction,output_marginal_matched_uniform,D_trivial,0,0,0,0,1,1,1,PASS,decoder table maps target-observation labels to source labels; no source-state oracle input
dec::output_marginal_matched_uniform::D_trivial::E_A::exact_decoder,exact_support_decoder,output_marginal_matched_uniform,D_trivial,0,0,0,0,1,1,1,PASS,decoder table maps target-observation labels to source labels; no source-state oracle input
dec::output_marginal_matched_uniform::D_trivial::E_B::bayes_optimal_decoder,bayes_best_target_distinction,output_marginal_matched_uniform,D_trivial,0,0,0,0,1,1,1,PASS,decoder table maps target-observation labels to source labels; no source-state oracle input
dec::output_marginal_matched_uniform::D_trivial::E_B::exact_decoder,exact_support_decoder,output_marginal_matched_uniform,D_trivial,0,0,0,0,1,1,1,PASS,decoder table maps target-observation labels to source labels; no source-state oracle input
dec::output_marginal_matched_uniform::D_trivial::E_joint::bayes_optimal_decoder,bayes_best_target_distinction,output_marginal_matched_uniform,D_trivial,0,0,0,0,1,1,1,PASS,decoder table maps target-observation labels to source labels; no source-state oracle input
dec::output_marginal_matched_uniform::D_trivial::E_joint::exact_decoder,exact_support_decoder,output_marginal_matched_uniform,D_trivial,0,0,0,0,1,1,1,PASS,decoder table maps target-observation labels to source labels; no source-state oracle input
dec::output_marginal_matched_uniform::D_trivial::E_parity::bayes_optimal_decoder,bayes_best_target_distinction,output_marginal_matched_uniform,D_trivial,0,0,0,0,1,1,1,PASS,decoder table maps target-observation labels to source labels; no source-state oracle input
dec::output_marginal_matched_uniform::D_trivial::E_parity::exact_decoder,exact_support_decoder,output_marginal_matched_uniform,D_trivial,0,0,0,0,1,1,1,PASS,decoder table maps target-observation labels to source labels; no source-state oracle input
dec::output_marginal_matched_uniform::D_trivial::E_trivial::bayes_optimal_decoder,bayes_best_target_distinction,output_marginal_matched_uniform,D_trivial,0,0,0,0,1,1,1,PASS,decoder table maps target-observation labels to source labels; no source-state oracle input
dec::output_marginal_matched_uniform::D_trivial::E_trivial::exact_decoder,exact_support_decoder,output_marginal_matched_uniform,D_trivial,0,0,0,0,1,1,1,PASS,decoder table maps target-observation labels to source labels; no source-state oracle input
dec::output_marginal_matched_uniform::D_trivial::E_trivial::declared_decoder,fixed_declared_decoder_rule,output_marginal_matched_uniform,D_trivial,0,0,0,0,1,1,1,PASS,decoder table maps target-observation labels to source labels; no source-state oracle input
dec::random_channel_same_output_entropy_seed_17::D_A::E_A::bayes_optimal_decoder,bayes_best_target_distinction,random_channel_same_output_entropy_seed_17,D_A,0,0,0,0,1,1,1,PASS,decoder table maps target-observation labels to source labels; no source-state oracle input
dec::random_channel_same_output_entropy_seed_17::D_A::E_A::declared_decoder,fixed_declared_decoder_rule,random_channel_same_output_entropy_seed_17,D_A,0,0,0,0,1,1,1,PASS,decoder table maps target-observation labels to source labels; no source-state oracle input
dec::random_channel_same_output_entropy_seed_17::D_A::E_B::bayes_optimal_decoder,bayes_best_target_distinction,random_channel_same_output_entropy_seed_17,D_A,0,0,0,0,1,1,1,PASS,decoder table maps target-observation labels to source labels; no source-state oracle input
dec::random_channel_same_output_entropy_seed_17::D_A::E_B::declared_decoder,fixed_declared_decoder_rule,random_channel_same_output_entropy_seed_17,D_A,0,0,0,0,1,1,1,PASS,decoder table maps target-observation labels to source labels; no source-state oracle input
dec::random_channel_same_output_entropy_seed_17::D_A::E_joint::bayes_optimal_decoder,bayes_best_target_distinction,random_channel_same_output_entropy_seed_17,D_A,0,0,0,0,1,1,1,PASS,decoder table maps target-observation labels to source labels; no source-state oracle input
dec::random_channel_same_output_entropy_seed_17::D_A::E_parity::bayes_optimal_decoder,bayes_best_target_distinction,random_channel_same_output_entropy_seed_17,D_A,0,0,0,0,1,1,1,PASS,decoder table maps target-observation labels to source labels; no source-state oracle input
dec::random_channel_same_output_entropy_seed_17::D_A::E_parity::declared_decoder,fixed_declared_decoder_rule,random_channel_same_output_entropy_seed_17,D_A,0,0,0,0,1,1,1,PASS,decoder table maps target-observation labels to source labels; no source-state oracle input
dec::random_channel_same_output_entropy_seed_17::D_A::E_trivial::bayes_optimal_decoder,bayes_best_target_distinction,random_channel_same_output_entropy_seed_17,D_A,0,0,0,0,1,1,1,PASS,decoder table maps target-observation labels to source labels; no source-state oracle input
dec::random_channel_same_output_entropy_seed_17::D_B::E_A::bayes_optimal_decoder,bayes_best_target_distinction,random_channel_same_output_entropy_seed_17,D_B,0,0,0,0,1,1,1,PASS,decoder table maps target-observation labels to source labels; no source-state oracle input
dec::random_channel_same_output_entropy_seed_17::D_B::E_A::declared_decoder,fixed_declared_decoder_rule,random_channel_same_output_entropy_seed_17,D_B,0,0,0,0,1,1,1,PASS,decoder table maps target-observation labels to source labels; no source-state oracle input
dec::random_channel_same_output_entropy_seed_17::D_B::E_B::bayes_optimal_decoder,bayes_best_target_distinction,random_channel_same_output_entropy_seed_17,D_B,0,0,0,0,1,1,1,PASS,decoder table maps target-observation labels to source labels; no source-state oracle input
dec::random_channel_same_output_entropy_seed_17::D_B::E_B::declared_decoder,fixed_declared_decoder_rule,random_channel_same_output_entropy_seed_17,D_B,0,0,0,0,1,1,1,PASS,decoder table maps target-observation labels to source labels; no source-state oracle input
dec::random_channel_same_output_entropy_seed_17::D_B::E_joint::bayes_optimal_decoder,bayes_best_target_distinction,random_channel_same_output_entropy_seed_17,D_B,0,0,0,0,1,1,1,PASS,decoder table maps target-observation labels to source labels; no source-state oracle input
dec::random_channel_same_output_entropy_seed_17::D_B::E_parity::bayes_optimal_decoder,bayes_best_target_distinction,random_channel_same_output_entropy_seed_17,D_B,0,0,0,0,1,1,1,PASS,decoder table maps target-observation labels to source labels; no source-state oracle input
dec::random_channel_same_output_entropy_seed_17::D_B::E_parity::declared_decoder,fixed_declared_decoder_rule,random_channel_same_output_entropy_seed_17,D_B,0,0,0,0,1,1,1,PASS,decoder table maps target-observation labels to source labels; no source-state oracle input
dec::random_channel_same_output_entropy_seed_17::D_B::E_trivial::bayes_optimal_decoder,bayes_best_target_distinction,random_channel_same_output_entropy_seed_17,D_B,0,0,0,0,1,1,1,PASS,decoder table maps target-observation labels to source labels; no source-state oracle input
dec::random_channel_same_output_entropy_seed_17::D_joint::E_A::bayes_optimal_decoder,bayes_best_target_distinction,random_channel_same_output_entropy_seed_17,D_joint,0,0,0,0,1,1,1,PASS,decoder table maps target-observation labels to source labels; no source-state oracle input
dec::random_channel_same_output_entropy_seed_17::D_joint::E_B::bayes_optimal_decoder,bayes_best_target_distinction,random_channel_same_output_entropy_seed_17,D_joint,0,0,0,0,1,1,1,PASS,decoder table maps target-observation labels to source labels; no source-state oracle input
dec::random_channel_same_output_entropy_seed_17::D_joint::E_joint::bayes_optimal_decoder,bayes_best_target_distinction,random_channel_same_output_entropy_seed_17,D_joint,0,0,0,0,1,1,1,PASS,decoder table maps target-observation labels to source labels; no source-state oracle input
dec::random_channel_same_output_entropy_seed_17::D_joint::E_joint::declared_decoder,fixed_declared_decoder_rule,random_channel_same_output_entropy_seed_17,D_joint,0,0,0,0,1,1,1,PASS,decoder table maps target-observation labels to source labels; no source-state oracle input
dec::random_channel_same_output_entropy_seed_17::D_joint::E_parity::bayes_optimal_decoder,bayes_best_target_distinction,random_channel_same_output_entropy_seed_17,D_joint,0,0,0,0,1,1,1,PASS,decoder table maps target-observation labels to source labels; no source-state oracle input
dec::random_channel_same_output_entropy_seed_17::D_joint::E_trivial::bayes_optimal_decoder,bayes_best_target_distinction,random_channel_same_output_entropy_seed_17,D_joint,0,0,0,0,1,1,1,PASS,decoder table maps target-observation labels to source labels; no source-state oracle input
dec::random_channel_same_output_entropy_seed_17::D_parity::E_A::bayes_optimal_decoder,bayes_best_target_distinction,random_channel_same_output_entropy_seed_17,D_parity,0,0,0,0,1,1,1,PASS,decoder table maps target-observation labels to source labels; no source-state oracle input
dec::random_channel_same_output_entropy_seed_17::D_parity::E_A::declared_decoder,fixed_declared_decoder_rule,random_channel_same_output_entropy_seed_17,D_parity,0,0,0,0,1,1,1,PASS,decoder table maps target-observation labels to source labels; no source-state oracle input
dec::random_channel_same_output_entropy_seed_17::D_parity::E_B::bayes_optimal_decoder,bayes_best_target_distinction,random_channel_same_output_entropy_seed_17,D_parity,0,0,0,0,1,1,1,PASS,decoder table maps target-observation labels to source labels; no source-state oracle input
dec::random_channel_same_output_entropy_seed_17::D_parity::E_B::declared_decoder,fixed_declared_decoder_rule,random_channel_same_output_entropy_seed_17,D_parity,0,0,0,0,1,1,1,PASS,decoder table maps target-observation labels to source labels; no source-state oracle input
dec::random_channel_same_output_entropy_seed_17::D_parity::E_joint::bayes_optimal_decoder,bayes_best_target_distinction,random_channel_same_output_entropy_seed_17,D_parity,0,0,0,0,1,1,1,PASS,decoder table maps target-observation labels to source labels; no source-state oracle input
dec::random_channel_same_output_entropy_seed_17::D_parity::E_parity::bayes_optimal_decoder,bayes_best_target_distinction,random_channel_same_output_entropy_seed_17,D_parity,0,0,0,0,1,1,1,PASS,decoder table maps target-observation labels to source labels; no source-state oracle input
dec::random_channel_same_output_entropy_seed_17::D_parity::E_parity::declared_decoder,fixed_declared_decoder_rule,random_channel_same_output_entropy_seed_17,D_parity,0,0,0,0,1,1,1,PASS,decoder table maps target-observation labels to source labels; no source-state oracle input
dec::random_channel_same_output_entropy_seed_17::D_parity::E_trivial::bayes_optimal_decoder,bayes_best_target_distinction,random_channel_same_output_entropy_seed_17,D_parity,0,0,0,0,1,1,1,PASS,decoder table maps target-observation labels to source labels; no source-state oracle input
dec::random_channel_same_output_entropy_seed_17::D_trivial::E_A::bayes_optimal_decoder,bayes_best_target_distinction,random_channel_same_output_entropy_seed_17,D_trivial,0,0,0,0,1,1,1,PASS,decoder table maps target-observation labels to source labels; no source-state oracle input
dec::random_channel_same_output_entropy_seed_17::D_trivial::E_A::exact_decoder,exact_support_decoder,random_channel_same_output_entropy_seed_17,D_trivial,0,0,0,0,1,1,1,PASS,decoder table maps target-observation labels to source labels; no source-state oracle input
dec::random_channel_same_output_entropy_seed_17::D_trivial::E_B::bayes_optimal_decoder,bayes_best_target_distinction,random_channel_same_output_entropy_seed_17,D_trivial,0,0,0,0,1,1,1,PASS,decoder table maps target-observation labels to source labels; no source-state oracle input
dec::random_channel_same_output_entropy_seed_17::D_trivial::E_B::exact_decoder,exact_support_decoder,random_channel_same_output_entropy_seed_17,D_trivial,0,0,0,0,1,1,1,PASS,decoder table maps target-observation labels to source labels; no source-state oracle input
dec::random_channel_same_output_entropy_seed_17::D_trivial::E_joint::bayes_optimal_decoder,bayes_best_target_distinction,random_channel_same_output_entropy_seed_17,D_trivial,0,0,0,0,1,1,1,PASS,decoder table maps target-observation labels to source labels; no source-state oracle input
dec::random_channel_same_output_entropy_seed_17::D_trivial::E_joint::exact_decoder,exact_support_decoder,random_channel_same_output_entropy_seed_17,D_trivial,0,0,0,0,1,1,1,PASS,decoder table maps target-observation labels to source labels; no source-state oracle input
dec::random_channel_same_output_entropy_seed_17::D_trivial::E_parity::bayes_optimal_decoder,bayes_best_target_distinction,random_channel_same_output_entropy_seed_17,D_trivial,0,0,0,0,1,1,1,PASS,decoder table maps target-observation labels to source labels; no source-state oracle input
dec::random_channel_same_output_entropy_seed_17::D_trivial::E_parity::exact_decoder,exact_support_decoder,random_channel_same_output_entropy_seed_17,D_trivial,0,0,0,0,1,1,1,PASS,decoder table maps target-observation labels to source labels; no source-state oracle input
dec::random_channel_same_output_entropy_seed_17::D_trivial::E_trivial::bayes_optimal_decoder,bayes_best_target_distinction,random_channel_same_output_entropy_seed_17,D_trivial,0,0,0,0,1,1,1,PASS,decoder table maps target-observation labels to source labels; no source-state oracle input
dec::random_channel_same_output_entropy_seed_17::D_trivial::E_trivial::exact_decoder,exact_support_decoder,random_channel_same_output_entropy_seed_17,D_trivial,0,0,0,0,1,1,1,PASS,decoder table maps target-observation labels to source labels; no source-state oracle input
dec::random_channel_same_output_entropy_seed_17::D_trivial::E_trivial::declared_decoder,fixed_declared_decoder_rule,random_channel_same_output_entropy_seed_17,D_trivial,0,0,0,0,1,1,1,PASS,decoder table maps target-observation labels to source labels; no source-state oracle input
dec::y2_identity_channel::E_A::E_A::bayes_optimal_decoder,bayes_best_target_distinction,y2_identity_channel,E_A,0,0,0,0,1,1,1,PASS,decoder table maps target-observation labels to source labels; no source-state oracle input
dec::y2_identity_channel::E_A::E_A::exact_decoder,exact_support_decoder,y2_identity_channel,E_A,0,0,0,0,1,1,1,PASS,decoder table maps target-observation labels to source labels; no source-state oracle input
dec::y2_identity_channel::E_A::E_A::declared_decoder,fixed_declared_decoder_rule,y2_identity_channel,E_A,0,0,0,0,1,1,1,PASS,decoder table maps target-observation labels to source labels; no source-state oracle input
dec::y2_identity_channel::E_A::E_B::bayes_optimal_decoder,bayes_best_target_distinction,y2_identity_channel,E_A,0,0,0,0,1,1,1,PASS,decoder table maps target-observation labels to source labels; no source-state oracle input
dec::y2_identity_channel::E_A::E_B::declared_decoder,fixed_declared_decoder_rule,y2_identity_channel,E_A,0,0,0,0,1,1,1,PASS,decoder table maps target-observation labels to source labels; no source-state oracle input
dec::y2_identity_channel::E_A::E_joint::bayes_optimal_decoder,bayes_best_target_distinction,y2_identity_channel,E_A,0,0,0,0,1,1,1,PASS,decoder table maps target-observation labels to source labels; no source-state oracle input
dec::y2_identity_channel::E_A::E_joint::exact_decoder,exact_support_decoder,y2_identity_channel,E_A,0,0,0,0,1,1,1,PASS,decoder table maps target-observation labels to source labels; no source-state oracle input
dec::y2_identity_channel::E_A::E_parity::bayes_optimal_decoder,bayes_best_target_distinction,y2_identity_channel,E_A,0,0,0,0,1,1,1,PASS,decoder table maps target-observation labels to source labels; no source-state oracle input
dec::y2_identity_channel::E_A::E_parity::declared_decoder,fixed_declared_decoder_rule,y2_identity_channel,E_A,0,0,0,0,1,1,1,PASS,decoder table maps target-observation labels to source labels; no source-state oracle input
dec::y2_identity_channel::E_A::E_trivial::bayes_optimal_decoder,bayes_best_target_distinction,y2_identity_channel,E_A,0,0,0,0,1,1,1,PASS,decoder table maps target-observation labels to source labels; no source-state oracle input
dec::y2_identity_channel::E_B::E_A::bayes_optimal_decoder,bayes_best_target_distinction,y2_identity_channel,E_B,0,0,0,0,1,1,1,PASS,decoder table maps target-observation labels to source labels; no source-state oracle input
dec::y2_identity_channel::E_B::E_A::declared_decoder,fixed_declared_decoder_rule,y2_identity_channel,E_B,0,0,0,0,1,1,1,PASS,decoder table maps target-observation labels to source labels; no source-state oracle input
dec::y2_identity_channel::E_B::E_B::bayes_optimal_decoder,bayes_best_target_distinction,y2_identity_channel,E_B,0,0,0,0,1,1,1,PASS,decoder table maps target-observation labels to source labels; no source-state oracle input
dec::y2_identity_channel::E_B::E_B::exact_decoder,exact_support_decoder,y2_identity_channel,E_B,0,0,0,0,1,1,1,PASS,decoder table maps target-observation labels to source labels; no source-state oracle input
dec::y2_identity_channel::E_B::E_B::declared_decoder,fixed_declared_decoder_rule,y2_identity_channel,E_B,0,0,0,0,1,1,1,PASS,decoder table maps target-observation labels to source labels; no source-state oracle input
dec::y2_identity_channel::E_B::E_joint::bayes_optimal_decoder,bayes_best_target_distinction,y2_identity_channel,E_B,0,0,0,0,1,1,1,PASS,decoder table maps target-observation labels to source labels; no source-state oracle input
dec::y2_identity_channel::E_B::E_joint::exact_decoder,exact_support_decoder,y2_identity_channel,E_B,0,0,0,0,1,1,1,PASS,decoder table maps target-observation labels to source labels; no source-state oracle input
dec::y2_identity_channel::E_B::E_parity::bayes_optimal_decoder,bayes_best_target_distinction,y2_identity_channel,E_B,0,0,0,0,1,1,1,PASS,decoder table maps target-observation labels to source labels; no source-state oracle input
dec::y2_identity_channel::E_B::E_parity::declared_decoder,fixed_declared_decoder_rule,y2_identity_channel,E_B,0,0,0,0,1,1,1,PASS,decoder table maps target-observation labels to source labels; no source-state oracle input
dec::y2_identity_channel::E_B::E_trivial::bayes_optimal_decoder,bayes_best_target_distinction,y2_identity_channel,E_B,0,0,0,0,1,1,1,PASS,decoder table maps target-observation labels to source labels; no source-state oracle input
dec::y2_identity_channel::E_joint::E_A::bayes_optimal_decoder,bayes_best_target_distinction,y2_identity_channel,E_joint,0,0,0,0,1,1,1,PASS,decoder table maps target-observation labels to source labels; no source-state oracle input
dec::y2_identity_channel::E_joint::E_B::bayes_optimal_decoder,bayes_best_target_distinction,y2_identity_channel,E_joint,0,0,0,0,1,1,1,PASS,decoder table maps target-observation labels to source labels; no source-state oracle input
dec::y2_identity_channel::E_joint::E_joint::bayes_optimal_decoder,bayes_best_target_distinction,y2_identity_channel,E_joint,0,0,0,0,1,1,1,PASS,decoder table maps target-observation labels to source labels; no source-state oracle input
dec::y2_identity_channel::E_joint::E_joint::exact_decoder,exact_support_decoder,y2_identity_channel,E_joint,0,0,0,0,1,1,1,PASS,decoder table maps target-observation labels to source labels; no source-state oracle input
dec::y2_identity_channel::E_joint::E_joint::declared_decoder,fixed_declared_decoder_rule,y2_identity_channel,E_joint,0,0,0,0,1,1,1,PASS,decoder table maps target-observation labels to source labels; no source-state oracle input
dec::y2_identity_channel::E_joint::E_parity::bayes_optimal_decoder,bayes_best_target_distinction,y2_identity_channel,E_joint,0,0,0,0,1,1,1,PASS,decoder table maps target-observation labels to source labels; no source-state oracle input
dec::y2_identity_channel::E_joint::E_trivial::bayes_optimal_decoder,bayes_best_target_distinction,y2_identity_channel,E_joint,0,0,0,0,1,1,1,PASS,decoder table maps target-observation labels to source labels; no source-state oracle input
dec::y2_identity_channel::E_parity::E_A::bayes_optimal_decoder,bayes_best_target_distinction,y2_identity_channel,E_parity,0,0,0,0,1,1,1,PASS,decoder table maps target-observation labels to source labels; no source-state oracle input
dec::y2_identity_channel::E_parity::E_A::declared_decoder,fixed_declared_decoder_rule,y2_identity_channel,E_parity,0,0,0,0,1,1,1,PASS,decoder table maps target-observation labels to source labels; no source-state oracle input
dec::y2_identity_channel::E_parity::E_B::bayes_optimal_decoder,bayes_best_target_distinction,y2_identity_channel,E_parity,0,0,0,0,1,1,1,PASS,decoder table maps target-observation labels to source labels; no source-state oracle input
dec::y2_identity_channel::E_parity::E_B::declared_decoder,fixed_declared_decoder_rule,y2_identity_channel,E_parity,0,0,0,0,1,1,1,PASS,decoder table maps target-observation labels to source labels; no source-state oracle input
dec::y2_identity_channel::E_parity::E_joint::bayes_optimal_decoder,bayes_best_target_distinction,y2_identity_channel,E_parity,0,0,0,0,1,1,1,PASS,decoder table maps target-observation labels to source labels; no source-state oracle input
dec::y2_identity_channel::E_parity::E_joint::exact_decoder,exact_support_decoder,y2_identity_channel,E_parity,0,0,0,0,1,1,1,PASS,decoder table maps target-observation labels to source labels; no source-state oracle input
dec::y2_identity_channel::E_parity::E_parity::bayes_optimal_decoder,bayes_best_target_distinction,y2_identity_channel,E_parity,0,0,0,0,1,1,1,PASS,decoder table maps target-observation labels to source labels; no source-state oracle input
dec::y2_identity_channel::E_parity::E_parity::exact_decoder,exact_support_decoder,y2_identity_channel,E_parity,0,0,0,0,1,1,1,PASS,decoder table maps target-observation labels to source labels; no source-state oracle input
dec::y2_identity_channel::E_parity::E_parity::declared_decoder,fixed_declared_decoder_rule,y2_identity_channel,E_parity,0,0,0,0,1,1,1,PASS,decoder table maps target-observation labels to source labels; no source-state oracle input
dec::y2_identity_channel::E_parity::E_trivial::bayes_optimal_decoder,bayes_best_target_distinction,y2_identity_channel,E_parity,0,0,0,0,1,1,1,PASS,decoder table maps target-observation labels to source labels; no source-state oracle input
dec::y2_identity_channel::E_trivial::E_A::bayes_optimal_decoder,bayes_best_target_distinction,y2_identity_channel,E_trivial,0,0,0,0,1,1,1,PASS,decoder table maps target-observation labels to source labels; no source-state oracle input
dec::y2_identity_channel::E_trivial::E_A::exact_decoder,exact_support_decoder,y2_identity_channel,E_trivial,0,0,0,0,1,1,1,PASS,decoder table maps target-observation labels to source labels; no source-state oracle input
dec::y2_identity_channel::E_trivial::E_B::bayes_optimal_decoder,bayes_best_target_distinction,y2_identity_channel,E_trivial,0,0,0,0,1,1,1,PASS,decoder table maps target-observation labels to source labels; no source-state oracle input
dec::y2_identity_channel::E_trivial::E_B::exact_decoder,exact_support_decoder,y2_identity_channel,E_trivial,0,0,0,0,1,1,1,PASS,decoder table maps target-observation labels to source labels; no source-state oracle input
dec::y2_identity_channel::E_trivial::E_joint::bayes_optimal_decoder,bayes_best_target_distinction,y2_identity_channel,E_trivial,0,0,0,0,1,1,1,PASS,decoder table maps target-observation labels to source labels; no source-state oracle input
dec::y2_identity_channel::E_trivial::E_joint::exact_decoder,exact_support_decoder,y2_identity_channel,E_trivial,0,0,0,0,1,1,1,PASS,decoder table maps target-observation labels to source labels; no source-state oracle input
dec::y2_identity_channel::E_trivial::E_parity::bayes_optimal_decoder,bayes_best_target_distinction,y2_identity_channel,E_trivial,0,0,0,0,1,1,1,PASS,decoder table maps target-observation labels to source labels; no source-state oracle input
dec::y2_identity_channel::E_trivial::E_parity::exact_decoder,exact_support_decoder,y2_identity_channel,E_trivial,0,0,0,0,1,1,1,PASS,decoder table maps target-observation labels to source labels; no source-state oracle input
dec::y2_identity_channel::E_trivial::E_trivial::bayes_optimal_decoder,bayes_best_target_distinction,y2_identity_channel,E_trivial,0,0,0,0,1,1,1,PASS,decoder table maps target-observation labels to source labels; no source-state oracle input
dec::y2_identity_channel::E_trivial::E_trivial::exact_decoder,exact_support_decoder,y2_identity_channel,E_trivial,0,0,0,0,1,1,1,PASS,decoder table maps target-observation labels to source labels; no source-state oracle input
dec::y2_identity_channel::E_trivial::E_trivial::declared_decoder,fixed_declared_decoder_rule,y2_identity_channel,E_trivial,0,0,0,0,1,1,1,PASS,decoder table maps target-observation labels to source labels; no source-state oracle input
dec::y2_bit_flip_p_0_25::E_A::E_A::bayes_optimal_decoder,bayes_best_target_distinction,y2_bit_flip_p_0_25,E_A,0,0,0,0,1,1,1,PASS,decoder table maps target-observation labels to source labels; no source-state oracle input
dec::y2_bit_flip_p_0_25::E_A::E_A::declared_decoder,fixed_declared_decoder_rule,y2_bit_flip_p_0_25,E_A,0,0,0,0,1,1,1,PASS,decoder table maps target-observation labels to source labels; no source-state oracle input
dec::y2_bit_flip_p_0_25::E_A::E_B::bayes_optimal_decoder,bayes_best_target_distinction,y2_bit_flip_p_0_25,E_A,0,0,0,0,1,1,1,PASS,decoder table maps target-observation labels to source labels; no source-state oracle input
dec::y2_bit_flip_p_0_25::E_A::E_B::declared_decoder,fixed_declared_decoder_rule,y2_bit_flip_p_0_25,E_A,0,0,0,0,1,1,1,PASS,decoder table maps target-observation labels to source labels; no source-state oracle input
dec::y2_bit_flip_p_0_25::E_A::E_joint::bayes_optimal_decoder,bayes_best_target_distinction,y2_bit_flip_p_0_25,E_A,0,0,0,0,1,1,1,PASS,decoder table maps target-observation labels to source labels; no source-state oracle input
dec::y2_bit_flip_p_0_25::E_A::E_parity::bayes_optimal_decoder,bayes_best_target_distinction,y2_bit_flip_p_0_25,E_A,0,0,0,0,1,1,1,PASS,decoder table maps target-observation labels to source labels; no source-state oracle input
dec::y2_bit_flip_p_0_25::E_A::E_parity::declared_decoder,fixed_declared_decoder_rule,y2_bit_flip_p_0_25,E_A,0,0,0,0,1,1,1,PASS,decoder table maps target-observation labels to source labels; no source-state oracle input
dec::y2_bit_flip_p_0_25::E_A::E_trivial::bayes_optimal_decoder,bayes_best_target_distinction,y2_bit_flip_p_0_25,E_A,0,0,0,0,1,1,1,PASS,decoder table maps target-observation labels to source labels; no source-state oracle input
dec::y2_bit_flip_p_0_25::E_B::E_A::bayes_optimal_decoder,bayes_best_target_distinction,y2_bit_flip_p_0_25,E_B,0,0,0,0,1,1,1,PASS,decoder table maps target-observation labels to source labels; no source-state oracle input
dec::y2_bit_flip_p_0_25::E_B::E_A::declared_decoder,fixed_declared_decoder_rule,y2_bit_flip_p_0_25,E_B,0,0,0,0,1,1,1,PASS,decoder table maps target-observation labels to source labels; no source-state oracle input
dec::y2_bit_flip_p_0_25::E_B::E_B::bayes_optimal_decoder,bayes_best_target_distinction,y2_bit_flip_p_0_25,E_B,0,0,0,0,1,1,1,PASS,decoder table maps target-observation labels to source labels; no source-state oracle input
dec::y2_bit_flip_p_0_25::E_B::E_B::declared_decoder,fixed_declared_decoder_rule,y2_bit_flip_p_0_25,E_B,0,0,0,0,1,1,1,PASS,decoder table maps target-observation labels to source labels; no source-state oracle input
dec::y2_bit_flip_p_0_25::E_B::E_joint::bayes_optimal_decoder,bayes_best_target_distinction,y2_bit_flip_p_0_25,E_B,0,0,0,0,1,1,1,PASS,decoder table maps target-observation labels to source labels; no source-state oracle input
dec::y2_bit_flip_p_0_25::E_B::E_parity::bayes_optimal_decoder,bayes_best_target_distinction,y2_bit_flip_p_0_25,E_B,0,0,0,0,1,1,1,PASS,decoder table maps target-observation labels to source labels; no source-state oracle input
dec::y2_bit_flip_p_0_25::E_B::E_parity::declared_decoder,fixed_declared_decoder_rule,y2_bit_flip_p_0_25,E_B,0,0,0,0,1,1,1,PASS,decoder table maps target-observation labels to source labels; no source-state oracle input
dec::y2_bit_flip_p_0_25::E_B::E_trivial::bayes_optimal_decoder,bayes_best_target_distinction,y2_bit_flip_p_0_25,E_B,0,0,0,0,1,1,1,PASS,decoder table maps target-observation labels to source labels; no source-state oracle input
dec::y2_bit_flip_p_0_25::E_joint::E_A::bayes_optimal_decoder,bayes_best_target_distinction,y2_bit_flip_p_0_25,E_joint,0,0,0,0,1,1,1,PASS,decoder table maps target-observation labels to source labels; no source-state oracle input
dec::y2_bit_flip_p_0_25::E_joint::E_B::bayes_optimal_decoder,bayes_best_target_distinction,y2_bit_flip_p_0_25,E_joint,0,0,0,0,1,1,1,PASS,decoder table maps target-observation labels to source labels; no source-state oracle input
dec::y2_bit_flip_p_0_25::E_joint::E_joint::bayes_optimal_decoder,bayes_best_target_distinction,y2_bit_flip_p_0_25,E_joint,0,0,0,0,1,1,1,PASS,decoder table maps target-observation labels to source labels; no source-state oracle input
dec::y2_bit_flip_p_0_25::E_joint::E_joint::declared_decoder,fixed_declared_decoder_rule,y2_bit_flip_p_0_25,E_joint,0,0,0,0,1,1,1,PASS,decoder table maps target-observation labels to source labels; no source-state oracle input
dec::y2_bit_flip_p_0_25::E_joint::E_parity::bayes_optimal_decoder,bayes_best_target_distinction,y2_bit_flip_p_0_25,E_joint,0,0,0,0,1,1,1,PASS,decoder table maps target-observation labels to source labels; no source-state oracle input
dec::y2_bit_flip_p_0_25::E_joint::E_trivial::bayes_optimal_decoder,bayes_best_target_distinction,y2_bit_flip_p_0_25,E_joint,0,0,0,0,1,1,1,PASS,decoder table maps target-observation labels to source labels; no source-state oracle input
dec::y2_bit_flip_p_0_25::E_parity::E_A::bayes_optimal_decoder,bayes_best_target_distinction,y2_bit_flip_p_0_25,E_parity,0,0,0,0,1,1,1,PASS,decoder table maps target-observation labels to source labels; no source-state oracle input
dec::y2_bit_flip_p_0_25::E_parity::E_A::declared_decoder,fixed_declared_decoder_rule,y2_bit_flip_p_0_25,E_parity,0,0,0,0,1,1,1,PASS,decoder table maps target-observation labels to source labels; no source-state oracle input
dec::y2_bit_flip_p_0_25::E_parity::E_B::bayes_optimal_decoder,bayes_best_target_distinction,y2_bit_flip_p_0_25,E_parity,0,0,0,0,1,1,1,PASS,decoder table maps target-observation labels to source labels; no source-state oracle input
dec::y2_bit_flip_p_0_25::E_parity::E_B::declared_decoder,fixed_declared_decoder_rule,y2_bit_flip_p_0_25,E_parity,0,0,0,0,1,1,1,PASS,decoder table maps target-observation labels to source labels; no source-state oracle input
dec::y2_bit_flip_p_0_25::E_parity::E_joint::bayes_optimal_decoder,bayes_best_target_distinction,y2_bit_flip_p_0_25,E_parity,0,0,0,0,1,1,1,PASS,decoder table maps target-observation labels to source labels; no source-state oracle input
dec::y2_bit_flip_p_0_25::E_parity::E_parity::bayes_optimal_decoder,bayes_best_target_distinction,y2_bit_flip_p_0_25,E_parity,0,0,0,0,1,1,1,PASS,decoder table maps target-observation labels to source labels; no source-state oracle input
dec::y2_bit_flip_p_0_25::E_parity::E_parity::declared_decoder,fixed_declared_decoder_rule,y2_bit_flip_p_0_25,E_parity,0,0,0,0,1,1,1,PASS,decoder table maps target-observation labels to source labels; no source-state oracle input
dec::y2_bit_flip_p_0_25::E_parity::E_trivial::bayes_optimal_decoder,bayes_best_target_distinction,y2_bit_flip_p_0_25,E_parity,0,0,0,0,1,1,1,PASS,decoder table maps target-observation labels to source labels; no source-state oracle input
dec::y2_bit_flip_p_0_25::E_trivial::E_A::bayes_optimal_decoder,bayes_best_target_distinction,y2_bit_flip_p_0_25,E_trivial,0,0,0,0,1,1,1,PASS,decoder table maps target-observation labels to source labels; no source-state oracle input
dec::y2_bit_flip_p_0_25::E_trivial::E_A::exact_decoder,exact_support_decoder,y2_bit_flip_p_0_25,E_trivial,0,0,0,0,1,1,1,PASS,decoder table maps target-observation labels to source labels; no source-state oracle input
dec::y2_bit_flip_p_0_25::E_trivial::E_B::bayes_optimal_decoder,bayes_best_target_distinction,y2_bit_flip_p_0_25,E_trivial,0,0,0,0,1,1,1,PASS,decoder table maps target-observation labels to source labels; no source-state oracle input
dec::y2_bit_flip_p_0_25::E_trivial::E_B::exact_decoder,exact_support_decoder,y2_bit_flip_p_0_25,E_trivial,0,0,0,0,1,1,1,PASS,decoder table maps target-observation labels to source labels; no source-state oracle input
dec::y2_bit_flip_p_0_25::E_trivial::E_joint::bayes_optimal_decoder,bayes_best_target_distinction,y2_bit_flip_p_0_25,E_trivial,0,0,0,0,1,1,1,PASS,decoder table maps target-observation labels to source labels; no source-state oracle input
dec::y2_bit_flip_p_0_25::E_trivial::E_joint::exact_decoder,exact_support_decoder,y2_bit_flip_p_0_25,E_trivial,0,0,0,0,1,1,1,PASS,decoder table maps target-observation labels to source labels; no source-state oracle input
dec::y2_bit_flip_p_0_25::E_trivial::E_parity::bayes_optimal_decoder,bayes_best_target_distinction,y2_bit_flip_p_0_25,E_trivial,0,0,0,0,1,1,1,PASS,decoder table maps target-observation labels to source labels; no source-state oracle input
dec::y2_bit_flip_p_0_25::E_trivial::E_parity::exact_decoder,exact_support_decoder,y2_bit_flip_p_0_25,E_trivial,0,0,0,0,1,1,1,PASS,decoder table maps target-observation labels to source labels; no source-state oracle input
dec::y2_bit_flip_p_0_25::E_trivial::E_trivial::bayes_optimal_decoder,bayes_best_target_distinction,y2_bit_flip_p_0_25,E_trivial,0,0,0,0,1,1,1,PASS,decoder table maps target-observation labels to source labels; no source-state oracle input
dec::y2_bit_flip_p_0_25::E_trivial::E_trivial::exact_decoder,exact_support_decoder,y2_bit_flip_p_0_25,E_trivial,0,0,0,0,1,1,1,PASS,decoder table maps target-observation labels to source labels; no source-state oracle input
dec::y2_bit_flip_p_0_25::E_trivial::E_trivial::declared_decoder,fixed_declared_decoder_rule,y2_bit_flip_p_0_25,E_trivial,0,0,0,0,1,1,1,PASS,decoder table maps target-observation labels to source labels; no source-state oracle input
dec::y2_marginal_joint_degrade_q_0_10::E_A::E_A::bayes_optimal_decoder,bayes_best_target_distinction,y2_marginal_joint_degrade_q_0_10,E_A,0,0,0,0,1,1,1,PASS,decoder table maps target-observation labels to source labels; no source-state oracle input
dec::y2_marginal_joint_degrade_q_0_10::E_A::E_A::declared_decoder,fixed_declared_decoder_rule,y2_marginal_joint_degrade_q_0_10,E_A,0,0,0,0,1,1,1,PASS,decoder table maps target-observation labels to source labels; no source-state oracle input
dec::y2_marginal_joint_degrade_q_0_10::E_A::E_B::bayes_optimal_decoder,bayes_best_target_distinction,y2_marginal_joint_degrade_q_0_10,E_A,0,0,0,0,1,1,1,PASS,decoder table maps target-observation labels to source labels; no source-state oracle input
dec::y2_marginal_joint_degrade_q_0_10::E_A::E_B::declared_decoder,fixed_declared_decoder_rule,y2_marginal_joint_degrade_q_0_10,E_A,0,0,0,0,1,1,1,PASS,decoder table maps target-observation labels to source labels; no source-state oracle input
dec::y2_marginal_joint_degrade_q_0_10::E_A::E_joint::bayes_optimal_decoder,bayes_best_target_distinction,y2_marginal_joint_degrade_q_0_10,E_A,0,0,0,0,1,1,1,PASS,decoder table maps target-observation labels to source labels; no source-state oracle input
dec::y2_marginal_joint_degrade_q_0_10::E_A::E_parity::bayes_optimal_decoder,bayes_best_target_distinction,y2_marginal_joint_degrade_q_0_10,E_A,0,0,0,0,1,1,1,PASS,decoder table maps target-observation labels to source labels; no source-state oracle input
dec::y2_marginal_joint_degrade_q_0_10::E_A::E_parity::declared_decoder,fixed_declared_decoder_rule,y2_marginal_joint_degrade_q_0_10,E_A,0,0,0,0,1,1,1,PASS,decoder table maps target-observation labels to source labels; no source-state oracle input
dec::y2_marginal_joint_degrade_q_0_10::E_A::E_trivial::bayes_optimal_decoder,bayes_best_target_distinction,y2_marginal_joint_degrade_q_0_10,E_A,0,0,0,0,1,1,1,PASS,decoder table maps target-observation labels to source labels; no source-state oracle input
dec::y2_marginal_joint_degrade_q_0_10::E_B::E_A::bayes_optimal_decoder,bayes_best_target_distinction,y2_marginal_joint_degrade_q_0_10,E_B,0,0,0,0,1,1,1,PASS,decoder table maps target-observation labels to source labels; no source-state oracle input
dec::y2_marginal_joint_degrade_q_0_10::E_B::E_A::declared_decoder,fixed_declared_decoder_rule,y2_marginal_joint_degrade_q_0_10,E_B,0,0,0,0,1,1,1,PASS,decoder table maps target-observation labels to source labels; no source-state oracle input
dec::y2_marginal_joint_degrade_q_0_10::E_B::E_B::bayes_optimal_decoder,bayes_best_target_distinction,y2_marginal_joint_degrade_q_0_10,E_B,0,0,0,0,1,1,1,PASS,decoder table maps target-observation labels to source labels; no source-state oracle input
dec::y2_marginal_joint_degrade_q_0_10::E_B::E_B::declared_decoder,fixed_declared_decoder_rule,y2_marginal_joint_degrade_q_0_10,E_B,0,0,0,0,1,1,1,PASS,decoder table maps target-observation labels to source labels; no source-state oracle input
dec::y2_marginal_joint_degrade_q_0_10::E_B::E_joint::bayes_optimal_decoder,bayes_best_target_distinction,y2_marginal_joint_degrade_q_0_10,E_B,0,0,0,0,1,1,1,PASS,decoder table maps target-observation labels to source labels; no source-state oracle input
dec::y2_marginal_joint_degrade_q_0_10::E_B::E_parity::bayes_optimal_decoder,bayes_best_target_distinction,y2_marginal_joint_degrade_q_0_10,E_B,0,0,0,0,1,1,1,PASS,decoder table maps target-observation labels to source labels; no source-state oracle input
dec::y2_marginal_joint_degrade_q_0_10::E_B::E_parity::declared_decoder,fixed_declared_decoder_rule,y2_marginal_joint_degrade_q_0_10,E_B,0,0,0,0,1,1,1,PASS,decoder table maps target-observation labels to source labels; no source-state oracle input
dec::y2_marginal_joint_degrade_q_0_10::E_B::E_trivial::bayes_optimal_decoder,bayes_best_target_distinction,y2_marginal_joint_degrade_q_0_10,E_B,0,0,0,0,1,1,1,PASS,decoder table maps target-observation labels to source labels; no source-state oracle input
dec::y2_marginal_joint_degrade_q_0_10::E_joint::E_A::bayes_optimal_decoder,bayes_best_target_distinction,y2_marginal_joint_degrade_q_0_10,E_joint,0,0,0,0,1,1,1,PASS,decoder table maps target-observation labels to source labels; no source-state oracle input
dec::y2_marginal_joint_degrade_q_0_10::E_joint::E_B::bayes_optimal_decoder,bayes_best_target_distinction,y2_marginal_joint_degrade_q_0_10,E_joint,0,0,0,0,1,1,1,PASS,decoder table maps target-observation labels to source labels; no source-state oracle input
dec::y2_marginal_joint_degrade_q_0_10::E_joint::E_joint::bayes_optimal_decoder,bayes_best_target_distinction,y2_marginal_joint_degrade_q_0_10,E_joint,0,0,0,0,1,1,1,PASS,decoder table maps target-observation labels to source labels; no source-state oracle input
dec::y2_marginal_joint_degrade_q_0_10::E_joint::E_joint::declared_decoder,fixed_declared_decoder_rule,y2_marginal_joint_degrade_q_0_10,E_joint,0,0,0,0,1,1,1,PASS,decoder table maps target-observation labels to source labels; no source-state oracle input
dec::y2_marginal_joint_degrade_q_0_10::E_joint::E_parity::bayes_optimal_decoder,bayes_best_target_distinction,y2_marginal_joint_degrade_q_0_10,E_joint,0,0,0,0,1,1,1,PASS,decoder table maps target-observation labels to source labels; no source-state oracle input
dec::y2_marginal_joint_degrade_q_0_10::E_joint::E_trivial::bayes_optimal_decoder,bayes_best_target_distinction,y2_marginal_joint_degrade_q_0_10,E_joint,0,0,0,0,1,1,1,PASS,decoder table maps target-observation labels to source labels; no source-state oracle input
dec::y2_marginal_joint_degrade_q_0_10::E_parity::E_A::bayes_optimal_decoder,bayes_best_target_distinction,y2_marginal_joint_degrade_q_0_10,E_parity,0,0,0,0,1,1,1,PASS,decoder table maps target-observation labels to source labels; no source-state oracle input
dec::y2_marginal_joint_degrade_q_0_10::E_parity::E_A::declared_decoder,fixed_declared_decoder_rule,y2_marginal_joint_degrade_q_0_10,E_parity,0,0,0,0,1,1,1,PASS,decoder table maps target-observation labels to source labels; no source-state oracle input
dec::y2_marginal_joint_degrade_q_0_10::E_parity::E_B::bayes_optimal_decoder,bayes_best_target_distinction,y2_marginal_joint_degrade_q_0_10,E_parity,0,0,0,0,1,1,1,PASS,decoder table maps target-observation labels to source labels; no source-state oracle input
dec::y2_marginal_joint_degrade_q_0_10::E_parity::E_B::declared_decoder,fixed_declared_decoder_rule,y2_marginal_joint_degrade_q_0_10,E_parity,0,0,0,0,1,1,1,PASS,decoder table maps target-observation labels to source labels; no source-state oracle input
dec::y2_marginal_joint_degrade_q_0_10::E_parity::E_joint::bayes_optimal_decoder,bayes_best_target_distinction,y2_marginal_joint_degrade_q_0_10,E_parity,0,0,0,0,1,1,1,PASS,decoder table maps target-observation labels to source labels; no source-state oracle input
dec::y2_marginal_joint_degrade_q_0_10::E_parity::E_parity::bayes_optimal_decoder,bayes_best_target_distinction,y2_marginal_joint_degrade_q_0_10,E_parity,0,0,0,0,1,1,1,PASS,decoder table maps target-observation labels to source labels; no source-state oracle input
dec::y2_marginal_joint_degrade_q_0_10::E_parity::E_parity::declared_decoder,fixed_declared_decoder_rule,y2_marginal_joint_degrade_q_0_10,E_parity,0,0,0,0,1,1,1,PASS,decoder table maps target-observation labels to source labels; no source-state oracle input
dec::y2_marginal_joint_degrade_q_0_10::E_parity::E_trivial::bayes_optimal_decoder,bayes_best_target_distinction,y2_marginal_joint_degrade_q_0_10,E_parity,0,0,0,0,1,1,1,PASS,decoder table maps target-observation labels to source labels; no source-state oracle input
dec::y2_marginal_joint_degrade_q_0_10::E_trivial::E_A::bayes_optimal_decoder,bayes_best_target_distinction,y2_marginal_joint_degrade_q_0_10,E_trivial,0,0,0,0,1,1,1,PASS,decoder table maps target-observation labels to source labels; no source-state oracle input
dec::y2_marginal_joint_degrade_q_0_10::E_trivial::E_A::exact_decoder,exact_support_decoder,y2_marginal_joint_degrade_q_0_10,E_trivial,0,0,0,0,1,1,1,PASS,decoder table maps target-observation labels to source labels; no source-state oracle input
dec::y2_marginal_joint_degrade_q_0_10::E_trivial::E_B::bayes_optimal_decoder,bayes_best_target_distinction,y2_marginal_joint_degrade_q_0_10,E_trivial,0,0,0,0,1,1,1,PASS,decoder table maps target-observation labels to source labels; no source-state oracle input
dec::y2_marginal_joint_degrade_q_0_10::E_trivial::E_B::exact_decoder,exact_support_decoder,y2_marginal_joint_degrade_q_0_10,E_trivial,0,0,0,0,1,1,1,PASS,decoder table maps target-observation labels to source labels; no source-state oracle input
dec::y2_marginal_joint_degrade_q_0_10::E_trivial::E_joint::bayes_optimal_decoder,bayes_best_target_distinction,y2_marginal_joint_degrade_q_0_10,E_trivial,0,0,0,0,1,1,1,PASS,decoder table maps target-observation labels to source labels; no source-state oracle input
dec::y2_marginal_joint_degrade_q_0_10::E_trivial::E_joint::exact_decoder,exact_support_decoder,y2_marginal_joint_degrade_q_0_10,E_trivial,0,0,0,0,1,1,1,PASS,decoder table maps target-observation labels to source labels; no source-state oracle input
dec::y2_marginal_joint_degrade_q_0_10::E_trivial::E_parity::bayes_optimal_decoder,bayes_best_target_distinction,y2_marginal_joint_degrade_q_0_10,E_trivial,0,0,0,0,1,1,1,PASS,decoder table maps target-observation labels to source labels; no source-state oracle input
dec::y2_marginal_joint_degrade_q_0_10::E_trivial::E_parity::exact_decoder,exact_support_decoder,y2_marginal_joint_degrade_q_0_10,E_trivial,0,0,0,0,1,1,1,PASS,decoder table maps target-observation labels to source labels; no source-state oracle input
dec::y2_marginal_joint_degrade_q_0_10::E_trivial::E_trivial::bayes_optimal_decoder,bayes_best_target_distinction,y2_marginal_joint_degrade_q_0_10,E_trivial,0,0,0,0,1,1,1,PASS,decoder table maps target-observation labels to source labels; no source-state oracle input
dec::y2_marginal_joint_degrade_q_0_10::E_trivial::E_trivial::exact_decoder,exact_support_decoder,y2_marginal_joint_degrade_q_0_10,E_trivial,0,0,0,0,1,1,1,PASS,decoder table maps target-observation labels to source labels; no source-state oracle input
dec::y2_marginal_joint_degrade_q_0_10::E_trivial::E_trivial::declared_decoder,fixed_declared_decoder_rule,y2_marginal_joint_degrade_q_0_10,E_trivial,0,0,0,0,1,1,1,PASS,decoder table maps target-observation labels to source labels; no source-state oracle input
dec::comp_bitflip_0_10_then_0_25::D_A::E_A::bayes_optimal_decoder,bayes_best_target_distinction,comp_bitflip_0_10_then_0_25,D_A,0,0,0,0,1,1,1,PASS,decoder table maps target-observation labels to source labels; no source-state oracle input
dec::comp_bitflip_0_10_then_0_25::D_A::E_A::declared_decoder,fixed_declared_decoder_rule,comp_bitflip_0_10_then_0_25,D_A,0,0,0,0,1,1,1,PASS,decoder table maps target-observation labels to source labels; no source-state oracle input
dec::comp_bitflip_0_10_then_0_25::D_A::E_B::bayes_optimal_decoder,bayes_best_target_distinction,comp_bitflip_0_10_then_0_25,D_A,0,0,0,0,1,1,1,PASS,decoder table maps target-observation labels to source labels; no source-state oracle input
dec::comp_bitflip_0_10_then_0_25::D_A::E_B::declared_decoder,fixed_declared_decoder_rule,comp_bitflip_0_10_then_0_25,D_A,0,0,0,0,1,1,1,PASS,decoder table maps target-observation labels to source labels; no source-state oracle input
dec::comp_bitflip_0_10_then_0_25::D_A::E_joint::bayes_optimal_decoder,bayes_best_target_distinction,comp_bitflip_0_10_then_0_25,D_A,0,0,0,0,1,1,1,PASS,decoder table maps target-observation labels to source labels; no source-state oracle input
dec::comp_bitflip_0_10_then_0_25::D_A::E_parity::bayes_optimal_decoder,bayes_best_target_distinction,comp_bitflip_0_10_then_0_25,D_A,0,0,0,0,1,1,1,PASS,decoder table maps target-observation labels to source labels; no source-state oracle input
dec::comp_bitflip_0_10_then_0_25::D_A::E_parity::declared_decoder,fixed_declared_decoder_rule,comp_bitflip_0_10_then_0_25,D_A,0,0,0,0,1,1,1,PASS,decoder table maps target-observation labels to source labels; no source-state oracle input
dec::comp_bitflip_0_10_then_0_25::D_A::E_trivial::bayes_optimal_decoder,bayes_best_target_distinction,comp_bitflip_0_10_then_0_25,D_A,0,0,0,0,1,1,1,PASS,decoder table maps target-observation labels to source labels; no source-state oracle input
dec::comp_bitflip_0_10_then_0_25::D_B::E_A::bayes_optimal_decoder,bayes_best_target_distinction,comp_bitflip_0_10_then_0_25,D_B,0,0,0,0,1,1,1,PASS,decoder table maps target-observation labels to source labels; no source-state oracle input
dec::comp_bitflip_0_10_then_0_25::D_B::E_A::declared_decoder,fixed_declared_decoder_rule,comp_bitflip_0_10_then_0_25,D_B,0,0,0,0,1,1,1,PASS,decoder table maps target-observation labels to source labels; no source-state oracle input
dec::comp_bitflip_0_10_then_0_25::D_B::E_B::bayes_optimal_decoder,bayes_best_target_distinction,comp_bitflip_0_10_then_0_25,D_B,0,0,0,0,1,1,1,PASS,decoder table maps target-observation labels to source labels; no source-state oracle input
dec::comp_bitflip_0_10_then_0_25::D_B::E_B::declared_decoder,fixed_declared_decoder_rule,comp_bitflip_0_10_then_0_25,D_B,0,0,0,0,1,1,1,PASS,decoder table maps target-observation labels to source labels; no source-state oracle input
dec::comp_bitflip_0_10_then_0_25::D_B::E_joint::bayes_optimal_decoder,bayes_best_target_distinction,comp_bitflip_0_10_then_0_25,D_B,0,0,0,0,1,1,1,PASS,decoder table maps target-observation labels to source labels; no source-state oracle input
dec::comp_bitflip_0_10_then_0_25::D_B::E_parity::bayes_optimal_decoder,bayes_best_target_distinction,comp_bitflip_0_10_then_0_25,D_B,0,0,0,0,1,1,1,PASS,decoder table maps target-observation labels to source labels; no source-state oracle input
dec::comp_bitflip_0_10_then_0_25::D_B::E_parity::declared_decoder,fixed_declared_decoder_rule,comp_bitflip_0_10_then_0_25,D_B,0,0,0,0,1,1,1,PASS,decoder table maps target-observation labels to source labels; no source-state oracle input
dec::comp_bitflip_0_10_then_0_25::D_B::E_trivial::bayes_optimal_decoder,bayes_best_target_distinction,comp_bitflip_0_10_then_0_25,D_B,0,0,0,0,1,1,1,PASS,decoder table maps target-observation labels to source labels; no source-state oracle input
dec::comp_bitflip_0_10_then_0_25::D_joint::E_A::bayes_optimal_decoder,bayes_best_target_distinction,comp_bitflip_0_10_then_0_25,D_joint,0,0,0,0,1,1,1,PASS,decoder table maps target-observation labels to source labels; no source-state oracle input
dec::comp_bitflip_0_10_then_0_25::D_joint::E_B::bayes_optimal_decoder,bayes_best_target_distinction,comp_bitflip_0_10_then_0_25,D_joint,0,0,0,0,1,1,1,PASS,decoder table maps target-observation labels to source labels; no source-state oracle input
dec::comp_bitflip_0_10_then_0_25::D_joint::E_joint::bayes_optimal_decoder,bayes_best_target_distinction,comp_bitflip_0_10_then_0_25,D_joint,0,0,0,0,1,1,1,PASS,decoder table maps target-observation labels to source labels; no source-state oracle input
dec::comp_bitflip_0_10_then_0_25::D_joint::E_joint::declared_decoder,fixed_declared_decoder_rule,comp_bitflip_0_10_then_0_25,D_joint,0,0,0,0,1,1,1,PASS,decoder table maps target-observation labels to source labels; no source-state oracle input
dec::comp_bitflip_0_10_then_0_25::D_joint::E_parity::bayes_optimal_decoder,bayes_best_target_distinction,comp_bitflip_0_10_then_0_25,D_joint,0,0,0,0,1,1,1,PASS,decoder table maps target-observation labels to source labels; no source-state oracle input
dec::comp_bitflip_0_10_then_0_25::D_joint::E_trivial::bayes_optimal_decoder,bayes_best_target_distinction,comp_bitflip_0_10_then_0_25,D_joint,0,0,0,0,1,1,1,PASS,decoder table maps target-observation labels to source labels; no source-state oracle input
dec::comp_bitflip_0_10_then_0_25::D_parity::E_A::bayes_optimal_decoder,bayes_best_target_distinction,comp_bitflip_0_10_then_0_25,D_parity,0,0,0,0,1,1,1,PASS,decoder table maps target-observation labels to source labels; no source-state oracle input
dec::comp_bitflip_0_10_then_0_25::D_parity::E_A::declared_decoder,fixed_declared_decoder_rule,comp_bitflip_0_10_then_0_25,D_parity,0,0,0,0,1,1,1,PASS,decoder table maps target-observation labels to source labels; no source-state oracle input
dec::comp_bitflip_0_10_then_0_25::D_parity::E_B::bayes_optimal_decoder,bayes_best_target_distinction,comp_bitflip_0_10_then_0_25,D_parity,0,0,0,0,1,1,1,PASS,decoder table maps target-observation labels to source labels; no source-state oracle input
dec::comp_bitflip_0_10_then_0_25::D_parity::E_B::declared_decoder,fixed_declared_decoder_rule,comp_bitflip_0_10_then_0_25,D_parity,0,0,0,0,1,1,1,PASS,decoder table maps target-observation labels to source labels; no source-state oracle input
dec::comp_bitflip_0_10_then_0_25::D_parity::E_joint::bayes_optimal_decoder,bayes_best_target_distinction,comp_bitflip_0_10_then_0_25,D_parity,0,0,0,0,1,1,1,PASS,decoder table maps target-observation labels to source labels; no source-state oracle input
dec::comp_bitflip_0_10_then_0_25::D_parity::E_parity::bayes_optimal_decoder,bayes_best_target_distinction,comp_bitflip_0_10_then_0_25,D_parity,0,0,0,0,1,1,1,PASS,decoder table maps target-observation labels to source labels; no source-state oracle input
dec::comp_bitflip_0_10_then_0_25::D_parity::E_parity::declared_decoder,fixed_declared_decoder_rule,comp_bitflip_0_10_then_0_25,D_parity,0,0,0,0,1,1,1,PASS,decoder table maps target-observation labels to source labels; no source-state oracle input
dec::comp_bitflip_0_10_then_0_25::D_parity::E_trivial::bayes_optimal_decoder,bayes_best_target_distinction,comp_bitflip_0_10_then_0_25,D_parity,0,0,0,0,1,1,1,PASS,decoder table maps target-observation labels to source labels; no source-state oracle input
dec::comp_bitflip_0_10_then_0_25::D_trivial::E_A::bayes_optimal_decoder,bayes_best_target_distinction,comp_bitflip_0_10_then_0_25,D_trivial,0,0,0,0,1,1,1,PASS,decoder table maps target-observation labels to source labels; no source-state oracle input
dec::comp_bitflip_0_10_then_0_25::D_trivial::E_A::exact_decoder,exact_support_decoder,comp_bitflip_0_10_then_0_25,D_trivial,0,0,0,0,1,1,1,PASS,decoder table maps target-observation labels to source labels; no source-state oracle input
dec::comp_bitflip_0_10_then_0_25::D_trivial::E_B::bayes_optimal_decoder,bayes_best_target_distinction,comp_bitflip_0_10_then_0_25,D_trivial,0,0,0,0,1,1,1,PASS,decoder table maps target-observation labels to source labels; no source-state oracle input
dec::comp_bitflip_0_10_then_0_25::D_trivial::E_B::exact_decoder,exact_support_decoder,comp_bitflip_0_10_then_0_25,D_trivial,0,0,0,0,1,1,1,PASS,decoder table maps target-observation labels to source labels; no source-state oracle input
dec::comp_bitflip_0_10_then_0_25::D_trivial::E_joint::bayes_optimal_decoder,bayes_best_target_distinction,comp_bitflip_0_10_then_0_25,D_trivial,0,0,0,0,1,1,1,PASS,decoder table maps target-observation labels to source labels; no source-state oracle input
dec::comp_bitflip_0_10_then_0_25::D_trivial::E_joint::exact_decoder,exact_support_decoder,comp_bitflip_0_10_then_0_25,D_trivial,0,0,0,0,1,1,1,PASS,decoder table maps target-observation labels to source labels; no source-state oracle input
dec::comp_bitflip_0_10_then_0_25::D_trivial::E_parity::bayes_optimal_decoder,bayes_best_target_distinction,comp_bitflip_0_10_then_0_25,D_trivial,0,0,0,0,1,1,1,PASS,decoder table maps target-observation labels to source labels; no source-state oracle input
dec::comp_bitflip_0_10_then_0_25::D_trivial::E_parity::exact_decoder,exact_support_decoder,comp_bitflip_0_10_then_0_25,D_trivial,0,0,0,0,1,1,1,PASS,decoder table maps target-observation labels to source labels; no source-state oracle input
dec::comp_bitflip_0_10_then_0_25::D_trivial::E_trivial::bayes_optimal_decoder,bayes_best_target_distinction,comp_bitflip_0_10_then_0_25,D_trivial,0,0,0,0,1,1,1,PASS,decoder table maps target-observation labels to source labels; no source-state oracle input
dec::comp_bitflip_0_10_then_0_25::D_trivial::E_trivial::exact_decoder,exact_support_decoder,comp_bitflip_0_10_then_0_25,D_trivial,0,0,0,0,1,1,1,PASS,decoder table maps target-observation labels to source labels; no source-state oracle input
dec::comp_bitflip_0_10_then_0_25::D_trivial::E_trivial::declared_decoder,fixed_declared_decoder_rule,comp_bitflip_0_10_then_0_25,D_trivial,0,0,0,0,1,1,1,PASS,decoder table maps target-observation labels to source labels; no source-state oracle input
dec::comp_identity_then_marginal_degrade_0_10::D_A::E_A::bayes_optimal_decoder,bayes_best_target_distinction,comp_identity_then_marginal_degrade_0_10,D_A,0,0,0,0,1,1,1,PASS,decoder table maps target-observation labels to source labels; no source-state oracle input
dec::comp_identity_then_marginal_degrade_0_10::D_A::E_A::declared_decoder,fixed_declared_decoder_rule,comp_identity_then_marginal_degrade_0_10,D_A,0,0,0,0,1,1,1,PASS,decoder table maps target-observation labels to source labels; no source-state oracle input
dec::comp_identity_then_marginal_degrade_0_10::D_A::E_B::bayes_optimal_decoder,bayes_best_target_distinction,comp_identity_then_marginal_degrade_0_10,D_A,0,0,0,0,1,1,1,PASS,decoder table maps target-observation labels to source labels; no source-state oracle input
dec::comp_identity_then_marginal_degrade_0_10::D_A::E_B::declared_decoder,fixed_declared_decoder_rule,comp_identity_then_marginal_degrade_0_10,D_A,0,0,0,0,1,1,1,PASS,decoder table maps target-observation labels to source labels; no source-state oracle input
dec::comp_identity_then_marginal_degrade_0_10::D_A::E_joint::bayes_optimal_decoder,bayes_best_target_distinction,comp_identity_then_marginal_degrade_0_10,D_A,0,0,0,0,1,1,1,PASS,decoder table maps target-observation labels to source labels; no source-state oracle input
dec::comp_identity_then_marginal_degrade_0_10::D_A::E_parity::bayes_optimal_decoder,bayes_best_target_distinction,comp_identity_then_marginal_degrade_0_10,D_A,0,0,0,0,1,1,1,PASS,decoder table maps target-observation labels to source labels; no source-state oracle input
dec::comp_identity_then_marginal_degrade_0_10::D_A::E_parity::declared_decoder,fixed_declared_decoder_rule,comp_identity_then_marginal_degrade_0_10,D_A,0,0,0,0,1,1,1,PASS,decoder table maps target-observation labels to source labels; no source-state oracle input
dec::comp_identity_then_marginal_degrade_0_10::D_A::E_trivial::bayes_optimal_decoder,bayes_best_target_distinction,comp_identity_then_marginal_degrade_0_10,D_A,0,0,0,0,1,1,1,PASS,decoder table maps target-observation labels to source labels; no source-state oracle input
dec::comp_identity_then_marginal_degrade_0_10::D_B::E_A::bayes_optimal_decoder,bayes_best_target_distinction,comp_identity_then_marginal_degrade_0_10,D_B,0,0,0,0,1,1,1,PASS,decoder table maps target-observation labels to source labels; no source-state oracle input
dec::comp_identity_then_marginal_degrade_0_10::D_B::E_A::declared_decoder,fixed_declared_decoder_rule,comp_identity_then_marginal_degrade_0_10,D_B,0,0,0,0,1,1,1,PASS,decoder table maps target-observation labels to source labels; no source-state oracle input
dec::comp_identity_then_marginal_degrade_0_10::D_B::E_B::bayes_optimal_decoder,bayes_best_target_distinction,comp_identity_then_marginal_degrade_0_10,D_B,0,0,0,0,1,1,1,PASS,decoder table maps target-observation labels to source labels; no source-state oracle input
dec::comp_identity_then_marginal_degrade_0_10::D_B::E_B::declared_decoder,fixed_declared_decoder_rule,comp_identity_then_marginal_degrade_0_10,D_B,0,0,0,0,1,1,1,PASS,decoder table maps target-observation labels to source labels; no source-state oracle input
dec::comp_identity_then_marginal_degrade_0_10::D_B::E_joint::bayes_optimal_decoder,bayes_best_target_distinction,comp_identity_then_marginal_degrade_0_10,D_B,0,0,0,0,1,1,1,PASS,decoder table maps target-observation labels to source labels; no source-state oracle input
dec::comp_identity_then_marginal_degrade_0_10::D_B::E_parity::bayes_optimal_decoder,bayes_best_target_distinction,comp_identity_then_marginal_degrade_0_10,D_B,0,0,0,0,1,1,1,PASS,decoder table maps target-observation labels to source labels; no source-state oracle input
dec::comp_identity_then_marginal_degrade_0_10::D_B::E_parity::declared_decoder,fixed_declared_decoder_rule,comp_identity_then_marginal_degrade_0_10,D_B,0,0,0,0,1,1,1,PASS,decoder table maps target-observation labels to source labels; no source-state oracle input
dec::comp_identity_then_marginal_degrade_0_10::D_B::E_trivial::bayes_optimal_decoder,bayes_best_target_distinction,comp_identity_then_marginal_degrade_0_10,D_B,0,0,0,0,1,1,1,PASS,decoder table maps target-observation labels to source labels; no source-state oracle input
dec::comp_identity_then_marginal_degrade_0_10::D_joint::E_A::bayes_optimal_decoder,bayes_best_target_distinction,comp_identity_then_marginal_degrade_0_10,D_joint,0,0,0,0,1,1,1,PASS,decoder table maps target-observation labels to source labels; no source-state oracle input
dec::comp_identity_then_marginal_degrade_0_10::D_joint::E_B::bayes_optimal_decoder,bayes_best_target_distinction,comp_identity_then_marginal_degrade_0_10,D_joint,0,0,0,0,1,1,1,PASS,decoder table maps target-observation labels to source labels; no source-state oracle input
dec::comp_identity_then_marginal_degrade_0_10::D_joint::E_joint::bayes_optimal_decoder,bayes_best_target_distinction,comp_identity_then_marginal_degrade_0_10,D_joint,0,0,0,0,1,1,1,PASS,decoder table maps target-observation labels to source labels; no source-state oracle input
dec::comp_identity_then_marginal_degrade_0_10::D_joint::E_joint::declared_decoder,fixed_declared_decoder_rule,comp_identity_then_marginal_degrade_0_10,D_joint,0,0,0,0,1,1,1,PASS,decoder table maps target-observation labels to source labels; no source-state oracle input
dec::comp_identity_then_marginal_degrade_0_10::D_joint::E_parity::bayes_optimal_decoder,bayes_best_target_distinction,comp_identity_then_marginal_degrade_0_10,D_joint,0,0,0,0,1,1,1,PASS,decoder table maps target-observation labels to source labels; no source-state oracle input
dec::comp_identity_then_marginal_degrade_0_10::D_joint::E_trivial::bayes_optimal_decoder,bayes_best_target_distinction,comp_identity_then_marginal_degrade_0_10,D_joint,0,0,0,0,1,1,1,PASS,decoder table maps target-observation labels to source labels; no source-state oracle input
dec::comp_identity_then_marginal_degrade_0_10::D_parity::E_A::bayes_optimal_decoder,bayes_best_target_distinction,comp_identity_then_marginal_degrade_0_10,D_parity,0,0,0,0,1,1,1,PASS,decoder table maps target-observation labels to source labels; no source-state oracle input
dec::comp_identity_then_marginal_degrade_0_10::D_parity::E_A::declared_decoder,fixed_declared_decoder_rule,comp_identity_then_marginal_degrade_0_10,D_parity,0,0,0,0,1,1,1,PASS,decoder table maps target-observation labels to source labels; no source-state oracle input
dec::comp_identity_then_marginal_degrade_0_10::D_parity::E_B::bayes_optimal_decoder,bayes_best_target_distinction,comp_identity_then_marginal_degrade_0_10,D_parity,0,0,0,0,1,1,1,PASS,decoder table maps target-observation labels to source labels; no source-state oracle input
dec::comp_identity_then_marginal_degrade_0_10::D_parity::E_B::declared_decoder,fixed_declared_decoder_rule,comp_identity_then_marginal_degrade_0_10,D_parity,0,0,0,0,1,1,1,PASS,decoder table maps target-observation labels to source labels; no source-state oracle input
dec::comp_identity_then_marginal_degrade_0_10::D_parity::E_joint::bayes_optimal_decoder,bayes_best_target_distinction,comp_identity_then_marginal_degrade_0_10,D_parity,0,0,0,0,1,1,1,PASS,decoder table maps target-observation labels to source labels; no source-state oracle input
dec::comp_identity_then_marginal_degrade_0_10::D_parity::E_parity::bayes_optimal_decoder,bayes_best_target_distinction,comp_identity_then_marginal_degrade_0_10,D_parity,0,0,0,0,1,1,1,PASS,decoder table maps target-observation labels to source labels; no source-state oracle input
dec::comp_identity_then_marginal_degrade_0_10::D_parity::E_parity::declared_decoder,fixed_declared_decoder_rule,comp_identity_then_marginal_degrade_0_10,D_parity,0,0,0,0,1,1,1,PASS,decoder table maps target-observation labels to source labels; no source-state oracle input
dec::comp_identity_then_marginal_degrade_0_10::D_parity::E_trivial::bayes_optimal_decoder,bayes_best_target_distinction,comp_identity_then_marginal_degrade_0_10,D_parity,0,0,0,0,1,1,1,PASS,decoder table maps target-observation labels to source labels; no source-state oracle input
dec::comp_identity_then_marginal_degrade_0_10::D_trivial::E_A::bayes_optimal_decoder,bayes_best_target_distinction,comp_identity_then_marginal_degrade_0_10,D_trivial,0,0,0,0,1,1,1,PASS,decoder table maps target-observation labels to source labels; no source-state oracle input
dec::comp_identity_then_marginal_degrade_0_10::D_trivial::E_A::exact_decoder,exact_support_decoder,comp_identity_then_marginal_degrade_0_10,D_trivial,0,0,0,0,1,1,1,PASS,decoder table maps target-observation labels to source labels; no source-state oracle input
dec::comp_identity_then_marginal_degrade_0_10::D_trivial::E_B::bayes_optimal_decoder,bayes_best_target_distinction,comp_identity_then_marginal_degrade_0_10,D_trivial,0,0,0,0,1,1,1,PASS,decoder table maps target-observation labels to source labels; no source-state oracle input
dec::comp_identity_then_marginal_degrade_0_10::D_trivial::E_B::exact_decoder,exact_support_decoder,comp_identity_then_marginal_degrade_0_10,D_trivial,0,0,0,0,1,1,1,PASS,decoder table maps target-observation labels to source labels; no source-state oracle input
dec::comp_identity_then_marginal_degrade_0_10::D_trivial::E_joint::bayes_optimal_decoder,bayes_best_target_distinction,comp_identity_then_marginal_degrade_0_10,D_trivial,0,0,0,0,1,1,1,PASS,decoder table maps target-observation labels to source labels; no source-state oracle input
dec::comp_identity_then_marginal_degrade_0_10::D_trivial::E_joint::exact_decoder,exact_support_decoder,comp_identity_then_marginal_degrade_0_10,D_trivial,0,0,0,0,1,1,1,PASS,decoder table maps target-observation labels to source labels; no source-state oracle input
dec::comp_identity_then_marginal_degrade_0_10::D_trivial::E_parity::bayes_optimal_decoder,bayes_best_target_distinction,comp_identity_then_marginal_degrade_0_10,D_trivial,0,0,0,0,1,1,1,PASS,decoder table maps target-observation labels to source labels; no source-state oracle input
dec::comp_identity_then_marginal_degrade_0_10::D_trivial::E_parity::exact_decoder,exact_support_decoder,comp_identity_then_marginal_degrade_0_10,D_trivial,0,0,0,0,1,1,1,PASS,decoder table maps target-observation labels to source labels; no source-state oracle input
dec::comp_identity_then_marginal_degrade_0_10::D_trivial::E_trivial::bayes_optimal_decoder,bayes_best_target_distinction,comp_identity_then_marginal_degrade_0_10,D_trivial,0,0,0,0,1,1,1,PASS,decoder table maps target-observation labels to source labels; no source-state oracle input
dec::comp_identity_then_marginal_degrade_0_10::D_trivial::E_trivial::exact_decoder,exact_support_decoder,comp_identity_then_marginal_degrade_0_10,D_trivial,0,0,0,0,1,1,1,PASS,decoder table maps target-observation labels to source labels; no source-state oracle input
dec::comp_identity_then_marginal_degrade_0_10::D_trivial::E_trivial::declared_decoder,fixed_declared_decoder_rule,comp_identity_then_marginal_degrade_0_10,D_trivial,0,0,0,0,1,1,1,PASS,decoder table maps target-observation labels to source labels; no source-state oracle input
