channel_id,distinction_id,target_distinction_id,decoder_id,support_exact_recovered,success_probability,success_fraction,chance_success_probability,normalized_recovery_advantage,prior_full_support_for_distinction,classification,theorem_boundary_status,notes
identity_channel,D_A,E_A,dec::identity_channel::D_A::E_A::bayes_optimal_decoder,1,1.0,1,0.5,1.0,1,exact_support_and_perfect_probability,support_theorem_transfer_ready,support exact recovery and probabilistic success are not collapsed
identity_channel,D_A,E_A,dec::identity_channel::D_A::E_A::exact_decoder,1,1.0,1,0.5,1.0,1,exact_support_and_perfect_probability,support_theorem_transfer_ready,support exact recovery and probabilistic success are not collapsed
identity_channel,D_A,E_A,dec::identity_channel::D_A::E_A::declared_decoder,1,1.0,1,0.5,1.0,1,exact_support_and_perfect_probability,support_theorem_transfer_ready,support exact recovery and probabilistic success are not collapsed
identity_channel,D_A,E_B,dec::identity_channel::D_A::E_B::bayes_optimal_decoder,0,0.5,1/2,0.5,0.0,1,support_exact_failure_probability_low,measurement_only,support exact recovery and probabilistic success are not collapsed
identity_channel,D_A,E_B,dec::identity_channel::D_A::E_B::declared_decoder,0,0.5,1/2,0.5,0.0,1,support_exact_failure_probability_low,measurement_only,support exact recovery and probabilistic success are not collapsed
identity_channel,D_A,E_joint,dec::identity_channel::D_A::E_joint::bayes_optimal_decoder,1,1.0,1,0.5,1.0,1,exact_support_and_perfect_probability,support_theorem_transfer_ready,support exact recovery and probabilistic success are not collapsed
identity_channel,D_A,E_joint,dec::identity_channel::D_A::E_joint::exact_decoder,1,1.0,1,0.5,1.0,1,exact_support_and_perfect_probability,support_theorem_transfer_ready,support exact recovery and probabilistic success are not collapsed
identity_channel,D_A,E_parity,dec::identity_channel::D_A::E_parity::bayes_optimal_decoder,0,0.5,1/2,0.5,0.0,1,support_exact_failure_probability_low,measurement_only,support exact recovery and probabilistic success are not collapsed
identity_channel,D_A,E_parity,dec::identity_channel::D_A::E_parity::declared_decoder,0,0.5,1/2,0.5,0.0,1,support_exact_failure_probability_low,measurement_only,support exact recovery and probabilistic success are not collapsed
identity_channel,D_A,E_trivial,dec::identity_channel::D_A::E_trivial::bayes_optimal_decoder,0,0.5,1/2,0.5,0.0,1,support_exact_failure_probability_low,measurement_only,support exact recovery and probabilistic success are not collapsed
identity_channel,D_B,E_A,dec::identity_channel::D_B::E_A::bayes_optimal_decoder,0,0.5,1/2,0.5,0.0,1,support_exact_failure_probability_low,measurement_only,support exact recovery and probabilistic success are not collapsed
identity_channel,D_B,E_A,dec::identity_channel::D_B::E_A::declared_decoder,0,0.5,1/2,0.5,0.0,1,support_exact_failure_probability_low,measurement_only,support exact recovery and probabilistic success are not collapsed
identity_channel,D_B,E_B,dec::identity_channel::D_B::E_B::bayes_optimal_decoder,1,1.0,1,0.5,1.0,1,exact_support_and_perfect_probability,support_theorem_transfer_ready,support exact recovery and probabilistic success are not collapsed
identity_channel,D_B,E_B,dec::identity_channel::D_B::E_B::exact_decoder,1,1.0,1,0.5,1.0,1,exact_support_and_perfect_probability,support_theorem_transfer_ready,support exact recovery and probabilistic success are not collapsed
identity_channel,D_B,E_B,dec::identity_channel::D_B::E_B::declared_decoder,1,1.0,1,0.5,1.0,1,exact_support_and_perfect_probability,support_theorem_transfer_ready,support exact recovery and probabilistic success are not collapsed
identity_channel,D_B,E_joint,dec::identity_channel::D_B::E_joint::bayes_optimal_decoder,1,1.0,1,0.5,1.0,1,exact_support_and_perfect_probability,support_theorem_transfer_ready,support exact recovery and probabilistic success are not collapsed
identity_channel,D_B,E_joint,dec::identity_channel::D_B::E_joint::exact_decoder,1,1.0,1,0.5,1.0,1,exact_support_and_perfect_probability,support_theorem_transfer_ready,support exact recovery and probabilistic success are not collapsed
identity_channel,D_B,E_parity,dec::identity_channel::D_B::E_parity::bayes_optimal_decoder,0,0.5,1/2,0.5,0.0,1,support_exact_failure_probability_low,measurement_only,support exact recovery and probabilistic success are not collapsed
identity_channel,D_B,E_parity,dec::identity_channel::D_B::E_parity::declared_decoder,0,0.5,1/2,0.5,0.0,1,support_exact_failure_probability_low,measurement_only,support exact recovery and probabilistic success are not collapsed
identity_channel,D_B,E_trivial,dec::identity_channel::D_B::E_trivial::bayes_optimal_decoder,0,0.5,1/2,0.5,0.0,1,support_exact_failure_probability_low,measurement_only,support exact recovery and probabilistic success are not collapsed
identity_channel,D_joint,E_A,dec::identity_channel::D_joint::E_A::bayes_optimal_decoder,0,0.5,1/2,0.25,0.3333333333333333,1,support_exact_failure_probability_low,measurement_only,support exact recovery and probabilistic success are not collapsed
identity_channel,D_joint,E_B,dec::identity_channel::D_joint::E_B::bayes_optimal_decoder,0,0.5,1/2,0.25,0.3333333333333333,1,support_exact_failure_probability_low,measurement_only,support exact recovery and probabilistic success are not collapsed
identity_channel,D_joint,E_joint,dec::identity_channel::D_joint::E_joint::bayes_optimal_decoder,1,1.0,1,0.25,1.0,1,exact_support_and_perfect_probability,support_theorem_transfer_ready,support exact recovery and probabilistic success are not collapsed
identity_channel,D_joint,E_joint,dec::identity_channel::D_joint::E_joint::exact_decoder,1,1.0,1,0.25,1.0,1,exact_support_and_perfect_probability,support_theorem_transfer_ready,support exact recovery and probabilistic success are not collapsed
identity_channel,D_joint,E_joint,dec::identity_channel::D_joint::E_joint::declared_decoder,1,1.0,1,0.25,1.0,1,exact_support_and_perfect_probability,support_theorem_transfer_ready,support exact recovery and probabilistic success are not collapsed
identity_channel,D_joint,E_parity,dec::identity_channel::D_joint::E_parity::bayes_optimal_decoder,0,0.5,1/2,0.25,0.3333333333333333,1,support_exact_failure_probability_low,measurement_only,support exact recovery and probabilistic success are not collapsed
identity_channel,D_joint,E_trivial,dec::identity_channel::D_joint::E_trivial::bayes_optimal_decoder,0,0.25,1/4,0.25,0.0,1,support_exact_failure_probability_low,measurement_only,support exact recovery and probabilistic success are not collapsed
identity_channel,D_parity,E_A,dec::identity_channel::D_parity::E_A::bayes_optimal_decoder,0,0.5,1/2,0.5,0.0,1,support_exact_failure_probability_low,measurement_only,support exact recovery and probabilistic success are not collapsed
identity_channel,D_parity,E_A,dec::identity_channel::D_parity::E_A::declared_decoder,0,0.5,1/2,0.5,0.0,1,support_exact_failure_probability_low,measurement_only,support exact recovery and probabilistic success are not collapsed
identity_channel,D_parity,E_B,dec::identity_channel::D_parity::E_B::bayes_optimal_decoder,0,0.5,1/2,0.5,0.0,1,support_exact_failure_probability_low,measurement_only,support exact recovery and probabilistic success are not collapsed
identity_channel,D_parity,E_B,dec::identity_channel::D_parity::E_B::declared_decoder,0,0.5,1/2,0.5,0.0,1,support_exact_failure_probability_low,measurement_only,support exact recovery and probabilistic success are not collapsed
identity_channel,D_parity,E_joint,dec::identity_channel::D_parity::E_joint::bayes_optimal_decoder,1,1.0,1,0.5,1.0,1,exact_support_and_perfect_probability,support_theorem_transfer_ready,support exact recovery and probabilistic success are not collapsed
identity_channel,D_parity,E_joint,dec::identity_channel::D_parity::E_joint::exact_decoder,1,1.0,1,0.5,1.0,1,exact_support_and_perfect_probability,support_theorem_transfer_ready,support exact recovery and probabilistic success are not collapsed
identity_channel,D_parity,E_parity,dec::identity_channel::D_parity::E_parity::bayes_optimal_decoder,1,1.0,1,0.5,1.0,1,exact_support_and_perfect_probability,support_theorem_transfer_ready,support exact recovery and probabilistic success are not collapsed
identity_channel,D_parity,E_parity,dec::identity_channel::D_parity::E_parity::exact_decoder,1,1.0,1,0.5,1.0,1,exact_support_and_perfect_probability,support_theorem_transfer_ready,support exact recovery and probabilistic success are not collapsed
identity_channel,D_parity,E_parity,dec::identity_channel::D_parity::E_parity::declared_decoder,1,1.0,1,0.5,1.0,1,exact_support_and_perfect_probability,support_theorem_transfer_ready,support exact recovery and probabilistic success are not collapsed
identity_channel,D_parity,E_trivial,dec::identity_channel::D_parity::E_trivial::bayes_optimal_decoder,0,0.5,1/2,0.5,0.0,1,support_exact_failure_probability_low,measurement_only,support exact recovery and probabilistic success are not collapsed
identity_channel,D_trivial,E_A,dec::identity_channel::D_trivial::E_A::bayes_optimal_decoder,1,1.0,1,1.0,0.0,1,exact_support_and_perfect_probability,support_theorem_transfer_ready,support exact recovery and probabilistic success are not collapsed
identity_channel,D_trivial,E_A,dec::identity_channel::D_trivial::E_A::exact_decoder,1,1.0,1,1.0,0.0,1,exact_support_and_perfect_probability,support_theorem_transfer_ready,support exact recovery and probabilistic success are not collapsed
identity_channel,D_trivial,E_B,dec::identity_channel::D_trivial::E_B::bayes_optimal_decoder,1,1.0,1,1.0,0.0,1,exact_support_and_perfect_probability,support_theorem_transfer_ready,support exact recovery and probabilistic success are not collapsed
identity_channel,D_trivial,E_B,dec::identity_channel::D_trivial::E_B::exact_decoder,1,1.0,1,1.0,0.0,1,exact_support_and_perfect_probability,support_theorem_transfer_ready,support exact recovery and probabilistic success are not collapsed
identity_channel,D_trivial,E_joint,dec::identity_channel::D_trivial::E_joint::bayes_optimal_decoder,1,1.0,1,1.0,0.0,1,exact_support_and_perfect_probability,support_theorem_transfer_ready,support exact recovery and probabilistic success are not collapsed
identity_channel,D_trivial,E_joint,dec::identity_channel::D_trivial::E_joint::exact_decoder,1,1.0,1,1.0,0.0,1,exact_support_and_perfect_probability,support_theorem_transfer_ready,support exact recovery and probabilistic success are not collapsed
identity_channel,D_trivial,E_parity,dec::identity_channel::D_trivial::E_parity::bayes_optimal_decoder,1,1.0,1,1.0,0.0,1,exact_support_and_perfect_probability,support_theorem_transfer_ready,support exact recovery and probabilistic success are not collapsed
identity_channel,D_trivial,E_parity,dec::identity_channel::D_trivial::E_parity::exact_decoder,1,1.0,1,1.0,0.0,1,exact_support_and_perfect_probability,support_theorem_transfer_ready,support exact recovery and probabilistic success are not collapsed
identity_channel,D_trivial,E_trivial,dec::identity_channel::D_trivial::E_trivial::bayes_optimal_decoder,1,1.0,1,1.0,0.0,1,exact_support_and_perfect_probability,support_theorem_transfer_ready,support exact recovery and probabilistic success are not collapsed
identity_channel,D_trivial,E_trivial,dec::identity_channel::D_trivial::E_trivial::exact_decoder,1,1.0,1,1.0,0.0,1,exact_support_and_perfect_probability,support_theorem_transfer_ready,support exact recovery and probabilistic success are not collapsed
identity_channel,D_trivial,E_trivial,dec::identity_channel::D_trivial::E_trivial::declared_decoder,1,1.0,1,1.0,0.0,1,exact_support_and_perfect_probability,support_theorem_transfer_ready,support exact recovery and probabilistic success are not collapsed
total_erasure_channel,D_A,E_trivial_star,dec::total_erasure_channel::D_A::E_trivial_star::bayes_optimal_decoder,0,0.5,1/2,0.5,0.0,1,support_exact_failure_probability_low,measurement_only,support exact recovery and probabilistic success are not collapsed
total_erasure_channel,D_B,E_trivial_star,dec::total_erasure_channel::D_B::E_trivial_star::bayes_optimal_decoder,0,0.5,1/2,0.5,0.0,1,support_exact_failure_probability_low,measurement_only,support exact recovery and probabilistic success are not collapsed
total_erasure_channel,D_joint,E_trivial_star,dec::total_erasure_channel::D_joint::E_trivial_star::bayes_optimal_decoder,0,0.25,1/4,0.25,0.0,1,support_exact_failure_probability_low,measurement_only,support exact recovery and probabilistic success are not collapsed
total_erasure_channel,D_parity,E_trivial_star,dec::total_erasure_channel::D_parity::E_trivial_star::bayes_optimal_decoder,0,0.5,1/2,0.5,0.0,1,support_exact_failure_probability_low,measurement_only,support exact recovery and probabilistic success are not collapsed
total_erasure_channel,D_trivial,E_trivial_star,dec::total_erasure_channel::D_trivial::E_trivial_star::bayes_optimal_decoder,1,1.0,1,1.0,0.0,1,exact_support_and_perfect_probability,support_theorem_transfer_ready,support exact recovery and probabilistic success are not collapsed
total_erasure_channel,D_trivial,E_trivial_star,dec::total_erasure_channel::D_trivial::E_trivial_star::exact_decoder,1,1.0,1,1.0,0.0,1,exact_support_and_perfect_probability,support_theorem_transfer_ready,support exact recovery and probabilistic success are not collapsed
total_erasure_channel,D_trivial,E_trivial_star,dec::total_erasure_channel::D_trivial::E_trivial_star::declared_decoder,1,1.0,1,1.0,0.0,1,exact_support_and_perfect_probability,support_theorem_transfer_ready,support exact recovery and probabilistic success are not collapsed
projection_A_channel,D_A,E_A_marg,dec::projection_A_channel::D_A::E_A_marg::bayes_optimal_decoder,1,1.0,1,0.5,1.0,1,exact_support_and_perfect_probability,support_theorem_transfer_ready,support exact recovery and probabilistic success are not collapsed
projection_A_channel,D_A,E_A_marg,dec::projection_A_channel::D_A::E_A_marg::exact_decoder,1,1.0,1,0.5,1.0,1,exact_support_and_perfect_probability,support_theorem_transfer_ready,support exact recovery and probabilistic success are not collapsed
projection_A_channel,D_A,E_A_marg,dec::projection_A_channel::D_A::E_A_marg::declared_decoder,1,1.0,1,0.5,1.0,1,exact_support_and_perfect_probability,support_theorem_transfer_ready,support exact recovery and probabilistic success are not collapsed
projection_A_channel,D_A,E_trivial_A,dec::projection_A_channel::D_A::E_trivial_A::bayes_optimal_decoder,0,0.5,1/2,0.5,0.0,1,support_exact_failure_probability_low,measurement_only,support exact recovery and probabilistic success are not collapsed
projection_A_channel,D_B,E_A_marg,dec::projection_A_channel::D_B::E_A_marg::bayes_optimal_decoder,0,0.5,1/2,0.5,0.0,1,support_exact_failure_probability_low,measurement_only,support exact recovery and probabilistic success are not collapsed
projection_A_channel,D_B,E_A_marg,dec::projection_A_channel::D_B::E_A_marg::declared_decoder,0,0.5,1/2,0.5,0.0,1,support_exact_failure_probability_low,measurement_only,support exact recovery and probabilistic success are not collapsed
projection_A_channel,D_B,E_trivial_A,dec::projection_A_channel::D_B::E_trivial_A::bayes_optimal_decoder,0,0.5,1/2,0.5,0.0,1,support_exact_failure_probability_low,measurement_only,support exact recovery and probabilistic success are not collapsed
projection_A_channel,D_joint,E_A_marg,dec::projection_A_channel::D_joint::E_A_marg::bayes_optimal_decoder,0,0.5,1/2,0.25,0.3333333333333333,1,support_exact_failure_probability_low,measurement_only,support exact recovery and probabilistic success are not collapsed
projection_A_channel,D_joint,E_trivial_A,dec::projection_A_channel::D_joint::E_trivial_A::bayes_optimal_decoder,0,0.25,1/4,0.25,0.0,1,support_exact_failure_probability_low,measurement_only,support exact recovery and probabilistic success are not collapsed
projection_A_channel,D_parity,E_A_marg,dec::projection_A_channel::D_parity::E_A_marg::bayes_optimal_decoder,0,0.5,1/2,0.5,0.0,1,support_exact_failure_probability_low,measurement_only,support exact recovery and probabilistic success are not collapsed
projection_A_channel,D_parity,E_A_marg,dec::projection_A_channel::D_parity::E_A_marg::declared_decoder,0,0.5,1/2,0.5,0.0,1,support_exact_failure_probability_low,measurement_only,support exact recovery and probabilistic success are not collapsed
projection_A_channel,D_parity,E_trivial_A,dec::projection_A_channel::D_parity::E_trivial_A::bayes_optimal_decoder,0,0.5,1/2,0.5,0.0,1,support_exact_failure_probability_low,measurement_only,support exact recovery and probabilistic success are not collapsed
projection_A_channel,D_trivial,E_A_marg,dec::projection_A_channel::D_trivial::E_A_marg::bayes_optimal_decoder,1,1.0,1,1.0,0.0,1,exact_support_and_perfect_probability,support_theorem_transfer_ready,support exact recovery and probabilistic success are not collapsed
projection_A_channel,D_trivial,E_A_marg,dec::projection_A_channel::D_trivial::E_A_marg::exact_decoder,1,1.0,1,1.0,0.0,1,exact_support_and_perfect_probability,support_theorem_transfer_ready,support exact recovery and probabilistic success are not collapsed
projection_A_channel,D_trivial,E_trivial_A,dec::projection_A_channel::D_trivial::E_trivial_A::bayes_optimal_decoder,1,1.0,1,1.0,0.0,1,exact_support_and_perfect_probability,support_theorem_transfer_ready,support exact recovery and probabilistic success are not collapsed
projection_A_channel,D_trivial,E_trivial_A,dec::projection_A_channel::D_trivial::E_trivial_A::exact_decoder,1,1.0,1,1.0,0.0,1,exact_support_and_perfect_probability,support_theorem_transfer_ready,support exact recovery and probabilistic success are not collapsed
projection_A_channel,D_trivial,E_trivial_A,dec::projection_A_channel::D_trivial::E_trivial_A::declared_decoder,1,1.0,1,1.0,0.0,1,exact_support_and_perfect_probability,support_theorem_transfer_ready,support exact recovery and probabilistic success are not collapsed
projection_B_channel,D_A,E_B_marg,dec::projection_B_channel::D_A::E_B_marg::bayes_optimal_decoder,0,0.5,1/2,0.5,0.0,1,support_exact_failure_probability_low,measurement_only,support exact recovery and probabilistic success are not collapsed
projection_B_channel,D_A,E_B_marg,dec::projection_B_channel::D_A::E_B_marg::declared_decoder,0,0.5,1/2,0.5,0.0,1,support_exact_failure_probability_low,measurement_only,support exact recovery and probabilistic success are not collapsed
projection_B_channel,D_A,E_trivial_B,dec::projection_B_channel::D_A::E_trivial_B::bayes_optimal_decoder,0,0.5,1/2,0.5,0.0,1,support_exact_failure_probability_low,measurement_only,support exact recovery and probabilistic success are not collapsed
projection_B_channel,D_B,E_B_marg,dec::projection_B_channel::D_B::E_B_marg::bayes_optimal_decoder,1,1.0,1,0.5,1.0,1,exact_support_and_perfect_probability,support_theorem_transfer_ready,support exact recovery and probabilistic success are not collapsed
projection_B_channel,D_B,E_B_marg,dec::projection_B_channel::D_B::E_B_marg::exact_decoder,1,1.0,1,0.5,1.0,1,exact_support_and_perfect_probability,support_theorem_transfer_ready,support exact recovery and probabilistic success are not collapsed
projection_B_channel,D_B,E_B_marg,dec::projection_B_channel::D_B::E_B_marg::declared_decoder,1,1.0,1,0.5,1.0,1,exact_support_and_perfect_probability,support_theorem_transfer_ready,support exact recovery and probabilistic success are not collapsed
projection_B_channel,D_B,E_trivial_B,dec::projection_B_channel::D_B::E_trivial_B::bayes_optimal_decoder,0,0.5,1/2,0.5,0.0,1,support_exact_failure_probability_low,measurement_only,support exact recovery and probabilistic success are not collapsed
projection_B_channel,D_joint,E_B_marg,dec::projection_B_channel::D_joint::E_B_marg::bayes_optimal_decoder,0,0.5,1/2,0.25,0.3333333333333333,1,support_exact_failure_probability_low,measurement_only,support exact recovery and probabilistic success are not collapsed
projection_B_channel,D_joint,E_trivial_B,dec::projection_B_channel::D_joint::E_trivial_B::bayes_optimal_decoder,0,0.25,1/4,0.25,0.0,1,support_exact_failure_probability_low,measurement_only,support exact recovery and probabilistic success are not collapsed
projection_B_channel,D_parity,E_B_marg,dec::projection_B_channel::D_parity::E_B_marg::bayes_optimal_decoder,0,0.5,1/2,0.5,0.0,1,support_exact_failure_probability_low,measurement_only,support exact recovery and probabilistic success are not collapsed
projection_B_channel,D_parity,E_B_marg,dec::projection_B_channel::D_parity::E_B_marg::declared_decoder,0,0.5,1/2,0.5,0.0,1,support_exact_failure_probability_low,measurement_only,support exact recovery and probabilistic success are not collapsed
projection_B_channel,D_parity,E_trivial_B,dec::projection_B_channel::D_parity::E_trivial_B::bayes_optimal_decoder,0,0.5,1/2,0.5,0.0,1,support_exact_failure_probability_low,measurement_only,support exact recovery and probabilistic success are not collapsed
projection_B_channel,D_trivial,E_B_marg,dec::projection_B_channel::D_trivial::E_B_marg::bayes_optimal_decoder,1,1.0,1,1.0,0.0,1,exact_support_and_perfect_probability,support_theorem_transfer_ready,support exact recovery and probabilistic success are not collapsed
projection_B_channel,D_trivial,E_B_marg,dec::projection_B_channel::D_trivial::E_B_marg::exact_decoder,1,1.0,1,1.0,0.0,1,exact_support_and_perfect_probability,support_theorem_transfer_ready,support exact recovery and probabilistic success are not collapsed
projection_B_channel,D_trivial,E_trivial_B,dec::projection_B_channel::D_trivial::E_trivial_B::bayes_optimal_decoder,1,1.0,1,1.0,0.0,1,exact_support_and_perfect_probability,support_theorem_transfer_ready,support exact recovery and probabilistic success are not collapsed
projection_B_channel,D_trivial,E_trivial_B,dec::projection_B_channel::D_trivial::E_trivial_B::exact_decoder,1,1.0,1,1.0,0.0,1,exact_support_and_perfect_probability,support_theorem_transfer_ready,support exact recovery and probabilistic success are not collapsed
projection_B_channel,D_trivial,E_trivial_B,dec::projection_B_channel::D_trivial::E_trivial_B::declared_decoder,1,1.0,1,1.0,0.0,1,exact_support_and_perfect_probability,support_theorem_transfer_ready,support exact recovery and probabilistic success are not collapsed
bit_flip_p_0_00,D_A,E_A,dec::bit_flip_p_0_00::D_A::E_A::bayes_optimal_decoder,1,1.0,1,0.5,1.0,1,exact_support_and_perfect_probability,support_theorem_transfer_ready,support exact recovery and probabilistic success are not collapsed
bit_flip_p_0_00,D_A,E_A,dec::bit_flip_p_0_00::D_A::E_A::exact_decoder,1,1.0,1,0.5,1.0,1,exact_support_and_perfect_probability,support_theorem_transfer_ready,support exact recovery and probabilistic success are not collapsed
bit_flip_p_0_00,D_A,E_A,dec::bit_flip_p_0_00::D_A::E_A::declared_decoder,1,1.0,1,0.5,1.0,1,exact_support_and_perfect_probability,support_theorem_transfer_ready,support exact recovery and probabilistic success are not collapsed
bit_flip_p_0_00,D_A,E_B,dec::bit_flip_p_0_00::D_A::E_B::bayes_optimal_decoder,0,0.5,1/2,0.5,0.0,1,support_exact_failure_probability_low,measurement_only,support exact recovery and probabilistic success are not collapsed
bit_flip_p_0_00,D_A,E_B,dec::bit_flip_p_0_00::D_A::E_B::declared_decoder,0,0.5,1/2,0.5,0.0,1,support_exact_failure_probability_low,measurement_only,support exact recovery and probabilistic success are not collapsed
bit_flip_p_0_00,D_A,E_joint,dec::bit_flip_p_0_00::D_A::E_joint::bayes_optimal_decoder,1,1.0,1,0.5,1.0,1,exact_support_and_perfect_probability,support_theorem_transfer_ready,support exact recovery and probabilistic success are not collapsed
bit_flip_p_0_00,D_A,E_joint,dec::bit_flip_p_0_00::D_A::E_joint::exact_decoder,1,1.0,1,0.5,1.0,1,exact_support_and_perfect_probability,support_theorem_transfer_ready,support exact recovery and probabilistic success are not collapsed
bit_flip_p_0_00,D_A,E_parity,dec::bit_flip_p_0_00::D_A::E_parity::bayes_optimal_decoder,0,0.5,1/2,0.5,0.0,1,support_exact_failure_probability_low,measurement_only,support exact recovery and probabilistic success are not collapsed
bit_flip_p_0_00,D_A,E_parity,dec::bit_flip_p_0_00::D_A::E_parity::declared_decoder,0,0.5,1/2,0.5,0.0,1,support_exact_failure_probability_low,measurement_only,support exact recovery and probabilistic success are not collapsed
bit_flip_p_0_00,D_A,E_trivial,dec::bit_flip_p_0_00::D_A::E_trivial::bayes_optimal_decoder,0,0.5,1/2,0.5,0.0,1,support_exact_failure_probability_low,measurement_only,support exact recovery and probabilistic success are not collapsed
bit_flip_p_0_00,D_B,E_A,dec::bit_flip_p_0_00::D_B::E_A::bayes_optimal_decoder,0,0.5,1/2,0.5,0.0,1,support_exact_failure_probability_low,measurement_only,support exact recovery and probabilistic success are not collapsed
bit_flip_p_0_00,D_B,E_A,dec::bit_flip_p_0_00::D_B::E_A::declared_decoder,0,0.5,1/2,0.5,0.0,1,support_exact_failure_probability_low,measurement_only,support exact recovery and probabilistic success are not collapsed
bit_flip_p_0_00,D_B,E_B,dec::bit_flip_p_0_00::D_B::E_B::bayes_optimal_decoder,1,1.0,1,0.5,1.0,1,exact_support_and_perfect_probability,support_theorem_transfer_ready,support exact recovery and probabilistic success are not collapsed
bit_flip_p_0_00,D_B,E_B,dec::bit_flip_p_0_00::D_B::E_B::exact_decoder,1,1.0,1,0.5,1.0,1,exact_support_and_perfect_probability,support_theorem_transfer_ready,support exact recovery and probabilistic success are not collapsed
bit_flip_p_0_00,D_B,E_B,dec::bit_flip_p_0_00::D_B::E_B::declared_decoder,1,1.0,1,0.5,1.0,1,exact_support_and_perfect_probability,support_theorem_transfer_ready,support exact recovery and probabilistic success are not collapsed
bit_flip_p_0_00,D_B,E_joint,dec::bit_flip_p_0_00::D_B::E_joint::bayes_optimal_decoder,1,1.0,1,0.5,1.0,1,exact_support_and_perfect_probability,support_theorem_transfer_ready,support exact recovery and probabilistic success are not collapsed
bit_flip_p_0_00,D_B,E_joint,dec::bit_flip_p_0_00::D_B::E_joint::exact_decoder,1,1.0,1,0.5,1.0,1,exact_support_and_perfect_probability,support_theorem_transfer_ready,support exact recovery and probabilistic success are not collapsed
bit_flip_p_0_00,D_B,E_parity,dec::bit_flip_p_0_00::D_B::E_parity::bayes_optimal_decoder,0,0.5,1/2,0.5,0.0,1,support_exact_failure_probability_low,measurement_only,support exact recovery and probabilistic success are not collapsed
bit_flip_p_0_00,D_B,E_parity,dec::bit_flip_p_0_00::D_B::E_parity::declared_decoder,0,0.5,1/2,0.5,0.0,1,support_exact_failure_probability_low,measurement_only,support exact recovery and probabilistic success are not collapsed
bit_flip_p_0_00,D_B,E_trivial,dec::bit_flip_p_0_00::D_B::E_trivial::bayes_optimal_decoder,0,0.5,1/2,0.5,0.0,1,support_exact_failure_probability_low,measurement_only,support exact recovery and probabilistic success are not collapsed
bit_flip_p_0_00,D_joint,E_A,dec::bit_flip_p_0_00::D_joint::E_A::bayes_optimal_decoder,0,0.5,1/2,0.25,0.3333333333333333,1,support_exact_failure_probability_low,measurement_only,support exact recovery and probabilistic success are not collapsed
bit_flip_p_0_00,D_joint,E_B,dec::bit_flip_p_0_00::D_joint::E_B::bayes_optimal_decoder,0,0.5,1/2,0.25,0.3333333333333333,1,support_exact_failure_probability_low,measurement_only,support exact recovery and probabilistic success are not collapsed
bit_flip_p_0_00,D_joint,E_joint,dec::bit_flip_p_0_00::D_joint::E_joint::bayes_optimal_decoder,1,1.0,1,0.25,1.0,1,exact_support_and_perfect_probability,support_theorem_transfer_ready,support exact recovery and probabilistic success are not collapsed
bit_flip_p_0_00,D_joint,E_joint,dec::bit_flip_p_0_00::D_joint::E_joint::exact_decoder,1,1.0,1,0.25,1.0,1,exact_support_and_perfect_probability,support_theorem_transfer_ready,support exact recovery and probabilistic success are not collapsed
bit_flip_p_0_00,D_joint,E_joint,dec::bit_flip_p_0_00::D_joint::E_joint::declared_decoder,1,1.0,1,0.25,1.0,1,exact_support_and_perfect_probability,support_theorem_transfer_ready,support exact recovery and probabilistic success are not collapsed
bit_flip_p_0_00,D_joint,E_parity,dec::bit_flip_p_0_00::D_joint::E_parity::bayes_optimal_decoder,0,0.5,1/2,0.25,0.3333333333333333,1,support_exact_failure_probability_low,measurement_only,support exact recovery and probabilistic success are not collapsed
bit_flip_p_0_00,D_joint,E_trivial,dec::bit_flip_p_0_00::D_joint::E_trivial::bayes_optimal_decoder,0,0.25,1/4,0.25,0.0,1,support_exact_failure_probability_low,measurement_only,support exact recovery and probabilistic success are not collapsed
bit_flip_p_0_00,D_parity,E_A,dec::bit_flip_p_0_00::D_parity::E_A::bayes_optimal_decoder,0,0.5,1/2,0.5,0.0,1,support_exact_failure_probability_low,measurement_only,support exact recovery and probabilistic success are not collapsed
bit_flip_p_0_00,D_parity,E_A,dec::bit_flip_p_0_00::D_parity::E_A::declared_decoder,0,0.5,1/2,0.5,0.0,1,support_exact_failure_probability_low,measurement_only,support exact recovery and probabilistic success are not collapsed
bit_flip_p_0_00,D_parity,E_B,dec::bit_flip_p_0_00::D_parity::E_B::bayes_optimal_decoder,0,0.5,1/2,0.5,0.0,1,support_exact_failure_probability_low,measurement_only,support exact recovery and probabilistic success are not collapsed
bit_flip_p_0_00,D_parity,E_B,dec::bit_flip_p_0_00::D_parity::E_B::declared_decoder,0,0.5,1/2,0.5,0.0,1,support_exact_failure_probability_low,measurement_only,support exact recovery and probabilistic success are not collapsed
bit_flip_p_0_00,D_parity,E_joint,dec::bit_flip_p_0_00::D_parity::E_joint::bayes_optimal_decoder,1,1.0,1,0.5,1.0,1,exact_support_and_perfect_probability,support_theorem_transfer_ready,support exact recovery and probabilistic success are not collapsed
bit_flip_p_0_00,D_parity,E_joint,dec::bit_flip_p_0_00::D_parity::E_joint::exact_decoder,1,1.0,1,0.5,1.0,1,exact_support_and_perfect_probability,support_theorem_transfer_ready,support exact recovery and probabilistic success are not collapsed
bit_flip_p_0_00,D_parity,E_parity,dec::bit_flip_p_0_00::D_parity::E_parity::bayes_optimal_decoder,1,1.0,1,0.5,1.0,1,exact_support_and_perfect_probability,support_theorem_transfer_ready,support exact recovery and probabilistic success are not collapsed
bit_flip_p_0_00,D_parity,E_parity,dec::bit_flip_p_0_00::D_parity::E_parity::exact_decoder,1,1.0,1,0.5,1.0,1,exact_support_and_perfect_probability,support_theorem_transfer_ready,support exact recovery and probabilistic success are not collapsed
bit_flip_p_0_00,D_parity,E_parity,dec::bit_flip_p_0_00::D_parity::E_parity::declared_decoder,1,1.0,1,0.5,1.0,1,exact_support_and_perfect_probability,support_theorem_transfer_ready,support exact recovery and probabilistic success are not collapsed
bit_flip_p_0_00,D_parity,E_trivial,dec::bit_flip_p_0_00::D_parity::E_trivial::bayes_optimal_decoder,0,0.5,1/2,0.5,0.0,1,support_exact_failure_probability_low,measurement_only,support exact recovery and probabilistic success are not collapsed
bit_flip_p_0_00,D_trivial,E_A,dec::bit_flip_p_0_00::D_trivial::E_A::bayes_optimal_decoder,1,1.0,1,1.0,0.0,1,exact_support_and_perfect_probability,support_theorem_transfer_ready,support exact recovery and probabilistic success are not collapsed
bit_flip_p_0_00,D_trivial,E_A,dec::bit_flip_p_0_00::D_trivial::E_A::exact_decoder,1,1.0,1,1.0,0.0,1,exact_support_and_perfect_probability,support_theorem_transfer_ready,support exact recovery and probabilistic success are not collapsed
bit_flip_p_0_00,D_trivial,E_B,dec::bit_flip_p_0_00::D_trivial::E_B::bayes_optimal_decoder,1,1.0,1,1.0,0.0,1,exact_support_and_perfect_probability,support_theorem_transfer_ready,support exact recovery and probabilistic success are not collapsed
bit_flip_p_0_00,D_trivial,E_B,dec::bit_flip_p_0_00::D_trivial::E_B::exact_decoder,1,1.0,1,1.0,0.0,1,exact_support_and_perfect_probability,support_theorem_transfer_ready,support exact recovery and probabilistic success are not collapsed
bit_flip_p_0_00,D_trivial,E_joint,dec::bit_flip_p_0_00::D_trivial::E_joint::bayes_optimal_decoder,1,1.0,1,1.0,0.0,1,exact_support_and_perfect_probability,support_theorem_transfer_ready,support exact recovery and probabilistic success are not collapsed
bit_flip_p_0_00,D_trivial,E_joint,dec::bit_flip_p_0_00::D_trivial::E_joint::exact_decoder,1,1.0,1,1.0,0.0,1,exact_support_and_perfect_probability,support_theorem_transfer_ready,support exact recovery and probabilistic success are not collapsed
bit_flip_p_0_00,D_trivial,E_parity,dec::bit_flip_p_0_00::D_trivial::E_parity::bayes_optimal_decoder,1,1.0,1,1.0,0.0,1,exact_support_and_perfect_probability,support_theorem_transfer_ready,support exact recovery and probabilistic success are not collapsed
bit_flip_p_0_00,D_trivial,E_parity,dec::bit_flip_p_0_00::D_trivial::E_parity::exact_decoder,1,1.0,1,1.0,0.0,1,exact_support_and_perfect_probability,support_theorem_transfer_ready,support exact recovery and probabilistic success are not collapsed
bit_flip_p_0_00,D_trivial,E_trivial,dec::bit_flip_p_0_00::D_trivial::E_trivial::bayes_optimal_decoder,1,1.0,1,1.0,0.0,1,exact_support_and_perfect_probability,support_theorem_transfer_ready,support exact recovery and probabilistic success are not collapsed
bit_flip_p_0_00,D_trivial,E_trivial,dec::bit_flip_p_0_00::D_trivial::E_trivial::exact_decoder,1,1.0,1,1.0,0.0,1,exact_support_and_perfect_probability,support_theorem_transfer_ready,support exact recovery and probabilistic success are not collapsed
bit_flip_p_0_00,D_trivial,E_trivial,dec::bit_flip_p_0_00::D_trivial::E_trivial::declared_decoder,1,1.0,1,1.0,0.0,1,exact_support_and_perfect_probability,support_theorem_transfer_ready,support exact recovery and probabilistic success are not collapsed
bit_flip_p_0_05,D_A,E_A,dec::bit_flip_p_0_05::D_A::E_A::bayes_optimal_decoder,0,0.95,19/20,0.5,0.9,1,high_probability_without_exact_support,probabilistic_measurement_not_support_transfer,support exact recovery and probabilistic success are not collapsed
bit_flip_p_0_05,D_A,E_A,dec::bit_flip_p_0_05::D_A::E_A::declared_decoder,0,0.95,19/20,0.5,0.9,1,high_probability_without_exact_support,probabilistic_measurement_not_support_transfer,support exact recovery and probabilistic success are not collapsed
bit_flip_p_0_05,D_A,E_B,dec::bit_flip_p_0_05::D_A::E_B::bayes_optimal_decoder,0,0.5,1/2,0.5,0.0,1,support_exact_failure_probability_low,measurement_only,support exact recovery and probabilistic success are not collapsed
bit_flip_p_0_05,D_A,E_B,dec::bit_flip_p_0_05::D_A::E_B::declared_decoder,0,0.5,1/2,0.5,0.0,1,support_exact_failure_probability_low,measurement_only,support exact recovery and probabilistic success are not collapsed
bit_flip_p_0_05,D_A,E_joint,dec::bit_flip_p_0_05::D_A::E_joint::bayes_optimal_decoder,0,0.95,19/20,0.5,0.9,1,high_probability_without_exact_support,probabilistic_measurement_not_support_transfer,support exact recovery and probabilistic success are not collapsed
bit_flip_p_0_05,D_A,E_parity,dec::bit_flip_p_0_05::D_A::E_parity::bayes_optimal_decoder,0,0.5,1/2,0.5,0.0,1,support_exact_failure_probability_low,measurement_only,support exact recovery and probabilistic success are not collapsed
bit_flip_p_0_05,D_A,E_parity,dec::bit_flip_p_0_05::D_A::E_parity::declared_decoder,0,0.5,1/2,0.5,0.0,1,support_exact_failure_probability_low,measurement_only,support exact recovery and probabilistic success are not collapsed
bit_flip_p_0_05,D_A,E_trivial,dec::bit_flip_p_0_05::D_A::E_trivial::bayes_optimal_decoder,0,0.5,1/2,0.5,0.0,1,support_exact_failure_probability_low,measurement_only,support exact recovery and probabilistic success are not collapsed
bit_flip_p_0_05,D_B,E_A,dec::bit_flip_p_0_05::D_B::E_A::bayes_optimal_decoder,0,0.5,1/2,0.5,0.0,1,support_exact_failure_probability_low,measurement_only,support exact recovery and probabilistic success are not collapsed
bit_flip_p_0_05,D_B,E_A,dec::bit_flip_p_0_05::D_B::E_A::declared_decoder,0,0.5,1/2,0.5,0.0,1,support_exact_failure_probability_low,measurement_only,support exact recovery and probabilistic success are not collapsed
bit_flip_p_0_05,D_B,E_B,dec::bit_flip_p_0_05::D_B::E_B::bayes_optimal_decoder,0,0.95,19/20,0.5,0.9,1,high_probability_without_exact_support,probabilistic_measurement_not_support_transfer,support exact recovery and probabilistic success are not collapsed
bit_flip_p_0_05,D_B,E_B,dec::bit_flip_p_0_05::D_B::E_B::declared_decoder,0,0.95,19/20,0.5,0.9,1,high_probability_without_exact_support,probabilistic_measurement_not_support_transfer,support exact recovery and probabilistic success are not collapsed
bit_flip_p_0_05,D_B,E_joint,dec::bit_flip_p_0_05::D_B::E_joint::bayes_optimal_decoder,0,0.95,19/20,0.5,0.9,1,high_probability_without_exact_support,probabilistic_measurement_not_support_transfer,support exact recovery and probabilistic success are not collapsed
bit_flip_p_0_05,D_B,E_parity,dec::bit_flip_p_0_05::D_B::E_parity::bayes_optimal_decoder,0,0.5,1/2,0.5,0.0,1,support_exact_failure_probability_low,measurement_only,support exact recovery and probabilistic success are not collapsed
bit_flip_p_0_05,D_B,E_parity,dec::bit_flip_p_0_05::D_B::E_parity::declared_decoder,0,0.5,1/2,0.5,0.0,1,support_exact_failure_probability_low,measurement_only,support exact recovery and probabilistic success are not collapsed
bit_flip_p_0_05,D_B,E_trivial,dec::bit_flip_p_0_05::D_B::E_trivial::bayes_optimal_decoder,0,0.5,1/2,0.5,0.0,1,support_exact_failure_probability_low,measurement_only,support exact recovery and probabilistic success are not collapsed
bit_flip_p_0_05,D_joint,E_A,dec::bit_flip_p_0_05::D_joint::E_A::bayes_optimal_decoder,0,0.475,19/40,0.25,0.3,1,support_exact_failure_probability_low,measurement_only,support exact recovery and probabilistic success are not collapsed
bit_flip_p_0_05,D_joint,E_B,dec::bit_flip_p_0_05::D_joint::E_B::bayes_optimal_decoder,0,0.475,19/40,0.25,0.3,1,support_exact_failure_probability_low,measurement_only,support exact recovery and probabilistic success are not collapsed
bit_flip_p_0_05,D_joint,E_joint,dec::bit_flip_p_0_05::D_joint::E_joint::bayes_optimal_decoder,0,0.9025,361/400,0.25,0.87,1,support_exact_failure_probability_high,probabilistic_measurement_not_support_transfer,support exact recovery and probabilistic success are not collapsed
bit_flip_p_0_05,D_joint,E_joint,dec::bit_flip_p_0_05::D_joint::E_joint::declared_decoder,0,0.9025,361/400,0.25,0.87,1,support_exact_failure_probability_high,probabilistic_measurement_not_support_transfer,support exact recovery and probabilistic success are not collapsed
bit_flip_p_0_05,D_joint,E_parity,dec::bit_flip_p_0_05::D_joint::E_parity::bayes_optimal_decoder,0,0.4525,181/400,0.25,0.27,1,support_exact_failure_probability_low,measurement_only,support exact recovery and probabilistic success are not collapsed
bit_flip_p_0_05,D_joint,E_trivial,dec::bit_flip_p_0_05::D_joint::E_trivial::bayes_optimal_decoder,0,0.25,1/4,0.25,0.0,1,support_exact_failure_probability_low,measurement_only,support exact recovery and probabilistic success are not collapsed
bit_flip_p_0_05,D_parity,E_A,dec::bit_flip_p_0_05::D_parity::E_A::bayes_optimal_decoder,0,0.5,1/2,0.5,0.0,1,support_exact_failure_probability_low,measurement_only,support exact recovery and probabilistic success are not collapsed
bit_flip_p_0_05,D_parity,E_A,dec::bit_flip_p_0_05::D_parity::E_A::declared_decoder,0,0.5,1/2,0.5,0.0,1,support_exact_failure_probability_low,measurement_only,support exact recovery and probabilistic success are not collapsed
bit_flip_p_0_05,D_parity,E_B,dec::bit_flip_p_0_05::D_parity::E_B::bayes_optimal_decoder,0,0.5,1/2,0.5,0.0,1,support_exact_failure_probability_low,measurement_only,support exact recovery and probabilistic success are not collapsed
bit_flip_p_0_05,D_parity,E_B,dec::bit_flip_p_0_05::D_parity::E_B::declared_decoder,0,0.5,1/2,0.5,0.0,1,support_exact_failure_probability_low,measurement_only,support exact recovery and probabilistic success are not collapsed
bit_flip_p_0_05,D_parity,E_joint,dec::bit_flip_p_0_05::D_parity::E_joint::bayes_optimal_decoder,0,0.905,181/200,0.5,0.81,1,support_exact_failure_probability_high,probabilistic_measurement_not_support_transfer,support exact recovery and probabilistic success are not collapsed
bit_flip_p_0_05,D_parity,E_parity,dec::bit_flip_p_0_05::D_parity::E_parity::bayes_optimal_decoder,0,0.905,181/200,0.5,0.81,1,support_exact_failure_probability_high,probabilistic_measurement_not_support_transfer,support exact recovery and probabilistic success are not collapsed
bit_flip_p_0_05,D_parity,E_parity,dec::bit_flip_p_0_05::D_parity::E_parity::declared_decoder,0,0.905,181/200,0.5,0.81,1,support_exact_failure_probability_high,probabilistic_measurement_not_support_transfer,support exact recovery and probabilistic success are not collapsed
bit_flip_p_0_05,D_parity,E_trivial,dec::bit_flip_p_0_05::D_parity::E_trivial::bayes_optimal_decoder,0,0.5,1/2,0.5,0.0,1,support_exact_failure_probability_low,measurement_only,support exact recovery and probabilistic success are not collapsed
bit_flip_p_0_05,D_trivial,E_A,dec::bit_flip_p_0_05::D_trivial::E_A::bayes_optimal_decoder,1,1.0,1,1.0,0.0,1,exact_support_and_perfect_probability,support_theorem_transfer_ready,support exact recovery and probabilistic success are not collapsed
bit_flip_p_0_05,D_trivial,E_A,dec::bit_flip_p_0_05::D_trivial::E_A::exact_decoder,1,1.0,1,1.0,0.0,1,exact_support_and_perfect_probability,support_theorem_transfer_ready,support exact recovery and probabilistic success are not collapsed
bit_flip_p_0_05,D_trivial,E_B,dec::bit_flip_p_0_05::D_trivial::E_B::bayes_optimal_decoder,1,1.0,1,1.0,0.0,1,exact_support_and_perfect_probability,support_theorem_transfer_ready,support exact recovery and probabilistic success are not collapsed
bit_flip_p_0_05,D_trivial,E_B,dec::bit_flip_p_0_05::D_trivial::E_B::exact_decoder,1,1.0,1,1.0,0.0,1,exact_support_and_perfect_probability,support_theorem_transfer_ready,support exact recovery and probabilistic success are not collapsed
bit_flip_p_0_05,D_trivial,E_joint,dec::bit_flip_p_0_05::D_trivial::E_joint::bayes_optimal_decoder,1,1.0,1,1.0,0.0,1,exact_support_and_perfect_probability,support_theorem_transfer_ready,support exact recovery and probabilistic success are not collapsed
bit_flip_p_0_05,D_trivial,E_joint,dec::bit_flip_p_0_05::D_trivial::E_joint::exact_decoder,1,1.0,1,1.0,0.0,1,exact_support_and_perfect_probability,support_theorem_transfer_ready,support exact recovery and probabilistic success are not collapsed
bit_flip_p_0_05,D_trivial,E_parity,dec::bit_flip_p_0_05::D_trivial::E_parity::bayes_optimal_decoder,1,1.0,1,1.0,0.0,1,exact_support_and_perfect_probability,support_theorem_transfer_ready,support exact recovery and probabilistic success are not collapsed
bit_flip_p_0_05,D_trivial,E_parity,dec::bit_flip_p_0_05::D_trivial::E_parity::exact_decoder,1,1.0,1,1.0,0.0,1,exact_support_and_perfect_probability,support_theorem_transfer_ready,support exact recovery and probabilistic success are not collapsed
bit_flip_p_0_05,D_trivial,E_trivial,dec::bit_flip_p_0_05::D_trivial::E_trivial::bayes_optimal_decoder,1,1.0,1,1.0,0.0,1,exact_support_and_perfect_probability,support_theorem_transfer_ready,support exact recovery and probabilistic success are not collapsed
bit_flip_p_0_05,D_trivial,E_trivial,dec::bit_flip_p_0_05::D_trivial::E_trivial::exact_decoder,1,1.0,1,1.0,0.0,1,exact_support_and_perfect_probability,support_theorem_transfer_ready,support exact recovery and probabilistic success are not collapsed
bit_flip_p_0_05,D_trivial,E_trivial,dec::bit_flip_p_0_05::D_trivial::E_trivial::declared_decoder,1,1.0,1,1.0,0.0,1,exact_support_and_perfect_probability,support_theorem_transfer_ready,support exact recovery and probabilistic success are not collapsed
bit_flip_p_0_10,D_A,E_A,dec::bit_flip_p_0_10::D_A::E_A::bayes_optimal_decoder,0,0.9,9/10,0.5,0.8,1,support_exact_failure_probability_high,probabilistic_measurement_not_support_transfer,support exact recovery and probabilistic success are not collapsed
bit_flip_p_0_10,D_A,E_A,dec::bit_flip_p_0_10::D_A::E_A::declared_decoder,0,0.9,9/10,0.5,0.8,1,support_exact_failure_probability_high,probabilistic_measurement_not_support_transfer,support exact recovery and probabilistic success are not collapsed
bit_flip_p_0_10,D_A,E_B,dec::bit_flip_p_0_10::D_A::E_B::bayes_optimal_decoder,0,0.5,1/2,0.5,0.0,1,support_exact_failure_probability_low,measurement_only,support exact recovery and probabilistic success are not collapsed
bit_flip_p_0_10,D_A,E_B,dec::bit_flip_p_0_10::D_A::E_B::declared_decoder,0,0.5,1/2,0.5,0.0,1,support_exact_failure_probability_low,measurement_only,support exact recovery and probabilistic success are not collapsed
bit_flip_p_0_10,D_A,E_joint,dec::bit_flip_p_0_10::D_A::E_joint::bayes_optimal_decoder,0,0.9,9/10,0.5,0.8,1,support_exact_failure_probability_high,probabilistic_measurement_not_support_transfer,support exact recovery and probabilistic success are not collapsed
bit_flip_p_0_10,D_A,E_parity,dec::bit_flip_p_0_10::D_A::E_parity::bayes_optimal_decoder,0,0.5,1/2,0.5,0.0,1,support_exact_failure_probability_low,measurement_only,support exact recovery and probabilistic success are not collapsed
bit_flip_p_0_10,D_A,E_parity,dec::bit_flip_p_0_10::D_A::E_parity::declared_decoder,0,0.5,1/2,0.5,0.0,1,support_exact_failure_probability_low,measurement_only,support exact recovery and probabilistic success are not collapsed
bit_flip_p_0_10,D_A,E_trivial,dec::bit_flip_p_0_10::D_A::E_trivial::bayes_optimal_decoder,0,0.5,1/2,0.5,0.0,1,support_exact_failure_probability_low,measurement_only,support exact recovery and probabilistic success are not collapsed
bit_flip_p_0_10,D_B,E_A,dec::bit_flip_p_0_10::D_B::E_A::bayes_optimal_decoder,0,0.5,1/2,0.5,0.0,1,support_exact_failure_probability_low,measurement_only,support exact recovery and probabilistic success are not collapsed
bit_flip_p_0_10,D_B,E_A,dec::bit_flip_p_0_10::D_B::E_A::declared_decoder,0,0.5,1/2,0.5,0.0,1,support_exact_failure_probability_low,measurement_only,support exact recovery and probabilistic success are not collapsed
bit_flip_p_0_10,D_B,E_B,dec::bit_flip_p_0_10::D_B::E_B::bayes_optimal_decoder,0,0.9,9/10,0.5,0.8,1,support_exact_failure_probability_high,probabilistic_measurement_not_support_transfer,support exact recovery and probabilistic success are not collapsed
bit_flip_p_0_10,D_B,E_B,dec::bit_flip_p_0_10::D_B::E_B::declared_decoder,0,0.9,9/10,0.5,0.8,1,support_exact_failure_probability_high,probabilistic_measurement_not_support_transfer,support exact recovery and probabilistic success are not collapsed
bit_flip_p_0_10,D_B,E_joint,dec::bit_flip_p_0_10::D_B::E_joint::bayes_optimal_decoder,0,0.9,9/10,0.5,0.8,1,support_exact_failure_probability_high,probabilistic_measurement_not_support_transfer,support exact recovery and probabilistic success are not collapsed
bit_flip_p_0_10,D_B,E_parity,dec::bit_flip_p_0_10::D_B::E_parity::bayes_optimal_decoder,0,0.5,1/2,0.5,0.0,1,support_exact_failure_probability_low,measurement_only,support exact recovery and probabilistic success are not collapsed
bit_flip_p_0_10,D_B,E_parity,dec::bit_flip_p_0_10::D_B::E_parity::declared_decoder,0,0.5,1/2,0.5,0.0,1,support_exact_failure_probability_low,measurement_only,support exact recovery and probabilistic success are not collapsed
bit_flip_p_0_10,D_B,E_trivial,dec::bit_flip_p_0_10::D_B::E_trivial::bayes_optimal_decoder,0,0.5,1/2,0.5,0.0,1,support_exact_failure_probability_low,measurement_only,support exact recovery and probabilistic success are not collapsed
bit_flip_p_0_10,D_joint,E_A,dec::bit_flip_p_0_10::D_joint::E_A::bayes_optimal_decoder,0,0.45,9/20,0.25,0.26666666666666666,1,support_exact_failure_probability_low,measurement_only,support exact recovery and probabilistic success are not collapsed
bit_flip_p_0_10,D_joint,E_B,dec::bit_flip_p_0_10::D_joint::E_B::bayes_optimal_decoder,0,0.45,9/20,0.25,0.26666666666666666,1,support_exact_failure_probability_low,measurement_only,support exact recovery and probabilistic success are not collapsed
bit_flip_p_0_10,D_joint,E_joint,dec::bit_flip_p_0_10::D_joint::E_joint::bayes_optimal_decoder,0,0.81,81/100,0.25,0.7466666666666667,1,support_exact_failure_probability_high,probabilistic_measurement_not_support_transfer,support exact recovery and probabilistic success are not collapsed
bit_flip_p_0_10,D_joint,E_joint,dec::bit_flip_p_0_10::D_joint::E_joint::declared_decoder,0,0.81,81/100,0.25,0.7466666666666667,1,support_exact_failure_probability_high,probabilistic_measurement_not_support_transfer,support exact recovery and probabilistic success are not collapsed
bit_flip_p_0_10,D_joint,E_parity,dec::bit_flip_p_0_10::D_joint::E_parity::bayes_optimal_decoder,0,0.41,41/100,0.25,0.21333333333333335,1,support_exact_failure_probability_low,measurement_only,support exact recovery and probabilistic success are not collapsed
bit_flip_p_0_10,D_joint,E_trivial,dec::bit_flip_p_0_10::D_joint::E_trivial::bayes_optimal_decoder,0,0.25,1/4,0.25,0.0,1,support_exact_failure_probability_low,measurement_only,support exact recovery and probabilistic success are not collapsed
bit_flip_p_0_10,D_parity,E_A,dec::bit_flip_p_0_10::D_parity::E_A::bayes_optimal_decoder,0,0.5,1/2,0.5,0.0,1,support_exact_failure_probability_low,measurement_only,support exact recovery and probabilistic success are not collapsed
bit_flip_p_0_10,D_parity,E_A,dec::bit_flip_p_0_10::D_parity::E_A::declared_decoder,0,0.5,1/2,0.5,0.0,1,support_exact_failure_probability_low,measurement_only,support exact recovery and probabilistic success are not collapsed
bit_flip_p_0_10,D_parity,E_B,dec::bit_flip_p_0_10::D_parity::E_B::bayes_optimal_decoder,0,0.5,1/2,0.5,0.0,1,support_exact_failure_probability_low,measurement_only,support exact recovery and probabilistic success are not collapsed
bit_flip_p_0_10,D_parity,E_B,dec::bit_flip_p_0_10::D_parity::E_B::declared_decoder,0,0.5,1/2,0.5,0.0,1,support_exact_failure_probability_low,measurement_only,support exact recovery and probabilistic success are not collapsed
bit_flip_p_0_10,D_parity,E_joint,dec::bit_flip_p_0_10::D_parity::E_joint::bayes_optimal_decoder,0,0.82,41/50,0.5,0.64,1,support_exact_failure_probability_high,probabilistic_measurement_not_support_transfer,support exact recovery and probabilistic success are not collapsed
bit_flip_p_0_10,D_parity,E_parity,dec::bit_flip_p_0_10::D_parity::E_parity::bayes_optimal_decoder,0,0.82,41/50,0.5,0.64,1,support_exact_failure_probability_high,probabilistic_measurement_not_support_transfer,support exact recovery and probabilistic success are not collapsed
bit_flip_p_0_10,D_parity,E_parity,dec::bit_flip_p_0_10::D_parity::E_parity::declared_decoder,0,0.82,41/50,0.5,0.64,1,support_exact_failure_probability_high,probabilistic_measurement_not_support_transfer,support exact recovery and probabilistic success are not collapsed
bit_flip_p_0_10,D_parity,E_trivial,dec::bit_flip_p_0_10::D_parity::E_trivial::bayes_optimal_decoder,0,0.5,1/2,0.5,0.0,1,support_exact_failure_probability_low,measurement_only,support exact recovery and probabilistic success are not collapsed
bit_flip_p_0_10,D_trivial,E_A,dec::bit_flip_p_0_10::D_trivial::E_A::bayes_optimal_decoder,1,1.0,1,1.0,0.0,1,exact_support_and_perfect_probability,support_theorem_transfer_ready,support exact recovery and probabilistic success are not collapsed
bit_flip_p_0_10,D_trivial,E_A,dec::bit_flip_p_0_10::D_trivial::E_A::exact_decoder,1,1.0,1,1.0,0.0,1,exact_support_and_perfect_probability,support_theorem_transfer_ready,support exact recovery and probabilistic success are not collapsed
bit_flip_p_0_10,D_trivial,E_B,dec::bit_flip_p_0_10::D_trivial::E_B::bayes_optimal_decoder,1,1.0,1,1.0,0.0,1,exact_support_and_perfect_probability,support_theorem_transfer_ready,support exact recovery and probabilistic success are not collapsed
bit_flip_p_0_10,D_trivial,E_B,dec::bit_flip_p_0_10::D_trivial::E_B::exact_decoder,1,1.0,1,1.0,0.0,1,exact_support_and_perfect_probability,support_theorem_transfer_ready,support exact recovery and probabilistic success are not collapsed
bit_flip_p_0_10,D_trivial,E_joint,dec::bit_flip_p_0_10::D_trivial::E_joint::bayes_optimal_decoder,1,1.0,1,1.0,0.0,1,exact_support_and_perfect_probability,support_theorem_transfer_ready,support exact recovery and probabilistic success are not collapsed
bit_flip_p_0_10,D_trivial,E_joint,dec::bit_flip_p_0_10::D_trivial::E_joint::exact_decoder,1,1.0,1,1.0,0.0,1,exact_support_and_perfect_probability,support_theorem_transfer_ready,support exact recovery and probabilistic success are not collapsed
bit_flip_p_0_10,D_trivial,E_parity,dec::bit_flip_p_0_10::D_trivial::E_parity::bayes_optimal_decoder,1,1.0,1,1.0,0.0,1,exact_support_and_perfect_probability,support_theorem_transfer_ready,support exact recovery and probabilistic success are not collapsed
bit_flip_p_0_10,D_trivial,E_parity,dec::bit_flip_p_0_10::D_trivial::E_parity::exact_decoder,1,1.0,1,1.0,0.0,1,exact_support_and_perfect_probability,support_theorem_transfer_ready,support exact recovery and probabilistic success are not collapsed
bit_flip_p_0_10,D_trivial,E_trivial,dec::bit_flip_p_0_10::D_trivial::E_trivial::bayes_optimal_decoder,1,1.0,1,1.0,0.0,1,exact_support_and_perfect_probability,support_theorem_transfer_ready,support exact recovery and probabilistic success are not collapsed
bit_flip_p_0_10,D_trivial,E_trivial,dec::bit_flip_p_0_10::D_trivial::E_trivial::exact_decoder,1,1.0,1,1.0,0.0,1,exact_support_and_perfect_probability,support_theorem_transfer_ready,support exact recovery and probabilistic success are not collapsed
bit_flip_p_0_10,D_trivial,E_trivial,dec::bit_flip_p_0_10::D_trivial::E_trivial::declared_decoder,1,1.0,1,1.0,0.0,1,exact_support_and_perfect_probability,support_theorem_transfer_ready,support exact recovery and probabilistic success are not collapsed
bit_flip_p_0_25,D_A,E_A,dec::bit_flip_p_0_25::D_A::E_A::bayes_optimal_decoder,0,0.75,3/4,0.5,0.5,1,support_exact_failure_probability_high,probabilistic_measurement_not_support_transfer,support exact recovery and probabilistic success are not collapsed
bit_flip_p_0_25,D_A,E_A,dec::bit_flip_p_0_25::D_A::E_A::declared_decoder,0,0.75,3/4,0.5,0.5,1,support_exact_failure_probability_high,probabilistic_measurement_not_support_transfer,support exact recovery and probabilistic success are not collapsed
bit_flip_p_0_25,D_A,E_B,dec::bit_flip_p_0_25::D_A::E_B::bayes_optimal_decoder,0,0.5,1/2,0.5,0.0,1,support_exact_failure_probability_low,measurement_only,support exact recovery and probabilistic success are not collapsed
bit_flip_p_0_25,D_A,E_B,dec::bit_flip_p_0_25::D_A::E_B::declared_decoder,0,0.5,1/2,0.5,0.0,1,support_exact_failure_probability_low,measurement_only,support exact recovery and probabilistic success are not collapsed
bit_flip_p_0_25,D_A,E_joint,dec::bit_flip_p_0_25::D_A::E_joint::bayes_optimal_decoder,0,0.75,3/4,0.5,0.5,1,support_exact_failure_probability_high,probabilistic_measurement_not_support_transfer,support exact recovery and probabilistic success are not collapsed
bit_flip_p_0_25,D_A,E_parity,dec::bit_flip_p_0_25::D_A::E_parity::bayes_optimal_decoder,0,0.5,1/2,0.5,0.0,1,support_exact_failure_probability_low,measurement_only,support exact recovery and probabilistic success are not collapsed
bit_flip_p_0_25,D_A,E_parity,dec::bit_flip_p_0_25::D_A::E_parity::declared_decoder,0,0.5,1/2,0.5,0.0,1,support_exact_failure_probability_low,measurement_only,support exact recovery and probabilistic success are not collapsed
bit_flip_p_0_25,D_A,E_trivial,dec::bit_flip_p_0_25::D_A::E_trivial::bayes_optimal_decoder,0,0.5,1/2,0.5,0.0,1,support_exact_failure_probability_low,measurement_only,support exact recovery and probabilistic success are not collapsed
bit_flip_p_0_25,D_B,E_A,dec::bit_flip_p_0_25::D_B::E_A::bayes_optimal_decoder,0,0.5,1/2,0.5,0.0,1,support_exact_failure_probability_low,measurement_only,support exact recovery and probabilistic success are not collapsed
bit_flip_p_0_25,D_B,E_A,dec::bit_flip_p_0_25::D_B::E_A::declared_decoder,0,0.5,1/2,0.5,0.0,1,support_exact_failure_probability_low,measurement_only,support exact recovery and probabilistic success are not collapsed
bit_flip_p_0_25,D_B,E_B,dec::bit_flip_p_0_25::D_B::E_B::bayes_optimal_decoder,0,0.75,3/4,0.5,0.5,1,support_exact_failure_probability_high,probabilistic_measurement_not_support_transfer,support exact recovery and probabilistic success are not collapsed
bit_flip_p_0_25,D_B,E_B,dec::bit_flip_p_0_25::D_B::E_B::declared_decoder,0,0.75,3/4,0.5,0.5,1,support_exact_failure_probability_high,probabilistic_measurement_not_support_transfer,support exact recovery and probabilistic success are not collapsed
bit_flip_p_0_25,D_B,E_joint,dec::bit_flip_p_0_25::D_B::E_joint::bayes_optimal_decoder,0,0.75,3/4,0.5,0.5,1,support_exact_failure_probability_high,probabilistic_measurement_not_support_transfer,support exact recovery and probabilistic success are not collapsed
bit_flip_p_0_25,D_B,E_parity,dec::bit_flip_p_0_25::D_B::E_parity::bayes_optimal_decoder,0,0.5,1/2,0.5,0.0,1,support_exact_failure_probability_low,measurement_only,support exact recovery and probabilistic success are not collapsed
bit_flip_p_0_25,D_B,E_parity,dec::bit_flip_p_0_25::D_B::E_parity::declared_decoder,0,0.5,1/2,0.5,0.0,1,support_exact_failure_probability_low,measurement_only,support exact recovery and probabilistic success are not collapsed
bit_flip_p_0_25,D_B,E_trivial,dec::bit_flip_p_0_25::D_B::E_trivial::bayes_optimal_decoder,0,0.5,1/2,0.5,0.0,1,support_exact_failure_probability_low,measurement_only,support exact recovery and probabilistic success are not collapsed
bit_flip_p_0_25,D_joint,E_A,dec::bit_flip_p_0_25::D_joint::E_A::bayes_optimal_decoder,0,0.375,3/8,0.25,0.16666666666666666,1,support_exact_failure_probability_low,measurement_only,support exact recovery and probabilistic success are not collapsed
bit_flip_p_0_25,D_joint,E_B,dec::bit_flip_p_0_25::D_joint::E_B::bayes_optimal_decoder,0,0.375,3/8,0.25,0.16666666666666666,1,support_exact_failure_probability_low,measurement_only,support exact recovery and probabilistic success are not collapsed
bit_flip_p_0_25,D_joint,E_joint,dec::bit_flip_p_0_25::D_joint::E_joint::bayes_optimal_decoder,0,0.5625,9/16,0.25,0.4166666666666667,1,support_exact_failure_probability_low,measurement_only,support exact recovery and probabilistic success are not collapsed
bit_flip_p_0_25,D_joint,E_joint,dec::bit_flip_p_0_25::D_joint::E_joint::declared_decoder,0,0.5625,9/16,0.25,0.4166666666666667,1,support_exact_failure_probability_low,measurement_only,support exact recovery and probabilistic success are not collapsed
bit_flip_p_0_25,D_joint,E_parity,dec::bit_flip_p_0_25::D_joint::E_parity::bayes_optimal_decoder,0,0.3125,5/16,0.25,0.08333333333333333,1,support_exact_failure_probability_low,measurement_only,support exact recovery and probabilistic success are not collapsed
bit_flip_p_0_25,D_joint,E_trivial,dec::bit_flip_p_0_25::D_joint::E_trivial::bayes_optimal_decoder,0,0.25,1/4,0.25,0.0,1,support_exact_failure_probability_low,measurement_only,support exact recovery and probabilistic success are not collapsed
bit_flip_p_0_25,D_parity,E_A,dec::bit_flip_p_0_25::D_parity::E_A::bayes_optimal_decoder,0,0.5,1/2,0.5,0.0,1,support_exact_failure_probability_low,measurement_only,support exact recovery and probabilistic success are not collapsed
bit_flip_p_0_25,D_parity,E_A,dec::bit_flip_p_0_25::D_parity::E_A::declared_decoder,0,0.5,1/2,0.5,0.0,1,support_exact_failure_probability_low,measurement_only,support exact recovery and probabilistic success are not collapsed
bit_flip_p_0_25,D_parity,E_B,dec::bit_flip_p_0_25::D_parity::E_B::bayes_optimal_decoder,0,0.5,1/2,0.5,0.0,1,support_exact_failure_probability_low,measurement_only,support exact recovery and probabilistic success are not collapsed
bit_flip_p_0_25,D_parity,E_B,dec::bit_flip_p_0_25::D_parity::E_B::declared_decoder,0,0.5,1/2,0.5,0.0,1,support_exact_failure_probability_low,measurement_only,support exact recovery and probabilistic success are not collapsed
bit_flip_p_0_25,D_parity,E_joint,dec::bit_flip_p_0_25::D_parity::E_joint::bayes_optimal_decoder,0,0.625,5/8,0.5,0.25,1,support_exact_failure_probability_low,measurement_only,support exact recovery and probabilistic success are not collapsed
bit_flip_p_0_25,D_parity,E_parity,dec::bit_flip_p_0_25::D_parity::E_parity::bayes_optimal_decoder,0,0.625,5/8,0.5,0.25,1,support_exact_failure_probability_low,measurement_only,support exact recovery and probabilistic success are not collapsed
bit_flip_p_0_25,D_parity,E_parity,dec::bit_flip_p_0_25::D_parity::E_parity::declared_decoder,0,0.625,5/8,0.5,0.25,1,support_exact_failure_probability_low,measurement_only,support exact recovery and probabilistic success are not collapsed
bit_flip_p_0_25,D_parity,E_trivial,dec::bit_flip_p_0_25::D_parity::E_trivial::bayes_optimal_decoder,0,0.5,1/2,0.5,0.0,1,support_exact_failure_probability_low,measurement_only,support exact recovery and probabilistic success are not collapsed
bit_flip_p_0_25,D_trivial,E_A,dec::bit_flip_p_0_25::D_trivial::E_A::bayes_optimal_decoder,1,1.0,1,1.0,0.0,1,exact_support_and_perfect_probability,support_theorem_transfer_ready,support exact recovery and probabilistic success are not collapsed
bit_flip_p_0_25,D_trivial,E_A,dec::bit_flip_p_0_25::D_trivial::E_A::exact_decoder,1,1.0,1,1.0,0.0,1,exact_support_and_perfect_probability,support_theorem_transfer_ready,support exact recovery and probabilistic success are not collapsed
bit_flip_p_0_25,D_trivial,E_B,dec::bit_flip_p_0_25::D_trivial::E_B::bayes_optimal_decoder,1,1.0,1,1.0,0.0,1,exact_support_and_perfect_probability,support_theorem_transfer_ready,support exact recovery and probabilistic success are not collapsed
bit_flip_p_0_25,D_trivial,E_B,dec::bit_flip_p_0_25::D_trivial::E_B::exact_decoder,1,1.0,1,1.0,0.0,1,exact_support_and_perfect_probability,support_theorem_transfer_ready,support exact recovery and probabilistic success are not collapsed
bit_flip_p_0_25,D_trivial,E_joint,dec::bit_flip_p_0_25::D_trivial::E_joint::bayes_optimal_decoder,1,1.0,1,1.0,0.0,1,exact_support_and_perfect_probability,support_theorem_transfer_ready,support exact recovery and probabilistic success are not collapsed
bit_flip_p_0_25,D_trivial,E_joint,dec::bit_flip_p_0_25::D_trivial::E_joint::exact_decoder,1,1.0,1,1.0,0.0,1,exact_support_and_perfect_probability,support_theorem_transfer_ready,support exact recovery and probabilistic success are not collapsed
bit_flip_p_0_25,D_trivial,E_parity,dec::bit_flip_p_0_25::D_trivial::E_parity::bayes_optimal_decoder,1,1.0,1,1.0,0.0,1,exact_support_and_perfect_probability,support_theorem_transfer_ready,support exact recovery and probabilistic success are not collapsed
bit_flip_p_0_25,D_trivial,E_parity,dec::bit_flip_p_0_25::D_trivial::E_parity::exact_decoder,1,1.0,1,1.0,0.0,1,exact_support_and_perfect_probability,support_theorem_transfer_ready,support exact recovery and probabilistic success are not collapsed
bit_flip_p_0_25,D_trivial,E_trivial,dec::bit_flip_p_0_25::D_trivial::E_trivial::bayes_optimal_decoder,1,1.0,1,1.0,0.0,1,exact_support_and_perfect_probability,support_theorem_transfer_ready,support exact recovery and probabilistic success are not collapsed
bit_flip_p_0_25,D_trivial,E_trivial,dec::bit_flip_p_0_25::D_trivial::E_trivial::exact_decoder,1,1.0,1,1.0,0.0,1,exact_support_and_perfect_probability,support_theorem_transfer_ready,support exact recovery and probabilistic success are not collapsed
bit_flip_p_0_25,D_trivial,E_trivial,dec::bit_flip_p_0_25::D_trivial::E_trivial::declared_decoder,1,1.0,1,1.0,0.0,1,exact_support_and_perfect_probability,support_theorem_transfer_ready,support exact recovery and probabilistic success are not collapsed
bit_flip_p_0_50,D_A,E_A,dec::bit_flip_p_0_50::D_A::E_A::bayes_optimal_decoder,0,0.5,1/2,0.5,0.0,1,support_exact_failure_probability_low,measurement_only,support exact recovery and probabilistic success are not collapsed
bit_flip_p_0_50,D_A,E_A,dec::bit_flip_p_0_50::D_A::E_A::declared_decoder,0,0.5,1/2,0.5,0.0,1,support_exact_failure_probability_low,measurement_only,support exact recovery and probabilistic success are not collapsed
bit_flip_p_0_50,D_A,E_B,dec::bit_flip_p_0_50::D_A::E_B::bayes_optimal_decoder,0,0.5,1/2,0.5,0.0,1,support_exact_failure_probability_low,measurement_only,support exact recovery and probabilistic success are not collapsed
bit_flip_p_0_50,D_A,E_B,dec::bit_flip_p_0_50::D_A::E_B::declared_decoder,0,0.5,1/2,0.5,0.0,1,support_exact_failure_probability_low,measurement_only,support exact recovery and probabilistic success are not collapsed
bit_flip_p_0_50,D_A,E_joint,dec::bit_flip_p_0_50::D_A::E_joint::bayes_optimal_decoder,0,0.5,1/2,0.5,0.0,1,support_exact_failure_probability_low,measurement_only,support exact recovery and probabilistic success are not collapsed
bit_flip_p_0_50,D_A,E_parity,dec::bit_flip_p_0_50::D_A::E_parity::bayes_optimal_decoder,0,0.5,1/2,0.5,0.0,1,support_exact_failure_probability_low,measurement_only,support exact recovery and probabilistic success are not collapsed
bit_flip_p_0_50,D_A,E_parity,dec::bit_flip_p_0_50::D_A::E_parity::declared_decoder,0,0.5,1/2,0.5,0.0,1,support_exact_failure_probability_low,measurement_only,support exact recovery and probabilistic success are not collapsed
bit_flip_p_0_50,D_A,E_trivial,dec::bit_flip_p_0_50::D_A::E_trivial::bayes_optimal_decoder,0,0.5,1/2,0.5,0.0,1,support_exact_failure_probability_low,measurement_only,support exact recovery and probabilistic success are not collapsed
bit_flip_p_0_50,D_B,E_A,dec::bit_flip_p_0_50::D_B::E_A::bayes_optimal_decoder,0,0.5,1/2,0.5,0.0,1,support_exact_failure_probability_low,measurement_only,support exact recovery and probabilistic success are not collapsed
bit_flip_p_0_50,D_B,E_A,dec::bit_flip_p_0_50::D_B::E_A::declared_decoder,0,0.5,1/2,0.5,0.0,1,support_exact_failure_probability_low,measurement_only,support exact recovery and probabilistic success are not collapsed
bit_flip_p_0_50,D_B,E_B,dec::bit_flip_p_0_50::D_B::E_B::bayes_optimal_decoder,0,0.5,1/2,0.5,0.0,1,support_exact_failure_probability_low,measurement_only,support exact recovery and probabilistic success are not collapsed
bit_flip_p_0_50,D_B,E_B,dec::bit_flip_p_0_50::D_B::E_B::declared_decoder,0,0.5,1/2,0.5,0.0,1,support_exact_failure_probability_low,measurement_only,support exact recovery and probabilistic success are not collapsed
bit_flip_p_0_50,D_B,E_joint,dec::bit_flip_p_0_50::D_B::E_joint::bayes_optimal_decoder,0,0.5,1/2,0.5,0.0,1,support_exact_failure_probability_low,measurement_only,support exact recovery and probabilistic success are not collapsed
bit_flip_p_0_50,D_B,E_parity,dec::bit_flip_p_0_50::D_B::E_parity::bayes_optimal_decoder,0,0.5,1/2,0.5,0.0,1,support_exact_failure_probability_low,measurement_only,support exact recovery and probabilistic success are not collapsed
bit_flip_p_0_50,D_B,E_parity,dec::bit_flip_p_0_50::D_B::E_parity::declared_decoder,0,0.5,1/2,0.5,0.0,1,support_exact_failure_probability_low,measurement_only,support exact recovery and probabilistic success are not collapsed
bit_flip_p_0_50,D_B,E_trivial,dec::bit_flip_p_0_50::D_B::E_trivial::bayes_optimal_decoder,0,0.5,1/2,0.5,0.0,1,support_exact_failure_probability_low,measurement_only,support exact recovery and probabilistic success are not collapsed
bit_flip_p_0_50,D_joint,E_A,dec::bit_flip_p_0_50::D_joint::E_A::bayes_optimal_decoder,0,0.25,1/4,0.25,0.0,1,support_exact_failure_probability_low,measurement_only,support exact recovery and probabilistic success are not collapsed
bit_flip_p_0_50,D_joint,E_B,dec::bit_flip_p_0_50::D_joint::E_B::bayes_optimal_decoder,0,0.25,1/4,0.25,0.0,1,support_exact_failure_probability_low,measurement_only,support exact recovery and probabilistic success are not collapsed
bit_flip_p_0_50,D_joint,E_joint,dec::bit_flip_p_0_50::D_joint::E_joint::bayes_optimal_decoder,0,0.25,1/4,0.25,0.0,1,support_exact_failure_probability_low,measurement_only,support exact recovery and probabilistic success are not collapsed
bit_flip_p_0_50,D_joint,E_joint,dec::bit_flip_p_0_50::D_joint::E_joint::declared_decoder,0,0.25,1/4,0.25,0.0,1,support_exact_failure_probability_low,measurement_only,support exact recovery and probabilistic success are not collapsed
bit_flip_p_0_50,D_joint,E_parity,dec::bit_flip_p_0_50::D_joint::E_parity::bayes_optimal_decoder,0,0.25,1/4,0.25,0.0,1,support_exact_failure_probability_low,measurement_only,support exact recovery and probabilistic success are not collapsed
bit_flip_p_0_50,D_joint,E_trivial,dec::bit_flip_p_0_50::D_joint::E_trivial::bayes_optimal_decoder,0,0.25,1/4,0.25,0.0,1,support_exact_failure_probability_low,measurement_only,support exact recovery and probabilistic success are not collapsed
bit_flip_p_0_50,D_parity,E_A,dec::bit_flip_p_0_50::D_parity::E_A::bayes_optimal_decoder,0,0.5,1/2,0.5,0.0,1,support_exact_failure_probability_low,measurement_only,support exact recovery and probabilistic success are not collapsed
bit_flip_p_0_50,D_parity,E_A,dec::bit_flip_p_0_50::D_parity::E_A::declared_decoder,0,0.5,1/2,0.5,0.0,1,support_exact_failure_probability_low,measurement_only,support exact recovery and probabilistic success are not collapsed
bit_flip_p_0_50,D_parity,E_B,dec::bit_flip_p_0_50::D_parity::E_B::bayes_optimal_decoder,0,0.5,1/2,0.5,0.0,1,support_exact_failure_probability_low,measurement_only,support exact recovery and probabilistic success are not collapsed
bit_flip_p_0_50,D_parity,E_B,dec::bit_flip_p_0_50::D_parity::E_B::declared_decoder,0,0.5,1/2,0.5,0.0,1,support_exact_failure_probability_low,measurement_only,support exact recovery and probabilistic success are not collapsed
bit_flip_p_0_50,D_parity,E_joint,dec::bit_flip_p_0_50::D_parity::E_joint::bayes_optimal_decoder,0,0.5,1/2,0.5,0.0,1,support_exact_failure_probability_low,measurement_only,support exact recovery and probabilistic success are not collapsed
bit_flip_p_0_50,D_parity,E_parity,dec::bit_flip_p_0_50::D_parity::E_parity::bayes_optimal_decoder,0,0.5,1/2,0.5,0.0,1,support_exact_failure_probability_low,measurement_only,support exact recovery and probabilistic success are not collapsed
bit_flip_p_0_50,D_parity,E_parity,dec::bit_flip_p_0_50::D_parity::E_parity::declared_decoder,0,0.5,1/2,0.5,0.0,1,support_exact_failure_probability_low,measurement_only,support exact recovery and probabilistic success are not collapsed
bit_flip_p_0_50,D_parity,E_trivial,dec::bit_flip_p_0_50::D_parity::E_trivial::bayes_optimal_decoder,0,0.5,1/2,0.5,0.0,1,support_exact_failure_probability_low,measurement_only,support exact recovery and probabilistic success are not collapsed
bit_flip_p_0_50,D_trivial,E_A,dec::bit_flip_p_0_50::D_trivial::E_A::bayes_optimal_decoder,1,1.0,1,1.0,0.0,1,exact_support_and_perfect_probability,support_theorem_transfer_ready,support exact recovery and probabilistic success are not collapsed
bit_flip_p_0_50,D_trivial,E_A,dec::bit_flip_p_0_50::D_trivial::E_A::exact_decoder,1,1.0,1,1.0,0.0,1,exact_support_and_perfect_probability,support_theorem_transfer_ready,support exact recovery and probabilistic success are not collapsed
bit_flip_p_0_50,D_trivial,E_B,dec::bit_flip_p_0_50::D_trivial::E_B::bayes_optimal_decoder,1,1.0,1,1.0,0.0,1,exact_support_and_perfect_probability,support_theorem_transfer_ready,support exact recovery and probabilistic success are not collapsed
bit_flip_p_0_50,D_trivial,E_B,dec::bit_flip_p_0_50::D_trivial::E_B::exact_decoder,1,1.0,1,1.0,0.0,1,exact_support_and_perfect_probability,support_theorem_transfer_ready,support exact recovery and probabilistic success are not collapsed
bit_flip_p_0_50,D_trivial,E_joint,dec::bit_flip_p_0_50::D_trivial::E_joint::bayes_optimal_decoder,1,1.0,1,1.0,0.0,1,exact_support_and_perfect_probability,support_theorem_transfer_ready,support exact recovery and probabilistic success are not collapsed
bit_flip_p_0_50,D_trivial,E_joint,dec::bit_flip_p_0_50::D_trivial::E_joint::exact_decoder,1,1.0,1,1.0,0.0,1,exact_support_and_perfect_probability,support_theorem_transfer_ready,support exact recovery and probabilistic success are not collapsed
bit_flip_p_0_50,D_trivial,E_parity,dec::bit_flip_p_0_50::D_trivial::E_parity::bayes_optimal_decoder,1,1.0,1,1.0,0.0,1,exact_support_and_perfect_probability,support_theorem_transfer_ready,support exact recovery and probabilistic success are not collapsed
bit_flip_p_0_50,D_trivial,E_parity,dec::bit_flip_p_0_50::D_trivial::E_parity::exact_decoder,1,1.0,1,1.0,0.0,1,exact_support_and_perfect_probability,support_theorem_transfer_ready,support exact recovery and probabilistic success are not collapsed
bit_flip_p_0_50,D_trivial,E_trivial,dec::bit_flip_p_0_50::D_trivial::E_trivial::bayes_optimal_decoder,1,1.0,1,1.0,0.0,1,exact_support_and_perfect_probability,support_theorem_transfer_ready,support exact recovery and probabilistic success are not collapsed
bit_flip_p_0_50,D_trivial,E_trivial,dec::bit_flip_p_0_50::D_trivial::E_trivial::exact_decoder,1,1.0,1,1.0,0.0,1,exact_support_and_perfect_probability,support_theorem_transfer_ready,support exact recovery and probabilistic success are not collapsed
bit_flip_p_0_50,D_trivial,E_trivial,dec::bit_flip_p_0_50::D_trivial::E_trivial::declared_decoder,1,1.0,1,1.0,0.0,1,exact_support_and_perfect_probability,support_theorem_transfer_ready,support exact recovery and probabilistic success are not collapsed
asym_A_preserved_B_noisy_p_0_25,D_A,E_A,dec::asym_A_preserved_B_noisy_p_0_25::D_A::E_A::bayes_optimal_decoder,1,1.0,1,0.5,1.0,1,exact_support_and_perfect_probability,support_theorem_transfer_ready,support exact recovery and probabilistic success are not collapsed
asym_A_preserved_B_noisy_p_0_25,D_A,E_A,dec::asym_A_preserved_B_noisy_p_0_25::D_A::E_A::exact_decoder,1,1.0,1,0.5,1.0,1,exact_support_and_perfect_probability,support_theorem_transfer_ready,support exact recovery and probabilistic success are not collapsed
asym_A_preserved_B_noisy_p_0_25,D_A,E_A,dec::asym_A_preserved_B_noisy_p_0_25::D_A::E_A::declared_decoder,1,1.0,1,0.5,1.0,1,exact_support_and_perfect_probability,support_theorem_transfer_ready,support exact recovery and probabilistic success are not collapsed
asym_A_preserved_B_noisy_p_0_25,D_A,E_B,dec::asym_A_preserved_B_noisy_p_0_25::D_A::E_B::bayes_optimal_decoder,0,0.5,1/2,0.5,0.0,1,support_exact_failure_probability_low,measurement_only,support exact recovery and probabilistic success are not collapsed
asym_A_preserved_B_noisy_p_0_25,D_A,E_B,dec::asym_A_preserved_B_noisy_p_0_25::D_A::E_B::declared_decoder,0,0.5,1/2,0.5,0.0,1,support_exact_failure_probability_low,measurement_only,support exact recovery and probabilistic success are not collapsed
asym_A_preserved_B_noisy_p_0_25,D_A,E_joint,dec::asym_A_preserved_B_noisy_p_0_25::D_A::E_joint::bayes_optimal_decoder,1,1.0,1,0.5,1.0,1,exact_support_and_perfect_probability,support_theorem_transfer_ready,support exact recovery and probabilistic success are not collapsed
asym_A_preserved_B_noisy_p_0_25,D_A,E_joint,dec::asym_A_preserved_B_noisy_p_0_25::D_A::E_joint::exact_decoder,1,1.0,1,0.5,1.0,1,exact_support_and_perfect_probability,support_theorem_transfer_ready,support exact recovery and probabilistic success are not collapsed
asym_A_preserved_B_noisy_p_0_25,D_A,E_parity,dec::asym_A_preserved_B_noisy_p_0_25::D_A::E_parity::bayes_optimal_decoder,0,0.5,1/2,0.5,0.0,1,support_exact_failure_probability_low,measurement_only,support exact recovery and probabilistic success are not collapsed
asym_A_preserved_B_noisy_p_0_25,D_A,E_parity,dec::asym_A_preserved_B_noisy_p_0_25::D_A::E_parity::declared_decoder,0,0.5,1/2,0.5,0.0,1,support_exact_failure_probability_low,measurement_only,support exact recovery and probabilistic success are not collapsed
asym_A_preserved_B_noisy_p_0_25,D_A,E_trivial,dec::asym_A_preserved_B_noisy_p_0_25::D_A::E_trivial::bayes_optimal_decoder,0,0.5,1/2,0.5,0.0,1,support_exact_failure_probability_low,measurement_only,support exact recovery and probabilistic success are not collapsed
asym_A_preserved_B_noisy_p_0_25,D_B,E_A,dec::asym_A_preserved_B_noisy_p_0_25::D_B::E_A::bayes_optimal_decoder,0,0.5,1/2,0.5,0.0,1,support_exact_failure_probability_low,measurement_only,support exact recovery and probabilistic success are not collapsed
asym_A_preserved_B_noisy_p_0_25,D_B,E_A,dec::asym_A_preserved_B_noisy_p_0_25::D_B::E_A::declared_decoder,0,0.5,1/2,0.5,0.0,1,support_exact_failure_probability_low,measurement_only,support exact recovery and probabilistic success are not collapsed
asym_A_preserved_B_noisy_p_0_25,D_B,E_B,dec::asym_A_preserved_B_noisy_p_0_25::D_B::E_B::bayes_optimal_decoder,0,0.75,3/4,0.5,0.5,1,support_exact_failure_probability_high,probabilistic_measurement_not_support_transfer,support exact recovery and probabilistic success are not collapsed
asym_A_preserved_B_noisy_p_0_25,D_B,E_B,dec::asym_A_preserved_B_noisy_p_0_25::D_B::E_B::declared_decoder,0,0.75,3/4,0.5,0.5,1,support_exact_failure_probability_high,probabilistic_measurement_not_support_transfer,support exact recovery and probabilistic success are not collapsed
asym_A_preserved_B_noisy_p_0_25,D_B,E_joint,dec::asym_A_preserved_B_noisy_p_0_25::D_B::E_joint::bayes_optimal_decoder,0,0.75,3/4,0.5,0.5,1,support_exact_failure_probability_high,probabilistic_measurement_not_support_transfer,support exact recovery and probabilistic success are not collapsed
asym_A_preserved_B_noisy_p_0_25,D_B,E_parity,dec::asym_A_preserved_B_noisy_p_0_25::D_B::E_parity::bayes_optimal_decoder,0,0.5,1/2,0.5,0.0,1,support_exact_failure_probability_low,measurement_only,support exact recovery and probabilistic success are not collapsed
asym_A_preserved_B_noisy_p_0_25,D_B,E_parity,dec::asym_A_preserved_B_noisy_p_0_25::D_B::E_parity::declared_decoder,0,0.5,1/2,0.5,0.0,1,support_exact_failure_probability_low,measurement_only,support exact recovery and probabilistic success are not collapsed
asym_A_preserved_B_noisy_p_0_25,D_B,E_trivial,dec::asym_A_preserved_B_noisy_p_0_25::D_B::E_trivial::bayes_optimal_decoder,0,0.5,1/2,0.5,0.0,1,support_exact_failure_probability_low,measurement_only,support exact recovery and probabilistic success are not collapsed
asym_A_preserved_B_noisy_p_0_25,D_joint,E_A,dec::asym_A_preserved_B_noisy_p_0_25::D_joint::E_A::bayes_optimal_decoder,0,0.5,1/2,0.25,0.3333333333333333,1,support_exact_failure_probability_low,measurement_only,support exact recovery and probabilistic success are not collapsed
asym_A_preserved_B_noisy_p_0_25,D_joint,E_B,dec::asym_A_preserved_B_noisy_p_0_25::D_joint::E_B::bayes_optimal_decoder,0,0.375,3/8,0.25,0.16666666666666666,1,support_exact_failure_probability_low,measurement_only,support exact recovery and probabilistic success are not collapsed
asym_A_preserved_B_noisy_p_0_25,D_joint,E_joint,dec::asym_A_preserved_B_noisy_p_0_25::D_joint::E_joint::bayes_optimal_decoder,0,0.75,3/4,0.25,0.6666666666666666,1,support_exact_failure_probability_high,probabilistic_measurement_not_support_transfer,support exact recovery and probabilistic success are not collapsed
asym_A_preserved_B_noisy_p_0_25,D_joint,E_joint,dec::asym_A_preserved_B_noisy_p_0_25::D_joint::E_joint::declared_decoder,0,0.75,3/4,0.25,0.6666666666666666,1,support_exact_failure_probability_high,probabilistic_measurement_not_support_transfer,support exact recovery and probabilistic success are not collapsed
asym_A_preserved_B_noisy_p_0_25,D_joint,E_parity,dec::asym_A_preserved_B_noisy_p_0_25::D_joint::E_parity::bayes_optimal_decoder,0,0.375,3/8,0.25,0.16666666666666666,1,support_exact_failure_probability_low,measurement_only,support exact recovery and probabilistic success are not collapsed
asym_A_preserved_B_noisy_p_0_25,D_joint,E_trivial,dec::asym_A_preserved_B_noisy_p_0_25::D_joint::E_trivial::bayes_optimal_decoder,0,0.25,1/4,0.25,0.0,1,support_exact_failure_probability_low,measurement_only,support exact recovery and probabilistic success are not collapsed
asym_A_preserved_B_noisy_p_0_25,D_parity,E_A,dec::asym_A_preserved_B_noisy_p_0_25::D_parity::E_A::bayes_optimal_decoder,0,0.5,1/2,0.5,0.0,1,support_exact_failure_probability_low,measurement_only,support exact recovery and probabilistic success are not collapsed
asym_A_preserved_B_noisy_p_0_25,D_parity,E_A,dec::asym_A_preserved_B_noisy_p_0_25::D_parity::E_A::declared_decoder,0,0.5,1/2,0.5,0.0,1,support_exact_failure_probability_low,measurement_only,support exact recovery and probabilistic success are not collapsed
asym_A_preserved_B_noisy_p_0_25,D_parity,E_B,dec::asym_A_preserved_B_noisy_p_0_25::D_parity::E_B::bayes_optimal_decoder,0,0.5,1/2,0.5,0.0,1,support_exact_failure_probability_low,measurement_only,support exact recovery and probabilistic success are not collapsed
asym_A_preserved_B_noisy_p_0_25,D_parity,E_B,dec::asym_A_preserved_B_noisy_p_0_25::D_parity::E_B::declared_decoder,0,0.5,1/2,0.5,0.0,1,support_exact_failure_probability_low,measurement_only,support exact recovery and probabilistic success are not collapsed
asym_A_preserved_B_noisy_p_0_25,D_parity,E_joint,dec::asym_A_preserved_B_noisy_p_0_25::D_parity::E_joint::bayes_optimal_decoder,0,0.75,3/4,0.5,0.5,1,support_exact_failure_probability_high,probabilistic_measurement_not_support_transfer,support exact recovery and probabilistic success are not collapsed
asym_A_preserved_B_noisy_p_0_25,D_parity,E_parity,dec::asym_A_preserved_B_noisy_p_0_25::D_parity::E_parity::bayes_optimal_decoder,0,0.75,3/4,0.5,0.5,1,support_exact_failure_probability_high,probabilistic_measurement_not_support_transfer,support exact recovery and probabilistic success are not collapsed
asym_A_preserved_B_noisy_p_0_25,D_parity,E_parity,dec::asym_A_preserved_B_noisy_p_0_25::D_parity::E_parity::declared_decoder,0,0.75,3/4,0.5,0.5,1,support_exact_failure_probability_high,probabilistic_measurement_not_support_transfer,support exact recovery and probabilistic success are not collapsed
asym_A_preserved_B_noisy_p_0_25,D_parity,E_trivial,dec::asym_A_preserved_B_noisy_p_0_25::D_parity::E_trivial::bayes_optimal_decoder,0,0.5,1/2,0.5,0.0,1,support_exact_failure_probability_low,measurement_only,support exact recovery and probabilistic success are not collapsed
asym_A_preserved_B_noisy_p_0_25,D_trivial,E_A,dec::asym_A_preserved_B_noisy_p_0_25::D_trivial::E_A::bayes_optimal_decoder,1,1.0,1,1.0,0.0,1,exact_support_and_perfect_probability,support_theorem_transfer_ready,support exact recovery and probabilistic success are not collapsed
asym_A_preserved_B_noisy_p_0_25,D_trivial,E_A,dec::asym_A_preserved_B_noisy_p_0_25::D_trivial::E_A::exact_decoder,1,1.0,1,1.0,0.0,1,exact_support_and_perfect_probability,support_theorem_transfer_ready,support exact recovery and probabilistic success are not collapsed
asym_A_preserved_B_noisy_p_0_25,D_trivial,E_B,dec::asym_A_preserved_B_noisy_p_0_25::D_trivial::E_B::bayes_optimal_decoder,1,1.0,1,1.0,0.0,1,exact_support_and_perfect_probability,support_theorem_transfer_ready,support exact recovery and probabilistic success are not collapsed
asym_A_preserved_B_noisy_p_0_25,D_trivial,E_B,dec::asym_A_preserved_B_noisy_p_0_25::D_trivial::E_B::exact_decoder,1,1.0,1,1.0,0.0,1,exact_support_and_perfect_probability,support_theorem_transfer_ready,support exact recovery and probabilistic success are not collapsed
asym_A_preserved_B_noisy_p_0_25,D_trivial,E_joint,dec::asym_A_preserved_B_noisy_p_0_25::D_trivial::E_joint::bayes_optimal_decoder,1,1.0,1,1.0,0.0,1,exact_support_and_perfect_probability,support_theorem_transfer_ready,support exact recovery and probabilistic success are not collapsed
asym_A_preserved_B_noisy_p_0_25,D_trivial,E_joint,dec::asym_A_preserved_B_noisy_p_0_25::D_trivial::E_joint::exact_decoder,1,1.0,1,1.0,0.0,1,exact_support_and_perfect_probability,support_theorem_transfer_ready,support exact recovery and probabilistic success are not collapsed
asym_A_preserved_B_noisy_p_0_25,D_trivial,E_parity,dec::asym_A_preserved_B_noisy_p_0_25::D_trivial::E_parity::bayes_optimal_decoder,1,1.0,1,1.0,0.0,1,exact_support_and_perfect_probability,support_theorem_transfer_ready,support exact recovery and probabilistic success are not collapsed
asym_A_preserved_B_noisy_p_0_25,D_trivial,E_parity,dec::asym_A_preserved_B_noisy_p_0_25::D_trivial::E_parity::exact_decoder,1,1.0,1,1.0,0.0,1,exact_support_and_perfect_probability,support_theorem_transfer_ready,support exact recovery and probabilistic success are not collapsed
asym_A_preserved_B_noisy_p_0_25,D_trivial,E_trivial,dec::asym_A_preserved_B_noisy_p_0_25::D_trivial::E_trivial::bayes_optimal_decoder,1,1.0,1,1.0,0.0,1,exact_support_and_perfect_probability,support_theorem_transfer_ready,support exact recovery and probabilistic success are not collapsed
asym_A_preserved_B_noisy_p_0_25,D_trivial,E_trivial,dec::asym_A_preserved_B_noisy_p_0_25::D_trivial::E_trivial::exact_decoder,1,1.0,1,1.0,0.0,1,exact_support_and_perfect_probability,support_theorem_transfer_ready,support exact recovery and probabilistic success are not collapsed
asym_A_preserved_B_noisy_p_0_25,D_trivial,E_trivial,dec::asym_A_preserved_B_noisy_p_0_25::D_trivial::E_trivial::declared_decoder,1,1.0,1,1.0,0.0,1,exact_support_and_perfect_probability,support_theorem_transfer_ready,support exact recovery and probabilistic success are not collapsed
asym_A_noisy_B_preserved_p_0_25,D_A,E_A,dec::asym_A_noisy_B_preserved_p_0_25::D_A::E_A::bayes_optimal_decoder,0,0.75,3/4,0.5,0.5,1,support_exact_failure_probability_high,probabilistic_measurement_not_support_transfer,support exact recovery and probabilistic success are not collapsed
asym_A_noisy_B_preserved_p_0_25,D_A,E_A,dec::asym_A_noisy_B_preserved_p_0_25::D_A::E_A::declared_decoder,0,0.75,3/4,0.5,0.5,1,support_exact_failure_probability_high,probabilistic_measurement_not_support_transfer,support exact recovery and probabilistic success are not collapsed
asym_A_noisy_B_preserved_p_0_25,D_A,E_B,dec::asym_A_noisy_B_preserved_p_0_25::D_A::E_B::bayes_optimal_decoder,0,0.5,1/2,0.5,0.0,1,support_exact_failure_probability_low,measurement_only,support exact recovery and probabilistic success are not collapsed
asym_A_noisy_B_preserved_p_0_25,D_A,E_B,dec::asym_A_noisy_B_preserved_p_0_25::D_A::E_B::declared_decoder,0,0.5,1/2,0.5,0.0,1,support_exact_failure_probability_low,measurement_only,support exact recovery and probabilistic success are not collapsed
asym_A_noisy_B_preserved_p_0_25,D_A,E_joint,dec::asym_A_noisy_B_preserved_p_0_25::D_A::E_joint::bayes_optimal_decoder,0,0.75,3/4,0.5,0.5,1,support_exact_failure_probability_high,probabilistic_measurement_not_support_transfer,support exact recovery and probabilistic success are not collapsed
asym_A_noisy_B_preserved_p_0_25,D_A,E_parity,dec::asym_A_noisy_B_preserved_p_0_25::D_A::E_parity::bayes_optimal_decoder,0,0.5,1/2,0.5,0.0,1,support_exact_failure_probability_low,measurement_only,support exact recovery and probabilistic success are not collapsed
asym_A_noisy_B_preserved_p_0_25,D_A,E_parity,dec::asym_A_noisy_B_preserved_p_0_25::D_A::E_parity::declared_decoder,0,0.5,1/2,0.5,0.0,1,support_exact_failure_probability_low,measurement_only,support exact recovery and probabilistic success are not collapsed
asym_A_noisy_B_preserved_p_0_25,D_A,E_trivial,dec::asym_A_noisy_B_preserved_p_0_25::D_A::E_trivial::bayes_optimal_decoder,0,0.5,1/2,0.5,0.0,1,support_exact_failure_probability_low,measurement_only,support exact recovery and probabilistic success are not collapsed
asym_A_noisy_B_preserved_p_0_25,D_B,E_A,dec::asym_A_noisy_B_preserved_p_0_25::D_B::E_A::bayes_optimal_decoder,0,0.5,1/2,0.5,0.0,1,support_exact_failure_probability_low,measurement_only,support exact recovery and probabilistic success are not collapsed
asym_A_noisy_B_preserved_p_0_25,D_B,E_A,dec::asym_A_noisy_B_preserved_p_0_25::D_B::E_A::declared_decoder,0,0.5,1/2,0.5,0.0,1,support_exact_failure_probability_low,measurement_only,support exact recovery and probabilistic success are not collapsed
asym_A_noisy_B_preserved_p_0_25,D_B,E_B,dec::asym_A_noisy_B_preserved_p_0_25::D_B::E_B::bayes_optimal_decoder,1,1.0,1,0.5,1.0,1,exact_support_and_perfect_probability,support_theorem_transfer_ready,support exact recovery and probabilistic success are not collapsed
asym_A_noisy_B_preserved_p_0_25,D_B,E_B,dec::asym_A_noisy_B_preserved_p_0_25::D_B::E_B::exact_decoder,1,1.0,1,0.5,1.0,1,exact_support_and_perfect_probability,support_theorem_transfer_ready,support exact recovery and probabilistic success are not collapsed
asym_A_noisy_B_preserved_p_0_25,D_B,E_B,dec::asym_A_noisy_B_preserved_p_0_25::D_B::E_B::declared_decoder,1,1.0,1,0.5,1.0,1,exact_support_and_perfect_probability,support_theorem_transfer_ready,support exact recovery and probabilistic success are not collapsed
asym_A_noisy_B_preserved_p_0_25,D_B,E_joint,dec::asym_A_noisy_B_preserved_p_0_25::D_B::E_joint::bayes_optimal_decoder,1,1.0,1,0.5,1.0,1,exact_support_and_perfect_probability,support_theorem_transfer_ready,support exact recovery and probabilistic success are not collapsed
asym_A_noisy_B_preserved_p_0_25,D_B,E_joint,dec::asym_A_noisy_B_preserved_p_0_25::D_B::E_joint::exact_decoder,1,1.0,1,0.5,1.0,1,exact_support_and_perfect_probability,support_theorem_transfer_ready,support exact recovery and probabilistic success are not collapsed
asym_A_noisy_B_preserved_p_0_25,D_B,E_parity,dec::asym_A_noisy_B_preserved_p_0_25::D_B::E_parity::bayes_optimal_decoder,0,0.5,1/2,0.5,0.0,1,support_exact_failure_probability_low,measurement_only,support exact recovery and probabilistic success are not collapsed
asym_A_noisy_B_preserved_p_0_25,D_B,E_parity,dec::asym_A_noisy_B_preserved_p_0_25::D_B::E_parity::declared_decoder,0,0.5,1/2,0.5,0.0,1,support_exact_failure_probability_low,measurement_only,support exact recovery and probabilistic success are not collapsed
asym_A_noisy_B_preserved_p_0_25,D_B,E_trivial,dec::asym_A_noisy_B_preserved_p_0_25::D_B::E_trivial::bayes_optimal_decoder,0,0.5,1/2,0.5,0.0,1,support_exact_failure_probability_low,measurement_only,support exact recovery and probabilistic success are not collapsed
asym_A_noisy_B_preserved_p_0_25,D_joint,E_A,dec::asym_A_noisy_B_preserved_p_0_25::D_joint::E_A::bayes_optimal_decoder,0,0.375,3/8,0.25,0.16666666666666666,1,support_exact_failure_probability_low,measurement_only,support exact recovery and probabilistic success are not collapsed
asym_A_noisy_B_preserved_p_0_25,D_joint,E_B,dec::asym_A_noisy_B_preserved_p_0_25::D_joint::E_B::bayes_optimal_decoder,0,0.5,1/2,0.25,0.3333333333333333,1,support_exact_failure_probability_low,measurement_only,support exact recovery and probabilistic success are not collapsed
asym_A_noisy_B_preserved_p_0_25,D_joint,E_joint,dec::asym_A_noisy_B_preserved_p_0_25::D_joint::E_joint::bayes_optimal_decoder,0,0.75,3/4,0.25,0.6666666666666666,1,support_exact_failure_probability_high,probabilistic_measurement_not_support_transfer,support exact recovery and probabilistic success are not collapsed
asym_A_noisy_B_preserved_p_0_25,D_joint,E_joint,dec::asym_A_noisy_B_preserved_p_0_25::D_joint::E_joint::declared_decoder,0,0.75,3/4,0.25,0.6666666666666666,1,support_exact_failure_probability_high,probabilistic_measurement_not_support_transfer,support exact recovery and probabilistic success are not collapsed
asym_A_noisy_B_preserved_p_0_25,D_joint,E_parity,dec::asym_A_noisy_B_preserved_p_0_25::D_joint::E_parity::bayes_optimal_decoder,0,0.375,3/8,0.25,0.16666666666666666,1,support_exact_failure_probability_low,measurement_only,support exact recovery and probabilistic success are not collapsed
asym_A_noisy_B_preserved_p_0_25,D_joint,E_trivial,dec::asym_A_noisy_B_preserved_p_0_25::D_joint::E_trivial::bayes_optimal_decoder,0,0.25,1/4,0.25,0.0,1,support_exact_failure_probability_low,measurement_only,support exact recovery and probabilistic success are not collapsed
asym_A_noisy_B_preserved_p_0_25,D_parity,E_A,dec::asym_A_noisy_B_preserved_p_0_25::D_parity::E_A::bayes_optimal_decoder,0,0.5,1/2,0.5,0.0,1,support_exact_failure_probability_low,measurement_only,support exact recovery and probabilistic success are not collapsed
asym_A_noisy_B_preserved_p_0_25,D_parity,E_A,dec::asym_A_noisy_B_preserved_p_0_25::D_parity::E_A::declared_decoder,0,0.5,1/2,0.5,0.0,1,support_exact_failure_probability_low,measurement_only,support exact recovery and probabilistic success are not collapsed
asym_A_noisy_B_preserved_p_0_25,D_parity,E_B,dec::asym_A_noisy_B_preserved_p_0_25::D_parity::E_B::bayes_optimal_decoder,0,0.5,1/2,0.5,0.0,1,support_exact_failure_probability_low,measurement_only,support exact recovery and probabilistic success are not collapsed
asym_A_noisy_B_preserved_p_0_25,D_parity,E_B,dec::asym_A_noisy_B_preserved_p_0_25::D_parity::E_B::declared_decoder,0,0.5,1/2,0.5,0.0,1,support_exact_failure_probability_low,measurement_only,support exact recovery and probabilistic success are not collapsed
asym_A_noisy_B_preserved_p_0_25,D_parity,E_joint,dec::asym_A_noisy_B_preserved_p_0_25::D_parity::E_joint::bayes_optimal_decoder,0,0.75,3/4,0.5,0.5,1,support_exact_failure_probability_high,probabilistic_measurement_not_support_transfer,support exact recovery and probabilistic success are not collapsed
asym_A_noisy_B_preserved_p_0_25,D_parity,E_parity,dec::asym_A_noisy_B_preserved_p_0_25::D_parity::E_parity::bayes_optimal_decoder,0,0.75,3/4,0.5,0.5,1,support_exact_failure_probability_high,probabilistic_measurement_not_support_transfer,support exact recovery and probabilistic success are not collapsed
asym_A_noisy_B_preserved_p_0_25,D_parity,E_parity,dec::asym_A_noisy_B_preserved_p_0_25::D_parity::E_parity::declared_decoder,0,0.75,3/4,0.5,0.5,1,support_exact_failure_probability_high,probabilistic_measurement_not_support_transfer,support exact recovery and probabilistic success are not collapsed
asym_A_noisy_B_preserved_p_0_25,D_parity,E_trivial,dec::asym_A_noisy_B_preserved_p_0_25::D_parity::E_trivial::bayes_optimal_decoder,0,0.5,1/2,0.5,0.0,1,support_exact_failure_probability_low,measurement_only,support exact recovery and probabilistic success are not collapsed
asym_A_noisy_B_preserved_p_0_25,D_trivial,E_A,dec::asym_A_noisy_B_preserved_p_0_25::D_trivial::E_A::bayes_optimal_decoder,1,1.0,1,1.0,0.0,1,exact_support_and_perfect_probability,support_theorem_transfer_ready,support exact recovery and probabilistic success are not collapsed
asym_A_noisy_B_preserved_p_0_25,D_trivial,E_A,dec::asym_A_noisy_B_preserved_p_0_25::D_trivial::E_A::exact_decoder,1,1.0,1,1.0,0.0,1,exact_support_and_perfect_probability,support_theorem_transfer_ready,support exact recovery and probabilistic success are not collapsed
asym_A_noisy_B_preserved_p_0_25,D_trivial,E_B,dec::asym_A_noisy_B_preserved_p_0_25::D_trivial::E_B::bayes_optimal_decoder,1,1.0,1,1.0,0.0,1,exact_support_and_perfect_probability,support_theorem_transfer_ready,support exact recovery and probabilistic success are not collapsed
asym_A_noisy_B_preserved_p_0_25,D_trivial,E_B,dec::asym_A_noisy_B_preserved_p_0_25::D_trivial::E_B::exact_decoder,1,1.0,1,1.0,0.0,1,exact_support_and_perfect_probability,support_theorem_transfer_ready,support exact recovery and probabilistic success are not collapsed
asym_A_noisy_B_preserved_p_0_25,D_trivial,E_joint,dec::asym_A_noisy_B_preserved_p_0_25::D_trivial::E_joint::bayes_optimal_decoder,1,1.0,1,1.0,0.0,1,exact_support_and_perfect_probability,support_theorem_transfer_ready,support exact recovery and probabilistic success are not collapsed
asym_A_noisy_B_preserved_p_0_25,D_trivial,E_joint,dec::asym_A_noisy_B_preserved_p_0_25::D_trivial::E_joint::exact_decoder,1,1.0,1,1.0,0.0,1,exact_support_and_perfect_probability,support_theorem_transfer_ready,support exact recovery and probabilistic success are not collapsed
asym_A_noisy_B_preserved_p_0_25,D_trivial,E_parity,dec::asym_A_noisy_B_preserved_p_0_25::D_trivial::E_parity::bayes_optimal_decoder,1,1.0,1,1.0,0.0,1,exact_support_and_perfect_probability,support_theorem_transfer_ready,support exact recovery and probabilistic success are not collapsed
asym_A_noisy_B_preserved_p_0_25,D_trivial,E_parity,dec::asym_A_noisy_B_preserved_p_0_25::D_trivial::E_parity::exact_decoder,1,1.0,1,1.0,0.0,1,exact_support_and_perfect_probability,support_theorem_transfer_ready,support exact recovery and probabilistic success are not collapsed
asym_A_noisy_B_preserved_p_0_25,D_trivial,E_trivial,dec::asym_A_noisy_B_preserved_p_0_25::D_trivial::E_trivial::bayes_optimal_decoder,1,1.0,1,1.0,0.0,1,exact_support_and_perfect_probability,support_theorem_transfer_ready,support exact recovery and probabilistic success are not collapsed
asym_A_noisy_B_preserved_p_0_25,D_trivial,E_trivial,dec::asym_A_noisy_B_preserved_p_0_25::D_trivial::E_trivial::exact_decoder,1,1.0,1,1.0,0.0,1,exact_support_and_perfect_probability,support_theorem_transfer_ready,support exact recovery and probabilistic success are not collapsed
asym_A_noisy_B_preserved_p_0_25,D_trivial,E_trivial,dec::asym_A_noisy_B_preserved_p_0_25::D_trivial::E_trivial::declared_decoder,1,1.0,1,1.0,0.0,1,exact_support_and_perfect_probability,support_theorem_transfer_ready,support exact recovery and probabilistic success are not collapsed
asym_A_erased_B_preserved,D_A,E_A,dec::asym_A_erased_B_preserved::D_A::E_A::bayes_optimal_decoder,0,0.5,1/2,0.5,0.0,1,support_exact_failure_probability_low,measurement_only,support exact recovery and probabilistic success are not collapsed
asym_A_erased_B_preserved,D_A,E_A,dec::asym_A_erased_B_preserved::D_A::E_A::declared_decoder,0,0.5,1/2,0.5,0.0,1,support_exact_failure_probability_low,measurement_only,support exact recovery and probabilistic success are not collapsed
asym_A_erased_B_preserved,D_A,E_B,dec::asym_A_erased_B_preserved::D_A::E_B::bayes_optimal_decoder,0,0.5,1/2,0.5,0.0,1,support_exact_failure_probability_low,measurement_only,support exact recovery and probabilistic success are not collapsed
asym_A_erased_B_preserved,D_A,E_B,dec::asym_A_erased_B_preserved::D_A::E_B::declared_decoder,0,0.5,1/2,0.5,0.0,1,support_exact_failure_probability_low,measurement_only,support exact recovery and probabilistic success are not collapsed
asym_A_erased_B_preserved,D_A,E_joint,dec::asym_A_erased_B_preserved::D_A::E_joint::bayes_optimal_decoder,0,0.5,1/2,0.5,0.0,1,support_exact_failure_probability_low,measurement_only,support exact recovery and probabilistic success are not collapsed
asym_A_erased_B_preserved,D_A,E_parity,dec::asym_A_erased_B_preserved::D_A::E_parity::bayes_optimal_decoder,0,0.5,1/2,0.5,0.0,1,support_exact_failure_probability_low,measurement_only,support exact recovery and probabilistic success are not collapsed
asym_A_erased_B_preserved,D_A,E_parity,dec::asym_A_erased_B_preserved::D_A::E_parity::declared_decoder,0,0.5,1/2,0.5,0.0,1,support_exact_failure_probability_low,measurement_only,support exact recovery and probabilistic success are not collapsed
asym_A_erased_B_preserved,D_A,E_trivial,dec::asym_A_erased_B_preserved::D_A::E_trivial::bayes_optimal_decoder,0,0.5,1/2,0.5,0.0,1,support_exact_failure_probability_low,measurement_only,support exact recovery and probabilistic success are not collapsed
asym_A_erased_B_preserved,D_B,E_A,dec::asym_A_erased_B_preserved::D_B::E_A::bayes_optimal_decoder,0,0.5,1/2,0.5,0.0,1,support_exact_failure_probability_low,measurement_only,support exact recovery and probabilistic success are not collapsed
asym_A_erased_B_preserved,D_B,E_A,dec::asym_A_erased_B_preserved::D_B::E_A::declared_decoder,0,0.5,1/2,0.5,0.0,1,support_exact_failure_probability_low,measurement_only,support exact recovery and probabilistic success are not collapsed
asym_A_erased_B_preserved,D_B,E_B,dec::asym_A_erased_B_preserved::D_B::E_B::bayes_optimal_decoder,1,1.0,1,0.5,1.0,1,exact_support_and_perfect_probability,support_theorem_transfer_ready,support exact recovery and probabilistic success are not collapsed
asym_A_erased_B_preserved,D_B,E_B,dec::asym_A_erased_B_preserved::D_B::E_B::exact_decoder,1,1.0,1,0.5,1.0,1,exact_support_and_perfect_probability,support_theorem_transfer_ready,support exact recovery and probabilistic success are not collapsed
asym_A_erased_B_preserved,D_B,E_B,dec::asym_A_erased_B_preserved::D_B::E_B::declared_decoder,1,1.0,1,0.5,1.0,1,exact_support_and_perfect_probability,support_theorem_transfer_ready,support exact recovery and probabilistic success are not collapsed
asym_A_erased_B_preserved,D_B,E_joint,dec::asym_A_erased_B_preserved::D_B::E_joint::bayes_optimal_decoder,1,1.0,1,0.5,1.0,1,exact_support_and_perfect_probability,support_theorem_transfer_ready,support exact recovery and probabilistic success are not collapsed
asym_A_erased_B_preserved,D_B,E_joint,dec::asym_A_erased_B_preserved::D_B::E_joint::exact_decoder,1,1.0,1,0.5,1.0,1,exact_support_and_perfect_probability,support_theorem_transfer_ready,support exact recovery and probabilistic success are not collapsed
asym_A_erased_B_preserved,D_B,E_parity,dec::asym_A_erased_B_preserved::D_B::E_parity::bayes_optimal_decoder,0,0.5,1/2,0.5,0.0,1,support_exact_failure_probability_low,measurement_only,support exact recovery and probabilistic success are not collapsed
asym_A_erased_B_preserved,D_B,E_parity,dec::asym_A_erased_B_preserved::D_B::E_parity::declared_decoder,0,0.5,1/2,0.5,0.0,1,support_exact_failure_probability_low,measurement_only,support exact recovery and probabilistic success are not collapsed
asym_A_erased_B_preserved,D_B,E_trivial,dec::asym_A_erased_B_preserved::D_B::E_trivial::bayes_optimal_decoder,0,0.5,1/2,0.5,0.0,1,support_exact_failure_probability_low,measurement_only,support exact recovery and probabilistic success are not collapsed
asym_A_erased_B_preserved,D_joint,E_A,dec::asym_A_erased_B_preserved::D_joint::E_A::bayes_optimal_decoder,0,0.25,1/4,0.25,0.0,1,support_exact_failure_probability_low,measurement_only,support exact recovery and probabilistic success are not collapsed
asym_A_erased_B_preserved,D_joint,E_B,dec::asym_A_erased_B_preserved::D_joint::E_B::bayes_optimal_decoder,0,0.5,1/2,0.25,0.3333333333333333,1,support_exact_failure_probability_low,measurement_only,support exact recovery and probabilistic success are not collapsed
asym_A_erased_B_preserved,D_joint,E_joint,dec::asym_A_erased_B_preserved::D_joint::E_joint::bayes_optimal_decoder,0,0.5,1/2,0.25,0.3333333333333333,1,support_exact_failure_probability_low,measurement_only,support exact recovery and probabilistic success are not collapsed
asym_A_erased_B_preserved,D_joint,E_joint,dec::asym_A_erased_B_preserved::D_joint::E_joint::declared_decoder,0,0.5,1/2,0.25,0.3333333333333333,1,support_exact_failure_probability_low,measurement_only,support exact recovery and probabilistic success are not collapsed
asym_A_erased_B_preserved,D_joint,E_parity,dec::asym_A_erased_B_preserved::D_joint::E_parity::bayes_optimal_decoder,0,0.25,1/4,0.25,0.0,1,support_exact_failure_probability_low,measurement_only,support exact recovery and probabilistic success are not collapsed
asym_A_erased_B_preserved,D_joint,E_trivial,dec::asym_A_erased_B_preserved::D_joint::E_trivial::bayes_optimal_decoder,0,0.25,1/4,0.25,0.0,1,support_exact_failure_probability_low,measurement_only,support exact recovery and probabilistic success are not collapsed
asym_A_erased_B_preserved,D_parity,E_A,dec::asym_A_erased_B_preserved::D_parity::E_A::bayes_optimal_decoder,0,0.5,1/2,0.5,0.0,1,support_exact_failure_probability_low,measurement_only,support exact recovery and probabilistic success are not collapsed
asym_A_erased_B_preserved,D_parity,E_A,dec::asym_A_erased_B_preserved::D_parity::E_A::declared_decoder,0,0.5,1/2,0.5,0.0,1,support_exact_failure_probability_low,measurement_only,support exact recovery and probabilistic success are not collapsed
asym_A_erased_B_preserved,D_parity,E_B,dec::asym_A_erased_B_preserved::D_parity::E_B::bayes_optimal_decoder,0,0.5,1/2,0.5,0.0,1,support_exact_failure_probability_low,measurement_only,support exact recovery and probabilistic success are not collapsed
asym_A_erased_B_preserved,D_parity,E_B,dec::asym_A_erased_B_preserved::D_parity::E_B::declared_decoder,0,0.5,1/2,0.5,0.0,1,support_exact_failure_probability_low,measurement_only,support exact recovery and probabilistic success are not collapsed
asym_A_erased_B_preserved,D_parity,E_joint,dec::asym_A_erased_B_preserved::D_parity::E_joint::bayes_optimal_decoder,0,0.5,1/2,0.5,0.0,1,support_exact_failure_probability_low,measurement_only,support exact recovery and probabilistic success are not collapsed
asym_A_erased_B_preserved,D_parity,E_parity,dec::asym_A_erased_B_preserved::D_parity::E_parity::bayes_optimal_decoder,0,0.5,1/2,0.5,0.0,1,support_exact_failure_probability_low,measurement_only,support exact recovery and probabilistic success are not collapsed
asym_A_erased_B_preserved,D_parity,E_parity,dec::asym_A_erased_B_preserved::D_parity::E_parity::declared_decoder,0,0.5,1/2,0.5,0.0,1,support_exact_failure_probability_low,measurement_only,support exact recovery and probabilistic success are not collapsed
asym_A_erased_B_preserved,D_parity,E_trivial,dec::asym_A_erased_B_preserved::D_parity::E_trivial::bayes_optimal_decoder,0,0.5,1/2,0.5,0.0,1,support_exact_failure_probability_low,measurement_only,support exact recovery and probabilistic success are not collapsed
asym_A_erased_B_preserved,D_trivial,E_A,dec::asym_A_erased_B_preserved::D_trivial::E_A::bayes_optimal_decoder,1,1.0,1,1.0,0.0,1,exact_support_and_perfect_probability,support_theorem_transfer_ready,support exact recovery and probabilistic success are not collapsed
asym_A_erased_B_preserved,D_trivial,E_A,dec::asym_A_erased_B_preserved::D_trivial::E_A::exact_decoder,1,1.0,1,1.0,0.0,1,exact_support_and_perfect_probability,support_theorem_transfer_ready,support exact recovery and probabilistic success are not collapsed
asym_A_erased_B_preserved,D_trivial,E_B,dec::asym_A_erased_B_preserved::D_trivial::E_B::bayes_optimal_decoder,1,1.0,1,1.0,0.0,1,exact_support_and_perfect_probability,support_theorem_transfer_ready,support exact recovery and probabilistic success are not collapsed
asym_A_erased_B_preserved,D_trivial,E_B,dec::asym_A_erased_B_preserved::D_trivial::E_B::exact_decoder,1,1.0,1,1.0,0.0,1,exact_support_and_perfect_probability,support_theorem_transfer_ready,support exact recovery and probabilistic success are not collapsed
asym_A_erased_B_preserved,D_trivial,E_joint,dec::asym_A_erased_B_preserved::D_trivial::E_joint::bayes_optimal_decoder,1,1.0,1,1.0,0.0,1,exact_support_and_perfect_probability,support_theorem_transfer_ready,support exact recovery and probabilistic success are not collapsed
asym_A_erased_B_preserved,D_trivial,E_joint,dec::asym_A_erased_B_preserved::D_trivial::E_joint::exact_decoder,1,1.0,1,1.0,0.0,1,exact_support_and_perfect_probability,support_theorem_transfer_ready,support exact recovery and probabilistic success are not collapsed
asym_A_erased_B_preserved,D_trivial,E_parity,dec::asym_A_erased_B_preserved::D_trivial::E_parity::bayes_optimal_decoder,1,1.0,1,1.0,0.0,1,exact_support_and_perfect_probability,support_theorem_transfer_ready,support exact recovery and probabilistic success are not collapsed
asym_A_erased_B_preserved,D_trivial,E_parity,dec::asym_A_erased_B_preserved::D_trivial::E_parity::exact_decoder,1,1.0,1,1.0,0.0,1,exact_support_and_perfect_probability,support_theorem_transfer_ready,support exact recovery and probabilistic success are not collapsed
asym_A_erased_B_preserved,D_trivial,E_trivial,dec::asym_A_erased_B_preserved::D_trivial::E_trivial::bayes_optimal_decoder,1,1.0,1,1.0,0.0,1,exact_support_and_perfect_probability,support_theorem_transfer_ready,support exact recovery and probabilistic success are not collapsed
asym_A_erased_B_preserved,D_trivial,E_trivial,dec::asym_A_erased_B_preserved::D_trivial::E_trivial::exact_decoder,1,1.0,1,1.0,0.0,1,exact_support_and_perfect_probability,support_theorem_transfer_ready,support exact recovery and probabilistic success are not collapsed
asym_A_erased_B_preserved,D_trivial,E_trivial,dec::asym_A_erased_B_preserved::D_trivial::E_trivial::declared_decoder,1,1.0,1,1.0,0.0,1,exact_support_and_perfect_probability,support_theorem_transfer_ready,support exact recovery and probabilistic success are not collapsed
asym_B_erased_A_preserved,D_A,E_A,dec::asym_B_erased_A_preserved::D_A::E_A::bayes_optimal_decoder,1,1.0,1,0.5,1.0,1,exact_support_and_perfect_probability,support_theorem_transfer_ready,support exact recovery and probabilistic success are not collapsed
asym_B_erased_A_preserved,D_A,E_A,dec::asym_B_erased_A_preserved::D_A::E_A::exact_decoder,1,1.0,1,0.5,1.0,1,exact_support_and_perfect_probability,support_theorem_transfer_ready,support exact recovery and probabilistic success are not collapsed
asym_B_erased_A_preserved,D_A,E_A,dec::asym_B_erased_A_preserved::D_A::E_A::declared_decoder,1,1.0,1,0.5,1.0,1,exact_support_and_perfect_probability,support_theorem_transfer_ready,support exact recovery and probabilistic success are not collapsed
asym_B_erased_A_preserved,D_A,E_B,dec::asym_B_erased_A_preserved::D_A::E_B::bayes_optimal_decoder,0,0.5,1/2,0.5,0.0,1,support_exact_failure_probability_low,measurement_only,support exact recovery and probabilistic success are not collapsed
asym_B_erased_A_preserved,D_A,E_B,dec::asym_B_erased_A_preserved::D_A::E_B::declared_decoder,0,0.5,1/2,0.5,0.0,1,support_exact_failure_probability_low,measurement_only,support exact recovery and probabilistic success are not collapsed
asym_B_erased_A_preserved,D_A,E_joint,dec::asym_B_erased_A_preserved::D_A::E_joint::bayes_optimal_decoder,1,1.0,1,0.5,1.0,1,exact_support_and_perfect_probability,support_theorem_transfer_ready,support exact recovery and probabilistic success are not collapsed
asym_B_erased_A_preserved,D_A,E_joint,dec::asym_B_erased_A_preserved::D_A::E_joint::exact_decoder,1,1.0,1,0.5,1.0,1,exact_support_and_perfect_probability,support_theorem_transfer_ready,support exact recovery and probabilistic success are not collapsed
asym_B_erased_A_preserved,D_A,E_parity,dec::asym_B_erased_A_preserved::D_A::E_parity::bayes_optimal_decoder,0,0.5,1/2,0.5,0.0,1,support_exact_failure_probability_low,measurement_only,support exact recovery and probabilistic success are not collapsed
asym_B_erased_A_preserved,D_A,E_parity,dec::asym_B_erased_A_preserved::D_A::E_parity::declared_decoder,0,0.5,1/2,0.5,0.0,1,support_exact_failure_probability_low,measurement_only,support exact recovery and probabilistic success are not collapsed
asym_B_erased_A_preserved,D_A,E_trivial,dec::asym_B_erased_A_preserved::D_A::E_trivial::bayes_optimal_decoder,0,0.5,1/2,0.5,0.0,1,support_exact_failure_probability_low,measurement_only,support exact recovery and probabilistic success are not collapsed
asym_B_erased_A_preserved,D_B,E_A,dec::asym_B_erased_A_preserved::D_B::E_A::bayes_optimal_decoder,0,0.5,1/2,0.5,0.0,1,support_exact_failure_probability_low,measurement_only,support exact recovery and probabilistic success are not collapsed
asym_B_erased_A_preserved,D_B,E_A,dec::asym_B_erased_A_preserved::D_B::E_A::declared_decoder,0,0.5,1/2,0.5,0.0,1,support_exact_failure_probability_low,measurement_only,support exact recovery and probabilistic success are not collapsed
asym_B_erased_A_preserved,D_B,E_B,dec::asym_B_erased_A_preserved::D_B::E_B::bayes_optimal_decoder,0,0.5,1/2,0.5,0.0,1,support_exact_failure_probability_low,measurement_only,support exact recovery and probabilistic success are not collapsed
asym_B_erased_A_preserved,D_B,E_B,dec::asym_B_erased_A_preserved::D_B::E_B::declared_decoder,0,0.5,1/2,0.5,0.0,1,support_exact_failure_probability_low,measurement_only,support exact recovery and probabilistic success are not collapsed
asym_B_erased_A_preserved,D_B,E_joint,dec::asym_B_erased_A_preserved::D_B::E_joint::bayes_optimal_decoder,0,0.5,1/2,0.5,0.0,1,support_exact_failure_probability_low,measurement_only,support exact recovery and probabilistic success are not collapsed
asym_B_erased_A_preserved,D_B,E_parity,dec::asym_B_erased_A_preserved::D_B::E_parity::bayes_optimal_decoder,0,0.5,1/2,0.5,0.0,1,support_exact_failure_probability_low,measurement_only,support exact recovery and probabilistic success are not collapsed
asym_B_erased_A_preserved,D_B,E_parity,dec::asym_B_erased_A_preserved::D_B::E_parity::declared_decoder,0,0.5,1/2,0.5,0.0,1,support_exact_failure_probability_low,measurement_only,support exact recovery and probabilistic success are not collapsed
asym_B_erased_A_preserved,D_B,E_trivial,dec::asym_B_erased_A_preserved::D_B::E_trivial::bayes_optimal_decoder,0,0.5,1/2,0.5,0.0,1,support_exact_failure_probability_low,measurement_only,support exact recovery and probabilistic success are not collapsed
asym_B_erased_A_preserved,D_joint,E_A,dec::asym_B_erased_A_preserved::D_joint::E_A::bayes_optimal_decoder,0,0.5,1/2,0.25,0.3333333333333333,1,support_exact_failure_probability_low,measurement_only,support exact recovery and probabilistic success are not collapsed
asym_B_erased_A_preserved,D_joint,E_B,dec::asym_B_erased_A_preserved::D_joint::E_B::bayes_optimal_decoder,0,0.25,1/4,0.25,0.0,1,support_exact_failure_probability_low,measurement_only,support exact recovery and probabilistic success are not collapsed
asym_B_erased_A_preserved,D_joint,E_joint,dec::asym_B_erased_A_preserved::D_joint::E_joint::bayes_optimal_decoder,0,0.5,1/2,0.25,0.3333333333333333,1,support_exact_failure_probability_low,measurement_only,support exact recovery and probabilistic success are not collapsed
asym_B_erased_A_preserved,D_joint,E_joint,dec::asym_B_erased_A_preserved::D_joint::E_joint::declared_decoder,0,0.5,1/2,0.25,0.3333333333333333,1,support_exact_failure_probability_low,measurement_only,support exact recovery and probabilistic success are not collapsed
asym_B_erased_A_preserved,D_joint,E_parity,dec::asym_B_erased_A_preserved::D_joint::E_parity::bayes_optimal_decoder,0,0.25,1/4,0.25,0.0,1,support_exact_failure_probability_low,measurement_only,support exact recovery and probabilistic success are not collapsed
asym_B_erased_A_preserved,D_joint,E_trivial,dec::asym_B_erased_A_preserved::D_joint::E_trivial::bayes_optimal_decoder,0,0.25,1/4,0.25,0.0,1,support_exact_failure_probability_low,measurement_only,support exact recovery and probabilistic success are not collapsed
asym_B_erased_A_preserved,D_parity,E_A,dec::asym_B_erased_A_preserved::D_parity::E_A::bayes_optimal_decoder,0,0.5,1/2,0.5,0.0,1,support_exact_failure_probability_low,measurement_only,support exact recovery and probabilistic success are not collapsed
asym_B_erased_A_preserved,D_parity,E_A,dec::asym_B_erased_A_preserved::D_parity::E_A::declared_decoder,0,0.5,1/2,0.5,0.0,1,support_exact_failure_probability_low,measurement_only,support exact recovery and probabilistic success are not collapsed
asym_B_erased_A_preserved,D_parity,E_B,dec::asym_B_erased_A_preserved::D_parity::E_B::bayes_optimal_decoder,0,0.5,1/2,0.5,0.0,1,support_exact_failure_probability_low,measurement_only,support exact recovery and probabilistic success are not collapsed
asym_B_erased_A_preserved,D_parity,E_B,dec::asym_B_erased_A_preserved::D_parity::E_B::declared_decoder,0,0.5,1/2,0.5,0.0,1,support_exact_failure_probability_low,measurement_only,support exact recovery and probabilistic success are not collapsed
asym_B_erased_A_preserved,D_parity,E_joint,dec::asym_B_erased_A_preserved::D_parity::E_joint::bayes_optimal_decoder,0,0.5,1/2,0.5,0.0,1,support_exact_failure_probability_low,measurement_only,support exact recovery and probabilistic success are not collapsed
asym_B_erased_A_preserved,D_parity,E_parity,dec::asym_B_erased_A_preserved::D_parity::E_parity::bayes_optimal_decoder,0,0.5,1/2,0.5,0.0,1,support_exact_failure_probability_low,measurement_only,support exact recovery and probabilistic success are not collapsed
asym_B_erased_A_preserved,D_parity,E_parity,dec::asym_B_erased_A_preserved::D_parity::E_parity::declared_decoder,0,0.5,1/2,0.5,0.0,1,support_exact_failure_probability_low,measurement_only,support exact recovery and probabilistic success are not collapsed
asym_B_erased_A_preserved,D_parity,E_trivial,dec::asym_B_erased_A_preserved::D_parity::E_trivial::bayes_optimal_decoder,0,0.5,1/2,0.5,0.0,1,support_exact_failure_probability_low,measurement_only,support exact recovery and probabilistic success are not collapsed
asym_B_erased_A_preserved,D_trivial,E_A,dec::asym_B_erased_A_preserved::D_trivial::E_A::bayes_optimal_decoder,1,1.0,1,1.0,0.0,1,exact_support_and_perfect_probability,support_theorem_transfer_ready,support exact recovery and probabilistic success are not collapsed
asym_B_erased_A_preserved,D_trivial,E_A,dec::asym_B_erased_A_preserved::D_trivial::E_A::exact_decoder,1,1.0,1,1.0,0.0,1,exact_support_and_perfect_probability,support_theorem_transfer_ready,support exact recovery and probabilistic success are not collapsed
asym_B_erased_A_preserved,D_trivial,E_B,dec::asym_B_erased_A_preserved::D_trivial::E_B::bayes_optimal_decoder,1,1.0,1,1.0,0.0,1,exact_support_and_perfect_probability,support_theorem_transfer_ready,support exact recovery and probabilistic success are not collapsed
asym_B_erased_A_preserved,D_trivial,E_B,dec::asym_B_erased_A_preserved::D_trivial::E_B::exact_decoder,1,1.0,1,1.0,0.0,1,exact_support_and_perfect_probability,support_theorem_transfer_ready,support exact recovery and probabilistic success are not collapsed
asym_B_erased_A_preserved,D_trivial,E_joint,dec::asym_B_erased_A_preserved::D_trivial::E_joint::bayes_optimal_decoder,1,1.0,1,1.0,0.0,1,exact_support_and_perfect_probability,support_theorem_transfer_ready,support exact recovery and probabilistic success are not collapsed
asym_B_erased_A_preserved,D_trivial,E_joint,dec::asym_B_erased_A_preserved::D_trivial::E_joint::exact_decoder,1,1.0,1,1.0,0.0,1,exact_support_and_perfect_probability,support_theorem_transfer_ready,support exact recovery and probabilistic success are not collapsed
asym_B_erased_A_preserved,D_trivial,E_parity,dec::asym_B_erased_A_preserved::D_trivial::E_parity::bayes_optimal_decoder,1,1.0,1,1.0,0.0,1,exact_support_and_perfect_probability,support_theorem_transfer_ready,support exact recovery and probabilistic success are not collapsed
asym_B_erased_A_preserved,D_trivial,E_parity,dec::asym_B_erased_A_preserved::D_trivial::E_parity::exact_decoder,1,1.0,1,1.0,0.0,1,exact_support_and_perfect_probability,support_theorem_transfer_ready,support exact recovery and probabilistic success are not collapsed
asym_B_erased_A_preserved,D_trivial,E_trivial,dec::asym_B_erased_A_preserved::D_trivial::E_trivial::bayes_optimal_decoder,1,1.0,1,1.0,0.0,1,exact_support_and_perfect_probability,support_theorem_transfer_ready,support exact recovery and probabilistic success are not collapsed
asym_B_erased_A_preserved,D_trivial,E_trivial,dec::asym_B_erased_A_preserved::D_trivial::E_trivial::exact_decoder,1,1.0,1,1.0,0.0,1,exact_support_and_perfect_probability,support_theorem_transfer_ready,support exact recovery and probabilistic success are not collapsed
asym_B_erased_A_preserved,D_trivial,E_trivial,dec::asym_B_erased_A_preserved::D_trivial::E_trivial::declared_decoder,1,1.0,1,1.0,0.0,1,exact_support_and_perfect_probability,support_theorem_transfer_ready,support exact recovery and probabilistic success are not collapsed
marginal_joint_degrade_q_0_10,D_A,E_A,dec::marginal_joint_degrade_q_0_10::D_A::E_A::bayes_optimal_decoder,0,0.95,19/20,0.5,0.9,1,high_probability_without_exact_support,probabilistic_measurement_not_support_transfer,support exact recovery and probabilistic success are not collapsed
marginal_joint_degrade_q_0_10,D_A,E_A,dec::marginal_joint_degrade_q_0_10::D_A::E_A::declared_decoder,0,0.95,19/20,0.5,0.9,1,high_probability_without_exact_support,probabilistic_measurement_not_support_transfer,support exact recovery and probabilistic success are not collapsed
marginal_joint_degrade_q_0_10,D_A,E_B,dec::marginal_joint_degrade_q_0_10::D_A::E_B::bayes_optimal_decoder,0,0.5,1/2,0.5,0.0,1,support_exact_failure_probability_low,measurement_only,support exact recovery and probabilistic success are not collapsed
marginal_joint_degrade_q_0_10,D_A,E_B,dec::marginal_joint_degrade_q_0_10::D_A::E_B::declared_decoder,0,0.5,1/2,0.5,0.0,1,support_exact_failure_probability_low,measurement_only,support exact recovery and probabilistic success are not collapsed
marginal_joint_degrade_q_0_10,D_A,E_joint,dec::marginal_joint_degrade_q_0_10::D_A::E_joint::bayes_optimal_decoder,0,0.95,19/20,0.5,0.9,1,high_probability_without_exact_support,probabilistic_measurement_not_support_transfer,support exact recovery and probabilistic success are not collapsed
marginal_joint_degrade_q_0_10,D_A,E_parity,dec::marginal_joint_degrade_q_0_10::D_A::E_parity::bayes_optimal_decoder,0,0.5,1/2,0.5,0.0,1,support_exact_failure_probability_low,measurement_only,support exact recovery and probabilistic success are not collapsed
marginal_joint_degrade_q_0_10,D_A,E_parity,dec::marginal_joint_degrade_q_0_10::D_A::E_parity::declared_decoder,0,0.5,1/2,0.5,0.0,1,support_exact_failure_probability_low,measurement_only,support exact recovery and probabilistic success are not collapsed
marginal_joint_degrade_q_0_10,D_A,E_trivial,dec::marginal_joint_degrade_q_0_10::D_A::E_trivial::bayes_optimal_decoder,0,0.5,1/2,0.5,0.0,1,support_exact_failure_probability_low,measurement_only,support exact recovery and probabilistic success are not collapsed
marginal_joint_degrade_q_0_10,D_B,E_A,dec::marginal_joint_degrade_q_0_10::D_B::E_A::bayes_optimal_decoder,0,0.5,1/2,0.5,0.0,1,support_exact_failure_probability_low,measurement_only,support exact recovery and probabilistic success are not collapsed
marginal_joint_degrade_q_0_10,D_B,E_A,dec::marginal_joint_degrade_q_0_10::D_B::E_A::declared_decoder,0,0.5,1/2,0.5,0.0,1,support_exact_failure_probability_low,measurement_only,support exact recovery and probabilistic success are not collapsed
marginal_joint_degrade_q_0_10,D_B,E_B,dec::marginal_joint_degrade_q_0_10::D_B::E_B::bayes_optimal_decoder,0,0.95,19/20,0.5,0.9,1,high_probability_without_exact_support,probabilistic_measurement_not_support_transfer,support exact recovery and probabilistic success are not collapsed
marginal_joint_degrade_q_0_10,D_B,E_B,dec::marginal_joint_degrade_q_0_10::D_B::E_B::declared_decoder,0,0.95,19/20,0.5,0.9,1,high_probability_without_exact_support,probabilistic_measurement_not_support_transfer,support exact recovery and probabilistic success are not collapsed
marginal_joint_degrade_q_0_10,D_B,E_joint,dec::marginal_joint_degrade_q_0_10::D_B::E_joint::bayes_optimal_decoder,0,0.95,19/20,0.5,0.9,1,high_probability_without_exact_support,probabilistic_measurement_not_support_transfer,support exact recovery and probabilistic success are not collapsed
marginal_joint_degrade_q_0_10,D_B,E_parity,dec::marginal_joint_degrade_q_0_10::D_B::E_parity::bayes_optimal_decoder,0,0.5,1/2,0.5,0.0,1,support_exact_failure_probability_low,measurement_only,support exact recovery and probabilistic success are not collapsed
marginal_joint_degrade_q_0_10,D_B,E_parity,dec::marginal_joint_degrade_q_0_10::D_B::E_parity::declared_decoder,0,0.5,1/2,0.5,0.0,1,support_exact_failure_probability_low,measurement_only,support exact recovery and probabilistic success are not collapsed
marginal_joint_degrade_q_0_10,D_B,E_trivial,dec::marginal_joint_degrade_q_0_10::D_B::E_trivial::bayes_optimal_decoder,0,0.5,1/2,0.5,0.0,1,support_exact_failure_probability_low,measurement_only,support exact recovery and probabilistic success are not collapsed
marginal_joint_degrade_q_0_10,D_joint,E_A,dec::marginal_joint_degrade_q_0_10::D_joint::E_A::bayes_optimal_decoder,0,0.475,19/40,0.25,0.3,1,support_exact_failure_probability_low,measurement_only,support exact recovery and probabilistic success are not collapsed
marginal_joint_degrade_q_0_10,D_joint,E_B,dec::marginal_joint_degrade_q_0_10::D_joint::E_B::bayes_optimal_decoder,0,0.475,19/40,0.25,0.3,1,support_exact_failure_probability_low,measurement_only,support exact recovery and probabilistic success are not collapsed
marginal_joint_degrade_q_0_10,D_joint,E_joint,dec::marginal_joint_degrade_q_0_10::D_joint::E_joint::bayes_optimal_decoder,0,0.9,9/10,0.25,0.8666666666666667,1,support_exact_failure_probability_high,probabilistic_measurement_not_support_transfer,support exact recovery and probabilistic success are not collapsed
marginal_joint_degrade_q_0_10,D_joint,E_joint,dec::marginal_joint_degrade_q_0_10::D_joint::E_joint::declared_decoder,0,0.9,9/10,0.25,0.8666666666666667,1,support_exact_failure_probability_high,probabilistic_measurement_not_support_transfer,support exact recovery and probabilistic success are not collapsed
marginal_joint_degrade_q_0_10,D_joint,E_parity,dec::marginal_joint_degrade_q_0_10::D_joint::E_parity::bayes_optimal_decoder,0,0.45,9/20,0.25,0.26666666666666666,1,support_exact_failure_probability_low,measurement_only,support exact recovery and probabilistic success are not collapsed
marginal_joint_degrade_q_0_10,D_joint,E_trivial,dec::marginal_joint_degrade_q_0_10::D_joint::E_trivial::bayes_optimal_decoder,0,0.25,1/4,0.25,0.0,1,support_exact_failure_probability_low,measurement_only,support exact recovery and probabilistic success are not collapsed
marginal_joint_degrade_q_0_10,D_parity,E_A,dec::marginal_joint_degrade_q_0_10::D_parity::E_A::bayes_optimal_decoder,0,0.5,1/2,0.5,0.0,1,support_exact_failure_probability_low,measurement_only,support exact recovery and probabilistic success are not collapsed
marginal_joint_degrade_q_0_10,D_parity,E_A,dec::marginal_joint_degrade_q_0_10::D_parity::E_A::declared_decoder,0,0.5,1/2,0.5,0.0,1,support_exact_failure_probability_low,measurement_only,support exact recovery and probabilistic success are not collapsed
marginal_joint_degrade_q_0_10,D_parity,E_B,dec::marginal_joint_degrade_q_0_10::D_parity::E_B::bayes_optimal_decoder,0,0.5,1/2,0.5,0.0,1,support_exact_failure_probability_low,measurement_only,support exact recovery and probabilistic success are not collapsed
marginal_joint_degrade_q_0_10,D_parity,E_B,dec::marginal_joint_degrade_q_0_10::D_parity::E_B::declared_decoder,0,0.5,1/2,0.5,0.0,1,support_exact_failure_probability_low,measurement_only,support exact recovery and probabilistic success are not collapsed
marginal_joint_degrade_q_0_10,D_parity,E_joint,dec::marginal_joint_degrade_q_0_10::D_parity::E_joint::bayes_optimal_decoder,0,0.9,9/10,0.5,0.8,1,support_exact_failure_probability_high,probabilistic_measurement_not_support_transfer,support exact recovery and probabilistic success are not collapsed
marginal_joint_degrade_q_0_10,D_parity,E_parity,dec::marginal_joint_degrade_q_0_10::D_parity::E_parity::bayes_optimal_decoder,0,0.9,9/10,0.5,0.8,1,support_exact_failure_probability_high,probabilistic_measurement_not_support_transfer,support exact recovery and probabilistic success are not collapsed
marginal_joint_degrade_q_0_10,D_parity,E_parity,dec::marginal_joint_degrade_q_0_10::D_parity::E_parity::declared_decoder,0,0.9,9/10,0.5,0.8,1,support_exact_failure_probability_high,probabilistic_measurement_not_support_transfer,support exact recovery and probabilistic success are not collapsed
marginal_joint_degrade_q_0_10,D_parity,E_trivial,dec::marginal_joint_degrade_q_0_10::D_parity::E_trivial::bayes_optimal_decoder,0,0.5,1/2,0.5,0.0,1,support_exact_failure_probability_low,measurement_only,support exact recovery and probabilistic success are not collapsed
marginal_joint_degrade_q_0_10,D_trivial,E_A,dec::marginal_joint_degrade_q_0_10::D_trivial::E_A::bayes_optimal_decoder,1,1.0,1,1.0,0.0,1,exact_support_and_perfect_probability,support_theorem_transfer_ready,support exact recovery and probabilistic success are not collapsed
marginal_joint_degrade_q_0_10,D_trivial,E_A,dec::marginal_joint_degrade_q_0_10::D_trivial::E_A::exact_decoder,1,1.0,1,1.0,0.0,1,exact_support_and_perfect_probability,support_theorem_transfer_ready,support exact recovery and probabilistic success are not collapsed
marginal_joint_degrade_q_0_10,D_trivial,E_B,dec::marginal_joint_degrade_q_0_10::D_trivial::E_B::bayes_optimal_decoder,1,1.0,1,1.0,0.0,1,exact_support_and_perfect_probability,support_theorem_transfer_ready,support exact recovery and probabilistic success are not collapsed
marginal_joint_degrade_q_0_10,D_trivial,E_B,dec::marginal_joint_degrade_q_0_10::D_trivial::E_B::exact_decoder,1,1.0,1,1.0,0.0,1,exact_support_and_perfect_probability,support_theorem_transfer_ready,support exact recovery and probabilistic success are not collapsed
marginal_joint_degrade_q_0_10,D_trivial,E_joint,dec::marginal_joint_degrade_q_0_10::D_trivial::E_joint::bayes_optimal_decoder,1,1.0,1,1.0,0.0,1,exact_support_and_perfect_probability,support_theorem_transfer_ready,support exact recovery and probabilistic success are not collapsed
marginal_joint_degrade_q_0_10,D_trivial,E_joint,dec::marginal_joint_degrade_q_0_10::D_trivial::E_joint::exact_decoder,1,1.0,1,1.0,0.0,1,exact_support_and_perfect_probability,support_theorem_transfer_ready,support exact recovery and probabilistic success are not collapsed
marginal_joint_degrade_q_0_10,D_trivial,E_parity,dec::marginal_joint_degrade_q_0_10::D_trivial::E_parity::bayes_optimal_decoder,1,1.0,1,1.0,0.0,1,exact_support_and_perfect_probability,support_theorem_transfer_ready,support exact recovery and probabilistic success are not collapsed
marginal_joint_degrade_q_0_10,D_trivial,E_parity,dec::marginal_joint_degrade_q_0_10::D_trivial::E_parity::exact_decoder,1,1.0,1,1.0,0.0,1,exact_support_and_perfect_probability,support_theorem_transfer_ready,support exact recovery and probabilistic success are not collapsed
marginal_joint_degrade_q_0_10,D_trivial,E_trivial,dec::marginal_joint_degrade_q_0_10::D_trivial::E_trivial::bayes_optimal_decoder,1,1.0,1,1.0,0.0,1,exact_support_and_perfect_probability,support_theorem_transfer_ready,support exact recovery and probabilistic success are not collapsed
marginal_joint_degrade_q_0_10,D_trivial,E_trivial,dec::marginal_joint_degrade_q_0_10::D_trivial::E_trivial::exact_decoder,1,1.0,1,1.0,0.0,1,exact_support_and_perfect_probability,support_theorem_transfer_ready,support exact recovery and probabilistic success are not collapsed
marginal_joint_degrade_q_0_10,D_trivial,E_trivial,dec::marginal_joint_degrade_q_0_10::D_trivial::E_trivial::declared_decoder,1,1.0,1,1.0,0.0,1,exact_support_and_perfect_probability,support_theorem_transfer_ready,support exact recovery and probabilistic success are not collapsed
marginal_joint_degrade_q_0_20,D_A,E_A,dec::marginal_joint_degrade_q_0_20::D_A::E_A::bayes_optimal_decoder,0,0.9,9/10,0.5,0.8,1,support_exact_failure_probability_high,probabilistic_measurement_not_support_transfer,support exact recovery and probabilistic success are not collapsed
marginal_joint_degrade_q_0_20,D_A,E_A,dec::marginal_joint_degrade_q_0_20::D_A::E_A::declared_decoder,0,0.9,9/10,0.5,0.8,1,support_exact_failure_probability_high,probabilistic_measurement_not_support_transfer,support exact recovery and probabilistic success are not collapsed
marginal_joint_degrade_q_0_20,D_A,E_B,dec::marginal_joint_degrade_q_0_20::D_A::E_B::bayes_optimal_decoder,0,0.5,1/2,0.5,0.0,1,support_exact_failure_probability_low,measurement_only,support exact recovery and probabilistic success are not collapsed
marginal_joint_degrade_q_0_20,D_A,E_B,dec::marginal_joint_degrade_q_0_20::D_A::E_B::declared_decoder,0,0.5,1/2,0.5,0.0,1,support_exact_failure_probability_low,measurement_only,support exact recovery and probabilistic success are not collapsed
marginal_joint_degrade_q_0_20,D_A,E_joint,dec::marginal_joint_degrade_q_0_20::D_A::E_joint::bayes_optimal_decoder,0,0.9,9/10,0.5,0.8,1,support_exact_failure_probability_high,probabilistic_measurement_not_support_transfer,support exact recovery and probabilistic success are not collapsed
marginal_joint_degrade_q_0_20,D_A,E_parity,dec::marginal_joint_degrade_q_0_20::D_A::E_parity::bayes_optimal_decoder,0,0.5,1/2,0.5,0.0,1,support_exact_failure_probability_low,measurement_only,support exact recovery and probabilistic success are not collapsed
marginal_joint_degrade_q_0_20,D_A,E_parity,dec::marginal_joint_degrade_q_0_20::D_A::E_parity::declared_decoder,0,0.5,1/2,0.5,0.0,1,support_exact_failure_probability_low,measurement_only,support exact recovery and probabilistic success are not collapsed
marginal_joint_degrade_q_0_20,D_A,E_trivial,dec::marginal_joint_degrade_q_0_20::D_A::E_trivial::bayes_optimal_decoder,0,0.5,1/2,0.5,0.0,1,support_exact_failure_probability_low,measurement_only,support exact recovery and probabilistic success are not collapsed
marginal_joint_degrade_q_0_20,D_B,E_A,dec::marginal_joint_degrade_q_0_20::D_B::E_A::bayes_optimal_decoder,0,0.5,1/2,0.5,0.0,1,support_exact_failure_probability_low,measurement_only,support exact recovery and probabilistic success are not collapsed
marginal_joint_degrade_q_0_20,D_B,E_A,dec::marginal_joint_degrade_q_0_20::D_B::E_A::declared_decoder,0,0.5,1/2,0.5,0.0,1,support_exact_failure_probability_low,measurement_only,support exact recovery and probabilistic success are not collapsed
marginal_joint_degrade_q_0_20,D_B,E_B,dec::marginal_joint_degrade_q_0_20::D_B::E_B::bayes_optimal_decoder,0,0.9,9/10,0.5,0.8,1,support_exact_failure_probability_high,probabilistic_measurement_not_support_transfer,support exact recovery and probabilistic success are not collapsed
marginal_joint_degrade_q_0_20,D_B,E_B,dec::marginal_joint_degrade_q_0_20::D_B::E_B::declared_decoder,0,0.9,9/10,0.5,0.8,1,support_exact_failure_probability_high,probabilistic_measurement_not_support_transfer,support exact recovery and probabilistic success are not collapsed
marginal_joint_degrade_q_0_20,D_B,E_joint,dec::marginal_joint_degrade_q_0_20::D_B::E_joint::bayes_optimal_decoder,0,0.9,9/10,0.5,0.8,1,support_exact_failure_probability_high,probabilistic_measurement_not_support_transfer,support exact recovery and probabilistic success are not collapsed
marginal_joint_degrade_q_0_20,D_B,E_parity,dec::marginal_joint_degrade_q_0_20::D_B::E_parity::bayes_optimal_decoder,0,0.5,1/2,0.5,0.0,1,support_exact_failure_probability_low,measurement_only,support exact recovery and probabilistic success are not collapsed
marginal_joint_degrade_q_0_20,D_B,E_parity,dec::marginal_joint_degrade_q_0_20::D_B::E_parity::declared_decoder,0,0.5,1/2,0.5,0.0,1,support_exact_failure_probability_low,measurement_only,support exact recovery and probabilistic success are not collapsed
marginal_joint_degrade_q_0_20,D_B,E_trivial,dec::marginal_joint_degrade_q_0_20::D_B::E_trivial::bayes_optimal_decoder,0,0.5,1/2,0.5,0.0,1,support_exact_failure_probability_low,measurement_only,support exact recovery and probabilistic success are not collapsed
marginal_joint_degrade_q_0_20,D_joint,E_A,dec::marginal_joint_degrade_q_0_20::D_joint::E_A::bayes_optimal_decoder,0,0.45,9/20,0.25,0.26666666666666666,1,support_exact_failure_probability_low,measurement_only,support exact recovery and probabilistic success are not collapsed
marginal_joint_degrade_q_0_20,D_joint,E_B,dec::marginal_joint_degrade_q_0_20::D_joint::E_B::bayes_optimal_decoder,0,0.45,9/20,0.25,0.26666666666666666,1,support_exact_failure_probability_low,measurement_only,support exact recovery and probabilistic success are not collapsed
marginal_joint_degrade_q_0_20,D_joint,E_joint,dec::marginal_joint_degrade_q_0_20::D_joint::E_joint::bayes_optimal_decoder,0,0.8,4/5,0.25,0.7333333333333333,1,support_exact_failure_probability_high,probabilistic_measurement_not_support_transfer,support exact recovery and probabilistic success are not collapsed
marginal_joint_degrade_q_0_20,D_joint,E_joint,dec::marginal_joint_degrade_q_0_20::D_joint::E_joint::declared_decoder,0,0.8,4/5,0.25,0.7333333333333333,1,support_exact_failure_probability_high,probabilistic_measurement_not_support_transfer,support exact recovery and probabilistic success are not collapsed
marginal_joint_degrade_q_0_20,D_joint,E_parity,dec::marginal_joint_degrade_q_0_20::D_joint::E_parity::bayes_optimal_decoder,0,0.4,2/5,0.25,0.2,1,support_exact_failure_probability_low,measurement_only,support exact recovery and probabilistic success are not collapsed
marginal_joint_degrade_q_0_20,D_joint,E_trivial,dec::marginal_joint_degrade_q_0_20::D_joint::E_trivial::bayes_optimal_decoder,0,0.25,1/4,0.25,0.0,1,support_exact_failure_probability_low,measurement_only,support exact recovery and probabilistic success are not collapsed
marginal_joint_degrade_q_0_20,D_parity,E_A,dec::marginal_joint_degrade_q_0_20::D_parity::E_A::bayes_optimal_decoder,0,0.5,1/2,0.5,0.0,1,support_exact_failure_probability_low,measurement_only,support exact recovery and probabilistic success are not collapsed
marginal_joint_degrade_q_0_20,D_parity,E_A,dec::marginal_joint_degrade_q_0_20::D_parity::E_A::declared_decoder,0,0.5,1/2,0.5,0.0,1,support_exact_failure_probability_low,measurement_only,support exact recovery and probabilistic success are not collapsed
marginal_joint_degrade_q_0_20,D_parity,E_B,dec::marginal_joint_degrade_q_0_20::D_parity::E_B::bayes_optimal_decoder,0,0.5,1/2,0.5,0.0,1,support_exact_failure_probability_low,measurement_only,support exact recovery and probabilistic success are not collapsed
marginal_joint_degrade_q_0_20,D_parity,E_B,dec::marginal_joint_degrade_q_0_20::D_parity::E_B::declared_decoder,0,0.5,1/2,0.5,0.0,1,support_exact_failure_probability_low,measurement_only,support exact recovery and probabilistic success are not collapsed
marginal_joint_degrade_q_0_20,D_parity,E_joint,dec::marginal_joint_degrade_q_0_20::D_parity::E_joint::bayes_optimal_decoder,0,0.8,4/5,0.5,0.6,1,support_exact_failure_probability_high,probabilistic_measurement_not_support_transfer,support exact recovery and probabilistic success are not collapsed
marginal_joint_degrade_q_0_20,D_parity,E_parity,dec::marginal_joint_degrade_q_0_20::D_parity::E_parity::bayes_optimal_decoder,0,0.8,4/5,0.5,0.6,1,support_exact_failure_probability_high,probabilistic_measurement_not_support_transfer,support exact recovery and probabilistic success are not collapsed
marginal_joint_degrade_q_0_20,D_parity,E_parity,dec::marginal_joint_degrade_q_0_20::D_parity::E_parity::declared_decoder,0,0.8,4/5,0.5,0.6,1,support_exact_failure_probability_high,probabilistic_measurement_not_support_transfer,support exact recovery and probabilistic success are not collapsed
marginal_joint_degrade_q_0_20,D_parity,E_trivial,dec::marginal_joint_degrade_q_0_20::D_parity::E_trivial::bayes_optimal_decoder,0,0.5,1/2,0.5,0.0,1,support_exact_failure_probability_low,measurement_only,support exact recovery and probabilistic success are not collapsed
marginal_joint_degrade_q_0_20,D_trivial,E_A,dec::marginal_joint_degrade_q_0_20::D_trivial::E_A::bayes_optimal_decoder,1,1.0,1,1.0,0.0,1,exact_support_and_perfect_probability,support_theorem_transfer_ready,support exact recovery and probabilistic success are not collapsed
marginal_joint_degrade_q_0_20,D_trivial,E_A,dec::marginal_joint_degrade_q_0_20::D_trivial::E_A::exact_decoder,1,1.0,1,1.0,0.0,1,exact_support_and_perfect_probability,support_theorem_transfer_ready,support exact recovery and probabilistic success are not collapsed
marginal_joint_degrade_q_0_20,D_trivial,E_B,dec::marginal_joint_degrade_q_0_20::D_trivial::E_B::bayes_optimal_decoder,1,1.0,1,1.0,0.0,1,exact_support_and_perfect_probability,support_theorem_transfer_ready,support exact recovery and probabilistic success are not collapsed
marginal_joint_degrade_q_0_20,D_trivial,E_B,dec::marginal_joint_degrade_q_0_20::D_trivial::E_B::exact_decoder,1,1.0,1,1.0,0.0,1,exact_support_and_perfect_probability,support_theorem_transfer_ready,support exact recovery and probabilistic success are not collapsed
marginal_joint_degrade_q_0_20,D_trivial,E_joint,dec::marginal_joint_degrade_q_0_20::D_trivial::E_joint::bayes_optimal_decoder,1,1.0,1,1.0,0.0,1,exact_support_and_perfect_probability,support_theorem_transfer_ready,support exact recovery and probabilistic success are not collapsed
marginal_joint_degrade_q_0_20,D_trivial,E_joint,dec::marginal_joint_degrade_q_0_20::D_trivial::E_joint::exact_decoder,1,1.0,1,1.0,0.0,1,exact_support_and_perfect_probability,support_theorem_transfer_ready,support exact recovery and probabilistic success are not collapsed
marginal_joint_degrade_q_0_20,D_trivial,E_parity,dec::marginal_joint_degrade_q_0_20::D_trivial::E_parity::bayes_optimal_decoder,1,1.0,1,1.0,0.0,1,exact_support_and_perfect_probability,support_theorem_transfer_ready,support exact recovery and probabilistic success are not collapsed
marginal_joint_degrade_q_0_20,D_trivial,E_parity,dec::marginal_joint_degrade_q_0_20::D_trivial::E_parity::exact_decoder,1,1.0,1,1.0,0.0,1,exact_support_and_perfect_probability,support_theorem_transfer_ready,support exact recovery and probabilistic success are not collapsed
marginal_joint_degrade_q_0_20,D_trivial,E_trivial,dec::marginal_joint_degrade_q_0_20::D_trivial::E_trivial::bayes_optimal_decoder,1,1.0,1,1.0,0.0,1,exact_support_and_perfect_probability,support_theorem_transfer_ready,support exact recovery and probabilistic success are not collapsed
marginal_joint_degrade_q_0_20,D_trivial,E_trivial,dec::marginal_joint_degrade_q_0_20::D_trivial::E_trivial::exact_decoder,1,1.0,1,1.0,0.0,1,exact_support_and_perfect_probability,support_theorem_transfer_ready,support exact recovery and probabilistic success are not collapsed
marginal_joint_degrade_q_0_20,D_trivial,E_trivial,dec::marginal_joint_degrade_q_0_20::D_trivial::E_trivial::declared_decoder,1,1.0,1,1.0,0.0,1,exact_support_and_perfect_probability,support_theorem_transfer_ready,support exact recovery and probabilistic success are not collapsed
output_marginal_matched_uniform,D_A,E_A,dec::output_marginal_matched_uniform::D_A::E_A::bayes_optimal_decoder,0,0.5,1/2,0.5,0.0,1,support_exact_failure_probability_low,measurement_only,support exact recovery and probabilistic success are not collapsed
output_marginal_matched_uniform,D_A,E_A,dec::output_marginal_matched_uniform::D_A::E_A::declared_decoder,0,0.5,1/2,0.5,0.0,1,support_exact_failure_probability_low,measurement_only,support exact recovery and probabilistic success are not collapsed
output_marginal_matched_uniform,D_A,E_B,dec::output_marginal_matched_uniform::D_A::E_B::bayes_optimal_decoder,0,0.5,1/2,0.5,0.0,1,support_exact_failure_probability_low,measurement_only,support exact recovery and probabilistic success are not collapsed
output_marginal_matched_uniform,D_A,E_B,dec::output_marginal_matched_uniform::D_A::E_B::declared_decoder,0,0.5,1/2,0.5,0.0,1,support_exact_failure_probability_low,measurement_only,support exact recovery and probabilistic success are not collapsed
output_marginal_matched_uniform,D_A,E_joint,dec::output_marginal_matched_uniform::D_A::E_joint::bayes_optimal_decoder,0,0.5,1/2,0.5,0.0,1,support_exact_failure_probability_low,measurement_only,support exact recovery and probabilistic success are not collapsed
output_marginal_matched_uniform,D_A,E_parity,dec::output_marginal_matched_uniform::D_A::E_parity::bayes_optimal_decoder,0,0.5,1/2,0.5,0.0,1,support_exact_failure_probability_low,measurement_only,support exact recovery and probabilistic success are not collapsed
output_marginal_matched_uniform,D_A,E_parity,dec::output_marginal_matched_uniform::D_A::E_parity::declared_decoder,0,0.5,1/2,0.5,0.0,1,support_exact_failure_probability_low,measurement_only,support exact recovery and probabilistic success are not collapsed
output_marginal_matched_uniform,D_A,E_trivial,dec::output_marginal_matched_uniform::D_A::E_trivial::bayes_optimal_decoder,0,0.5,1/2,0.5,0.0,1,support_exact_failure_probability_low,measurement_only,support exact recovery and probabilistic success are not collapsed
output_marginal_matched_uniform,D_B,E_A,dec::output_marginal_matched_uniform::D_B::E_A::bayes_optimal_decoder,0,0.5,1/2,0.5,0.0,1,support_exact_failure_probability_low,measurement_only,support exact recovery and probabilistic success are not collapsed
output_marginal_matched_uniform,D_B,E_A,dec::output_marginal_matched_uniform::D_B::E_A::declared_decoder,0,0.5,1/2,0.5,0.0,1,support_exact_failure_probability_low,measurement_only,support exact recovery and probabilistic success are not collapsed
output_marginal_matched_uniform,D_B,E_B,dec::output_marginal_matched_uniform::D_B::E_B::bayes_optimal_decoder,0,0.5,1/2,0.5,0.0,1,support_exact_failure_probability_low,measurement_only,support exact recovery and probabilistic success are not collapsed
output_marginal_matched_uniform,D_B,E_B,dec::output_marginal_matched_uniform::D_B::E_B::declared_decoder,0,0.5,1/2,0.5,0.0,1,support_exact_failure_probability_low,measurement_only,support exact recovery and probabilistic success are not collapsed
output_marginal_matched_uniform,D_B,E_joint,dec::output_marginal_matched_uniform::D_B::E_joint::bayes_optimal_decoder,0,0.5,1/2,0.5,0.0,1,support_exact_failure_probability_low,measurement_only,support exact recovery and probabilistic success are not collapsed
output_marginal_matched_uniform,D_B,E_parity,dec::output_marginal_matched_uniform::D_B::E_parity::bayes_optimal_decoder,0,0.5,1/2,0.5,0.0,1,support_exact_failure_probability_low,measurement_only,support exact recovery and probabilistic success are not collapsed
output_marginal_matched_uniform,D_B,E_parity,dec::output_marginal_matched_uniform::D_B::E_parity::declared_decoder,0,0.5,1/2,0.5,0.0,1,support_exact_failure_probability_low,measurement_only,support exact recovery and probabilistic success are not collapsed
output_marginal_matched_uniform,D_B,E_trivial,dec::output_marginal_matched_uniform::D_B::E_trivial::bayes_optimal_decoder,0,0.5,1/2,0.5,0.0,1,support_exact_failure_probability_low,measurement_only,support exact recovery and probabilistic success are not collapsed
output_marginal_matched_uniform,D_joint,E_A,dec::output_marginal_matched_uniform::D_joint::E_A::bayes_optimal_decoder,0,0.25,1/4,0.25,0.0,1,support_exact_failure_probability_low,measurement_only,support exact recovery and probabilistic success are not collapsed
output_marginal_matched_uniform,D_joint,E_B,dec::output_marginal_matched_uniform::D_joint::E_B::bayes_optimal_decoder,0,0.25,1/4,0.25,0.0,1,support_exact_failure_probability_low,measurement_only,support exact recovery and probabilistic success are not collapsed
output_marginal_matched_uniform,D_joint,E_joint,dec::output_marginal_matched_uniform::D_joint::E_joint::bayes_optimal_decoder,0,0.25,1/4,0.25,0.0,1,support_exact_failure_probability_low,measurement_only,support exact recovery and probabilistic success are not collapsed
output_marginal_matched_uniform,D_joint,E_joint,dec::output_marginal_matched_uniform::D_joint::E_joint::declared_decoder,0,0.25,1/4,0.25,0.0,1,support_exact_failure_probability_low,measurement_only,support exact recovery and probabilistic success are not collapsed
output_marginal_matched_uniform,D_joint,E_parity,dec::output_marginal_matched_uniform::D_joint::E_parity::bayes_optimal_decoder,0,0.25,1/4,0.25,0.0,1,support_exact_failure_probability_low,measurement_only,support exact recovery and probabilistic success are not collapsed
output_marginal_matched_uniform,D_joint,E_trivial,dec::output_marginal_matched_uniform::D_joint::E_trivial::bayes_optimal_decoder,0,0.25,1/4,0.25,0.0,1,support_exact_failure_probability_low,measurement_only,support exact recovery and probabilistic success are not collapsed
output_marginal_matched_uniform,D_parity,E_A,dec::output_marginal_matched_uniform::D_parity::E_A::bayes_optimal_decoder,0,0.5,1/2,0.5,0.0,1,support_exact_failure_probability_low,measurement_only,support exact recovery and probabilistic success are not collapsed
output_marginal_matched_uniform,D_parity,E_A,dec::output_marginal_matched_uniform::D_parity::E_A::declared_decoder,0,0.5,1/2,0.5,0.0,1,support_exact_failure_probability_low,measurement_only,support exact recovery and probabilistic success are not collapsed
output_marginal_matched_uniform,D_parity,E_B,dec::output_marginal_matched_uniform::D_parity::E_B::bayes_optimal_decoder,0,0.5,1/2,0.5,0.0,1,support_exact_failure_probability_low,measurement_only,support exact recovery and probabilistic success are not collapsed
output_marginal_matched_uniform,D_parity,E_B,dec::output_marginal_matched_uniform::D_parity::E_B::declared_decoder,0,0.5,1/2,0.5,0.0,1,support_exact_failure_probability_low,measurement_only,support exact recovery and probabilistic success are not collapsed
output_marginal_matched_uniform,D_parity,E_joint,dec::output_marginal_matched_uniform::D_parity::E_joint::bayes_optimal_decoder,0,0.5,1/2,0.5,0.0,1,support_exact_failure_probability_low,measurement_only,support exact recovery and probabilistic success are not collapsed
output_marginal_matched_uniform,D_parity,E_parity,dec::output_marginal_matched_uniform::D_parity::E_parity::bayes_optimal_decoder,0,0.5,1/2,0.5,0.0,1,support_exact_failure_probability_low,measurement_only,support exact recovery and probabilistic success are not collapsed
output_marginal_matched_uniform,D_parity,E_parity,dec::output_marginal_matched_uniform::D_parity::E_parity::declared_decoder,0,0.5,1/2,0.5,0.0,1,support_exact_failure_probability_low,measurement_only,support exact recovery and probabilistic success are not collapsed
output_marginal_matched_uniform,D_parity,E_trivial,dec::output_marginal_matched_uniform::D_parity::E_trivial::bayes_optimal_decoder,0,0.5,1/2,0.5,0.0,1,support_exact_failure_probability_low,measurement_only,support exact recovery and probabilistic success are not collapsed
output_marginal_matched_uniform,D_trivial,E_A,dec::output_marginal_matched_uniform::D_trivial::E_A::bayes_optimal_decoder,1,1.0,1,1.0,0.0,1,exact_support_and_perfect_probability,support_theorem_transfer_ready,support exact recovery and probabilistic success are not collapsed
output_marginal_matched_uniform,D_trivial,E_A,dec::output_marginal_matched_uniform::D_trivial::E_A::exact_decoder,1,1.0,1,1.0,0.0,1,exact_support_and_perfect_probability,support_theorem_transfer_ready,support exact recovery and probabilistic success are not collapsed
output_marginal_matched_uniform,D_trivial,E_B,dec::output_marginal_matched_uniform::D_trivial::E_B::bayes_optimal_decoder,1,1.0,1,1.0,0.0,1,exact_support_and_perfect_probability,support_theorem_transfer_ready,support exact recovery and probabilistic success are not collapsed
output_marginal_matched_uniform,D_trivial,E_B,dec::output_marginal_matched_uniform::D_trivial::E_B::exact_decoder,1,1.0,1,1.0,0.0,1,exact_support_and_perfect_probability,support_theorem_transfer_ready,support exact recovery and probabilistic success are not collapsed
output_marginal_matched_uniform,D_trivial,E_joint,dec::output_marginal_matched_uniform::D_trivial::E_joint::bayes_optimal_decoder,1,1.0,1,1.0,0.0,1,exact_support_and_perfect_probability,support_theorem_transfer_ready,support exact recovery and probabilistic success are not collapsed
output_marginal_matched_uniform,D_trivial,E_joint,dec::output_marginal_matched_uniform::D_trivial::E_joint::exact_decoder,1,1.0,1,1.0,0.0,1,exact_support_and_perfect_probability,support_theorem_transfer_ready,support exact recovery and probabilistic success are not collapsed
output_marginal_matched_uniform,D_trivial,E_parity,dec::output_marginal_matched_uniform::D_trivial::E_parity::bayes_optimal_decoder,1,1.0,1,1.0,0.0,1,exact_support_and_perfect_probability,support_theorem_transfer_ready,support exact recovery and probabilistic success are not collapsed
output_marginal_matched_uniform,D_trivial,E_parity,dec::output_marginal_matched_uniform::D_trivial::E_parity::exact_decoder,1,1.0,1,1.0,0.0,1,exact_support_and_perfect_probability,support_theorem_transfer_ready,support exact recovery and probabilistic success are not collapsed
output_marginal_matched_uniform,D_trivial,E_trivial,dec::output_marginal_matched_uniform::D_trivial::E_trivial::bayes_optimal_decoder,1,1.0,1,1.0,0.0,1,exact_support_and_perfect_probability,support_theorem_transfer_ready,support exact recovery and probabilistic success are not collapsed
output_marginal_matched_uniform,D_trivial,E_trivial,dec::output_marginal_matched_uniform::D_trivial::E_trivial::exact_decoder,1,1.0,1,1.0,0.0,1,exact_support_and_perfect_probability,support_theorem_transfer_ready,support exact recovery and probabilistic success are not collapsed
output_marginal_matched_uniform,D_trivial,E_trivial,dec::output_marginal_matched_uniform::D_trivial::E_trivial::declared_decoder,1,1.0,1,1.0,0.0,1,exact_support_and_perfect_probability,support_theorem_transfer_ready,support exact recovery and probabilistic success are not collapsed
random_channel_same_output_entropy_seed_17,D_A,E_A,dec::random_channel_same_output_entropy_seed_17::D_A::E_A::bayes_optimal_decoder,0,0.5625,9/16,0.5,0.125,1,support_exact_failure_probability_low,measurement_only,support exact recovery and probabilistic success are not collapsed
random_channel_same_output_entropy_seed_17,D_A,E_A,dec::random_channel_same_output_entropy_seed_17::D_A::E_A::declared_decoder,0,0.4375,7/16,0.5,-0.125,1,support_exact_failure_probability_low,measurement_only,support exact recovery and probabilistic success are not collapsed
random_channel_same_output_entropy_seed_17,D_A,E_B,dec::random_channel_same_output_entropy_seed_17::D_A::E_B::bayes_optimal_decoder,0,0.5,1/2,0.5,0.0,1,support_exact_failure_probability_low,measurement_only,support exact recovery and probabilistic success are not collapsed
random_channel_same_output_entropy_seed_17,D_A,E_B,dec::random_channel_same_output_entropy_seed_17::D_A::E_B::declared_decoder,0,0.5,1/2,0.5,0.0,1,support_exact_failure_probability_low,measurement_only,support exact recovery and probabilistic success are not collapsed
random_channel_same_output_entropy_seed_17,D_A,E_joint,dec::random_channel_same_output_entropy_seed_17::D_A::E_joint::bayes_optimal_decoder,0,0.6875,11/16,0.5,0.375,1,support_exact_failure_probability_low,measurement_only,support exact recovery and probabilistic success are not collapsed
random_channel_same_output_entropy_seed_17,D_A,E_parity,dec::random_channel_same_output_entropy_seed_17::D_A::E_parity::bayes_optimal_decoder,0,0.6875,11/16,0.5,0.375,1,support_exact_failure_probability_low,measurement_only,support exact recovery and probabilistic success are not collapsed
random_channel_same_output_entropy_seed_17,D_A,E_parity,dec::random_channel_same_output_entropy_seed_17::D_A::E_parity::declared_decoder,0,0.3125,5/16,0.5,-0.375,1,support_exact_failure_probability_low,measurement_only,support exact recovery and probabilistic success are not collapsed
random_channel_same_output_entropy_seed_17,D_A,E_trivial,dec::random_channel_same_output_entropy_seed_17::D_A::E_trivial::bayes_optimal_decoder,0,0.5,1/2,0.5,0.0,1,support_exact_failure_probability_low,measurement_only,support exact recovery and probabilistic success are not collapsed
random_channel_same_output_entropy_seed_17,D_B,E_A,dec::random_channel_same_output_entropy_seed_17::D_B::E_A::bayes_optimal_decoder,0,0.5,1/2,0.5,0.0,1,support_exact_failure_probability_low,measurement_only,support exact recovery and probabilistic success are not collapsed
random_channel_same_output_entropy_seed_17,D_B,E_A,dec::random_channel_same_output_entropy_seed_17::D_B::E_A::declared_decoder,0,0.5,1/2,0.5,0.0,1,support_exact_failure_probability_low,measurement_only,support exact recovery and probabilistic success are not collapsed
random_channel_same_output_entropy_seed_17,D_B,E_B,dec::random_channel_same_output_entropy_seed_17::D_B::E_B::bayes_optimal_decoder,0,0.625,5/8,0.5,0.25,1,support_exact_failure_probability_low,measurement_only,support exact recovery and probabilistic success are not collapsed
random_channel_same_output_entropy_seed_17,D_B,E_B,dec::random_channel_same_output_entropy_seed_17::D_B::E_B::declared_decoder,0,0.375,3/8,0.5,-0.25,1,support_exact_failure_probability_low,measurement_only,support exact recovery and probabilistic success are not collapsed
random_channel_same_output_entropy_seed_17,D_B,E_joint,dec::random_channel_same_output_entropy_seed_17::D_B::E_joint::bayes_optimal_decoder,0,0.625,5/8,0.5,0.25,1,support_exact_failure_probability_low,measurement_only,support exact recovery and probabilistic success are not collapsed
random_channel_same_output_entropy_seed_17,D_B,E_parity,dec::random_channel_same_output_entropy_seed_17::D_B::E_parity::bayes_optimal_decoder,0,0.5,1/2,0.5,0.0,1,support_exact_failure_probability_low,measurement_only,support exact recovery and probabilistic success are not collapsed
random_channel_same_output_entropy_seed_17,D_B,E_parity,dec::random_channel_same_output_entropy_seed_17::D_B::E_parity::declared_decoder,0,0.5,1/2,0.5,0.0,1,support_exact_failure_probability_low,measurement_only,support exact recovery and probabilistic success are not collapsed
random_channel_same_output_entropy_seed_17,D_B,E_trivial,dec::random_channel_same_output_entropy_seed_17::D_B::E_trivial::bayes_optimal_decoder,0,0.5,1/2,0.5,0.0,1,support_exact_failure_probability_low,measurement_only,support exact recovery and probabilistic success are not collapsed
random_channel_same_output_entropy_seed_17,D_joint,E_A,dec::random_channel_same_output_entropy_seed_17::D_joint::E_A::bayes_optimal_decoder,0,0.375,3/8,0.25,0.16666666666666666,1,support_exact_failure_probability_low,measurement_only,support exact recovery and probabilistic success are not collapsed
random_channel_same_output_entropy_seed_17,D_joint,E_B,dec::random_channel_same_output_entropy_seed_17::D_joint::E_B::bayes_optimal_decoder,0,0.3125,5/16,0.25,0.08333333333333333,1,support_exact_failure_probability_low,measurement_only,support exact recovery and probabilistic success are not collapsed
random_channel_same_output_entropy_seed_17,D_joint,E_joint,dec::random_channel_same_output_entropy_seed_17::D_joint::E_joint::bayes_optimal_decoder,0,0.5,1/2,0.25,0.3333333333333333,1,support_exact_failure_probability_low,measurement_only,support exact recovery and probabilistic success are not collapsed
random_channel_same_output_entropy_seed_17,D_joint,E_joint,dec::random_channel_same_output_entropy_seed_17::D_joint::E_joint::declared_decoder,0,0.125,1/8,0.25,-0.16666666666666666,1,support_exact_failure_probability_low,measurement_only,support exact recovery and probabilistic success are not collapsed
random_channel_same_output_entropy_seed_17,D_joint,E_parity,dec::random_channel_same_output_entropy_seed_17::D_joint::E_parity::bayes_optimal_decoder,0,0.375,3/8,0.25,0.16666666666666666,1,support_exact_failure_probability_low,measurement_only,support exact recovery and probabilistic success are not collapsed
random_channel_same_output_entropy_seed_17,D_joint,E_trivial,dec::random_channel_same_output_entropy_seed_17::D_joint::E_trivial::bayes_optimal_decoder,0,0.25,1/4,0.25,0.0,1,support_exact_failure_probability_low,measurement_only,support exact recovery and probabilistic success are not collapsed
random_channel_same_output_entropy_seed_17,D_parity,E_A,dec::random_channel_same_output_entropy_seed_17::D_parity::E_A::bayes_optimal_decoder,0,0.6875,11/16,0.5,0.375,1,support_exact_failure_probability_low,measurement_only,support exact recovery and probabilistic success are not collapsed
random_channel_same_output_entropy_seed_17,D_parity,E_A,dec::random_channel_same_output_entropy_seed_17::D_parity::E_A::declared_decoder,0,0.6875,11/16,0.5,0.375,1,support_exact_failure_probability_low,measurement_only,support exact recovery and probabilistic success are not collapsed
random_channel_same_output_entropy_seed_17,D_parity,E_B,dec::random_channel_same_output_entropy_seed_17::D_parity::E_B::bayes_optimal_decoder,0,0.5,1/2,0.5,0.0,1,support_exact_failure_probability_low,measurement_only,support exact recovery and probabilistic success are not collapsed
random_channel_same_output_entropy_seed_17,D_parity,E_B,dec::random_channel_same_output_entropy_seed_17::D_parity::E_B::declared_decoder,0,0.5,1/2,0.5,0.0,1,support_exact_failure_probability_low,measurement_only,support exact recovery and probabilistic success are not collapsed
random_channel_same_output_entropy_seed_17,D_parity,E_joint,dec::random_channel_same_output_entropy_seed_17::D_parity::E_joint::bayes_optimal_decoder,0,0.6875,11/16,0.5,0.375,1,support_exact_failure_probability_low,measurement_only,support exact recovery and probabilistic success are not collapsed
random_channel_same_output_entropy_seed_17,D_parity,E_parity,dec::random_channel_same_output_entropy_seed_17::D_parity::E_parity::bayes_optimal_decoder,0,0.5625,9/16,0.5,0.125,1,support_exact_failure_probability_low,measurement_only,support exact recovery and probabilistic success are not collapsed
random_channel_same_output_entropy_seed_17,D_parity,E_parity,dec::random_channel_same_output_entropy_seed_17::D_parity::E_parity::declared_decoder,0,0.4375,7/16,0.5,-0.125,1,support_exact_failure_probability_low,measurement_only,support exact recovery and probabilistic success are not collapsed
random_channel_same_output_entropy_seed_17,D_parity,E_trivial,dec::random_channel_same_output_entropy_seed_17::D_parity::E_trivial::bayes_optimal_decoder,0,0.5,1/2,0.5,0.0,1,support_exact_failure_probability_low,measurement_only,support exact recovery and probabilistic success are not collapsed
random_channel_same_output_entropy_seed_17,D_trivial,E_A,dec::random_channel_same_output_entropy_seed_17::D_trivial::E_A::bayes_optimal_decoder,1,1.0,1,1.0,0.0,1,exact_support_and_perfect_probability,support_theorem_transfer_ready,support exact recovery and probabilistic success are not collapsed
random_channel_same_output_entropy_seed_17,D_trivial,E_A,dec::random_channel_same_output_entropy_seed_17::D_trivial::E_A::exact_decoder,1,1.0,1,1.0,0.0,1,exact_support_and_perfect_probability,support_theorem_transfer_ready,support exact recovery and probabilistic success are not collapsed
random_channel_same_output_entropy_seed_17,D_trivial,E_B,dec::random_channel_same_output_entropy_seed_17::D_trivial::E_B::bayes_optimal_decoder,1,1.0,1,1.0,0.0,1,exact_support_and_perfect_probability,support_theorem_transfer_ready,support exact recovery and probabilistic success are not collapsed
random_channel_same_output_entropy_seed_17,D_trivial,E_B,dec::random_channel_same_output_entropy_seed_17::D_trivial::E_B::exact_decoder,1,1.0,1,1.0,0.0,1,exact_support_and_perfect_probability,support_theorem_transfer_ready,support exact recovery and probabilistic success are not collapsed
random_channel_same_output_entropy_seed_17,D_trivial,E_joint,dec::random_channel_same_output_entropy_seed_17::D_trivial::E_joint::bayes_optimal_decoder,1,1.0,1,1.0,0.0,1,exact_support_and_perfect_probability,support_theorem_transfer_ready,support exact recovery and probabilistic success are not collapsed
random_channel_same_output_entropy_seed_17,D_trivial,E_joint,dec::random_channel_same_output_entropy_seed_17::D_trivial::E_joint::exact_decoder,1,1.0,1,1.0,0.0,1,exact_support_and_perfect_probability,support_theorem_transfer_ready,support exact recovery and probabilistic success are not collapsed
random_channel_same_output_entropy_seed_17,D_trivial,E_parity,dec::random_channel_same_output_entropy_seed_17::D_trivial::E_parity::bayes_optimal_decoder,1,1.0,1,1.0,0.0,1,exact_support_and_perfect_probability,support_theorem_transfer_ready,support exact recovery and probabilistic success are not collapsed
random_channel_same_output_entropy_seed_17,D_trivial,E_parity,dec::random_channel_same_output_entropy_seed_17::D_trivial::E_parity::exact_decoder,1,1.0,1,1.0,0.0,1,exact_support_and_perfect_probability,support_theorem_transfer_ready,support exact recovery and probabilistic success are not collapsed
random_channel_same_output_entropy_seed_17,D_trivial,E_trivial,dec::random_channel_same_output_entropy_seed_17::D_trivial::E_trivial::bayes_optimal_decoder,1,1.0,1,1.0,0.0,1,exact_support_and_perfect_probability,support_theorem_transfer_ready,support exact recovery and probabilistic success are not collapsed
random_channel_same_output_entropy_seed_17,D_trivial,E_trivial,dec::random_channel_same_output_entropy_seed_17::D_trivial::E_trivial::exact_decoder,1,1.0,1,1.0,0.0,1,exact_support_and_perfect_probability,support_theorem_transfer_ready,support exact recovery and probabilistic success are not collapsed
random_channel_same_output_entropy_seed_17,D_trivial,E_trivial,dec::random_channel_same_output_entropy_seed_17::D_trivial::E_trivial::declared_decoder,1,1.0,1,1.0,0.0,1,exact_support_and_perfect_probability,support_theorem_transfer_ready,support exact recovery and probabilistic success are not collapsed
y2_identity_channel,E_A,E_A,dec::y2_identity_channel::E_A::E_A::bayes_optimal_decoder,1,1.0,1,0.5,1.0,1,exact_support_and_perfect_probability,support_theorem_transfer_ready,support exact recovery and probabilistic success are not collapsed
y2_identity_channel,E_A,E_A,dec::y2_identity_channel::E_A::E_A::exact_decoder,1,1.0,1,0.5,1.0,1,exact_support_and_perfect_probability,support_theorem_transfer_ready,support exact recovery and probabilistic success are not collapsed
y2_identity_channel,E_A,E_A,dec::y2_identity_channel::E_A::E_A::declared_decoder,1,1.0,1,0.5,1.0,1,exact_support_and_perfect_probability,support_theorem_transfer_ready,support exact recovery and probabilistic success are not collapsed
y2_identity_channel,E_A,E_B,dec::y2_identity_channel::E_A::E_B::bayes_optimal_decoder,0,0.5,1/2,0.5,0.0,1,support_exact_failure_probability_low,measurement_only,support exact recovery and probabilistic success are not collapsed
y2_identity_channel,E_A,E_B,dec::y2_identity_channel::E_A::E_B::declared_decoder,0,0.5,1/2,0.5,0.0,1,support_exact_failure_probability_low,measurement_only,support exact recovery and probabilistic success are not collapsed
y2_identity_channel,E_A,E_joint,dec::y2_identity_channel::E_A::E_joint::bayes_optimal_decoder,1,1.0,1,0.5,1.0,1,exact_support_and_perfect_probability,support_theorem_transfer_ready,support exact recovery and probabilistic success are not collapsed
y2_identity_channel,E_A,E_joint,dec::y2_identity_channel::E_A::E_joint::exact_decoder,1,1.0,1,0.5,1.0,1,exact_support_and_perfect_probability,support_theorem_transfer_ready,support exact recovery and probabilistic success are not collapsed
y2_identity_channel,E_A,E_parity,dec::y2_identity_channel::E_A::E_parity::bayes_optimal_decoder,0,0.5,1/2,0.5,0.0,1,support_exact_failure_probability_low,measurement_only,support exact recovery and probabilistic success are not collapsed
y2_identity_channel,E_A,E_parity,dec::y2_identity_channel::E_A::E_parity::declared_decoder,0,0.5,1/2,0.5,0.0,1,support_exact_failure_probability_low,measurement_only,support exact recovery and probabilistic success are not collapsed
y2_identity_channel,E_A,E_trivial,dec::y2_identity_channel::E_A::E_trivial::bayes_optimal_decoder,0,0.5,1/2,0.5,0.0,1,support_exact_failure_probability_low,measurement_only,support exact recovery and probabilistic success are not collapsed
y2_identity_channel,E_B,E_A,dec::y2_identity_channel::E_B::E_A::bayes_optimal_decoder,0,0.5,1/2,0.5,0.0,1,support_exact_failure_probability_low,measurement_only,support exact recovery and probabilistic success are not collapsed
y2_identity_channel,E_B,E_A,dec::y2_identity_channel::E_B::E_A::declared_decoder,0,0.5,1/2,0.5,0.0,1,support_exact_failure_probability_low,measurement_only,support exact recovery and probabilistic success are not collapsed
y2_identity_channel,E_B,E_B,dec::y2_identity_channel::E_B::E_B::bayes_optimal_decoder,1,1.0,1,0.5,1.0,1,exact_support_and_perfect_probability,support_theorem_transfer_ready,support exact recovery and probabilistic success are not collapsed
y2_identity_channel,E_B,E_B,dec::y2_identity_channel::E_B::E_B::exact_decoder,1,1.0,1,0.5,1.0,1,exact_support_and_perfect_probability,support_theorem_transfer_ready,support exact recovery and probabilistic success are not collapsed
y2_identity_channel,E_B,E_B,dec::y2_identity_channel::E_B::E_B::declared_decoder,1,1.0,1,0.5,1.0,1,exact_support_and_perfect_probability,support_theorem_transfer_ready,support exact recovery and probabilistic success are not collapsed
y2_identity_channel,E_B,E_joint,dec::y2_identity_channel::E_B::E_joint::bayes_optimal_decoder,1,1.0,1,0.5,1.0,1,exact_support_and_perfect_probability,support_theorem_transfer_ready,support exact recovery and probabilistic success are not collapsed
y2_identity_channel,E_B,E_joint,dec::y2_identity_channel::E_B::E_joint::exact_decoder,1,1.0,1,0.5,1.0,1,exact_support_and_perfect_probability,support_theorem_transfer_ready,support exact recovery and probabilistic success are not collapsed
y2_identity_channel,E_B,E_parity,dec::y2_identity_channel::E_B::E_parity::bayes_optimal_decoder,0,0.5,1/2,0.5,0.0,1,support_exact_failure_probability_low,measurement_only,support exact recovery and probabilistic success are not collapsed
y2_identity_channel,E_B,E_parity,dec::y2_identity_channel::E_B::E_parity::declared_decoder,0,0.5,1/2,0.5,0.0,1,support_exact_failure_probability_low,measurement_only,support exact recovery and probabilistic success are not collapsed
y2_identity_channel,E_B,E_trivial,dec::y2_identity_channel::E_B::E_trivial::bayes_optimal_decoder,0,0.5,1/2,0.5,0.0,1,support_exact_failure_probability_low,measurement_only,support exact recovery and probabilistic success are not collapsed
y2_identity_channel,E_joint,E_A,dec::y2_identity_channel::E_joint::E_A::bayes_optimal_decoder,0,0.5,1/2,0.25,0.3333333333333333,1,support_exact_failure_probability_low,measurement_only,support exact recovery and probabilistic success are not collapsed
y2_identity_channel,E_joint,E_B,dec::y2_identity_channel::E_joint::E_B::bayes_optimal_decoder,0,0.5,1/2,0.25,0.3333333333333333,1,support_exact_failure_probability_low,measurement_only,support exact recovery and probabilistic success are not collapsed
y2_identity_channel,E_joint,E_joint,dec::y2_identity_channel::E_joint::E_joint::bayes_optimal_decoder,1,1.0,1,0.25,1.0,1,exact_support_and_perfect_probability,support_theorem_transfer_ready,support exact recovery and probabilistic success are not collapsed
y2_identity_channel,E_joint,E_joint,dec::y2_identity_channel::E_joint::E_joint::exact_decoder,1,1.0,1,0.25,1.0,1,exact_support_and_perfect_probability,support_theorem_transfer_ready,support exact recovery and probabilistic success are not collapsed
y2_identity_channel,E_joint,E_joint,dec::y2_identity_channel::E_joint::E_joint::declared_decoder,1,1.0,1,0.25,1.0,1,exact_support_and_perfect_probability,support_theorem_transfer_ready,support exact recovery and probabilistic success are not collapsed
y2_identity_channel,E_joint,E_parity,dec::y2_identity_channel::E_joint::E_parity::bayes_optimal_decoder,0,0.5,1/2,0.25,0.3333333333333333,1,support_exact_failure_probability_low,measurement_only,support exact recovery and probabilistic success are not collapsed
y2_identity_channel,E_joint,E_trivial,dec::y2_identity_channel::E_joint::E_trivial::bayes_optimal_decoder,0,0.25,1/4,0.25,0.0,1,support_exact_failure_probability_low,measurement_only,support exact recovery and probabilistic success are not collapsed
y2_identity_channel,E_parity,E_A,dec::y2_identity_channel::E_parity::E_A::bayes_optimal_decoder,0,0.5,1/2,0.5,0.0,1,support_exact_failure_probability_low,measurement_only,support exact recovery and probabilistic success are not collapsed
y2_identity_channel,E_parity,E_A,dec::y2_identity_channel::E_parity::E_A::declared_decoder,0,0.5,1/2,0.5,0.0,1,support_exact_failure_probability_low,measurement_only,support exact recovery and probabilistic success are not collapsed
y2_identity_channel,E_parity,E_B,dec::y2_identity_channel::E_parity::E_B::bayes_optimal_decoder,0,0.5,1/2,0.5,0.0,1,support_exact_failure_probability_low,measurement_only,support exact recovery and probabilistic success are not collapsed
y2_identity_channel,E_parity,E_B,dec::y2_identity_channel::E_parity::E_B::declared_decoder,0,0.5,1/2,0.5,0.0,1,support_exact_failure_probability_low,measurement_only,support exact recovery and probabilistic success are not collapsed
y2_identity_channel,E_parity,E_joint,dec::y2_identity_channel::E_parity::E_joint::bayes_optimal_decoder,1,1.0,1,0.5,1.0,1,exact_support_and_perfect_probability,support_theorem_transfer_ready,support exact recovery and probabilistic success are not collapsed
y2_identity_channel,E_parity,E_joint,dec::y2_identity_channel::E_parity::E_joint::exact_decoder,1,1.0,1,0.5,1.0,1,exact_support_and_perfect_probability,support_theorem_transfer_ready,support exact recovery and probabilistic success are not collapsed
y2_identity_channel,E_parity,E_parity,dec::y2_identity_channel::E_parity::E_parity::bayes_optimal_decoder,1,1.0,1,0.5,1.0,1,exact_support_and_perfect_probability,support_theorem_transfer_ready,support exact recovery and probabilistic success are not collapsed
y2_identity_channel,E_parity,E_parity,dec::y2_identity_channel::E_parity::E_parity::exact_decoder,1,1.0,1,0.5,1.0,1,exact_support_and_perfect_probability,support_theorem_transfer_ready,support exact recovery and probabilistic success are not collapsed
y2_identity_channel,E_parity,E_parity,dec::y2_identity_channel::E_parity::E_parity::declared_decoder,1,1.0,1,0.5,1.0,1,exact_support_and_perfect_probability,support_theorem_transfer_ready,support exact recovery and probabilistic success are not collapsed
y2_identity_channel,E_parity,E_trivial,dec::y2_identity_channel::E_parity::E_trivial::bayes_optimal_decoder,0,0.5,1/2,0.5,0.0,1,support_exact_failure_probability_low,measurement_only,support exact recovery and probabilistic success are not collapsed
y2_identity_channel,E_trivial,E_A,dec::y2_identity_channel::E_trivial::E_A::bayes_optimal_decoder,1,1.0,1,1.0,0.0,1,exact_support_and_perfect_probability,support_theorem_transfer_ready,support exact recovery and probabilistic success are not collapsed
y2_identity_channel,E_trivial,E_A,dec::y2_identity_channel::E_trivial::E_A::exact_decoder,1,1.0,1,1.0,0.0,1,exact_support_and_perfect_probability,support_theorem_transfer_ready,support exact recovery and probabilistic success are not collapsed
y2_identity_channel,E_trivial,E_B,dec::y2_identity_channel::E_trivial::E_B::bayes_optimal_decoder,1,1.0,1,1.0,0.0,1,exact_support_and_perfect_probability,support_theorem_transfer_ready,support exact recovery and probabilistic success are not collapsed
y2_identity_channel,E_trivial,E_B,dec::y2_identity_channel::E_trivial::E_B::exact_decoder,1,1.0,1,1.0,0.0,1,exact_support_and_perfect_probability,support_theorem_transfer_ready,support exact recovery and probabilistic success are not collapsed
y2_identity_channel,E_trivial,E_joint,dec::y2_identity_channel::E_trivial::E_joint::bayes_optimal_decoder,1,1.0,1,1.0,0.0,1,exact_support_and_perfect_probability,support_theorem_transfer_ready,support exact recovery and probabilistic success are not collapsed
y2_identity_channel,E_trivial,E_joint,dec::y2_identity_channel::E_trivial::E_joint::exact_decoder,1,1.0,1,1.0,0.0,1,exact_support_and_perfect_probability,support_theorem_transfer_ready,support exact recovery and probabilistic success are not collapsed
y2_identity_channel,E_trivial,E_parity,dec::y2_identity_channel::E_trivial::E_parity::bayes_optimal_decoder,1,1.0,1,1.0,0.0,1,exact_support_and_perfect_probability,support_theorem_transfer_ready,support exact recovery and probabilistic success are not collapsed
y2_identity_channel,E_trivial,E_parity,dec::y2_identity_channel::E_trivial::E_parity::exact_decoder,1,1.0,1,1.0,0.0,1,exact_support_and_perfect_probability,support_theorem_transfer_ready,support exact recovery and probabilistic success are not collapsed
y2_identity_channel,E_trivial,E_trivial,dec::y2_identity_channel::E_trivial::E_trivial::bayes_optimal_decoder,1,1.0,1,1.0,0.0,1,exact_support_and_perfect_probability,support_theorem_transfer_ready,support exact recovery and probabilistic success are not collapsed
y2_identity_channel,E_trivial,E_trivial,dec::y2_identity_channel::E_trivial::E_trivial::exact_decoder,1,1.0,1,1.0,0.0,1,exact_support_and_perfect_probability,support_theorem_transfer_ready,support exact recovery and probabilistic success are not collapsed
y2_identity_channel,E_trivial,E_trivial,dec::y2_identity_channel::E_trivial::E_trivial::declared_decoder,1,1.0,1,1.0,0.0,1,exact_support_and_perfect_probability,support_theorem_transfer_ready,support exact recovery and probabilistic success are not collapsed
y2_bit_flip_p_0_25,E_A,E_A,dec::y2_bit_flip_p_0_25::E_A::E_A::bayes_optimal_decoder,0,0.75,3/4,0.5,0.5,1,support_exact_failure_probability_high,probabilistic_measurement_not_support_transfer,support exact recovery and probabilistic success are not collapsed
y2_bit_flip_p_0_25,E_A,E_A,dec::y2_bit_flip_p_0_25::E_A::E_A::declared_decoder,0,0.75,3/4,0.5,0.5,1,support_exact_failure_probability_high,probabilistic_measurement_not_support_transfer,support exact recovery and probabilistic success are not collapsed
y2_bit_flip_p_0_25,E_A,E_B,dec::y2_bit_flip_p_0_25::E_A::E_B::bayes_optimal_decoder,0,0.5,1/2,0.5,0.0,1,support_exact_failure_probability_low,measurement_only,support exact recovery and probabilistic success are not collapsed
y2_bit_flip_p_0_25,E_A,E_B,dec::y2_bit_flip_p_0_25::E_A::E_B::declared_decoder,0,0.5,1/2,0.5,0.0,1,support_exact_failure_probability_low,measurement_only,support exact recovery and probabilistic success are not collapsed
y2_bit_flip_p_0_25,E_A,E_joint,dec::y2_bit_flip_p_0_25::E_A::E_joint::bayes_optimal_decoder,0,0.75,3/4,0.5,0.5,1,support_exact_failure_probability_high,probabilistic_measurement_not_support_transfer,support exact recovery and probabilistic success are not collapsed
y2_bit_flip_p_0_25,E_A,E_parity,dec::y2_bit_flip_p_0_25::E_A::E_parity::bayes_optimal_decoder,0,0.5,1/2,0.5,0.0,1,support_exact_failure_probability_low,measurement_only,support exact recovery and probabilistic success are not collapsed
y2_bit_flip_p_0_25,E_A,E_parity,dec::y2_bit_flip_p_0_25::E_A::E_parity::declared_decoder,0,0.5,1/2,0.5,0.0,1,support_exact_failure_probability_low,measurement_only,support exact recovery and probabilistic success are not collapsed
y2_bit_flip_p_0_25,E_A,E_trivial,dec::y2_bit_flip_p_0_25::E_A::E_trivial::bayes_optimal_decoder,0,0.5,1/2,0.5,0.0,1,support_exact_failure_probability_low,measurement_only,support exact recovery and probabilistic success are not collapsed
y2_bit_flip_p_0_25,E_B,E_A,dec::y2_bit_flip_p_0_25::E_B::E_A::bayes_optimal_decoder,0,0.5,1/2,0.5,0.0,1,support_exact_failure_probability_low,measurement_only,support exact recovery and probabilistic success are not collapsed
y2_bit_flip_p_0_25,E_B,E_A,dec::y2_bit_flip_p_0_25::E_B::E_A::declared_decoder,0,0.5,1/2,0.5,0.0,1,support_exact_failure_probability_low,measurement_only,support exact recovery and probabilistic success are not collapsed
y2_bit_flip_p_0_25,E_B,E_B,dec::y2_bit_flip_p_0_25::E_B::E_B::bayes_optimal_decoder,0,0.75,3/4,0.5,0.5,1,support_exact_failure_probability_high,probabilistic_measurement_not_support_transfer,support exact recovery and probabilistic success are not collapsed
y2_bit_flip_p_0_25,E_B,E_B,dec::y2_bit_flip_p_0_25::E_B::E_B::declared_decoder,0,0.75,3/4,0.5,0.5,1,support_exact_failure_probability_high,probabilistic_measurement_not_support_transfer,support exact recovery and probabilistic success are not collapsed
y2_bit_flip_p_0_25,E_B,E_joint,dec::y2_bit_flip_p_0_25::E_B::E_joint::bayes_optimal_decoder,0,0.75,3/4,0.5,0.5,1,support_exact_failure_probability_high,probabilistic_measurement_not_support_transfer,support exact recovery and probabilistic success are not collapsed
y2_bit_flip_p_0_25,E_B,E_parity,dec::y2_bit_flip_p_0_25::E_B::E_parity::bayes_optimal_decoder,0,0.5,1/2,0.5,0.0,1,support_exact_failure_probability_low,measurement_only,support exact recovery and probabilistic success are not collapsed
y2_bit_flip_p_0_25,E_B,E_parity,dec::y2_bit_flip_p_0_25::E_B::E_parity::declared_decoder,0,0.5,1/2,0.5,0.0,1,support_exact_failure_probability_low,measurement_only,support exact recovery and probabilistic success are not collapsed
y2_bit_flip_p_0_25,E_B,E_trivial,dec::y2_bit_flip_p_0_25::E_B::E_trivial::bayes_optimal_decoder,0,0.5,1/2,0.5,0.0,1,support_exact_failure_probability_low,measurement_only,support exact recovery and probabilistic success are not collapsed
y2_bit_flip_p_0_25,E_joint,E_A,dec::y2_bit_flip_p_0_25::E_joint::E_A::bayes_optimal_decoder,0,0.375,3/8,0.25,0.16666666666666666,1,support_exact_failure_probability_low,measurement_only,support exact recovery and probabilistic success are not collapsed
y2_bit_flip_p_0_25,E_joint,E_B,dec::y2_bit_flip_p_0_25::E_joint::E_B::bayes_optimal_decoder,0,0.375,3/8,0.25,0.16666666666666666,1,support_exact_failure_probability_low,measurement_only,support exact recovery and probabilistic success are not collapsed
y2_bit_flip_p_0_25,E_joint,E_joint,dec::y2_bit_flip_p_0_25::E_joint::E_joint::bayes_optimal_decoder,0,0.5625,9/16,0.25,0.4166666666666667,1,support_exact_failure_probability_low,measurement_only,support exact recovery and probabilistic success are not collapsed
y2_bit_flip_p_0_25,E_joint,E_joint,dec::y2_bit_flip_p_0_25::E_joint::E_joint::declared_decoder,0,0.5625,9/16,0.25,0.4166666666666667,1,support_exact_failure_probability_low,measurement_only,support exact recovery and probabilistic success are not collapsed
y2_bit_flip_p_0_25,E_joint,E_parity,dec::y2_bit_flip_p_0_25::E_joint::E_parity::bayes_optimal_decoder,0,0.3125,5/16,0.25,0.08333333333333333,1,support_exact_failure_probability_low,measurement_only,support exact recovery and probabilistic success are not collapsed
y2_bit_flip_p_0_25,E_joint,E_trivial,dec::y2_bit_flip_p_0_25::E_joint::E_trivial::bayes_optimal_decoder,0,0.25,1/4,0.25,0.0,1,support_exact_failure_probability_low,measurement_only,support exact recovery and probabilistic success are not collapsed
y2_bit_flip_p_0_25,E_parity,E_A,dec::y2_bit_flip_p_0_25::E_parity::E_A::bayes_optimal_decoder,0,0.5,1/2,0.5,0.0,1,support_exact_failure_probability_low,measurement_only,support exact recovery and probabilistic success are not collapsed
y2_bit_flip_p_0_25,E_parity,E_A,dec::y2_bit_flip_p_0_25::E_parity::E_A::declared_decoder,0,0.5,1/2,0.5,0.0,1,support_exact_failure_probability_low,measurement_only,support exact recovery and probabilistic success are not collapsed
y2_bit_flip_p_0_25,E_parity,E_B,dec::y2_bit_flip_p_0_25::E_parity::E_B::bayes_optimal_decoder,0,0.5,1/2,0.5,0.0,1,support_exact_failure_probability_low,measurement_only,support exact recovery and probabilistic success are not collapsed
y2_bit_flip_p_0_25,E_parity,E_B,dec::y2_bit_flip_p_0_25::E_parity::E_B::declared_decoder,0,0.5,1/2,0.5,0.0,1,support_exact_failure_probability_low,measurement_only,support exact recovery and probabilistic success are not collapsed
y2_bit_flip_p_0_25,E_parity,E_joint,dec::y2_bit_flip_p_0_25::E_parity::E_joint::bayes_optimal_decoder,0,0.625,5/8,0.5,0.25,1,support_exact_failure_probability_low,measurement_only,support exact recovery and probabilistic success are not collapsed
y2_bit_flip_p_0_25,E_parity,E_parity,dec::y2_bit_flip_p_0_25::E_parity::E_parity::bayes_optimal_decoder,0,0.625,5/8,0.5,0.25,1,support_exact_failure_probability_low,measurement_only,support exact recovery and probabilistic success are not collapsed
y2_bit_flip_p_0_25,E_parity,E_parity,dec::y2_bit_flip_p_0_25::E_parity::E_parity::declared_decoder,0,0.625,5/8,0.5,0.25,1,support_exact_failure_probability_low,measurement_only,support exact recovery and probabilistic success are not collapsed
y2_bit_flip_p_0_25,E_parity,E_trivial,dec::y2_bit_flip_p_0_25::E_parity::E_trivial::bayes_optimal_decoder,0,0.5,1/2,0.5,0.0,1,support_exact_failure_probability_low,measurement_only,support exact recovery and probabilistic success are not collapsed
y2_bit_flip_p_0_25,E_trivial,E_A,dec::y2_bit_flip_p_0_25::E_trivial::E_A::bayes_optimal_decoder,1,1.0,1,1.0,0.0,1,exact_support_and_perfect_probability,support_theorem_transfer_ready,support exact recovery and probabilistic success are not collapsed
y2_bit_flip_p_0_25,E_trivial,E_A,dec::y2_bit_flip_p_0_25::E_trivial::E_A::exact_decoder,1,1.0,1,1.0,0.0,1,exact_support_and_perfect_probability,support_theorem_transfer_ready,support exact recovery and probabilistic success are not collapsed
y2_bit_flip_p_0_25,E_trivial,E_B,dec::y2_bit_flip_p_0_25::E_trivial::E_B::bayes_optimal_decoder,1,1.0,1,1.0,0.0,1,exact_support_and_perfect_probability,support_theorem_transfer_ready,support exact recovery and probabilistic success are not collapsed
y2_bit_flip_p_0_25,E_trivial,E_B,dec::y2_bit_flip_p_0_25::E_trivial::E_B::exact_decoder,1,1.0,1,1.0,0.0,1,exact_support_and_perfect_probability,support_theorem_transfer_ready,support exact recovery and probabilistic success are not collapsed
y2_bit_flip_p_0_25,E_trivial,E_joint,dec::y2_bit_flip_p_0_25::E_trivial::E_joint::bayes_optimal_decoder,1,1.0,1,1.0,0.0,1,exact_support_and_perfect_probability,support_theorem_transfer_ready,support exact recovery and probabilistic success are not collapsed
y2_bit_flip_p_0_25,E_trivial,E_joint,dec::y2_bit_flip_p_0_25::E_trivial::E_joint::exact_decoder,1,1.0,1,1.0,0.0,1,exact_support_and_perfect_probability,support_theorem_transfer_ready,support exact recovery and probabilistic success are not collapsed
y2_bit_flip_p_0_25,E_trivial,E_parity,dec::y2_bit_flip_p_0_25::E_trivial::E_parity::bayes_optimal_decoder,1,1.0,1,1.0,0.0,1,exact_support_and_perfect_probability,support_theorem_transfer_ready,support exact recovery and probabilistic success are not collapsed
y2_bit_flip_p_0_25,E_trivial,E_parity,dec::y2_bit_flip_p_0_25::E_trivial::E_parity::exact_decoder,1,1.0,1,1.0,0.0,1,exact_support_and_perfect_probability,support_theorem_transfer_ready,support exact recovery and probabilistic success are not collapsed
y2_bit_flip_p_0_25,E_trivial,E_trivial,dec::y2_bit_flip_p_0_25::E_trivial::E_trivial::bayes_optimal_decoder,1,1.0,1,1.0,0.0,1,exact_support_and_perfect_probability,support_theorem_transfer_ready,support exact recovery and probabilistic success are not collapsed
y2_bit_flip_p_0_25,E_trivial,E_trivial,dec::y2_bit_flip_p_0_25::E_trivial::E_trivial::exact_decoder,1,1.0,1,1.0,0.0,1,exact_support_and_perfect_probability,support_theorem_transfer_ready,support exact recovery and probabilistic success are not collapsed
y2_bit_flip_p_0_25,E_trivial,E_trivial,dec::y2_bit_flip_p_0_25::E_trivial::E_trivial::declared_decoder,1,1.0,1,1.0,0.0,1,exact_support_and_perfect_probability,support_theorem_transfer_ready,support exact recovery and probabilistic success are not collapsed
y2_marginal_joint_degrade_q_0_10,E_A,E_A,dec::y2_marginal_joint_degrade_q_0_10::E_A::E_A::bayes_optimal_decoder,0,0.95,19/20,0.5,0.9,1,high_probability_without_exact_support,probabilistic_measurement_not_support_transfer,support exact recovery and probabilistic success are not collapsed
y2_marginal_joint_degrade_q_0_10,E_A,E_A,dec::y2_marginal_joint_degrade_q_0_10::E_A::E_A::declared_decoder,0,0.95,19/20,0.5,0.9,1,high_probability_without_exact_support,probabilistic_measurement_not_support_transfer,support exact recovery and probabilistic success are not collapsed
y2_marginal_joint_degrade_q_0_10,E_A,E_B,dec::y2_marginal_joint_degrade_q_0_10::E_A::E_B::bayes_optimal_decoder,0,0.5,1/2,0.5,0.0,1,support_exact_failure_probability_low,measurement_only,support exact recovery and probabilistic success are not collapsed
y2_marginal_joint_degrade_q_0_10,E_A,E_B,dec::y2_marginal_joint_degrade_q_0_10::E_A::E_B::declared_decoder,0,0.5,1/2,0.5,0.0,1,support_exact_failure_probability_low,measurement_only,support exact recovery and probabilistic success are not collapsed
y2_marginal_joint_degrade_q_0_10,E_A,E_joint,dec::y2_marginal_joint_degrade_q_0_10::E_A::E_joint::bayes_optimal_decoder,0,0.95,19/20,0.5,0.9,1,high_probability_without_exact_support,probabilistic_measurement_not_support_transfer,support exact recovery and probabilistic success are not collapsed
y2_marginal_joint_degrade_q_0_10,E_A,E_parity,dec::y2_marginal_joint_degrade_q_0_10::E_A::E_parity::bayes_optimal_decoder,0,0.5,1/2,0.5,0.0,1,support_exact_failure_probability_low,measurement_only,support exact recovery and probabilistic success are not collapsed
y2_marginal_joint_degrade_q_0_10,E_A,E_parity,dec::y2_marginal_joint_degrade_q_0_10::E_A::E_parity::declared_decoder,0,0.5,1/2,0.5,0.0,1,support_exact_failure_probability_low,measurement_only,support exact recovery and probabilistic success are not collapsed
y2_marginal_joint_degrade_q_0_10,E_A,E_trivial,dec::y2_marginal_joint_degrade_q_0_10::E_A::E_trivial::bayes_optimal_decoder,0,0.5,1/2,0.5,0.0,1,support_exact_failure_probability_low,measurement_only,support exact recovery and probabilistic success are not collapsed
y2_marginal_joint_degrade_q_0_10,E_B,E_A,dec::y2_marginal_joint_degrade_q_0_10::E_B::E_A::bayes_optimal_decoder,0,0.5,1/2,0.5,0.0,1,support_exact_failure_probability_low,measurement_only,support exact recovery and probabilistic success are not collapsed
y2_marginal_joint_degrade_q_0_10,E_B,E_A,dec::y2_marginal_joint_degrade_q_0_10::E_B::E_A::declared_decoder,0,0.5,1/2,0.5,0.0,1,support_exact_failure_probability_low,measurement_only,support exact recovery and probabilistic success are not collapsed
y2_marginal_joint_degrade_q_0_10,E_B,E_B,dec::y2_marginal_joint_degrade_q_0_10::E_B::E_B::bayes_optimal_decoder,0,0.95,19/20,0.5,0.9,1,high_probability_without_exact_support,probabilistic_measurement_not_support_transfer,support exact recovery and probabilistic success are not collapsed
y2_marginal_joint_degrade_q_0_10,E_B,E_B,dec::y2_marginal_joint_degrade_q_0_10::E_B::E_B::declared_decoder,0,0.95,19/20,0.5,0.9,1,high_probability_without_exact_support,probabilistic_measurement_not_support_transfer,support exact recovery and probabilistic success are not collapsed
y2_marginal_joint_degrade_q_0_10,E_B,E_joint,dec::y2_marginal_joint_degrade_q_0_10::E_B::E_joint::bayes_optimal_decoder,0,0.95,19/20,0.5,0.9,1,high_probability_without_exact_support,probabilistic_measurement_not_support_transfer,support exact recovery and probabilistic success are not collapsed
y2_marginal_joint_degrade_q_0_10,E_B,E_parity,dec::y2_marginal_joint_degrade_q_0_10::E_B::E_parity::bayes_optimal_decoder,0,0.5,1/2,0.5,0.0,1,support_exact_failure_probability_low,measurement_only,support exact recovery and probabilistic success are not collapsed
y2_marginal_joint_degrade_q_0_10,E_B,E_parity,dec::y2_marginal_joint_degrade_q_0_10::E_B::E_parity::declared_decoder,0,0.5,1/2,0.5,0.0,1,support_exact_failure_probability_low,measurement_only,support exact recovery and probabilistic success are not collapsed
y2_marginal_joint_degrade_q_0_10,E_B,E_trivial,dec::y2_marginal_joint_degrade_q_0_10::E_B::E_trivial::bayes_optimal_decoder,0,0.5,1/2,0.5,0.0,1,support_exact_failure_probability_low,measurement_only,support exact recovery and probabilistic success are not collapsed
y2_marginal_joint_degrade_q_0_10,E_joint,E_A,dec::y2_marginal_joint_degrade_q_0_10::E_joint::E_A::bayes_optimal_decoder,0,0.475,19/40,0.25,0.3,1,support_exact_failure_probability_low,measurement_only,support exact recovery and probabilistic success are not collapsed
y2_marginal_joint_degrade_q_0_10,E_joint,E_B,dec::y2_marginal_joint_degrade_q_0_10::E_joint::E_B::bayes_optimal_decoder,0,0.475,19/40,0.25,0.3,1,support_exact_failure_probability_low,measurement_only,support exact recovery and probabilistic success are not collapsed
y2_marginal_joint_degrade_q_0_10,E_joint,E_joint,dec::y2_marginal_joint_degrade_q_0_10::E_joint::E_joint::bayes_optimal_decoder,0,0.9,9/10,0.25,0.8666666666666667,1,support_exact_failure_probability_high,probabilistic_measurement_not_support_transfer,support exact recovery and probabilistic success are not collapsed
y2_marginal_joint_degrade_q_0_10,E_joint,E_joint,dec::y2_marginal_joint_degrade_q_0_10::E_joint::E_joint::declared_decoder,0,0.9,9/10,0.25,0.8666666666666667,1,support_exact_failure_probability_high,probabilistic_measurement_not_support_transfer,support exact recovery and probabilistic success are not collapsed
y2_marginal_joint_degrade_q_0_10,E_joint,E_parity,dec::y2_marginal_joint_degrade_q_0_10::E_joint::E_parity::bayes_optimal_decoder,0,0.45,9/20,0.25,0.26666666666666666,1,support_exact_failure_probability_low,measurement_only,support exact recovery and probabilistic success are not collapsed
y2_marginal_joint_degrade_q_0_10,E_joint,E_trivial,dec::y2_marginal_joint_degrade_q_0_10::E_joint::E_trivial::bayes_optimal_decoder,0,0.25,1/4,0.25,0.0,1,support_exact_failure_probability_low,measurement_only,support exact recovery and probabilistic success are not collapsed
y2_marginal_joint_degrade_q_0_10,E_parity,E_A,dec::y2_marginal_joint_degrade_q_0_10::E_parity::E_A::bayes_optimal_decoder,0,0.5,1/2,0.5,0.0,1,support_exact_failure_probability_low,measurement_only,support exact recovery and probabilistic success are not collapsed
y2_marginal_joint_degrade_q_0_10,E_parity,E_A,dec::y2_marginal_joint_degrade_q_0_10::E_parity::E_A::declared_decoder,0,0.5,1/2,0.5,0.0,1,support_exact_failure_probability_low,measurement_only,support exact recovery and probabilistic success are not collapsed
y2_marginal_joint_degrade_q_0_10,E_parity,E_B,dec::y2_marginal_joint_degrade_q_0_10::E_parity::E_B::bayes_optimal_decoder,0,0.5,1/2,0.5,0.0,1,support_exact_failure_probability_low,measurement_only,support exact recovery and probabilistic success are not collapsed
y2_marginal_joint_degrade_q_0_10,E_parity,E_B,dec::y2_marginal_joint_degrade_q_0_10::E_parity::E_B::declared_decoder,0,0.5,1/2,0.5,0.0,1,support_exact_failure_probability_low,measurement_only,support exact recovery and probabilistic success are not collapsed
y2_marginal_joint_degrade_q_0_10,E_parity,E_joint,dec::y2_marginal_joint_degrade_q_0_10::E_parity::E_joint::bayes_optimal_decoder,0,0.9,9/10,0.5,0.8,1,support_exact_failure_probability_high,probabilistic_measurement_not_support_transfer,support exact recovery and probabilistic success are not collapsed
y2_marginal_joint_degrade_q_0_10,E_parity,E_parity,dec::y2_marginal_joint_degrade_q_0_10::E_parity::E_parity::bayes_optimal_decoder,0,0.9,9/10,0.5,0.8,1,support_exact_failure_probability_high,probabilistic_measurement_not_support_transfer,support exact recovery and probabilistic success are not collapsed
y2_marginal_joint_degrade_q_0_10,E_parity,E_parity,dec::y2_marginal_joint_degrade_q_0_10::E_parity::E_parity::declared_decoder,0,0.9,9/10,0.5,0.8,1,support_exact_failure_probability_high,probabilistic_measurement_not_support_transfer,support exact recovery and probabilistic success are not collapsed
y2_marginal_joint_degrade_q_0_10,E_parity,E_trivial,dec::y2_marginal_joint_degrade_q_0_10::E_parity::E_trivial::bayes_optimal_decoder,0,0.5,1/2,0.5,0.0,1,support_exact_failure_probability_low,measurement_only,support exact recovery and probabilistic success are not collapsed
y2_marginal_joint_degrade_q_0_10,E_trivial,E_A,dec::y2_marginal_joint_degrade_q_0_10::E_trivial::E_A::bayes_optimal_decoder,1,1.0,1,1.0,0.0,1,exact_support_and_perfect_probability,support_theorem_transfer_ready,support exact recovery and probabilistic success are not collapsed
y2_marginal_joint_degrade_q_0_10,E_trivial,E_A,dec::y2_marginal_joint_degrade_q_0_10::E_trivial::E_A::exact_decoder,1,1.0,1,1.0,0.0,1,exact_support_and_perfect_probability,support_theorem_transfer_ready,support exact recovery and probabilistic success are not collapsed
y2_marginal_joint_degrade_q_0_10,E_trivial,E_B,dec::y2_marginal_joint_degrade_q_0_10::E_trivial::E_B::bayes_optimal_decoder,1,1.0,1,1.0,0.0,1,exact_support_and_perfect_probability,support_theorem_transfer_ready,support exact recovery and probabilistic success are not collapsed
y2_marginal_joint_degrade_q_0_10,E_trivial,E_B,dec::y2_marginal_joint_degrade_q_0_10::E_trivial::E_B::exact_decoder,1,1.0,1,1.0,0.0,1,exact_support_and_perfect_probability,support_theorem_transfer_ready,support exact recovery and probabilistic success are not collapsed
y2_marginal_joint_degrade_q_0_10,E_trivial,E_joint,dec::y2_marginal_joint_degrade_q_0_10::E_trivial::E_joint::bayes_optimal_decoder,1,1.0,1,1.0,0.0,1,exact_support_and_perfect_probability,support_theorem_transfer_ready,support exact recovery and probabilistic success are not collapsed
y2_marginal_joint_degrade_q_0_10,E_trivial,E_joint,dec::y2_marginal_joint_degrade_q_0_10::E_trivial::E_joint::exact_decoder,1,1.0,1,1.0,0.0,1,exact_support_and_perfect_probability,support_theorem_transfer_ready,support exact recovery and probabilistic success are not collapsed
y2_marginal_joint_degrade_q_0_10,E_trivial,E_parity,dec::y2_marginal_joint_degrade_q_0_10::E_trivial::E_parity::bayes_optimal_decoder,1,1.0,1,1.0,0.0,1,exact_support_and_perfect_probability,support_theorem_transfer_ready,support exact recovery and probabilistic success are not collapsed
y2_marginal_joint_degrade_q_0_10,E_trivial,E_parity,dec::y2_marginal_joint_degrade_q_0_10::E_trivial::E_parity::exact_decoder,1,1.0,1,1.0,0.0,1,exact_support_and_perfect_probability,support_theorem_transfer_ready,support exact recovery and probabilistic success are not collapsed
y2_marginal_joint_degrade_q_0_10,E_trivial,E_trivial,dec::y2_marginal_joint_degrade_q_0_10::E_trivial::E_trivial::bayes_optimal_decoder,1,1.0,1,1.0,0.0,1,exact_support_and_perfect_probability,support_theorem_transfer_ready,support exact recovery and probabilistic success are not collapsed
y2_marginal_joint_degrade_q_0_10,E_trivial,E_trivial,dec::y2_marginal_joint_degrade_q_0_10::E_trivial::E_trivial::exact_decoder,1,1.0,1,1.0,0.0,1,exact_support_and_perfect_probability,support_theorem_transfer_ready,support exact recovery and probabilistic success are not collapsed
y2_marginal_joint_degrade_q_0_10,E_trivial,E_trivial,dec::y2_marginal_joint_degrade_q_0_10::E_trivial::E_trivial::declared_decoder,1,1.0,1,1.0,0.0,1,exact_support_and_perfect_probability,support_theorem_transfer_ready,support exact recovery and probabilistic success are not collapsed
comp_bitflip_0_10_then_0_25,D_A,E_A,dec::comp_bitflip_0_10_then_0_25::D_A::E_A::bayes_optimal_decoder,0,0.7,7/10,0.5,0.4,1,support_exact_failure_probability_low,measurement_only,support exact recovery and probabilistic success are not collapsed
comp_bitflip_0_10_then_0_25,D_A,E_A,dec::comp_bitflip_0_10_then_0_25::D_A::E_A::declared_decoder,0,0.7,7/10,0.5,0.4,1,support_exact_failure_probability_low,measurement_only,support exact recovery and probabilistic success are not collapsed
comp_bitflip_0_10_then_0_25,D_A,E_B,dec::comp_bitflip_0_10_then_0_25::D_A::E_B::bayes_optimal_decoder,0,0.5,1/2,0.5,0.0,1,support_exact_failure_probability_low,measurement_only,support exact recovery and probabilistic success are not collapsed
comp_bitflip_0_10_then_0_25,D_A,E_B,dec::comp_bitflip_0_10_then_0_25::D_A::E_B::declared_decoder,0,0.5,1/2,0.5,0.0,1,support_exact_failure_probability_low,measurement_only,support exact recovery and probabilistic success are not collapsed
comp_bitflip_0_10_then_0_25,D_A,E_joint,dec::comp_bitflip_0_10_then_0_25::D_A::E_joint::bayes_optimal_decoder,0,0.7,7/10,0.5,0.4,1,support_exact_failure_probability_low,measurement_only,support exact recovery and probabilistic success are not collapsed
comp_bitflip_0_10_then_0_25,D_A,E_parity,dec::comp_bitflip_0_10_then_0_25::D_A::E_parity::bayes_optimal_decoder,0,0.5,1/2,0.5,0.0,1,support_exact_failure_probability_low,measurement_only,support exact recovery and probabilistic success are not collapsed
comp_bitflip_0_10_then_0_25,D_A,E_parity,dec::comp_bitflip_0_10_then_0_25::D_A::E_parity::declared_decoder,0,0.5,1/2,0.5,0.0,1,support_exact_failure_probability_low,measurement_only,support exact recovery and probabilistic success are not collapsed
comp_bitflip_0_10_then_0_25,D_A,E_trivial,dec::comp_bitflip_0_10_then_0_25::D_A::E_trivial::bayes_optimal_decoder,0,0.5,1/2,0.5,0.0,1,support_exact_failure_probability_low,measurement_only,support exact recovery and probabilistic success are not collapsed
comp_bitflip_0_10_then_0_25,D_B,E_A,dec::comp_bitflip_0_10_then_0_25::D_B::E_A::bayes_optimal_decoder,0,0.5,1/2,0.5,0.0,1,support_exact_failure_probability_low,measurement_only,support exact recovery and probabilistic success are not collapsed
comp_bitflip_0_10_then_0_25,D_B,E_A,dec::comp_bitflip_0_10_then_0_25::D_B::E_A::declared_decoder,0,0.5,1/2,0.5,0.0,1,support_exact_failure_probability_low,measurement_only,support exact recovery and probabilistic success are not collapsed
comp_bitflip_0_10_then_0_25,D_B,E_B,dec::comp_bitflip_0_10_then_0_25::D_B::E_B::bayes_optimal_decoder,0,0.7,7/10,0.5,0.4,1,support_exact_failure_probability_low,measurement_only,support exact recovery and probabilistic success are not collapsed
comp_bitflip_0_10_then_0_25,D_B,E_B,dec::comp_bitflip_0_10_then_0_25::D_B::E_B::declared_decoder,0,0.7,7/10,0.5,0.4,1,support_exact_failure_probability_low,measurement_only,support exact recovery and probabilistic success are not collapsed
comp_bitflip_0_10_then_0_25,D_B,E_joint,dec::comp_bitflip_0_10_then_0_25::D_B::E_joint::bayes_optimal_decoder,0,0.7,7/10,0.5,0.4,1,support_exact_failure_probability_low,measurement_only,support exact recovery and probabilistic success are not collapsed
comp_bitflip_0_10_then_0_25,D_B,E_parity,dec::comp_bitflip_0_10_then_0_25::D_B::E_parity::bayes_optimal_decoder,0,0.5,1/2,0.5,0.0,1,support_exact_failure_probability_low,measurement_only,support exact recovery and probabilistic success are not collapsed
comp_bitflip_0_10_then_0_25,D_B,E_parity,dec::comp_bitflip_0_10_then_0_25::D_B::E_parity::declared_decoder,0,0.5,1/2,0.5,0.0,1,support_exact_failure_probability_low,measurement_only,support exact recovery and probabilistic success are not collapsed
comp_bitflip_0_10_then_0_25,D_B,E_trivial,dec::comp_bitflip_0_10_then_0_25::D_B::E_trivial::bayes_optimal_decoder,0,0.5,1/2,0.5,0.0,1,support_exact_failure_probability_low,measurement_only,support exact recovery and probabilistic success are not collapsed
comp_bitflip_0_10_then_0_25,D_joint,E_A,dec::comp_bitflip_0_10_then_0_25::D_joint::E_A::bayes_optimal_decoder,0,0.35,7/20,0.25,0.13333333333333333,1,support_exact_failure_probability_low,measurement_only,support exact recovery and probabilistic success are not collapsed
comp_bitflip_0_10_then_0_25,D_joint,E_B,dec::comp_bitflip_0_10_then_0_25::D_joint::E_B::bayes_optimal_decoder,0,0.35,7/20,0.25,0.13333333333333333,1,support_exact_failure_probability_low,measurement_only,support exact recovery and probabilistic success are not collapsed
comp_bitflip_0_10_then_0_25,D_joint,E_joint,dec::comp_bitflip_0_10_then_0_25::D_joint::E_joint::bayes_optimal_decoder,0,0.49,49/100,0.25,0.32,1,support_exact_failure_probability_low,measurement_only,support exact recovery and probabilistic success are not collapsed
comp_bitflip_0_10_then_0_25,D_joint,E_joint,dec::comp_bitflip_0_10_then_0_25::D_joint::E_joint::declared_decoder,0,0.49,49/100,0.25,0.32,1,support_exact_failure_probability_low,measurement_only,support exact recovery and probabilistic success are not collapsed
comp_bitflip_0_10_then_0_25,D_joint,E_parity,dec::comp_bitflip_0_10_then_0_25::D_joint::E_parity::bayes_optimal_decoder,0,0.29,29/100,0.25,0.05333333333333334,1,support_exact_failure_probability_low,measurement_only,support exact recovery and probabilistic success are not collapsed
comp_bitflip_0_10_then_0_25,D_joint,E_trivial,dec::comp_bitflip_0_10_then_0_25::D_joint::E_trivial::bayes_optimal_decoder,0,0.25,1/4,0.25,0.0,1,support_exact_failure_probability_low,measurement_only,support exact recovery and probabilistic success are not collapsed
comp_bitflip_0_10_then_0_25,D_parity,E_A,dec::comp_bitflip_0_10_then_0_25::D_parity::E_A::bayes_optimal_decoder,0,0.5,1/2,0.5,0.0,1,support_exact_failure_probability_low,measurement_only,support exact recovery and probabilistic success are not collapsed
comp_bitflip_0_10_then_0_25,D_parity,E_A,dec::comp_bitflip_0_10_then_0_25::D_parity::E_A::declared_decoder,0,0.5,1/2,0.5,0.0,1,support_exact_failure_probability_low,measurement_only,support exact recovery and probabilistic success are not collapsed
comp_bitflip_0_10_then_0_25,D_parity,E_B,dec::comp_bitflip_0_10_then_0_25::D_parity::E_B::bayes_optimal_decoder,0,0.5,1/2,0.5,0.0,1,support_exact_failure_probability_low,measurement_only,support exact recovery and probabilistic success are not collapsed
comp_bitflip_0_10_then_0_25,D_parity,E_B,dec::comp_bitflip_0_10_then_0_25::D_parity::E_B::declared_decoder,0,0.5,1/2,0.5,0.0,1,support_exact_failure_probability_low,measurement_only,support exact recovery and probabilistic success are not collapsed
comp_bitflip_0_10_then_0_25,D_parity,E_joint,dec::comp_bitflip_0_10_then_0_25::D_parity::E_joint::bayes_optimal_decoder,0,0.58,29/50,0.5,0.16,1,support_exact_failure_probability_low,measurement_only,support exact recovery and probabilistic success are not collapsed
comp_bitflip_0_10_then_0_25,D_parity,E_parity,dec::comp_bitflip_0_10_then_0_25::D_parity::E_parity::bayes_optimal_decoder,0,0.58,29/50,0.5,0.16,1,support_exact_failure_probability_low,measurement_only,support exact recovery and probabilistic success are not collapsed
comp_bitflip_0_10_then_0_25,D_parity,E_parity,dec::comp_bitflip_0_10_then_0_25::D_parity::E_parity::declared_decoder,0,0.58,29/50,0.5,0.16,1,support_exact_failure_probability_low,measurement_only,support exact recovery and probabilistic success are not collapsed
comp_bitflip_0_10_then_0_25,D_parity,E_trivial,dec::comp_bitflip_0_10_then_0_25::D_parity::E_trivial::bayes_optimal_decoder,0,0.5,1/2,0.5,0.0,1,support_exact_failure_probability_low,measurement_only,support exact recovery and probabilistic success are not collapsed
comp_bitflip_0_10_then_0_25,D_trivial,E_A,dec::comp_bitflip_0_10_then_0_25::D_trivial::E_A::bayes_optimal_decoder,1,1.0,1,1.0,0.0,1,exact_support_and_perfect_probability,support_theorem_transfer_ready,support exact recovery and probabilistic success are not collapsed
comp_bitflip_0_10_then_0_25,D_trivial,E_A,dec::comp_bitflip_0_10_then_0_25::D_trivial::E_A::exact_decoder,1,1.0,1,1.0,0.0,1,exact_support_and_perfect_probability,support_theorem_transfer_ready,support exact recovery and probabilistic success are not collapsed
comp_bitflip_0_10_then_0_25,D_trivial,E_B,dec::comp_bitflip_0_10_then_0_25::D_trivial::E_B::bayes_optimal_decoder,1,1.0,1,1.0,0.0,1,exact_support_and_perfect_probability,support_theorem_transfer_ready,support exact recovery and probabilistic success are not collapsed
comp_bitflip_0_10_then_0_25,D_trivial,E_B,dec::comp_bitflip_0_10_then_0_25::D_trivial::E_B::exact_decoder,1,1.0,1,1.0,0.0,1,exact_support_and_perfect_probability,support_theorem_transfer_ready,support exact recovery and probabilistic success are not collapsed
comp_bitflip_0_10_then_0_25,D_trivial,E_joint,dec::comp_bitflip_0_10_then_0_25::D_trivial::E_joint::bayes_optimal_decoder,1,1.0,1,1.0,0.0,1,exact_support_and_perfect_probability,support_theorem_transfer_ready,support exact recovery and probabilistic success are not collapsed
comp_bitflip_0_10_then_0_25,D_trivial,E_joint,dec::comp_bitflip_0_10_then_0_25::D_trivial::E_joint::exact_decoder,1,1.0,1,1.0,0.0,1,exact_support_and_perfect_probability,support_theorem_transfer_ready,support exact recovery and probabilistic success are not collapsed
comp_bitflip_0_10_then_0_25,D_trivial,E_parity,dec::comp_bitflip_0_10_then_0_25::D_trivial::E_parity::bayes_optimal_decoder,1,1.0,1,1.0,0.0,1,exact_support_and_perfect_probability,support_theorem_transfer_ready,support exact recovery and probabilistic success are not collapsed
comp_bitflip_0_10_then_0_25,D_trivial,E_parity,dec::comp_bitflip_0_10_then_0_25::D_trivial::E_parity::exact_decoder,1,1.0,1,1.0,0.0,1,exact_support_and_perfect_probability,support_theorem_transfer_ready,support exact recovery and probabilistic success are not collapsed
comp_bitflip_0_10_then_0_25,D_trivial,E_trivial,dec::comp_bitflip_0_10_then_0_25::D_trivial::E_trivial::bayes_optimal_decoder,1,1.0,1,1.0,0.0,1,exact_support_and_perfect_probability,support_theorem_transfer_ready,support exact recovery and probabilistic success are not collapsed
comp_bitflip_0_10_then_0_25,D_trivial,E_trivial,dec::comp_bitflip_0_10_then_0_25::D_trivial::E_trivial::exact_decoder,1,1.0,1,1.0,0.0,1,exact_support_and_perfect_probability,support_theorem_transfer_ready,support exact recovery and probabilistic success are not collapsed
comp_bitflip_0_10_then_0_25,D_trivial,E_trivial,dec::comp_bitflip_0_10_then_0_25::D_trivial::E_trivial::declared_decoder,1,1.0,1,1.0,0.0,1,exact_support_and_perfect_probability,support_theorem_transfer_ready,support exact recovery and probabilistic success are not collapsed
comp_identity_then_marginal_degrade_0_10,D_A,E_A,dec::comp_identity_then_marginal_degrade_0_10::D_A::E_A::bayes_optimal_decoder,0,0.95,19/20,0.5,0.9,1,high_probability_without_exact_support,probabilistic_measurement_not_support_transfer,support exact recovery and probabilistic success are not collapsed
comp_identity_then_marginal_degrade_0_10,D_A,E_A,dec::comp_identity_then_marginal_degrade_0_10::D_A::E_A::declared_decoder,0,0.95,19/20,0.5,0.9,1,high_probability_without_exact_support,probabilistic_measurement_not_support_transfer,support exact recovery and probabilistic success are not collapsed
comp_identity_then_marginal_degrade_0_10,D_A,E_B,dec::comp_identity_then_marginal_degrade_0_10::D_A::E_B::bayes_optimal_decoder,0,0.5,1/2,0.5,0.0,1,support_exact_failure_probability_low,measurement_only,support exact recovery and probabilistic success are not collapsed
comp_identity_then_marginal_degrade_0_10,D_A,E_B,dec::comp_identity_then_marginal_degrade_0_10::D_A::E_B::declared_decoder,0,0.5,1/2,0.5,0.0,1,support_exact_failure_probability_low,measurement_only,support exact recovery and probabilistic success are not collapsed
comp_identity_then_marginal_degrade_0_10,D_A,E_joint,dec::comp_identity_then_marginal_degrade_0_10::D_A::E_joint::bayes_optimal_decoder,0,0.95,19/20,0.5,0.9,1,high_probability_without_exact_support,probabilistic_measurement_not_support_transfer,support exact recovery and probabilistic success are not collapsed
comp_identity_then_marginal_degrade_0_10,D_A,E_parity,dec::comp_identity_then_marginal_degrade_0_10::D_A::E_parity::bayes_optimal_decoder,0,0.5,1/2,0.5,0.0,1,support_exact_failure_probability_low,measurement_only,support exact recovery and probabilistic success are not collapsed
comp_identity_then_marginal_degrade_0_10,D_A,E_parity,dec::comp_identity_then_marginal_degrade_0_10::D_A::E_parity::declared_decoder,0,0.5,1/2,0.5,0.0,1,support_exact_failure_probability_low,measurement_only,support exact recovery and probabilistic success are not collapsed
comp_identity_then_marginal_degrade_0_10,D_A,E_trivial,dec::comp_identity_then_marginal_degrade_0_10::D_A::E_trivial::bayes_optimal_decoder,0,0.5,1/2,0.5,0.0,1,support_exact_failure_probability_low,measurement_only,support exact recovery and probabilistic success are not collapsed
comp_identity_then_marginal_degrade_0_10,D_B,E_A,dec::comp_identity_then_marginal_degrade_0_10::D_B::E_A::bayes_optimal_decoder,0,0.5,1/2,0.5,0.0,1,support_exact_failure_probability_low,measurement_only,support exact recovery and probabilistic success are not collapsed
comp_identity_then_marginal_degrade_0_10,D_B,E_A,dec::comp_identity_then_marginal_degrade_0_10::D_B::E_A::declared_decoder,0,0.5,1/2,0.5,0.0,1,support_exact_failure_probability_low,measurement_only,support exact recovery and probabilistic success are not collapsed
comp_identity_then_marginal_degrade_0_10,D_B,E_B,dec::comp_identity_then_marginal_degrade_0_10::D_B::E_B::bayes_optimal_decoder,0,0.95,19/20,0.5,0.9,1,high_probability_without_exact_support,probabilistic_measurement_not_support_transfer,support exact recovery and probabilistic success are not collapsed
comp_identity_then_marginal_degrade_0_10,D_B,E_B,dec::comp_identity_then_marginal_degrade_0_10::D_B::E_B::declared_decoder,0,0.95,19/20,0.5,0.9,1,high_probability_without_exact_support,probabilistic_measurement_not_support_transfer,support exact recovery and probabilistic success are not collapsed
comp_identity_then_marginal_degrade_0_10,D_B,E_joint,dec::comp_identity_then_marginal_degrade_0_10::D_B::E_joint::bayes_optimal_decoder,0,0.95,19/20,0.5,0.9,1,high_probability_without_exact_support,probabilistic_measurement_not_support_transfer,support exact recovery and probabilistic success are not collapsed
comp_identity_then_marginal_degrade_0_10,D_B,E_parity,dec::comp_identity_then_marginal_degrade_0_10::D_B::E_parity::bayes_optimal_decoder,0,0.5,1/2,0.5,0.0,1,support_exact_failure_probability_low,measurement_only,support exact recovery and probabilistic success are not collapsed
comp_identity_then_marginal_degrade_0_10,D_B,E_parity,dec::comp_identity_then_marginal_degrade_0_10::D_B::E_parity::declared_decoder,0,0.5,1/2,0.5,0.0,1,support_exact_failure_probability_low,measurement_only,support exact recovery and probabilistic success are not collapsed
comp_identity_then_marginal_degrade_0_10,D_B,E_trivial,dec::comp_identity_then_marginal_degrade_0_10::D_B::E_trivial::bayes_optimal_decoder,0,0.5,1/2,0.5,0.0,1,support_exact_failure_probability_low,measurement_only,support exact recovery and probabilistic success are not collapsed
comp_identity_then_marginal_degrade_0_10,D_joint,E_A,dec::comp_identity_then_marginal_degrade_0_10::D_joint::E_A::bayes_optimal_decoder,0,0.475,19/40,0.25,0.3,1,support_exact_failure_probability_low,measurement_only,support exact recovery and probabilistic success are not collapsed
comp_identity_then_marginal_degrade_0_10,D_joint,E_B,dec::comp_identity_then_marginal_degrade_0_10::D_joint::E_B::bayes_optimal_decoder,0,0.475,19/40,0.25,0.3,1,support_exact_failure_probability_low,measurement_only,support exact recovery and probabilistic success are not collapsed
comp_identity_then_marginal_degrade_0_10,D_joint,E_joint,dec::comp_identity_then_marginal_degrade_0_10::D_joint::E_joint::bayes_optimal_decoder,0,0.9,9/10,0.25,0.8666666666666667,1,support_exact_failure_probability_high,probabilistic_measurement_not_support_transfer,support exact recovery and probabilistic success are not collapsed
comp_identity_then_marginal_degrade_0_10,D_joint,E_joint,dec::comp_identity_then_marginal_degrade_0_10::D_joint::E_joint::declared_decoder,0,0.9,9/10,0.25,0.8666666666666667,1,support_exact_failure_probability_high,probabilistic_measurement_not_support_transfer,support exact recovery and probabilistic success are not collapsed
comp_identity_then_marginal_degrade_0_10,D_joint,E_parity,dec::comp_identity_then_marginal_degrade_0_10::D_joint::E_parity::bayes_optimal_decoder,0,0.45,9/20,0.25,0.26666666666666666,1,support_exact_failure_probability_low,measurement_only,support exact recovery and probabilistic success are not collapsed
comp_identity_then_marginal_degrade_0_10,D_joint,E_trivial,dec::comp_identity_then_marginal_degrade_0_10::D_joint::E_trivial::bayes_optimal_decoder,0,0.25,1/4,0.25,0.0,1,support_exact_failure_probability_low,measurement_only,support exact recovery and probabilistic success are not collapsed
comp_identity_then_marginal_degrade_0_10,D_parity,E_A,dec::comp_identity_then_marginal_degrade_0_10::D_parity::E_A::bayes_optimal_decoder,0,0.5,1/2,0.5,0.0,1,support_exact_failure_probability_low,measurement_only,support exact recovery and probabilistic success are not collapsed
comp_identity_then_marginal_degrade_0_10,D_parity,E_A,dec::comp_identity_then_marginal_degrade_0_10::D_parity::E_A::declared_decoder,0,0.5,1/2,0.5,0.0,1,support_exact_failure_probability_low,measurement_only,support exact recovery and probabilistic success are not collapsed
comp_identity_then_marginal_degrade_0_10,D_parity,E_B,dec::comp_identity_then_marginal_degrade_0_10::D_parity::E_B::bayes_optimal_decoder,0,0.5,1/2,0.5,0.0,1,support_exact_failure_probability_low,measurement_only,support exact recovery and probabilistic success are not collapsed
comp_identity_then_marginal_degrade_0_10,D_parity,E_B,dec::comp_identity_then_marginal_degrade_0_10::D_parity::E_B::declared_decoder,0,0.5,1/2,0.5,0.0,1,support_exact_failure_probability_low,measurement_only,support exact recovery and probabilistic success are not collapsed
comp_identity_then_marginal_degrade_0_10,D_parity,E_joint,dec::comp_identity_then_marginal_degrade_0_10::D_parity::E_joint::bayes_optimal_decoder,0,0.9,9/10,0.5,0.8,1,support_exact_failure_probability_high,probabilistic_measurement_not_support_transfer,support exact recovery and probabilistic success are not collapsed
comp_identity_then_marginal_degrade_0_10,D_parity,E_parity,dec::comp_identity_then_marginal_degrade_0_10::D_parity::E_parity::bayes_optimal_decoder,0,0.9,9/10,0.5,0.8,1,support_exact_failure_probability_high,probabilistic_measurement_not_support_transfer,support exact recovery and probabilistic success are not collapsed
comp_identity_then_marginal_degrade_0_10,D_parity,E_parity,dec::comp_identity_then_marginal_degrade_0_10::D_parity::E_parity::declared_decoder,0,0.9,9/10,0.5,0.8,1,support_exact_failure_probability_high,probabilistic_measurement_not_support_transfer,support exact recovery and probabilistic success are not collapsed
comp_identity_then_marginal_degrade_0_10,D_parity,E_trivial,dec::comp_identity_then_marginal_degrade_0_10::D_parity::E_trivial::bayes_optimal_decoder,0,0.5,1/2,0.5,0.0,1,support_exact_failure_probability_low,measurement_only,support exact recovery and probabilistic success are not collapsed
comp_identity_then_marginal_degrade_0_10,D_trivial,E_A,dec::comp_identity_then_marginal_degrade_0_10::D_trivial::E_A::bayes_optimal_decoder,1,1.0,1,1.0,0.0,1,exact_support_and_perfect_probability,support_theorem_transfer_ready,support exact recovery and probabilistic success are not collapsed
comp_identity_then_marginal_degrade_0_10,D_trivial,E_A,dec::comp_identity_then_marginal_degrade_0_10::D_trivial::E_A::exact_decoder,1,1.0,1,1.0,0.0,1,exact_support_and_perfect_probability,support_theorem_transfer_ready,support exact recovery and probabilistic success are not collapsed
comp_identity_then_marginal_degrade_0_10,D_trivial,E_B,dec::comp_identity_then_marginal_degrade_0_10::D_trivial::E_B::bayes_optimal_decoder,1,1.0,1,1.0,0.0,1,exact_support_and_perfect_probability,support_theorem_transfer_ready,support exact recovery and probabilistic success are not collapsed
comp_identity_then_marginal_degrade_0_10,D_trivial,E_B,dec::comp_identity_then_marginal_degrade_0_10::D_trivial::E_B::exact_decoder,1,1.0,1,1.0,0.0,1,exact_support_and_perfect_probability,support_theorem_transfer_ready,support exact recovery and probabilistic success are not collapsed
comp_identity_then_marginal_degrade_0_10,D_trivial,E_joint,dec::comp_identity_then_marginal_degrade_0_10::D_trivial::E_joint::bayes_optimal_decoder,1,1.0,1,1.0,0.0,1,exact_support_and_perfect_probability,support_theorem_transfer_ready,support exact recovery and probabilistic success are not collapsed
comp_identity_then_marginal_degrade_0_10,D_trivial,E_joint,dec::comp_identity_then_marginal_degrade_0_10::D_trivial::E_joint::exact_decoder,1,1.0,1,1.0,0.0,1,exact_support_and_perfect_probability,support_theorem_transfer_ready,support exact recovery and probabilistic success are not collapsed
comp_identity_then_marginal_degrade_0_10,D_trivial,E_parity,dec::comp_identity_then_marginal_degrade_0_10::D_trivial::E_parity::bayes_optimal_decoder,1,1.0,1,1.0,0.0,1,exact_support_and_perfect_probability,support_theorem_transfer_ready,support exact recovery and probabilistic success are not collapsed
comp_identity_then_marginal_degrade_0_10,D_trivial,E_parity,dec::comp_identity_then_marginal_degrade_0_10::D_trivial::E_parity::exact_decoder,1,1.0,1,1.0,0.0,1,exact_support_and_perfect_probability,support_theorem_transfer_ready,support exact recovery and probabilistic success are not collapsed
comp_identity_then_marginal_degrade_0_10,D_trivial,E_trivial,dec::comp_identity_then_marginal_degrade_0_10::D_trivial::E_trivial::bayes_optimal_decoder,1,1.0,1,1.0,0.0,1,exact_support_and_perfect_probability,support_theorem_transfer_ready,support exact recovery and probabilistic success are not collapsed
comp_identity_then_marginal_degrade_0_10,D_trivial,E_trivial,dec::comp_identity_then_marginal_degrade_0_10::D_trivial::E_trivial::exact_decoder,1,1.0,1,1.0,0.0,1,exact_support_and_perfect_probability,support_theorem_transfer_ready,support exact recovery and probabilistic success are not collapsed
comp_identity_then_marginal_degrade_0_10,D_trivial,E_trivial,dec::comp_identity_then_marginal_degrade_0_10::D_trivial::E_trivial::declared_decoder,1,1.0,1,1.0,0.0,1,exact_support_and_perfect_probability,support_theorem_transfer_ready,support exact recovery and probabilistic success are not collapsed
