system_id,seed,regime,control_type,is_control,num_states,num_transitions,constraint_params_json,transform_params_json,transform_names_json,job_elapsed_seconds,K0_size,viab_K0_H4,viab_K0_H8,viab_K0_H16,K1_size,viab_K1_H4,viab_K1_H8,viab_K1_H16,K2_size,viab_K2_H4,viab_K2_H8,viab_K2_H16,K3_size,viab_K3_H4,viab_K3_H8,viab_K3_H16,K4_size,viab_K4_H4,viab_K4_H8,viab_K4_H16,K_strict_size,viab_K_strict_H4,viab_K_strict_H8,viab_K_strict_H16,strict_kernel_fraction_H4,strict_given_loose_fraction_H4,strict_kernel_fraction_H8,strict_given_loose_fraction_H8,strict_kernel_fraction_H16,strict_given_loose_fraction_H16,capture_K_strict_Hr2,strict_capture_fraction_Hr2,capture_K_strict_Hr4,strict_capture_fraction_Hr4,capture_K_strict_Hr8,strict_capture_fraction_Hr8,recovery_rate_K_strict_capacity_loss,recovery_rate_K0_capacity_loss,mean_recovery_horizon_K_strict_capacity_loss,failed_recovery_count_K_strict_capacity_loss,recovery_rate_K_strict_integrity_damage,recovery_rate_K0_integrity_damage,mean_recovery_horizon_K_strict_integrity_damage,failed_recovery_count_K_strict_integrity_damage,recovery_rate_K_strict_option_loss,recovery_rate_K0_option_loss,mean_recovery_horizon_K_strict_option_loss,failed_recovery_count_K_strict_option_loss,recovery_rate_K_strict_repair_loss,recovery_rate_K0_repair_loss,mean_recovery_horizon_K_strict_repair_loss,failed_recovery_count_K_strict_repair_loss,strict_preserving_transition_count,mean_contraction_ratio_H4,contraction_event_rate_H4,expansion_event_rate_H4,mean_contraction_ratio_H8,contraction_event_rate_H8,expansion_event_rate_H8,mean_contraction_ratio_H16,contraction_event_rate_H16,expansion_event_rate_H16,filter_collapse_stage,strict_object_class,batch_read
structured_balanced_1919100,1919100,balanced,structured,0,2250,14631,"{""min_capacity_strict"": 1, ""min_integrity_strict"": 2, ""min_option_strict"": 1, ""min_reach_h4"": 5, ""min_repair_strict"": 1, ""regime"": ""balanced""}","{""commit_load"": 1, ""consume_bias"": 1, ""decay_load"": 1, ""regime"": ""balanced"", ""repair_bonus"": 0}","[""expand"", ""maintain"", ""repair"", ""harvest"", ""reroute"", ""decay_integrity"", ""decay_option"", ""commit_0""]",0.39448909999919124,2250,2250,2250,2250,2250,2250,2250,2250,2250,2250,2250,2250,1500,1500,1500,1500,288,240,168,18,288,240,168,18,0.10666666666666667,0.10666666666666667,0.07466666666666667,0.07466666666666667,0.008,0.008,741,0.3293333333333333,867,0.38533333333333336,1125,0.5,0.7916666666666666,0.23866666666666667,0.47368421052631576,60,0.8958333333333334,0.31866666666666665,1.2325581395348837,30,0.9583333333333334,0.33466666666666667,0.5652173913043478,12,0.9895833333333334,0.37866666666666665,0.6526315789473685,3,12,0.3333333333333333,1.0,0.0,0.3333333333333333,1.0,0.0,0.3333333333333333,1.0,0.0,none,strict_moderate,strict_object_without_contraction_resolution
structured_balanced_1919102,1919102,balanced,structured,0,2250,14631,"{""min_capacity_strict"": 1, ""min_integrity_strict"": 2, ""min_option_strict"": 1, ""min_reach_h4"": 5, ""min_repair_strict"": 1, ""regime"": ""balanced""}","{""commit_load"": 1, ""consume_bias"": 1, ""decay_load"": 1, ""regime"": ""balanced"", ""repair_bonus"": 0}","[""expand"", ""maintain"", ""repair"", ""harvest"", ""reroute"", ""decay_integrity"", ""decay_option"", ""commit_0""]",0.3842287999996188,2250,2250,2250,2250,2250,2250,2250,2250,2250,2250,2250,2250,1500,1500,1500,1500,288,240,168,18,288,240,168,18,0.10666666666666667,0.10666666666666667,0.07466666666666667,0.07466666666666667,0.008,0.008,741,0.3293333333333333,867,0.38533333333333336,1125,0.5,0.7916666666666666,0.23866666666666667,0.47368421052631576,60,0.8958333333333334,0.31866666666666665,1.2325581395348837,30,0.9583333333333334,0.33466666666666667,0.5652173913043478,12,0.9895833333333334,0.37866666666666665,0.6526315789473685,3,12,0.3333333333333333,1.0,0.0,0.3333333333333333,1.0,0.0,0.3333333333333333,1.0,0.0,none,strict_moderate,strict_object_without_contraction_resolution
structured_balanced_1919101,1919101,balanced,structured,0,2250,14667,"{""min_capacity_strict"": 1, ""min_integrity_strict"": 2, ""min_option_strict"": 1, ""min_reach_h4"": 5, ""min_repair_strict"": 1, ""regime"": ""balanced""}","{""commit_load"": 1, ""consume_bias"": 1, ""decay_load"": 1, ""regime"": ""balanced"", ""repair_bonus"": 0}","[""expand"", ""maintain"", ""repair"", ""harvest"", ""reroute"", ""decay_integrity"", ""decay_option"", ""commit_0""]",0.39655320000019856,2250,2250,2250,2250,2250,2250,2250,2250,2250,2250,2250,2250,1500,1500,1500,1500,288,240,168,18,288,240,168,18,0.10666666666666667,0.10666666666666667,0.07466666666666667,0.07466666666666667,0.008,0.008,741,0.3293333333333333,867,0.38533333333333336,1125,0.5,0.7916666666666666,0.23866666666666667,0.47368421052631576,60,0.8958333333333334,0.31866666666666665,1.2325581395348837,30,0.9583333333333334,0.33466666666666667,0.5652173913043478,12,0.9895833333333334,0.37866666666666665,0.6526315789473685,3,12,0.3333333333333333,1.0,0.0,0.3333333333333333,1.0,0.0,0.3333333333333333,1.0,0.0,none,strict_moderate,strict_object_without_contraction_resolution
structured_harsh_1412000,1412000,harsh,structured,0,2250,14388,"{""min_capacity_strict"": 2, ""min_integrity_strict"": 3, ""min_option_strict"": 1, ""min_reach_h4"": 3, ""min_repair_strict"": 1, ""regime"": ""harsh""}","{""commit_load"": 1, ""consume_bias"": 2, ""decay_load"": 2, ""regime"": ""harsh"", ""repair_bonus"": 0}","[""expand"", ""maintain"", ""repair"", ""harvest"", ""reroute"", ""decay_integrity"", ""decay_option"", ""commit_0""]",0.3987157000010484,2250,2250,2250,2250,2250,2250,2250,2250,2250,2250,2250,2250,1500,1500,1500,1500,144,90,36,0,144,90,36,0,0.04,0.04,0.016,0.016,0.0,0.0,381,0.16933333333333334,399,0.17733333333333334,399,0.17733333333333334,0.4583333333333333,0.04533333333333334,0.2727272727272727,78,0.5,0.052,1.3333333333333333,72,0.9166666666666666,0.14533333333333334,0.5454545454545454,12,0.9791666666666666,0.17466666666666666,0.6808510638297872,3,0,0.0,0.0,0.0,0.0,0.0,0.0,0.0,0.0,0.0,viab_K_strict_H16,strict_zero,overfiltered_or_dead
structured_harsh_1412002,1412002,harsh,structured,0,2250,14388,"{""min_capacity_strict"": 2, ""min_integrity_strict"": 3, ""min_option_strict"": 1, ""min_reach_h4"": 3, ""min_repair_strict"": 1, ""regime"": ""harsh""}","{""commit_load"": 1, ""consume_bias"": 2, ""decay_load"": 2, ""regime"": ""harsh"", ""repair_bonus"": 0}","[""expand"", ""maintain"", ""repair"", ""harvest"", ""reroute"", ""decay_integrity"", ""decay_option"", ""commit_0""]",0.4059999999990396,2250,2250,2250,2250,2250,2250,2250,2250,2250,2250,2250,2250,1500,1500,1500,1500,144,90,36,0,144,90,36,0,0.04,0.04,0.016,0.016,0.0,0.0,381,0.16933333333333334,399,0.17733333333333334,399,0.17733333333333334,0.4583333333333333,0.04533333333333334,0.2727272727272727,78,0.5,0.052,1.3333333333333333,72,0.9166666666666666,0.14533333333333334,0.5454545454545454,12,0.9791666666666666,0.17466666666666666,0.6808510638297872,3,0,0.0,0.0,0.0,0.0,0.0,0.0,0.0,0.0,0.0,viab_K_strict_H16,strict_zero,overfiltered_or_dead
structured_repair_rich_2629101,2629101,repair_rich,structured,0,2250,14631,"{""min_capacity_strict"": 1, ""min_integrity_strict"": 2, ""min_option_strict"": 1, ""min_reach_h4"": 5, ""min_repair_strict"": 1, ""regime"": ""repair_rich""}","{""commit_load"": 1, ""consume_bias"": 1, ""decay_load"": 1, ""regime"": ""repair_rich"", ""repair_bonus"": 2}","[""expand"", ""maintain"", ""repair"", ""harvest"", ""reroute"", ""decay_integrity"", ""decay_option"", ""commit_0""]",0.3807366999990336,2250,2250,2250,2250,2250,2250,2250,2250,2250,2250,2250,2250,1500,1500,1500,1500,288,240,168,18,288,240,168,18,0.10666666666666667,0.10666666666666667,0.07466666666666667,0.07466666666666667,0.008,0.008,741,0.3293333333333333,867,0.38533333333333336,1125,0.5,0.7916666666666666,0.23866666666666667,0.47368421052631576,60,0.8958333333333334,0.31866666666666665,1.2325581395348837,30,0.9583333333333334,0.33466666666666667,0.5652173913043478,12,0.9895833333333334,0.37866666666666665,0.6526315789473685,3,12,0.3333333333333333,1.0,0.0,0.3333333333333333,1.0,0.0,0.3333333333333333,1.0,0.0,none,strict_moderate,strict_object_without_contraction_resolution
structured_harsh_1412001,1412001,harsh,structured,0,2250,14397,"{""min_capacity_strict"": 2, ""min_integrity_strict"": 3, ""min_option_strict"": 1, ""min_reach_h4"": 3, ""min_repair_strict"": 1, ""regime"": ""harsh""}","{""commit_load"": 1, ""consume_bias"": 2, ""decay_load"": 2, ""regime"": ""harsh"", ""repair_bonus"": 0}","[""expand"", ""maintain"", ""repair"", ""harvest"", ""reroute"", ""decay_integrity"", ""decay_option"", ""commit_0""]",0.42846129999998084,2250,2250,2250,2250,2250,2250,2250,2250,2250,2250,2250,2250,1500,1500,1500,1500,144,90,36,0,144,90,36,0,0.04,0.04,0.016,0.016,0.0,0.0,381,0.16933333333333334,399,0.17733333333333334,399,0.17733333333333334,0.4583333333333333,0.04533333333333334,0.2727272727272727,78,0.5,0.052,1.3333333333333333,72,0.9166666666666666,0.14533333333333334,0.5454545454545454,12,0.9791666666666666,0.17466666666666666,0.6808510638297872,3,0,0.0,0.0,0.0,0.0,0.0,0.0,0.0,0.0,0.0,viab_K_strict_H16,strict_zero,overfiltered_or_dead
structured_repair_rich_2629100,2629100,repair_rich,structured,0,2250,14667,"{""min_capacity_strict"": 1, ""min_integrity_strict"": 2, ""min_option_strict"": 1, ""min_reach_h4"": 5, ""min_repair_strict"": 1, ""regime"": ""repair_rich""}","{""commit_load"": 1, ""consume_bias"": 1, ""decay_load"": 1, ""regime"": ""repair_rich"", ""repair_bonus"": 2}","[""expand"", ""maintain"", ""repair"", ""harvest"", ""reroute"", ""decay_integrity"", ""decay_option"", ""commit_0""]",0.3917321000008087,2250,2250,2250,2250,2250,2250,2250,2250,2250,2250,2250,2250,1500,1500,1500,1500,288,240,168,18,288,240,168,18,0.10666666666666667,0.10666666666666667,0.07466666666666667,0.07466666666666667,0.008,0.008,741,0.3293333333333333,867,0.38533333333333336,1125,0.5,0.7916666666666666,0.23866666666666667,0.47368421052631576,60,0.8958333333333334,0.31866666666666665,1.2325581395348837,30,0.9583333333333334,0.33466666666666667,0.5652173913043478,12,0.9895833333333334,0.37866666666666665,0.6526315789473685,3,12,0.3333333333333333,1.0,0.0,0.3333333333333333,1.0,0.0,0.3333333333333333,1.0,0.0,none,strict_moderate,strict_object_without_contraction_resolution
structured_capacity_tight_3426500,3426500,capacity_tight,structured,0,2250,14289,"{""min_capacity_strict"": 2, ""min_integrity_strict"": 2, ""min_option_strict"": 1, ""min_reach_h4"": 5, ""min_repair_strict"": 1, ""regime"": ""capacity_tight""}","{""commit_load"": 1, ""consume_bias"": 2, ""decay_load"": 1, ""regime"": ""capacity_tight"", ""repair_bonus"": 0}","[""expand"", ""maintain"", ""repair"", ""harvest"", ""reroute"", ""decay_integrity"", ""decay_option"", ""commit_0""]",0.3849278999987291,2250,2250,2250,2250,2250,2250,2250,2250,2250,2250,2250,2250,1500,1500,1500,1500,216,168,96,0,216,168,96,0,0.07466666666666667,0.07466666666666667,0.042666666666666665,0.042666666666666665,0.0,0.0,537,0.23866666666666667,648,0.288,684,0.304,0.5833333333333334,0.11733333333333333,0.6190476190476191,90,0.8611111111111112,0.20666666666666667,1.3225806451612903,30,0.9444444444444444,0.22266666666666668,0.5882352941176471,12,0.9861111111111112,0.28,0.704225352112676,3,0,0.0,0.0,0.0,0.0,0.0,0.0,0.0,0.0,0.0,viab_K_strict_H16,strict_zero,overfiltered_or_dead
structured_capacity_tight_3426501,3426501,capacity_tight,structured,0,2250,14289,"{""min_capacity_strict"": 2, ""min_integrity_strict"": 2, ""min_option_strict"": 1, ""min_reach_h4"": 5, ""min_repair_strict"": 1, ""regime"": ""capacity_tight""}","{""commit_load"": 1, ""consume_bias"": 2, ""decay_load"": 1, ""regime"": ""capacity_tight"", ""repair_bonus"": 0}","[""expand"", ""maintain"", ""repair"", ""harvest"", ""reroute"", ""decay_integrity"", ""decay_option"", ""commit_0""]",0.38719440000022587,2250,2250,2250,2250,2250,2250,2250,2250,2250,2250,2250,2250,1500,1500,1500,1500,216,168,96,0,216,168,96,0,0.07466666666666667,0.07466666666666667,0.042666666666666665,0.042666666666666665,0.0,0.0,537,0.23866666666666667,648,0.288,684,0.304,0.5833333333333334,0.11733333333333333,0.6190476190476191,90,0.8611111111111112,0.20666666666666667,1.3225806451612903,30,0.9444444444444444,0.22266666666666668,0.5882352941176471,12,0.9861111111111112,0.28,0.704225352112676,3,0,0.0,0.0,0.0,0.0,0.0,0.0,0.0,0.0,0.0,viab_K_strict_H16,strict_zero,overfiltered_or_dead
structured_capacity_tight_3426502,3426502,capacity_tight,structured,0,2250,14289,"{""min_capacity_strict"": 2, ""min_integrity_strict"": 2, ""min_option_strict"": 1, ""min_reach_h4"": 5, ""min_repair_strict"": 1, ""regime"": ""capacity_tight""}","{""commit_load"": 1, ""consume_bias"": 2, ""decay_load"": 1, ""regime"": ""capacity_tight"", ""repair_bonus"": 0}","[""expand"", ""maintain"", ""repair"", ""harvest"", ""reroute"", ""decay_integrity"", ""decay_option"", ""commit_0""]",0.3863092999999935,2250,2250,2250,2250,2250,2250,2250,2250,2250,2250,2250,2250,1500,1500,1500,1500,216,168,96,0,216,168,96,0,0.07466666666666667,0.07466666666666667,0.042666666666666665,0.042666666666666665,0.0,0.0,537,0.23866666666666667,648,0.288,684,0.304,0.5833333333333334,0.11733333333333333,0.6190476190476191,90,0.8611111111111112,0.20666666666666667,1.3225806451612903,30,0.9444444444444444,0.22266666666666668,0.5882352941176471,12,0.9861111111111112,0.28,0.704225352112676,3,0,0.0,0.0,0.0,0.0,0.0,0.0,0.0,0.0,0.0,viab_K_strict_H16,strict_zero,overfiltered_or_dead
structured_repair_rich_2629102,2629102,repair_rich,structured,0,2250,14667,"{""min_capacity_strict"": 1, ""min_integrity_strict"": 2, ""min_option_strict"": 1, ""min_reach_h4"": 5, ""min_repair_strict"": 1, ""regime"": ""repair_rich""}","{""commit_load"": 1, ""consume_bias"": 1, ""decay_load"": 1, ""regime"": ""repair_rich"", ""repair_bonus"": 2}","[""expand"", ""maintain"", ""repair"", ""harvest"", ""reroute"", ""decay_integrity"", ""decay_option"", ""commit_0""]",0.38905399999930523,2250,2250,2250,2250,2250,2250,2250,2250,2250,2250,2250,2250,1500,1500,1500,1500,288,240,168,18,288,240,168,18,0.10666666666666667,0.10666666666666667,0.07466666666666667,0.07466666666666667,0.008,0.008,741,0.3293333333333333,867,0.38533333333333336,1125,0.5,0.7916666666666666,0.23866666666666667,0.47368421052631576,60,0.8958333333333334,0.31866666666666665,1.2325581395348837,30,0.9583333333333334,0.33466666666666667,0.5652173913043478,12,0.9895833333333334,0.37866666666666665,0.6526315789473685,3,12,0.3333333333333333,1.0,0.0,0.3333333333333333,1.0,0.0,0.3333333333333333,1.0,0.0,none,strict_moderate,strict_object_without_contraction_resolution
structured_commit_rich_2641300,2641300,commit_rich,structured,0,2250,16431,"{""min_capacity_strict"": 1, ""min_integrity_strict"": 2, ""min_option_strict"": 1, ""min_reach_h4"": 5, ""min_repair_strict"": 1, ""regime"": ""commit_rich""}","{""commit_load"": 3, ""consume_bias"": 1, ""decay_load"": 1, ""regime"": ""commit_rich"", ""repair_bonus"": 0}","[""expand"", ""maintain"", ""repair"", ""harvest"", ""reroute"", ""decay_integrity"", ""decay_option"", ""commit_0"", ""commit_1"", ""commit_2""]",0.4422114999997575,2250,2250,2250,2250,2250,2250,2250,2250,2250,2250,2250,2250,1500,1500,1500,1500,288,240,168,18,288,240,168,18,0.10666666666666667,0.10666666666666667,0.07466666666666667,0.07466666666666667,0.008,0.008,741,0.3293333333333333,867,0.38533333333333336,1125,0.5,0.7916666666666666,0.23866666666666667,0.47368421052631576,60,0.8958333333333334,0.31866666666666665,1.2325581395348837,30,0.9583333333333334,0.33466666666666667,0.5652173913043478,12,0.9895833333333334,0.37866666666666665,0.6526315789473685,3,12,0.3333333333333333,1.0,0.0,0.3333333333333333,1.0,0.0,0.3333333333333333,1.0,0.0,none,strict_moderate,strict_object_without_contraction_resolution
structured_commit_rich_2641302,2641302,commit_rich,structured,0,2250,16431,"{""min_capacity_strict"": 1, ""min_integrity_strict"": 2, ""min_option_strict"": 1, ""min_reach_h4"": 5, ""min_repair_strict"": 1, ""regime"": ""commit_rich""}","{""commit_load"": 3, ""consume_bias"": 1, ""decay_load"": 1, ""regime"": ""commit_rich"", ""repair_bonus"": 0}","[""expand"", ""maintain"", ""repair"", ""harvest"", ""reroute"", ""decay_integrity"", ""decay_option"", ""commit_0"", ""commit_1"", ""commit_2""]",0.4392786000007618,2250,2250,2250,2250,2250,2250,2250,2250,2250,2250,2250,2250,1500,1500,1500,1500,288,240,168,18,288,240,168,18,0.10666666666666667,0.10666666666666667,0.07466666666666667,0.07466666666666667,0.008,0.008,741,0.3293333333333333,867,0.38533333333333336,1125,0.5,0.7916666666666666,0.23866666666666667,0.47368421052631576,60,0.8958333333333334,0.31866666666666665,1.2325581395348837,30,0.9583333333333334,0.33466666666666667,0.5652173913043478,12,0.9895833333333334,0.37866666666666665,0.6526315789473685,3,12,0.3333333333333333,1.0,0.0,0.3333333333333333,1.0,0.0,0.3333333333333333,1.0,0.0,none,strict_moderate,strict_object_without_contraction_resolution
structured_commit_rich_2641301,2641301,commit_rich,structured,0,2250,16431,"{""min_capacity_strict"": 1, ""min_integrity_strict"": 2, ""min_option_strict"": 1, ""min_reach_h4"": 5, ""min_repair_strict"": 1, ""regime"": ""commit_rich""}","{""commit_load"": 3, ""consume_bias"": 1, ""decay_load"": 1, ""regime"": ""commit_rich"", ""repair_bonus"": 0}","[""expand"", ""maintain"", ""repair"", ""harvest"", ""reroute"", ""decay_integrity"", ""decay_option"", ""commit_0"", ""commit_1"", ""commit_2""]",0.4452869000015198,2250,2250,2250,2250,2250,2250,2250,2250,2250,2250,2250,2250,1500,1500,1500,1500,288,240,168,18,288,240,168,18,0.10666666666666667,0.10666666666666667,0.07466666666666667,0.07466666666666667,0.008,0.008,741,0.3293333333333333,867,0.38533333333333336,1125,0.5,0.7916666666666666,0.23866666666666667,0.47368421052631576,60,0.8958333333333334,0.31866666666666665,1.2325581395348837,30,0.9583333333333334,0.33466666666666667,0.5652173913043478,12,0.9895833333333334,0.37866666666666665,0.6526315789473685,3,12,0.3333333333333333,1.0,0.0,0.3333333333333333,1.0,0.0,0.3333333333333333,1.0,0.0,none,strict_moderate,strict_object_without_contraction_resolution
structured_permissive_2469502,2469502,permissive,structured,0,2250,12543,"{""min_capacity_strict"": 1, ""min_integrity_strict"": 1, ""min_option_strict"": 1, ""min_reach_h4"": 8, ""min_repair_strict"": 1, ""regime"": ""permissive""}","{""commit_load"": 1, ""consume_bias"": 0, ""decay_load"": 0, ""regime"": ""permissive"", ""repair_bonus"": 0}","[""expand"", ""maintain"", ""repair"", ""harvest"", ""reroute"", ""decay_integrity"", ""decay_option"", ""commit_0""]",0.3213994999987335,2250,2250,2250,2250,2250,2250,2250,2250,2250,2250,2250,2250,1500,1500,1500,1500,384,384,384,384,384,384,384,384,0.17066666666666666,0.17066666666666666,0.17066666666666666,0.17066666666666666,0.17066666666666666,0.17066666666666666,909,0.404,1062,0.472,1125,0.5,1.0,0.416,0.75,0,1.0,0.456,0.6875,0,1.0,0.4533333333333333,0.625,0,1.0,0.456,0.6875,0,1662,0.8423764106942864,0.3555956678700361,0.13176895306859207,0.8575451474134215,0.259927797833935,0.030685920577617327,0.8618169754423616,0.24729241877256317,0.0,none,strict_large_or_trivial,possibly_too_permissive
structured_permissive_2469500,2469500,permissive,structured,0,2250,12579,"{""min_capacity_strict"": 1, ""min_integrity_strict"": 1, ""min_option_strict"": 1, ""min_reach_h4"": 8, ""min_repair_strict"": 1, ""regime"": ""permissive""}","{""commit_load"": 1, ""consume_bias"": 0, ""decay_load"": 0, ""regime"": ""permissive"", ""repair_bonus"": 0}","[""expand"", ""maintain"", ""repair"", ""harvest"", ""reroute"", ""decay_integrity"", ""decay_option"", ""commit_0""]",0.33693010000024515,2250,2250,2250,2250,2250,2250,2250,2250,2250,2250,2250,2250,1500,1500,1500,1500,384,384,384,384,384,384,384,384,0.17066666666666666,0.17066666666666666,0.17066666666666666,0.17066666666666666,0.17066666666666666,0.17066666666666666,909,0.404,1062,0.472,1125,0.5,1.0,0.416,0.75,0,1.0,0.456,0.6875,0,1.0,0.4533333333333333,0.625,0,1.0,0.456,0.6875,0,1662,0.8423764106942864,0.3555956678700361,0.13176895306859207,0.8575451474134215,0.259927797833935,0.030685920577617327,0.8618169754423616,0.24729241877256317,0.0,none,strict_large_or_trivial,possibly_too_permissive
structured_permissive_2469501,2469501,permissive,structured,0,2250,12579,"{""min_capacity_strict"": 1, ""min_integrity_strict"": 1, ""min_option_strict"": 1, ""min_reach_h4"": 8, ""min_repair_strict"": 1, ""regime"": ""permissive""}","{""commit_load"": 1, ""consume_bias"": 0, ""decay_load"": 0, ""regime"": ""permissive"", ""repair_bonus"": 0}","[""expand"", ""maintain"", ""repair"", ""harvest"", ""reroute"", ""decay_integrity"", ""decay_option"", ""commit_0""]",0.33423319999928935,2250,2250,2250,2250,2250,2250,2250,2250,2250,2250,2250,2250,1500,1500,1500,1500,384,384,384,384,384,384,384,384,0.17066666666666666,0.17066666666666666,0.17066666666666666,0.17066666666666666,0.17066666666666666,0.17066666666666666,909,0.404,1062,0.472,1125,0.5,1.0,0.416,0.75,0,1.0,0.456,0.6875,0,1.0,0.4533333333333333,0.625,0,1.0,0.456,0.6875,0,1662,0.8423764106942864,0.3555956678700361,0.13176895306859207,0.8575451474134215,0.259927797833935,0.030685920577617327,0.8618169754423616,0.24729241877256317,0.0,none,strict_large_or_trivial,possibly_too_permissive
dense_permissive_control_balanced_5791100,5791100,balanced,dense_permissive_control,1,2250,19773,"{""min_capacity_strict"": 0, ""min_integrity_strict"": 1, ""min_option_strict"": 0, ""min_reach_h4"": 12, ""min_repair_strict"": 0, ""regime"": ""balanced""}","{""commit_load"": 1, ""consume_bias"": 0, ""decay_load"": 0, ""regime"": ""balanced"", ""repair_bonus"": 0}","[""expand"", ""maintain"", ""repair"", ""harvest"", ""reroute"", ""decay_integrity"", ""decay_option"", ""commit_0"", ""free_expand"", ""free_repair"", ""free_harvest"", ""free_reroute""]",0.5330987999986974,2250,2250,2250,2250,2250,2250,2250,2250,2250,2250,2250,2250,2250,2250,2250,2250,900,900,900,900,900,900,900,900,0.4,0.4,0.4,0.4,0.4,0.4,1125,0.5,1125,0.5,1125,0.5,1.0,0.5,0.0,0,1.0,0.5,0.5,0,1.0,0.5,0.0,0,1.0,0.5,0.0,0,7149,0.8991800002306443,0.2433906840117499,0.15107007973143097,0.8639130485056414,0.263533361309274,0.004616030214015947,0.8601184243776981,0.26814939152329,0.0,none,strict_large_or_trivial,possibly_too_permissive
dense_permissive_control_balanced_5791101,5791101,balanced,dense_permissive_control,1,2250,19773,"{""min_capacity_strict"": 0, ""min_integrity_strict"": 1, ""min_option_strict"": 0, ""min_reach_h4"": 12, ""min_repair_strict"": 0, ""regime"": ""balanced""}","{""commit_load"": 1, ""consume_bias"": 0, ""decay_load"": 0, ""regime"": ""balanced"", ""repair_bonus"": 0}","[""expand"", ""maintain"", ""repair"", ""harvest"", ""reroute"", ""decay_integrity"", ""decay_option"", ""commit_0"", ""free_expand"", ""free_repair"", ""free_harvest"", ""free_reroute""]",0.5380896999995457,2250,2250,2250,2250,2250,2250,2250,2250,2250,2250,2250,2250,2250,2250,2250,2250,900,900,900,900,900,900,900,900,0.4,0.4,0.4,0.4,0.4,0.4,1125,0.5,1125,0.5,1125,0.5,1.0,0.5,0.0,0,1.0,0.5,0.5,0,1.0,0.5,0.0,0,1.0,0.5,0.0,0,7149,0.8991800002306443,0.2433906840117499,0.15107007973143097,0.8639130485056414,0.263533361309274,0.004616030214015947,0.8601184243776981,0.26814939152329,0.0,none,strict_large_or_trivial,possibly_too_permissive
dense_permissive_control_harsh_4897601,4897601,harsh,dense_permissive_control,1,2250,19773,"{""min_capacity_strict"": 0, ""min_integrity_strict"": 1, ""min_option_strict"": 0, ""min_reach_h4"": 12, ""min_repair_strict"": 0, ""regime"": ""harsh""}","{""commit_load"": 1, ""consume_bias"": 0, ""decay_load"": 0, ""regime"": ""harsh"", ""repair_bonus"": 0}","[""expand"", ""maintain"", ""repair"", ""harvest"", ""reroute"", ""decay_integrity"", ""decay_option"", ""commit_0"", ""free_expand"", ""free_repair"", ""free_harvest"", ""free_reroute""]",0.5197813999984646,2250,2250,2250,2250,2250,2250,2250,2250,2250,2250,2250,2250,2250,2250,2250,2250,900,900,900,900,900,900,900,900,0.4,0.4,0.4,0.4,0.4,0.4,1125,0.5,1125,0.5,1125,0.5,1.0,0.5,0.0,0,1.0,0.5,0.5,0,1.0,0.5,0.0,0,1.0,0.5,0.0,0,7149,0.8991800002306443,0.2433906840117499,0.15107007973143097,0.8639130485056414,0.263533361309274,0.004616030214015947,0.8601184243776981,0.26814939152329,0.0,none,strict_large_or_trivial,possibly_too_permissive
dense_permissive_control_permissive_6740502,6740502,permissive,dense_permissive_control,1,2250,19773,"{""min_capacity_strict"": 0, ""min_integrity_strict"": 1, ""min_option_strict"": 0, ""min_reach_h4"": 12, ""min_repair_strict"": 0, ""regime"": ""permissive""}","{""commit_load"": 1, ""consume_bias"": 0, ""decay_load"": 0, ""regime"": ""permissive"", ""repair_bonus"": 0}","[""expand"", ""maintain"", ""repair"", ""harvest"", ""reroute"", ""decay_integrity"", ""decay_option"", ""commit_0"", ""free_expand"", ""free_repair"", ""free_harvest"", ""free_reroute""]",0.540711999999985,2250,2250,2250,2250,2250,2250,2250,2250,2250,2250,2250,2250,2250,2250,2250,2250,900,900,900,900,900,900,900,900,0.4,0.4,0.4,0.4,0.4,0.4,1125,0.5,1125,0.5,1125,0.5,1.0,0.5,0.0,0,1.0,0.5,0.5,0,1.0,0.5,0.0,0,1.0,0.5,0.0,0,7149,0.8991800002306443,0.2433906840117499,0.15107007973143097,0.8639130485056414,0.263533361309274,0.004616030214015947,0.8601184243776981,0.26814939152329,0.0,none,strict_large_or_trivial,possibly_too_permissive
dense_permissive_control_repair_rich_6991101,6991101,repair_rich,dense_permissive_control,1,2250,19773,"{""min_capacity_strict"": 0, ""min_integrity_strict"": 1, ""min_option_strict"": 0, ""min_reach_h4"": 12, ""min_repair_strict"": 0, ""regime"": ""repair_rich""}","{""commit_load"": 1, ""consume_bias"": 0, ""decay_load"": 0, ""regime"": ""repair_rich"", ""repair_bonus"": 2}","[""expand"", ""maintain"", ""repair"", ""harvest"", ""reroute"", ""decay_integrity"", ""decay_option"", ""commit_0"", ""free_expand"", ""free_repair"", ""free_harvest"", ""free_reroute""]",0.5192425999994157,2250,2250,2250,2250,2250,2250,2250,2250,2250,2250,2250,2250,2250,2250,2250,2250,900,900,900,900,900,900,900,900,0.4,0.4,0.4,0.4,0.4,0.4,1125,0.5,1125,0.5,1125,0.5,1.0,0.5,0.0,0,1.0,0.5,0.5,0,1.0,0.5,0.0,0,1.0,0.5,0.0,0,7149,0.8891537019999659,0.25388166177087707,0.15190935795216115,0.8532875177655842,0.27192614351657574,0.004616030214015947,0.8491160285725831,0.2765421737305917,0.0,none,strict_large_or_trivial,possibly_too_permissive
dead_control_balanced_2335900,2335900,balanced,dead_control,1,2250,5760,"{""min_capacity_strict"": 2, ""min_integrity_strict"": 3, ""min_option_strict"": 2, ""min_reach_h4"": 2, ""min_repair_strict"": 1, ""regime"": ""balanced""}","{""commit_load"": 1, ""consume_bias"": 1, ""decay_load"": 3, ""regime"": ""balanced"", ""repair_bonus"": 0}","[""decay_integrity"", ""decay_option"", ""capacity_drain""]",0.19338889999926323,2250,2250,2250,2250,2214,2214,2214,2214,2214,2214,2214,2214,1476,1476,1476,1476,108,0,0,0,108,0,0,0,0.0,0.0,0.0,0.0,0.0,0.0,108,0.048,108,0.048,108,0.048,0.3333333333333333,0.016,0.0,72,0.0,0.0,0.0,108,0.3333333333333333,0.016,0.0,72,0.5,0.024,0.0,54,0,0.0,0.0,0.0,0.0,0.0,0.0,0.0,0.0,0.0,viab_K_strict_H16,strict_zero,overfiltered_or_dead
dead_control_balanced_2335901,2335901,balanced,dead_control,1,2250,5760,"{""min_capacity_strict"": 2, ""min_integrity_strict"": 3, ""min_option_strict"": 2, ""min_reach_h4"": 2, ""min_repair_strict"": 1, ""regime"": ""balanced""}","{""commit_load"": 1, ""consume_bias"": 1, ""decay_load"": 3, ""regime"": ""balanced"", ""repair_bonus"": 0}","[""decay_integrity"", ""decay_option"", ""capacity_drain""]",0.18740640000032727,2250,2250,2250,2250,2214,2214,2214,2214,2214,2214,2214,2214,1476,1476,1476,1476,108,0,0,0,108,0,0,0,0.0,0.0,0.0,0.0,0.0,0.0,108,0.048,108,0.048,108,0.048,0.3333333333333333,0.016,0.0,72,0.0,0.0,0.0,108,0.3333333333333333,0.016,0.0,72,0.5,0.024,0.0,54,0,0.0,0.0,0.0,0.0,0.0,0.0,0.0,0.0,0.0,viab_K_strict_H16,strict_zero,overfiltered_or_dead
dead_control_balanced_2335902,2335902,balanced,dead_control,1,2250,5760,"{""min_capacity_strict"": 2, ""min_integrity_strict"": 3, ""min_option_strict"": 2, ""min_reach_h4"": 2, ""min_repair_strict"": 1, ""regime"": ""balanced""}","{""commit_load"": 1, ""consume_bias"": 1, ""decay_load"": 3, ""regime"": ""balanced"", ""repair_bonus"": 0}","[""decay_integrity"", ""decay_option"", ""capacity_drain""]",0.19744820000050822,2250,2250,2250,2250,2214,2214,2214,2214,2214,2214,2214,2214,1476,1476,1476,1476,108,0,0,0,108,0,0,0,0.0,0.0,0.0,0.0,0.0,0.0,108,0.048,108,0.048,108,0.048,0.3333333333333333,0.016,0.0,72,0.0,0.0,0.0,108,0.3333333333333333,0.016,0.0,72,0.5,0.024,0.0,54,0,0.0,0.0,0.0,0.0,0.0,0.0,0.0,0.0,0.0,viab_K_strict_H16,strict_zero,overfiltered_or_dead
dead_control_permissive_2943300,2943300,permissive,dead_control,1,2250,5760,"{""min_capacity_strict"": 2, ""min_integrity_strict"": 3, ""min_option_strict"": 2, ""min_reach_h4"": 2, ""min_repair_strict"": 1, ""regime"": ""permissive""}","{""commit_load"": 1, ""consume_bias"": 0, ""decay_load"": 3, ""regime"": ""permissive"", ""repair_bonus"": 0}","[""decay_integrity"", ""decay_option"", ""capacity_drain""]",0.20404360000065935,2250,2250,2250,2250,2214,2214,2214,2214,2214,2214,2214,2214,1476,1476,1476,1476,108,0,0,0,108,0,0,0,0.0,0.0,0.0,0.0,0.0,0.0,108,0.048,108,0.048,108,0.048,0.3333333333333333,0.016,0.0,72,0.0,0.0,0.0,108,0.3333333333333333,0.016,0.0,72,0.5,0.024,0.0,54,0,0.0,0.0,0.0,0.0,0.0,0.0,0.0,0.0,0.0,viab_K_strict_H16,strict_zero,overfiltered_or_dead
dead_control_permissive_2943301,2943301,permissive,dead_control,1,2250,5760,"{""min_capacity_strict"": 2, ""min_integrity_strict"": 3, ""min_option_strict"": 2, ""min_reach_h4"": 2, ""min_repair_strict"": 1, ""regime"": ""permissive""}","{""commit_load"": 1, ""consume_bias"": 0, ""decay_load"": 3, ""regime"": ""permissive"", ""repair_bonus"": 0}","[""decay_integrity"", ""decay_option"", ""capacity_drain""]",0.2013195999988966,2250,2250,2250,2250,2214,2214,2214,2214,2214,2214,2214,2214,1476,1476,1476,1476,108,0,0,0,108,0,0,0,0.0,0.0,0.0,0.0,0.0,0.0,108,0.048,108,0.048,108,0.048,0.3333333333333333,0.016,0.0,72,0.0,0.0,0.0,108,0.3333333333333333,0.016,0.0,72,0.5,0.024,0.0,54,0,0.0,0.0,0.0,0.0,0.0,0.0,0.0,0.0,0.0,viab_K_strict_H16,strict_zero,overfiltered_or_dead
dead_control_permissive_2943302,2943302,permissive,dead_control,1,2250,5760,"{""min_capacity_strict"": 2, ""min_integrity_strict"": 3, ""min_option_strict"": 2, ""min_reach_h4"": 2, ""min_repair_strict"": 1, ""regime"": ""permissive""}","{""commit_load"": 1, ""consume_bias"": 0, ""decay_load"": 3, ""regime"": ""permissive"", ""repair_bonus"": 0}","[""decay_integrity"", ""decay_option"", ""capacity_drain""]",0.1977989000006346,2250,2250,2250,2250,2214,2214,2214,2214,2214,2214,2214,2214,1476,1476,1476,1476,108,0,0,0,108,0,0,0,0.0,0.0,0.0,0.0,0.0,0.0,108,0.048,108,0.048,108,0.048,0.3333333333333333,0.016,0.0,72,0.0,0.0,0.0,108,0.3333333333333333,0.016,0.0,72,0.5,0.024,0.0,54,0,0.0,0.0,0.0,0.0,0.0,0.0,0.0,0.0,0.0,viab_K_strict_H16,strict_zero,overfiltered_or_dead
dead_control_harsh_1773600,1773600,harsh,dead_control,1,2250,5760,"{""min_capacity_strict"": 2, ""min_integrity_strict"": 3, ""min_option_strict"": 2, ""min_reach_h4"": 2, ""min_repair_strict"": 1, ""regime"": ""harsh""}","{""commit_load"": 1, ""consume_bias"": 2, ""decay_load"": 3, ""regime"": ""harsh"", ""repair_bonus"": 0}","[""decay_integrity"", ""decay_option"", ""capacity_drain""]",0.20956459999979415,2250,2250,2250,2250,2214,2214,2214,2214,2214,2214,2214,2214,1476,1476,1476,1476,108,0,0,0,108,0,0,0,0.0,0.0,0.0,0.0,0.0,0.0,108,0.048,108,0.048,108,0.048,0.3333333333333333,0.016,0.0,72,0.0,0.0,0.0,108,0.3333333333333333,0.016,0.0,72,0.5,0.024,0.0,54,0,0.0,0.0,0.0,0.0,0.0,0.0,0.0,0.0,0.0,viab_K_strict_H16,strict_zero,overfiltered_or_dead
dead_control_harsh_1773601,1773601,harsh,dead_control,1,2250,5760,"{""min_capacity_strict"": 2, ""min_integrity_strict"": 3, ""min_option_strict"": 2, ""min_reach_h4"": 2, ""min_repair_strict"": 1, ""regime"": ""harsh""}","{""commit_load"": 1, ""consume_bias"": 2, ""decay_load"": 3, ""regime"": ""harsh"", ""repair_bonus"": 0}","[""decay_integrity"", ""decay_option"", ""capacity_drain""]",0.20500730000094336,2250,2250,2250,2250,2214,2214,2214,2214,2214,2214,2214,2214,1476,1476,1476,1476,108,0,0,0,108,0,0,0,0.0,0.0,0.0,0.0,0.0,0.0,108,0.048,108,0.048,108,0.048,0.3333333333333333,0.016,0.0,72,0.0,0.0,0.0,108,0.3333333333333333,0.016,0.0,72,0.5,0.024,0.0,54,0,0.0,0.0,0.0,0.0,0.0,0.0,0.0,0.0,0.0,viab_K_strict_H16,strict_zero,overfiltered_or_dead
dead_control_harsh_1773602,1773602,harsh,dead_control,1,2250,5760,"{""min_capacity_strict"": 2, ""min_integrity_strict"": 3, ""min_option_strict"": 2, ""min_reach_h4"": 2, ""min_repair_strict"": 1, ""regime"": ""harsh""}","{""commit_load"": 1, ""consume_bias"": 2, ""decay_load"": 3, ""regime"": ""harsh"", ""repair_bonus"": 0}","[""decay_integrity"", ""decay_option"", ""capacity_drain""]",0.20364340000014636,2250,2250,2250,2250,2214,2214,2214,2214,2214,2214,2214,2214,1476,1476,1476,1476,108,0,0,0,108,0,0,0,0.0,0.0,0.0,0.0,0.0,0.0,108,0.048,108,0.048,108,0.048,0.3333333333333333,0.016,0.0,72,0.0,0.0,0.0,108,0.3333333333333333,0.016,0.0,72,0.5,0.024,0.0,54,0,0.0,0.0,0.0,0.0,0.0,0.0,0.0,0.0,0.0,viab_K_strict_H16,strict_zero,overfiltered_or_dead
dead_control_repair_rich_3115900,3115900,repair_rich,dead_control,1,2250,5760,"{""min_capacity_strict"": 2, ""min_integrity_strict"": 3, ""min_option_strict"": 2, ""min_reach_h4"": 2, ""min_repair_strict"": 1, ""regime"": ""repair_rich""}","{""commit_load"": 1, ""consume_bias"": 1, ""decay_load"": 3, ""regime"": ""repair_rich"", ""repair_bonus"": 2}","[""decay_integrity"", ""decay_option"", ""capacity_drain""]",0.21036980000098993,2250,2250,2250,2250,2214,2214,2214,2214,2214,2214,2214,2214,1476,1476,1476,1476,108,0,0,0,108,0,0,0,0.0,0.0,0.0,0.0,0.0,0.0,108,0.048,108,0.048,108,0.048,0.3333333333333333,0.016,0.0,72,0.0,0.0,0.0,108,0.3333333333333333,0.016,0.0,72,0.5,0.024,0.0,54,0,0.0,0.0,0.0,0.0,0.0,0.0,0.0,0.0,0.0,viab_K_strict_H16,strict_zero,overfiltered_or_dead
dead_control_repair_rich_3115901,3115901,repair_rich,dead_control,1,2250,5760,"{""min_capacity_strict"": 2, ""min_integrity_strict"": 3, ""min_option_strict"": 2, ""min_reach_h4"": 2, ""min_repair_strict"": 1, ""regime"": ""repair_rich""}","{""commit_load"": 1, ""consume_bias"": 1, ""decay_load"": 3, ""regime"": ""repair_rich"", ""repair_bonus"": 2}","[""decay_integrity"", ""decay_option"", ""capacity_drain""]",0.20870619999914197,2250,2250,2250,2250,2214,2214,2214,2214,2214,2214,2214,2214,1476,1476,1476,1476,108,0,0,0,108,0,0,0,0.0,0.0,0.0,0.0,0.0,0.0,108,0.048,108,0.048,108,0.048,0.3333333333333333,0.016,0.0,72,0.0,0.0,0.0,108,0.3333333333333333,0.016,0.0,72,0.5,0.024,0.0,54,0,0.0,0.0,0.0,0.0,0.0,0.0,0.0,0.0,0.0,viab_K_strict_H16,strict_zero,overfiltered_or_dead
dense_permissive_control_balanced_5791102,5791102,balanced,dense_permissive_control,1,2250,20097,"{""min_capacity_strict"": 0, ""min_integrity_strict"": 1, ""min_option_strict"": 0, ""min_reach_h4"": 12, ""min_repair_strict"": 0, ""regime"": ""balanced""}","{""commit_load"": 1, ""consume_bias"": 0, ""decay_load"": 0, ""regime"": ""balanced"", ""repair_bonus"": 0}","[""expand"", ""maintain"", ""repair"", ""harvest"", ""reroute"", ""decay_integrity"", ""decay_option"", ""commit_0"", ""free_expand"", ""free_repair"", ""free_harvest"", ""free_reroute""]",0.561315500001001,2250,2250,2250,2250,2250,2250,2250,2250,2250,2250,2250,2250,2250,2250,2250,2250,900,900,900,900,900,900,900,900,0.4,0.4,0.4,0.4,0.4,0.4,1125,0.5,1125,0.5,1125,0.5,1.0,0.5,0.0,0,1.0,0.5,0.5,0,1.0,0.5,0.0,0,1.0,0.5,0.0,0,7149,0.8991800002306443,0.2433906840117499,0.15107007973143097,0.8639130485056414,0.263533361309274,0.004616030214015947,0.8601184243776981,0.26814939152329,0.0,none,strict_large_or_trivial,possibly_too_permissive
dead_control_repair_rich_3115902,3115902,repair_rich,dead_control,1,2250,5760,"{""min_capacity_strict"": 2, ""min_integrity_strict"": 3, ""min_option_strict"": 2, ""min_reach_h4"": 2, ""min_repair_strict"": 1, ""regime"": ""repair_rich""}","{""commit_load"": 1, ""consume_bias"": 1, ""decay_load"": 3, ""regime"": ""repair_rich"", ""repair_bonus"": 2}","[""decay_integrity"", ""decay_option"", ""capacity_drain""]",0.21188839999922493,2250,2250,2250,2250,2214,2214,2214,2214,2214,2214,2214,2214,1476,1476,1476,1476,108,0,0,0,108,0,0,0,0.0,0.0,0.0,0.0,0.0,0.0,108,0.048,108,0.048,108,0.048,0.3333333333333333,0.016,0.0,72,0.0,0.0,0.0,108,0.3333333333333333,0.016,0.0,72,0.5,0.024,0.0,54,0,0.0,0.0,0.0,0.0,0.0,0.0,0.0,0.0,0.0,viab_K_strict_H16,strict_zero,overfiltered_or_dead
dead_control_commit_rich_3129300,3129300,commit_rich,dead_control,1,2250,5760,"{""min_capacity_strict"": 2, ""min_integrity_strict"": 3, ""min_option_strict"": 2, ""min_reach_h4"": 2, ""min_repair_strict"": 1, ""regime"": ""commit_rich""}","{""commit_load"": 3, ""consume_bias"": 1, ""decay_load"": 3, ""regime"": ""commit_rich"", ""repair_bonus"": 0}","[""decay_integrity"", ""decay_option"", ""capacity_drain""]",0.2079842999992252,2250,2250,2250,2250,2214,2214,2214,2214,2214,2214,2214,2214,1476,1476,1476,1476,108,0,0,0,108,0,0,0,0.0,0.0,0.0,0.0,0.0,0.0,108,0.048,108,0.048,108,0.048,0.3333333333333333,0.016,0.0,72,0.0,0.0,0.0,108,0.3333333333333333,0.016,0.0,72,0.5,0.024,0.0,54,0,0.0,0.0,0.0,0.0,0.0,0.0,0.0,0.0,0.0,viab_K_strict_H16,strict_zero,overfiltered_or_dead
dense_permissive_control_harsh_4897600,4897600,harsh,dense_permissive_control,1,2250,20097,"{""min_capacity_strict"": 0, ""min_integrity_strict"": 1, ""min_option_strict"": 0, ""min_reach_h4"": 12, ""min_repair_strict"": 0, ""regime"": ""harsh""}","{""commit_load"": 1, ""consume_bias"": 0, ""decay_load"": 0, ""regime"": ""harsh"", ""repair_bonus"": 0}","[""expand"", ""maintain"", ""repair"", ""harvest"", ""reroute"", ""decay_integrity"", ""decay_option"", ""commit_0"", ""free_expand"", ""free_repair"", ""free_harvest"", ""free_reroute""]",0.5545217999988381,2250,2250,2250,2250,2250,2250,2250,2250,2250,2250,2250,2250,2250,2250,2250,2250,900,900,900,900,900,900,900,900,0.4,0.4,0.4,0.4,0.4,0.4,1125,0.5,1125,0.5,1125,0.5,1.0,0.5,0.0,0,1.0,0.5,0.5,0,1.0,0.5,0.0,0,1.0,0.5,0.0,0,7149,0.8991800002306443,0.2433906840117499,0.15107007973143097,0.8639130485056414,0.263533361309274,0.004616030214015947,0.8601184243776981,0.26814939152329,0.0,none,strict_large_or_trivial,possibly_too_permissive
dense_permissive_control_permissive_6740501,6740501,permissive,dense_permissive_control,1,2250,20097,"{""min_capacity_strict"": 0, ""min_integrity_strict"": 1, ""min_option_strict"": 0, ""min_reach_h4"": 12, ""min_repair_strict"": 0, ""regime"": ""permissive""}","{""commit_load"": 1, ""consume_bias"": 0, ""decay_load"": 0, ""regime"": ""permissive"", ""repair_bonus"": 0}","[""expand"", ""maintain"", ""repair"", ""harvest"", ""reroute"", ""decay_integrity"", ""decay_option"", ""commit_0"", ""free_expand"", ""free_repair"", ""free_harvest"", ""free_reroute""]",0.5728090999982669,2250,2250,2250,2250,2250,2250,2250,2250,2250,2250,2250,2250,2250,2250,2250,2250,900,900,900,900,900,900,900,900,0.4,0.4,0.4,0.4,0.4,0.4,1125,0.5,1125,0.5,1125,0.5,1.0,0.5,0.0,0,1.0,0.5,0.5,0,1.0,0.5,0.0,0,1.0,0.5,0.0,0,7149,0.8991800002306443,0.2433906840117499,0.15107007973143097,0.8639130485056414,0.263533361309274,0.004616030214015947,0.8601184243776981,0.26814939152329,0.0,none,strict_large_or_trivial,possibly_too_permissive
dense_permissive_control_permissive_6740500,6740500,permissive,dense_permissive_control,1,2250,20097,"{""min_capacity_strict"": 0, ""min_integrity_strict"": 1, ""min_option_strict"": 0, ""min_reach_h4"": 12, ""min_repair_strict"": 0, ""regime"": ""permissive""}","{""commit_load"": 1, ""consume_bias"": 0, ""decay_load"": 0, ""regime"": ""permissive"", ""repair_bonus"": 0}","[""expand"", ""maintain"", ""repair"", ""harvest"", ""reroute"", ""decay_integrity"", ""decay_option"", ""commit_0"", ""free_expand"", ""free_repair"", ""free_harvest"", ""free_reroute""]",0.5637984000004508,2250,2250,2250,2250,2250,2250,2250,2250,2250,2250,2250,2250,2250,2250,2250,2250,900,900,900,900,900,900,900,900,0.4,0.4,0.4,0.4,0.4,0.4,1125,0.5,1125,0.5,1125,0.5,1.0,0.5,0.0,0,1.0,0.5,0.5,0,1.0,0.5,0.0,0,1.0,0.5,0.0,0,7149,0.8991800002306443,0.2433906840117499,0.15107007973143097,0.8639130485056414,0.263533361309274,0.004616030214015947,0.8601184243776981,0.26814939152329,0.0,none,strict_large_or_trivial,possibly_too_permissive
dead_control_commit_rich_3129301,3129301,commit_rich,dead_control,1,2250,5760,"{""min_capacity_strict"": 2, ""min_integrity_strict"": 3, ""min_option_strict"": 2, ""min_reach_h4"": 2, ""min_repair_strict"": 1, ""regime"": ""commit_rich""}","{""commit_load"": 3, ""consume_bias"": 1, ""decay_load"": 3, ""regime"": ""commit_rich"", ""repair_bonus"": 0}","[""decay_integrity"", ""decay_option"", ""capacity_drain""]",0.21233000000029278,2250,2250,2250,2250,2214,2214,2214,2214,2214,2214,2214,2214,1476,1476,1476,1476,108,0,0,0,108,0,0,0,0.0,0.0,0.0,0.0,0.0,0.0,108,0.048,108,0.048,108,0.048,0.3333333333333333,0.016,0.0,72,0.0,0.0,0.0,108,0.3333333333333333,0.016,0.0,72,0.5,0.024,0.0,54,0,0.0,0.0,0.0,0.0,0.0,0.0,0.0,0.0,0.0,viab_K_strict_H16,strict_zero,overfiltered_or_dead
dead_control_commit_rich_3129302,3129302,commit_rich,dead_control,1,2250,5760,"{""min_capacity_strict"": 2, ""min_integrity_strict"": 3, ""min_option_strict"": 2, ""min_reach_h4"": 2, ""min_repair_strict"": 1, ""regime"": ""commit_rich""}","{""commit_load"": 3, ""consume_bias"": 1, ""decay_load"": 3, ""regime"": ""commit_rich"", ""repair_bonus"": 0}","[""decay_integrity"", ""decay_option"", ""capacity_drain""]",0.2004704999999376,2250,2250,2250,2250,2214,2214,2214,2214,2214,2214,2214,2214,1476,1476,1476,1476,108,0,0,0,108,0,0,0,0.0,0.0,0.0,0.0,0.0,0.0,108,0.048,108,0.048,108,0.048,0.3333333333333333,0.016,0.0,72,0.0,0.0,0.0,108,0.3333333333333333,0.016,0.0,72,0.5,0.024,0.0,54,0,0.0,0.0,0.0,0.0,0.0,0.0,0.0,0.0,0.0,viab_K_strict_H16,strict_zero,overfiltered_or_dead
dense_permissive_control_harsh_4897602,4897602,harsh,dense_permissive_control,1,2250,20097,"{""min_capacity_strict"": 0, ""min_integrity_strict"": 1, ""min_option_strict"": 0, ""min_reach_h4"": 12, ""min_repair_strict"": 0, ""regime"": ""harsh""}","{""commit_load"": 1, ""consume_bias"": 0, ""decay_load"": 0, ""regime"": ""harsh"", ""repair_bonus"": 0}","[""expand"", ""maintain"", ""repair"", ""harvest"", ""reroute"", ""decay_integrity"", ""decay_option"", ""commit_0"", ""free_expand"", ""free_repair"", ""free_harvest"", ""free_reroute""]",0.5575204999986454,2250,2250,2250,2250,2250,2250,2250,2250,2250,2250,2250,2250,2250,2250,2250,2250,900,900,900,900,900,900,900,900,0.4,0.4,0.4,0.4,0.4,0.4,1125,0.5,1125,0.5,1125,0.5,1.0,0.5,0.0,0,1.0,0.5,0.5,0,1.0,0.5,0.0,0,1.0,0.5,0.0,0,7149,0.8991800002306443,0.2433906840117499,0.15107007973143097,0.8639130485056414,0.263533361309274,0.004616030214015947,0.8601184243776981,0.26814939152329,0.0,none,strict_large_or_trivial,possibly_too_permissive
dense_permissive_control_repair_rich_6991100,6991100,repair_rich,dense_permissive_control,1,2250,20097,"{""min_capacity_strict"": 0, ""min_integrity_strict"": 1, ""min_option_strict"": 0, ""min_reach_h4"": 12, ""min_repair_strict"": 0, ""regime"": ""repair_rich""}","{""commit_load"": 1, ""consume_bias"": 0, ""decay_load"": 0, ""regime"": ""repair_rich"", ""repair_bonus"": 2}","[""expand"", ""maintain"", ""repair"", ""harvest"", ""reroute"", ""decay_integrity"", ""decay_option"", ""commit_0"", ""free_expand"", ""free_repair"", ""free_harvest"", ""free_reroute""]",0.5733634000007442,2250,2250,2250,2250,2250,2250,2250,2250,2250,2250,2250,2250,2250,2250,2250,2250,900,900,900,900,900,900,900,900,0.4,0.4,0.4,0.4,0.4,0.4,1125,0.5,1125,0.5,1125,0.5,1.0,0.5,0.0,0,1.0,0.5,0.5,0,1.0,0.5,0.0,0,1.0,0.5,0.0,0,7149,0.8891537019999659,0.25388166177087707,0.15190935795216115,0.8532875177655842,0.27192614351657574,0.004616030214015947,0.8491160285725831,0.2765421737305917,0.0,none,strict_large_or_trivial,possibly_too_permissive
dense_permissive_control_repair_rich_6991102,6991102,repair_rich,dense_permissive_control,1,2250,20097,"{""min_capacity_strict"": 0, ""min_integrity_strict"": 1, ""min_option_strict"": 0, ""min_reach_h4"": 12, ""min_repair_strict"": 0, ""regime"": ""repair_rich""}","{""commit_load"": 1, ""consume_bias"": 0, ""decay_load"": 0, ""regime"": ""repair_rich"", ""repair_bonus"": 2}","[""expand"", ""maintain"", ""repair"", ""harvest"", ""reroute"", ""decay_integrity"", ""decay_option"", ""commit_0"", ""free_expand"", ""free_repair"", ""free_harvest"", ""free_reroute""]",0.5733569000003627,2250,2250,2250,2250,2250,2250,2250,2250,2250,2250,2250,2250,2250,2250,2250,2250,900,900,900,900,900,900,900,900,0.4,0.4,0.4,0.4,0.4,0.4,1125,0.5,1125,0.5,1125,0.5,1.0,0.5,0.0,0,1.0,0.5,0.5,0,1.0,0.5,0.0,0,1.0,0.5,0.0,0,7149,0.8891537019999659,0.25388166177087707,0.15190935795216115,0.8532875177655842,0.27192614351657574,0.004616030214015947,0.8491160285725831,0.2765421737305917,0.0,none,strict_large_or_trivial,possibly_too_permissive
dense_permissive_control_capacity_tight_8243500,8243500,capacity_tight,dense_permissive_control,1,2250,20097,"{""min_capacity_strict"": 0, ""min_integrity_strict"": 1, ""min_option_strict"": 0, ""min_reach_h4"": 12, ""min_repair_strict"": 0, ""regime"": ""capacity_tight""}","{""commit_load"": 1, ""consume_bias"": 0, ""decay_load"": 0, ""regime"": ""capacity_tight"", ""repair_bonus"": 0}","[""expand"", ""maintain"", ""repair"", ""harvest"", ""reroute"", ""decay_integrity"", ""decay_option"", ""commit_0"", ""free_expand"", ""free_repair"", ""free_harvest"", ""free_reroute""]",0.5636404999986553,2250,2250,2250,2250,2250,2250,2250,2250,2250,2250,2250,2250,2250,2250,2250,2250,900,900,900,900,900,900,900,900,0.4,0.4,0.4,0.4,0.4,0.4,1125,0.5,1125,0.5,1125,0.5,1.0,0.5,0.0,0,1.0,0.5,0.5,0,1.0,0.5,0.0,0,1.0,0.5,0.0,0,7149,0.8991800002306443,0.2433906840117499,0.15107007973143097,0.8639130485056414,0.263533361309274,0.004616030214015947,0.8601184243776981,0.26814939152329,0.0,none,strict_large_or_trivial,possibly_too_permissive
dead_control_capacity_tight_3978301,3978301,capacity_tight,dead_control,1,2250,5760,"{""min_capacity_strict"": 2, ""min_integrity_strict"": 3, ""min_option_strict"": 2, ""min_reach_h4"": 2, ""min_repair_strict"": 1, ""regime"": ""capacity_tight""}","{""commit_load"": 1, ""consume_bias"": 2, ""decay_load"": 3, ""regime"": ""capacity_tight"", ""repair_bonus"": 0}","[""decay_integrity"", ""decay_option"", ""capacity_drain""]",0.19033390000004147,2250,2250,2250,2250,2214,2214,2214,2214,2214,2214,2214,2214,1476,1476,1476,1476,108,0,0,0,108,0,0,0,0.0,0.0,0.0,0.0,0.0,0.0,108,0.048,108,0.048,108,0.048,0.3333333333333333,0.016,0.0,72,0.0,0.0,0.0,108,0.3333333333333333,0.016,0.0,72,0.5,0.024,0.0,54,0,0.0,0.0,0.0,0.0,0.0,0.0,0.0,0.0,0.0,viab_K_strict_H16,strict_zero,overfiltered_or_dead
dead_control_capacity_tight_3978300,3978300,capacity_tight,dead_control,1,2250,5760,"{""min_capacity_strict"": 2, ""min_integrity_strict"": 3, ""min_option_strict"": 2, ""min_reach_h4"": 2, ""min_repair_strict"": 1, ""regime"": ""capacity_tight""}","{""commit_load"": 1, ""consume_bias"": 2, ""decay_load"": 3, ""regime"": ""capacity_tight"", ""repair_bonus"": 0}","[""decay_integrity"", ""decay_option"", ""capacity_drain""]",0.19708429999991495,2250,2250,2250,2250,2214,2214,2214,2214,2214,2214,2214,2214,1476,1476,1476,1476,108,0,0,0,108,0,0,0,0.0,0.0,0.0,0.0,0.0,0.0,108,0.048,108,0.048,108,0.048,0.3333333333333333,0.016,0.0,72,0.0,0.0,0.0,108,0.3333333333333333,0.016,0.0,72,0.5,0.024,0.0,54,0,0.0,0.0,0.0,0.0,0.0,0.0,0.0,0.0,0.0,viab_K_strict_H16,strict_zero,overfiltered_or_dead
dead_control_capacity_tight_3978302,3978302,capacity_tight,dead_control,1,2250,5760,"{""min_capacity_strict"": 2, ""min_integrity_strict"": 3, ""min_option_strict"": 2, ""min_reach_h4"": 2, ""min_repair_strict"": 1, ""regime"": ""capacity_tight""}","{""commit_load"": 1, ""consume_bias"": 2, ""decay_load"": 3, ""regime"": ""capacity_tight"", ""repair_bonus"": 0}","[""decay_integrity"", ""decay_option"", ""capacity_drain""]",0.1942588000001706,2250,2250,2250,2250,2214,2214,2214,2214,2214,2214,2214,2214,1476,1476,1476,1476,108,0,0,0,108,0,0,0,0.0,0.0,0.0,0.0,0.0,0.0,108,0.048,108,0.048,108,0.048,0.3333333333333333,0.016,0.0,72,0.0,0.0,0.0,108,0.3333333333333333,0.016,0.0,72,0.5,0.024,0.0,54,0,0.0,0.0,0.0,0.0,0.0,0.0,0.0,0.0,0.0,viab_K_strict_H16,strict_zero,overfiltered_or_dead
dense_permissive_control_commit_rich_7011700,7011700,commit_rich,dense_permissive_control,1,2250,21573,"{""min_capacity_strict"": 0, ""min_integrity_strict"": 1, ""min_option_strict"": 0, ""min_reach_h4"": 12, ""min_repair_strict"": 0, ""regime"": ""commit_rich""}","{""commit_load"": 3, ""consume_bias"": 0, ""decay_load"": 0, ""regime"": ""commit_rich"", ""repair_bonus"": 0}","[""expand"", ""maintain"", ""repair"", ""harvest"", ""reroute"", ""decay_integrity"", ""decay_option"", ""commit_0"", ""commit_1"", ""commit_2"", ""free_expand"", ""free_repair"", ""free_harvest"", ""free_reroute""]",0.6145857000010437,2250,2250,2250,2250,2250,2250,2250,2250,2250,2250,2250,2250,2250,2250,2250,2250,900,900,900,900,900,900,900,900,0.4,0.4,0.4,0.4,0.4,0.4,1125,0.5,1125,0.5,1125,0.5,1.0,0.5,0.0,0,1.0,0.5,0.5,0,1.0,0.5,0.0,0,1.0,0.5,0.0,0,7149,0.8991800002306443,0.2433906840117499,0.15107007973143097,0.8639130485056414,0.263533361309274,0.004616030214015947,0.8601184243776981,0.26814939152329,0.0,none,strict_large_or_trivial,possibly_too_permissive
dense_permissive_control_capacity_tight_8243502,8243502,capacity_tight,dense_permissive_control,1,2250,20097,"{""min_capacity_strict"": 0, ""min_integrity_strict"": 1, ""min_option_strict"": 0, ""min_reach_h4"": 12, ""min_repair_strict"": 0, ""regime"": ""capacity_tight""}","{""commit_load"": 1, ""consume_bias"": 0, ""decay_load"": 0, ""regime"": ""capacity_tight"", ""repair_bonus"": 0}","[""expand"", ""maintain"", ""repair"", ""harvest"", ""reroute"", ""decay_integrity"", ""decay_option"", ""commit_0"", ""free_expand"", ""free_repair"", ""free_harvest"", ""free_reroute""]",0.5700567999992927,2250,2250,2250,2250,2250,2250,2250,2250,2250,2250,2250,2250,2250,2250,2250,2250,900,900,900,900,900,900,900,900,0.4,0.4,0.4,0.4,0.4,0.4,1125,0.5,1125,0.5,1125,0.5,1.0,0.5,0.0,0,1.0,0.5,0.5,0,1.0,0.5,0.0,0,1.0,0.5,0.0,0,7149,0.8991800002306443,0.2433906840117499,0.15107007973143097,0.8639130485056414,0.263533361309274,0.004616030214015947,0.8601184243776981,0.26814939152329,0.0,none,strict_large_or_trivial,possibly_too_permissive
dense_permissive_control_capacity_tight_8243501,8243501,capacity_tight,dense_permissive_control,1,2250,20097,"{""min_capacity_strict"": 0, ""min_integrity_strict"": 1, ""min_option_strict"": 0, ""min_reach_h4"": 12, ""min_repair_strict"": 0, ""regime"": ""capacity_tight""}","{""commit_load"": 1, ""consume_bias"": 0, ""decay_load"": 0, ""regime"": ""capacity_tight"", ""repair_bonus"": 0}","[""expand"", ""maintain"", ""repair"", ""harvest"", ""reroute"", ""decay_integrity"", ""decay_option"", ""commit_0"", ""free_expand"", ""free_repair"", ""free_harvest"", ""free_reroute""]",0.5832593999984965,2250,2250,2250,2250,2250,2250,2250,2250,2250,2250,2250,2250,2250,2250,2250,2250,900,900,900,900,900,900,900,900,0.4,0.4,0.4,0.4,0.4,0.4,1125,0.5,1125,0.5,1125,0.5,1.0,0.5,0.0,0,1.0,0.5,0.5,0,1.0,0.5,0.0,0,1.0,0.5,0.0,0,7149,0.8991800002306443,0.2433906840117499,0.15107007973143097,0.8639130485056414,0.263533361309274,0.004616030214015947,0.8601184243776981,0.26814939152329,0.0,none,strict_large_or_trivial,possibly_too_permissive
dense_permissive_control_commit_rich_7011702,7011702,commit_rich,dense_permissive_control,1,2250,21573,"{""min_capacity_strict"": 0, ""min_integrity_strict"": 1, ""min_option_strict"": 0, ""min_reach_h4"": 12, ""min_repair_strict"": 0, ""regime"": ""commit_rich""}","{""commit_load"": 3, ""consume_bias"": 0, ""decay_load"": 0, ""regime"": ""commit_rich"", ""repair_bonus"": 0}","[""expand"", ""maintain"", ""repair"", ""harvest"", ""reroute"", ""decay_integrity"", ""decay_option"", ""commit_0"", ""commit_1"", ""commit_2"", ""free_expand"", ""free_repair"", ""free_harvest"", ""free_reroute""]",0.6270999000007578,2250,2250,2250,2250,2250,2250,2250,2250,2250,2250,2250,2250,2250,2250,2250,2250,900,900,900,900,900,900,900,900,0.4,0.4,0.4,0.4,0.4,0.4,1125,0.5,1125,0.5,1125,0.5,1.0,0.5,0.0,0,1.0,0.5,0.5,0,1.0,0.5,0.0,0,1.0,0.5,0.0,0,7149,0.8991800002306443,0.2433906840117499,0.15107007973143097,0.8639130485056414,0.263533361309274,0.004616030214015947,0.8601184243776981,0.26814939152329,0.0,none,strict_large_or_trivial,possibly_too_permissive
dense_permissive_control_commit_rich_7011701,7011701,commit_rich,dense_permissive_control,1,2250,21573,"{""min_capacity_strict"": 0, ""min_integrity_strict"": 1, ""min_option_strict"": 0, ""min_reach_h4"": 12, ""min_repair_strict"": 0, ""regime"": ""commit_rich""}","{""commit_load"": 3, ""consume_bias"": 0, ""decay_load"": 0, ""regime"": ""commit_rich"", ""repair_bonus"": 0}","[""expand"", ""maintain"", ""repair"", ""harvest"", ""reroute"", ""decay_integrity"", ""decay_option"", ""commit_0"", ""commit_1"", ""commit_2"", ""free_expand"", ""free_repair"", ""free_harvest"", ""free_reroute""]",0.6357704000001831,2250,2250,2250,2250,2250,2250,2250,2250,2250,2250,2250,2250,2250,2250,2250,2250,900,900,900,900,900,900,900,900,0.4,0.4,0.4,0.4,0.4,0.4,1125,0.5,1125,0.5,1125,0.5,1.0,0.5,0.0,0,1.0,0.5,0.5,0,1.0,0.5,0.0,0,1.0,0.5,0.0,0,7149,0.8991800002306443,0.2433906840117499,0.15107007973143097,0.8639130485056414,0.263533361309274,0.004616030214015947,0.8601184243776981,0.26814939152329,0.0,none,strict_large_or_trivial,possibly_too_permissive
random_edge_control_permissive_4932002,4932002,permissive,random_edge_control,1,2250,12543,"{""min_capacity_strict"": 1, ""min_integrity_strict"": 1, ""min_option_strict"": 1, ""min_reach_h4"": 8, ""min_repair_strict"": 1, ""regime"": ""permissive""}","{""commit_load"": 1, ""consume_bias"": 0, ""decay_load"": 0, ""regime"": ""permissive"", ""repair_bonus"": 0}","[""expand"", ""maintain"", ""repair"", ""harvest"", ""reroute"", ""decay_integrity"", ""decay_option"", ""commit_0""]",0.6280996000004961,2250,2250,2250,2250,2250,2250,2250,2250,2250,2250,2250,2250,1500,1494,1494,1494,384,161,117,59,384,161,117,59,0.07155555555555555,0.07155555555555555,0.052,0.052,0.026222222222222223,0.026222222222222223,2233,0.9924444444444445,2250,1.0,2250,1.0,1.0,1.0,0.7916666666666666,0,1.0,1.0,0.6458333333333334,0,1.0,1.0,0.6770833333333334,0,1.0,1.0,0.6640625,0,60,0.9388320572108771,0.15,0.15,1.0,0.0,0.0,1.0,0.0,0.0,none,strict_moderate,strict_object_without_contraction_resolution
random_edge_control_harsh_3369600,3369600,harsh,random_edge_control,1,2250,14388,"{""min_capacity_strict"": 2, ""min_integrity_strict"": 3, ""min_option_strict"": 1, ""min_reach_h4"": 3, ""min_repair_strict"": 1, ""regime"": ""harsh""}","{""commit_load"": 1, ""consume_bias"": 2, ""decay_load"": 2, ""regime"": ""harsh"", ""repair_bonus"": 0}","[""expand"", ""maintain"", ""repair"", ""harvest"", ""reroute"", ""decay_integrity"", ""decay_option"", ""commit_0""]",0.8252082999988488,2250,2250,2250,2250,2250,2250,2250,2250,2250,2250,2250,2250,1500,1497,1497,1497,144,2,2,2,144,2,2,2,0.0008888888888888889,0.0008888888888888889,0.0008888888888888889,0.0008888888888888889,0.0008888888888888889,0.0008888888888888889,2127,0.9453333333333334,2250,1.0,2250,1.0,1.0,1.0,1.2152777777777777,0,1.0,1.0,1.6805555555555556,0,1.0,1.0,0.7361111111111112,0,1.0,1.0,0.8333333333333334,0,2,1.0,0.0,0.0,1.0,0.0,0.0,1.0,0.0,0.0,none,strict_sparse_nonzero,strict_object_without_contraction_resolution
random_edge_control_balanced_4125100,4125100,balanced,random_edge_control,1,2250,14631,"{""min_capacity_strict"": 1, ""min_integrity_strict"": 2, ""min_option_strict"": 1, ""min_reach_h4"": 5, ""min_repair_strict"": 1, ""regime"": ""balanced""}","{""commit_load"": 1, ""consume_bias"": 1, ""decay_load"": 1, ""regime"": ""balanced"", ""repair_bonus"": 0}","[""expand"", ""maintain"", ""repair"", ""harvest"", ""reroute"", ""decay_integrity"", ""decay_option"", ""commit_0""]",0.8623678000003565,2250,2250,2250,2250,2250,2250,2250,2250,2250,2250,2250,2250,1500,1492,1492,1492,288,86,48,14,288,86,48,14,0.03822222222222222,0.03822222222222222,0.021333333333333333,0.021333333333333333,0.006222222222222222,0.006222222222222222,2241,0.996,2250,1.0,2250,1.0,1.0,1.0,0.7430555555555556,0,1.0,1.0,0.8819444444444444,0,1.0,1.0,0.6666666666666666,0,1.0,1.0,0.6944444444444444,0,13,0.9672699095776018,0.0,0.15384615384615385,1.0,0.0,0.0,1.0,0.0,0.0,none,strict_moderate,strict_object_without_contraction_resolution
random_edge_control_harsh_3369601,3369601,harsh,random_edge_control,1,2250,14397,"{""min_capacity_strict"": 2, ""min_integrity_strict"": 3, ""min_option_strict"": 1, ""min_reach_h4"": 3, ""min_repair_strict"": 1, ""regime"": ""harsh""}","{""commit_load"": 1, ""consume_bias"": 2, ""decay_load"": 2, ""regime"": ""harsh"", ""repair_bonus"": 0}","[""expand"", ""maintain"", ""repair"", ""harvest"", ""reroute"", ""decay_integrity"", ""decay_option"", ""commit_0""]",0.8353798999996798,2250,2250,2250,2250,2250,2250,2250,2250,2250,2250,2250,2250,1500,1497,1497,1497,144,2,0,0,144,2,0,0,0.0008888888888888889,0.0008888888888888889,0.0,0.0,0.0,0.0,2107,0.9364444444444444,2250,1.0,2250,1.0,1.0,1.0,1.2083333333333333,0,1.0,1.0,1.5902777777777777,0,1.0,1.0,0.8472222222222222,0,1.0,1.0,0.8888888888888888,0,0,0.0,0.0,0.0,0.0,0.0,0.0,0.0,0.0,0.0,viab_K_strict_H16,strict_zero,overfiltered_or_dead
random_edge_control_harsh_3369602,3369602,harsh,random_edge_control,1,2250,14388,"{""min_capacity_strict"": 2, ""min_integrity_strict"": 3, ""min_option_strict"": 1, ""min_reach_h4"": 3, ""min_repair_strict"": 1, ""regime"": ""harsh""}","{""commit_load"": 1, ""consume_bias"": 2, ""decay_load"": 2, ""regime"": ""harsh"", ""repair_bonus"": 0}","[""expand"", ""maintain"", ""repair"", ""harvest"", ""reroute"", ""decay_integrity"", ""decay_option"", ""commit_0""]",0.7999476999993931,2250,2250,2250,2250,2250,2250,2250,2250,2250,2250,2250,2250,1500,1497,1497,1497,144,10,5,5,144,10,5,5,0.0044444444444444444,0.0044444444444444444,0.0022222222222222222,0.0022222222222222222,0.0022222222222222222,0.0022222222222222222,2131,0.9471111111111111,2250,1.0,2250,1.0,1.0,1.0,1.2222222222222223,0,1.0,1.0,1.6319444444444444,0,1.0,1.0,0.8333333333333334,0,1.0,1.0,0.8125,0,5,0.9433333333333334,0.2,0.2,1.0,0.0,0.0,1.0,0.0,0.0,none,strict_sparse_nonzero,strict_object_without_contraction_resolution
random_edge_control_permissive_4932001,4932001,permissive,random_edge_control,1,2250,12543,"{""min_capacity_strict"": 1, ""min_integrity_strict"": 1, ""min_option_strict"": 1, ""min_reach_h4"": 8, ""min_repair_strict"": 1, ""regime"": ""permissive""}","{""commit_load"": 1, ""consume_bias"": 0, ""decay_load"": 0, ""regime"": ""permissive"", ""repair_bonus"": 0}","[""expand"", ""maintain"", ""repair"", ""harvest"", ""reroute"", ""decay_integrity"", ""decay_option"", ""commit_0""]",0.6372833999994327,2250,2250,2250,2250,2250,2250,2250,2250,2250,2250,2250,2250,1500,1487,1487,1487,384,132,107,107,384,132,107,107,0.058666666666666666,0.058666666666666666,0.04755555555555555,0.04755555555555555,0.04755555555555555,0.04755555555555555,2233,0.9924444444444445,2250,1.0,2250,1.0,1.0,1.0,0.828125,0,1.0,1.0,0.6302083333333334,0,1.0,1.0,0.6666666666666666,0,1.0,1.0,0.6640625,0,123,1.0165541818681283,0.06504065040650407,0.3170731707317073,1.0,0.0,0.0,1.0,0.0,0.0,none,strict_moderate,strict_object_without_contraction_resolution
random_edge_control_balanced_4125101,4125101,balanced,random_edge_control,1,2250,14667,"{""min_capacity_strict"": 1, ""min_integrity_strict"": 2, ""min_option_strict"": 1, ""min_reach_h4"": 5, ""min_repair_strict"": 1, ""regime"": ""balanced""}","{""commit_load"": 1, ""consume_bias"": 1, ""decay_load"": 1, ""regime"": ""balanced"", ""repair_bonus"": 0}","[""expand"", ""maintain"", ""repair"", ""harvest"", ""reroute"", ""decay_integrity"", ""decay_option"", ""commit_0""]",0.8864955000008194,2250,2250,2250,2250,2250,2250,2250,2250,2250,2250,2250,2250,1500,1490,1490,1490,288,87,49,41,288,87,49,41,0.03866666666666667,0.03866666666666667,0.021777777777777778,0.021777777777777778,0.018222222222222223,0.018222222222222223,2239,0.9951111111111111,2250,1.0,2250,1.0,1.0,1.0,0.7569444444444444,0,1.0,1.0,0.9166666666666666,0,1.0,1.0,0.6875,0,1.0,1.0,0.7048611111111112,0,44,1.0412650545091633,0.0,0.25,1.0,0.0,0.0,1.0,0.0,0.0,none,strict_moderate,strict_object_without_contraction_resolution
random_edge_control_balanced_4125102,4125102,balanced,random_edge_control,1,2250,14631,"{""min_capacity_strict"": 1, ""min_integrity_strict"": 2, ""min_option_strict"": 1, ""min_reach_h4"": 5, ""min_repair_strict"": 1, ""regime"": ""balanced""}","{""commit_load"": 1, ""consume_bias"": 1, ""decay_load"": 1, ""regime"": ""balanced"", ""repair_bonus"": 0}","[""expand"", ""maintain"", ""repair"", ""harvest"", ""reroute"", ""decay_integrity"", ""decay_option"", ""commit_0""]",0.8621661999986827,2250,2250,2250,2250,2250,2250,2250,2250,2250,2250,2250,2250,1500,1498,1498,1498,288,98,54,46,288,98,54,46,0.043555555555555556,0.043555555555555556,0.024,0.024,0.020444444444444446,0.020444444444444446,2239,0.9951111111111111,2250,1.0,2250,1.0,1.0,1.0,0.7916666666666666,0,1.0,1.0,0.8993055555555556,0,1.0,1.0,0.75,0,1.0,1.0,0.7013888888888888,0,46,1.0388975907786526,0.043478260869565216,0.32608695652173914,1.0,0.0,0.0,1.0,0.0,0.0,none,strict_moderate,strict_object_without_contraction_resolution
random_edge_control_repair_rich_5150101,5150101,repair_rich,random_edge_control,1,2250,14631,"{""min_capacity_strict"": 1, ""min_integrity_strict"": 2, ""min_option_strict"": 1, ""min_reach_h4"": 5, ""min_repair_strict"": 1, ""regime"": ""repair_rich""}","{""commit_load"": 1, ""consume_bias"": 1, ""decay_load"": 1, ""regime"": ""repair_rich"", ""repair_bonus"": 2}","[""expand"", ""maintain"", ""repair"", ""harvest"", ""reroute"", ""decay_integrity"", ""decay_option"", ""commit_0""]",0.86598690000028,2250,2250,2250,2250,2250,2250,2250,2250,2250,2250,2250,2250,1500,1498,1498,1498,288,74,40,12,288,74,40,12,0.03288888888888889,0.03288888888888889,0.017777777777777778,0.017777777777777778,0.005333333333333333,0.005333333333333333,2246,0.9982222222222222,2250,1.0,2250,1.0,1.0,1.0,0.7222222222222222,0,1.0,1.0,0.9166666666666666,0,1.0,1.0,0.6736111111111112,0,1.0,1.0,0.6597222222222222,0,10,0.8958333333333334,0.2,0.3,0.9916666666666666,0.0,0.0,0.9916666666666666,0.0,0.0,none,strict_moderate,strict_object_without_contraction_resolution
random_edge_control_permissive_4932000,4932000,permissive,random_edge_control,1,2250,12579,"{""min_capacity_strict"": 1, ""min_integrity_strict"": 1, ""min_option_strict"": 1, ""min_reach_h4"": 8, ""min_repair_strict"": 1, ""regime"": ""permissive""}","{""commit_load"": 1, ""consume_bias"": 0, ""decay_load"": 0, ""regime"": ""permissive"", ""repair_bonus"": 0}","[""expand"", ""maintain"", ""repair"", ""harvest"", ""reroute"", ""decay_integrity"", ""decay_option"", ""commit_0""]",0.6310843999999634,2250,2250,2250,2250,2250,2250,2250,2250,2250,2250,2250,2250,1500,1493,1493,1493,384,161,134,134,384,161,134,134,0.07155555555555555,0.07155555555555555,0.059555555555555556,0.059555555555555556,0.059555555555555556,0.059555555555555556,2229,0.9906666666666667,2250,1.0,2250,1.0,1.0,1.0,0.8229166666666666,0,1.0,1.0,0.6458333333333334,0,1.0,1.0,0.6510416666666666,0,1.0,1.0,0.6822916666666666,0,159,1.0034343867580495,0.031446540880503145,0.22641509433962265,0.9999054239372014,0.0,0.0,0.9999054239372014,0.0,0.0,none,strict_moderate,strict_object_without_contraction_resolution
random_edge_control_capacity_tight_6240000,6240000,capacity_tight,random_edge_control,1,2250,14253,"{""min_capacity_strict"": 2, ""min_integrity_strict"": 2, ""min_option_strict"": 1, ""min_reach_h4"": 5, ""min_repair_strict"": 1, ""regime"": ""capacity_tight""}","{""commit_load"": 1, ""consume_bias"": 2, ""decay_load"": 1, ""regime"": ""capacity_tight"", ""repair_bonus"": 0}","[""expand"", ""maintain"", ""repair"", ""harvest"", ""reroute"", ""decay_integrity"", ""decay_option"", ""commit_0""]",0.7898868000011134,2250,2250,2250,2250,2250,2250,2250,2250,2250,2250,2250,2250,1500,1495,1495,1495,216,23,16,16,216,23,16,16,0.010222222222222223,0.010222222222222223,0.0071111111111111115,0.0071111111111111115,0.0071111111111111115,0.0071111111111111115,2215,0.9844444444444445,2250,1.0,2250,1.0,1.0,1.0,1.0694444444444444,0,1.0,1.0,1.0,0,1.0,1.0,0.7037037037037037,0,1.0,1.0,0.7268518518518519,0,16,1.0222433816183816,0.0,0.25,1.0,0.0,0.0,1.0,0.0,0.0,none,strict_moderate,strict_object_without_contraction_resolution
random_edge_control_capacity_tight_6240002,6240002,capacity_tight,random_edge_control,1,2250,14253,"{""min_capacity_strict"": 2, ""min_integrity_strict"": 2, ""min_option_strict"": 1, ""min_reach_h4"": 5, ""min_repair_strict"": 1, ""regime"": ""capacity_tight""}","{""commit_load"": 1, ""consume_bias"": 2, ""decay_load"": 1, ""regime"": ""capacity_tight"", ""repair_bonus"": 0}","[""expand"", ""maintain"", ""repair"", ""harvest"", ""reroute"", ""decay_integrity"", ""decay_option"", ""commit_0""]",0.8032707999991544,2250,2250,2250,2250,2250,2250,2250,2250,2250,2250,2250,2250,1500,1496,1496,1496,216,27,6,6,216,27,6,6,0.012,0.012,0.0026666666666666666,0.0026666666666666666,0.0026666666666666666,0.0026666666666666666,2211,0.9826666666666667,2250,1.0,2250,1.0,1.0,1.0,1.1018518518518519,0,1.0,1.0,0.9305555555555556,0,1.0,1.0,0.7592592592592593,0,1.0,1.0,0.7361111111111112,0,6,1.0027777777777778,0.3333333333333333,0.3333333333333333,1.0,0.0,0.0,1.0,0.0,0.0,none,strict_sparse_nonzero,strict_object_without_contraction_resolution
random_edge_control_repair_rich_5150102,5150102,repair_rich,random_edge_control,1,2250,14667,"{""min_capacity_strict"": 1, ""min_integrity_strict"": 2, ""min_option_strict"": 1, ""min_reach_h4"": 5, ""min_repair_strict"": 1, ""regime"": ""repair_rich""}","{""commit_load"": 1, ""consume_bias"": 1, ""decay_load"": 1, ""regime"": ""repair_rich"", ""repair_bonus"": 2}","[""expand"", ""maintain"", ""repair"", ""harvest"", ""reroute"", ""decay_integrity"", ""decay_option"", ""commit_0""]",0.8631500000010419,2250,2250,2250,2250,2250,2250,2250,2250,2250,2250,2250,2250,1500,1495,1495,1495,288,99,70,50,288,99,70,50,0.044,0.044,0.03111111111111111,0.03111111111111111,0.022222222222222223,0.022222222222222223,2237,0.9942222222222222,2250,1.0,2250,1.0,1.0,1.0,0.8194444444444444,0,1.0,1.0,0.8958333333333334,0,1.0,1.0,0.6875,0,1.0,1.0,0.7083333333333334,0,51,1.0059295607198244,0.0196078431372549,0.27450980392156865,1.0,0.0,0.0,1.0,0.0,0.0,none,strict_moderate,strict_object_without_contraction_resolution
random_edge_control_capacity_tight_6240001,6240001,capacity_tight,random_edge_control,1,2250,14289,"{""min_capacity_strict"": 2, ""min_integrity_strict"": 2, ""min_option_strict"": 1, ""min_reach_h4"": 5, ""min_repair_strict"": 1, ""regime"": ""capacity_tight""}","{""commit_load"": 1, ""consume_bias"": 2, ""decay_load"": 1, ""regime"": ""capacity_tight"", ""repair_bonus"": 0}","[""expand"", ""maintain"", ""repair"", ""harvest"", ""reroute"", ""decay_integrity"", ""decay_option"", ""commit_0""]",0.7990212999993673,2250,2250,2250,2250,2250,2250,2250,2250,2250,2250,2250,2250,1500,1493,1493,1493,216,34,26,20,216,34,26,20,0.015111111111111112,0.015111111111111112,0.011555555555555555,0.011555555555555555,0.008888888888888889,0.008888888888888889,2216,0.9848888888888889,2250,1.0,2250,1.0,1.0,1.0,1.0833333333333333,0,1.0,1.0,0.9861111111111112,0,1.0,1.0,0.7037037037037037,0,1.0,1.0,0.7453703703703703,0,20,1.012744547119547,0.05,0.25,1.0,0.0,0.0,1.0,0.0,0.0,none,strict_moderate,strict_object_without_contraction_resolution
random_edge_control_repair_rich_5150100,5150100,repair_rich,random_edge_control,1,2250,14631,"{""min_capacity_strict"": 1, ""min_integrity_strict"": 2, ""min_option_strict"": 1, ""min_reach_h4"": 5, ""min_repair_strict"": 1, ""regime"": ""repair_rich""}","{""commit_load"": 1, ""consume_bias"": 1, ""decay_load"": 1, ""regime"": ""repair_rich"", ""repair_bonus"": 2}","[""expand"", ""maintain"", ""repair"", ""harvest"", ""reroute"", ""decay_integrity"", ""decay_option"", ""commit_0""]",0.8875491999988299,2250,2250,2250,2250,2250,2250,2250,2250,2250,2250,2250,2250,1500,1495,1495,1495,288,109,78,59,288,109,78,59,0.04844444444444444,0.04844444444444444,0.034666666666666665,0.034666666666666665,0.026222222222222223,0.026222222222222223,2240,0.9955555555555555,2250,1.0,2250,1.0,1.0,1.0,0.7638888888888888,0,1.0,1.0,0.8993055555555556,0,1.0,1.0,0.7013888888888888,0,1.0,1.0,0.6736111111111112,0,63,1.020338853346803,0.047619047619047616,0.30158730158730157,1.0,0.0,0.0,1.0,0.0,0.0,none,strict_moderate,strict_object_without_contraction_resolution
random_edge_control_commit_rich_5167700,5167700,commit_rich,random_edge_control,1,2250,16431,"{""min_capacity_strict"": 1, ""min_integrity_strict"": 2, ""min_option_strict"": 1, ""min_reach_h4"": 5, ""min_repair_strict"": 1, ""regime"": ""commit_rich""}","{""commit_load"": 3, ""consume_bias"": 1, ""decay_load"": 1, ""regime"": ""commit_rich"", ""repair_bonus"": 0}","[""expand"", ""maintain"", ""repair"", ""harvest"", ""reroute"", ""decay_integrity"", ""decay_option"", ""commit_0"", ""commit_1"", ""commit_2""]",1.154013200000918,2250,2250,2250,2250,2250,2250,2250,2250,2250,2250,2250,2250,1500,1495,1495,1495,288,96,61,53,288,96,61,53,0.042666666666666665,0.042666666666666665,0.02711111111111111,0.02711111111111111,0.023555555555555555,0.023555555555555555,2248,0.9991111111111111,2250,1.0,2250,1.0,1.0,1.0,0.7361111111111112,0,1.0,1.0,0.8958333333333334,0,1.0,1.0,0.6736111111111112,0,1.0,1.0,0.6423611111111112,0,57,0.9873770809155545,0.0,0.14035087719298245,1.0,0.0,0.0,1.0,0.0,0.0,none,strict_moderate,strict_object_without_contraction_resolution
shuffled_admissibility_control_balanced_8070801,8070801,balanced,shuffled_admissibility_control,1,2250,14631,"{""min_capacity_strict"": 1, ""min_integrity_strict"": 2, ""min_option_strict"": 1, ""min_reach_h4"": 5, ""min_repair_strict"": 1, ""regime"": ""balanced""}","{""commit_load"": 1, ""consume_bias"": 1, ""decay_load"": 1, ""regime"": ""balanced"", ""repair_bonus"": 0}","[""expand"", ""maintain"", ""repair"", ""harvest"", ""reroute"", ""decay_integrity"", ""decay_option"", ""commit_0""]",0.3861527999997634,2250,2250,2250,2250,2250,2250,2250,2250,2250,2250,2250,2250,1500,1500,1500,1500,288,288,288,288,288,288,288,288,0.128,0.128,0.128,0.128,0.128,0.128,897,0.39866666666666667,1700,0.7555555555555555,2250,1.0,1.0,0.9635555555555556,0.0,0,1.0,0.9391111111111111,0.0,0,1.0,0.7897777777777778,0.0,0,1.0,0.8217777777777778,0.0,0,984,1.0233560417554113,0.042682926829268296,0.2804878048780488,0.9687144194639529,0.051829268292682924,0.008130081300813009,0.9601439584346826,0.059959349593495935,0.0,none,strict_large_or_trivial,possibly_too_permissive
random_edge_control_commit_rich_5167702,5167702,commit_rich,random_edge_control,1,2250,16431,"{""min_capacity_strict"": 1, ""min_integrity_strict"": 2, ""min_option_strict"": 1, ""min_reach_h4"": 5, ""min_repair_strict"": 1, ""regime"": ""commit_rich""}","{""commit_load"": 3, ""consume_bias"": 1, ""decay_load"": 1, ""regime"": ""commit_rich"", ""repair_bonus"": 0}","[""expand"", ""maintain"", ""repair"", ""harvest"", ""reroute"", ""decay_integrity"", ""decay_option"", ""commit_0"", ""commit_1"", ""commit_2""]",1.1318047000004299,2250,2250,2250,2250,2250,2250,2250,2250,2250,2250,2250,2250,1500,1499,1499,1499,288,77,42,33,288,77,42,33,0.03422222222222222,0.03422222222222222,0.018666666666666668,0.018666666666666668,0.014666666666666666,0.014666666666666666,2244,0.9973333333333333,2250,1.0,2250,1.0,1.0,1.0,0.7361111111111112,0,1.0,1.0,0.90625,0,1.0,1.0,0.6597222222222222,0,1.0,1.0,0.6840277777777778,0,36,1.006199661631388,0.05555555555555555,0.19444444444444445,1.0,0.0,0.0,1.0,0.0,0.0,none,strict_moderate,strict_object_without_contraction_resolution
shuffled_admissibility_control_balanced_8070802,8070802,balanced,shuffled_admissibility_control,1,2250,14631,"{""min_capacity_strict"": 1, ""min_integrity_strict"": 2, ""min_option_strict"": 1, ""min_reach_h4"": 5, ""min_repair_strict"": 1, ""regime"": ""balanced""}","{""commit_load"": 1, ""consume_bias"": 1, ""decay_load"": 1, ""regime"": ""balanced"", ""repair_bonus"": 0}","[""expand"", ""maintain"", ""repair"", ""harvest"", ""reroute"", ""decay_integrity"", ""decay_option"", ""commit_0""]",0.3684902000004513,2250,2250,2250,2250,2250,2250,2250,2250,2250,2250,2250,2250,1500,1500,1500,1500,288,288,288,288,288,288,288,288,0.128,0.128,0.128,0.128,0.128,0.128,897,0.39866666666666667,1700,0.7555555555555555,2250,1.0,1.0,0.9635555555555556,0.0,0,1.0,0.9391111111111111,0.0,0,1.0,0.7897777777777778,0.0,0,1.0,0.8217777777777778,0.0,0,984,1.0233560417554113,0.042682926829268296,0.2804878048780488,0.9687144194639529,0.051829268292682924,0.008130081300813009,0.9601439584346826,0.059959349593495935,0.0,none,strict_large_or_trivial,possibly_too_permissive
random_edge_control_commit_rich_5167701,5167701,commit_rich,random_edge_control,1,2250,16431,"{""min_capacity_strict"": 1, ""min_integrity_strict"": 2, ""min_option_strict"": 1, ""min_reach_h4"": 5, ""min_repair_strict"": 1, ""regime"": ""commit_rich""}","{""commit_load"": 3, ""consume_bias"": 1, ""decay_load"": 1, ""regime"": ""commit_rich"", ""repair_bonus"": 0}","[""expand"", ""maintain"", ""repair"", ""harvest"", ""reroute"", ""decay_integrity"", ""decay_option"", ""commit_0"", ""commit_1"", ""commit_2""]",1.1388817999995808,2250,2250,2250,2250,2250,2250,2250,2250,2250,2250,2250,2250,1500,1499,1499,1499,288,77,45,38,288,77,45,38,0.03422222222222222,0.03422222222222222,0.02,0.02,0.016888888888888887,0.016888888888888887,2247,0.9986666666666667,2250,1.0,2250,1.0,1.0,1.0,0.7291666666666666,0,1.0,1.0,0.875,0,1.0,1.0,0.6736111111111112,0,1.0,1.0,0.6284722222222222,0,41,1.004837529849019,0.0,0.14634146341463414,1.0,0.0,0.0,1.0,0.0,0.0,none,strict_moderate,strict_object_without_contraction_resolution
shuffled_admissibility_control_permissive_9191202,9191202,permissive,shuffled_admissibility_control,1,2250,12543,"{""min_capacity_strict"": 1, ""min_integrity_strict"": 1, ""min_option_strict"": 1, ""min_reach_h4"": 8, ""min_repair_strict"": 1, ""regime"": ""permissive""}","{""commit_load"": 1, ""consume_bias"": 0, ""decay_load"": 0, ""regime"": ""permissive"", ""repair_bonus"": 0}","[""expand"", ""maintain"", ""repair"", ""harvest"", ""reroute"", ""decay_integrity"", ""decay_option"", ""commit_0""]",0.32615420000001905,2250,2250,2250,2250,2250,2250,2250,2250,2250,2250,2250,2250,1500,1500,1500,1500,384,384,384,384,384,384,384,384,0.17066666666666666,0.17066666666666666,0.17066666666666666,0.17066666666666666,0.17066666666666666,0.17066666666666666,1931,0.8582222222222222,2250,1.0,2250,1.0,1.0,1.0,1.75,0,1.0,1.0,0.7760416666666666,0,1.0,1.0,0.4010416666666667,0,1.0,1.0,0.3411458333333333,0,936,0.8790586995994764,0.2638888888888889,0.05555555555555555,0.8516964561084115,0.2799145299145299,0.002136752136752137,0.847090502733373,0.30128205128205127,0.0,none,strict_large_or_trivial,possibly_too_permissive
shuffled_admissibility_control_harsh_7011700,7011700,harsh,shuffled_admissibility_control,1,2250,14388,"{""min_capacity_strict"": 2, ""min_integrity_strict"": 3, ""min_option_strict"": 1, ""min_reach_h4"": 3, ""min_repair_strict"": 1, ""regime"": ""harsh""}","{""commit_load"": 1, ""consume_bias"": 2, ""decay_load"": 2, ""regime"": ""harsh"", ""repair_bonus"": 0}","[""expand"", ""maintain"", ""repair"", ""harvest"", ""reroute"", ""decay_integrity"", ""decay_option"", ""commit_0""]",0.3994245999983832,2250,2250,2250,2250,2250,2250,2250,2250,2250,2250,2250,2250,1500,1500,1500,1500,144,121,121,121,144,121,121,121,0.05377777777777778,0.05377777777777778,0.05377777777777778,0.05377777777777778,0.05377777777777778,0.05377777777777778,444,0.19733333333333333,634,0.2817777777777778,780,0.3466666666666667,0.4791666666666667,0.059555555555555556,3.5217391304347827,75,0.5138888888888888,0.06666666666666667,2.891891891891892,70,1.0,0.24444444444444444,1.0277777777777777,0,1.0,0.256,0.8472222222222222,0,194,0.7356560718433403,0.5,0.06701030927835051,0.7737085797412327,0.3711340206185567,0.0,0.7780468313113376,0.36597938144329895,0.0,none,strict_moderate,strict_object_without_contraction_resolution
shuffled_admissibility_control_permissive_9191200,9191200,permissive,shuffled_admissibility_control,1,2250,12579,"{""min_capacity_strict"": 1, ""min_integrity_strict"": 1, ""min_option_strict"": 1, ""min_reach_h4"": 8, ""min_repair_strict"": 1, ""regime"": ""permissive""}","{""commit_load"": 1, ""consume_bias"": 0, ""decay_load"": 0, ""regime"": ""permissive"", ""repair_bonus"": 0}","[""expand"", ""maintain"", ""repair"", ""harvest"", ""reroute"", ""decay_integrity"", ""decay_option"", ""commit_0""]",0.3153679999995802,2250,2250,2250,2250,2250,2250,2250,2250,2250,2250,2250,2250,1500,1500,1500,1500,384,384,384,384,384,384,384,384,0.17066666666666666,0.17066666666666666,0.17066666666666666,0.17066666666666666,0.17066666666666666,0.17066666666666666,1727,0.7675555555555555,2250,1.0,2250,1.0,1.0,1.0,2.1380208333333335,0,1.0,1.0,0.9036458333333334,0,1.0,1.0,0.3802083333333333,0,1.0,1.0,0.3385416666666667,0,1023,0.9175766643069982,0.20039100684261973,0.10752688172043011,0.9175036417992392,0.12609970674486803,0.01270772238514174,0.9111010109437461,0.14271749755620725,0.0,none,strict_large_or_trivial,possibly_too_permissive
shuffled_admissibility_control_balanced_8070800,8070800,balanced,shuffled_admissibility_control,1,2250,14667,"{""min_capacity_strict"": 1, ""min_integrity_strict"": 2, ""min_option_strict"": 1, ""min_reach_h4"": 5, ""min_repair_strict"": 1, ""regime"": ""balanced""}","{""commit_load"": 1, ""consume_bias"": 1, ""decay_load"": 1, ""regime"": ""balanced"", ""repair_bonus"": 0}","[""expand"", ""maintain"", ""repair"", ""harvest"", ""reroute"", ""decay_integrity"", ""decay_option"", ""commit_0""]",0.40437720000045374,2250,2250,2250,2250,2250,2250,2250,2250,2250,2250,2250,2250,1500,1500,1500,1500,288,288,288,288,288,288,288,288,0.128,0.128,0.128,0.128,0.128,0.128,897,0.39866666666666667,1700,0.7555555555555555,2250,1.0,1.0,0.9635555555555556,0.0,0,1.0,0.9391111111111111,0.0,0,1.0,0.7897777777777778,0.0,0,1.0,0.8217777777777778,0.0,0,954,1.0347416348201492,0.03563941299790356,0.319706498951782,0.9785872278803366,0.03773584905660377,0.014675052410901468,0.9673017479078666,0.04612159329140461,0.0,none,strict_large_or_trivial,possibly_too_permissive
shuffled_admissibility_control_permissive_9191201,9191201,permissive,shuffled_admissibility_control,1,2250,12579,"{""min_capacity_strict"": 1, ""min_integrity_strict"": 1, ""min_option_strict"": 1, ""min_reach_h4"": 8, ""min_repair_strict"": 1, ""regime"": ""permissive""}","{""commit_load"": 1, ""consume_bias"": 0, ""decay_load"": 0, ""regime"": ""permissive"", ""repair_bonus"": 0}","[""expand"", ""maintain"", ""repair"", ""harvest"", ""reroute"", ""decay_integrity"", ""decay_option"", ""commit_0""]",0.33267809999961173,2250,2250,2250,2250,2250,2250,2250,2250,2250,2250,2250,2250,1500,1500,1500,1500,384,384,384,384,384,384,384,384,0.17066666666666666,0.17066666666666666,0.17066666666666666,0.17066666666666666,0.17066666666666666,0.17066666666666666,1744,0.7751111111111111,2250,1.0,2250,1.0,1.0,1.0,2.1223958333333335,0,1.0,1.0,0.8854166666666666,0,1.0,1.0,0.3723958333333333,0,1.0,1.0,0.3359375,0,1010,0.9118808964765543,0.2,0.10198019801980197,0.9148029760074541,0.1297029702970297,0.013861386138613862,0.909057622027166,0.1405940594059406,0.0,none,strict_large_or_trivial,possibly_too_permissive
shuffled_admissibility_control_repair_rich_9480800,9480800,repair_rich,shuffled_admissibility_control,1,2250,14631,"{""min_capacity_strict"": 1, ""min_integrity_strict"": 2, ""min_option_strict"": 1, ""min_reach_h4"": 5, ""min_repair_strict"": 1, ""regime"": ""repair_rich""}","{""commit_load"": 1, ""consume_bias"": 1, ""decay_load"": 1, ""regime"": ""repair_rich"", ""repair_bonus"": 2}","[""expand"", ""maintain"", ""repair"", ""harvest"", ""reroute"", ""decay_integrity"", ""decay_option"", ""commit_0""]",0.38301899999896705,2250,2250,2250,2250,2250,2250,2250,2250,2250,2250,2250,2250,1500,1500,1500,1500,288,288,288,288,288,288,288,288,0.128,0.128,0.128,0.128,0.128,0.128,897,0.39866666666666667,1700,0.7555555555555555,2250,1.0,1.0,0.9635555555555556,0.0,0,1.0,0.9391111111111111,0.0,0,1.0,0.7897777777777778,0.0,0,1.0,0.8217777777777778,0.0,0,962,1.0095986805800952,0.057172557172557176,0.25467775467775466,0.9643797159341886,0.07484407484407485,0.0,0.960135671903345,0.07484407484407485,0.0,none,strict_large_or_trivial,possibly_too_permissive
shuffled_admissibility_control_harsh_7011701,7011701,harsh,shuffled_admissibility_control,1,2250,14397,"{""min_capacity_strict"": 2, ""min_integrity_strict"": 3, ""min_option_strict"": 1, ""min_reach_h4"": 3, ""min_repair_strict"": 1, ""regime"": ""harsh""}","{""commit_load"": 1, ""consume_bias"": 2, ""decay_load"": 2, ""regime"": ""harsh"", ""repair_bonus"": 0}","[""expand"", ""maintain"", ""repair"", ""harvest"", ""reroute"", ""decay_integrity"", ""decay_option"", ""commit_0""]",0.41119350000008126,2250,2250,2250,2250,2250,2250,2250,2250,2250,2250,2250,2250,1500,1500,1500,1500,144,140,140,140,144,140,140,140,0.06222222222222222,0.06222222222222222,0.06222222222222222,0.06222222222222222,0.06222222222222222,0.06222222222222222,908,0.40355555555555556,1798,0.7991111111111111,2250,1.0,1.0,0.6551111111111111,2.1527777777777777,0,1.0,0.5644444444444444,1.8611111111111112,0,1.0,0.7724444444444445,0.7430555555555556,0,1.0,0.7244444444444444,0.6944444444444444,0,228,0.9400732468466514,0.16228070175438597,0.15350877192982457,0.9229167391134794,0.11842105263157894,0.0043859649122807015,0.9204488789100195,0.11842105263157894,0.0,none,strict_moderate,strict_object_without_contraction_resolution
shuffled_admissibility_control_harsh_7011702,7011702,harsh,shuffled_admissibility_control,1,2250,14397,"{""min_capacity_strict"": 2, ""min_integrity_strict"": 3, ""min_option_strict"": 1, ""min_reach_h4"": 3, ""min_repair_strict"": 1, ""regime"": ""harsh""}","{""commit_load"": 1, ""consume_bias"": 2, ""decay_load"": 2, ""regime"": ""harsh"", ""repair_bonus"": 0}","[""expand"", ""maintain"", ""repair"", ""harvest"", ""reroute"", ""decay_integrity"", ""decay_option"", ""commit_0""]",0.41276809999908437,2250,2250,2250,2250,2250,2250,2250,2250,2250,2250,2250,2250,1500,1500,1500,1500,144,140,140,140,144,140,140,140,0.06222222222222222,0.06222222222222222,0.06222222222222222,0.06222222222222222,0.06222222222222222,0.06222222222222222,924,0.4106666666666667,1806,0.8026666666666666,2250,1.0,1.0,0.6568888888888889,2.1458333333333335,0,1.0,0.5768888888888889,1.8194444444444444,0,1.0,0.7831111111111111,0.7430555555555556,0,1.0,0.7244444444444444,0.75,0,221,0.9549247616506081,0.09502262443438914,0.18099547511312217,0.9289494768802437,0.12217194570135746,0.004524886877828055,0.9261844599637662,0.12217194570135746,0.0,none,strict_moderate,strict_object_without_contraction_resolution
shuffled_admissibility_control_repair_rich_9480801,9480801,repair_rich,shuffled_admissibility_control,1,2250,14631,"{""min_capacity_strict"": 1, ""min_integrity_strict"": 2, ""min_option_strict"": 1, ""min_reach_h4"": 5, ""min_repair_strict"": 1, ""regime"": ""repair_rich""}","{""commit_load"": 1, ""consume_bias"": 1, ""decay_load"": 1, ""regime"": ""repair_rich"", ""repair_bonus"": 2}","[""expand"", ""maintain"", ""repair"", ""harvest"", ""reroute"", ""decay_integrity"", ""decay_option"", ""commit_0""]",0.3762587999990501,2250,2250,2250,2250,2250,2250,2250,2250,2250,2250,2250,2250,1500,1500,1500,1500,288,288,288,288,288,288,288,288,0.128,0.128,0.128,0.128,0.128,0.128,897,0.39866666666666667,1700,0.7555555555555555,2250,1.0,1.0,0.9635555555555556,0.0,0,1.0,0.9391111111111111,0.0,0,1.0,0.7897777777777778,0.0,0,1.0,0.8217777777777778,0.0,0,962,1.0095986805800952,0.057172557172557176,0.25467775467775466,0.9643797159341886,0.07484407484407485,0.0,0.960135671903345,0.07484407484407485,0.0,none,strict_large_or_trivial,possibly_too_permissive
shuffled_admissibility_control_repair_rich_9480802,9480802,repair_rich,shuffled_admissibility_control,1,2250,14667,"{""min_capacity_strict"": 1, ""min_integrity_strict"": 2, ""min_option_strict"": 1, ""min_reach_h4"": 5, ""min_repair_strict"": 1, ""regime"": ""repair_rich""}","{""commit_load"": 1, ""consume_bias"": 1, ""decay_load"": 1, ""regime"": ""repair_rich"", ""repair_bonus"": 2}","[""expand"", ""maintain"", ""repair"", ""harvest"", ""reroute"", ""decay_integrity"", ""decay_option"", ""commit_0""]",0.3935266999997111,2250,2250,2250,2250,2250,2250,2250,2250,2250,2250,2250,2250,1500,1500,1500,1500,288,288,288,288,288,288,288,288,0.128,0.128,0.128,0.128,0.128,0.128,897,0.39866666666666667,1700,0.7555555555555555,2250,1.0,1.0,0.9635555555555556,0.0,0,1.0,0.9391111111111111,0.0,0,1.0,0.7897777777777778,0.0,0,1.0,0.8217777777777778,0.0,0,932,1.024327165547718,0.055793991416309016,0.28969957081545067,0.9729290903449899,0.0611587982832618,0.0,0.9673930697863802,0.0611587982832618,0.0,none,strict_large_or_trivial,possibly_too_permissive
no_perturbation_control_balanced_5445400,5445400,balanced,no_perturbation_control,1,2250,14667,"{""min_capacity_strict"": 1, ""min_integrity_strict"": 2, ""min_option_strict"": 1, ""min_reach_h4"": 5, ""min_repair_strict"": 0, ""regime"": ""balanced""}","{""commit_load"": 1, ""consume_bias"": 1, ""decay_load"": 1, ""regime"": ""balanced"", ""repair_bonus"": 0}","[""expand"", ""maintain"", ""repair"", ""harvest"", ""reroute"", ""decay_integrity"", ""decay_option"", ""commit_0""]",0.413346499999534,2250,2250,2250,2250,2250,2250,2250,2250,2250,2250,2250,2250,2250,2250,2250,2250,432,360,252,27,432,360,252,27,0.16,0.16,0.112,0.112,0.012,0.012,783,0.348,882,0.392,1125,0.5,0.7916666666666666,0.256,0.47368421052631576,90,0.8958333333333334,0.32,1.2325581395348837,45,0.9583333333333334,0.344,0.5652173913043478,18,1.0,0.392,0.0,0,18,0.3333333333333333,1.0,0.0,0.3333333333333333,1.0,0.0,0.3333333333333333,1.0,0.0,none,strict_moderate,strict_object_without_contraction_resolution
no_perturbation_control_balanced_5445401,5445401,balanced,no_perturbation_control,1,2250,14667,"{""min_capacity_strict"": 1, ""min_integrity_strict"": 2, ""min_option_strict"": 1, ""min_reach_h4"": 5, ""min_repair_strict"": 0, ""regime"": ""balanced""}","{""commit_load"": 1, ""consume_bias"": 1, ""decay_load"": 1, ""regime"": ""balanced"", ""repair_bonus"": 0}","[""expand"", ""maintain"", ""repair"", ""harvest"", ""reroute"", ""decay_integrity"", ""decay_option"", ""commit_0""]",0.39528579999932845,2250,2250,2250,2250,2250,2250,2250,2250,2250,2250,2250,2250,2250,2250,2250,2250,432,360,252,27,432,360,252,27,0.16,0.16,0.112,0.112,0.012,0.012,783,0.348,882,0.392,1125,0.5,0.7916666666666666,0.256,0.47368421052631576,90,0.8958333333333334,0.32,1.2325581395348837,45,0.9583333333333334,0.344,0.5652173913043478,18,1.0,0.392,0.0,0,18,0.3333333333333333,1.0,0.0,0.3333333333333333,1.0,0.0,0.3333333333333333,1.0,0.0,none,strict_moderate,strict_object_without_contraction_resolution
no_perturbation_control_balanced_5445402,5445402,balanced,no_perturbation_control,1,2250,14667,"{""min_capacity_strict"": 1, ""min_integrity_strict"": 2, ""min_option_strict"": 1, ""min_reach_h4"": 5, ""min_repair_strict"": 0, ""regime"": ""balanced""}","{""commit_load"": 1, ""consume_bias"": 1, ""decay_load"": 1, ""regime"": ""balanced"", ""repair_bonus"": 0}","[""expand"", ""maintain"", ""repair"", ""harvest"", ""reroute"", ""decay_integrity"", ""decay_option"", ""commit_0""]",0.40975280000020575,2250,2250,2250,2250,2250,2250,2250,2250,2250,2250,2250,2250,2250,2250,2250,2250,432,360,252,27,432,360,252,27,0.16,0.16,0.112,0.112,0.012,0.012,783,0.348,882,0.392,1125,0.5,0.7916666666666666,0.256,0.47368421052631576,90,0.8958333333333334,0.32,1.2325581395348837,45,0.9583333333333334,0.344,0.5652173913043478,18,1.0,0.392,0.0,0,18,0.3333333333333333,1.0,0.0,0.3333333333333333,1.0,0.0,0.3333333333333333,1.0,0.0,none,strict_moderate,strict_object_without_contraction_resolution
shuffled_admissibility_control_commit_rich_9505001,9505001,commit_rich,shuffled_admissibility_control,1,2250,16431,"{""min_capacity_strict"": 1, ""min_integrity_strict"": 2, ""min_option_strict"": 1, ""min_reach_h4"": 5, ""min_repair_strict"": 1, ""regime"": ""commit_rich""}","{""commit_load"": 3, ""consume_bias"": 1, ""decay_load"": 1, ""regime"": ""commit_rich"", ""repair_bonus"": 0}","[""expand"", ""maintain"", ""repair"", ""harvest"", ""reroute"", ""decay_integrity"", ""decay_option"", ""commit_0"", ""commit_1"", ""commit_2""]",0.43852289999995264,2250,2250,2250,2250,2250,2250,2250,2250,2250,2250,2250,2250,1500,1500,1500,1500,288,288,288,288,288,288,288,288,0.128,0.128,0.128,0.128,0.128,0.128,897,0.39866666666666667,1700,0.7555555555555555,2250,1.0,1.0,0.9635555555555556,0.0,0,1.0,0.9391111111111111,0.0,0,1.0,0.7897777777777778,0.0,0,1.0,0.8217777777777778,0.0,0,988,1.0211295085477499,0.044534412955465584,0.27125506072874495,0.9673210224819049,0.053643724696356275,0.006072874493927126,0.9592292410993023,0.06174089068825911,0.0,none,strict_large_or_trivial,possibly_too_permissive
no_perturbation_control_harsh_4579500,4579500,harsh,no_perturbation_control,1,2250,14388,"{""min_capacity_strict"": 2, ""min_integrity_strict"": 3, ""min_option_strict"": 1, ""min_reach_h4"": 3, ""min_repair_strict"": 0, ""regime"": ""harsh""}","{""commit_load"": 1, ""consume_bias"": 2, ""decay_load"": 2, ""regime"": ""harsh"", ""repair_bonus"": 0}","[""expand"", ""maintain"", ""repair"", ""harvest"", ""reroute"", ""decay_integrity"", ""decay_option"", ""commit_0""]",0.41439469999932044,2250,2250,2250,2250,2250,2250,2250,2250,2250,2250,2250,2250,2250,2250,2250,2250,216,135,51,0,216,135,51,0,0.06,0.06,0.02266666666666667,0.02266666666666667,0.0,0.0,399,0.17733333333333334,405,0.18,405,0.18,0.4583333333333333,0.048,0.2727272727272727,117,0.5,0.052,1.3333333333333333,108,0.9166666666666666,0.148,0.696969696969697,18,1.0,0.18,0.0,0,0,0.0,0.0,0.0,0.0,0.0,0.0,0.0,0.0,0.0,viab_K_strict_H16,strict_zero,overfiltered_or_dead
shuffled_admissibility_control_commit_rich_9505000,9505000,commit_rich,shuffled_admissibility_control,1,2250,16431,"{""min_capacity_strict"": 1, ""min_integrity_strict"": 2, ""min_option_strict"": 1, ""min_reach_h4"": 5, ""min_repair_strict"": 1, ""regime"": ""commit_rich""}","{""commit_load"": 3, ""consume_bias"": 1, ""decay_load"": 1, ""regime"": ""commit_rich"", ""repair_bonus"": 0}","[""expand"", ""maintain"", ""repair"", ""harvest"", ""reroute"", ""decay_integrity"", ""decay_option"", ""commit_0"", ""commit_1"", ""commit_2""]",0.45416520000071614,2250,2250,2250,2250,2250,2250,2250,2250,2250,2250,2250,2250,1500,1500,1500,1500,288,288,288,288,288,288,288,288,0.128,0.128,0.128,0.128,0.128,0.128,897,0.39866666666666667,1700,0.7555555555555555,2250,1.0,1.0,0.9635555555555556,0.0,0,1.0,0.9391111111111111,0.0,0,1.0,0.7897777777777778,0.0,0,1.0,0.8217777777777778,0.0,0,988,1.0211295085477499,0.044534412955465584,0.27125506072874495,0.9673210224819049,0.053643724696356275,0.006072874493927126,0.9592292410993023,0.06174089068825911,0.0,none,strict_large_or_trivial,possibly_too_permissive
shuffled_admissibility_control_commit_rich_9505002,9505002,commit_rich,shuffled_admissibility_control,1,2250,16431,"{""min_capacity_strict"": 1, ""min_integrity_strict"": 2, ""min_option_strict"": 1, ""min_reach_h4"": 5, ""min_repair_strict"": 1, ""regime"": ""commit_rich""}","{""commit_load"": 3, ""consume_bias"": 1, ""decay_load"": 1, ""regime"": ""commit_rich"", ""repair_bonus"": 0}","[""expand"", ""maintain"", ""repair"", ""harvest"", ""reroute"", ""decay_integrity"", ""decay_option"", ""commit_0"", ""commit_1"", ""commit_2""]",0.4480813999998645,2250,2250,2250,2250,2250,2250,2250,2250,2250,2250,2250,2250,1500,1500,1500,1500,288,288,288,288,288,288,288,288,0.128,0.128,0.128,0.128,0.128,0.128,897,0.39866666666666667,1700,0.7555555555555555,2250,1.0,1.0,0.9635555555555556,0.0,0,1.0,0.9391111111111111,0.0,0,1.0,0.7897777777777778,0.0,0,1.0,0.8217777777777778,0.0,0,988,1.0211295085477499,0.044534412955465584,0.27125506072874495,0.9673210224819049,0.053643724696356275,0.006072874493927126,0.9592292410993023,0.06174089068825911,0.0,none,strict_large_or_trivial,possibly_too_permissive
no_perturbation_control_harsh_4579501,4579501,harsh,no_perturbation_control,1,2250,14397,"{""min_capacity_strict"": 2, ""min_integrity_strict"": 3, ""min_option_strict"": 1, ""min_reach_h4"": 3, ""min_repair_strict"": 0, ""regime"": ""harsh""}","{""commit_load"": 1, ""consume_bias"": 2, ""decay_load"": 2, ""regime"": ""harsh"", ""repair_bonus"": 0}","[""expand"", ""maintain"", ""repair"", ""harvest"", ""reroute"", ""decay_integrity"", ""decay_option"", ""commit_0""]",0.4167018999996799,2250,2250,2250,2250,2250,2250,2250,2250,2250,2250,2250,2250,2250,2250,2250,2250,216,135,51,0,216,135,51,0,0.06,0.06,0.02266666666666667,0.02266666666666667,0.0,0.0,399,0.17733333333333334,405,0.18,405,0.18,0.4583333333333333,0.048,0.2727272727272727,117,0.5,0.052,1.3333333333333333,108,0.9166666666666666,0.148,0.696969696969697,18,1.0,0.18,0.0,0,0,0.0,0.0,0.0,0.0,0.0,0.0,0.0,0.0,0.0,viab_K_strict_H16,strict_zero,overfiltered_or_dead
no_perturbation_control_harsh_4579502,4579502,harsh,no_perturbation_control,1,2250,14388,"{""min_capacity_strict"": 2, ""min_integrity_strict"": 3, ""min_option_strict"": 1, ""min_reach_h4"": 3, ""min_repair_strict"": 0, ""regime"": ""harsh""}","{""commit_load"": 1, ""consume_bias"": 2, ""decay_load"": 2, ""regime"": ""harsh"", ""repair_bonus"": 0}","[""expand"", ""maintain"", ""repair"", ""harvest"", ""reroute"", ""decay_integrity"", ""decay_option"", ""commit_0""]",0.4134881000009045,2250,2250,2250,2250,2250,2250,2250,2250,2250,2250,2250,2250,2250,2250,2250,2250,216,135,51,0,216,135,51,0,0.06,0.06,0.02266666666666667,0.02266666666666667,0.0,0.0,399,0.17733333333333334,405,0.18,405,0.18,0.4583333333333333,0.048,0.2727272727272727,117,0.5,0.052,1.3333333333333333,108,0.9166666666666666,0.148,0.696969696969697,18,1.0,0.18,0.0,0,0,0.0,0.0,0.0,0.0,0.0,0.0,0.0,0.0,0.0,viab_K_strict_H16,strict_zero,overfiltered_or_dead
shuffled_admissibility_control_capacity_tight_10928201,10928201,capacity_tight,shuffled_admissibility_control,1,2250,14253,"{""min_capacity_strict"": 2, ""min_integrity_strict"": 2, ""min_option_strict"": 1, ""min_reach_h4"": 5, ""min_repair_strict"": 1, ""regime"": ""capacity_tight""}","{""commit_load"": 1, ""consume_bias"": 2, ""decay_load"": 1, ""regime"": ""capacity_tight"", ""repair_bonus"": 0}","[""expand"", ""maintain"", ""repair"", ""harvest"", ""reroute"", ""decay_integrity"", ""decay_option"", ""commit_0""]",0.39029219999974885,2250,2250,2250,2250,2250,2250,2250,2250,2250,2250,2250,2250,1500,1500,1500,1500,216,216,216,216,216,216,216,216,0.096,0.096,0.096,0.096,0.096,0.096,1087,0.4831111111111111,1950,0.8666666666666667,2250,1.0,1.0,0.9604444444444444,0.0,0,1.0,0.9968888888888889,0.0,0,1.0,0.9164444444444444,0.0,0,1.0,0.9333333333333333,0.0,0,620,1.0448607770217337,0.035483870967741936,0.33064516129032256,0.9748776005100399,0.056451612903225805,0.004838709677419355,0.9640854640112635,0.05806451612903226,0.0,none,strict_moderate,strict_object_without_contraction_resolution
no_perturbation_control_repair_rich_6610400,6610400,repair_rich,no_perturbation_control,1,2250,14667,"{""min_capacity_strict"": 1, ""min_integrity_strict"": 2, ""min_option_strict"": 1, ""min_reach_h4"": 5, ""min_repair_strict"": 0, ""regime"": ""repair_rich""}","{""commit_load"": 1, ""consume_bias"": 1, ""decay_load"": 1, ""regime"": ""repair_rich"", ""repair_bonus"": 2}","[""expand"", ""maintain"", ""repair"", ""harvest"", ""reroute"", ""decay_integrity"", ""decay_option"", ""commit_0""]",0.37718520000089484,2250,2250,2250,2250,2250,2250,2250,2250,2250,2250,2250,2250,2250,2250,2250,2250,432,360,252,27,432,360,252,27,0.16,0.16,0.112,0.112,0.012,0.012,783,0.348,882,0.392,1125,0.5,0.7916666666666666,0.256,0.47368421052631576,90,0.8958333333333334,0.32,1.2325581395348837,45,0.9583333333333334,0.344,0.5652173913043478,18,1.0,0.392,0.0,0,18,0.3333333333333333,1.0,0.0,0.3333333333333333,1.0,0.0,0.3333333333333333,1.0,0.0,none,strict_moderate,strict_object_without_contraction_resolution
shuffled_admissibility_control_capacity_tight_10928200,10928200,capacity_tight,shuffled_admissibility_control,1,2250,14289,"{""min_capacity_strict"": 2, ""min_integrity_strict"": 2, ""min_option_strict"": 1, ""min_reach_h4"": 5, ""min_repair_strict"": 1, ""regime"": ""capacity_tight""}","{""commit_load"": 1, ""consume_bias"": 2, ""decay_load"": 1, ""regime"": ""capacity_tight"", ""repair_bonus"": 0}","[""expand"", ""maintain"", ""repair"", ""harvest"", ""reroute"", ""decay_integrity"", ""decay_option"", ""commit_0""]",0.38704260000122304,2250,2250,2250,2250,2250,2250,2250,2250,2250,2250,2250,2250,1500,1500,1500,1500,216,216,216,216,216,216,216,216,0.096,0.096,0.096,0.096,0.096,0.096,1087,0.4831111111111111,1950,0.8666666666666667,2250,1.0,1.0,0.9604444444444444,0.0,0,1.0,0.9968888888888889,0.0,0,1.0,0.9164444444444444,0.0,0,1.0,0.9333333333333333,0.0,0,604,1.0506637564917345,0.023178807947019868,0.3195364238410596,0.9831504509850049,0.04470198675496689,0.019867549668874173,0.9701687326031517,0.046357615894039736,0.0,none,strict_moderate,strict_object_without_contraction_resolution
no_perturbation_control_repair_rich_6610401,6610401,repair_rich,no_perturbation_control,1,2250,14667,"{""min_capacity_strict"": 1, ""min_integrity_strict"": 2, ""min_option_strict"": 1, ""min_reach_h4"": 5, ""min_repair_strict"": 0, ""regime"": ""repair_rich""}","{""commit_load"": 1, ""consume_bias"": 1, ""decay_load"": 1, ""regime"": ""repair_rich"", ""repair_bonus"": 2}","[""expand"", ""maintain"", ""repair"", ""harvest"", ""reroute"", ""decay_integrity"", ""decay_option"", ""commit_0""]",0.3830380999988847,2250,2250,2250,2250,2250,2250,2250,2250,2250,2250,2250,2250,2250,2250,2250,2250,432,360,252,27,432,360,252,27,0.16,0.16,0.112,0.112,0.012,0.012,783,0.348,882,0.392,1125,0.5,0.7916666666666666,0.256,0.47368421052631576,90,0.8958333333333334,0.32,1.2325581395348837,45,0.9583333333333334,0.344,0.5652173913043478,18,1.0,0.392,0.0,0,18,0.3333333333333333,1.0,0.0,0.3333333333333333,1.0,0.0,0.3333333333333333,1.0,0.0,none,strict_moderate,strict_object_without_contraction_resolution
shuffled_admissibility_control_capacity_tight_10928202,10928202,capacity_tight,shuffled_admissibility_control,1,2250,14289,"{""min_capacity_strict"": 2, ""min_integrity_strict"": 2, ""min_option_strict"": 1, ""min_reach_h4"": 5, ""min_repair_strict"": 1, ""regime"": ""capacity_tight""}","{""commit_load"": 1, ""consume_bias"": 2, ""decay_load"": 1, ""regime"": ""capacity_tight"", ""repair_bonus"": 0}","[""expand"", ""maintain"", ""repair"", ""harvest"", ""reroute"", ""decay_integrity"", ""decay_option"", ""commit_0""]",0.4054177999987587,2250,2250,2250,2250,2250,2250,2250,2250,2250,2250,2250,2250,1500,1500,1500,1500,216,216,216,216,216,216,216,216,0.096,0.096,0.096,0.096,0.096,0.096,1087,0.4831111111111111,1950,0.8666666666666667,2250,1.0,1.0,0.9604444444444444,0.0,0,1.0,0.9968888888888889,0.0,0,1.0,0.9164444444444444,0.0,0,1.0,0.9333333333333333,0.0,0,604,1.0506637564917345,0.023178807947019868,0.3195364238410596,0.9831504509850049,0.04470198675496689,0.019867549668874173,0.9701687326031517,0.046357615894039736,0.0,none,strict_moderate,strict_object_without_contraction_resolution
no_perturbation_control_repair_rich_6610402,6610402,repair_rich,no_perturbation_control,1,2250,14631,"{""min_capacity_strict"": 1, ""min_integrity_strict"": 2, ""min_option_strict"": 1, ""min_reach_h4"": 5, ""min_repair_strict"": 0, ""regime"": ""repair_rich""}","{""commit_load"": 1, ""consume_bias"": 1, ""decay_load"": 1, ""regime"": ""repair_rich"", ""repair_bonus"": 2}","[""expand"", ""maintain"", ""repair"", ""harvest"", ""reroute"", ""decay_integrity"", ""decay_option"", ""commit_0""]",0.3656745999996929,2250,2250,2250,2250,2250,2250,2250,2250,2250,2250,2250,2250,2250,2250,2250,2250,432,360,252,27,432,360,252,27,0.16,0.16,0.112,0.112,0.012,0.012,783,0.348,882,0.392,1125,0.5,0.7916666666666666,0.256,0.47368421052631576,90,0.8958333333333334,0.32,1.2325581395348837,45,0.9583333333333334,0.344,0.5652173913043478,18,1.0,0.392,0.0,0,18,0.3333333333333333,1.0,0.0,0.3333333333333333,1.0,0.0,0.3333333333333333,1.0,0.0,none,strict_moderate,strict_object_without_contraction_resolution
no_perturbation_control_permissive_6366300,6366300,permissive,no_perturbation_control,1,2250,12543,"{""min_capacity_strict"": 1, ""min_integrity_strict"": 1, ""min_option_strict"": 1, ""min_reach_h4"": 8, ""min_repair_strict"": 0, ""regime"": ""permissive""}","{""commit_load"": 1, ""consume_bias"": 0, ""decay_load"": 0, ""regime"": ""permissive"", ""repair_bonus"": 0}","[""expand"", ""maintain"", ""repair"", ""harvest"", ""reroute"", ""decay_integrity"", ""decay_option"", ""commit_0""]",0.30885789999956614,2250,2250,2250,2250,2250,2250,2250,2250,2250,2250,2250,2250,2250,2250,2250,2250,576,576,576,576,576,576,576,576,0.256,0.256,0.256,0.256,0.256,0.256,981,0.436,1098,0.488,1125,0.5,1.0,0.464,0.75,0,1.0,0.464,0.6875,0,1.0,0.48,0.625,0,1.0,0.488,0.0,0,2421,0.8547429822683055,0.35687732342007433,0.13506815365551425,0.8641468761184837,0.26022304832713755,0.04337050805452292,0.8663707372756057,0.25154894671623296,0.0,none,strict_large_or_trivial,possibly_too_permissive
no_perturbation_control_permissive_6366302,6366302,permissive,no_perturbation_control,1,2250,12543,"{""min_capacity_strict"": 1, ""min_integrity_strict"": 1, ""min_option_strict"": 1, ""min_reach_h4"": 8, ""min_repair_strict"": 0, ""regime"": ""permissive""}","{""commit_load"": 1, ""consume_bias"": 0, ""decay_load"": 0, ""regime"": ""permissive"", ""repair_bonus"": 0}","[""expand"", ""maintain"", ""repair"", ""harvest"", ""reroute"", ""decay_integrity"", ""decay_option"", ""commit_0""]",0.320594799999526,2250,2250,2250,2250,2250,2250,2250,2250,2250,2250,2250,2250,2250,2250,2250,2250,576,576,576,576,576,576,576,576,0.256,0.256,0.256,0.256,0.256,0.256,981,0.436,1098,0.488,1125,0.5,1.0,0.464,0.75,0,1.0,0.464,0.6875,0,1.0,0.48,0.625,0,1.0,0.488,0.0,0,2421,0.8547429822683055,0.35687732342007433,0.13506815365551425,0.8641468761184837,0.26022304832713755,0.04337050805452292,0.8663707372756057,0.25154894671623296,0.0,none,strict_large_or_trivial,possibly_too_permissive
no_perturbation_control_capacity_tight_7830301,7830301,capacity_tight,no_perturbation_control,1,2250,14253,"{""min_capacity_strict"": 2, ""min_integrity_strict"": 2, ""min_option_strict"": 1, ""min_reach_h4"": 5, ""min_repair_strict"": 0, ""regime"": ""capacity_tight""}","{""commit_load"": 1, ""consume_bias"": 2, ""decay_load"": 1, ""regime"": ""capacity_tight"", ""repair_bonus"": 0}","[""expand"", ""maintain"", ""repair"", ""harvest"", ""reroute"", ""decay_integrity"", ""decay_option"", ""commit_0""]",0.2753054999993765,2250,2250,2250,2250,2250,2250,2250,2250,2250,2250,2250,2250,2250,2250,2250,2250,324,249,144,0,324,249,144,0,0.11066666666666666,0.11066666666666666,0.064,0.064,0.0,0.0,576,0.256,660,0.29333333333333333,693,0.308,0.5740740740740741,0.12533333333333332,0.5806451612903226,138,0.8611111111111112,0.208,1.3225806451612903,45,0.9444444444444444,0.22666666666666666,0.7254901960784313,18,1.0,0.2906666666666667,0.0,0,0,0.0,0.0,0.0,0.0,0.0,0.0,0.0,0.0,0.0,viab_K_strict_H16,strict_zero,overfiltered_or_dead
no_perturbation_control_capacity_tight_7830302,7830302,capacity_tight,no_perturbation_control,1,2250,14289,"{""min_capacity_strict"": 2, ""min_integrity_strict"": 2, ""min_option_strict"": 1, ""min_reach_h4"": 5, ""min_repair_strict"": 0, ""regime"": ""capacity_tight""}","{""commit_load"": 1, ""consume_bias"": 2, ""decay_load"": 1, ""regime"": ""capacity_tight"", ""repair_bonus"": 0}","[""expand"", ""maintain"", ""repair"", ""harvest"", ""reroute"", ""decay_integrity"", ""decay_option"", ""commit_0""]",0.2884790999996767,2250,2250,2250,2250,2250,2250,2250,2250,2250,2250,2250,2250,2250,2250,2250,2250,324,249,144,0,324,249,144,0,0.11066666666666666,0.11066666666666666,0.064,0.064,0.0,0.0,576,0.256,660,0.29333333333333333,693,0.308,0.5740740740740741,0.12533333333333332,0.5806451612903226,138,0.8611111111111112,0.208,1.3225806451612903,45,0.9444444444444444,0.22666666666666666,0.7254901960784313,18,1.0,0.2906666666666667,0.0,0,0,0.0,0.0,0.0,0.0,0.0,0.0,0.0,0.0,0.0,viab_K_strict_H16,strict_zero,overfiltered_or_dead
no_perturbation_control_capacity_tight_7830300,7830300,capacity_tight,no_perturbation_control,1,2250,14289,"{""min_capacity_strict"": 2, ""min_integrity_strict"": 2, ""min_option_strict"": 1, ""min_reach_h4"": 5, ""min_repair_strict"": 0, ""regime"": ""capacity_tight""}","{""commit_load"": 1, ""consume_bias"": 2, ""decay_load"": 1, ""regime"": ""capacity_tight"", ""repair_bonus"": 0}","[""expand"", ""maintain"", ""repair"", ""harvest"", ""reroute"", ""decay_integrity"", ""decay_option"", ""commit_0""]",0.29760069999974803,2250,2250,2250,2250,2250,2250,2250,2250,2250,2250,2250,2250,2250,2250,2250,2250,324,249,144,0,324,249,144,0,0.11066666666666666,0.11066666666666666,0.064,0.064,0.0,0.0,576,0.256,660,0.29333333333333333,693,0.308,0.5740740740740741,0.12533333333333332,0.5806451612903226,138,0.8611111111111112,0.208,1.3225806451612903,45,0.9444444444444444,0.22666666666666666,0.7254901960784313,18,1.0,0.2906666666666667,0.0,0,0,0.0,0.0,0.0,0.0,0.0,0.0,0.0,0.0,0.0,viab_K_strict_H16,strict_zero,overfiltered_or_dead
no_perturbation_control_commit_rich_6630400,6630400,commit_rich,no_perturbation_control,1,2250,16431,"{""min_capacity_strict"": 1, ""min_integrity_strict"": 2, ""min_option_strict"": 1, ""min_reach_h4"": 5, ""min_repair_strict"": 0, ""regime"": ""commit_rich""}","{""commit_load"": 3, ""consume_bias"": 1, ""decay_load"": 1, ""regime"": ""commit_rich"", ""repair_bonus"": 0}","[""expand"", ""maintain"", ""repair"", ""harvest"", ""reroute"", ""decay_integrity"", ""decay_option"", ""commit_0"", ""commit_1"", ""commit_2""]",0.34414599999945494,2250,2250,2250,2250,2250,2250,2250,2250,2250,2250,2250,2250,2250,2250,2250,2250,432,360,252,27,432,360,252,27,0.16,0.16,0.112,0.112,0.012,0.012,783,0.348,882,0.392,1125,0.5,0.7916666666666666,0.256,0.47368421052631576,90,0.8958333333333334,0.32,1.2325581395348837,45,0.9583333333333334,0.344,0.5652173913043478,18,1.0,0.392,0.0,0,18,0.3333333333333333,1.0,0.0,0.3333333333333333,1.0,0.0,0.3333333333333333,1.0,0.0,none,strict_moderate,strict_object_without_contraction_resolution
no_perturbation_control_commit_rich_6630401,6630401,commit_rich,no_perturbation_control,1,2250,16431,"{""min_capacity_strict"": 1, ""min_integrity_strict"": 2, ""min_option_strict"": 1, ""min_reach_h4"": 5, ""min_repair_strict"": 0, ""regime"": ""commit_rich""}","{""commit_load"": 3, ""consume_bias"": 1, ""decay_load"": 1, ""regime"": ""commit_rich"", ""repair_bonus"": 0}","[""expand"", ""maintain"", ""repair"", ""harvest"", ""reroute"", ""decay_integrity"", ""decay_option"", ""commit_0"", ""commit_1"", ""commit_2""]",0.3366004999988945,2250,2250,2250,2250,2250,2250,2250,2250,2250,2250,2250,2250,2250,2250,2250,2250,432,360,252,27,432,360,252,27,0.16,0.16,0.112,0.112,0.012,0.012,783,0.348,882,0.392,1125,0.5,0.7916666666666666,0.256,0.47368421052631576,90,0.8958333333333334,0.32,1.2325581395348837,45,0.9583333333333334,0.344,0.5652173913043478,18,1.0,0.392,0.0,0,18,0.3333333333333333,1.0,0.0,0.3333333333333333,1.0,0.0,0.3333333333333333,1.0,0.0,none,strict_moderate,strict_object_without_contraction_resolution
no_perturbation_control_commit_rich_6630402,6630402,commit_rich,no_perturbation_control,1,2250,16431,"{""min_capacity_strict"": 1, ""min_integrity_strict"": 2, ""min_option_strict"": 1, ""min_reach_h4"": 5, ""min_repair_strict"": 0, ""regime"": ""commit_rich""}","{""commit_load"": 3, ""consume_bias"": 1, ""decay_load"": 1, ""regime"": ""commit_rich"", ""repair_bonus"": 0}","[""expand"", ""maintain"", ""repair"", ""harvest"", ""reroute"", ""decay_integrity"", ""decay_option"", ""commit_0"", ""commit_1"", ""commit_2""]",0.32693790000121226,2250,2250,2250,2250,2250,2250,2250,2250,2250,2250,2250,2250,2250,2250,2250,2250,432,360,252,27,432,360,252,27,0.16,0.16,0.112,0.112,0.012,0.012,783,0.348,882,0.392,1125,0.5,0.7916666666666666,0.256,0.47368421052631576,90,0.8958333333333334,0.32,1.2325581395348837,45,0.9583333333333334,0.344,0.5652173913043478,18,1.0,0.392,0.0,0,18,0.3333333333333333,1.0,0.0,0.3333333333333333,1.0,0.0,0.3333333333333333,1.0,0.0,none,strict_moderate,strict_object_without_contraction_resolution
no_perturbation_control_permissive_6366301,6366301,permissive,no_perturbation_control,1,2250,12579,"{""min_capacity_strict"": 1, ""min_integrity_strict"": 1, ""min_option_strict"": 1, ""min_reach_h4"": 8, ""min_repair_strict"": 0, ""regime"": ""permissive""}","{""commit_load"": 1, ""consume_bias"": 0, ""decay_load"": 0, ""regime"": ""permissive"", ""repair_bonus"": 0}","[""expand"", ""maintain"", ""repair"", ""harvest"", ""reroute"", ""decay_integrity"", ""decay_option"", ""commit_0""]",0.34501579999960086,2250,2250,2250,2250,2250,2250,2250,2250,2250,2250,2250,2250,2250,2250,2250,2250,576,576,576,576,576,576,576,576,0.256,0.256,0.256,0.256,0.256,0.256,981,0.436,1098,0.488,1125,0.5,1.0,0.464,0.75,0,1.0,0.464,0.6875,0,1.0,0.48,0.625,0,1.0,0.488,0.0,0,2421,0.8547429822683055,0.35687732342007433,0.13506815365551425,0.8641468761184837,0.26022304832713755,0.04337050805452292,0.8663707372756057,0.25154894671623296,0.0,none,strict_large_or_trivial,possibly_too_permissive
