space,parent_rule_id,control_rule_id,control_type,output_entropy_difference,dependency_degree_difference,activity_density_difference,quiescent_preservation_match,rule_table_hamming_distance,left_right_dependency_preserved,center_dependency_preserved
q3_radius1,q3g3_s1_00009,q3g3_s1_00009_center_only_projection,center_only_projection,0.6265533546624196,2.0,0.19881823405265187,True,0.5185185185185185,False,True
q3_radius1,q3g3_s1_00009,q3g3_s1_00009_left_neighbor_removed,left_neighbor_removed,0.5537731288786869,1.0,0.19881415909338962,True,0.4074074074074074,True,True
q3_radius1,q3g3_s1_00009,q3g3_s1_00009_left_right_symmetrized_rule,left_right_symmetrized_rule,0.15715989555373455,0.0,0.009291531746847603,True,0.2962962962962963,False,True
q3_radius1,q3g3_s1_00009,q3g3_s1_00009_symbol_phase_only,symbol_phase_only,0.04011331200424695,2.0,0.13299290865872726,True,0.5185185185185185,False,True
q3_radius1,q3g3_s1_00009,q3g3_s1_00009_right_neighbor_removed,right_neighbor_removed,0.014356131959426532,1.0,0.07661588692370758,True,0.4074074074074074,True,True
q3_radius1,q3g3_s1_00009,q3g3_s1_00009_output_histogram_random,output_distribution_matched_random,0.0,0.0,0.04840451761683218,False,0.5925925925925926,True,True
q3_radius1,q3g3_s1_00013,q3g3_s1_00013_right_neighbor_removed,right_neighbor_removed,0.10423235687436727,1.0,0.001104373448540974,True,0.5555555555555556,True,True
q3_radius1,q3g3_s1_00013,q3g3_s1_00013_symbol_phase_only,symbol_phase_only,0.5375806379732699,2.0,0.42376706009952175,False,0.48148148148148145,False,True
q3_radius1,q3g3_s1_00013,q3g3_s1_00013_center_only_projection,center_only_projection,0.5375806379732699,2.0,0.03439199188609182,True,0.6666666666666666,False,True
q3_radius1,q3g3_s1_00013,q3g3_s1_00013_left_neighbor_removed,left_neighbor_removed,0.5375806379732699,1.0,0.03439028655034215,True,0.3333333333333333,True,True
q3_radius1,q3g3_s1_00013,q3g3_s1_00013_left_right_symmetrized_rule,left_right_symmetrized_rule,0.2020750814561727,0.0,0.011231638689642276,True,0.18518518518518517,False,True
q3_radius1,q3g3_s1_00013,q3g3_s1_00013_output_histogram_random,output_distribution_matched_random,0.0,0.0,0.02696664276023908,True,0.5555555555555556,True,True
q3_radius1,q3g3_s1_00018,q3g3_s1_00018_symbol_phase_only,symbol_phase_only,0.6265533546624196,2.0,0.46392558533468353,True,0.5185185185185185,False,True
q3_radius1,q3g3_s1_00018,q3g3_s1_00018_right_neighbor_removed,right_neighbor_removed,0.1932050735635169,1.0,0.001832869085419686,True,0.37037037037037035,True,True
q3_radius1,q3g3_s1_00018,q3g3_s1_00018_center_only_projection,center_only_projection,0.6265533546624196,2.0,0.03488830407770371,True,0.6296296296296297,False,True
q3_radius1,q3g3_s1_00018,q3g3_s1_00018_left_neighbor_removed,left_neighbor_removed,0.10932868443424248,1.0,0.03248234303296582,True,0.5185185185185185,True,True
q3_radius1,q3g3_s1_00018,q3g3_s1_00018_output_histogram_random,output_distribution_matched_random,0.0,0.0,0.12675485988961477,True,0.6296296296296297,True,True
q3_radius1,q3g3_s1_00018,q3g3_s1_00018_left_right_symmetrized_rule,left_right_symmetrized_rule,0.15715989555373455,0.0,0.040965059812073656,True,0.2222222222222222,False,True
q3_radius1,q3g3_s1_00026,q3g3_s1_00026_center_only_projection,center_only_projection,0.6265533546624196,2.0,0.6587209720128229,True,0.5925925925925926,False,True
q3_radius1,q3g3_s1_00026,q3g3_s1_00026_left_neighbor_removed,left_neighbor_removed,0.1932050735635169,1.0,0.5071840540320165,True,0.48148148148148145,True,True
q3_radius1,q3g3_s1_00026,q3g3_s1_00026_right_neighbor_removed,right_neighbor_removed,0.014356131959426532,1.0,0.18665603726927993,True,0.3333333333333333,True,True
q3_radius1,q3g3_s1_00026,q3g3_s1_00026_left_right_symmetrized_rule,left_right_symmetrized_rule,0.15715989555373455,0.0,0.5683989348234953,True,0.25925925925925924,False,True
q3_radius1,q3g3_s1_00026,q3g3_s1_00026_symbol_phase_only,symbol_phase_only,0.6265533546624196,2.0,0.44203797774782727,True,0.5185185185185185,False,True
q3_radius1,q3g3_s1_00026,q3g3_s1_00026_output_histogram_random,output_distribution_matched_random,0.0,0.0,0.19938442535102952,False,0.48148148148148145,True,True
q3_radius1,q3g3_s1_00030,q3g3_s1_00030_center_only_projection,center_only_projection,0.6224137511382075,2.0,0.3110961715767645,True,0.6296296296296297,False,True
q3_radius1,q3g3_s1_00030,q3g3_s1_00030_right_neighbor_removed,right_neighbor_removed,0.10518908091003043,1.0,0.3107125999247431,True,0.4074074074074074,True,True
q3_radius1,q3g3_s1_00030,q3g3_s1_00030_symbol_phase_only,symbol_phase_only,0.6224137511382075,2.0,0.5784061920185845,False,0.48148148148148145,False,True
q3_radius1,q3g3_s1_00030,q3g3_s1_00030_left_neighbor_removed,left_neighbor_removed,0.044252915528459,1.0,0.09747821096478537,True,0.37037037037037035,True,True
q3_radius1,q3g3_s1_00030,q3g3_s1_00030_output_histogram_random,output_distribution_matched_random,0.0,0.0,0.080644118003523,False,0.7037037037037037,True,True
q3_radius1,q3g3_s1_00030,q3g3_s1_00030_left_right_symmetrized_rule,left_right_symmetrized_rule,0.1606152489093673,0.0,0.017373504539524465,True,0.2222222222222222,False,True
q3_radius1,q3g3_s1_00043,q3g3_s1_00043_center_only_projection,center_only_projection,1.486565953154142,2.0,0.30653040280506316,True,0.6666666666666666,False,False
q3_radius1,q3g3_s1_00043,q3g3_s1_00043_symbol_phase_only,symbol_phase_only,1.486565953154142,2.0,0.6915210627208211,False,0.5185185185185185,False,False
q3_radius1,q3g3_s1_00043,q3g3_s1_00043_right_neighbor_removed,right_neighbor_removed,0.13492183800074975,1.0,0.18619115481212434,True,0.48148148148148145,True,True
q3_radius1,q3g3_s1_00043,q3g3_s1_00043_left_right_symmetrized_rule,left_right_symmetrized_rule,0.31353528359677907,0.0,0.20229309359644054,True,0.2222222222222222,False,True
q3_radius1,q3g3_s1_00043,q3g3_s1_00043_left_neighbor_removed,left_neighbor_removed,0.0439271036033404,1.0,0.08866479785663883,True,0.4444444444444444,True,True
q3_radius1,q3g3_s1_00043,q3g3_s1_00043_output_histogram_random,output_distribution_matched_random,0.0,0.0,0.5188120643065455,False,0.5925925925925926,True,True
q3_radius1,q3g3_s1_00045,q3g3_s1_00045_center_only_projection,center_only_projection,0.6607173732254816,2.0,0.10832661510365904,True,0.5185185185185185,False,True
q3_radius1,q3g3_s1_00045,q3g3_s1_00045_left_right_symmetrized_rule,left_right_symmetrized_rule,0.22736909212657896,0.0,0.10633013293369786,True,0.25925925925925924,False,True
q3_radius1,q3g3_s1_00045,q3g3_s1_00045_right_neighbor_removed,right_neighbor_removed,0.048520150522488814,1.0,0.010707119054961689,True,0.3333333333333333,True,True
q3_radius1,q3g3_s1_00045,q3g3_s1_00045_left_neighbor_removed,left_neighbor_removed,0.048520150522488814,1.0,0.01782966202307712,True,0.37037037037037035,True,True
q3_radius1,q3g3_s1_00045,q3g3_s1_00045_symbol_phase_only,symbol_phase_only,0.0059492934411848886,2.0,0.3359743630134726,False,0.4444444444444444,False,True
q3_radius1,q3g3_s1_00045,q3g3_s1_00045_output_histogram_random,output_distribution_matched_random,0.0,0.0,0.27322789242393086,True,0.48148148148148145,True,True
q3_radius1,q3g3_s1_00105,q3g3_s1_00105_center_only_projection,center_only_projection,0.5992329553445104,2.0,0.08604055383594267,True,0.5925925925925926,False,True
q3_radius1,q3g3_s1_00105,q3g3_s1_00105_left_neighbor_removed,left_neighbor_removed,0.08200828511633329,1.0,0.0856990504373275,True,0.37037037037037035,True,True
q3_radius1,q3g3_s1_00105,q3g3_s1_00105_left_right_symmetrized_rule,left_right_symmetrized_rule,0.06743371132215614,0.0,0.030159586509223568,True,0.18518518518518517,False,True
q3_radius1,q3g3_s1_00105,q3g3_s1_00105_right_neighbor_removed,right_neighbor_removed,0.06743371132215614,1.0,0.04899282870624189,True,0.48148148148148145,True,True
q3_radius1,q3g3_s1_00105,q3g3_s1_00105_symbol_phase_only,symbol_phase_only,0.5992329553445104,2.0,0.41298456917032167,True,0.48148148148148145,False,True
q3_radius1,q3g3_s1_00105,q3g3_s1_00105_output_histogram_random,output_distribution_matched_random,0.0,0.0,0.1469761759836693,True,0.6296296296296297,True,True
q3_radius1,q3g3_s1_00108,q3g3_s1_00108_symbol_phase_only,symbol_phase_only,1.5061046842206038,2.0,0.48445396101110705,False,0.5925925925925926,False,False
q3_radius1,q3g3_s1_00108,q3g3_s1_00108_center_only_projection,center_only_projection,0.5878088501661143,2.0,0.01457148918166723,True,0.5925925925925926,False,True
q3_radius1,q3g3_s1_00108,q3g3_s1_00108_left_neighbor_removed,left_neighbor_removed,0.024388372536878755,1.0,0.06368819268358611,True,0.4074074074074074,True,True
q3_radius1,q3g3_s1_00108,q3g3_s1_00108_left_right_symmetrized_rule,left_right_symmetrized_rule,0.027670084558491626,0.0,0.010877493994045417,True,0.18518518518518517,False,True
q3_radius1,q3g3_s1_00108,q3g3_s1_00108_right_neighbor_removed,right_neighbor_removed,0.024388372536878755,1.0,0.0581471304989542,True,0.5555555555555556,True,True
q3_radius1,q3g3_s1_00108,q3g3_s1_00108_output_histogram_random,output_distribution_matched_random,0.0,0.0,0.18275689613981777,True,0.7407407407407407,True,True
q3_radius1,q3g3_s1_00110,q3g3_s1_00110_symbol_phase_only,symbol_phase_only,0.6427191765388196,2.0,0.6207854015010762,False,0.5555555555555556,False,True
q3_radius1,q3g3_s1_00110,q3g3_s1_00110_right_neighbor_removed,right_neighbor_removed,0.030521953835826565,1.0,0.22190606090602671,True,0.4074074074074074,True,True
q3_radius1,q3g3_s1_00110,q3g3_s1_00110_center_only_projection,center_only_projection,0.023947490127846915,2.0,0.15992203403247335,True,0.5925925925925926,False,True
q3_radius1,q3g3_s1_00110,q3g3_s1_00110_left_neighbor_removed,left_neighbor_removed,0.20937089543991694,1.0,0.2727648342794377,True,0.4444444444444444,True,True
q3_radius1,q3g3_s1_00110,q3g3_s1_00110_left_right_symmetrized_rule,left_right_symmetrized_rule,0.07444905743916719,0.0,0.334991712861436,True,0.25925925925925924,False,True
q3_radius1,q3g3_s1_00110,q3g3_s1_00110_output_histogram_random,output_distribution_matched_random,0.0,0.0,0.42758023049476634,False,0.7777777777777778,True,True
q3_radius1,q3g3_s1_00114,q3g3_s1_00114_center_only_projection,center_only_projection,0.6494158234789691,2.0,0.6768540549076866,True,0.6296296296296297,False,True
q3_radius1,q3g3_s1_00114,q3g3_s1_00114_right_neighbor_removed,right_neighbor_removed,0.34331721212747257,1.0,0.676821792334841,True,0.48148148148148145,True,True
q3_radius1,q3g3_s1_00114,q3g3_s1_00114_left_neighbor_removed,left_neighbor_removed,0.132191153250792,1.0,0.3119754605358339,True,0.4074074074074074,True,True
q3_radius1,q3g3_s1_00114,q3g3_s1_00114_output_histogram_random,output_distribution_matched_random,0.0,0.0,0.2989690630679165,False,0.8148148148148148,True,True
q3_radius1,q3g3_s1_00114,q3g3_s1_00114_left_right_symmetrized_rule,left_right_symmetrized_rule,0.18002236437028407,0.0,0.5953673820669113,True,0.25925925925925924,False,True
q3_radius1,q3g3_s1_00114,q3g3_s1_00114_symbol_phase_only,symbol_phase_only,0.01725084318769743,2.0,0.460060808703526,True,0.5185185185185185,False,True
q3_radius1,q3g3_s1_00117,q3g3_s1_00117_center_only_projection,center_only_projection,0.6494158234789689,2.0,0.1620455637157855,True,0.7037037037037037,False,True
q3_radius1,q3g3_s1_00117,q3g3_s1_00117_right_neighbor_removed,right_neighbor_removed,0.01725084318769765,1.0,0.030959686418103205,True,0.5185185185185185,True,True
q3_radius1,q3g3_s1_00117,q3g3_s1_00117_left_neighbor_removed,left_neighbor_removed,0.03721860077597583,1.0,0.04962855209538963,True,0.48148148148148145,True,True
q3_radius1,q3g3_s1_00117,q3g3_s1_00117_left_right_symmetrized_rule,left_right_symmetrized_rule,0.03721860077597605,0.0,0.00363994001025425,True,0.2222222222222222,False,True
q3_radius1,q3g3_s1_00117,q3g3_s1_00117_symbol_phase_only,symbol_phase_only,0.01725084318769765,2.0,0.16976298133299828,False,0.5185185185185185,False,True
q3_radius1,q3g3_s1_00117,q3g3_s1_00117_output_histogram_random,output_distribution_matched_random,0.0,0.0,0.09764503642597155,True,0.5925925925925926,True,True
q3_radius1,q3g3_s1_00122,q3g3_s1_00122_center_only_projection,center_only_projection,0.6427191765388194,2.0,0.4969169413446993,True,0.5925925925925926,False,True
q3_radius1,q3g3_s1_00122,q3g3_s1_00122_left_neighbor_removed,left_neighbor_removed,0.030521953835826565,1.0,0.2766063310946637,True,0.48148148148148145,True,True
q3_radius1,q3g3_s1_00122,q3g3_s1_00122_right_neighbor_removed,right_neighbor_removed,0.030521953835826343,1.0,0.3238575360928363,True,0.37037037037037035,True,True
q3_radius1,q3g3_s1_00122,q3g3_s1_00122_symbol_phase_only,symbol_phase_only,0.6427191765388194,2.0,0.0018953517941083797,False,0.5185185185185185,False,True
q3_radius1,q3g3_s1_00122,q3g3_s1_00122_left_right_symmetrized_rule,left_right_symmetrized_rule,0.1332495055330727,0.0,0.09258651485529878,True,0.25925925925925924,False,True
q3_radius1,q3g3_s1_00122,q3g3_s1_00122_output_histogram_random,output_distribution_matched_random,0.0,0.0,0.13543154869550544,False,0.7037037037037037,True,True
q3_radius1,q3g3_s1_00123,q3g3_s1_00123_left_neighbor_removed,left_neighbor_removed,0.06743371132215614,1.0,0.2883212639187125,True,0.2962962962962963,True,True
q3_radius1,q3g3_s1_00123,q3g3_s1_00123_center_only_projection,center_only_projection,0.5992329553445104,2.0,0.3988210121635651,True,0.7037037037037037,False,True
q3_radius1,q3g3_s1_00123,q3g3_s1_00123_right_neighbor_removed,right_neighbor_removed,0.06743371132215614,1.0,0.02795400241507262,True,0.4444444444444444,True,True
q3_radius1,q3g3_s1_00123,q3g3_s1_00123_left_right_symmetrized_rule,left_right_symmetrized_rule,0.02318079579369714,0.0,0.4200404255788307,True,0.25925925925925924,False,True
q3_radius1,q3g3_s1_00123,q3g3_s1_00123_symbol_phase_only,symbol_phase_only,0.5992329553445104,2.0,0.2901818447100644,True,0.5185185185185185,False,True
q3_radius1,q3g3_s1_00123,q3g3_s1_00123_output_histogram_random,output_distribution_matched_random,0.0,0.0,0.44122331308187634,False,0.5555555555555556,True,True
q3_radius1,q3g3_s1_00133,q3g3_s1_00133_symbol_phase_only,symbol_phase_only,1.5098693043797229,2.0,0.5113588150946484,False,0.5185185185185185,False,False
q3_radius1,q3g3_s1_00133,q3g3_s1_00133_center_only_projection,center_only_projection,0.5915734703252333,2.0,0.012337162248339917,True,0.5925925925925926,False,True
q3_radius1,q3g3_s1_00133,q3g3_s1_00133_left_neighbor_removed,left_neighbor_removed,0.07434880009705624,1.0,0.03252597781572364,True,0.4444444444444444,True,True
q3_radius1,q3g3_s1_00133,q3g3_s1_00133_left_right_symmetrized_rule,left_right_symmetrized_rule,0.19930192464524366,0.0,0.05149888899358851,True,0.18518518518518517,False,True
q3_radius1,q3g3_s1_00133,q3g3_s1_00133_right_neighbor_removed,right_neighbor_removed,0.020623752377759486,1.0,0.01215090389140161,True,0.2962962962962963,True,True
q3_radius1,q3g3_s1_00133,q3g3_s1_00133_output_histogram_random,output_distribution_matched_random,0.0,0.0,0.06728066090564583,True,0.6666666666666666,True,True
q3_radius1,q3g3_s1_00162,q3g3_s1_00162_center_only_projection,center_only_projection,1.5663672668986361,2.0,0.07363737923050173,True,0.6296296296296297,False,False
q3_radius1,q3g3_s1_00162,q3g3_s1_00162_left_neighbor_removed,left_neighbor_removed,0.2147231517452437,1.0,0.06965191043608365,True,0.5555555555555556,True,True
q3_radius1,q3g3_s1_00162,q3g3_s1_00162_symbol_phase_only,symbol_phase_only,0.6480714328441466,2.0,0.8158881253743806,False,0.6296296296296297,False,True
q3_radius1,q3g3_s1_00162,q3g3_s1_00162_right_neighbor_removed,right_neighbor_removed,0.03587421014115355,1.0,0.09106892467397143,True,0.4444444444444444,True,True
q3_radius1,q3g3_s1_00162,q3g3_s1_00162_left_right_symmetrized_rule,left_right_symmetrized_rule,0.02151807818172702,0.0,0.26397870654328603,True,0.25925925925925924,False,True
q3_radius1,q3g3_s1_00162,q3g3_s1_00162_output_histogram_random,output_distribution_matched_random,0.0,0.0,0.1545605873271504,False,0.8148148148148148,True,True
q3_radius1,q3g3_s1_00164,q3g3_s1_00164_center_only_projection,center_only_projection,0.023947490127847137,2.0,0.035530908298306574,True,0.5555555555555556,False,True
q3_radius1,q3g3_s1_00164,q3g3_s1_00164_right_neighbor_removed,right_neighbor_removed,0.030521953835826343,1.0,0.051452041834186196,True,0.4444444444444444,True,True
q3_radius1,q3g3_s1_00164,q3g3_s1_00164_left_neighbor_removed,left_neighbor_removed,0.030521953835826565,1.0,0.035261336358202444,True,0.4074074074074074,True,True
q3_radius1,q3g3_s1_00164,q3g3_s1_00164_left_right_symmetrized_rule,left_right_symmetrized_rule,0.34267818625412816,0.0,0.018313709677931056,True,0.3333333333333333,False,True
q3_radius1,q3g3_s1_00164,q3g3_s1_00164_symbol_phase_only,symbol_phase_only,0.6427191765388194,2.0,0.14414800553448875,True,0.5555555555555556,False,True
q3_radius1,q3g3_s1_00164,q3g3_s1_00164_output_histogram_random,output_distribution_matched_random,0.0,0.0,0.40689543983702375,False,0.7777777777777778,True,True
q3_radius1,q3g3_s1_00175,q3g3_s1_00175_left_neighbor_removed,left_neighbor_removed,0.29313434399301386,1.0,0.08491161165491501,True,0.3333333333333333,True,True
q3_radius1,q3g3_s1_00175,q3g3_s1_00175_left_right_symmetrized_rule,left_right_symmetrized_rule,0.04883847749963621,0.0,0.6354325996582348,True,0.25925925925925924,False,True
q3_radius1,q3g3_s1_00175,q3g3_s1_00175_center_only_projection,center_only_projection,0.06743371132215614,2.0,0.5740649029370481,True,0.5555555555555556,False,True
q3_radius1,q3g3_s1_00175,q3g3_s1_00175_output_histogram_random,output_distribution_matched_random,0.0,0.0,0.028146388083018614,True,0.5555555555555556,True,True
q3_radius1,q3g3_s1_00175,q3g3_s1_00175_right_neighbor_removed,right_neighbor_removed,0.01296426735848244,1.0,0.5736834332104856,True,0.5555555555555556,True,True
q3_radius1,q3g3_s1_00175,q3g3_s1_00175_symbol_phase_only,symbol_phase_only,0.5992329553445104,2.0,0.5739072287834024,True,0.5185185185185185,False,True
q3_radius1,q3g3_s1_00214,q3g3_s1_00214_center_only_projection,center_only_projection,0.582944578036227,2.0,0.03601650265302658,True,0.5185185185185185,False,True
q3_radius1,q3g3_s1_00214,q3g3_s1_00214_left_neighbor_removed,left_neighbor_removed,0.14959629693732412,1.0,0.0359855884851924,True,0.4444444444444444,True,True
q3_radius1,q3g3_s1_00214,q3g3_s1_00214_left_right_symmetrized_rule,left_right_symmetrized_rule,0.24743902151912978,0.0,0.06542078406102791,True,0.18518518518518517,False,True
q3_radius1,q3g3_s1_00214,q3g3_s1_00214_right_neighbor_removed,right_neighbor_removed,0.5148136833598742,1.0,0.04254975297220198,True,0.37037037037037035,True,True
q3_radius1,q3g3_s1_00214,q3g3_s1_00214_symbol_phase_only,symbol_phase_only,0.582944578036227,2.0,0.036016978560677704,False,0.48148148148148145,False,True
q3_radius1,q3g3_s1_00214,q3g3_s1_00214_output_histogram_random,output_distribution_matched_random,0.0,0.0,0.06702663528214337,True,0.4444444444444444,True,True
q3_radius1,q3g3_s1_00216,q3g3_s1_00216_symbol_phase_only,symbol_phase_only,0.6224137511382075,2.0,0.30126440532800824,True,0.4444444444444444,False,True
q3_radius1,q3g3_s1_00216,q3g3_s1_00216_right_neighbor_removed,right_neighbor_removed,0.010216528435214478,1.0,0.030201367235090815,True,0.4074074074074074,True,True
q3_radius1,q3g3_s1_00216,q3g3_s1_00216_left_neighbor_removed,left_neighbor_removed,0.010216528435214478,1.0,0.004687353261807581,True,0.48148148148148145,True,True
q3_radius1,q3g3_s1_00216,q3g3_s1_00216_center_only_projection,center_only_projection,0.044252915528459,2.0,0.030545170854019532,True,0.48148148148148145,False,True
q3_radius1,q3g3_s1_00216,q3g3_s1_00216_left_right_symmetrized_rule,left_right_symmetrized_rule,0.027002072340761574,0.0,0.0642143680803029,True,0.14814814814814814,False,True
q3_radius1,q3g3_s1_00216,q3g3_s1_00216_output_histogram_random,output_distribution_matched_random,0.0,0.0,0.16872553239788923,False,0.6296296296296297,True,True
q3_radius1,q3g3_s1_00237,q3g3_s1_00237_center_only_projection,center_only_projection,0.6427191765388194,2.0,0.15371879592508841,True,0.7407407407407407,False,True
q3_radius1,q3g3_s1_00237,q3g3_s1_00237_right_neighbor_removed,right_neighbor_removed,0.16886778692877447,1.0,0.15363454044136304,True,0.4444444444444444,True,True
q3_radius1,q3g3_s1_00237,q3g3_s1_00237_left_neighbor_removed,left_neighbor_removed,0.030521953835826565,1.0,0.08599199142604774,True,0.4444444444444444,True,True
q3_radius1,q3g3_s1_00237,q3g3_s1_00237_symbol_phase_only,symbol_phase_only,0.6427191765388194,2.0,0.3453052364594755,False,0.48148148148148145,False,True
q3_radius1,q3g3_s1_00237,q3g3_s1_00237_left_right_symmetrized_rule,left_right_symmetrized_rule,0.3860203506201385,0.0,0.3156130804962891,True,0.2962962962962963,False,True
q3_radius1,q3g3_s1_00237,q3g3_s1_00237_output_histogram_random,output_distribution_matched_random,0.0,0.0,0.413958464604527,False,0.6666666666666666,True,True
q3_radius1,q3g3_s2_00000,q3g3_s2_00000_left_neighbor_removed,left_neighbor_removed,0.14944199643848943,1.0,0.24911697318292114,True,0.5185185185185185,True,True
q3_radius1,q3g3_s2_00000,q3g3_s2_00000_right_neighbor_removed,right_neighbor_removed,0.05446944396367348,1.0,0.43571560409179055,True,0.4444444444444444,True,True
q3_radius1,q3g3_s2_00000,q3g3_s2_00000_center_only_projection,center_only_projection,0.6666666666666665,2.0,0.03218308635312603,True,0.5185185185185185,False,True
q3_radius1,q3g3_s2_00000,q3g3_s2_00000_left_right_symmetrized_rule,left_right_symmetrized_rule,0.13840823132464397,0.0,0.17336448188568573,True,0.25925925925925924,False,True
q3_radius1,q3g3_s2_00000,q3g3_s2_00000_symbol_phase_only,symbol_phase_only,0.0,2.0,0.03302740601458437,True,0.48148148148148145,False,True
q3_radius1,q3g3_s2_00000,q3g3_s2_00000_output_histogram_random,output_distribution_matched_random,0.0,0.0,0.2567151858482831,False,0.5185185185185185,True,True
q3_radius1,q3g3_s2_00001,q3g3_s2_00001_left_right_symmetrized_rule,left_right_symmetrized_rule,0.22736909212657874,0.0,0.8042876582551576,True,0.25925925925925924,False,True
q3_radius1,q3g3_s2_00001,q3g3_s2_00001_center_only_projection,center_only_projection,0.005949293441185111,2.0,0.6274297564272915,True,0.5185185185185185,False,True
q3_radius1,q3g3_s2_00001,q3g3_s2_00001_left_neighbor_removed,left_neighbor_removed,0.005949293441185111,1.0,0.20384156820137367,True,0.3333333333333333,True,True
q3_radius1,q3g3_s2_00001,q3g3_s2_00001_right_neighbor_removed,right_neighbor_removed,0.04852015052248859,1.0,0.6265956092918747,True,0.48148148148148145,True,True
q3_radius1,q3g3_s2_00001,q3g3_s2_00001_symbol_phase_only,symbol_phase_only,0.6607173732254814,2.0,0.7359204307789149,True,0.5185185185185185,False,True
q3_radius1,q3g3_s2_00001,q3g3_s2_00001_output_histogram_random,output_distribution_matched_random,0.0,0.0,0.3380848151511229,True,0.7777777777777778,True,True
q3_radius1,q3g3_s2_00007,q3g3_s2_00007_symbol_phase_only,symbol_phase_only,0.5601387656076224,2.0,0.4468100624010112,False,0.4444444444444444,False,True
q3_radius1,q3g3_s2_00007,q3g3_s2_00007_right_neighbor_removed,right_neighbor_removed,0.0520584570953706,1.0,0.13419243389325453,True,0.5185185185185185,True,True
q3_radius1,q3g3_s2_00007,q3g3_s2_00007_center_only_projection,center_only_projection,0.10652790105904408,2.0,0.33305578994007373,True,0.5185185185185185,False,True
q3_radius1,q3g3_s2_00007,q3g3_s2_00007_left_neighbor_removed,left_neighbor_removed,0.0520584570953706,1.0,0.3356200101082786,True,0.48148148148148145,True,True
q3_radius1,q3g3_s2_00007,q3g3_s2_00007_left_right_symmetrized_rule,left_right_symmetrized_rule,0.06227498553058508,0.0,0.0468455432993472,True,0.2222222222222222,False,True
q3_radius1,q3g3_s2_00007,q3g3_s2_00007_output_histogram_random,output_distribution_matched_random,0.0,0.0,0.039548481029686444,False,0.4074074074074074,True,True
q3_radius1,q3g3_s2_00009,q3g3_s2_00009_center_only_projection,center_only_projection,0.6666666666666665,2.0,0.7135145895042693,True,0.7037037037037037,False,True
q3_radius1,q3g3_s2_00009,q3g3_s2_00009_left_neighbor_removed,left_neighbor_removed,0.05446944396367348,1.0,0.21162015978123483,True,0.5185185185185185,True,True
q3_radius1,q3g3_s2_00009,q3g3_s2_00009_symbol_phase_only,symbol_phase_only,0.6666666666666665,2.0,0.713585390682109,True,0.5185185185185185,False,True
q3_radius1,q3g3_s2_00009,q3g3_s2_00009_right_neighbor_removed,right_neighbor_removed,0.05446944396367348,1.0,0.062398621755578976,True,0.5185185185185185,True,True
q3_radius1,q3g3_s2_00009,q3g3_s2_00009_left_right_symmetrized_rule,left_right_symmetrized_rule,0.0983965475670141,0.0,0.5855242931819566,True,0.14814814814814814,False,True
q3_radius1,q3g3_s2_00009,q3g3_s2_00009_output_histogram_random,output_distribution_matched_random,0.0,0.0,0.20456588973156276,False,0.7037037037037037,True,True
q3_radius1,q3g3_s2_00014,q3g3_s2_00014_center_only_projection,center_only_projection,0.6427191765388192,2.0,0.732714389654783,True,0.6666666666666666,False,True
q3_radius1,q3g3_s2_00014,q3g3_s2_00014_right_neighbor_removed,right_neighbor_removed,0.03052195383582612,1.0,0.11763083772120198,True,0.3333333333333333,True,True
q3_radius1,q3g3_s2_00014,q3g3_s2_00014_left_neighbor_removed,left_neighbor_removed,0.16886778692877424,1.0,0.6476292005988823,True,0.48148148148148145,True,True
q3_radius1,q3g3_s2_00014,q3g3_s2_00014_symbol_phase_only,symbol_phase_only,0.02394749012784736,2.0,0.6233335796155428,True,0.5555555555555556,False,True
q3_radius1,q3g3_s2_00014,q3g3_s2_00014_left_right_symmetrized_rule,left_right_symmetrized_rule,0.05977459850259215,0.0,0.5181021389828014,True,0.2962962962962963,False,True
q3_radius1,q3g3_s2_00014,q3g3_s2_00014_output_histogram_random,output_distribution_matched_random,0.0,0.0,0.16046019635315145,False,0.7407407407407407,True,True
q3_radius1,q3g3_s2_00025,q3g3_s2_00025_center_only_projection,center_only_projection,0.6607173732254814,2.0,0.6773493260513117,True,0.5925925925925926,False,True
q3_radius1,q3g3_s2_00025,q3g3_s2_00025_left_right_symmetrized_rule,left_right_symmetrized_rule,0.11718531190328996,0.0,0.7519606502897326,True,0.2962962962962963,False,True
q3_radius1,q3g3_s2_00025,q3g3_s2_00025_right_neighbor_removed,right_neighbor_removed,0.1868659836154365,1.0,0.5925194614502112,True,0.48148148148148145,True,True
q3_radius1,q3g3_s2_00025,q3g3_s2_00025_left_neighbor_removed,left_neighbor_removed,0.5879371474417487,1.0,0.6839798994851314,True,0.48148148148148145,True,True
q3_radius1,q3g3_s2_00025,q3g3_s2_00025_symbol_phase_only,symbol_phase_only,0.005949293441185111,2.0,0.568990636754919,True,0.5555555555555556,False,True
q3_radius1,q3g3_s2_00025,q3g3_s2_00025_output_histogram_random,output_distribution_matched_random,0.0,0.0,0.12036420340039189,True,0.8148148148148148,True,True
q3_radius1,q3g3_s2_00027,q3g3_s2_00027_center_only_projection,center_only_projection,1.4618278953766808,2.0,0.46547409959858776,True,0.48148148148148145,False,False
q3_radius1,q3g3_s2_00027,q3g3_s2_00027_symbol_phase_only,symbol_phase_only,1.4618278953766808,2.0,0.46547516047605997,True,0.48148148148148145,False,False
q3_radius1,q3g3_s2_00027,q3g3_s2_00027_right_neighbor_removed,right_neighbor_removed,0.11018378022328834,1.0,0.30937064941088976,True,0.4074074074074074,True,True
q3_radius1,q3g3_s2_00027,q3g3_s2_00027_left_neighbor_removed,left_neighbor_removed,0.4754011666458384,1.0,0.4537845782601578,True,0.37037037037037035,True,True
q3_radius1,q3g3_s2_00027,q3g3_s2_00027_left_right_symmetrized_rule,left_right_symmetrized_rule,0.3023163462513012,0.0,0.3164869163468567,True,0.18518518518518517,False,True
q3_radius1,q3g3_s2_00027,q3g3_s2_00027_output_histogram_random,output_distribution_matched_random,0.0,0.0,0.0339266830949988,False,0.5925925925925926,True,True
q3_radius1,q3g3_s2_00028,q3g3_s2_00028_left_right_symmetrized_rule,left_right_symmetrized_rule,0.5492585419893818,0.0,0.23396731569365764,True,0.2962962962962963,False,True
q3_radius1,q3g3_s2_00028,q3g3_s2_00028_symbol_phase_only,symbol_phase_only,1.5175287893989997,2.0,0.23410141258908995,True,0.5185185185185185,False,False
q3_radius1,q3g3_s2_00028,q3g3_s2_00028_center_only_projection,center_only_projection,0.5992329553445102,2.0,0.12542594726245232,True,0.5555555555555556,False,True
q3_radius1,q3g3_s2_00028,q3g3_s2_00028_right_neighbor_removed,right_neighbor_removed,0.5311020606681573,1.0,0.20060246141023497,True,0.48148148148148145,True,True
q3_radius1,q3g3_s2_00028,q3g3_s2_00028_left_neighbor_removed,left_neighbor_removed,0.012964267358482884,1.0,0.05268911419943445,True,0.4074074074074074,True,True
q3_radius1,q3g3_s2_00028,q3g3_s2_00028_output_histogram_random,output_distribution_matched_random,0.0,0.0,0.13534809630594138,True,0.6666666666666666,True,True
q3_radius1,q3g3_s2_00032,q3g3_s2_00032_right_neighbor_removed,right_neighbor_removed,0.03721860077597583,1.0,0.04699534514726489,True,0.4074074074074074,True,True
q3_radius1,q3g3_s2_00032,q3g3_s2_00032_center_only_projection,center_only_projection,0.6494158234789689,2.0,0.7183447448056266,True,0.7037037037037037,False,True
q3_radius1,q3g3_s2_00032,q3g3_s2_00032_left_neighbor_removed,left_neighbor_removed,0.17556443386892395,1.0,0.1564493458173427,True,0.48148148148148145,True,True
q3_radius1,q3g3_s2_00032,q3g3_s2_00032_symbol_phase_only,symbol_phase_only,0.01725084318769765,2.0,0.2745456311360359,False,0.5555555555555556,False,True
q3_radius1,q3g3_s2_00032,q3g3_s2_00032_output_histogram_random,output_distribution_matched_random,0.0,0.0,0.5686328533487399,True,0.8148148148148148,True,True
q3_radius1,q3g3_s2_00032,q3g3_s2_00032_left_right_symmetrized_rule,left_right_symmetrized_rule,0.02700207234076135,0.0,0.3212713845137112,True,0.18518518518518517,False,True
q3_radius1,q3g3_s2_00042,q3g3_s2_00042_center_only_projection,center_only_projection,0.01725084318769743,2.0,0.002834872815266648,True,0.7407407407407407,False,True
q3_radius1,q3g3_s2_00042,q3g3_s2_00042_left_neighbor_removed,left_neighbor_removed,0.037218600775976274,1.0,0.009281636833602364,True,0.5185185185185185,True,True
q3_radius1,q3g3_s2_00042,q3g3_s2_00042_left_right_symmetrized_rule,left_right_symmetrized_rule,0.08927705787134643,0.0,0.022261998187109167,True,0.18518518518518517,False,True
q3_radius1,q3g3_s2_00042,q3g3_s2_00042_symbol_phase_only,symbol_phase_only,0.6494158234789691,2.0,0.2841565663199521,False,0.5555555555555556,False,True
q3_radius1,q3g3_s2_00042,q3g3_s2_00042_output_histogram_random,output_distribution_matched_random,0.0,0.0,0.4192329391866167,False,0.7777777777777778,True,True
q3_radius1,q3g3_s2_00042,q3g3_s2_00042_right_neighbor_removed,right_neighbor_removed,0.037218600775976274,1.0,0.013325434059504981,True,0.4444444444444444,True,True
q3_radius1,q3g3_s2_00075,q3g3_s2_00075_center_only_projection,center_only_projection,0.5915734703252333,2.0,0.26213983903851423,True,0.6666666666666666,False,True
q3_radius1,q3g3_s2_00075,q3g3_s2_00075_left_neighbor_removed,left_neighbor_removed,0.07434880009705624,1.0,0.26200213317672794,True,0.4444444444444444,True,True
q3_radius1,q3g3_s2_00075,q3g3_s2_00075_symbol_phase_only,symbol_phase_only,1.5098693043797229,2.0,0.2623496151652097,True,0.5185185185185185,False,False
q3_radius1,q3g3_s2_00075,q3g3_s2_00075_left_right_symmetrized_rule,left_right_symmetrized_rule,0.19930192464524343,0.0,0.22617169058578518,True,0.18518518518518517,False,True
q3_radius1,q3g3_s2_00075,q3g3_s2_00075_output_histogram_random,output_distribution_matched_random,0.0,0.0,0.298882537108106,True,0.5555555555555556,True,True
q3_radius1,q3g3_s2_00075,q3g3_s2_00075_right_neighbor_removed,right_neighbor_removed,0.020623752377759486,1.0,0.04608062089767606,True,0.5555555555555556,True,True
q3_radius1,q3g3_s2_00078,q3g3_s2_00078_center_only_projection,center_only_projection,1.5098693043797229,2.0,0.5745048795604644,True,0.7037037037037037,False,False
q3_radius1,q3g3_s2_00078,q3g3_s2_00078_left_neighbor_removed,left_neighbor_removed,0.5187932445415007,1.0,0.41499384135840545,True,0.37037037037037035,True,True
q3_radius1,q3g3_s2_00078,q3g3_s2_00078_symbol_phase_only,symbol_phase_only,0.5915734703252333,2.0,0.07547819993959148,False,0.4074074074074074,False,True
q3_radius1,q3g3_s2_00078,q3g3_s2_00078_right_neighbor_removed,right_neighbor_removed,0.07434880009705624,1.0,0.41715484876923936,True,0.4074074074074074,True,True
q3_radius1,q3g3_s2_00078,q3g3_s2_00078_left_right_symmetrized_rule,left_right_symmetrized_rule,0.05114570621358627,0.0,0.11549885076234062,True,0.18518518518518517,False,True
q3_radius1,q3g3_s2_00078,q3g3_s2_00078_output_histogram_random,output_distribution_matched_random,0.0,0.0,0.012334852113283779,True,0.5555555555555556,True,True
q3_radius1,q3g3_s2_00096,q3g3_s2_00096_left_neighbor_removed,left_neighbor_removed,0.14944199643848943,1.0,0.22289319252177753,True,0.37037037037037035,True,True
q3_radius1,q3g3_s2_00096,q3g3_s2_00096_center_only_projection,center_only_projection,0.6666666666666665,2.0,0.3945675181289088,True,0.6296296296296297,False,True
q3_radius1,q3g3_s2_00096,q3g3_s2_00096_symbol_phase_only,symbol_phase_only,0.0,2.0,0.05357803037369535,False,0.5185185185185185,False,True
q3_radius1,q3g3_s2_00096,q3g3_s2_00096_left_right_symmetrized_rule,left_right_symmetrized_rule,0.18575495908093842,0.0,0.08857467284521703,True,0.3333333333333333,False,True
q3_radius1,q3g3_s2_00096,q3g3_s2_00096_right_neighbor_removed,right_neighbor_removed,0.0,1.0,0.043822895171504506,True,0.37037037037037035,True,True
q3_radius1,q3g3_s2_00096,q3g3_s2_00096_output_histogram_random,output_distribution_matched_random,0.0,0.0,0.21930844788430504,False,0.7407407407407407,True,True
q3_radius1,q3g3_s2_00161,q3g3_s2_00161_symbol_phase_only,symbol_phase_only,1.561015010593309,2.0,0.3007018428254701,True,0.5925925925925926,False,False
q3_radius1,q3g3_s2_00161,q3g3_s2_00161_left_neighbor_removed,left_neighbor_removed,0.030521953835826343,1.0,0.33682742747801936,True,0.5925925925925926,True,True
q3_radius1,q3g3_s2_00161,q3g3_s2_00161_center_only_projection,center_only_projection,0.6427191765388194,2.0,0.08335961731631233,True,0.6296296296296297,False,True
q3_radius1,q3g3_s2_00161,q3g3_s2_00161_left_right_symmetrized_rule,left_right_symmetrized_rule,0.33662056518732286,0.0,0.03388572529277839,True,0.3333333333333333,False,True
q3_radius1,q3g3_s2_00161,q3g3_s2_00161_right_neighbor_removed,right_neighbor_removed,0.1254945063106423,1.0,0.17741608201411735,True,0.4074074074074074,True,True
q3_radius1,q3g3_s2_00161,q3g3_s2_00161_output_histogram_random,output_distribution_matched_random,0.0,0.0,0.30621934758137387,True,0.6666666666666666,True,True
q3_radius1,q3g3_s2_00165,q3g3_s2_00165_left_neighbor_removed,left_neighbor_removed,0.14944199643848943,1.0,0.1468430507330247,True,0.5555555555555556,True,True
q3_radius1,q3g3_s2_00165,q3g3_s2_00165_center_only_projection,center_only_projection,0.6666666666666665,2.0,0.09131730880886026,True,0.6666666666666666,False,True
q3_radius1,q3g3_s2_00165,q3g3_s2_00165_left_right_symmetrized_rule,left_right_symmetrized_rule,0.13840823132464397,0.0,0.12337116640523474,True,0.2222222222222222,False,True
q3_radius1,q3g3_s2_00165,q3g3_s2_00165_symbol_phase_only,symbol_phase_only,0.0,2.0,0.35241146967579906,False,0.5925925925925926,False,True
q3_radius1,q3g3_s2_00165,q3g3_s2_00165_right_neighbor_removed,right_neighbor_removed,0.05446944396367348,1.0,0.01605265259820196,True,0.2962962962962963,True,True
q3_radius1,q3g3_s2_00165,q3g3_s2_00165_output_histogram_random,output_distribution_matched_random,0.0,0.0,0.447364613791423,True,0.7407407407407407,True,True
q3_radius1,q3g3_s2_00167,q3g3_s2_00167_center_only_projection,center_only_projection,0.5601387656076227,2.0,0.3274189215964354,True,0.5185185185185185,False,True
q3_radius1,q3g3_s2_00167,q3g3_s2_00167_left_right_symmetrized_rule,left_right_symmetrized_rule,0.5697806661205242,0.0,0.3274859650867802,True,0.25925925925925924,False,True
q3_radius1,q3g3_s2_00167,q3g3_s2_00167_symbol_phase_only,symbol_phase_only,1.4784345996621122,2.0,0.3276320191619457,True,0.48148148148148145,False,False
q3_radius1,q3g3_s2_00167,q3g3_s2_00167_right_neighbor_removed,right_neighbor_removed,0.05205845709537038,1.0,0.2011011035663885,True,0.5185185185185185,True,True
q3_radius1,q3g3_s2_00167,q3g3_s2_00167_output_histogram_random,output_distribution_matched_random,0.0,0.0,0.17242374135117167,False,0.7037037037037037,True,True
q3_radius1,q3g3_s2_00167,q3g3_s2_00167_left_neighbor_removed,left_neighbor_removed,0.04291409537944557,1.0,0.020857267522285228,True,0.4074074074074074,True,True
q3_radius1,q3g3_s2_00173,q3g3_s2_00173_left_right_symmetrized_rule,left_right_symmetrized_rule,0.014356131959426754,0.0,0.3597296404327333,True,0.2962962962962963,False,True
q3_radius1,q3g3_s2_00173,q3g3_s2_00173_symbol_phase_only,symbol_phase_only,0.6265533546624196,2.0,0.6362701277209227,False,0.5185185185185185,False,True
q3_radius1,q3g3_s2_00173,q3g3_s2_00173_center_only_projection,center_only_projection,0.6265533546624196,2.0,0.1443209880509107,True,0.5925925925925926,False,True
q3_radius1,q3g3_s2_00173,q3g3_s2_00173_right_neighbor_removed,right_neighbor_removed,0.19320507356351668,1.0,0.14567393401445233,True,0.5185185185185185,True,True
q3_radius1,q3g3_s2_00173,q3g3_s2_00173_left_neighbor_removed,left_neighbor_removed,0.19320507356351668,1.0,0.14565358896236902,True,0.3333333333333333,True,True
q3_radius1,q3g3_s2_00173,q3g3_s2_00173_output_histogram_random,output_distribution_matched_random,0.0,0.0,0.41605305315380825,False,0.7407407407407407,True,True
q3_radius1,q3g3_s2_00177,q3g3_s2_00177_symbol_phase_only,symbol_phase_only,0.5915734703252333,2.0,0.2549533757240141,False,0.48148148148148145,False,True
q3_radius1,q3g3_s2_00177,q3g3_s2_00177_left_neighbor_removed,left_neighbor_removed,0.020623752377759708,1.0,0.658306347386569,True,0.5925925925925926,True,True
q3_radius1,q3g3_s2_00177,q3g3_s2_00177_center_only_projection,center_only_projection,0.5915734703252333,2.0,0.5264907549386523,True,0.5555555555555556,False,True
q3_radius1,q3g3_s2_00177,q3g3_s2_00177_right_neighbor_removed,right_neighbor_removed,0.020623752377759708,1.0,0.499288488317419,True,0.48148148148148145,True,True
q3_radius1,q3g3_s2_00177,q3g3_s2_00177_output_histogram_random,output_distribution_matched_random,0.0,0.0,0.014192319675418341,False,0.6666666666666666,True,True
q3_radius1,q3g3_s2_00177,q3g3_s2_00177_left_right_symmetrized_rule,left_right_symmetrized_rule,0.00862889228900654,0.0,0.29154950415181835,True,0.18518518518518517,False,True
q3_radius1,q3g3_s2_00186,q3g3_s2_00186_right_neighbor_removed,right_neighbor_removed,0.2621715077481559,1.0,0.45188618264003105,True,0.37037037037037035,True,True
q3_radius1,q3g3_s2_00186,q3g3_s2_00186_left_right_symmetrized_rule,left_right_symmetrized_rule,0.04001168375762987,0.0,0.45143446696122175,True,0.18518518518518517,False,True
q3_radius1,q3g3_s2_00186,q3g3_s2_00186_symbol_phase_only,symbol_phase_only,0.5682701190996524,2.0,0.5457361827352126,False,0.4444444444444444,False,True
q3_radius1,q3g3_s2_00186,q3g3_s2_00186_center_only_projection,center_only_projection,0.5682701190996524,2.0,0.3440451222321211,True,0.5555555555555556,False,True
q3_radius1,q3g3_s2_00186,q3g3_s2_00186_left_neighbor_removed,left_neighbor_removed,0.04392710360334062,1.0,0.24243593370860234,True,0.4444444444444444,True,True
q3_radius1,q3g3_s2_00186,q3g3_s2_00186_output_histogram_random,output_distribution_matched_random,0.0,0.0,0.3252679677347303,True,0.5185185185185185,True,True
q3_radius1,q3g3_s2_00198,q3g3_s2_00198_left_neighbor_removed,left_neighbor_removed,0.17556443386892395,1.0,0.17910474116651942,True,0.4444444444444444,True,True
q3_radius1,q3g3_s2_00198,q3g3_s2_00198_symbol_phase_only,symbol_phase_only,0.6494158234789689,2.0,0.40070237425568034,False,0.5185185185185185,False,True
q3_radius1,q3g3_s2_00198,q3g3_s2_00198_center_only_projection,center_only_projection,0.6494158234789689,2.0,0.4881971035784448,True,0.7407407407407407,False,True
q3_radius1,q3g3_s2_00198,q3g3_s2_00198_right_neighbor_removed,right_neighbor_removed,0.01725084318769765,1.0,0.2743173640141478,True,0.4074074074074074,True,True
q3_radius1,q3g3_s2_00198,q3g3_s2_00198_left_right_symmetrized_rule,left_right_symmetrized_rule,0.02700207234076135,0.0,0.04107711623441568,True,0.18518518518518517,False,True
q3_radius1,q3g3_s2_00198,q3g3_s2_00198_output_histogram_random,output_distribution_matched_random,0.0,0.0,0.1679850399223065,True,0.5925925925925926,True,True
q3_radius1,q3g3_s2_00220,q3g3_s2_00220_right_neighbor_removed,right_neighbor_removed,0.2160675423800662,1.0,0.3059192580631447,True,0.5555555555555556,True,True
q3_radius1,q3g3_s2_00220,q3g3_s2_00220_symbol_phase_only,symbol_phase_only,0.6494158234789689,2.0,0.6915722822817678,False,0.48148148148148145,False,True
q3_radius1,q3g3_s2_00220,q3g3_s2_00220_left_neighbor_removed,left_neighbor_removed,0.03721860077597583,1.0,0.4789995933369122,True,0.25925925925925924,True,True
q3_radius1,q3g3_s2_00220,q3g3_s2_00220_center_only_projection,center_only_projection,0.6494158234789689,2.0,0.08824143834203926,True,0.6666666666666666,False,True
q3_radius1,q3g3_s2_00220,q3g3_s2_00220_left_right_symmetrized_rule,left_right_symmetrized_rule,0.022862468816549297,0.0,0.2215105122447866,True,0.2222222222222222,False,True
q3_radius1,q3g3_s2_00220,q3g3_s2_00220_output_histogram_random,output_distribution_matched_random,0.0,0.0,0.4517097597078815,False,0.7407407407407407,True,True
q3_radius1,q3g3_s3_00030,q3g3_s3_00030_center_only_projection,center_only_projection,1.3800943362833298,2.0,0.4252646423300185,True,0.4074074074074074,False,False
q3_radius1,q3g3_s3_00030,q3g3_s3_00030_right_neighbor_removed,right_neighbor_removed,0.3936676075524874,1.0,0.4251464784261544,True,0.4074074074074074,True,True
q3_radius1,q3g3_s3_00030,q3g3_s3_00030_symbol_phase_only,symbol_phase_only,1.3800943362833298,2.0,0.4252642853992802,True,0.4074074074074074,False,False
q3_radius1,q3g3_s3_00030,q3g3_s3_00030_left_right_symmetrized_rule,left_right_symmetrized_rule,0.5089988012377875,0.0,0.42504712278925033,True,0.2222222222222222,False,True
q3_radius1,q3g3_s3_00030,q3g3_s3_00030_output_histogram_random,output_distribution_matched_random,0.0,0.0,0.3350582110409306,True,0.4444444444444444,True,True
q3_radius1,q3g3_s3_00030,q3g3_s3_00030_left_neighbor_removed,left_neighbor_removed,0.02845022112993756,1.0,0.2062363850752822,True,0.4074074074074074,True,True
q3_radius1,q3g3_s3_00036,q3g3_s3_00036_center_only_projection,center_only_projection,1.4784345996621122,2.0,0.43012647523440034,True,0.48148148148148145,False,False
q3_radius1,q3g3_s3_00036,q3g3_s3_00036_right_neighbor_removed,right_neighbor_removed,0.04291409537944557,1.0,0.27414221016906776,True,0.3333333333333333,True,True
q3_radius1,q3g3_s3_00036,q3g3_s3_00036_left_right_symmetrized_rule,left_right_symmetrized_rule,0.16786721992763276,0.0,0.22767095832254605,True,0.1111111111111111,False,True
q3_radius1,q3g3_s3_00036,q3g3_s3_00036_symbol_phase_only,symbol_phase_only,0.5601387656076227,2.0,0.06889793391038723,False,0.4444444444444444,False,True
q3_radius1,q3g3_s3_00036,q3g3_s3_00036_left_neighbor_removed,left_neighbor_removed,0.25404015425612614,1.0,0.2511075560809576,True,0.4074074074074074,True,True
q3_radius1,q3g3_s3_00036,q3g3_s3_00036_output_histogram_random,output_distribution_matched_random,0.0,0.0,0.057769735731654115,True,0.48148148148148145,True,True
q3_radius1,q3g3_s3_00043,q3g3_s3_00043_center_only_projection,center_only_projection,1.3876892931631746,2.0,0.4472454286690576,True,0.5185185185185185,False,False
q3_radius1,q3g3_s3_00043,q3g3_s3_00043_left_neighbor_removed,left_neighbor_removed,0.6234847866545543,1.0,0.3406843714624198,True,0.48148148148148145,True,True
q3_radius1,q3g3_s3_00043,q3g3_s3_00043_right_neighbor_removed,right_neighbor_removed,0.1632948477571885,1.0,0.3301319917972557,True,0.48148148148148145,True,True
q3_radius1,q3g3_s3_00043,q3g3_s3_00043_symbol_phase_only,symbol_phase_only,0.469393459108685,2.0,0.05177673974387287,False,0.48148148148148145,False,True
q3_radius1,q3g3_s3_00043,q3g3_s3_00043_left_right_symmetrized_rule,left_right_symmetrized_rule,0.040076211897061675,0.0,0.12472588710772514,True,0.07407407407407407,False,True
q3_radius1,q3g3_s3_00043,q3g3_s3_00043_output_histogram_random,output_distribution_matched_random,0.0,0.0,0.09150638295273417,True,0.4074074074074074,True,True
q3_radius1,q3g3_s3_00056,q3g3_s3_00056_center_only_projection,center_only_projection,1.2799749139041574,2.0,0.6012901519319312,True,0.4444444444444444,False,False
q3_radius1,q3g3_s3_00056,q3g3_s3_00056_right_neighbor_removed,right_neighbor_removed,0.2888988540659352,1.0,0.4453365630806074,True,0.3333333333333333,True,True
q3_radius1,q3g3_s3_00056,q3g3_s3_00056_left_neighbor_removed,left_neighbor_removed,0.36167907984966785,1.0,0.4938935297816663,True,0.4074074074074074,True,True
q3_radius1,q3g3_s3_00056,q3g3_s3_00056_symbol_phase_only,symbol_phase_only,0.36167907984966785,2.0,0.10226461250647245,False,0.4074074074074074,False,True
q3_radius1,q3g3_s3_00056,q3g3_s3_00056_output_histogram_random,output_distribution_matched_random,0.0,0.0,0.10616388252758996,False,0.6296296296296297,True,True
q3_radius1,q3g3_s3_00056,q3g3_s3_00056_left_right_symmetrized_rule,left_right_symmetrized_rule,0.06163808956497663,0.0,0.15923385173953764,True,0.07407407407407407,False,True
q3_radius1,q3g3_s3_00060,q3g3_s3_00060_center_only_projection,center_only_projection,0.5375806379732699,2.0,0.6201422321401376,True,0.7037037037037037,False,True
q3_radius1,q3g3_s3_00060,q3g3_s3_00060_symbol_phase_only,symbol_phase_only,0.5375806379732699,2.0,0.12132982993915997,False,0.4444444444444444,False,True
q3_radius1,q3g3_s3_00060,q3g3_s3_00060_output_histogram_random,output_distribution_matched_random,0.0,0.0,0.13593692296197313,True,0.5555555555555556,True,True
q3_radius1,q3g3_s3_00060,q3g3_s3_00060_left_neighbor_removed,left_neighbor_removed,0.06372924836322502,1.0,0.0628445174804052,True,0.48148148148148145,True,True
q3_radius1,q3g3_s3_00060,q3g3_s3_00060_right_neighbor_removed,right_neighbor_removed,0.07461658472972288,1.0,0.41544728220244986,True,0.4444444444444444,True,True
q3_radius1,q3g3_s3_00060,q3g3_s3_00060_left_right_symmetrized_rule,left_right_symmetrized_rule,0.1759015581236021,0.0,0.15446672445771908,True,0.18518518518518517,False,True
q3_radius1,q3g3_s3_00073,q3g3_s3_00073_center_only_projection,center_only_projection,0.5915734703252333,2.0,0.1781722893569282,True,0.5185185185185185,False,True
q3_radius1,q3g3_s3_00073,q3g3_s3_00073_left_right_symmetrized_rule,left_right_symmetrized_rule,0.33683863482236,0.0,0.178102241699536,True,0.25925925925925924,False,True
q3_radius1,q3g3_s3_00073,q3g3_s3_00073_symbol_phase_only,symbol_phase_only,1.5098693043797229,2.0,0.17838551581409398,True,0.5185185185185185,False,False
q3_radius1,q3g3_s3_00073,q3g3_s3_00073_left_neighbor_removed,left_neighbor_removed,0.2854748589737368,1.0,0.06680726168448464,True,0.37037037037037035,True,True
q3_radius1,q3g3_s3_00073,q3g3_s3_00073_right_neighbor_removed,right_neighbor_removed,0.020623752377759486,1.0,0.017627440930342325,True,0.4444444444444444,True,True
q3_radius1,q3g3_s3_00073,q3g3_s3_00073_output_histogram_random,output_distribution_matched_random,0.0,0.0,0.08268797281425139,True,0.6296296296296297,True,True
q3_radius1,q3g3_s3_00075,q3g3_s3_00075_center_only_projection,center_only_projection,0.4012254643251467,2.0,0.29619636560431384,True,0.5555555555555556,False,True
q3_radius1,q3g3_s3_00075,q3g3_s3_00075_left_neighbor_removed,left_neighbor_removed,0.4012254643251467,1.0,0.29619643500751297,True,0.4444444444444444,True,False
q3_radius1,q3g3_s3_00075,q3g3_s3_00075_left_right_symmetrized_rule,left_right_symmetrized_rule,0.4108673648380483,0.0,0.29618484467326084,True,0.2222222222222222,False,True
q3_radius1,q3g3_s3_00075,q3g3_s3_00075_symbol_phase_only,symbol_phase_only,1.3195212983796363,2.0,0.2964090070916585,True,0.4074074074074074,False,False
q3_radius1,q3g3_s3_00075,q3g3_s3_00075_right_neighbor_removed,right_neighbor_removed,0.03212281677375595,1.0,0.1256790904738517,True,0.48148148148148145,True,True
q3_radius1,q3g3_s3_00075,q3g3_s3_00075_output_histogram_random,output_distribution_matched_random,0.0,0.0,0.2014107211523818,True,0.5925925925925926,True,True
q3_radius1,q3g3_s3_00084,q3g3_s3_00084_center_only_projection,center_only_projection,1.173030669557363,2.0,0.2147393576737888,True,0.3333333333333333,False,False
q3_radius1,q3g3_s3_00084,q3g3_s3_00084_left_neighbor_removed,left_neighbor_removed,0.6697723347817172,1.0,0.21467564553700152,True,0.2222222222222222,True,True
q3_radius1,q3g3_s3_00084,q3g3_s3_00084_left_right_symmetrized_rule,left_right_symmetrized_rule,0.48174080015157394,0.0,0.21454639695076452,True,0.14814814814814814,False,True
q3_radius1,q3g3_s3_00084,q3g3_s3_00084_symbol_phase_only,symbol_phase_only,0.25473483550287335,2.0,0.21452588334805475,True,0.2962962962962963,False,True
q3_radius1,q3g3_s3_00084,q3g3_s3_00084_output_histogram_random,output_distribution_matched_random,0.0,0.0,0.2145415387268265,True,0.5555555555555556,True,True
q3_radius1,q3g3_s3_00084,q3g3_s3_00084_right_neighbor_removed,right_neighbor_removed,0.05136377584862317,1.0,0.05692472203820462,True,0.4074074074074074,True,True
q3_radius1,q3g3_s3_00085,q3g3_s3_00085_left_right_symmetrized_rule,left_right_symmetrized_rule,0.23276456258255518,0.0,0.17133224715343773,True,0.14814814814814814,False,True
q3_radius1,q3g3_s3_00085,q3g3_s3_00085_center_only_projection,center_only_projection,0.5682701190996524,2.0,0.06624437199543637,True,0.6296296296296297,False,True
q3_radius1,q3g3_s3_00085,q3g3_s3_00085_left_neighbor_removed,left_neighbor_removed,0.13492183800074953,1.0,0.10826379529371752,True,0.37037037037037035,True,True
q3_radius1,q3g3_s3_00085,q3g3_s3_00085_right_neighbor_removed,right_neighbor_removed,0.2621715077481559,1.0,0.1161468287735035,True,0.3333333333333333,True,True
q3_radius1,q3g3_s3_00085,q3g3_s3_00085_symbol_phase_only,symbol_phase_only,0.5682701190996524,2.0,0.32402764333386636,False,0.4074074074074074,False,True
q3_radius1,q3g3_s3_00085,q3g3_s3_00085_output_histogram_random,output_distribution_matched_random,0.0,0.0,0.39997845922994335,False,0.5925925925925926,True,True
q3_radius1,q3g3_s3_00090,q3g3_s3_00090_center_only_projection,center_only_projection,0.4030305847708535,2.0,0.2003661930909631,True,0.5555555555555556,False,True
q3_radius1,q3g3_s3_00090,q3g3_s3_00090_symbol_phase_only,symbol_phase_only,1.321326418825343,2.0,0.20057912210584697,True,0.37037037037037035,False,False
q3_radius1,q3g3_s3_00090,q3g3_s3_00090_right_neighbor_removed,right_neighbor_removed,0.03031769632804915,1.0,0.05589987474110625,True,0.48148148148148145,True,True
q3_radius1,q3g3_s3_00090,q3g3_s3_00090_output_histogram_random,output_distribution_matched_random,0.0,0.0,0.19424050810121732,True,0.48148148148148145,True,True
q3_radius1,q3g3_s3_00090,q3g3_s3_00090_left_right_symmetrized_rule,left_right_symmetrized_rule,0.4502308837798008,0.0,0.100901127171408,True,0.2222222222222222,False,True
q3_radius1,q3g3_s3_00090,q3g3_s3_00090_left_neighbor_removed,left_neighbor_removed,0.096931973419357,1.0,0.08860074861859873,True,0.4074074074074074,True,True
q3_radius1,q3g3_s3_00096,q3g3_s3_00096_center_only_projection,center_only_projection,1.5175287893989997,2.0,0.34693716345397274,True,0.5185185185185185,False,False
q3_radius1,q3g3_s3_00096,q3g3_s3_00096_symbol_phase_only,symbol_phase_only,1.5175287893989997,2.0,0.34693861100641143,True,0.5185185185185185,False,False
q3_radius1,q3g3_s3_00096,q3g3_s3_00096_right_neighbor_removed,right_neighbor_removed,0.29313434399301364,1.0,0.2133135780101476,True,0.4074074074074074,True,True
q3_radius1,q3g3_s3_00096,q3g3_s3_00096_left_neighbor_removed,left_neighbor_removed,0.29313434399301364,1.0,0.2144942255745157,True,0.4444444444444444,True,True
q3_radius1,q3g3_s3_00096,q3g3_s3_00096_left_right_symmetrized_rule,left_right_symmetrized_rule,0.2637273988274129,0.0,0.2977848065371944,True,0.25925925925925924,False,True
q3_radius1,q3g3_s3_00096,q3g3_s3_00096_output_histogram_random,output_distribution_matched_random,0.0,0.0,0.13302266280166203,False,0.7407407407407407,True,True
q3_radius1,q3g3_s3_00181,q3g3_s3_00181_center_only_projection,center_only_projection,0.6265533546624196,2.0,0.37715483052611276,True,0.4074074074074074,False,True
q3_radius1,q3g3_s3_00181,q3g3_s3_00181_left_right_symmetrized_rule,left_right_symmetrized_rule,0.29104779814532233,0.0,0.27165928097651165,True,0.25925925925925924,False,True
q3_radius1,q3g3_s3_00181,q3g3_s3_00181_left_neighbor_removed,left_neighbor_removed,0.014356131959426754,1.0,0.14861958425024874,True,0.4444444444444444,True,True
q3_radius1,q3g3_s3_00181,q3g3_s3_00181_right_neighbor_removed,right_neighbor_removed,0.10932868443424248,1.0,0.3497600691747635,True,0.4074074074074074,True,True
q3_radius1,q3g3_s3_00181,q3g3_s3_00181_symbol_phase_only,symbol_phase_only,0.6265533546624196,2.0,0.3789694168259371,True,0.4074074074074074,False,True
q3_radius1,q3g3_s3_00181,q3g3_s3_00181_output_histogram_random,output_distribution_matched_random,0.0,0.0,0.13039623753756496,True,0.7037037037037037,True,True
q3_radius1,q3g3_s3_00193,q3g3_s3_00193_center_only_projection,center_only_projection,1.2183368243391808,2.0,0.29410239176908204,True,0.37037037037037035,False,False
q3_radius1,q3g3_s3_00193,q3g3_s3_00193_symbol_phase_only,symbol_phase_only,1.2183368243391808,2.0,0.2941010929377843,True,0.37037037037037035,False,False
q3_radius1,q3g3_s3_00193,q3g3_s3_00193_right_neighbor_removed,right_neighbor_removed,0.3000409902846912,1.0,0.13756510218371815,True,0.37037037037037035,True,True
q3_radius1,q3g3_s3_00193,q3g3_s3_00193_output_histogram_random,output_distribution_matched_random,0.0,0.0,0.2859693877955704,True,0.4444444444444444,True,True
q3_radius1,q3g3_s3_00193,q3g3_s3_00193_left_neighbor_removed,left_neighbor_removed,0.0060576210668052966,1.0,0.2047034072132371,True,0.3333333333333333,True,True
q3_radius1,q3g3_s3_00193,q3g3_s3_00193_left_right_symmetrized_rule,left_right_symmetrized_rule,0.4929608959340369,0.0,0.10719411352999103,True,0.25925925925925924,False,True
q3_radius1,q3g3_s3_00213,q3g3_s3_00213_center_only_projection,center_only_projection,0.6224137511382075,2.0,0.2256686661133447,True,0.5925925925925926,False,True
q3_radius1,q3g3_s3_00213,q3g3_s3_00213_left_right_symmetrized_rule,left_right_symmetrized_rule,0.2920550645254667,0.0,0.22556313359171948,True,0.2962962962962963,False,True
q3_radius1,q3g3_s3_00213,q3g3_s3_00213_right_neighbor_removed,right_neighbor_removed,0.18906547003930485,1.0,0.13354586377555944,True,0.48148148148148145,True,True
q3_radius1,q3g3_s3_00213,q3g3_s3_00213_left_neighbor_removed,left_neighbor_removed,0.18906547003930463,1.0,0.033888283296402893,True,0.37037037037037035,True,True
q3_radius1,q3g3_s3_00213,q3g3_s3_00213_symbol_phase_only,symbol_phase_only,0.6224137511382075,2.0,0.2731450448336734,False,0.5185185185185185,False,True
q3_radius1,q3g3_s3_00213,q3g3_s3_00213_output_histogram_random,output_distribution_matched_random,0.0,0.0,0.016156122853339228,True,0.5925925925925926,True,True
q3_radius1,q3g3_s3_00214,q3g3_s3_00214_center_only_projection,center_only_projection,0.5282584353420225,2.0,0.140016819766158,True,0.6296296296296297,False,True
q3_radius1,q3g3_s3_00214,q3g3_s3_00214_right_neighbor_removed,right_neighbor_removed,0.46012754066566974,1.0,0.14010177919661712,True,0.4444444444444444,True,True
q3_radius1,q3g3_s3_00214,q3g3_s3_00214_symbol_phase_only,symbol_phase_only,1.446554269396512,2.0,0.1402257432249787,True,0.5185185185185185,False,False
q3_radius1,q3g3_s3_00214,q3g3_s3_00214_left_right_symmetrized_rule,left_right_symmetrized_rule,0.2735235998391492,0.0,0.12532247700731503,True,0.18518518518518517,False,True
q3_radius1,q3g3_s3_00214,q3g3_s3_00214_left_neighbor_removed,left_neighbor_removed,0.08393878736097049,1.0,0.4441734447813871,True,0.4074074074074074,True,True
q3_radius1,q3g3_s3_00214,q3g3_s3_00214_output_histogram_random,output_distribution_matched_random,0.0,0.0,0.36463559394226663,False,0.6666666666666666,True,True
q3_radius1,q3g3_s3_00223,q3g3_s3_00223_center_only_projection,center_only_projection,0.5094696710057467,2.0,0.3376533354622269,True,0.48148148148148145,False,True
q3_radius1,q3g3_s3_00223,q3g3_s3_00223_left_neighbor_removed,left_neighbor_removed,0.4413387763293939,1.0,0.33774425365306715,True,0.3333333333333333,True,True
q3_radius1,q3g3_s3_00223,q3g3_s3_00223_symbol_phase_only,symbol_phase_only,1.4277655050602363,2.0,0.3378671468892138,True,0.48148148148148145,False,False
q3_radius1,q3g3_s3_00223,q3g3_s3_00223_right_neighbor_removed,right_neighbor_removed,0.436689445222014,1.0,0.22715017654587497,True,0.4074074074074074,True,True
q3_radius1,q3g3_s3_00223,q3g3_s3_00223_left_right_symmetrized_rule,left_right_symmetrized_rule,0.31067051251732547,0.0,0.013674591639508182,True,0.2222222222222222,False,True
q3_radius1,q3g3_s3_00223,q3g3_s3_00223_output_histogram_random,output_distribution_matched_random,0.0,0.0,0.0660767731843171,True,0.7407407407407407,True,True
q3_radius1,q3g3_s3_00226,q3g3_s3_00226_center_only_projection,center_only_projection,1.446554269396512,2.0,0.5846396304323271,True,0.6296296296296297,False,False
q3_radius1,q3g3_s3_00226,q3g3_s3_00226_left_neighbor_removed,left_neighbor_removed,0.09491015424311966,1.0,0.41675994456627674,True,0.2962962962962963,True,True
q3_radius1,q3g3_s3_00226,q3g3_s3_00226_symbol_phase_only,symbol_phase_only,0.5282584353420225,2.0,0.08561177095706929,False,0.4074074074074074,False,True
q3_radius1,q3g3_s3_00226,q3g3_s3_00226_right_neighbor_removed,right_neighbor_removed,0.22215982399052603,1.0,0.3309745763787361,True,0.37037037037037035,True,True
q3_radius1,q3g3_s3_00226,q3g3_s3_00226_left_right_symmetrized_rule,left_right_symmetrized_rule,0.05886497623333753,0.0,0.12965115453609788,True,0.14814814814814814,False,True
q3_radius1,q3g3_s3_00226,q3g3_s3_00226_output_histogram_random,output_distribution_matched_random,0.0,0.0,0.05985255548131396,False,0.5555555555555556,True,True
q3_radius1,q3g3_s3_00229,q3g3_s3_00229_center_only_projection,center_only_projection,1.4618278953766808,2.0,0.22573943754695622,True,0.48148148148148145,False,False
q3_radius1,q3g3_s3_00229,q3g3_s3_00229_left_neighbor_removed,left_neighbor_removed,0.6976233888680605,1.0,0.22548302247045565,True,0.37037037037037035,True,True
q3_radius1,q3g3_s3_00229,q3g3_s3_00229_symbol_phase_only,symbol_phase_only,1.4618278953766808,2.0,0.22573730587726915,True,0.48148148148148145,False,False
q3_radius1,q3g3_s3_00229,q3g3_s3_00229_left_right_symmetrized_rule,left_right_symmetrized_rule,0.4754011666458384,0.0,0.15130315809144534,True,0.25925925925925924,False,True
q3_radius1,q3g3_s3_00229,q3g3_s3_00229_right_neighbor_removed,right_neighbor_removed,0.026307391094014143,1.0,0.08552680161186746,True,0.3333333333333333,True,True
q3_radius1,q3g3_s3_00229,q3g3_s3_00229_output_histogram_random,output_distribution_matched_random,0.0,0.0,0.27534044648704004,False,0.48148148148148145,True,True
q3_radius1,q3g3_s3_00244,q3g3_s3_00244_center_only_projection,center_only_projection,1.321326418825343,2.0,0.23277416563870615,True,0.37037037037037035,False,False
q3_radius1,q3g3_s3_00244,q3g3_s3_00244_symbol_phase_only,symbol_phase_only,1.321326418825343,2.0,0.23277498856235282,True,0.37037037037037035,False,False
q3_radius1,q3g3_s3_00244,q3g3_s3_00244_left_neighbor_removed,left_neighbor_removed,0.11419408545732357,1.0,0.05007513193746449,True,0.4074074074074074,True,True
q3_radius1,q3g3_s3_00244,q3g3_s3_00244_left_right_symmetrized_rule,left_right_symmetrized_rule,0.49634616147745003,0.0,0.11533924323386231,True,0.25925925925925924,False,True
q3_radius1,q3g3_s3_00244,q3g3_s3_00244_right_neighbor_removed,right_neighbor_removed,0.3348996900945007,1.0,0.12608952116393055,True,0.4444444444444444,True,True
q3_radius1,q3g3_s3_00244,q3g3_s3_00244_output_histogram_random,output_distribution_matched_random,0.0,0.0,0.14546521876522905,True,0.6296296296296297,True,True
q3_radius1,q3g3_s3_00249,q3g3_s3_00249_symbol_phase_only,symbol_phase_only,1.5175287893989997,2.0,0.3762248375727187,True,0.5185185185185185,False,False
q3_radius1,q3g3_s3_00249,q3g3_s3_00249_center_only_projection,center_only_projection,0.5992329553445102,2.0,0.26782900765005685,True,0.5925925925925926,False,True
q3_radius1,q3g3_s3_00249,q3g3_s3_00249_left_neighbor_removed,left_neighbor_removed,0.012964267358482884,1.0,0.125614069591024,True,0.5185185185185185,True,True
q3_radius1,q3g3_s3_00249,q3g3_s3_00249_right_neighbor_removed,right_neighbor_removed,0.16588467424560727,1.0,0.20105072675857394,True,0.3333333333333333,True,True
q3_radius1,q3g3_s3_00249,q3g3_s3_00249_left_right_symmetrized_rule,left_right_symmetrized_rule,0.4364727464914837,0.0,0.22307374990164575,True,0.2962962962962963,False,True
q3_radius1,q3g3_s3_00249,q3g3_s3_00249_output_histogram_random,output_distribution_matched_random,0.0,0.0,0.04143265890873743,True,0.48148148148148145,True,True
q3_radius1,q3g3_s4_00004,q3g3_s4_00004_left_neighbor_removed,left_neighbor_removed,0.10391977174097011,1.0,0.14239979843724615,True,0.4444444444444444,True,True
q3_radius1,q3g3_s4_00004,q3g3_s4_00004_symbol_phase_only,symbol_phase_only,1.4265732850165125,2.0,0.4550102486712658,False,0.4444444444444444,False,False
q3_radius1,q3g3_s4_00004,q3g3_s4_00004_right_neighbor_removed,right_neighbor_removed,0.2021788396105264,1.0,0.14277669746740984,True,0.3333333333333333,True,True
q3_radius1,q3g3_s4_00004,q3g3_s4_00004_center_only_projection,center_only_projection,0.1583892157046436,2.0,0.3252083702161763,True,0.5925925925925926,False,True
q3_radius1,q3g3_s4_00004,q3g3_s4_00004_left_right_symmetrized_rule,left_right_symmetrized_rule,0.25157862504334205,0.0,0.3885310856532245,True,0.25925925925925924,False,True
q3_radius1,q3g3_s4_00004,q3g3_s4_00004_output_histogram_random,output_distribution_matched_random,0.0,0.0,0.4136306931245938,False,0.7037037037037037,True,True
q3_radius1,q3g3_s4_00017,q3g3_s4_00017_right_neighbor_removed,right_neighbor_removed,0.08393878736097049,1.0,0.03497277768576901,True,0.4444444444444444,True,True
q3_radius1,q3g3_s4_00017,q3g3_s4_00017_center_only_projection,center_only_projection,0.13840823132464397,2.0,0.035320745496644546,True,0.6296296296296297,False,True
q3_radius1,q3g3_s4_00017,q3g3_s4_00017_symbol_phase_only,symbol_phase_only,0.5282584353420225,2.0,0.5215395505432961,False,0.4444444444444444,False,True
q3_radius1,q3g3_s4_00017,q3g3_s4_00017_left_right_symmetrized_rule,left_right_symmetrized_rule,0.4675310969394948,0.0,0.009368896484375,True,0.25925925925925924,False,True
q3_radius1,q3g3_s4_00017,q3g3_s4_00017_left_neighbor_removed,left_neighbor_removed,0.08393878736097049,1.0,0.006629433238405702,True,0.4074074074074074,True,True
q3_radius1,q3g3_s4_00017,q3g3_s4_00017_output_histogram_random,output_distribution_matched_random,0.0,0.0,0.24002967522158258,False,0.5925925925925926,True,True
q3_radius1,q3g3_s4_00024,q3g3_s4_00024_center_only_projection,center_only_projection,0.4809117075857281,2.0,0.18793156892158058,True,0.48148148148148145,False,True
q3_radius1,q3g3_s4_00024,q3g3_s4_00024_left_neighbor_removed,left_neighbor_removed,0.8959492068645719,1.0,0.18810759526402088,True,0.4444444444444444,True,True
q3_radius1,q3g3_s4_00024,q3g3_s4_00024_symbol_phase_only,symbol_phase_only,1.3992075416402177,2.0,0.18814729389391446,True,0.4444444444444444,False,False
q3_radius1,q3g3_s4_00024,q3g3_s4_00024_left_right_symmetrized_rule,left_right_symmetrized_rule,0.17481309623423158,0.0,0.16628952968267746,True,0.14814814814814814,False,True
q3_radius1,q3g3_s4_00024,q3g3_s4_00024_right_neighbor_removed,right_neighbor_removed,0.04756342648682543,1.0,0.016474534816134673,True,0.4074074074074074,True,True
q3_radius1,q3g3_s4_00024,q3g3_s4_00024_output_histogram_random,output_distribution_matched_random,0.0,0.0,0.3251848524464192,False,0.5925925925925926,True,True
q3_radius1,q3g3_s4_00040,q3g3_s4_00040_center_only_projection,center_only_projection,0.6494158234789691,2.0,0.029159793767005726,True,0.6296296296296297,False,True
q3_radius1,q3g3_s4_00040,q3g3_s4_00040_left_right_symmetrized_rule,left_right_symmetrized_rule,0.10588376215677764,0.0,0.026835183186373013,True,0.18518518518518517,False,True
q3_radius1,q3g3_s4_00040,q3g3_s4_00040_right_neighbor_removed,right_neighbor_removed,0.03721860077597605,1.0,0.012365201140782434,True,0.4074074074074074,True,True
q3_radius1,q3g3_s4_00040,q3g3_s4_00040_left_neighbor_removed,left_neighbor_removed,0.03721860077597605,1.0,0.020294893399858904,True,0.4444444444444444,True,True
q3_radius1,q3g3_s4_00040,q3g3_s4_00040_symbol_phase_only,symbol_phase_only,0.6494158234789691,2.0,0.4192955904459318,False,0.5555555555555556,False,True
q3_radius1,q3g3_s4_00040,q3g3_s4_00040_output_histogram_random,output_distribution_matched_random,0.0,0.0,0.11855167936705557,False,0.6666666666666666,True,True
q3_radius1,q3g3_s4_00043,q3g3_s4_00043_center_only_projection,center_only_projection,0.5601387656076224,2.0,0.6676997432002314,True,0.5925925925925926,False,True
q3_radius1,q3g3_s4_00043,q3g3_s4_00043_right_neighbor_removed,right_neighbor_removed,0.10652790105904408,1.0,0.23794083722308512,True,0.3333333333333333,True,True
q3_radius1,q3g3_s4_00043,q3g3_s4_00043_left_right_symmetrized_rule,left_right_symmetrized_rule,0.10652790105904408,0.0,0.46507169985012076,True,0.25925925925925924,False,True
q3_radius1,q3g3_s4_00043,q3g3_s4_00043_left_neighbor_removed,left_neighbor_removed,0.12679048450871955,1.0,0.49741743755774337,True,0.48148148148148145,True,True
q3_radius1,q3g3_s4_00043,q3g3_s4_00043_output_histogram_random,output_distribution_matched_random,0.0,0.0,0.3836497306204058,True,0.4444444444444444,True,True
q3_radius1,q3g3_s4_00043,q3g3_s4_00043_symbol_phase_only,symbol_phase_only,0.5601387656076224,2.0,0.5588022471248831,True,0.4444444444444444,False,True
q3_radius1,q3g3_s4_00050,q3g3_s4_00050_symbol_phase_only,symbol_phase_only,0.5829445780362268,2.0,0.5674767051136594,False,0.48148148148148145,False,True
q3_radius1,q3g3_s4_00050,q3g3_s4_00050_output_histogram_random,output_distribution_matched_random,0.0,0.0,0.42345036338721886,False,0.8148148148148148,True,True
q3_radius1,q3g3_s4_00050,q3g3_s4_00050_center_only_projection,center_only_projection,0.08372208863043973,2.0,0.014923730246659828,True,0.6666666666666666,False,True
q3_radius1,q3g3_s4_00050,q3g3_s4_00050_left_neighbor_removed,left_neighbor_removed,0.029252644666766248,1.0,0.08342556027021397,True,0.5185185185185185,True,True
q3_radius1,q3g3_s4_00050,q3g3_s4_00050_right_neighbor_removed,right_neighbor_removed,0.029252644666766248,1.0,0.29604342078295054,True,0.37037037037037035,True,True
q3_radius1,q3g3_s4_00050,q3g3_s4_00050_left_right_symmetrized_rule,left_right_symmetrized_rule,0.022805812428604133,0.0,0.06624957723536995,True,0.25925925925925924,False,True
q3_radius1,q3g3_s4_00054,q3g3_s4_00054_center_only_projection,center_only_projection,0.5915734703252331,2.0,0.16559771859390215,True,0.7777777777777778,False,True
q3_radius1,q3g3_s4_00054,q3g3_s4_00054_right_neighbor_removed,right_neighbor_removed,0.15822518922633022,1.0,0.1261153193245157,True,0.37037037037037035,True,True
q3_radius1,q3g3_s4_00054,q3g3_s4_00054_left_neighbor_removed,left_neighbor_removed,0.07509319634143341,1.0,0.07592942979600692,True,0.48148148148148145,True,True
q3_radius1,q3g3_s4_00054,q3g3_s4_00054_left_right_symmetrized_rule,left_right_symmetrized_rule,0.08210379931948641,0.0,0.2421027190349101,True,0.2222222222222222,False,True
q3_radius1,q3g3_s4_00054,q3g3_s4_00054_symbol_phase_only,symbol_phase_only,0.5915734703252331,2.0,0.3334262146432343,False,0.48148148148148145,False,True
q3_radius1,q3g3_s4_00054,q3g3_s4_00054_output_histogram_random,output_distribution_matched_random,0.0,0.0,0.0797488068202008,False,0.48148148148148145,True,True
q3_radius1,q3g3_s4_00058,q3g3_s4_00058_center_only_projection,center_only_projection,0.6480714328441466,2.0,0.06609606727367101,True,0.5925925925925926,False,True
q3_radius1,q3g3_s4_00058,q3g3_s4_00058_symbol_phase_only,symbol_phase_only,0.6480714328441466,2.0,0.06631010673974069,False,0.4444444444444444,False,True
q3_radius1,q3g3_s4_00058,q3g3_s4_00058_left_right_symmetrized_rule,left_right_symmetrized_rule,0.06512685480791958,0.0,0.03434732597009005,True,0.2222222222222222,False,True
q3_radius1,q3g3_s4_00058,q3g3_s4_00058_right_neighbor_removed,right_neighbor_removed,0.03587421014115377,1.0,0.04586175295189654,True,0.5555555555555556,True,True
q3_radius1,q3g3_s4_00058,q3g3_s4_00058_left_neighbor_removed,left_neighbor_removed,0.01859523382251993,1.0,0.15303123826094456,True,0.5185185185185185,True,True
q3_radius1,q3g3_s4_00058,q3g3_s4_00058_output_histogram_random,output_distribution_matched_random,0.0,0.0,0.3305302769274894,False,0.7407407407407407,True,True
q3_radius1,q3g3_s4_00068,q3g3_s4_00068_symbol_phase_only,symbol_phase_only,0.6427191765388194,2.0,0.4781269869144432,False,0.5555555555555556,False,True
q3_radius1,q3g3_s4_00068,q3g3_s4_00068_center_only_projection,center_only_projection,0.6427191765388194,2.0,0.020690204107273402,True,0.5925925925925926,False,True
q3_radius1,q3g3_s4_00068,q3g3_s4_00068_left_neighbor_removed,left_neighbor_removed,0.20937089543991672,1.0,0.020737596577525996,True,0.4444444444444444,True,True
q3_radius1,q3g3_s4_00068,q3g3_s4_00068_right_neighbor_removed,right_neighbor_removed,0.33662056518732286,1.0,0.02256658899853803,True,0.4074074074074074,True,True
q3_radius1,q3g3_s4_00068,q3g3_s4_00068_left_right_symmetrized_rule,left_right_symmetrized_rule,0.08258041093119672,0.0,0.026341518231070282,True,0.1111111111111111,False,True
q3_radius1,q3g3_s4_00068,q3g3_s4_00068_output_histogram_random,output_distribution_matched_random,0.0,0.0,0.25595115577345784,False,0.8148148148148148,True,True
q3_radius1,q3g3_s4_00069,q3g3_s4_00069_center_only_projection,center_only_projection,0.5082774509620229,2.0,0.6790420006745197,True,0.6666666666666666,False,True
q3_radius1,q3g3_s4_00069,q3g3_s4_00069_symbol_phase_only,symbol_phase_only,0.5082774509620229,2.0,0.31858239722298376,False,0.4444444444444444,False,True
q3_radius1,q3g3_s4_00069,q3g3_s4_00069_left_neighbor_removed,left_neighbor_removed,0.00894721926615416,1.0,0.04132560943147445,True,0.4444444444444444,True,True
q3_radius1,q3g3_s4_00069,q3g3_s4_00069_output_histogram_random,output_distribution_matched_random,0.0,0.0,0.26892669856199747,False,0.6666666666666666,True,True
q3_radius1,q3g3_s4_00069,q3g3_s4_00069_right_neighbor_removed,right_neighbor_removed,0.10391977174096989,1.0,0.5389989167548681,True,0.5185185185185185,True,True
q3_radius1,q3g3_s4_00069,q3g3_s4_00069_left_right_symmetrized_rule,left_right_symmetrized_rule,0.07492916986312026,0.0,0.23410712348090268,True,0.1111111111111111,False,True
q3_radius1,q3g3_s4_00081,q3g3_s4_00081_symbol_phase_only,symbol_phase_only,1.3800943362833298,2.0,0.49587889752502634,False,0.4074074074074074,False,False
q3_radius1,q3g3_s4_00081,q3g3_s4_00081_left_right_symmetrized_rule,left_right_symmetrized_rule,0.4118240888737119,0.0,0.010566508173555256,True,0.18518518518518517,False,True
q3_radius1,q3g3_s4_00081,q3g3_s4_00081_center_only_projection,center_only_projection,0.2048681644378263,2.0,0.057569368695809975,True,0.5925925925925926,False,True
q3_radius1,q3g3_s4_00081,q3g3_s4_00081_left_neighbor_removed,left_neighbor_removed,0.05542616799933686,1.0,0.008377372637594416,True,0.48148148148148145,True,True
q3_radius1,q3g3_s4_00081,q3g3_s4_00081_right_neighbor_removed,right_neighbor_removed,0.1503987204741526,1.0,0.009489796857232835,True,0.37037037037037035,True,True
q3_radius1,q3g3_s4_00081,q3g3_s4_00081_output_histogram_random,output_distribution_matched_random,0.0,0.0,0.0763134872704222,True,0.5185185185185185,True,True
q3_radius1,q3g3_s4_00100,q3g3_s4_00100_symbol_phase_only,symbol_phase_only,0.6494158234789689,2.0,0.35076738720671397,True,0.5185185185185185,False,True
q3_radius1,q3g3_s4_00100,q3g3_s4_00100_left_right_symmetrized_rule,left_right_symmetrized_rule,0.03721860077597605,0.0,0.34359665858892746,True,0.2222222222222222,False,True
q3_radius1,q3g3_s4_00100,q3g3_s4_00100_right_neighbor_removed,right_neighbor_removed,0.03721860077597583,1.0,0.3353963235975319,True,0.2962962962962963,True,True
q3_radius1,q3g3_s4_00100,q3g3_s4_00100_center_only_projection,center_only_projection,0.01725084318769765,2.0,0.13397926692454512,True,0.5555555555555556,False,True
q3_radius1,q3g3_s4_00100,q3g3_s4_00100_left_neighbor_removed,left_neighbor_removed,0.17556443386892395,1.0,0.1967319937167499,True,0.4444444444444444,True,True
q3_radius1,q3g3_s4_00100,q3g3_s4_00100_output_histogram_random,output_distribution_matched_random,0.0,0.0,0.41210635100346715,False,0.7407407407407407,True,True
q3_radius1,q3g3_s4_00104,q3g3_s4_00104_left_neighbor_removed,left_neighbor_removed,0.10423235687436727,1.0,0.09745805429281407,True,0.4444444444444444,True,True
q3_radius1,q3g3_s4_00104,q3g3_s4_00104_center_only_projection,center_only_projection,0.5375806379732699,2.0,0.1282950358548825,True,0.5555555555555556,False,True
q3_radius1,q3g3_s4_00104,q3g3_s4_00104_left_right_symmetrized_rule,left_right_symmetrized_rule,0.1759015581236021,0.0,0.12812902340260018,True,0.2222222222222222,False,True
q3_radius1,q3g3_s4_00104,q3g3_s4_00104_right_neighbor_removed,right_neighbor_removed,0.07461658472972288,1.0,0.04379491576751848,True,0.3333333333333333,True,True
q3_radius1,q3g3_s4_00104,q3g3_s4_00104_symbol_phase_only,symbol_phase_only,0.5375806379732699,2.0,0.128292695975598,True,0.5185185185185185,False,True
q3_radius1,q3g3_s4_00104,q3g3_s4_00104_output_histogram_random,output_distribution_matched_random,0.0,0.0,0.12965790647589748,True,0.5185185185185185,True,True
q3_radius1,q3g3_s4_00127,q3g3_s4_00127_left_neighbor_removed,left_neighbor_removed,0.5745882818624668,1.0,0.5898168909619426,True,0.4444444444444444,True,True
q3_radius1,q3g3_s4_00127,q3g3_s4_00127_right_neighbor_removed,right_neighbor_removed,0.3366205651873231,1.0,0.28558863193048456,True,0.4444444444444444,True,True
q3_radius1,q3g3_s4_00127,q3g3_s4_00127_center_only_projection,center_only_projection,0.6427191765388196,2.0,0.4822951150141883,True,0.5555555555555556,False,True
q3_radius1,q3g3_s4_00127,q3g3_s4_00127_left_right_symmetrized_rule,left_right_symmetrized_rule,0.3366205651873231,0.0,0.5166989946768142,True,0.2962962962962963,False,True
q3_radius1,q3g3_s4_00127,q3g3_s4_00127_symbol_phase_only,symbol_phase_only,0.6427191765388196,2.0,0.37403359019655613,True,0.5185185185185185,False,True
q3_radius1,q3g3_s4_00127,q3g3_s4_00127_output_histogram_random,output_distribution_matched_random,0.0,0.0,0.13417537062101514,False,0.7037037037037037,True,True
q3_radius1,q3g3_s4_00147,q3g3_s4_00147_symbol_phase_only,symbol_phase_only,0.6607173732254812,2.0,0.5659240464872939,False,0.5185185185185185,False,True
q3_radius1,q3g3_s4_00147,q3g3_s4_00147_right_neighbor_removed,right_neighbor_removed,0.18686598361543627,1.0,0.44379181641894083,True,0.4444444444444444,True,True
q3_radius1,q3g3_s4_00147,q3g3_s4_00147_center_only_projection,center_only_projection,0.005949293441185333,2.0,0.2142086413249015,True,0.5925925925925926,False,True
q3_radius1,q3g3_s4_00147,q3g3_s4_00147_left_neighbor_removed,left_neighbor_removed,0.005949293441185333,1.0,0.17979936804223018,True,0.4444444444444444,True,True
q3_radius1,q3g3_s4_00147,q3g3_s4_00147_left_right_symmetrized_rule,left_right_symmetrized_rule,0.13245893788345864,0.0,0.0464527112776153,True,0.25925925925925924,False,True
q3_radius1,q3g3_s4_00147,q3g3_s4_00147_output_histogram_random,output_distribution_matched_random,0.0,0.0,0.36446627988065505,False,0.6666666666666666,True,True
q3_radius1,q3g3_s4_00148,q3g3_s4_00148_center_only_projection,center_only_projection,0.6224137511382075,2.0,0.06747756769627689,True,0.5555555555555556,False,True
q3_radius1,q3g3_s4_00148,q3g3_s4_00148_left_neighbor_removed,left_neighbor_removed,0.316315139786711,1.0,0.06733338750748752,True,0.48148148148148145,True,True
q3_radius1,q3g3_s4_00148,q3g3_s4_00148_right_neighbor_removed,right_neighbor_removed,0.010216528435214478,1.0,0.02001365180756076,True,0.25925925925925924,True,True
q3_radius1,q3g3_s4_00148,q3g3_s4_00148_output_histogram_random,output_distribution_matched_random,0.0,0.0,0.12199037984410532,False,0.5555555555555556,True,True
q3_radius1,q3g3_s4_00148,q3g3_s4_00148_symbol_phase_only,symbol_phase_only,0.044252915528459,2.0,0.3774048208493239,True,0.48148148148148145,False,True
q3_radius1,q3g3_s4_00148,q3g3_s4_00148_left_right_symmetrized_rule,left_right_symmetrized_rule,0.039469173101980504,0.0,0.1236781863286327,True,0.25925925925925924,False,True
q3_radius1,q3g3_s4_00153,q3g3_s4_00153_left_neighbor_removed,left_neighbor_removed,0.21606754238006598,1.0,0.07504717632886104,True,0.37037037037037035,True,True
q3_radius1,q3g3_s4_00153,q3g3_s4_00153_symbol_phase_only,symbol_phase_only,0.6494158234789689,2.0,0.19800716843831223,False,0.48148148148148145,False,True
q3_radius1,q3g3_s4_00153,q3g3_s4_00153_right_neighbor_removed,right_neighbor_removed,0.21606754238006598,1.0,0.07570101395297779,True,0.48148148148148145,True,True
q3_radius1,q3g3_s4_00153,q3g3_s4_00153_center_only_projection,center_only_projection,0.6494158234789689,2.0,0.5839003772995858,True,0.7407407407407407,False,True
q3_radius1,q3g3_s4_00153,q3g3_s4_00153_output_histogram_random,output_distribution_matched_random,0.0,0.0,0.002332800158128201,True,0.7037037037037037,True,True
q3_radius1,q3g3_s4_00153,q3g3_s4_00153_left_right_symmetrized_rule,left_right_symmetrized_rule,2.220446049250313e-16,0.0,0.20369265868030173,True,0.18518518518518517,False,True
q3_radius1,q3g3_s4_00158,q3g3_s4_00158_center_only_projection,center_only_projection,0.5829445780362268,2.0,0.020055214409087696,True,0.5185185185185185,False,True
q3_radius1,q3g3_s4_00158,q3g3_s4_00158_left_right_symmetrized_rule,left_right_symmetrized_rule,0.1495962969373239,0.0,0.01854459429190014,True,0.18518518518518517,False,True
q3_radius1,q3g3_s4_00158,q3g3_s4_00158_right_neighbor_removed,right_neighbor_removed,0.1495962969373239,1.0,0.02020568054476829,True,0.3333333333333333,True,True
q3_radius1,q3g3_s4_00158,q3g3_s4_00158_symbol_phase_only,symbol_phase_only,0.5829445780362268,2.0,0.02005596792953518,True,0.5185185185185185,False,True
q3_radius1,q3g3_s4_00158,q3g3_s4_00158_left_neighbor_removed,left_neighbor_removed,0.0657199078080497,1.0,0.02029127451876217,True,0.4074074074074074,True,True
q3_radius1,q3g3_s4_00158,q3g3_s4_00158_output_histogram_random,output_distribution_matched_random,0.0,0.0,0.36526350451414286,True,0.4444444444444444,True,True
q3_radius1,q3g3_s4_00162,q3g3_s4_00162_center_only_projection,center_only_projection,1.5610150105933092,2.0,0.13511367212881753,True,0.5925925925925926,False,False
q3_radius1,q3g3_s4_00162,q3g3_s4_00162_right_neighbor_removed,right_neighbor_removed,0.20937089543991672,1.0,0.0729317569051029,True,0.48148148148148145,True,True
q3_radius1,q3g3_s4_00162,q3g3_s4_00162_left_neighbor_removed,left_neighbor_removed,0.1688677869287747,1.0,0.06615937290600638,True,0.48148148148148145,True,True
q3_radius1,q3g3_s4_00162,q3g3_s4_00162_symbol_phase_only,symbol_phase_only,0.023947490127846915,2.0,0.19669447633025705,True,0.5555555555555556,False,True
q3_radius1,q3g3_s4_00162,q3g3_s4_00162_left_right_symmetrized_rule,left_right_symmetrized_rule,0.07444905743916719,0.0,0.09998590718468259,True,0.25925925925925924,False,True
q3_radius1,q3g3_s4_00162,q3g3_s4_00162_output_histogram_random,output_distribution_matched_random,0.0,0.0,0.21752634228166623,False,0.5555555555555556,True,True
q3_radius1,q3g3_s4_00182,q3g3_s4_00182_center_only_projection,center_only_projection,0.5435320613221912,2.0,0.5397425422891539,True,0.7407407407407407,False,True
q3_radius1,q3g3_s4_00182,q3g3_s4_00182_symbol_phase_only,symbol_phase_only,1.4618278953766808,2.0,0.4583080903983411,False,0.48148148148148145,False,False
q3_radius1,q3g3_s4_00182,q3g3_s4_00182_right_neighbor_removed,right_neighbor_removed,0.06968067171214631,1.0,0.38171512635982674,True,0.4074074074074074,True,True
q3_radius1,q3g3_s4_00182,q3g3_s4_00182_left_right_symmetrized_rule,left_right_symmetrized_rule,0.28881531008092054,0.0,0.2482683207788895,True,0.2222222222222222,False,True
q3_radius1,q3g3_s4_00182,q3g3_s4_00182_left_neighbor_removed,left_neighbor_removed,0.12313460534447529,1.0,0.2923989199910402,True,0.5555555555555556,True,True
q3_radius1,q3g3_s4_00182,q3g3_s4_00182_output_histogram_random,output_distribution_matched_random,0.0,0.0,0.23597037133804932,True,0.5925925925925926,True,True
q3_radius1,q3g3_s4_00210,q3g3_s4_00210_symbol_phase_only,symbol_phase_only,1.4265732850165125,2.0,0.5080751911086491,False,0.4444444444444444,False,False
q3_radius1,q3g3_s4_00210,q3g3_s4_00210_left_right_symmetrized_rule,left_right_symmetrized_rule,0.10524686619116941,0.0,0.02019354489966596,True,0.1111111111111111,False,True
q3_radius1,q3g3_s4_00210,q3g3_s4_00210_center_only_projection,center_only_projection,0.5082774509620229,2.0,0.00904892790697076,True,0.6296296296296297,False,True
q3_radius1,q3g3_s4_00210,q3g3_s4_00210_left_neighbor_removed,left_neighbor_removed,0.2021788396105264,1.0,0.0281288687326135,True,0.4444444444444444,True,True
q3_radius1,q3g3_s4_00210,q3g3_s4_00210_right_neighbor_removed,right_neighbor_removed,0.00894721926615416,1.0,0.03266045147137964,True,0.48148148148148145,True,True
q3_radius1,q3g3_s4_00210,q3g3_s4_00210_output_histogram_random,output_distribution_matched_random,0.0,0.0,0.3318057986650473,False,0.5555555555555556,True,True
q3_radius1,q3g3_s4_00223,q3g3_s4_00223_center_only_projection,center_only_projection,0.5601387656076227,2.0,0.2235870163033271,True,0.6666666666666666,False,True
q3_radius1,q3g3_s4_00223,q3g3_s4_00223_symbol_phase_only,symbol_phase_only,1.4784345996621122,2.0,0.7744616830093354,False,0.48148148148148145,False,False
q3_radius1,q3g3_s4_00223,q3g3_s4_00223_left_neighbor_removed,left_neighbor_removed,0.10652790105904386,1.0,0.09769200256228683,True,0.4074074074074074,True,True
q3_radius1,q3g3_s4_00223,q3g3_s4_00223_right_neighbor_removed,right_neighbor_removed,0.08628737599757774,1.0,0.11429302966617938,True,0.4444444444444444,True,True
q3_radius1,q3g3_s4_00223,q3g3_s4_00223_left_right_symmetrized_rule,left_right_symmetrized_rule,0.4290360742462014,0.0,0.17136567966592553,True,0.25925925925925924,False,True
q3_radius1,q3g3_s4_00223,q3g3_s4_00223_output_histogram_random,output_distribution_matched_random,0.0,0.0,0.218941612318013,False,0.5925925925925926,True,True
q3_radius1,q3g3_s4_00224,q3g3_s4_00224_symbol_phase_only,symbol_phase_only,0.6224137511382075,2.0,0.4311706959387944,True,0.48148148148148145,False,True
q3_radius1,q3g3_s4_00224,q3g3_s4_00224_center_only_projection,center_only_projection,0.6224137511382075,2.0,0.0676436098927875,True,0.5185185185185185,False,True
q3_radius1,q3g3_s4_00224,q3g3_s4_00224_right_neighbor_removed,right_neighbor_removed,0.18906547003930463,1.0,0.05025417236169494,True,0.48148148148148145,True,True
q3_radius1,q3g3_s4_00224,q3g3_s4_00224_left_neighbor_removed,left_neighbor_removed,0.1485623615281626,1.0,0.06757734966711848,True,0.48148148148148145,True,True
q3_radius1,q3g3_s4_00224,q3g3_s4_00224_left_right_symmetrized_rule,left_right_symmetrized_rule,0.07888168981601607,0.0,0.08976364879347892,True,0.25925925925925924,False,True
q3_radius1,q3g3_s4_00224,q3g3_s4_00224_output_histogram_random,output_distribution_matched_random,0.0,0.0,0.19619980998593856,False,0.6666666666666666,True,True
q3_radius1,q3g3_s4_00232,q3g3_s4_00232_symbol_phase_only,symbol_phase_only,0.612197222702993,2.0,0.4170635538181753,True,0.5185185185185185,False,True
q3_radius1,q3g3_s4_00232,q3g3_s4_00232_right_neighbor_removed,right_neighbor_removed,0.0,1.0,0.03168474163925439,True,0.48148148148148145,True,True
q3_radius1,q3g3_s4_00232,q3g3_s4_00232_center_only_projection,center_only_projection,0.612197222702993,2.0,0.08174778750533024,True,0.5925925925925926,False,True
q3_radius1,q3g3_s4_00232,q3g3_s4_00232_left_neighbor_removed,left_neighbor_removed,0.0,1.0,0.042824520237496944,True,0.4444444444444444,True,True
q3_radius1,q3g3_s4_00232,q3g3_s4_00232_output_histogram_random,output_distribution_matched_random,0.0,0.0,0.33522251815746307,True,0.5185185185185185,True,True
q3_radius1,q3g3_s4_00232,q3g3_s4_00232_left_right_symmetrized_rule,left_right_symmetrized_rule,0.06866516138080159,0.0,0.0667029486762154,True,0.2962962962962963,False,True
q3_radius1,q3g3_s4_00239,q3g3_s4_00239_center_only_projection,center_only_projection,0.023947490127846915,2.0,0.01112291362085771,True,0.7407407407407407,False,True
q3_radius1,q3g3_s4_00239,q3g3_s4_00239_left_neighbor_removed,left_neighbor_removed,0.3366205651873231,1.0,0.06553893805014926,True,0.4444444444444444,True,True
q3_radius1,q3g3_s4_00239,q3g3_s4_00239_symbol_phase_only,symbol_phase_only,0.023947490127846915,2.0,0.10169370179055492,True,0.48148148148148145,False,True
q3_radius1,q3g3_s4_00239,q3g3_s4_00239_right_neighbor_removed,right_neighbor_removed,0.023947490127846915,1.0,0.0017961448783452294,True,0.4444444444444444,True,True
q3_radius1,q3g3_s4_00239,q3g3_s4_00239_output_histogram_random,output_distribution_matched_random,0.0,0.0,0.3122828869636838,False,0.7037037037037037,True,True
q3_radius1,q3g3_s4_00239,q3g3_s4_00239_left_right_symmetrized_rule,left_right_symmetrized_rule,0.09918711521662815,0.0,0.05827107469783033,True,0.18518518518518517,False,True
q3_radius1,q3g3_s5_00015,q3g3_s5_00015_symbol_phase_only,symbol_phase_only,0.5282584353420225,2.0,0.3514708877771686,False,0.5185185185185185,False,True
q3_radius1,q3g3_s5_00015,q3g3_s5_00015_center_only_projection,center_only_projection,0.5282584353420225,2.0,0.5371144216040499,True,0.5555555555555556,False,True
q3_radius1,q3g3_s5_00015,q3g3_s5_00015_right_neighbor_removed,right_neighbor_removed,0.05440704573197763,1.0,0.22166273328993058,True,0.4444444444444444,True,True
q3_radius1,q3g3_s5_00015,q3g3_s5_00015_left_neighbor_removed,left_neighbor_removed,0.09491015424311988,1.0,0.5196932866404473,True,0.37037037037037035,True,True
q3_radius1,q3g3_s5_00015,q3g3_s5_00015_left_right_symmetrized_rule,left_right_symmetrized_rule,0.1493229418188482,0.0,0.20269944932725692,True,0.18518518518518517,False,True
q3_radius1,q3g3_s5_00015,q3g3_s5_00015_output_histogram_random,output_distribution_matched_random,0.0,0.0,0.028288912509771946,False,0.4444444444444444,True,True
q3_radius1,q3g3_s5_00020,q3g3_s5_00020_right_neighbor_removed,right_neighbor_removed,0.5938864408829339,1.0,0.7662526627033076,True,0.4074074074074074,True,True
q3_radius1,q3g3_s5_00020,q3g3_s5_00020_left_right_symmetrized_rule,left_right_symmetrized_rule,0.1583892157046436,0.0,0.7561996390557737,True,0.2222222222222222,False,True
q3_radius1,q3g3_s5_00020,q3g3_s5_00020_center_only_projection,center_only_projection,0.6666666666666665,2.0,0.6575922479561351,True,0.6296296296296297,False,True
q3_radius1,q3g3_s5_00020,q3g3_s5_00020_symbol_phase_only,symbol_phase_only,0.6666666666666665,2.0,0.5502481640276,True,0.5555555555555556,False,True
q3_radius1,q3g3_s5_00020,q3g3_s5_00020_output_histogram_random,output_distribution_matched_random,0.0,0.0,0.48360274068870807,True,0.5185185185185185,True,True
q3_radius1,q3g3_s5_00020,q3g3_s5_00020_left_neighbor_removed,left_neighbor_removed,0.0,1.0,0.2459798692649955,True,0.37037037037037035,True,True
q3_radius1,q3g3_s5_00060,q3g3_s5_00060_symbol_phase_only,symbol_phase_only,0.5282584353420225,2.0,0.7778102981339343,True,0.48148148148148145,False,True
q3_radius1,q3g3_s5_00060,q3g3_s5_00060_left_neighbor_removed,left_neighbor_removed,0.09491015424311966,1.0,0.09776997209912086,True,0.4444444444444444,True,True
q3_radius1,q3g3_s5_00060,q3g3_s5_00060_left_right_symmetrized_rule,left_right_symmetrized_rule,0.03188033026560011,0.0,0.1622502734089455,True,0.2222222222222222,False,True
q3_radius1,q3g3_s5_00060,q3g3_s5_00060_right_neighbor_removed,right_neighbor_removed,0.09491015424311966,1.0,0.16486461260165386,True,0.4074074074074074,True,True
q3_radius1,q3g3_s5_00060,q3g3_s5_00060_center_only_projection,center_only_projection,0.13840823132464397,2.0,0.5602467359080572,True,0.5555555555555556,False,True
q3_radius1,q3g3_s5_00060,q3g3_s5_00060_output_histogram_random,output_distribution_matched_random,0.0,0.0,0.27006126240215333,False,0.5185185185185185,True,True
q3_radius1,q3g3_s5_00065,q3g3_s5_00065_center_only_projection,center_only_projection,0.5682701190996524,2.0,0.5125073587220547,True,0.48148148148148145,False,True
q3_radius1,q3g3_s5_00065,q3g3_s5_00065_left_right_symmetrized_rule,left_right_symmetrized_rule,0.20659103924998456,0.0,0.5392098033327495,True,0.1111111111111111,False,True
q3_radius1,q3g3_s5_00065,q3g3_s5_00065_left_neighbor_removed,left_neighbor_removed,0.0439271036033404,1.0,0.3139704852386137,True,0.25925925925925924,True,True
q3_radius1,q3g3_s5_00065,q3g3_s5_00065_right_neighbor_removed,right_neighbor_removed,0.5682701190996524,1.0,0.534260750436566,True,0.4074074074074074,True,True
q3_radius1,q3g3_s5_00065,q3g3_s5_00065_symbol_phase_only,symbol_phase_only,0.0983965475670141,2.0,0.06673547894711451,False,0.4074074074074074,False,True
q3_radius1,q3g3_s5_00065,q3g3_s5_00065_output_histogram_random,output_distribution_matched_random,0.0,0.0,0.22895373765178278,True,0.5925925925925926,True,True
q3_radius1,q3g3_s5_00075,q3g3_s5_00075_center_only_projection,center_only_projection,0.6224137511382075,2.0,0.23233002482334308,True,0.6296296296296297,False,True
q3_radius1,q3g3_s5_00075,q3g3_s5_00075_left_right_symmetrized_rule,left_right_symmetrized_rule,0.11413630017618459,0.0,0.2298842957455125,True,0.2222222222222222,False,True
q3_radius1,q3g3_s5_00075,q3g3_s5_00075_right_neighbor_removed,right_neighbor_removed,0.10518908091003043,1.0,0.17638660453216373,True,0.5185185185185185,True,True
q3_radius1,q3g3_s5_00075,q3g3_s5_00075_left_neighbor_removed,left_neighbor_removed,0.18906547003930463,1.0,0.11484948468719541,True,0.4074074074074074,True,True
q3_radius1,q3g3_s5_00075,q3g3_s5_00075_symbol_phase_only,symbol_phase_only,0.6224137511382075,2.0,0.12446916467419997,True,0.5555555555555556,False,True
q3_radius1,q3g3_s5_00075,q3g3_s5_00075_output_histogram_random,output_distribution_matched_random,0.0,0.0,0.45650294293359633,False,0.8148148148148148,True,True
q3_radius1,q3g3_s5_00078,q3g3_s5_00078_symbol_phase_only,symbol_phase_only,0.5082774509620229,2.0,0.24635642127916357,False,0.4074074074074074,False,True
q3_radius1,q3g3_s5_00078,q3g3_s5_00078_left_neighbor_removed,left_neighbor_removed,0.2021788396105264,1.0,0.6184125358675733,True,0.37037037037037035,True,True
q3_radius1,q3g3_s5_00078,q3g3_s5_00078_center_only_projection,center_only_projection,0.5082774509620229,2.0,0.6432685579395355,True,0.7407407407407407,False,True
q3_radius1,q3g3_s5_00078,q3g3_s5_00078_left_right_symmetrized_rule,left_right_symmetrized_rule,0.1492131998094317,0.0,0.4808349906817281,True,0.18518518518518517,False,True
q3_radius1,q3g3_s5_00078,q3g3_s5_00078_output_histogram_random,output_distribution_matched_random,0.0,0.0,0.17638082423715185,False,0.6296296296296297,True,True
q3_radius1,q3g3_s5_00078,q3g3_s5_00078_right_neighbor_removed,right_neighbor_removed,0.1583892157046436,1.0,0.1100087800995726,True,0.4074074074074074,True,True
q3_radius1,q3g3_s5_00090,q3g3_s5_00090_left_neighbor_removed,left_neighbor_removed,0.02394749012784736,1.0,0.31406117539037115,True,0.4444444444444444,True,True
q3_radius1,q3g3_s5_00090,q3g3_s5_00090_center_only_projection,center_only_projection,0.6427191765388192,2.0,0.42654019381180447,True,0.5925925925925926,False,True
q3_radius1,q3g3_s5_00090,q3g3_s5_00090_right_neighbor_removed,right_neighbor_removed,0.20937089543991627,1.0,0.4730697443455825,True,0.37037037037037035,True,True
q3_radius1,q3g3_s5_00090,q3g3_s5_00090_symbol_phase_only,symbol_phase_only,0.02394749012784736,2.0,0.31784976713838625,True,0.5555555555555556,False,True
q3_radius1,q3g3_s5_00090,q3g3_s5_00090_left_right_symmetrized_rule,left_right_symmetrized_rule,0.01616582187639959,0.0,0.1143417011382441,True,0.2222222222222222,False,True
q3_radius1,q3g3_s5_00090,q3g3_s5_00090_output_histogram_random,output_distribution_matched_random,0.0,0.0,0.13204005230859628,False,0.5555555555555556,True,True
q3_radius1,q3g3_s5_00114,q3g3_s5_00114_symbol_phase_only,symbol_phase_only,1.3105673797344795,2.0,0.16670532424857343,False,0.37037037037037035,False,False
q3_radius1,q3g3_s5_00114,q3g3_s5_00114_right_neighbor_removed,right_neighbor_removed,0.08617293432849338,1.0,0.03805537034816142,True,0.2962962962962963,True,True
q3_radius1,q3g3_s5_00114,q3g3_s5_00114_center_only_projection,center_only_projection,0.3922715456799899,2.0,0.615039490816886,True,0.4074074074074074,False,True
q3_radius1,q3g3_s5_00114,q3g3_s5_00114_output_histogram_random,output_distribution_matched_random,0.0,0.0,0.15469082738766038,False,0.48148148148148145,True,True
q3_radius1,q3g3_s5_00114,q3g3_s5_00114_left_neighbor_removed,left_neighbor_removed,0.08157984393005502,1.0,0.549414879474801,True,0.48148148148148145,True,True
q3_radius1,q3g3_s5_00114,q3g3_s5_00114_left_right_symmetrized_rule,left_right_symmetrized_rule,0.17599857341966252,0.0,0.3052764456329444,True,0.18518518518518517,False,True
q3_radius1,q3g3_s5_00115,q3g3_s5_00115_symbol_phase_only,symbol_phase_only,1.478434599662112,2.0,0.13041353876362993,False,0.48148148148148145,False,False
q3_radius1,q3g3_s5_00115,q3g3_s5_00115_left_right_symmetrized_rule,left_right_symmetrized_rule,0.10652790105904408,0.0,0.8500483204901722,True,0.2222222222222222,False,True
q3_radius1,q3g3_s5_00115,q3g3_s5_00115_right_neighbor_removed,right_neighbor_removed,0.0520584570953706,1.0,0.21709722230154016,True,0.48148148148148145,True,True
q3_radius1,q3g3_s5_00115,q3g3_s5_00115_center_only_projection,center_only_projection,0.5601387656076224,2.0,0.6506841509585415,True,0.5925925925925926,False,True
q3_radius1,q3g3_s5_00115,q3g3_s5_00115_left_neighbor_removed,left_neighbor_removed,0.2540401542561259,1.0,0.17521214376725958,True,0.4074074074074074,True,True
q3_radius1,q3g3_s5_00115,q3g3_s5_00115_output_histogram_random,output_distribution_matched_random,0.0,0.0,0.022290037079551572,False,0.6296296296296297,True,True
q3_radius1,q3g3_s5_00126,q3g3_s5_00126_left_neighbor_removed,left_neighbor_removed,0.04392710360334062,1.0,0.46341358802007193,True,0.48148148148148145,True,True
q3_radius1,q3g3_s5_00126,q3g3_s5_00126_left_right_symmetrized_rule,left_right_symmetrized_rule,0.04001168375762987,0.0,0.25914041123814674,True,0.2222222222222222,False,True
q3_radius1,q3g3_s5_00126,q3g3_s5_00126_center_only_projection,center_only_projection,0.5682701190996524,2.0,0.09811151515670685,True,0.48148148148148145,False,True
q3_radius1,q3g3_s5_00126,q3g3_s5_00126_right_neighbor_removed,right_neighbor_removed,0.13492183800074953,1.0,0.3764676198779646,True,0.4074074074074074,True,True
q3_radius1,q3g3_s5_00126,q3g3_s5_00126_symbol_phase_only,symbol_phase_only,0.5682701190996524,2.0,0.09833022446660272,True,0.48148148148148145,False,True
q3_radius1,q3g3_s5_00126,q3g3_s5_00126_output_histogram_random,output_distribution_matched_random,0.0,0.0,0.04022491435248643,True,0.5925925925925926,True,True
q3_radius1,q3g3_s5_00143,q3g3_s5_00143_left_neighbor_removed,left_neighbor_removed,0.04852015052248815,1.0,0.40735862687317254,True,0.4444444444444444,True,True
q3_radius1,q3g3_s5_00143,q3g3_s5_00143_right_neighbor_removed,right_neighbor_removed,0.1434927029973041,1.0,0.40766162141102175,True,0.48148148148148145,True,True
q3_radius1,q3g3_s5_00143,q3g3_s5_00143_symbol_phase_only,symbol_phase_only,0.6607173732254812,2.0,0.5898075314448049,False,0.5555555555555556,False,True
q3_radius1,q3g3_s5_00143,q3g3_s5_00143_center_only_projection,center_only_projection,0.6607173732254812,2.0,0.29874702240446316,True,0.7037037037037037,False,True
q3_radius1,q3g3_s5_00143,q3g3_s5_00143_left_right_symmetrized_rule,left_right_symmetrized_rule,0.03830362208727367,0.0,0.17078372392660623,True,0.14814814814814814,False,True
q3_radius1,q3g3_s5_00143,q3g3_s5_00143_output_histogram_random,output_distribution_matched_random,0.0,0.0,0.13096555197990278,True,0.5925925925925926,True,True
q3_radius1,q3g3_s5_00176,q3g3_s5_00176_right_neighbor_removed,right_neighbor_removed,0.10909318842618188,1.0,0.025066868990872626,True,0.4444444444444444,True,True
q3_radius1,q3g3_s5_00176,q3g3_s5_00176_left_right_symmetrized_rule,left_right_symmetrized_rule,0.008628892289006318,0.0,0.054977486395386466,True,0.2222222222222222,False,True
q3_radius1,q3g3_s5_00176,q3g3_s5_00176_left_neighbor_removed,left_neighbor_removed,0.08372208863043973,1.0,0.22704784648615184,True,0.3333333333333333,True,True
q3_radius1,q3g3_s5_00176,q3g3_s5_00176_center_only_projection,center_only_projection,0.08372208863043973,2.0,0.6342406195429258,True,0.6296296296296297,False,True
q3_radius1,q3g3_s5_00176,q3g3_s5_00176_output_histogram_random,output_distribution_matched_random,0.0,0.0,0.07943635361778645,True,0.4444444444444444,True,True
q3_radius1,q3g3_s5_00176,q3g3_s5_00176_symbol_phase_only,symbol_phase_only,0.08372208863043973,2.0,0.1844216905064674,False,0.5185185185185185,False,True
q3_radius1,q3g3_s5_00183,q3g3_s5_00183_left_neighbor_removed,left_neighbor_removed,0.1383458330929479,1.0,0.7138934714829791,True,0.4444444444444444,True,True
q3_radius1,q3g3_s5_00183,q3g3_s5_00183_center_only_projection,center_only_projection,0.0544694439636737,2.0,0.4978094962295424,True,0.5925925925925926,False,True
q3_radius1,q3g3_s5_00183,q3g3_s5_00183_left_right_symmetrized_rule,left_right_symmetrized_rule,0.2109717583778461,0.0,0.5910469734335659,True,0.25925925925925924,False,True
q3_radius1,q3g3_s5_00183,q3g3_s5_00183_symbol_phase_only,symbol_phase_only,0.6121972227029928,2.0,0.4976111319717299,True,0.4444444444444444,False,True
q3_radius1,q3g3_s5_00183,q3g3_s5_00183_right_neighbor_removed,right_neighbor_removed,2.220446049250313e-16,1.0,0.4762040919650291,True,0.2962962962962963,True,True
q3_radius1,q3g3_s5_00183,q3g3_s5_00183_output_histogram_random,output_distribution_matched_random,0.0,0.0,0.04498217646528779,False,0.6296296296296297,True,True
q3_radius1,q3g3_s5_00199,q3g3_s5_00199_left_neighbor_removed,left_neighbor_removed,0.0,1.0,0.12355621516355997,True,0.37037037037037035,True,True
q3_radius1,q3g3_s5_00199,q3g3_s5_00199_symbol_phase_only,symbol_phase_only,0.612197222702993,2.0,0.18902217079246875,False,0.48148148148148145,False,True
q3_radius1,q3g3_s5_00199,q3g3_s5_00199_center_only_projection,center_only_projection,0.612197222702993,2.0,0.5913559961349953,True,0.5185185185185185,False,True
q3_radius1,q3g3_s5_00199,q3g3_s5_00199_right_neighbor_removed,right_neighbor_removed,0.3060986113514965,1.0,0.49834328614867607,True,0.3333333333333333,True,True
q3_radius1,q3g3_s5_00199,q3g3_s5_00199_left_right_symmetrized_rule,left_right_symmetrized_rule,0.029252644666766026,0.0,0.6982954594126919,True,0.2222222222222222,False,True
q3_radius1,q3g3_s5_00199,q3g3_s5_00199_output_histogram_random,output_distribution_matched_random,0.0,0.0,0.06048468973359322,False,0.6296296296296297,True,True
q3_radius1,q3g3_s5_00204,q3g3_s5_00204_center_only_projection,center_only_projection,0.6480714328441466,2.0,0.3246221808817109,True,0.6296296296296297,False,True
q3_radius1,q3g3_s5_00204,q3g3_s5_00204_left_right_symmetrized_rule,left_right_symmetrized_rule,0.3913726069254657,0.0,0.30338160940545805,True,0.2962962962962963,False,True
q3_radius1,q3g3_s5_00204,q3g3_s5_00204_symbol_phase_only,symbol_phase_only,0.6480714328441466,2.0,0.2163702237908138,True,0.5925925925925926,False,True
q3_radius1,q3g3_s5_00204,q3g3_s5_00204_left_neighbor_removed,left_neighbor_removed,0.03587421014115377,1.0,0.18621666544517035,True,0.6296296296296297,True,True
q3_radius1,q3g3_s5_00204,q3g3_s5_00204_right_neighbor_removed,right_neighbor_removed,0.01859523382251993,1.0,0.03206445645635353,True,0.4444444444444444,True,True
q3_radius1,q3g3_s5_00204,q3g3_s5_00204_output_histogram_random,output_distribution_matched_random,0.0,0.0,0.3877541961570775,False,0.6666666666666666,True,True
q3_radius1,q3g3_s5_00214,q3g3_s5_00214_center_only_projection,center_only_projection,0.023947490127847137,2.0,0.14568552434870452,True,0.5185185185185185,False,True
q3_radius1,q3g3_s5_00214,q3g3_s5_00214_left_neighbor_removed,left_neighbor_removed,0.030521953835826565,1.0,0.23359458085544083,True,0.3333333333333333,True,True
q3_radius1,q3g3_s5_00214,q3g3_s5_00214_right_neighbor_removed,right_neighbor_removed,0.030521953835826343,1.0,0.11276549499789332,True,0.5555555555555556,True,True
q3_radius1,q3g3_s5_00214,q3g3_s5_00214_left_right_symmetrized_rule,left_right_symmetrized_rule,0.20062693266699694,0.0,0.30137712603811323,True,0.25925925925925924,False,True
q3_radius1,q3g3_s5_00214,q3g3_s5_00214_symbol_phase_only,symbol_phase_only,0.023947490127847137,2.0,0.1446580992184962,True,0.5185185185185185,False,True
q3_radius1,q3g3_s5_00214,q3g3_s5_00214_output_histogram_random,output_distribution_matched_random,0.0,0.0,0.41230538946378537,False,0.5925925925925926,True,True
q3_radius1,q3g3_s5_00221,q3g3_s5_00221_center_only_projection,center_only_projection,0.6265533546624196,2.0,0.6186589271391731,True,0.5555555555555556,False,True
q3_radius1,q3g3_s5_00221,q3g3_s5_00221_left_right_symmetrized_rule,left_right_symmetrized_rule,0.08897271668914963,0.0,0.6745241498544357,True,0.2222222222222222,False,True
q3_radius1,q3g3_s5_00221,q3g3_s5_00221_right_neighbor_removed,right_neighbor_removed,0.10932868443424248,1.0,0.5789049729811362,True,0.4074074074074074,True,True
q3_radius1,q3g3_s5_00221,q3g3_s5_00221_output_histogram_random,output_distribution_matched_random,0.0,0.0,0.07665794526237102,False,0.6296296296296297,True,True
q3_radius1,q3g3_s5_00221,q3g3_s5_00221_left_neighbor_removed,left_neighbor_removed,0.1932050735635169,1.0,0.04022813664387381,True,0.4444444444444444,True,True
q3_radius1,q3g3_s5_00221,q3g3_s5_00221_symbol_phase_only,symbol_phase_only,0.04011331200424695,2.0,0.5121062974638564,True,0.48148148148148145,False,True
q3_radius1,q3g3_s5_00233,q3g3_s5_00233_left_neighbor_removed,left_neighbor_removed,0.1308467626159695,1.0,0.27623294188342673,True,0.4444444444444444,True,True
q3_radius1,q3g3_s5_00233,q3g3_s5_00233_center_only_projection,center_only_projection,0.6480714328441466,2.0,0.16894218935603983,True,0.5555555555555556,False,True
q3_radius1,q3g3_s5_00233,q3g3_s5_00233_left_right_symmetrized_rule,left_right_symmetrized_rule,0.2557998871641569,0.0,0.20276911030968264,True,0.2962962962962963,False,True
q3_radius1,q3g3_s5_00233,q3g3_s5_00233_symbol_phase_only,symbol_phase_only,0.6480714328441466,2.0,0.16847734655785515,True,0.5555555555555556,False,True
q3_radius1,q3g3_s5_00233,q3g3_s5_00233_right_neighbor_removed,right_neighbor_removed,0.17422004323410167,1.0,0.09965022374005036,True,0.3333333333333333,True,True
q3_radius1,q3g3_s5_00233,q3g3_s5_00233_output_histogram_random,output_distribution_matched_random,0.0,0.0,0.4538547151502345,False,0.7407407407407407,True,True
q3_radius1,q3g3_s5_00244,q3g3_s5_00244_left_neighbor_removed,left_neighbor_removed,0.12549450631064252,1.0,0.024293409995710502,True,0.4074074074074074,True,True
q3_radius1,q3g3_s5_00244,q3g3_s5_00244_symbol_phase_only,symbol_phase_only,0.6427191765388196,2.0,0.2693908076692201,False,0.4444444444444444,False,True
q3_radius1,q3g3_s5_00244,q3g3_s5_00244_center_only_projection,center_only_projection,0.6427191765388196,2.0,0.5112057512963725,True,0.5555555555555556,False,True
q3_radius1,q3g3_s5_00244,q3g3_s5_00244_right_neighbor_removed,right_neighbor_removed,0.12549450631064252,1.0,0.5729021911422799,True,0.37037037037037035,True,True
q3_radius1,q3g3_s5_00244,q3g3_s5_00244_left_right_symmetrized_rule,left_right_symmetrized_rule,0.051145706213586495,0.0,0.6762286924246924,True,0.2222222222222222,False,True
q3_radius1,q3g3_s5_00244,q3g3_s5_00244_output_histogram_random,output_distribution_matched_random,0.0,0.0,0.012073410262218753,False,0.8148148148148148,True,True
q3_radius1,q3g3_s5_00264,q3g3_s5_00264_center_only_projection,center_only_projection,0.582944578036227,2.0,0.3640847407508935,True,0.48148148148148145,False,True
q3_radius1,q3g3_s5_00264,q3g3_s5_00264_right_neighbor_removed,right_neighbor_removed,0.7370359055820963,1.0,0.3641509117438779,True,0.48148148148148145,True,True
q3_radius1,q3g3_s5_00264,q3g3_s5_00264_left_right_symmetrized_rule,left_right_symmetrized_rule,0.4151917997776784,0.0,0.36398585110689774,True,0.2962962962962963,False,True
q3_radius1,q3g3_s5_00264,q3g3_s5_00264_symbol_phase_only,symbol_phase_only,0.582944578036227,2.0,0.36408311473308563,True,0.48148148148148145,False,True
q3_radius1,q3g3_s5_00264,q3g3_s5_00264_left_neighbor_removed,left_neighbor_removed,0.06571990780804993,1.0,0.1566016461804287,True,0.4074074074074074,True,True
q3_radius1,q3g3_s5_00264,q3g3_s5_00264_output_histogram_random,output_distribution_matched_random,0.0,0.0,0.35959016974674096,False,0.5555555555555556,True,True
q3_radius1,q3g3_s5_00286,q3g3_s5_00286_center_only_projection,center_only_projection,0.08372208863043973,2.0,0.5777843591840023,True,0.5925925925925926,False,True
q3_radius1,q3g3_s5_00286,q3g3_s5_00286_left_neighbor_removed,left_neighbor_removed,0.029252644666766248,1.0,0.5255173453268406,True,0.4074074074074074,True,True
q3_radius1,q3g3_s5_00286,q3g3_s5_00286_right_neighbor_removed,right_neighbor_removed,0.029252644666766248,1.0,0.0032283195510476315,True,0.4074074074074074,True,True
q3_radius1,q3g3_s5_00286,q3g3_s5_00286_symbol_phase_only,symbol_phase_only,0.08372208863043973,2.0,0.5771434900433774,True,0.48148148148148145,False,True
q3_radius1,q3g3_s5_00286,q3g3_s5_00286_output_histogram_random,output_distribution_matched_random,0.0,0.0,0.11917308586770026,False,0.5555555555555556,True,True
q3_radius1,q3g3_s5_00286,q3g3_s5_00286_left_right_symmetrized_rule,left_right_symmetrized_rule,0.07777279518925484,0.0,0.3350541459964109,True,0.14814814814814814,False,True
q3_radius1,q3g3_s5_00296,q3g3_s5_00296_center_only_projection,center_only_projection,0.612197222702993,2.0,0.30204264322916663,True,0.5555555555555556,False,True
q3_radius1,q3g3_s5_00296,q3g3_s5_00296_left_neighbor_removed,left_neighbor_removed,0.13834583309294812,1.0,0.1874851675448749,True,0.37037037037037035,True,True
q3_radius1,q3g3_s5_00296,q3g3_s5_00296_symbol_phase_only,symbol_phase_only,0.612197222702993,2.0,0.0853951933168606,True,0.4444444444444444,False,True
q3_radius1,q3g3_s5_00296,q3g3_s5_00296_right_neighbor_removed,right_neighbor_removed,2.220446049250313e-16,1.0,0.11260985336650725,True,0.5185185185185185,True,True
q3_radius1,q3g3_s5_00296,q3g3_s5_00296_left_right_symmetrized_rule,left_right_symmetrized_rule,0.012964267358482884,0.0,0.004638959402539167,True,0.25925925925925924,False,True
q3_radius1,q3g3_s5_00296,q3g3_s5_00296_output_histogram_random,output_distribution_matched_random,0.0,0.0,0.31723015520617587,True,0.7037037037037037,True,True
q3_radius1,q3g3_s5_00334,q3g3_s5_00334_center_only_projection,center_only_projection,0.582944578036227,2.0,0.5159665628870715,True,0.6666666666666666,False,True
q3_radius1,q3g3_s5_00334,q3g3_s5_00334_right_neighbor_removed,right_neighbor_removed,0.14959629693732435,1.0,0.005715006431098679,True,0.48148148148148145,True,True
q3_radius1,q3g3_s5_00334,q3g3_s5_00334_left_right_symmetrized_rule,left_right_symmetrized_rule,0.10203287045049891,0.0,0.5970175323585475,True,0.18518518518518517,False,True
q3_radius1,q3g3_s5_00334,q3g3_s5_00334_symbol_phase_only,symbol_phase_only,0.582944578036227,2.0,0.1255989991820734,False,0.5185185185185185,False,True
q3_radius1,q3g3_s5_00334,q3g3_s5_00334_left_neighbor_removed,left_neighbor_removed,0.029252644666765804,1.0,0.06635290868410904,True,0.3333333333333333,True,True
q3_radius1,q3g3_s5_00334,q3g3_s5_00334_output_histogram_random,output_distribution_matched_random,0.0,0.0,0.035041843783630844,False,0.6296296296296297,True,True
q3_radius1,q3g3_s5_00343,q3g3_s5_00343_left_right_symmetrized_rule,left_right_symmetrized_rule,0.02286246881654952,0.0,0.32794939999149714,True,0.18518518518518517,False,True
q3_radius1,q3g3_s5_00343,q3g3_s5_00343_right_neighbor_removed,right_neighbor_removed,0.15270196505237466,1.0,0.1994822243733248,True,0.48148148148148145,True,True
q3_radius1,q3g3_s5_00343,q3g3_s5_00343_center_only_projection,center_only_projection,0.04011331200424695,2.0,0.1568111744385559,True,0.5925925925925926,False,True
q3_radius1,q3g3_s5_00343,q3g3_s5_00343_symbol_phase_only,symbol_phase_only,0.6265533546624196,2.0,0.15585495699063923,True,0.48148148148148145,False,True
q3_radius1,q3g3_s5_00343,q3g3_s5_00343_left_neighbor_removed,left_neighbor_removed,0.014356131959426532,1.0,0.15616521903491004,True,0.4074074074074074,True,True
q3_radius1,q3g3_s5_00343,q3g3_s5_00343_output_histogram_random,output_distribution_matched_random,0.0,0.0,0.4219119324166717,False,0.6296296296296297,True,True
q3_radius1,q3g3_s5_00351,q3g3_s5_00351_left_neighbor_removed,left_neighbor_removed,0.48735853982389,1.0,0.07480611918885027,True,0.4074074074074074,True,True
q3_radius1,q3g3_s5_00351,q3g3_s5_00351_left_right_symmetrized_rule,left_right_symmetrized_rule,0.39238598734907404,0.0,0.1375555542864686,True,0.18518518518518517,False,True
q3_radius1,q3g3_s5_00351,q3g3_s5_00351_center_only_projection,center_only_projection,0.5601387656076227,2.0,0.6904629118028904,True,0.7407407407407407,False,True
q3_radius1,q3g3_s5_00351,q3g3_s5_00351_right_neighbor_removed,right_neighbor_removed,0.05205845709537038,1.0,0.6277681763409174,True,0.48148148148148145,True,True
q3_radius1,q3g3_s5_00351,q3g3_s5_00351_symbol_phase_only,symbol_phase_only,0.5601387656076227,2.0,0.30042119611773577,False,0.48148148148148145,False,True
q3_radius1,q3g3_s5_00351,q3g3_s5_00351_output_histogram_random,output_distribution_matched_random,0.0,0.0,0.03033369930631702,False,0.6666666666666666,True,True
q3_radius1,q3g3_s6_00058,q3g3_s6_00058_center_only_projection,center_only_projection,0.5992329553445102,2.0,0.354433987960171,True,0.6666666666666666,False,True
q3_radius1,q3g3_s6_00058,q3g3_s6_00058_left_right_symmetrized_rule,left_right_symmetrized_rule,0.2202974618213358,0.0,0.27139824562989867,True,0.25925925925925924,False,True
q3_radius1,q3g3_s6_00058,q3g3_s6_00058_left_neighbor_removed,left_neighbor_removed,0.5264527295607775,1.0,0.23736451305763687,True,0.5185185185185185,True,True
q3_radius1,q3g3_s6_00058,q3g3_s6_00058_symbol_phase_only,symbol_phase_only,0.5992329553445102,2.0,0.13662881336869012,True,0.48148148148148145,False,True
q3_radius1,q3g3_s6_00058,q3g3_s6_00058_output_histogram_random,output_distribution_matched_random,0.0,0.0,0.49366851469539375,True,0.6666666666666666,True,True
q3_radius1,q3g3_s6_00058,q3g3_s6_00058_right_neighbor_removed,right_neighbor_removed,0.012964267358482662,1.0,0.03335982750885824,True,0.3333333333333333,True,True
q3_radius1,q3g3_s6_00123,q3g3_s6_00123_center_only_projection,center_only_projection,0.10652790105904386,2.0,0.4860404388249268,True,0.4074074074074074,False,True
q3_radius1,q3g3_s6_00123,q3g3_s6_00123_left_neighbor_removed,left_neighbor_removed,0.10652790105904386,1.0,0.4993297237324358,True,0.37037037037037035,True,True
q3_radius1,q3g3_s6_00123,q3g3_s6_00123_left_right_symmetrized_rule,left_right_symmetrized_rule,0.12679048450872,0.0,0.4249357108251857,True,0.2222222222222222,False,True
q3_radius1,q3g3_s6_00123,q3g3_s6_00123_right_neighbor_removed,right_neighbor_removed,0.05205845709537016,1.0,0.4865490651270101,True,0.2962962962962963,True,True
q3_radius1,q3g3_s6_00123,q3g3_s6_00123_symbol_phase_only,symbol_phase_only,0.5601387656076227,2.0,0.48701700132492687,True,0.4074074074074074,False,True
q3_radius1,q3g3_s6_00123,q3g3_s6_00123_output_histogram_random,output_distribution_matched_random,0.0,0.0,0.09648122409476023,False,0.5555555555555556,True,True
q3_radius1,q3g3_s6_00140,q3g3_s6_00140_left_neighbor_removed,left_neighbor_removed,0.08200828511633307,1.0,0.728062094923271,True,0.37037037037037035,True,True
q3_radius1,q3g3_s6_00140,q3g3_s6_00140_right_neighbor_removed,right_neighbor_removed,0.12538156573446524,1.0,0.14711967205521037,True,0.2962962962962963,True,True
q3_radius1,q3g3_s6_00140,q3g3_s6_00140_left_right_symmetrized_rule,left_right_symmetrized_rule,0.06165231737124022,0.0,0.6744852344892178,True,0.2222222222222222,False,True
q3_radius1,q3g3_s6_00140,q3g3_s6_00140_center_only_projection,center_only_projection,0.06743371132215636,2.0,0.5115165883957216,True,0.37037037037037035,False,True
q3_radius1,q3g3_s6_00140,q3g3_s6_00140_symbol_phase_only,symbol_phase_only,0.06743371132215636,2.0,0.510804511572805,True,0.37037037037037035,False,True
q3_radius1,q3g3_s6_00140,q3g3_s6_00140_output_histogram_random,output_distribution_matched_random,0.0,0.0,0.1794543449099456,False,0.6666666666666666,True,True
q3_radius1,q3g3_s6_00149,q3g3_s6_00149_center_only_projection,center_only_projection,0.0544694439636737,2.0,0.42011454819548505,True,0.4074074074074074,False,True
q3_radius1,q3g3_s6_00149,q3g3_s6_00149_right_neighbor_removed,right_neighbor_removed,0.09497255247481573,1.0,0.38719997195317574,True,0.4074074074074074,True,True
q3_radius1,q3g3_s6_00149,q3g3_s6_00149_left_neighbor_removed,left_neighbor_removed,0.0,1.0,0.5082228315426515,True,0.2962962962962963,True,True
q3_radius1,q3g3_s6_00149,q3g3_s6_00149_left_right_symmetrized_rule,left_right_symmetrized_rule,0.1383458330929479,0.0,0.49282266816355486,True,0.2222222222222222,False,True
q3_radius1,q3g3_s6_00149,q3g3_s6_00149_symbol_phase_only,symbol_phase_only,0.6121972227029928,2.0,0.42067403712777673,True,0.3333333333333333,False,True
q3_radius1,q3g3_s6_00149,q3g3_s6_00149_output_histogram_random,output_distribution_matched_random,0.0,0.0,0.2127440553582124,False,0.6666666666666666,True,True
q3_radius1,q3g3_s6_00302,q3g3_s6_00302_right_neighbor_removed,right_neighbor_removed,0.18906547003930463,1.0,0.09762653551603628,True,0.18518518518518517,True,True
q3_radius1,q3g3_s6_00302,q3g3_s6_00302_left_neighbor_removed,left_neighbor_removed,0.18906547003930485,1.0,0.6685177293049971,True,0.4074074074074074,True,True
q3_radius1,q3g3_s6_00302,q3g3_s6_00302_center_only_projection,center_only_projection,0.044252915528459,2.0,0.5615828664679277,True,0.37037037037037035,False,True
q3_radius1,q3g3_s6_00302,q3g3_s6_00302_left_right_symmetrized_rule,left_right_symmetrized_rule,0.03460490097209323,0.0,0.5398947831637833,True,0.25925925925925924,False,True
q3_radius1,q3g3_s6_00302,q3g3_s6_00302_symbol_phase_only,symbol_phase_only,0.044252915528459,2.0,0.5614963999965734,True,0.37037037037037035,False,True
q3_radius1,q3g3_s6_00302,q3g3_s6_00302_output_histogram_random,output_distribution_matched_random,0.0,0.0,0.07401622155024046,False,0.7037037037037037,True,True
q3_radius1,q3g3_s6_00313,q3g3_s6_00313_left_neighbor_removed,left_neighbor_removed,0.09497255247481595,1.0,0.6512541296886422,True,0.4444444444444444,True,True
q3_radius1,q3g3_s6_00313,q3g3_s6_00313_symbol_phase_only,symbol_phase_only,0.612197222702993,2.0,0.346232602006046,False,0.4444444444444444,False,True
q3_radius1,q3g3_s6_00313,q3g3_s6_00313_right_neighbor_removed,right_neighbor_removed,0.09497255247481595,1.0,0.22381365740740744,True,0.18518518518518517,True,True
q3_radius1,q3g3_s6_00313,q3g3_s6_00313_center_only_projection,center_only_projection,0.612197222702993,2.0,0.543757973436104,True,0.5555555555555556,False,True
q3_radius1,q3g3_s6_00313,q3g3_s6_00313_left_right_symmetrized_rule,left_right_symmetrized_rule,0.03587421014115355,0.0,0.4096921508075201,True,0.25925925925925924,False,True
q3_radius1,q3g3_s6_00313,q3g3_s6_00313_output_histogram_random,output_distribution_matched_random,0.0,0.0,0.3154065861494375,False,0.7407407407407407,True,True
q3_radius1,q3g3_s6_00356,q3g3_s6_00356_left_neighbor_removed,left_neighbor_removed,0.10932868443424248,1.0,0.8662757799174586,True,0.37037037037037035,True,True
q3_radius1,q3g3_s6_00356,q3g3_s6_00356_right_neighbor_removed,right_neighbor_removed,0.19320507356351668,1.0,0.009136207387228867,True,0.18518518518518517,True,True
q3_radius1,q3g3_s6_00356,q3g3_s6_00356_center_only_projection,center_only_projection,0.04011331200424695,2.0,0.6492935488021088,True,0.3333333333333333,False,True
q3_radius1,q3g3_s6_00356,q3g3_s6_00356_left_right_symmetrized_rule,left_right_symmetrized_rule,0.08897271668914963,0.0,0.8045479301665803,True,0.2222222222222222,False,True
q3_radius1,q3g3_s6_00356,q3g3_s6_00356_symbol_phase_only,symbol_phase_only,0.04011331200424695,2.0,0.650107350885442,True,0.3333333333333333,False,True
q3_radius1,q3g3_s6_00356,q3g3_s6_00356_output_histogram_random,output_distribution_matched_random,0.0,0.0,0.24409116034851663,True,0.7407407407407407,True,True
q3_radius1,q3g3_s6_00364,q3g3_s6_00364_center_only_projection,center_only_projection,0.612197222702993,2.0,0.235507352852527,True,0.6296296296296297,False,True
q3_radius1,q3g3_s6_00364,q3g3_s6_00364_left_right_symmetrized_rule,left_right_symmetrized_rule,0.06866516138080159,0.0,0.25461549120649574,True,0.18518518518518517,False,True
q3_radius1,q3g3_s6_00364,q3g3_s6_00364_left_neighbor_removed,left_neighbor_removed,0.09497255247481595,1.0,0.20002081302794023,True,0.48148148148148145,True,True
q3_radius1,q3g3_s6_00364,q3g3_s6_00364_symbol_phase_only,symbol_phase_only,0.05446944396367348,2.0,0.12658898624373074,True,0.4444444444444444,False,True
q3_radius1,q3g3_s6_00364,q3g3_s6_00364_right_neighbor_removed,right_neighbor_removed,0.05446944396367348,1.0,0.026704457303469153,True,0.2962962962962963,True,True
q3_radius1,q3g3_s6_00364,q3g3_s6_00364_output_histogram_random,output_distribution_matched_random,0.0,0.0,0.38413383776371635,True,0.6666666666666666,True,True
q3_radius1,q3g3_s7_00001,q3g3_s7_00001_center_only_projection,center_only_projection,0.4333482810989029,2.0,0.5549697330665713,True,0.7777777777777778,True,True
q3_radius1,q3g3_s7_00001,q3g3_s7_00001_symbol_phase_only,symbol_phase_only,0.4333482810989029,2.0,0.056154346528031696,False,0.4444444444444444,True,True
q3_radius1,q3g3_s7_00001,q3g3_s7_00001_left_neighbor_removed,left_neighbor_removed,0.04050310851114203,1.0,0.0535299141272233,True,0.4074074074074074,False,True
q3_radius1,q3g3_s7_00001,q3g3_s7_00001_left_right_symmetrized_rule,left_right_symmetrized_rule,0.0,0.0,0.00176346588630516,True,0.0,True,True
q3_radius1,q3g3_s7_00001,q3g3_s7_00001_right_neighbor_removed,right_neighbor_removed,0.04050310851114203,1.0,0.051171672739248275,True,0.4074074074074074,False,True
q3_radius1,q3g3_s7_00001,q3g3_s7_00001_output_histogram_random,output_distribution_matched_random,0.0,0.0,0.14521330498192808,True,0.6296296296296297,False,True
q3_radius1,q3g3_s7_00003,q3g3_s7_00003_left_neighbor_removed,left_neighbor_removed,0.04852015052248837,1.0,0.18256062389272154,True,0.4444444444444444,False,True
q3_radius1,q3g3_s7_00003,q3g3_s7_00003_right_neighbor_removed,right_neighbor_removed,0.04852015052248837,1.0,0.2321357950132492,True,0.4444444444444444,False,True
q3_radius1,q3g3_s7_00003,q3g3_s7_00003_center_only_projection,center_only_projection,0.005949293441185111,2.0,0.32659822876690425,True,0.48148148148148145,True,True
q3_radius1,q3g3_s7_00003,q3g3_s7_00003_symbol_phase_only,symbol_phase_only,0.6607173732254814,2.0,0.4354865140462557,True,0.48148148148148145,True,True
q3_radius1,q3g3_s7_00003,q3g3_s7_00003_output_histogram_random,output_distribution_matched_random,0.0,0.0,0.1402033755653782,False,0.5555555555555556,False,True
q3_radius1,q3g3_s7_00003,q3g3_s7_00003_left_right_symmetrized_rule,left_right_symmetrized_rule,0.0,0.0,0.00018141004774308023,True,0.0,True,True
q3_radius1,q3g3_s7_00004,q3g3_s7_00004_center_only_projection,center_only_projection,0.3000409902846912,2.0,0.19743891487344664,True,0.5555555555555556,True,True
q3_radius1,q3g3_s7_00004,q3g3_s7_00004_output_histogram_random,output_distribution_matched_random,0.0,0.0,0.16957917191751443,True,0.5185185185185185,False,True
q3_radius1,q3g3_s7_00004,q3g3_s7_00004_left_right_symmetrized_rule,left_right_symmetrized_rule,0.0,0.0,0.005607015053276293,True,0.0,True,True
q3_radius1,q3g3_s7_00004,q3g3_s7_00004_symbol_phase_only,symbol_phase_only,0.3000409902846912,2.0,0.3013747960735715,False,0.3333333333333333,True,True
q3_radius1,q3g3_s7_00004,q3g3_s7_00004_left_neighbor_removed,left_neighbor_removed,0.0060576210668052966,1.0,0.08569023623103986,True,0.37037037037037035,False,True
q3_radius1,q3g3_s7_00004,q3g3_s7_00004_right_neighbor_removed,right_neighbor_removed,0.0060576210668052966,1.0,0.08534606576663013,True,0.37037037037037035,False,True
q3_radius1,q3g3_s7_00005,q3g3_s7_00005_center_only_projection,center_only_projection,1.5061046842206038,2.0,0.4157291781677682,True,0.5925925925925926,True,False
q3_radius1,q3g3_s7_00005,q3g3_s7_00005_symbol_phase_only,symbol_phase_only,0.5878088501661143,2.0,0.08329611338912235,False,0.5185185185185185,True,True
q3_radius1,q3g3_s7_00005,q3g3_s7_00005_left_neighbor_removed,left_neighbor_removed,0.1544605690672114,1.0,0.07008214086739561,True,0.5185185185185185,False,True
q3_radius1,q3g3_s7_00005,q3g3_s7_00005_output_histogram_random,output_distribution_matched_random,0.0,0.0,0.15696563621555698,True,0.5555555555555556,False,True
q3_radius1,q3g3_s7_00005,q3g3_s7_00005_right_neighbor_removed,right_neighbor_removed,0.1544605690672114,1.0,0.06830927580498192,True,0.5185185185185185,False,True
q3_radius1,q3g3_s7_00005,q3g3_s7_00005_left_right_symmetrized_rule,left_right_symmetrized_rule,0.0,0.0,0.0007761657199277239,True,0.0,True,True
q3_radius1,q3g3_s7_00006,q3g3_s7_00006_symbol_phase_only,symbol_phase_only,0.6427191765388192,2.0,0.23139463824990347,False,0.37037037037037035,True,True
q3_radius1,q3g3_s7_00006,q3g3_s7_00006_left_right_symmetrized_rule,left_right_symmetrized_rule,0.0,0.0,0.00012911969458140327,True,0.0,True,True
q3_radius1,q3g3_s7_00006,q3g3_s7_00006_center_only_projection,center_only_projection,0.02394749012784736,2.0,0.5497805451014508,True,0.5185185185185185,True,True
q3_radius1,q3g3_s7_00006,q3g3_s7_00006_left_neighbor_removed,left_neighbor_removed,0.03052195383582612,1.0,0.514008302050337,True,0.37037037037037035,False,True
q3_radius1,q3g3_s7_00006,q3g3_s7_00006_right_neighbor_removed,right_neighbor_removed,0.03052195383582612,1.0,0.5556052879050926,True,0.37037037037037035,False,True
q3_radius1,q3g3_s7_00006,q3g3_s7_00006_output_histogram_random,output_distribution_matched_random,0.0,0.0,0.00022621477014295177,False,0.7037037037037037,False,True
q3_radius1,q3g3_s7_00008,q3g3_s7_00008_left_neighbor_removed,left_neighbor_removed,0.014356131959426532,1.0,0.5339375199088034,True,0.48148148148148145,False,True
q3_radius1,q3g3_s7_00008,q3g3_s7_00008_right_neighbor_removed,right_neighbor_removed,0.014356131959426532,1.0,0.5343879764152859,True,0.48148148148148145,False,True
q3_radius1,q3g3_s7_00008,q3g3_s7_00008_center_only_projection,center_only_projection,0.04011331200424695,2.0,0.0011969672309027624,True,0.4444444444444444,True,True
q3_radius1,q3g3_s7_00008,q3g3_s7_00008_symbol_phase_only,symbol_phase_only,0.04011331200424695,2.0,0.00040520562065973764,True,0.4444444444444444,True,True
q3_radius1,q3g3_s7_00008,q3g3_s7_00008_left_right_symmetrized_rule,left_right_symmetrized_rule,0.0,0.0,0.0007349699638817819,True,0.0,True,True
q3_radius1,q3g3_s7_00008,q3g3_s7_00008_output_histogram_random,output_distribution_matched_random,0.0,0.0,0.3578513122518935,False,0.8518518518518519,False,True
q3_radius1,q3g3_s7_00010,q3g3_s7_00010_left_neighbor_removed,left_neighbor_removed,0.12724966974740637,1.0,0.1117814567818744,True,0.4074074074074074,False,True
q3_radius1,q3g3_s7_00010,q3g3_s7_00010_right_neighbor_removed,right_neighbor_removed,0.12724966974740637,1.0,0.11162926548095863,True,0.4074074074074074,False,True
q3_radius1,q3g3_s7_00010,q3g3_s7_00010_center_only_projection,center_only_projection,0.4333482810989029,2.0,0.0024434189427743336,True,0.6296296296296297,True,True
q3_radius1,q3g3_s7_00010,q3g3_s7_00010_left_right_symmetrized_rule,left_right_symmetrized_rule,0.0,0.0,0.00046275078746851883,True,0.0,True,True
q3_radius1,q3g3_s7_00010,q3g3_s7_00010_symbol_phase_only,symbol_phase_only,0.4333482810989029,2.0,0.3870629997823516,False,0.4074074074074074,True,True
q3_radius1,q3g3_s7_00010,q3g3_s7_00010_output_histogram_random,output_distribution_matched_random,0.0,0.0,0.00027753347851688925,True,0.5185185185185185,False,True
q3_radius1,q3g3_s7_00011,q3g3_s7_00011_center_only_projection,center_only_projection,0.6224137511382075,2.0,0.576714637761305,True,0.6296296296296297,True,True
q3_radius1,q3g3_s7_00011,q3g3_s7_00011_symbol_phase_only,symbol_phase_only,0.6224137511382075,2.0,0.07789914216059535,False,0.4074074074074074,True,True
q3_radius1,q3g3_s7_00011,q3g3_s7_00011_left_neighbor_removed,left_neighbor_removed,0.0102165284352147,1.0,0.25871143997916163,True,0.4074074074074074,False,True
q3_radius1,q3g3_s7_00011,q3g3_s7_00011_right_neighbor_removed,right_neighbor_removed,0.0102165284352147,1.0,0.25527790508307446,True,0.4074074074074074,False,True
q3_radius1,q3g3_s7_00011,q3g3_s7_00011_output_histogram_random,output_distribution_matched_random,0.0,0.0,0.08957050960508539,False,0.7407407407407407,False,True
q3_radius1,q3g3_s7_00011,q3g3_s7_00011_left_right_symmetrized_rule,left_right_symmetrized_rule,0.0,0.0,5.0813056494569686e-05,True,0.0,True,True
q3_radius1,q3g3_s7_00013,q3g3_s7_00013_center_only_projection,center_only_projection,0.5992329553445102,2.0,0.688622745466821,True,0.6666666666666666,True,True
q3_radius1,q3g3_s7_00013,q3g3_s7_00013_symbol_phase_only,symbol_phase_only,0.5992329553445102,2.0,0.3092196379643589,False,0.4444444444444444,True,True
q3_radius1,q3g3_s7_00013,q3g3_s7_00013_left_neighbor_removed,left_neighbor_removed,0.1658846742456075,1.0,0.04613805700231477,True,0.48148148148148145,False,True
q3_radius1,q3g3_s7_00013,q3g3_s7_00013_right_neighbor_removed,right_neighbor_removed,0.1658846742456075,1.0,0.04625591354915426,True,0.48148148148148145,False,True
q3_radius1,q3g3_s7_00013,q3g3_s7_00013_left_right_symmetrized_rule,left_right_symmetrized_rule,0.0,0.0,0.0012623747886970627,True,0.0,True,True
q3_radius1,q3g3_s7_00013,q3g3_s7_00013_output_histogram_random,output_distribution_matched_random,0.0,0.0,0.06701949666737739,False,0.48148148148148145,False,True
q3_radius1,q3g3_s7_00014,q3g3_s7_00014_center_only_projection,center_only_projection,1.5448491887169091,2.0,0.5631859316463359,True,0.7407407407407407,True,False
q3_radius1,q3g3_s7_00014,q3g3_s7_00014_symbol_phase_only,symbol_phase_only,0.6265533546624196,2.0,0.43486538515840745,False,0.48148148148148145,True,True
q3_radius1,q3g3_s7_00014,q3g3_s7_00014_output_histogram_random,output_distribution_matched_random,0.0,0.0,0.04575931383000331,False,0.7037037037037037,False,True
q3_radius1,q3g3_s7_00014,q3g3_s7_00014_left_neighbor_removed,left_neighbor_removed,0.014356131959426754,1.0,0.043927396559885645,True,0.5555555555555556,False,True
q3_radius1,q3g3_s7_00014,q3g3_s7_00014_right_neighbor_removed,right_neighbor_removed,0.014356131959426754,1.0,0.027616316192408785,True,0.5555555555555556,False,True
q3_radius1,q3g3_s7_00014,q3g3_s7_00014_left_right_symmetrized_rule,left_right_symmetrized_rule,0.0,0.0,0.0010298839864055775,True,0.0,True,True
q3_radius1,q3g3_s7_00015,q3g3_s7_00015_center_only_projection,center_only_projection,0.6265533546624196,2.0,0.41431557380820033,True,0.5925925925925926,True,True
q3_radius1,q3g3_s7_00015,q3g3_s7_00015_left_neighbor_removed,left_neighbor_removed,0.014356131959426754,1.0,0.11015368406458126,True,0.4074074074074074,False,True
q3_radius1,q3g3_s7_00015,q3g3_s7_00015_symbol_phase_only,symbol_phase_only,0.04011331200424695,2.0,0.30528530941294574,True,0.4444444444444444,True,True
q3_radius1,q3g3_s7_00015,q3g3_s7_00015_output_histogram_random,output_distribution_matched_random,0.0,0.0,0.34626011541712354,False,0.7037037037037037,False,True
q3_radius1,q3g3_s7_00015,q3g3_s7_00015_right_neighbor_removed,right_neighbor_removed,0.014356131959426754,1.0,0.1099590774942637,True,0.4074074074074074,False,True
q3_radius1,q3g3_s7_00015,q3g3_s7_00015_left_right_symmetrized_rule,left_right_symmetrized_rule,0.0,0.0,0.000224519349136032,True,0.0,True,True
q3_radius1,q3g3_s7_00016,q3g3_s7_00016_center_only_projection,center_only_projection,0.612197222702993,2.0,0.31350966782597767,True,0.6296296296296297,True,True
q3_radius1,q3g3_s7_00016,q3g3_s7_00016_left_neighbor_removed,left_neighbor_removed,0.05446944396367348,1.0,0.17795422450530995,True,0.5555555555555556,False,True
q3_radius1,q3g3_s7_00016,q3g3_s7_00016_right_neighbor_removed,right_neighbor_removed,0.05446944396367348,1.0,0.1765254208451359,True,0.5555555555555556,False,True
q3_radius1,q3g3_s7_00016,q3g3_s7_00016_left_right_symmetrized_rule,left_right_symmetrized_rule,0.0,0.0,0.00044767046377519604,True,0.0,True,True
q3_radius1,q3g3_s7_00016,q3g3_s7_00016_symbol_phase_only,symbol_phase_only,0.612197222702993,2.0,0.2045041307990933,True,0.5555555555555556,True,True
q3_radius1,q3g3_s7_00016,q3g3_s7_00016_output_histogram_random,output_distribution_matched_random,0.0,0.0,0.2711092606235278,False,0.48148148148148145,False,True
q3_radius1,q3g3_s7_00017,q3g3_s7_00017_symbol_phase_only,symbol_phase_only,0.6265533546624196,2.0,0.20439863793643898,False,0.4444444444444444,True,True
q3_radius1,q3g3_s7_00017,q3g3_s7_00017_center_only_projection,center_only_projection,0.6265533546624196,2.0,0.6845278278273992,True,0.5555555555555556,True,True
q3_radius1,q3g3_s7_00017,q3g3_s7_00017_left_neighbor_removed,left_neighbor_removed,0.014356131959426754,1.0,0.12737091242918508,True,0.48148148148148145,False,True
q3_radius1,q3g3_s7_00017,q3g3_s7_00017_right_neighbor_removed,right_neighbor_removed,0.014356131959426754,1.0,0.10052138261008059,True,0.48148148148148145,False,True
q3_radius1,q3g3_s7_00017,q3g3_s7_00017_left_right_symmetrized_rule,left_right_symmetrized_rule,0.0,0.0,0.003171131314977149,True,0.0,True,True
q3_radius1,q3g3_s7_00017,q3g3_s7_00017_output_histogram_random,output_distribution_matched_random,0.0,0.0,0.06769308445901356,False,0.6666666666666666,False,True
q3_radius1,q3g3_s7_00018,q3g3_s7_00018_left_neighbor_removed,left_neighbor_removed,0.01859523382251993,1.0,0.19690875375015232,True,0.5555555555555556,False,True
q3_radius1,q3g3_s7_00018,q3g3_s7_00018_center_only_projection,center_only_projection,0.6480714328441466,2.0,0.23868778419618564,True,0.5925925925925926,True,True
q3_radius1,q3g3_s7_00018,q3g3_s7_00018_right_neighbor_removed,right_neighbor_removed,0.01859523382251993,1.0,0.27691402522056735,True,0.5555555555555556,False,True
q3_radius1,q3g3_s7_00018,q3g3_s7_00018_symbol_phase_only,symbol_phase_only,0.01859523382251993,2.0,0.23886071713889395,True,0.5185185185185185,True,True
q3_radius1,q3g3_s7_00018,q3g3_s7_00018_left_right_symmetrized_rule,left_right_symmetrized_rule,0.0,0.0,0.0023208132341669407,True,0.0,True,True
q3_radius1,q3g3_s7_00018,q3g3_s7_00018_output_histogram_random,output_distribution_matched_random,0.0,0.0,0.07654528404072247,False,0.6666666666666666,False,True
q3_radius1,q3g3_s7_00019,q3g3_s7_00019_center_only_projection,center_only_projection,0.01859523382251993,2.0,0.35781778059197833,True,0.37037037037037035,True,True
q3_radius1,q3g3_s7_00019,q3g3_s7_00019_left_neighbor_removed,left_neighbor_removed,0.03587421014115377,1.0,0.4872868112188566,True,0.4074074074074074,False,True
q3_radius1,q3g3_s7_00019,q3g3_s7_00019_symbol_phase_only,symbol_phase_only,0.01859523382251993,2.0,0.35805174869093664,True,0.37037037037037035,True,True
q3_radius1,q3g3_s7_00019,q3g3_s7_00019_right_neighbor_removed,right_neighbor_removed,0.03587421014115377,1.0,0.4870882486661895,True,0.4074074074074074,False,True
q3_radius1,q3g3_s7_00019,q3g3_s7_00019_left_right_symmetrized_rule,left_right_symmetrized_rule,0.0,0.0,0.00432088454099655,True,0.0,True,True
q3_radius1,q3g3_s7_00019,q3g3_s7_00019_output_histogram_random,output_distribution_matched_random,0.0,0.0,0.08709583939322407,False,0.6666666666666666,False,True
q3_radius1,q3g3_s7_00024,q3g3_s7_00024_right_neighbor_removed,right_neighbor_removed,0.1308467626159695,1.0,0.07006037800710181,True,0.6296296296296297,False,True
q3_radius1,q3g3_s7_00024,q3g3_s7_00024_left_neighbor_removed,left_neighbor_removed,0.1308467626159695,1.0,0.07020638250855364,True,0.6296296296296297,False,True
q3_radius1,q3g3_s7_00024,q3g3_s7_00024_center_only_projection,center_only_projection,0.01859523382251993,2.0,0.14623267934103923,True,0.7037037037037037,True,True
q3_radius1,q3g3_s7_00024,q3g3_s7_00024_left_right_symmetrized_rule,left_right_symmetrized_rule,0.0,0.0,4.838394452566508e-05,True,0.0,True,True
q3_radius1,q3g3_s7_00024,q3g3_s7_00024_symbol_phase_only,symbol_phase_only,0.01859523382251993,2.0,0.5957057424920809,False,0.5555555555555556,True,True
q3_radius1,q3g3_s7_00024,q3g3_s7_00024_output_histogram_random,output_distribution_matched_random,0.0,0.0,0.6107583148205257,False,0.5555555555555556,False,True
q3_radius1,q3g3_s7_00025,q3g3_s7_00025_left_neighbor_removed,left_neighbor_removed,0.05446944396367348,1.0,0.2531441136410363,True,0.48148148148148145,False,True
q3_radius1,q3g3_s7_00025,q3g3_s7_00025_center_only_projection,center_only_projection,0.612197222702993,2.0,0.5314538371958,True,0.5925925925925926,True,True
q3_radius1,q3g3_s7_00025,q3g3_s7_00025_right_neighbor_removed,right_neighbor_removed,0.05446944396367348,1.0,0.3125883998461867,True,0.48148148148148145,False,True
q3_radius1,q3g3_s7_00025,q3g3_s7_00025_symbol_phase_only,symbol_phase_only,0.05446944396367348,2.0,0.08663739160410078,False,0.48148148148148145,True,True
q3_radius1,q3g3_s7_00025,q3g3_s7_00025_output_histogram_random,output_distribution_matched_random,0.0,0.0,0.16647958538608154,False,0.7777777777777778,False,True
q3_radius1,q3g3_s7_00025,q3g3_s7_00025_left_right_symmetrized_rule,left_right_symmetrized_rule,0.0,0.0,0.0008192452770924286,True,0.0,True,True
q3_radius1,q3g3_s7_00026,q3g3_s7_00026_center_only_projection,center_only_projection,0.4617985022288402,2.0,0.457178721883376,True,0.5925925925925926,True,True
q3_radius1,q3g3_s7_00026,q3g3_s7_00026_symbol_phase_only,symbol_phase_only,1.3800943362833298,2.0,0.4573909766957542,True,0.4074074074074074,True,False
q3_radius1,q3g3_s7_00026,q3g3_s7_00026_left_neighbor_removed,left_neighbor_removed,0.05542616799933686,1.0,0.15868076773105,True,0.4444444444444444,False,True
q3_radius1,q3g3_s7_00026,q3g3_s7_00026_right_neighbor_removed,right_neighbor_removed,0.05542616799933686,1.0,0.15108493460394334,True,0.4444444444444444,False,True
q3_radius1,q3g3_s7_00026,q3g3_s7_00026_left_right_symmetrized_rule,left_right_symmetrized_rule,0.0,0.0,0.0005873394446220814,True,0.0,True,True
q3_radius1,q3g3_s7_00026,q3g3_s7_00026_output_histogram_random,output_distribution_matched_random,0.0,0.0,0.04023792249494906,True,0.48148148148148145,False,True
q3_radius1,q3g3_s7_00027,q3g3_s7_00027_center_only_projection,center_only_projection,1.540709585192697,2.0,0.26456520323477606,True,0.5925925925925926,True,False
q3_radius1,q3g3_s7_00027,q3g3_s7_00027_symbol_phase_only,symbol_phase_only,1.540709585192697,2.0,0.2645619809433886,True,0.5925925925925926,True,False
q3_radius1,q3g3_s7_00027,q3g3_s7_00027_left_neighbor_removed,left_neighbor_removed,0.010216528435214478,1.0,0.05270692107737879,True,0.5925925925925926,False,True
q3_radius1,q3g3_s7_00027,q3g3_s7_00027_right_neighbor_removed,right_neighbor_removed,0.010216528435214478,1.0,0.05126550586445139,True,0.5925925925925926,False,True
q3_radius1,q3g3_s7_00027,q3g3_s7_00027_left_right_symmetrized_rule,left_right_symmetrized_rule,0.0,0.0,0.0006966990569414189,True,0.0,True,True
q3_radius1,q3g3_s7_00027,q3g3_s7_00027_output_histogram_random,output_distribution_matched_random,0.0,0.0,0.3297639962060642,False,0.5555555555555556,False,True
q3_radius1,q3g3_s7_00028,q3g3_s7_00028_center_only_projection,center_only_projection,0.6494158234789689,2.0,0.3243303205999482,True,0.5925925925925926,True,True
q3_radius1,q3g3_s7_00028,q3g3_s7_00028_left_neighbor_removed,left_neighbor_removed,0.03721860077597583,1.0,0.16309449392297654,True,0.5185185185185185,False,True
q3_radius1,q3g3_s7_00028,q3g3_s7_00028_symbol_phase_only,symbol_phase_only,0.01725084318769765,2.0,0.3246253238551565,True,0.5555555555555556,True,True
q3_radius1,q3g3_s7_00028,q3g3_s7_00028_right_neighbor_removed,right_neighbor_removed,0.03721860077597583,1.0,0.1635429773956557,True,0.5185185185185185,False,True
q3_radius1,q3g3_s7_00028,q3g3_s7_00028_left_right_symmetrized_rule,left_right_symmetrized_rule,0.0,0.0,0.0008087257350553045,True,0.0,True,True
q3_radius1,q3g3_s7_00028,q3g3_s7_00028_output_histogram_random,output_distribution_matched_random,0.0,0.0,0.019012570148787766,True,0.6296296296296297,False,True
q3_radius1,q3g3_s7_00030,q3g3_s7_00030_center_only_projection,center_only_projection,0.6480714328441466,2.0,0.19380031335346104,True,0.7037037037037037,True,True
q3_radius1,q3g3_s7_00030,q3g3_s7_00030_left_neighbor_removed,left_neighbor_removed,0.03587421014115377,1.0,0.3179672568397448,True,0.5925925925925926,False,True
q3_radius1,q3g3_s7_00030,q3g3_s7_00030_right_neighbor_removed,right_neighbor_removed,0.03587421014115377,1.0,0.317857361831318,True,0.5925925925925926,False,True
q3_radius1,q3g3_s7_00030,q3g3_s7_00030_left_right_symmetrized_rule,left_right_symmetrized_rule,0.0,0.0,0.001962127586399409,True,0.0,True,True
q3_radius1,q3g3_s7_00030,q3g3_s7_00030_symbol_phase_only,symbol_phase_only,0.01859523382251993,2.0,0.14180912763906656,False,0.5185185185185185,True,True
q3_radius1,q3g3_s7_00030,q3g3_s7_00030_output_histogram_random,output_distribution_matched_random,0.0,0.0,0.1568545514380026,True,0.6666666666666666,False,True
q3_radius1,q3g3_s7_00032,q3g3_s7_00032_left_neighbor_removed,left_neighbor_removed,0.1556998908773437,1.0,0.4227002040374736,True,0.3333333333333333,False,True
q3_radius1,q3g3_s7_00032,q3g3_s7_00032_right_neighbor_removed,right_neighbor_removed,0.1556998908773437,1.0,0.4225462280828663,True,0.3333333333333333,False,True
q3_radius1,q3g3_s7_00032,q3g3_s7_00032_center_only_projection,center_only_projection,0.4617985022288402,2.0,0.31404064195817594,True,0.6296296296296297,True,True
q3_radius1,q3g3_s7_00032,q3g3_s7_00032_symbol_phase_only,symbol_phase_only,0.4617985022288402,2.0,0.07613251347135924,False,0.37037037037037035,True,True
q3_radius1,q3g3_s7_00032,q3g3_s7_00032_output_histogram_random,output_distribution_matched_random,0.0,0.0,0.06875652984956243,False,0.4444444444444444,False,True
q3_radius1,q3g3_s7_00032,q3g3_s7_00032_left_right_symmetrized_rule,left_right_symmetrized_rule,0.0,0.0,8.877660641037899e-05,True,0.0,True,True
q3_radius1,q3g3_s7_00033,q3g3_s7_00033_center_only_projection,center_only_projection,0.4809117075857281,2.0,0.20425759080635253,True,0.5555555555555556,True,True
q3_radius1,q3g3_s7_00033,q3g3_s7_00033_left_right_symmetrized_rule,left_right_symmetrized_rule,0.0,0.0,0.002131649857608442,True,0.0,True,True
q3_radius1,q3g3_s7_00033,q3g3_s7_00033_symbol_phase_only,symbol_phase_only,0.4809117075857281,2.0,0.09595876672656754,True,0.4074074074074074,True,True
q3_radius1,q3g3_s7_00033,q3g3_s7_00033_left_neighbor_removed,left_neighbor_removed,0.13128551511726472,1.0,0.11469187993674876,True,0.4074074074074074,False,True
q3_radius1,q3g3_s7_00033,q3g3_s7_00033_right_neighbor_removed,right_neighbor_removed,0.13128551511726472,1.0,0.1159807270885366,True,0.4074074074074074,False,True
q3_radius1,q3g3_s7_00033,q3g3_s7_00033_output_histogram_random,output_distribution_matched_random,0.0,0.0,0.08875811541521988,True,0.5925925925925926,False,True
q3_radius1,q3g3_s7_00034,q3g3_s7_00034_center_only_projection,center_only_projection,1.540709585192697,2.0,0.5119322441552195,True,0.5925925925925926,True,False
q3_radius1,q3g3_s7_00034,q3g3_s7_00034_output_histogram_random,output_distribution_matched_random,0.0,0.0,0.0050512738937368296,False,0.7777777777777778,False,True
q3_radius1,q3g3_s7_00034,q3g3_s7_00034_right_neighbor_removed,right_neighbor_removed,0.5496335253544749,1.0,0.44044370694622115,True,0.48148148148148145,False,True
q3_radius1,q3g3_s7_00034,q3g3_s7_00034_left_neighbor_removed,left_neighbor_removed,0.5496335253544749,1.0,0.4018313164367081,True,0.48148148148148145,False,True
q3_radius1,q3g3_s7_00034,q3g3_s7_00034_symbol_phase_only,symbol_phase_only,0.044252915528459,2.0,0.2950445897707775,True,0.48148148148148145,True,True
q3_radius1,q3g3_s7_00034,q3g3_s7_00034_left_right_symmetrized_rule,left_right_symmetrized_rule,0.0,0.0,0.0005237958584612956,True,0.0,True,True
q3_radius1,q3g3_s7_00036,q3g3_s7_00036_center_only_projection,center_only_projection,0.6427191765388194,2.0,0.34000665913780764,True,0.37037037037037035,True,True
q3_radius1,q3g3_s7_00036,q3g3_s7_00036_symbol_phase_only,symbol_phase_only,0.6427191765388194,2.0,0.34000236605420525,True,0.37037037037037035,True,True
q3_radius1,q3g3_s7_00036,q3g3_s7_00036_left_neighbor_removed,left_neighbor_removed,0.030521953835826343,1.0,0.1582949156882005,True,0.2962962962962963,False,True
q3_radius1,q3g3_s7_00036,q3g3_s7_00036_right_neighbor_removed,right_neighbor_removed,0.030521953835826343,1.0,0.15834623439657447,True,0.2962962962962963,False,True
q3_radius1,q3g3_s7_00036,q3g3_s7_00036_left_right_symmetrized_rule,left_right_symmetrized_rule,0.0,0.0,0.0013487123683957325,True,0.0,True,True
q3_radius1,q3g3_s7_00036,q3g3_s7_00036_output_histogram_random,output_distribution_matched_random,0.0,0.0,0.1638295332900575,True,0.5555555555555556,False,True
q3_radius1,q3g3_s7_00039,q3g3_s7_00039_center_only_projection,center_only_projection,0.3000409902846912,2.0,0.3447423765146554,True,0.4074074074074074,True,True
q3_radius1,q3g3_s7_00039,q3g3_s7_00039_symbol_phase_only,symbol_phase_only,0.3000409902846912,2.0,0.06233965878055958,False,0.3333333333333333,True,True
q3_radius1,q3g3_s7_00039,q3g3_s7_00039_left_neighbor_removed,left_neighbor_removed,0.22726076450095856,1.0,0.36038352763056364,True,0.37037037037037035,False,True
q3_radius1,q3g3_s7_00039,q3g3_s7_00039_right_neighbor_removed,right_neighbor_removed,0.22726076450095856,1.0,0.4027759832093435,True,0.37037037037037035,False,True
q3_radius1,q3g3_s7_00039,q3g3_s7_00039_left_right_symmetrized_rule,left_right_symmetrized_rule,0.0,0.0,0.002325602054905729,True,0.0,True,True
q3_radius1,q3g3_s7_00039,q3g3_s7_00039_output_histogram_random,output_distribution_matched_random,0.0,0.0,0.24678559083300333,True,0.2962962962962963,False,True
q3_radius1,q3g3_s7_00040,q3g3_s7_00040_center_only_projection,center_only_projection,0.5435320613221915,2.0,0.11151366949546171,True,0.4444444444444444,True,True
q3_radius1,q3g3_s7_00040,q3g3_s7_00040_left_neighbor_removed,left_neighbor_removed,0.06866516138080136,1.0,0.35744829778937726,True,0.5555555555555556,False,True
q3_radius1,q3g3_s7_00040,q3g3_s7_00040_right_neighbor_removed,right_neighbor_removed,0.06866516138080136,1.0,0.3601829424703795,True,0.5555555555555556,False,True
q3_radius1,q3g3_s7_00040,q3g3_s7_00040_symbol_phase_only,symbol_phase_only,0.5435320613221915,2.0,0.11085001627604164,True,0.4444444444444444,True,True
q3_radius1,q3g3_s7_00040,q3g3_s7_00040_left_right_symmetrized_rule,left_right_symmetrized_rule,0.0,0.0,0.0004080511518234631,True,0.0,True,True
q3_radius1,q3g3_s7_00040,q3g3_s7_00040_output_histogram_random,output_distribution_matched_random,0.0,0.0,0.29576337887452286,False,0.7777777777777778,False,True
q3_radius1,q3g3_s7_00041,q3g3_s7_00041_center_only_projection,center_only_projection,0.4738513896100449,2.0,0.4142553417461115,True,0.5925925925925926,True,True
q3_radius1,q3g3_s7_00041,q3g3_s7_00041_left_neighbor_removed,left_neighbor_removed,0.0,1.0,0.2571677839391955,True,0.4074074074074074,False,True
q3_radius1,q3g3_s7_00041,q3g3_s7_00041_right_neighbor_removed,right_neighbor_removed,0.0,1.0,0.25705043304423525,True,0.4074074074074074,False,True
q3_radius1,q3g3_s7_00041,q3g3_s7_00041_output_histogram_random,output_distribution_matched_random,0.0,0.0,0.11757967764871169,True,0.48148148148148145,False,True
q3_radius1,q3g3_s7_00041,q3g3_s7_00041_symbol_phase_only,symbol_phase_only,0.4738513896100449,2.0,0.08455687207475432,False,0.5185185185185185,True,True
q3_radius1,q3g3_s7_00041,q3g3_s7_00041_left_right_symmetrized_rule,left_right_symmetrized_rule,0.0,0.0,0.0001292882452078592,True,0.0,True,True
q3_radius1,q3g3_s7_00043,q3g3_s7_00043_symbol_phase_only,symbol_phase_only,0.469393459108685,2.0,0.16037288712866515,True,0.4444444444444444,True,True
q3_radius1,q3g3_s7_00043,q3g3_s7_00043_left_right_symmetrized_rule,left_right_symmetrized_rule,0.0,0.0,0.001667729130497675,True,0.0,True,True
q3_radius1,q3g3_s7_00043,q3g3_s7_00043_center_only_projection,center_only_projection,0.469393459108685,2.0,0.05708887051885353,True,0.48148148148148145,True,True
q3_radius1,q3g3_s7_00043,q3g3_s7_00043_left_neighbor_removed,left_neighbor_removed,0.39661323332495235,1.0,0.016930850935571007,True,0.4074074074074074,False,True
q3_radius1,q3g3_s7_00043,q3g3_s7_00043_right_neighbor_removed,right_neighbor_removed,0.39661323332495235,1.0,0.023727268271046514,True,0.4074074074074074,False,True
q3_radius1,q3g3_s7_00043,q3g3_s7_00043_output_histogram_random,output_distribution_matched_random,0.0,0.0,0.008266763767691088,True,0.5555555555555556,False,True
q3_radius1,q3g3_s7_00044,q3g3_s7_00044_center_only_projection,center_only_projection,0.5682701190996524,2.0,0.1580278720074927,True,0.7777777777777778,True,True
q3_radius1,q3g3_s7_00044,q3g3_s7_00044_left_neighbor_removed,left_neighbor_removed,0.13492183800074975,1.0,0.29049224556073344,True,0.4074074074074074,False,True
q3_radius1,q3g3_s7_00044,q3g3_s7_00044_right_neighbor_removed,right_neighbor_removed,0.13492183800074975,1.0,0.23610101790301136,True,0.4074074074074074,False,True
q3_radius1,q3g3_s7_00044,q3g3_s7_00044_symbol_phase_only,symbol_phase_only,0.0983965475670141,2.0,0.2861563600139853,False,0.3333333333333333,True,True
q3_radius1,q3g3_s7_00044,q3g3_s7_00044_left_right_symmetrized_rule,left_right_symmetrized_rule,0.0,0.0,0.002427178594181456,True,0.0,True,True
q3_radius1,q3g3_s7_00044,q3g3_s7_00044_output_histogram_random,output_distribution_matched_random,0.0,0.0,0.4373869322738994,False,0.5185185185185185,False,True
q3_radius1,q3g3_s7_00045,q3g3_s7_00045_symbol_phase_only,symbol_phase_only,0.6427191765388192,2.0,0.6798375695459713,False,0.5185185185185185,True,True
q3_radius1,q3g3_s7_00045,q3g3_s7_00045_left_neighbor_removed,left_neighbor_removed,0.030521953835826343,1.0,0.18166687923875083,True,0.5925925925925926,False,True
q3_radius1,q3g3_s7_00045,q3g3_s7_00045_center_only_projection,center_only_projection,0.6427191765388192,2.0,0.10135936675093404,True,0.7037037037037037,True,True
q3_radius1,q3g3_s7_00045,q3g3_s7_00045_right_neighbor_removed,right_neighbor_removed,0.030521953835826343,1.0,0.18125421773155764,True,0.5925925925925926,False,True
q3_radius1,q3g3_s7_00045,q3g3_s7_00045_left_right_symmetrized_rule,left_right_symmetrized_rule,0.0,0.0,0.0035717265802672205,True,0.0,True,True
q3_radius1,q3g3_s7_00045,q3g3_s7_00045_output_histogram_random,output_distribution_matched_random,0.0,0.0,0.22842121681971855,False,0.6666666666666666,False,True
q3_radius1,q3g3_s7_00048,q3g3_s7_00048_symbol_phase_only,symbol_phase_only,0.6607173732254812,2.0,0.6852763512445936,True,0.4444444444444444,True,True
q3_radius1,q3g3_s7_00048,q3g3_s7_00048_center_only_projection,center_only_projection,0.6607173732254812,2.0,0.5776641230989075,True,0.6296296296296297,True,True
q3_radius1,q3g3_s7_00048,q3g3_s7_00048_left_neighbor_removed,left_neighbor_removed,0.04852015052248837,1.0,0.11830366207764775,True,0.3333333333333333,False,True
q3_radius1,q3g3_s7_00048,q3g3_s7_00048_right_neighbor_removed,right_neighbor_removed,0.04852015052248837,1.0,0.11750652667684469,True,0.3333333333333333,False,True
q3_radius1,q3g3_s7_00048,q3g3_s7_00048_left_right_symmetrized_rule,left_right_symmetrized_rule,0.0,0.0,0.0002680054107527807,True,0.0,True,True
q3_radius1,q3g3_s7_00048,q3g3_s7_00048_output_histogram_random,output_distribution_matched_random,0.0,0.0,0.3550995249807098,True,0.48148148148148145,False,True
q3_radius1,q3g3_s7_00049,q3g3_s7_00049_left_neighbor_removed,left_neighbor_removed,0.0544694439636737,1.0,0.11431201639850855,True,0.4074074074074074,False,True
q3_radius1,q3g3_s7_00049,q3g3_s7_00049_left_right_symmetrized_rule,left_right_symmetrized_rule,0.0,0.0,0.0034133088209165885,True,0.0,True,True
q3_radius1,q3g3_s7_00049,q3g3_s7_00049_right_neighbor_removed,right_neighbor_removed,0.0544694439636737,1.0,0.11417987270739419,True,0.4074074074074074,False,True
q3_radius1,q3g3_s7_00049,q3g3_s7_00049_center_only_projection,center_only_projection,0.0544694439636737,2.0,0.08111360090130562,True,0.6666666666666666,True,True
q3_radius1,q3g3_s7_00049,q3g3_s7_00049_symbol_phase_only,symbol_phase_only,0.6121972227029928,2.0,0.028548569707145477,True,0.2962962962962963,True,True
q3_radius1,q3g3_s7_00049,q3g3_s7_00049_output_histogram_random,output_distribution_matched_random,0.0,0.0,0.7015237690489968,False,0.7037037037037037,False,True
q3_radius1,q3g3_s7_00052,q3g3_s7_00052_center_only_projection,center_only_projection,0.01725084318769743,2.0,0.2787932754724811,True,0.6296296296296297,True,True
q3_radius1,q3g3_s7_00052,q3g3_s7_00052_left_neighbor_removed,left_neighbor_removed,0.037218600775976274,1.0,0.03819509881746469,True,0.4444444444444444,False,True
q3_radius1,q3g3_s7_00052,q3g3_s7_00052_left_right_symmetrized_rule,left_right_symmetrized_rule,0.0,0.0,0.0035013715658503974,True,0.0,True,True
q3_radius1,q3g3_s7_00052,q3g3_s7_00052_right_neighbor_removed,right_neighbor_removed,0.037218600775976274,1.0,0.007442868476257969,True,0.4444444444444444,False,True
q3_radius1,q3g3_s7_00052,q3g3_s7_00052_symbol_phase_only,symbol_phase_only,0.01725084318769743,2.0,0.170176247639498,False,0.5185185185185185,True,True
q3_radius1,q3g3_s7_00052,q3g3_s7_00052_output_histogram_random,output_distribution_matched_random,0.0,0.0,0.13092877819911464,True,0.5555555555555556,False,True
q3_radius1,q3g3_s7_00054,q3g3_s7_00054_symbol_phase_only,symbol_phase_only,0.6427191765388194,2.0,0.5267603764524701,False,0.5185185185185185,True,True
q3_radius1,q3g3_s7_00054,q3g3_s7_00054_center_only_projection,center_only_projection,0.6427191765388194,2.0,0.2545855387687064,True,0.6296296296296297,True,True
q3_radius1,q3g3_s7_00054,q3g3_s7_00054_left_neighbor_removed,left_neighbor_removed,0.030521953835826565,1.0,0.2543922607739147,True,0.48148148148148145,False,True
q3_radius1,q3g3_s7_00054,q3g3_s7_00054_right_neighbor_removed,right_neighbor_removed,0.030521953835826565,1.0,0.2544685547192272,True,0.48148148148148145,False,True
q3_radius1,q3g3_s7_00054,q3g3_s7_00054_left_right_symmetrized_rule,left_right_symmetrized_rule,0.0,0.0,0.0012638124263929518,True,0.0,True,True
q3_radius1,q3g3_s7_00054,q3g3_s7_00054_output_histogram_random,output_distribution_matched_random,0.0,0.0,0.3531707704183419,False,0.6666666666666666,False,True
q3_radius1,q3g3_s7_00056,q3g3_s7_00056_center_only_projection,center_only_projection,0.5682701190996524,2.0,0.3232957965139447,True,0.6296296296296297,True,True
q3_radius1,q3g3_s7_00056,q3g3_s7_00056_left_neighbor_removed,left_neighbor_removed,0.05104544887147533,1.0,0.2759227988160686,True,0.4444444444444444,False,True
q3_radius1,q3g3_s7_00056,q3g3_s7_00056_right_neighbor_removed,right_neighbor_removed,0.05104544887147533,1.0,0.29656678039273165,True,0.4444444444444444,False,True
q3_radius1,q3g3_s7_00056,q3g3_s7_00056_symbol_phase_only,symbol_phase_only,0.5682701190996524,2.0,0.06700281015536164,False,0.48148148148148145,True,True
q3_radius1,q3g3_s7_00056,q3g3_s7_00056_left_right_symmetrized_rule,left_right_symmetrized_rule,0.0,0.0,0.0004306171062784525,True,0.0,True,True
q3_radius1,q3g3_s7_00056,q3g3_s7_00056_output_histogram_random,output_distribution_matched_random,0.0,0.0,0.027802376254492556,True,0.5555555555555556,False,True
q3_radius1,q3g3_s7_00059,q3g3_s7_00059_center_only_projection,center_only_projection,0.5282584353420225,2.0,0.4823980994469318,True,0.6296296296296297,True,True
q3_radius1,q3g3_s7_00059,q3g3_s7_00059_symbol_phase_only,symbol_phase_only,0.5282584353420225,2.0,0.01641545286420265,False,0.3333333333333333,True,True
q3_radius1,q3g3_s7_00059,q3g3_s7_00059_left_neighbor_removed,left_neighbor_removed,0.05440704573197763,1.0,0.28624049652079775,True,0.37037037037037035,False,True
q3_radius1,q3g3_s7_00059,q3g3_s7_00059_right_neighbor_removed,right_neighbor_removed,0.05440704573197763,1.0,0.2876689928239471,True,0.37037037037037035,False,True
q3_radius1,q3g3_s7_00059,q3g3_s7_00059_left_right_symmetrized_rule,left_right_symmetrized_rule,0.0,0.0,0.000492653651544106,True,0.0,True,True
q3_radius1,q3g3_s7_00059,q3g3_s7_00059_output_histogram_random,output_distribution_matched_random,0.0,0.0,0.059226360159930325,False,0.7407407407407407,False,True
q3_radius1,q3g3_s7_00060,q3g3_s7_00060_center_only_projection,center_only_projection,0.5375806379732699,2.0,0.08055943618586033,True,0.6296296296296297,True,True
q3_radius1,q3g3_s7_00060,q3g3_s7_00060_left_neighbor_removed,left_neighbor_removed,0.02035596774509285,1.0,0.06314568770559212,True,0.5185185185185185,False,True
q3_radius1,q3g3_s7_00060,q3g3_s7_00060_right_neighbor_removed,right_neighbor_removed,0.02035596774509285,1.0,0.017675795130639813,True,0.5185185185185185,False,True
q3_radius1,q3g3_s7_00060,q3g3_s7_00060_left_right_symmetrized_rule,left_right_symmetrized_rule,0.0,0.0,0.0011796461753522808,True,0.0,True,True
q3_radius1,q3g3_s7_00060,q3g3_s7_00060_symbol_phase_only,symbol_phase_only,0.5375806379732699,2.0,0.13549169152490964,True,0.4444444444444444,True,True
q3_radius1,q3g3_s7_00060,q3g3_s7_00060_output_histogram_random,output_distribution_matched_random,0.0,0.0,0.4922658760412859,False,0.37037037037037035,False,True
q3_radius1,q3g3_s7_00061,q3g3_s7_00061_center_only_projection,center_only_projection,0.44209224387182244,2.0,0.5698155929238243,True,0.6296296296296297,True,True
q3_radius1,q3g3_s7_00061,q3g3_s7_00061_symbol_phase_only,symbol_phase_only,1.360388077926312,2.0,0.4280240242941338,False,0.4074074074074074,True,False
q3_radius1,q3g3_s7_00061,q3g3_s7_00061_left_neighbor_removed,left_neighbor_removed,0.008743962772919778,1.0,0.07255381682695239,True,0.4444444444444444,False,True
q3_radius1,q3g3_s7_00061,q3g3_s7_00061_left_right_symmetrized_rule,left_right_symmetrized_rule,0.0,0.0,0.0002230420524692578,True,0.0,True,True
q3_radius1,q3g3_s7_00061,q3g3_s7_00061_right_neighbor_removed,right_neighbor_removed,0.008743962772919778,1.0,0.07283710085625295,True,0.4444444444444444,False,True
q3_radius1,q3g3_s7_00061,q3g3_s7_00061_output_histogram_random,output_distribution_matched_random,0.0,0.0,0.11494400192964682,False,0.6296296296296297,False,True
q3_radius1,q3g3_s7_00062,q3g3_s7_00062_symbol_phase_only,symbol_phase_only,1.3992075416402174,2.0,0.5254101768726649,False,0.4444444444444444,True,False
q3_radius1,q3g3_s7_00062,q3g3_s7_00062_output_histogram_random,output_distribution_matched_random,0.0,0.0,0.04181847129261601,False,0.7037037037037037,False,True
q3_radius1,q3g3_s7_00062,q3g3_s7_00062_center_only_projection,center_only_projection,0.18575495908093864,2.0,0.25567778648688777,True,0.5555555555555556,True,True
q3_radius1,q3g3_s7_00062,q3g3_s7_00062_left_neighbor_removed,left_neighbor_removed,0.13128551511726516,1.0,0.18052919225463476,True,0.3333333333333333,False,True
q3_radius1,q3g3_s7_00062,q3g3_s7_00062_right_neighbor_removed,right_neighbor_removed,0.13128551511726516,1.0,0.17205172037443145,True,0.3333333333333333,False,True
q3_radius1,q3g3_s7_00062,q3g3_s7_00062_left_right_symmetrized_rule,left_right_symmetrized_rule,0.0,0.0,4.316878984927941e-05,True,0.0,True,True
q3_radius1,q3g3_s7_00064,q3g3_s7_00064_symbol_phase_only,symbol_phase_only,0.6265533546624196,2.0,0.08612827947962352,True,0.4444444444444444,True,True
q3_radius1,q3g3_s7_00064,q3g3_s7_00064_left_neighbor_removed,left_neighbor_removed,0.014356131959426532,1.0,0.4816448863564257,True,0.37037037037037035,False,True
q3_radius1,q3g3_s7_00064,q3g3_s7_00064_right_neighbor_removed,right_neighbor_removed,0.014356131959426532,1.0,0.4287426448472527,True,0.37037037037037035,False,True
q3_radius1,q3g3_s7_00064,q3g3_s7_00064_center_only_projection,center_only_projection,0.04011331200424695,2.0,0.13077766760515652,True,0.4444444444444444,True,True
q3_radius1,q3g3_s7_00064,q3g3_s7_00064_left_right_symmetrized_rule,left_right_symmetrized_rule,0.0,0.0,5.5453156092621914e-05,True,0.0,True,True
q3_radius1,q3g3_s7_00064,q3g3_s7_00064_output_histogram_random,output_distribution_matched_random,0.0,0.0,0.5074210461275077,False,0.5925925925925926,False,True
q3_radius1,q3g3_s7_00065,q3g3_s7_00065_center_only_projection,center_only_projection,0.6224137511382075,2.0,0.30154265266800173,True,0.5555555555555556,True,True
q3_radius1,q3g3_s7_00065,q3g3_s7_00065_symbol_phase_only,symbol_phase_only,0.6224137511382075,2.0,0.3015435846538184,True,0.5555555555555556,True,True
q3_radius1,q3g3_s7_00065,q3g3_s7_00065_left_neighbor_removed,left_neighbor_removed,0.18906547003930463,1.0,0.26176090748609077,True,0.5185185185185185,False,True
q3_radius1,q3g3_s7_00065,q3g3_s7_00065_right_neighbor_removed,right_neighbor_removed,0.18906547003930463,1.0,0.2017081832637873,True,0.5185185185185185,False,True
q3_radius1,q3g3_s7_00065,q3g3_s7_00065_left_right_symmetrized_rule,left_right_symmetrized_rule,0.0,0.0,0.002351657998801937,True,0.0,True,True
q3_radius1,q3g3_s7_00065,q3g3_s7_00065_output_histogram_random,output_distribution_matched_random,0.0,0.0,0.3908680797475278,False,0.7777777777777778,False,True
q3_radius1,q3g3_s7_00066,q3g3_s7_00066_center_only_projection,center_only_projection,1.3742527851322262,2.0,0.21052330170768357,True,0.6296296296296297,True,False
q3_radius1,q3g3_s7_00066,q3g3_s7_00066_right_neighbor_removed,right_neighbor_removed,0.38317672529400393,1.0,0.07898533197096838,True,0.48148148148148145,False,True
q3_radius1,q3g3_s7_00066,q3g3_s7_00066_left_neighbor_removed,left_neighbor_removed,0.38317672529400393,1.0,0.05082297123741067,True,0.48148148148148145,False,True
q3_radius1,q3g3_s7_00066,q3g3_s7_00066_left_right_symmetrized_rule,left_right_symmetrized_rule,0.0,0.0,0.011387438956911966,True,0.0,True,True
q3_radius1,q3g3_s7_00066,q3g3_s7_00066_symbol_phase_only,symbol_phase_only,0.4559569510777366,2.0,0.2885026243927418,False,0.4444444444444444,True,True
q3_radius1,q3g3_s7_00066,q3g3_s7_00066_output_histogram_random,output_distribution_matched_random,0.0,0.0,0.2382645337437561,True,0.5925925925925926,False,True
q3_radius1,q3g3_s7_00067,q3g3_s7_00067_center_only_projection,center_only_projection,0.5915734703252333,2.0,0.6055817483229013,True,0.7037037037037037,True,True
q3_radius1,q3g3_s7_00067,q3g3_s7_00067_left_right_symmetrized_rule,left_right_symmetrized_rule,0.0,0.0,0.002080033706952533,True,0.0,True,True
q3_radius1,q3g3_s7_00067,q3g3_s7_00067_symbol_phase_only,symbol_phase_only,0.5915734703252333,2.0,0.21488648254116915,False,0.5185185185185185,True,True
q3_radius1,q3g3_s7_00067,q3g3_s7_00067_output_histogram_random,output_distribution_matched_random,0.0,0.0,0.18415502358598324,False,0.7037037037037037,False,True
q3_radius1,q3g3_s7_00067,q3g3_s7_00067_left_neighbor_removed,left_neighbor_removed,0.020623752377759708,1.0,0.33717753687332475,True,0.48148148148148145,False,True
q3_radius1,q3g3_s7_00067,q3g3_s7_00067_right_neighbor_removed,right_neighbor_removed,0.020623752377759708,1.0,0.3377979221554682,True,0.48148148148148145,False,True
q3_radius1,q3g3_s7_00068,q3g3_s7_00068_symbol_phase_only,symbol_phase_only,0.6224137511382075,2.0,0.18915948997928844,False,0.5185185185185185,True,True
q3_radius1,q3g3_s7_00068,q3g3_s7_00068_center_only_projection,center_only_projection,0.6224137511382075,2.0,0.7000544041763118,True,0.5555555555555556,True,True
q3_radius1,q3g3_s7_00068,q3g3_s7_00068_left_neighbor_removed,left_neighbor_removed,0.010216528435214478,1.0,0.04261645936129388,True,0.5555555555555556,False,True
q3_radius1,q3g3_s7_00068,q3g3_s7_00068_right_neighbor_removed,right_neighbor_removed,0.010216528435214478,1.0,0.0228041264048795,True,0.5555555555555556,False,True
q3_radius1,q3g3_s7_00068,q3g3_s7_00068_left_right_symmetrized_rule,left_right_symmetrized_rule,0.0,0.0,0.007561270333947601,True,0.0,True,True
q3_radius1,q3g3_s7_00068,q3g3_s7_00068_output_histogram_random,output_distribution_matched_random,0.0,0.0,0.07262408260868469,True,0.5555555555555556,False,True
q3_radius1,q3g3_s7_00069,q3g3_s7_00069_left_neighbor_removed,left_neighbor_removed,0.13492183800074975,1.0,0.5672663638466283,True,0.37037037037037035,False,True
q3_radius1,q3g3_s7_00069,q3g3_s7_00069_right_neighbor_removed,right_neighbor_removed,0.13492183800074975,1.0,0.6273237777422435,True,0.37037037037037035,False,True
q3_radius1,q3g3_s7_00069,q3g3_s7_00069_center_only_projection,center_only_projection,0.5682701190996524,2.0,0.5594744369377945,True,0.5185185185185185,True,True
q3_radius1,q3g3_s7_00069,q3g3_s7_00069_left_right_symmetrized_rule,left_right_symmetrized_rule,0.0,0.0,0.00014454703427047022,True,0.0,True,True
q3_radius1,q3g3_s7_00069,q3g3_s7_00069_symbol_phase_only,symbol_phase_only,0.5682701190996524,2.0,0.45205644851694493,True,0.4074074074074074,True,True
q3_radius1,q3g3_s7_00069,q3g3_s7_00069_output_histogram_random,output_distribution_matched_random,0.0,0.0,0.12498243107588114,False,0.8148148148148148,False,True
q3_radius1,q3g3_s7_00071,q3g3_s7_00071_symbol_phase_only,symbol_phase_only,0.6427191765388196,2.0,0.822718708913306,True,0.4074074074074074,True,True
q3_radius1,q3g3_s7_00071,q3g3_s7_00071_left_neighbor_removed,left_neighbor_removed,0.030521953835826565,1.0,0.04860199946254151,True,0.5185185185185185,False,True
q3_radius1,q3g3_s7_00071,q3g3_s7_00071_center_only_projection,center_only_projection,0.023947490127846915,2.0,0.6048595882066277,True,0.5925925925925926,True,True
q3_radius1,q3g3_s7_00071,q3g3_s7_00071_right_neighbor_removed,right_neighbor_removed,0.030521953835826565,1.0,0.10226640707490653,True,0.5185185185185185,False,True
q3_radius1,q3g3_s7_00071,q3g3_s7_00071_left_right_symmetrized_rule,left_right_symmetrized_rule,0.0,0.0,0.002356466649026223,True,0.0,True,True
q3_radius1,q3g3_s7_00071,q3g3_s7_00071_output_histogram_random,output_distribution_matched_random,0.0,0.0,0.20291114891404205,False,0.7037037037037037,False,True
q3_radius1,q3g3_s7_00072,q3g3_s7_00072_center_only_projection,center_only_projection,0.5682701190996524,2.0,0.09114206573109565,True,0.6666666666666666,True,True
q3_radius1,q3g3_s7_00072,q3g3_s7_00072_left_right_symmetrized_rule,left_right_symmetrized_rule,0.0,0.0,0.0004706032637112334,True,0.0,True,True
q3_radius1,q3g3_s7_00072,q3g3_s7_00072_left_neighbor_removed,left_neighbor_removed,0.04392710360334062,1.0,0.03252591832726712,True,0.48148148148148145,False,True
q3_radius1,q3g3_s7_00072,q3g3_s7_00072_right_neighbor_removed,right_neighbor_removed,0.04392710360334062,1.0,0.03315038848341559,True,0.48148148148148145,False,True
q3_radius1,q3g3_s7_00072,q3g3_s7_00072_symbol_phase_only,symbol_phase_only,0.0983965475670141,2.0,0.42765681196761796,False,0.4444444444444444,True,True
q3_radius1,q3g3_s7_00072,q3g3_s7_00072_output_histogram_random,output_distribution_matched_random,0.0,0.0,0.3012826881136036,False,0.5925925925925926,False,True
q3_radius1,q3g3_s7_00073,q3g3_s7_00073_left_neighbor_removed,left_neighbor_removed,0.29313434399301364,1.0,0.1872502178863864,True,0.37037037037037035,False,True
q3_radius1,q3g3_s7_00073,q3g3_s7_00073_right_neighbor_removed,right_neighbor_removed,0.29313434399301364,1.0,0.18705532378852963,True,0.37037037037037035,False,True
q3_radius1,q3g3_s7_00073,q3g3_s7_00073_center_only_projection,center_only_projection,0.5992329553445102,2.0,0.4708199801578236,True,0.4074074074074074,True,True
q3_radius1,q3g3_s7_00073,q3g3_s7_00073_symbol_phase_only,symbol_phase_only,0.5992329553445102,2.0,0.47035204395990693,True,0.4074074074074074,True,True
q3_radius1,q3g3_s7_00073,q3g3_s7_00073_left_right_symmetrized_rule,left_right_symmetrized_rule,0.0,0.0,0.0002297444185551667,True,0.0,True,True
q3_radius1,q3g3_s7_00073,q3g3_s7_00073_output_histogram_random,output_distribution_matched_random,0.0,0.0,0.04143714037245161,False,0.5555555555555556,False,True
q3_radius1,q3g3_s7_00074,q3g3_s7_00074_symbol_phase_only,symbol_phase_only,0.5829445780362268,2.0,0.2535233128915134,False,0.5185185185185185,True,True
q3_radius1,q3g3_s7_00074,q3g3_s7_00074_center_only_projection,center_only_projection,0.5829445780362268,2.0,0.5273823480934505,True,0.7037037037037037,True,True
q3_radius1,q3g3_s7_00074,q3g3_s7_00074_left_neighbor_removed,left_neighbor_removed,0.029252644666766248,1.0,0.06523331610547634,True,0.5925925925925926,False,True
q3_radius1,q3g3_s7_00074,q3g3_s7_00074_right_neighbor_removed,right_neighbor_removed,0.029252644666766248,1.0,0.06495441439246263,True,0.5925925925925926,False,True
q3_radius1,q3g3_s7_00074,q3g3_s7_00074_left_right_symmetrized_rule,left_right_symmetrized_rule,0.0,0.0,0.0002682037056073172,True,0.0,True,True
q3_radius1,q3g3_s7_00074,q3g3_s7_00074_output_histogram_random,output_distribution_matched_random,0.0,0.0,0.011651329749431505,False,0.6666666666666666,False,True
q3_radius1,q3g3_s7_00075,q3g3_s7_00075_symbol_phase_only,symbol_phase_only,0.469393459108685,2.0,0.2113948968263939,False,0.4074074074074074,True,True
q3_radius1,q3g3_s7_00075,q3g3_s7_00075_center_only_projection,center_only_projection,0.469393459108685,2.0,0.5695960408607964,True,0.6666666666666666,True,True
q3_radius1,q3g3_s7_00075,q3g3_s7_00075_right_neighbor_removed,right_neighbor_removed,0.14280376359430802,1.0,0.1191303334970456,True,0.5555555555555556,False,True
q3_radius1,q3g3_s7_00075,q3g3_s7_00075_left_neighbor_removed,left_neighbor_removed,0.14280376359430802,1.0,0.11892062677354931,True,0.5555555555555556,False,True
q3_radius1,q3g3_s7_00075,q3g3_s7_00075_left_right_symmetrized_rule,left_right_symmetrized_rule,0.0,0.0,1.1332550941101083e-05,True,0.0,True,True
q3_radius1,q3g3_s7_00075,q3g3_s7_00075_output_histogram_random,output_distribution_matched_random,0.0,0.0,0.06377140711932461,False,0.5925925925925926,False,True
q3_radius1,q3g3_s7_00076,q3g3_s7_00076_symbol_phase_only,symbol_phase_only,0.5878088501661143,2.0,0.13671968198581663,False,0.4074074074074074,True,True
q3_radius1,q3g3_s7_00076,q3g3_s7_00076_left_neighbor_removed,left_neighbor_removed,0.1544605690672114,1.0,0.014481383999730868,True,0.48148148148148145,False,True
q3_radius1,q3g3_s7_00076,q3g3_s7_00076_right_neighbor_removed,right_neighbor_removed,0.1544605690672114,1.0,0.014389226466049343,True,0.48148148148148145,False,True
q3_radius1,q3g3_s7_00076,q3g3_s7_00076_center_only_projection,center_only_projection,0.5878088501661143,2.0,0.6433302474688058,True,0.7407407407407407,True,True
q3_radius1,q3g3_s7_00076,q3g3_s7_00076_output_histogram_random,output_distribution_matched_random,0.0,0.0,0.061130496416098024,False,0.6666666666666666,False,True
q3_radius1,q3g3_s7_00076,q3g3_s7_00076_left_right_symmetrized_rule,left_right_symmetrized_rule,0.0,0.0,0.0004462724850500255,True,0.0,True,True
q3_radius1,q3g3_s7_00078,q3g3_s7_00078_left_right_symmetrized_rule,left_right_symmetrized_rule,0.0,0.0,0.0008690866887994808,True,0.0,True,True
q3_radius1,q3g3_s7_00078,q3g3_s7_00078_center_only_projection,center_only_projection,0.6494158234789691,2.0,0.7384671514262,True,0.6666666666666666,True,True
q3_radius1,q3g3_s7_00078,q3g3_s7_00078_left_neighbor_removed,left_neighbor_removed,0.34331721212747257,1.0,0.7328994086688799,True,0.5555555555555556,False,True
q3_radius1,q3g3_s7_00078,q3g3_s7_00078_right_neighbor_removed,right_neighbor_removed,0.34331721212747257,1.0,0.7338343391641539,True,0.5555555555555556,False,True
q3_radius1,q3g3_s7_00078,q3g3_s7_00078_symbol_phase_only,symbol_phase_only,0.6494158234789691,2.0,0.34892911458650605,False,0.48148148148148145,True,True
q3_radius1,q3g3_s7_00078,q3g3_s7_00078_output_histogram_random,output_distribution_matched_random,0.0,0.0,0.38360380553207746,True,0.6666666666666666,False,True
q3_radius1,q3g3_s7_00079,q3g3_s7_00079_symbol_phase_only,symbol_phase_only,1.4784345996621122,2.0,0.7906170027685134,True,0.48148148148148145,True,False
q3_radius1,q3g3_s7_00079,q3g3_s7_00079_center_only_projection,center_only_projection,0.10652790105904386,2.0,0.5729631073216171,True,0.5925925925925926,True,True
q3_radius1,q3g3_s7_00079,q3g3_s7_00079_right_neighbor_removed,right_neighbor_removed,0.05205845709537038,1.0,0.061679713674920866,True,0.48148148148148145,False,True
q3_radius1,q3g3_s7_00079,q3g3_s7_00079_left_neighbor_removed,left_neighbor_removed,0.05205845709537038,1.0,0.10250114852379799,True,0.48148148148148145,False,True
q3_radius1,q3g3_s7_00079,q3g3_s7_00079_left_right_symmetrized_rule,left_right_symmetrized_rule,0.0,0.0,0.00020356949774613664,True,0.0,True,True
q3_radius1,q3g3_s7_00079,q3g3_s7_00079_output_histogram_random,output_distribution_matched_random,0.0,0.0,0.32177869215501137,False,0.48148148148148145,False,True
q3_radius1,q3g3_s7_00082,q3g3_s7_00082_center_only_projection,center_only_projection,0.5915734703252331,2.0,0.5748434481952314,True,0.6666666666666666,True,True
q3_radius1,q3g3_s7_00082,q3g3_s7_00082_right_neighbor_removed,right_neighbor_removed,0.15822518922633044,1.0,0.3822270046975258,True,0.4074074074074074,False,True
q3_radius1,q3g3_s7_00082,q3g3_s7_00082_left_neighbor_removed,left_neighbor_removed,0.15822518922633044,1.0,0.4223199042505533,True,0.4074074074074074,False,True
q3_radius1,q3g3_s7_00082,q3g3_s7_00082_symbol_phase_only,symbol_phase_only,0.5915734703252331,2.0,0.46648719792555027,True,0.4444444444444444,True,True
q3_radius1,q3g3_s7_00082,q3g3_s7_00082_output_histogram_random,output_distribution_matched_random,0.0,0.0,0.2803618968346431,True,0.6666666666666666,False,True
q3_radius1,q3g3_s7_00082,q3g3_s7_00082_left_right_symmetrized_rule,left_right_symmetrized_rule,0.0,0.0,0.0002226652922453498,True,0.0,True,True
q3_radius1,q3g3_s7_00083,q3g3_s7_00083_left_neighbor_removed,left_neighbor_removed,0.0,1.0,0.19704134360468956,True,0.3333333333333333,False,True
q3_radius1,q3g3_s7_00083,q3g3_s7_00083_center_only_projection,center_only_projection,0.14944199643848943,2.0,0.30244519169877465,True,0.5925925925925926,True,True
q3_radius1,q3g3_s7_00083,q3g3_s7_00083_right_neighbor_removed,right_neighbor_removed,0.0,1.0,0.19624402973851734,True,0.3333333333333333,False,True
q3_radius1,q3g3_s7_00083,q3g3_s7_00083_output_histogram_random,output_distribution_matched_random,0.0,0.0,0.03397582055997195,False,0.6666666666666666,False,True
q3_radius1,q3g3_s7_00083,q3g3_s7_00083_symbol_phase_only,symbol_phase_only,0.5172246702281771,2.0,0.30232820764929547,True,0.37037037037037035,True,True
q3_radius1,q3g3_s7_00083,q3g3_s7_00083_left_right_symmetrized_rule,left_right_symmetrized_rule,0.0,0.0,0.007991718889599486,True,0.0,True,True
q3_radius1,q3g3_s7_00084,q3g3_s7_00084_center_only_projection,center_only_projection,0.5915734703252333,2.0,0.2194782874272813,True,0.5185185185185185,True,True
q3_radius1,q3g3_s7_00084,q3g3_s7_00084_left_neighbor_removed,left_neighbor_removed,0.07434880009705624,1.0,0.026610832387863464,True,0.4074074074074074,False,True
q3_radius1,q3g3_s7_00084,q3g3_s7_00084_right_neighbor_removed,right_neighbor_removed,0.07434880009705624,1.0,0.017461210353719947,True,0.4074074074074074,False,True
q3_radius1,q3g3_s7_00084,q3g3_s7_00084_symbol_phase_only,symbol_phase_only,0.5915734703252333,2.0,0.2793320425924657,False,0.4444444444444444,True,True
q3_radius1,q3g3_s7_00084,q3g3_s7_00084_left_right_symmetrized_rule,left_right_symmetrized_rule,0.0,0.0,0.001177098086470485,True,0.0,True,True
q3_radius1,q3g3_s7_00084,q3g3_s7_00084_output_histogram_random,output_distribution_matched_random,0.0,0.0,0.03790536029064631,True,0.6296296296296297,False,True
q3_radius1,q3g3_s7_00086,q3g3_s7_00086_center_only_projection,center_only_projection,0.6607173732254814,2.0,0.29233866809946596,True,0.8518518518518519,True,True
q3_radius1,q3g3_s7_00086,q3g3_s7_00086_left_neighbor_removed,left_neighbor_removed,0.04852015052248859,1.0,0.16720083334602426,True,0.4444444444444444,False,True
q3_radius1,q3g3_s7_00086,q3g3_s7_00086_symbol_phase_only,symbol_phase_only,0.6607173732254814,2.0,0.0987422811744893,False,0.4444444444444444,True,True
q3_radius1,q3g3_s7_00086,q3g3_s7_00086_right_neighbor_removed,right_neighbor_removed,0.04852015052248859,1.0,0.16729672873771523,True,0.4444444444444444,False,True
q3_radius1,q3g3_s7_00086,q3g3_s7_00086_left_right_symmetrized_rule,left_right_symmetrized_rule,0.0,0.0,0.0020792702717623013,True,0.0,True,True
q3_radius1,q3g3_s7_00086,q3g3_s7_00086_output_histogram_random,output_distribution_matched_random,0.0,0.0,0.20731230321218624,False,0.8148148148148148,False,True
q3_radius1,q3g3_s7_00087,q3g3_s7_00087_left_neighbor_removed,left_neighbor_removed,0.11217230976037706,1.0,0.04361554815677793,True,0.3333333333333333,False,True
q3_radius1,q3g3_s7_00087,q3g3_s7_00087_center_only_projection,center_only_projection,0.36167907984966785,2.0,0.716347578518417,True,0.4444444444444444,True,True
q3_radius1,q3g3_s7_00087,q3g3_s7_00087_right_neighbor_removed,right_neighbor_removed,0.11217230976037706,1.0,0.023341723585221796,True,0.3333333333333333,False,True
q3_radius1,q3g3_s7_00087,q3g3_s7_00087_left_right_symmetrized_rule,left_right_symmetrized_rule,0.0,0.0,0.00019514196642500536,True,0.0,True,True
q3_radius1,q3g3_s7_00087,q3g3_s7_00087_symbol_phase_only,symbol_phase_only,0.36167907984966785,2.0,0.6081214493323333,True,0.3333333333333333,True,True
q3_radius1,q3g3_s7_00087,q3g3_s7_00087_output_histogram_random,output_distribution_matched_random,0.0,0.0,0.5452573204908068,True,0.5925925925925926,False,True
q3_radius1,q3g3_s7_00088,q3g3_s7_00088_center_only_projection,center_only_projection,0.5601387656076227,2.0,0.12991369692360605,True,0.5185185185185185,True,True
q3_radius1,q3g3_s7_00088,q3g3_s7_00088_symbol_phase_only,symbol_phase_only,1.4784345996621122,2.0,0.130125297362964,True,0.48148148148148145,True,False
q3_radius1,q3g3_s7_00088,q3g3_s7_00088_left_neighbor_removed,left_neighbor_removed,0.25404015425612614,1.0,0.08384314940454435,True,0.48148148148148145,False,True
q3_radius1,q3g3_s7_00088,q3g3_s7_00088_right_neighbor_removed,right_neighbor_removed,0.25404015425612614,1.0,0.044625126750071076,True,0.48148148148148145,False,True
q3_radius1,q3g3_s7_00088,q3g3_s7_00088_left_right_symmetrized_rule,left_right_symmetrized_rule,0.0,0.0,0.00036756925725411893,True,0.0,True,True
q3_radius1,q3g3_s7_00088,q3g3_s7_00088_output_histogram_random,output_distribution_matched_random,0.0,0.0,0.05256123384769429,True,0.5185185185185185,False,True
q3_radius1,q3g3_s7_00089,q3g3_s7_00089_center_only_projection,center_only_projection,1.5448491887169091,2.0,0.3329756193303535,True,0.7407407407407407,True,False
q3_radius1,q3g3_s7_00089,q3g3_s7_00089_symbol_phase_only,symbol_phase_only,0.6265533546624196,2.0,0.6650740218828682,False,0.4074074074074074,True,True
q3_radius1,q3g3_s7_00089,q3g3_s7_00089_left_right_symmetrized_rule,left_right_symmetrized_rule,0.0,0.0,0.0005713370498547921,True,0.0,True,True
q3_radius1,q3g3_s7_00089,q3g3_s7_00089_right_neighbor_removed,right_neighbor_removed,0.014356131959426754,1.0,0.14789202059918677,True,0.48148148148148145,False,True
q3_radius1,q3g3_s7_00089,q3g3_s7_00089_output_histogram_random,output_distribution_matched_random,0.0,0.0,0.43088673770698804,False,0.8888888888888888,False,True
q3_radius1,q3g3_s7_00089,q3g3_s7_00089_left_neighbor_removed,left_neighbor_removed,0.014356131959426754,1.0,0.14746856193715985,True,0.48148148148148145,False,True
q3_radius1,q3g3_s7_00091,q3g3_s7_00091_symbol_phase_only,symbol_phase_only,0.5282584353420225,2.0,0.2746761388945998,True,0.4074074074074074,True,True
q3_radius1,q3g3_s7_00091,q3g3_s7_00091_center_only_projection,center_only_projection,0.5282584353420225,2.0,0.05778511349762938,True,0.5555555555555556,True,True
q3_radius1,q3g3_s7_00091,q3g3_s7_00091_left_neighbor_removed,left_neighbor_removed,0.05440704573197763,1.0,0.0976056154088745,True,0.4074074074074074,False,True
q3_radius1,q3g3_s7_00091,q3g3_s7_00091_left_right_symmetrized_rule,left_right_symmetrized_rule,0.0,0.0,0.0019897897186179625,True,0.0,True,True
q3_radius1,q3g3_s7_00091,q3g3_s7_00091_right_neighbor_removed,right_neighbor_removed,0.05440704573197763,1.0,0.07741987341173756,True,0.4074074074074074,False,True
q3_radius1,q3g3_s7_00091,q3g3_s7_00091_output_histogram_random,output_distribution_matched_random,0.0,0.0,0.30245590953566637,False,0.6666666666666666,False,True
q3_radius1,q3g3_s7_00092,q3g3_s7_00092_left_neighbor_removed,left_neighbor_removed,0.1868659836154365,1.0,0.31661609552989467,True,0.5185185185185185,False,True
q3_radius1,q3g3_s7_00092,q3g3_s7_00092_right_neighbor_removed,right_neighbor_removed,0.1868659836154365,1.0,0.28813722646414575,True,0.5185185185185185,False,True
q3_radius1,q3g3_s7_00092,q3g3_s7_00092_center_only_projection,center_only_projection,0.005949293441185111,2.0,0.02371290180882979,True,0.5185185185185185,True,True
q3_radius1,q3g3_s7_00092,q3g3_s7_00092_left_right_symmetrized_rule,left_right_symmetrized_rule,0.0,0.0,0.0004246583458973052,True,0.0,True,True
q3_radius1,q3g3_s7_00092,q3g3_s7_00092_symbol_phase_only,symbol_phase_only,0.005949293441185111,2.0,0.023875662225496475,True,0.5185185185185185,True,True
q3_radius1,q3g3_s7_00092,q3g3_s7_00092_output_histogram_random,output_distribution_matched_random,0.0,0.0,0.44980655543753045,False,0.48148148148148145,False,True
q3_radius1,q3g3_s7_00093,q3g3_s7_00093_center_only_projection,center_only_projection,0.5682701190996524,2.0,0.4878610037146179,True,0.5925925925925926,True,True
q3_radius1,q3g3_s7_00093,q3g3_s7_00093_right_neighbor_removed,right_neighbor_removed,0.0439271036033404,1.0,0.31202382465087414,True,0.5925925925925926,False,True
q3_radius1,q3g3_s7_00093,q3g3_s7_00093_left_neighbor_removed,left_neighbor_removed,0.0439271036033404,1.0,0.35166935118240844,True,0.5925925925925926,False,True
q3_radius1,q3g3_s7_00093,q3g3_s7_00093_symbol_phase_only,symbol_phase_only,0.5682701190996524,2.0,0.37923005558284095,True,0.48148148148148145,True,True
q3_radius1,q3g3_s7_00093,q3g3_s7_00093_output_histogram_random,output_distribution_matched_random,0.0,0.0,0.032672884558763826,False,0.6296296296296297,False,True
q3_radius1,q3g3_s7_00093,q3g3_s7_00093_left_right_symmetrized_rule,left_right_symmetrized_rule,0.0,0.0,4.68471594023967e-05,True,0.0,True,True
q3_radius1,q3g3_s7_00094,q3g3_s7_00094_center_only_projection,center_only_projection,0.02394749012784736,2.0,0.38850243204673285,True,0.5555555555555556,True,True
q3_radius1,q3g3_s7_00094,q3g3_s7_00094_left_right_symmetrized_rule,left_right_symmetrized_rule,0.0,0.0,0.0035389484407994942,True,0.0,True,True
q3_radius1,q3g3_s7_00094,q3g3_s7_00094_left_neighbor_removed,left_neighbor_removed,0.03052195383582612,1.0,0.24572212561296902,True,0.4444444444444444,False,True
q3_radius1,q3g3_s7_00094,q3g3_s7_00094_symbol_phase_only,symbol_phase_only,0.6427191765388192,2.0,0.389718048908712,True,0.48148148148148145,True,True
q3_radius1,q3g3_s7_00094,q3g3_s7_00094_right_neighbor_removed,right_neighbor_removed,0.03052195383582612,1.0,0.2887338758521919,True,0.4444444444444444,False,True
q3_radius1,q3g3_s7_00094,q3g3_s7_00094_output_histogram_random,output_distribution_matched_random,0.0,0.0,0.09026358978093019,False,0.5925925925925926,False,True
q3_radius1,q3g3_s7_00098,q3g3_s7_00098_left_neighbor_removed,left_neighbor_removed,0.0,1.0,0.017005746902158503,True,0.4444444444444444,False,True
q3_radius1,q3g3_s7_00098,q3g3_s7_00098_center_only_projection,center_only_projection,0.14944199643848943,2.0,0.6062477215921205,True,0.4444444444444444,True,True
q3_radius1,q3g3_s7_00098,q3g3_s7_00098_right_neighbor_removed,right_neighbor_removed,0.0,1.0,0.02245520677870172,True,0.4444444444444444,False,True
q3_radius1,q3g3_s7_00098,q3g3_s7_00098_output_histogram_random,output_distribution_matched_random,0.0,0.0,0.1397740176314266,False,0.6296296296296297,False,True
q3_radius1,q3g3_s7_00098,q3g3_s7_00098_symbol_phase_only,symbol_phase_only,0.5172246702281771,2.0,0.6057848716572246,True,0.4074074074074074,True,True
q3_radius1,q3g3_s7_00098,q3g3_s7_00098_left_right_symmetrized_rule,left_right_symmetrized_rule,0.0,0.0,0.0007624338012457432,True,0.0,True,True
q3_radius1,q3g3_s7_00099,q3g3_s7_00099_center_only_projection,center_only_projection,0.21070971558893015,2.0,0.26514832891373763,True,0.6296296296296297,True,True
q3_radius1,q3g3_s7_00099,q3g3_s7_00099_left_neighbor_removed,left_neighbor_removed,0.017894438532308543,1.0,0.3557169358400341,True,0.4444444444444444,False,True
q3_radius1,q3g3_s7_00099,q3g3_s7_00099_symbol_phase_only,symbol_phase_only,0.45595695107773637,2.0,0.017073553827693544,False,0.4444444444444444,True,True
q3_radius1,q3g3_s7_00099,q3g3_s7_00099_right_neighbor_removed,right_neighbor_removed,0.017894438532308543,1.0,0.3555056030987299,True,0.4444444444444444,False,True
q3_radius1,q3g3_s7_00099,q3g3_s7_00099_left_right_symmetrized_rule,left_right_symmetrized_rule,0.0,0.0,0.0008843058188910957,True,0.0,True,True
q3_radius1,q3g3_s7_00099,q3g3_s7_00099_output_histogram_random,output_distribution_matched_random,0.0,0.0,0.19704559702932095,False,0.5555555555555556,False,True
q3_radius1,q3g3_s7_00100,q3g3_s7_00100_center_only_projection,center_only_projection,0.13840823132464397,2.0,0.2548937583759747,True,0.7407407407407407,True,True
q3_radius1,q3g3_s7_00100,q3g3_s7_00100_symbol_phase_only,symbol_phase_only,0.5282584353420225,2.0,0.02665031289341696,False,0.4074074074074074,True,True
q3_radius1,q3g3_s7_00100,q3g3_s7_00100_left_neighbor_removed,left_neighbor_removed,0.011033765113845462,1.0,0.33101895476719867,True,0.48148148148148145,False,True
q3_radius1,q3g3_s7_00100,q3g3_s7_00100_right_neighbor_removed,right_neighbor_removed,0.011033765113845462,1.0,0.330771195261102,True,0.48148148148148145,False,True
q3_radius1,q3g3_s7_00100,q3g3_s7_00100_left_right_symmetrized_rule,left_right_symmetrized_rule,0.0,0.0,0.0005003078329323118,True,0.0,True,True
q3_radius1,q3g3_s7_00100,q3g3_s7_00100_output_histogram_random,output_distribution_matched_random,0.0,0.0,0.041601457403727005,True,0.5555555555555556,False,True
q3_radius1,q3g3_s7_00101,q3g3_s7_00101_center_only_projection,center_only_projection,0.6121972227029928,2.0,0.41075225492976875,True,0.4074074074074074,True,True
q3_radius1,q3g3_s7_00101,q3g3_s7_00101_left_neighbor_removed,left_neighbor_removed,0.17884894160409015,1.0,0.20337938255424082,True,0.4074074074074074,False,True
q3_radius1,q3g3_s7_00101,q3g3_s7_00101_symbol_phase_only,symbol_phase_only,0.6121972227029928,2.0,0.19416644497301924,True,0.3333333333333333,True,True
q3_radius1,q3g3_s7_00101,q3g3_s7_00101_right_neighbor_removed,right_neighbor_removed,0.17884894160409015,1.0,0.1536432059265097,True,0.4074074074074074,False,True
q3_radius1,q3g3_s7_00101,q3g3_s7_00101_output_histogram_random,output_distribution_matched_random,0.0,0.0,0.13011209092564674,True,0.5925925925925926,False,True
q3_radius1,q3g3_s7_00101,q3g3_s7_00101_left_right_symmetrized_rule,left_right_symmetrized_rule,0.0,0.0,0.00046373234699892407,True,0.0,True,True
q3_radius1,q3g3_s7_00104,q3g3_s7_00104_center_only_projection,center_only_projection,0.6607173732254812,2.0,0.5575992418156575,True,0.6296296296296297,True,True
q3_radius1,q3g3_s7_00104,q3g3_s7_00104_symbol_phase_only,symbol_phase_only,0.6607173732254812,2.0,0.4400305298724061,False,0.48148148148148145,True,True
q3_radius1,q3g3_s7_00104,q3g3_s7_00104_left_neighbor_removed,left_neighbor_removed,0.04852015052248815,1.0,0.05284664954668217,True,0.5555555555555556,False,True
q3_radius1,q3g3_s7_00104,q3g3_s7_00104_left_right_symmetrized_rule,left_right_symmetrized_rule,0.0,0.0,0.0002967680794143668,True,0.0,True,True
q3_radius1,q3g3_s7_00104,q3g3_s7_00104_right_neighbor_removed,right_neighbor_removed,0.04852015052248815,1.0,0.05159834377791994,True,0.5555555555555556,False,True
q3_radius1,q3g3_s7_00104,q3g3_s7_00104_output_histogram_random,output_distribution_matched_random,0.0,0.0,0.07617099258789706,False,0.5555555555555556,False,True
q3_radius1,q3g3_s7_00106,q3g3_s7_00106_left_neighbor_removed,left_neighbor_removed,0.13219115325079178,1.0,0.024914994961724446,True,0.4074074074074074,False,True
q3_radius1,q3g3_s7_00106,q3g3_s7_00106_right_neighbor_removed,right_neighbor_removed,0.13219115325079178,1.0,0.024557340447201037,True,0.4074074074074074,False,True
q3_radius1,q3g3_s7_00106,q3g3_s7_00106_center_only_projection,center_only_projection,0.6494158234789689,2.0,0.5375663752366846,True,0.5555555555555556,True,True
q3_radius1,q3g3_s7_00106,q3g3_s7_00106_symbol_phase_only,symbol_phase_only,0.01725084318769765,2.0,0.20106909877685375,False,0.37037037037037035,True,True
q3_radius1,q3g3_s7_00106,q3g3_s7_00106_left_right_symmetrized_rule,left_right_symmetrized_rule,0.0,0.0,0.0026255626814795097,True,0.0,True,True
q3_radius1,q3g3_s7_00106,q3g3_s7_00106_output_histogram_random,output_distribution_matched_random,0.0,0.0,0.04109133397549125,False,0.48148148148148145,False,True
q3_radius1,q3g3_s7_00107,q3g3_s7_00107_symbol_phase_only,symbol_phase_only,1.4784345996621122,2.0,0.3890018574675621,False,0.48148148148148145,True,False
q3_radius1,q3g3_s7_00107,q3g3_s7_00107_center_only_projection,center_only_projection,0.10652790105904386,2.0,0.39166487804707806,True,0.5925925925925926,True,True
q3_radius1,q3g3_s7_00107,q3g3_s7_00107_right_neighbor_removed,right_neighbor_removed,0.05205845709537038,1.0,0.22101672831257102,True,0.5185185185185185,False,True
q3_radius1,q3g3_s7_00107,q3g3_s7_00107_left_neighbor_removed,left_neighbor_removed,0.05205845709537038,1.0,0.2213226873584968,True,0.5185185185185185,False,True
q3_radius1,q3g3_s7_00107,q3g3_s7_00107_left_right_symmetrized_rule,left_right_symmetrized_rule,0.0,0.0,0.00011104511858350818,True,0.0,True,True
q3_radius1,q3g3_s7_00107,q3g3_s7_00107_output_histogram_random,output_distribution_matched_random,0.0,0.0,0.10845048989933592,True,0.5555555555555556,False,True
q3_radius1,q3g3_s7_00110,q3g3_s7_00110_left_neighbor_removed,left_neighbor_removed,0.07434880009705602,1.0,0.04116459400952831,True,0.48148148148148145,False,True
q3_radius1,q3g3_s7_00110,q3g3_s7_00110_right_neighbor_removed,right_neighbor_removed,0.07434880009705602,1.0,0.041181617622796866,True,0.48148148148148145,False,True
q3_radius1,q3g3_s7_00110,q3g3_s7_00110_symbol_phase_only,symbol_phase_only,1.5098693043797227,2.0,0.041744893986811644,True,0.5185185185185185,True,False
q3_radius1,q3g3_s7_00110,q3g3_s7_00110_left_right_symmetrized_rule,left_right_symmetrized_rule,0.0,0.0,0.0009303498841323546,True,0.0,True,True
q3_radius1,q3g3_s7_00110,q3g3_s7_00110_center_only_projection,center_only_projection,0.5915734703252331,2.0,0.06600176815555961,True,0.6296296296296297,True,True
q3_radius1,q3g3_s7_00110,q3g3_s7_00110_output_histogram_random,output_distribution_matched_random,0.0,0.0,0.5036192281126899,False,0.5925925925925926,False,True
q3_radius1,q3g3_s7_00112,q3g3_s7_00112_center_only_projection,center_only_projection,0.6607173732254814,2.0,0.4311739380596673,True,0.7777777777777778,True,True
q3_radius1,q3g3_s7_00112,q3g3_s7_00112_symbol_phase_only,symbol_phase_only,0.005949293441185111,2.0,0.014486936255660221,False,0.48148148148148145,True,True
q3_radius1,q3g3_s7_00112,q3g3_s7_00112_left_neighbor_removed,left_neighbor_removed,0.04852015052248859,1.0,0.10360617634535918,True,0.5925925925925926,False,True
q3_radius1,q3g3_s7_00112,q3g3_s7_00112_output_histogram_random,output_distribution_matched_random,0.0,0.0,0.29797900660306,True,0.6666666666666666,False,True
q3_radius1,q3g3_s7_00112,q3g3_s7_00112_right_neighbor_removed,right_neighbor_removed,0.04852015052248859,1.0,0.10341400880175333,True,0.5925925925925926,False,True
q3_radius1,q3g3_s7_00112,q3g3_s7_00112_left_right_symmetrized_rule,left_right_symmetrized_rule,0.0,0.0,0.00017714670836888047,True,0.0,True,True
q3_radius1,q3g3_s7_00113,q3g3_s7_00113_left_neighbor_removed,left_neighbor_removed,0.030521953835826343,1.0,0.04971399734824257,True,0.37037037037037035,False,True
q3_radius1,q3g3_s7_00113,q3g3_s7_00113_center_only_projection,center_only_projection,0.023947490127847137,2.0,0.17178573757119575,True,0.37037037037037035,True,True
q3_radius1,q3g3_s7_00113,q3g3_s7_00113_right_neighbor_removed,right_neighbor_removed,0.030521953835826343,1.0,0.1287810168845689,True,0.37037037037037035,False,True
q3_radius1,q3g3_s7_00113,q3g3_s7_00113_left_right_symmetrized_rule,left_right_symmetrized_rule,0.0,0.0,0.0007265820915316398,True,0.0,True,True
q3_radius1,q3g3_s7_00113,q3g3_s7_00113_symbol_phase_only,symbol_phase_only,0.023947490127847137,2.0,0.17241134792275825,True,0.37037037037037035,True,True
q3_radius1,q3g3_s7_00113,q3g3_s7_00113_output_histogram_random,output_distribution_matched_random,0.0,0.0,0.7947057732674424,False,0.5925925925925926,False,True
q3_radius1,q3g3_s7_00114,q3g3_s7_00114_symbol_phase_only,symbol_phase_only,0.5829445780362268,2.0,0.33484145493535267,False,0.37037037037037035,True,True
q3_radius1,q3g3_s7_00114,q3g3_s7_00114_center_only_projection,center_only_projection,0.5829445780362268,2.0,0.5551406136575342,True,0.4444444444444444,True,True
q3_radius1,q3g3_s7_00114,q3g3_s7_00114_left_neighbor_removed,left_neighbor_removed,0.029252644666766248,1.0,0.10416495141617443,True,0.4444444444444444,False,True
q3_radius1,q3g3_s7_00114,q3g3_s7_00114_right_neighbor_removed,right_neighbor_removed,0.029252644666766248,1.0,0.12156880498319733,True,0.4444444444444444,False,True
q3_radius1,q3g3_s7_00114,q3g3_s7_00114_left_right_symmetrized_rule,left_right_symmetrized_rule,0.0,0.0,0.0010632867546652713,True,0.0,True,True
q3_radius1,q3g3_s7_00114,q3g3_s7_00114_output_histogram_random,output_distribution_matched_random,0.0,0.0,0.061037763827338054,False,0.6666666666666666,False,True
q3_radius1,q3g3_s7_00115,q3g3_s7_00115_symbol_phase_only,symbol_phase_only,0.6427191765388194,2.0,0.2730163217288012,False,0.48148148148148145,True,True
q3_radius1,q3g3_s7_00115,q3g3_s7_00115_center_only_projection,center_only_projection,0.6427191765388194,2.0,0.5069698162710922,True,0.7777777777777778,True,True
q3_radius1,q3g3_s7_00115,q3g3_s7_00115_output_histogram_random,output_distribution_matched_random,0.0,0.0,0.09280523407993724,True,0.6296296296296297,False,True
q3_radius1,q3g3_s7_00115,q3g3_s7_00115_left_neighbor_removed,left_neighbor_removed,0.023947490127847137,1.0,0.5080277589794255,True,0.48148148148148145,False,True
q3_radius1,q3g3_s7_00115,q3g3_s7_00115_right_neighbor_removed,right_neighbor_removed,0.023947490127847137,1.0,0.5070766277945297,True,0.48148148148148145,False,True
q3_radius1,q3g3_s7_00115,q3g3_s7_00115_left_right_symmetrized_rule,left_right_symmetrized_rule,0.0,0.0,0.0012750557446494781,True,0.0,True,True
q3_radius1,q3g3_s7_00116,q3g3_s7_00116_symbol_phase_only,symbol_phase_only,0.6480714328441466,2.0,0.36558752822132373,True,0.48148148148148145,True,True
q3_radius1,q3g3_s7_00116,q3g3_s7_00116_center_only_projection,center_only_projection,0.01859523382251993,2.0,0.14859191220328744,True,0.5555555555555556,True,True
q3_radius1,q3g3_s7_00116,q3g3_s7_00116_right_neighbor_removed,right_neighbor_removed,0.03587421014115355,1.0,0.18813121218120532,True,0.4444444444444444,False,True
q3_radius1,q3g3_s7_00116,q3g3_s7_00116_left_neighbor_removed,left_neighbor_removed,0.03587421014115355,1.0,0.22791644735255748,True,0.4444444444444444,False,True
q3_radius1,q3g3_s7_00116,q3g3_s7_00116_left_right_symmetrized_rule,left_right_symmetrized_rule,0.0,0.0,0.000681093251883369,True,0.0,True,True
q3_radius1,q3g3_s7_00116,q3g3_s7_00116_output_histogram_random,output_distribution_matched_random,0.0,0.0,0.2357766075208637,False,0.7037037037037037,False,True
q3_radius1,q3g3_s7_00121,q3g3_s7_00121_center_only_projection,center_only_projection,0.6427191765388192,2.0,0.22556494798963916,True,0.5555555555555556,True,True
q3_radius1,q3g3_s7_00121,q3g3_s7_00121_left_neighbor_removed,left_neighbor_removed,0.03052195383582612,1.0,0.032022298970262736,True,0.48148148148148145,False,True
q3_radius1,q3g3_s7_00121,q3g3_s7_00121_right_neighbor_removed,right_neighbor_removed,0.03052195383582612,1.0,0.03182940765043757,True,0.48148148148148145,False,True
q3_radius1,q3g3_s7_00121,q3g3_s7_00121_left_right_symmetrized_rule,left_right_symmetrized_rule,0.0,0.0,0.0006952019307890633,True,0.0,True,True
q3_radius1,q3g3_s7_00121,q3g3_s7_00121_symbol_phase_only,symbol_phase_only,0.02394749012784736,2.0,0.008764850698251697,True,0.4074074074074074,True,True
q3_radius1,q3g3_s7_00121,q3g3_s7_00121_output_histogram_random,output_distribution_matched_random,0.0,0.0,0.48735338871629297,False,0.6666666666666666,False,True
q3_radius1,q3g3_s7_00123,q3g3_s7_00123_symbol_phase_only,symbol_phase_only,0.6224137511382075,2.0,0.26011448513772134,True,0.48148148148148145,True,True
q3_radius1,q3g3_s7_00123,q3g3_s7_00123_center_only_projection,center_only_projection,0.044252915528459,2.0,0.042354045865441226,True,0.5925925925925926,True,True
q3_radius1,q3g3_s7_00123,q3g3_s7_00123_left_right_symmetrized_rule,left_right_symmetrized_rule,0.0,0.0,0.0006777024098694184,True,0.0,True,True
q3_radius1,q3g3_s7_00123,q3g3_s7_00123_left_neighbor_removed,left_neighbor_removed,0.1485623615281626,1.0,0.06083807099399974,True,0.5185185185185185,False,True
q3_radius1,q3g3_s7_00123,q3g3_s7_00123_right_neighbor_removed,right_neighbor_removed,0.1485623615281626,1.0,0.10014775544501808,True,0.5185185185185185,False,True
q3_radius1,q3g3_s7_00123,q3g3_s7_00123_output_histogram_random,output_distribution_matched_random,0.0,0.0,0.39857364924717753,False,0.5555555555555556,False,True
q3_radius1,q3g3_s7_00124,q3g3_s7_00124_center_only_projection,center_only_projection,1.4265732850165125,2.0,0.12449014426981805,True,0.4444444444444444,True,False
q3_radius1,q3g3_s7_00124,q3g3_s7_00124_symbol_phase_only,symbol_phase_only,0.5082774509620229,2.0,0.12427495469359161,True,0.4074074074074074,True,True
q3_radius1,q3g3_s7_00124,q3g3_s7_00124_left_right_symmetrized_rule,left_right_symmetrized_rule,0.0,0.0,0.0004091715177519939,True,0.0,True,True
q3_radius1,q3g3_s7_00124,q3g3_s7_00124_left_neighbor_removed,left_neighbor_removed,0.00894721926615416,1.0,0.18573975640508245,True,0.48148148148148145,False,True
q3_radius1,q3g3_s7_00124,q3g3_s7_00124_output_histogram_random,output_distribution_matched_random,0.0,0.0,0.5325704850958415,False,0.4444444444444444,False,True
q3_radius1,q3g3_s7_00124,q3g3_s7_00124_right_neighbor_removed,right_neighbor_removed,0.00894721926615416,1.0,0.18555742428626543,True,0.48148148148148145,False,True
q3_radius1,q3g3_s8_00004,q3g3_s8_00004_right_neighbor_removed,right_neighbor_removed,0.030521953835826565,1.0,0.06469923865880345,True,0.037037037037037035,True,True
q3_radius1,q3g3_s8_00004,q3g3_s8_00004_center_only_projection,center_only_projection,0.023947490127846915,2.0,0.24180617899457846,True,0.07407407407407407,False,True
q3_radius1,q3g3_s8_00004,q3g3_s8_00004_left_neighbor_removed,left_neighbor_removed,0.023947490127846915,2.0,0.2416637636299951,True,0.07407407407407407,False,True
q3_radius1,q3g3_s8_00004,q3g3_s8_00004_left_right_symmetrized_rule,left_right_symmetrized_rule,0.017998196686662027,0.0,0.2352836365975522,True,0.037037037037037035,False,True
q3_radius1,q3g3_s8_00004,q3g3_s8_00004_symbol_phase_only,symbol_phase_only,0.023947490127846915,2.0,0.24114496480187014,True,0.07407407407407407,False,True
q3_radius1,q3g3_s8_00004,q3g3_s8_00004_output_histogram_random,output_distribution_matched_random,0.0,0.0,0.2466228205015939,False,0.6296296296296297,True,True
q3_radius1,q3g3_s8_00012,q3g3_s8_00012_right_neighbor_removed,right_neighbor_removed,0.04852015052248815,1.0,0.24211444817556038,True,0.14814814814814814,True,True
q3_radius1,q3g3_s8_00012,q3g3_s8_00012_center_only_projection,center_only_projection,0.005949293441185333,2.0,0.31711369663806144,True,0.07407407407407407,False,True
q3_radius1,q3g3_s8_00012,q3g3_s8_00012_left_neighbor_removed,left_neighbor_removed,0.005949293441185333,2.0,0.3158573896719156,True,0.07407407407407407,False,True
q3_radius1,q3g3_s8_00012,q3g3_s8_00012_left_right_symmetrized_rule,left_right_symmetrized_rule,0.017998196686661583,0.0,0.3275299766297616,True,0.07407407407407407,False,True
q3_radius1,q3g3_s8_00012,q3g3_s8_00012_symbol_phase_only,symbol_phase_only,0.005949293441185333,2.0,0.31667119175524894,True,0.07407407407407407,False,True
q3_radius1,q3g3_s8_00012,q3g3_s8_00012_output_histogram_random,output_distribution_matched_random,0.0,0.0,0.06506126557487113,False,0.5555555555555556,True,True
q3_radius1,q3g3_s8_00018,q3g3_s8_00018_left_neighbor_removed,left_neighbor_removed,0.03721860077597583,1.0,0.023506605756832832,True,0.18518518518518517,True,True
q3_radius1,q3g3_s8_00018,q3g3_s8_00018_center_only_projection,center_only_projection,0.01725084318769765,2.0,0.3198009091898402,True,0.14814814814814814,False,True
q3_radius1,q3g3_s8_00018,q3g3_s8_00018_right_neighbor_removed,right_neighbor_removed,0.01725084318769765,1.0,0.24112934908206934,True,0.2222222222222222,True,True
q3_radius1,q3g3_s8_00018,q3g3_s8_00018_output_histogram_random,output_distribution_matched_random,0.0,0.0,0.019141640269655702,False,0.6296296296296297,True,True
q3_radius1,q3g3_s8_00018,q3g3_s8_00018_symbol_phase_only,symbol_phase_only,0.01725084318769765,2.0,0.31921598894244435,True,0.14814814814814814,False,True
q3_radius1,q3g3_s8_00018,q3g3_s8_00018_left_right_symmetrized_rule,left_right_symmetrized_rule,0.01725084318769765,0.0,0.22130257034549627,True,0.07407407407407407,False,True
q3_radius1,q3g3_s8_00036,q3g3_s8_00036_center_only_projection,center_only_projection,0.6607173732254814,2.0,0.45776806410602977,True,0.37037037037037035,False,True
q3_radius1,q3g3_s8_00036,q3g3_s8_00036_right_neighbor_removed,right_neighbor_removed,0.04852015052248859,1.0,0.07378435537674127,True,0.2222222222222222,True,True
q3_radius1,q3g3_s8_00036,q3g3_s8_00036_left_neighbor_removed,left_neighbor_removed,0.04852015052248859,1.0,0.36638178834673496,True,0.18518518518518517,True,True
q3_radius1,q3g3_s8_00036,q3g3_s8_00036_left_right_symmetrized_rule,left_right_symmetrized_rule,0.03830362208727389,0.0,0.35507432170468856,True,0.1111111111111111,False,True
q3_radius1,q3g3_s8_00036,q3g3_s8_00036_symbol_phase_only,symbol_phase_only,0.005949293441185111,2.0,0.3489292137339334,True,0.14814814814814814,False,True
q3_radius1,q3g3_s8_00036,q3g3_s8_00036_output_histogram_random,output_distribution_matched_random,0.0,0.0,0.19135647799149202,False,0.7777777777777778,True,True
q3_radius1,q3g3_s8_00044,q3g3_s8_00044_right_neighbor_removed,right_neighbor_removed,0.03721860077597583,1.0,0.04266740130944402,True,0.1111111111111111,True,True
q3_radius1,q3g3_s8_00044,q3g3_s8_00044_center_only_projection,center_only_projection,0.01725084318769765,2.0,0.3150626139798824,True,0.07407407407407407,False,True
q3_radius1,q3g3_s8_00044,q3g3_s8_00044_left_neighbor_removed,left_neighbor_removed,0.03721860077597583,1.0,0.3166190104642574,True,0.1111111111111111,True,True
q3_radius1,q3g3_s8_00044,q3g3_s8_00044_left_right_symmetrized_rule,left_right_symmetrized_rule,0.01725084318769765,2.0,0.3169801351387366,True,0.07407407407407407,False,True
q3_radius1,q3g3_s8_00044,q3g3_s8_00044_symbol_phase_only,symbol_phase_only,0.01725084318769765,2.0,0.31673090825071576,True,0.07407407407407407,False,True
q3_radius1,q3g3_s8_00044,q3g3_s8_00044_output_histogram_random,output_distribution_matched_random,0.0,0.0,0.2675668816817435,False,0.7037037037037037,True,True
q3_radius1,q3g3_s8_00048,q3g3_s8_00048_right_neighbor_removed,right_neighbor_removed,0.04852015052248815,1.0,0.08213085350547233,True,0.2222222222222222,True,True
q3_radius1,q3g3_s8_00048,q3g3_s8_00048_center_only_projection,center_only_projection,0.005949293441185333,2.0,0.5301574449247939,True,0.1111111111111111,False,True
q3_radius1,q3g3_s8_00048,q3g3_s8_00048_left_neighbor_removed,left_neighbor_removed,0.005949293441185333,2.0,0.5315002183622939,True,0.1111111111111111,False,True
q3_radius1,q3g3_s8_00048,q3g3_s8_00048_left_right_symmetrized_rule,left_right_symmetrized_rule,0.017998196686661805,0.0,0.5420283168225106,True,0.1111111111111111,False,True
q3_radius1,q3g3_s8_00048,q3g3_s8_00048_symbol_phase_only,symbol_phase_only,0.005949293441185333,2.0,0.5307271063831273,True,0.1111111111111111,False,True
q3_radius1,q3g3_s8_00048,q3g3_s8_00048_output_histogram_random,output_distribution_matched_random,0.0,0.0,0.03361716465643272,False,0.6296296296296297,True,True
q3_radius1,q3g3_s8_00060,q3g3_s8_00060_left_neighbor_removed,left_neighbor_removed,0.005949293441185111,1.0,0.09768441778409787,True,0.18518518518518517,True,True
q3_radius1,q3g3_s8_00060,q3g3_s8_00060_center_only_projection,center_only_projection,0.005949293441185111,2.0,0.18369948081647988,True,0.1111111111111111,False,True
q3_radius1,q3g3_s8_00060,q3g3_s8_00060_right_neighbor_removed,right_neighbor_removed,0.005949293441185111,2.0,0.18494561525658404,True,0.1111111111111111,False,True
q3_radius1,q3g3_s8_00060,q3g3_s8_00060_left_right_symmetrized_rule,left_right_symmetrized_rule,0.011301549746512318,0.0,0.2024803830866228,True,0.07407407407407407,False,True
q3_radius1,q3g3_s8_00060,q3g3_s8_00060_symbol_phase_only,symbol_phase_only,0.005949293441185111,2.0,0.18262119305606322,True,0.1111111111111111,False,True
q3_radius1,q3g3_s8_00060,q3g3_s8_00060_output_histogram_random,output_distribution_matched_random,0.0,0.0,0.1862689855425601,False,0.7037037037037037,True,True
q3_radius1,q3g3_s8_00063,q3g3_s8_00063_right_neighbor_removed,right_neighbor_removed,0.04852015052248815,1.0,0.12030452656389601,True,0.14814814814814814,True,True
q3_radius1,q3g3_s8_00063,q3g3_s8_00063_center_only_projection,center_only_projection,0.005949293441185333,2.0,0.18108404108732845,True,0.1111111111111111,False,True
q3_radius1,q3g3_s8_00063,q3g3_s8_00063_left_neighbor_removed,left_neighbor_removed,0.005949293441185333,2.0,0.1816842201237868,True,0.1111111111111111,False,True
q3_radius1,q3g3_s8_00063,q3g3_s8_00063_left_right_symmetrized_rule,left_right_symmetrized_rule,0.017998196686661583,0.0,0.23503521280369255,True,0.07407407407407407,False,True
q3_radius1,q3g3_s8_00063,q3g3_s8_00063_symbol_phase_only,symbol_phase_only,0.005949293441185333,2.0,0.18154180475920345,True,0.1111111111111111,False,True
q3_radius1,q3g3_s8_00063,q3g3_s8_00063_output_histogram_random,output_distribution_matched_random,0.0,0.0,0.23208484315035638,False,0.8148148148148148,True,True
q3_radius1,q3g3_s8_00070,q3g3_s8_00070_center_only_projection,center_only_projection,0.6265533546624196,2.0,0.3233132167169224,True,0.37037037037037035,False,True
q3_radius1,q3g3_s8_00070,q3g3_s8_00070_left_neighbor_removed,left_neighbor_removed,0.10932868443424248,1.0,0.06310272712534026,True,0.18518518518518517,True,True
q3_radius1,q3g3_s8_00070,q3g3_s8_00070_right_neighbor_removed,right_neighbor_removed,0.15270196505237466,1.0,0.3407553808498568,True,0.2222222222222222,True,True
q3_radius1,q3g3_s8_00070,q3g3_s8_00070_left_right_symmetrized_rule,left_right_symmetrized_rule,0.004139603524212054,0.0,0.32816274542557555,True,0.07407407407407407,False,True
q3_radius1,q3g3_s8_00070,q3g3_s8_00070_symbol_phase_only,symbol_phase_only,0.04011331200424695,2.0,0.3220365646986933,True,0.14814814814814814,False,True
q3_radius1,q3g3_s8_00070,q3g3_s8_00070_output_histogram_random,output_distribution_matched_random,0.0,0.0,0.13655847818375877,True,0.6296296296296297,True,True
q3_radius1,q3g3_s8_00077,q3g3_s8_00077_center_only_projection,center_only_projection,0.6607173732254814,2.0,0.2195977501624432,True,0.37037037037037035,False,True
q3_radius1,q3g3_s8_00077,q3g3_s8_00077_right_neighbor_removed,right_neighbor_removed,0.04852015052248859,1.0,0.050754212496573414,True,0.2222222222222222,True,True
q3_radius1,q3g3_s8_00077,q3g3_s8_00077_left_neighbor_removed,left_neighbor_removed,0.04852015052248859,1.0,0.21887550081348486,True,0.14814814814814814,True,True
q3_radius1,q3g3_s8_00077,q3g3_s8_00077_left_right_symmetrized_rule,left_right_symmetrized_rule,0.011301549746512318,0.0,0.23198900724712176,True,0.07407407407407407,False,True
q3_radius1,q3g3_s8_00077,q3g3_s8_00077_symbol_phase_only,symbol_phase_only,0.005949293441185111,2.0,0.2197808556311932,True,0.1111111111111111,False,True
q3_radius1,q3g3_s8_00077,q3g3_s8_00077_output_histogram_random,output_distribution_matched_random,0.0,0.0,0.18086724532277954,False,0.6296296296296297,True,True
q3_radius1,q3g3_s8_00084,q3g3_s8_00084_right_neighbor_removed,right_neighbor_removed,0.03052195383582612,1.0,0.01888408499774097,True,0.1111111111111111,True,True
q3_radius1,q3g3_s8_00084,q3g3_s8_00084_center_only_projection,center_only_projection,0.02394749012784736,2.0,0.3748347906418788,True,0.07407407407407407,False,True
q3_radius1,q3g3_s8_00084,q3g3_s8_00084_left_neighbor_removed,left_neighbor_removed,0.02394749012784736,2.0,0.3749110845871913,True,0.07407407407407407,False,True
q3_radius1,q3g3_s8_00084,q3g3_s8_00084_left_right_symmetrized_rule,left_right_symmetrized_rule,0.02394749012784736,2.0,0.37457539122781636,True,0.07407407407407407,False,True
q3_radius1,q3g3_s8_00084,q3g3_s8_00084_symbol_phase_only,symbol_phase_only,0.02394749012784736,2.0,0.3748246181158371,True,0.07407407407407407,False,True
q3_radius1,q3g3_s8_00084,q3g3_s8_00084_output_histogram_random,output_distribution_matched_random,0.0,0.0,0.19152826082404362,False,0.6666666666666666,True,True
q3_radius1,q3g3_s8_00086,q3g3_s8_00086_left_neighbor_removed,left_neighbor_removed,0.05446944396367348,1.0,0.19543576008162766,True,0.1111111111111111,True,True
q3_radius1,q3g3_s8_00086,q3g3_s8_00086_right_neighbor_removed,right_neighbor_removed,0.0544694439636737,1.0,0.193583785286966,True,0.1111111111111111,True,True
q3_radius1,q3g3_s8_00086,q3g3_s8_00086_center_only_projection,center_only_projection,0.0,2.0,0.11080035332970378,True,0.07407407407407407,False,True
q3_radius1,q3g3_s8_00086,q3g3_s8_00086_left_right_symmetrized_rule,left_right_symmetrized_rule,0.023947490127847137,0.0,0.12734340893285007,True,0.07407407407407407,False,True
q3_radius1,q3g3_s8_00086,q3g3_s8_00086_symbol_phase_only,symbol_phase_only,0.0,2.0,0.1092643018974121,True,0.07407407407407407,False,True
q3_radius1,q3g3_s8_00086,q3g3_s8_00086_output_histogram_random,output_distribution_matched_random,0.0,0.0,0.2750715983231552,False,0.7037037037037037,True,True
q3_radius1,q3g3_s8_00090,q3g3_s8_00090_left_neighbor_removed,left_neighbor_removed,0.20937089543991672,1.0,0.08472338026417325,True,0.2222222222222222,True,True
q3_radius1,q3g3_s8_00090,q3g3_s8_00090_center_only_projection,center_only_projection,0.023947490127846915,2.0,0.5740271872557007,True,0.14814814814814814,False,True
q3_radius1,q3g3_s8_00090,q3g3_s8_00090_right_neighbor_removed,right_neighbor_removed,0.030521953835826565,1.0,0.27588872184530333,True,0.18518518518518517,True,True
q3_radius1,q3g3_s8_00090,q3g3_s8_00090_left_right_symmetrized_rule,left_right_symmetrized_rule,0.023947490127846915,0.0,0.2160321310636979,True,0.07407407407407407,False,True
q3_radius1,q3g3_s8_00090,q3g3_s8_00090_symbol_phase_only,symbol_phase_only,0.023947490127846915,2.0,0.573376145589034,True,0.14814814814814814,False,True
q3_radius1,q3g3_s8_00090,q3g3_s8_00090_output_histogram_random,output_distribution_matched_random,0.0,0.0,0.08954488990986931,True,0.5925925925925926,True,True
q3_radius1,q3g3_s8_00099,q3g3_s8_00099_left_neighbor_removed,left_neighbor_removed,0.13219115325079178,1.0,0.33869848815243775,True,0.14814814814814814,True,True
q3_radius1,q3g3_s8_00099,q3g3_s8_00099_center_only_projection,center_only_projection,0.01725084318769765,2.0,0.22146100793433232,True,0.07407407407407407,False,True
q3_radius1,q3g3_s8_00099,q3g3_s8_00099_right_neighbor_removed,right_neighbor_removed,0.01725084318769765,2.0,0.22273257368954064,True,0.07407407407407407,False,True
q3_radius1,q3g3_s8_00099,q3g3_s8_00099_left_right_symmetrized_rule,left_right_symmetrized_rule,0.01725084318769765,2.0,0.22195946171037395,True,0.07407407407407407,False,True
q3_radius1,q3g3_s8_00099,q3g3_s8_00099_symbol_phase_only,symbol_phase_only,0.01725084318769765,2.0,0.22171532108537395,True,0.07407407407407407,False,True
q3_radius1,q3g3_s8_00099,q3g3_s8_00099_output_histogram_random,output_distribution_matched_random,0.0,0.0,0.24931491110679627,True,0.48148148148148145,True,True
q3_radius1,q3g3_s8_00102,q3g3_s8_00102_right_neighbor_removed,right_neighbor_removed,0.17422004323410167,1.0,0.10562660261901502,True,0.14814814814814814,True,True
q3_radius1,q3g3_s8_00102,q3g3_s8_00102_center_only_projection,center_only_projection,0.01859523382251993,2.0,0.5533658053055454,True,0.07407407407407407,False,True
q3_radius1,q3g3_s8_00102,q3g3_s8_00102_left_neighbor_removed,left_neighbor_removed,0.01859523382251993,2.0,0.5526384696935662,True,0.07407407407407407,False,True
q3_radius1,q3g3_s8_00102,q3g3_s8_00102_left_right_symmetrized_rule,left_right_symmetrized_rule,0.01859523382251993,2.0,0.5525723482742955,True,0.07407407407407407,False,True
q3_radius1,q3g3_s8_00102,q3g3_s8_00102_symbol_phase_only,symbol_phase_only,0.01859523382251993,2.0,0.552765626269087,True,0.07407407407407407,False,True
q3_radius1,q3g3_s8_00102,q3g3_s8_00102_output_histogram_random,output_distribution_matched_random,0.0,0.0,0.005746118893787511,False,0.6296296296296297,True,True
q3_radius1,q3g3_s8_00103,q3g3_s8_00103_left_neighbor_removed,left_neighbor_removed,0.04852015052248815,1.0,0.06845628169544948,True,0.14814814814814814,True,True
q3_radius1,q3g3_s8_00103,q3g3_s8_00103_center_only_projection,center_only_projection,0.005949293441185333,2.0,0.22784778775914766,True,0.1111111111111111,False,True
q3_radius1,q3g3_s8_00103,q3g3_s8_00103_right_neighbor_removed,right_neighbor_removed,0.04852015052248837,1.0,0.24661138880322556,True,0.14814814814814814,True,True
q3_radius1,q3g3_s8_00103,q3g3_s8_00103_symbol_phase_only,symbol_phase_only,0.005949293441185333,2.0,0.2292159925117518,True,0.1111111111111111,False,True
q3_radius1,q3g3_s8_00103,q3g3_s8_00103_left_right_symmetrized_rule,left_right_symmetrized_rule,0.017998196686661805,0.0,0.23950475899719284,True,0.1111111111111111,False,True
q3_radius1,q3g3_s8_00103,q3g3_s8_00103_output_histogram_random,output_distribution_matched_random,0.0,0.0,0.21771042930994655,False,0.8888888888888888,True,True
q3_radius1,q3g3_s8_00111,q3g3_s8_00111_center_only_projection,center_only_projection,0.0059492934411848886,2.0,0.2736200502431571,True,0.07407407407407407,False,True
q3_radius1,q3g3_s8_00111,q3g3_s8_00111_left_neighbor_removed,left_neighbor_removed,0.04852015052248859,1.0,0.23929147305157067,True,0.1111111111111111,True,True
q3_radius1,q3g3_s8_00111,q3g3_s8_00111_right_neighbor_removed,right_neighbor_removed,0.0059492934411848886,2.0,0.2734776348785738,True,0.07407407407407407,False,True
q3_radius1,q3g3_s8_00111,q3g3_s8_00111_left_right_symmetrized_rule,left_right_symmetrized_rule,0.01799819668666225,0.0,0.2712956280426363,True,0.07407407407407407,False,True
q3_radius1,q3g3_s8_00111,q3g3_s8_00111_symbol_phase_only,symbol_phase_only,0.0059492934411848886,2.0,0.2739659161285738,True,0.07407407407407407,False,True
q3_radius1,q3g3_s8_00111,q3g3_s8_00111_output_histogram_random,output_distribution_matched_random,0.0,0.0,0.2739265149409621,False,0.6666666666666666,True,True
q3_radius1,q3g3_s8_00113,q3g3_s8_00113_right_neighbor_removed,right_neighbor_removed,0.014356131959426532,1.0,0.019351912133487637,True,0.14814814814814814,True,True
q3_radius1,q3g3_s8_00113,q3g3_s8_00113_center_only_projection,center_only_projection,0.04011331200424695,2.0,0.2876211641050145,True,0.14814814814814814,False,True
q3_radius1,q3g3_s8_00113,q3g3_s8_00113_left_neighbor_removed,left_neighbor_removed,0.014356131959426754,1.0,0.2880077200945978,True,0.1111111111111111,True,True
q3_radius1,q3g3_s8_00113,q3g3_s8_00113_left_right_symmetrized_rule,left_right_symmetrized_rule,0.058283235562767155,0.0,0.2876211641050145,True,0.14814814814814814,False,True
q3_radius1,q3g3_s8_00113,q3g3_s8_00113_symbol_phase_only,symbol_phase_only,0.04011331200424695,2.0,0.2877737519956394,True,0.14814814814814814,False,True
q3_radius1,q3g3_s8_00113,q3g3_s8_00113_output_histogram_random,output_distribution_matched_random,0.0,0.0,0.05145538310248643,False,0.7037037037037037,True,True
q3_radius1,q3r1_s1_0002,q3r1_s1_0002_center_only_projection,center_only_projection,0.005949293441185111,2.0,0.036022054908955714,True,0.5555555555555556,False,True
q3_radius1,q3r1_s1_0002,q3r1_s1_0002_left_right_symmetrized_rule,left_right_symmetrized_rule,0.1798056656397533,0.0,0.0176939688540651,True,0.2222222222222222,False,True
q3_radius1,q3r1_s1_0002,q3r1_s1_0002_left_neighbor_removed,left_neighbor_removed,0.04852015052248837,1.0,0.08302499474915237,True,0.4444444444444444,True,True
q3_radius1,q3r1_s1_0002,q3r1_s1_0002_symbol_phase_only,symbol_phase_only,0.6607173732254814,2.0,0.01804031064713285,True,0.5555555555555556,False,True
q3_radius1,q3r1_s1_0002,q3r1_s1_0002_right_neighbor_removed,right_neighbor_removed,0.04852015052248837,1.0,0.18466316406567285,True,0.4074074074074074,True,True
q3_radius1,q3r1_s1_0002,q3r1_s1_0002_output_histogram_random,output_distribution_matched_random,0.0,0.0,0.045154415376005064,False,0.7407407407407407,True,True
q3_radius1,q3r1_s2_0046,q3r1_s2_0046_center_only_projection,center_only_projection,1.3800943362833298,2.0,0.5975586889315302,True,0.7777777777777778,False,False
q3_radius1,q3r1_s2_0046,q3r1_s2_0046_symbol_phase_only,symbol_phase_only,1.3800943362833298,2.0,0.4004925882142423,False,0.4074074074074074,False,False
q3_radius1,q3r1_s2_0046,q3r1_s2_0046_left_neighbor_removed,left_neighbor_removed,0.38901827644510756,1.0,0.4862498679356268,True,0.4444444444444444,True,True
q3_radius1,q3r1_s2_0046,q3r1_s2_0046_left_right_symmetrized_rule,left_right_symmetrized_rule,0.019113205356887653,0.0,0.4946422911526864,True,0.1111111111111111,False,True
q3_radius1,q3r1_s2_0046,q3r1_s2_0046_right_neighbor_removed,right_neighbor_removed,0.1503987204741528,1.0,0.006591638239116238,True,0.4444444444444444,True,True
q3_radius1,q3r1_s2_0046,q3r1_s2_0046_output_histogram_random,output_distribution_matched_random,0.0,0.0,0.022268066009660248,True,0.48148148148148145,True,True
q3_radius1,q3r1_s3_0020,q3r1_s3_0020_center_only_projection,center_only_projection,1.4618278953766808,2.0,0.28877891852841736,True,0.48148148148148145,False,False
q3_radius1,q3r1_s3_0020,q3r1_s3_0020_symbol_phase_only,symbol_phase_only,1.4618278953766808,2.0,0.2887775106349496,True,0.48148148148148145,False,False
q3_radius1,q3r1_s3_0020,q3r1_s3_0020_left_neighbor_removed,left_neighbor_removed,0.958569560601035,1.0,0.21517618140901656,True,0.4074074074074074,True,True
q3_radius1,q3r1_s3_0020,q3r1_s3_0020_right_neighbor_removed,right_neighbor_removed,0.2374334499706947,1.0,0.012146739699454734,True,0.48148148148148145,True,True
q3_radius1,q3r1_s3_0020,q3r1_s3_0020_left_right_symmetrized_rule,left_right_symmetrized_rule,0.3807718524691648,0.0,0.21230104482352072,True,0.2222222222222222,False,True
q3_radius1,q3r1_s3_0020,q3r1_s3_0020_output_histogram_random,output_distribution_matched_random,0.0,0.0,0.12749804917522028,True,0.5555555555555556,True,True
q3_radius1,q3r1_s4_0014,q3r1_s4_0014_right_neighbor_removed,right_neighbor_removed,0.06372924836322502,1.0,0.02126474361903019,True,0.48148148148148145,True,True
q3_radius1,q3r1_s4_0014,q3r1_s4_0014_symbol_phase_only,symbol_phase_only,0.5375806379732699,2.0,0.08292668016023497,True,0.4444444444444444,False,True
q3_radius1,q3r1_s4_0014,q3r1_s4_0014_left_right_symmetrized_rule,left_right_symmetrized_rule,0.06165231737124022,0.0,0.07593223566819973,True,0.2222222222222222,False,True
q3_radius1,q3r1_s4_0014,q3r1_s4_0014_left_neighbor_removed,left_neighbor_removed,0.12908602869339658,1.0,0.4155973418336785,True,0.5185185185185185,True,True
q3_radius1,q3r1_s4_0014,q3r1_s4_0014_center_only_projection,center_only_projection,0.12908602869339658,2.0,0.36161708026214257,True,0.5185185185185185,False,True
q3_radius1,q3r1_s4_0014,q3r1_s4_0014_output_histogram_random,output_distribution_matched_random,0.0,0.0,0.02501876265914349,False,0.48148148148148145,True,True
q3_radius1,q3r1_s5_0016,q3r1_s5_0016_symbol_phase_only,symbol_phase_only,0.6427191765388192,2.0,0.8265921212853822,True,0.4444444444444444,False,True
q3_radius1,q3r1_s5_0016,q3r1_s5_0016_right_neighbor_removed,right_neighbor_removed,0.03052195383582612,1.0,0.25704663569776953,True,0.4074074074074074,True,True
q3_radius1,q3r1_s5_0016,q3r1_s5_0016_center_only_projection,center_only_projection,0.02394749012784736,2.0,0.6098380482297505,True,0.6296296296296297,False,True
q3_radius1,q3r1_s5_0016,q3r1_s5_0016_left_neighbor_removed,left_neighbor_removed,0.02394749012784736,1.0,0.5662224604140016,True,0.37037037037037035,True,True
q3_radius1,q3r1_s5_0016,q3r1_s5_0016_left_right_symmetrized_rule,left_right_symmetrized_rule,0.01616582187639959,0.0,0.5401511784107984,True,0.18518518518518517,False,True
q3_radius1,q3r1_s5_0016,q3r1_s5_0016_output_histogram_random,output_distribution_matched_random,0.0,0.0,0.10588623998690305,False,0.7037037037037037,True,True
q3_radius1,q3r1_s7_0002,q3r1_s7_0002_left_neighbor_removed,left_neighbor_removed,0.07461658472972288,1.0,0.3760156265863588,True,0.4444444444444444,False,True
q3_radius1,q3r1_s7_0002,q3r1_s7_0002_right_neighbor_removed,right_neighbor_removed,0.07461658472972288,1.0,0.3668489908536894,True,0.4444444444444444,False,True
q3_radius1,q3r1_s7_0002,q3r1_s7_0002_center_only_projection,center_only_projection,0.5375806379732699,2.0,0.57964325446909,True,0.4444444444444444,True,True
q3_radius1,q3r1_s7_0002,q3r1_s7_0002_left_right_symmetrized_rule,left_right_symmetrized_rule,0.0,0.0,0.0006383408812287161,True,0.0,True,True
q3_radius1,q3r1_s7_0002,q3r1_s7_0002_symbol_phase_only,symbol_phase_only,0.5375806379732699,2.0,0.57891083259409,True,0.4444444444444444,True,True
q3_radius1,q3r1_s7_0002,q3r1_s7_0002_output_histogram_random,output_distribution_matched_random,0.0,0.0,0.07270186376540666,False,0.5555555555555556,False,True
