space,parent_rule_id,rule_id,control_type,dominant_active_neighborhood,dominant_active_neighborhood_count,mechanism_label,symbol_turnover_by_phase_proxy,phase_sequence_length
q3_radius1,q3g3_s1_00009,q3g3_s1_00009_center_only_projection,center_only_projection,"(2, 2, 2)",1028,oscillatory,0.0,2
q3_radius1,q3g3_s1_00009,q3g3_s1_00009_left_neighbor_removed,left_neighbor_removed,"(2, 2, 2)",1027,travelling,0.10107421875,2
q3_radius1,q3g3_s1_00009,q3g3_s1_00026,stratum_null_q3g3_s1_00026,"(1, 2, 2)",172,travelling,0.419189453125,17
q3_radius1,q3g3_s1_00013,q3g3_s1_00013_right_neighbor_removed,right_neighbor_removed,"(1, 1, 1)",373,travelling,0.06201171875,2
q3_radius1,q3g3_s1_00013,q3g3_s1_00013_symbol_phase_only,symbol_phase_only,"(0, 1, 0)",228,local-phase-clock-like,0.0,2
q3_radius1,q3g3_s1_00013,q3g3_s1_00013_center_only_projection,center_only_projection,"(0, 1, 0)",385,emitter-like,0.0,2
q3_radius1,q3g3_s1_00009,q3g3_s1_00009_left_right_symmetrized_rule,left_right_symmetrized_rule,"(2, 2, 2)",1027,travelling,0.3494873046875,17
q3_radius1,q3g3_s1_00009,q3g3_s1_00009_symbol_phase_only,symbol_phase_only,"(2, 2, 2)",396,travelling,1.0,3
q3_radius1,q3g3_s1_00009,q3g3_s1_00009_right_neighbor_removed,right_neighbor_removed,"(2, 2, 2)",1024,travelling,0.09814453125,8
q3_radius1,q3g3_s1_00013,q3g3_s1_00013,raw,"(1, 1, 1)",620,travelling,0.123046875,5
q3_radius1,q3g3_s1_00009,q3g3_s1_00018,stratum_null_q3g3_s1_00018,"(1, 1, 1)",606,travelling,0.16259765625,6
q3_radius1,q3g3_s1_00009,q3g3_s1_00009_output_histogram_random,output_distribution_matched_random,"(1, 1, 1)",991,travelling,0.2529296875,17
q3_radius1,q3g3_s1_00009,q3g3_s1_00009,raw,"(2, 2, 2)",1024,travelling,0.17041015625,17
q3_radius1,q3g3_s1_00009,q3g3_s1_00083,stratum_null_q3g3_s1_00083,"(1, 1, 1)",985,travelling,0.22216796875,17
q3_radius1,q3g3_s1_00013,q3g3_s1_00013_left_neighbor_removed,left_neighbor_removed,"(1, 1, 1)",428,travelling,0.08642578125,2
q3_radius1,q3g3_s1_00009,q3g3_s1_00195,stratum_null_q3g3_s1_00195,"(2, 1, 0)",176,travelling,0.5316162109375,17
q3_radius1,q3g3_s1_00013,q3g3_s1_00013_left_right_symmetrized_rule,left_right_symmetrized_rule,"(1, 1, 1)",461,travelling,0.4942626953125,17
q3_radius1,q3g3_s1_00013,q3g3_s1_00085,stratum_null_q3g3_s1_00085,"(2, 2, 2)",1027,local-phase-clock-like,0.0,3
q3_radius1,q3g3_s1_00013,q3g3_s1_00013_output_histogram_random,output_distribution_matched_random,"(1, 1, 1)",1004,travelling,0.177978515625,17
q3_radius1,q3g3_s1_00018,q3g3_s1_00018_symbol_phase_only,symbol_phase_only,"(1, 1, 1)",1024,local-phase-clock-like,0.0,2
q3_radius1,q3g3_s1_00026,q3g3_s1_00026_center_only_projection,center_only_projection,"(0, 2, 1)",6,local-phase-clock-like,0.0,2
q3_radius1,q3g3_s1_00013,q3g3_s1_00197,stratum_null_q3g3_s1_00197,"(0, 1, 2)",234,travelling,0.494384765625,17
q3_radius1,q3g3_s1_00013,q3g3_s1_00112,stratum_null_q3g3_s1_00112,"(2, 2, 2)",892,travelling,0.5404052734375,17
q3_radius1,q3g3_s1_00018,q3g3_s1_00018_right_neighbor_removed,right_neighbor_removed,"(0, 1, 1)",308,travelling,0.06640625,2
q3_radius1,q3g3_s1_00018,q3g3_s1_00018_center_only_projection,center_only_projection,"(1, 1, 1)",388,emitter-like,0.0,2
q3_radius1,q3g3_s1_00018,q3g3_s1_00026,stratum_null_q3g3_s1_00026,"(1, 2, 2)",172,travelling,0.419189453125,17
q3_radius1,q3g3_s1_00018,q3g3_s1_00018,raw,"(1, 1, 1)",606,travelling,0.16259765625,6
q3_radius1,q3g3_s1_00013,q3g3_s1_00011,stratum_null_q3g3_s1_00011,"(0, 1, 0)",239,travelling,0.345458984375,17
q3_radius1,q3g3_s1_00018,q3g3_s1_00018_left_neighbor_removed,left_neighbor_removed,"(0, 1, 0)",324,travelling,0.060546875,2
q3_radius1,q3g3_s1_00026,q3g3_s1_00026,raw,"(1, 2, 2)",172,travelling,0.419189453125,17
q3_radius1,q3g3_s1_00026,q3g3_s1_00026_left_neighbor_removed,left_neighbor_removed,"(0, 1, 1)",248,emitter-like,0.0,2
q3_radius1,q3g3_s1_00018,q3g3_s1_00009,stratum_null_q3g3_s1_00009,"(2, 2, 2)",1024,travelling,0.17041015625,17
q3_radius1,q3g3_s1_00018,q3g3_s1_00018_output_histogram_random,output_distribution_matched_random,"(2, 2, 2)",397,travelling,0.9361572265625,17
q3_radius1,q3g3_s1_00018,q3g3_s1_00083,stratum_null_q3g3_s1_00083,"(1, 1, 1)",985,travelling,0.22216796875,17
q3_radius1,q3g3_s1_00026,q3g3_s1_00026_right_neighbor_removed,right_neighbor_removed,"(1, 2, 1)",451,travelling,0.3255615234375,17
q3_radius1,q3g3_s1_00018,q3g3_s1_00018_left_right_symmetrized_rule,left_right_symmetrized_rule,"(1, 1, 1)",456,travelling,0.4874267578125,17
q3_radius1,q3g3_s1_00018,q3g3_s1_00195,stratum_null_q3g3_s1_00195,"(2, 1, 0)",176,travelling,0.5316162109375,17
q3_radius1,q3g3_s1_00026,q3g3_s1_00026_left_right_symmetrized_rule,left_right_symmetrized_rule,"(0, 1, 0)",213,local-phase-clock-like,0.0,2
q3_radius1,q3g3_s1_00030,q3g3_s1_00030_center_only_projection,center_only_projection,"(2, 2, 2)",1025,local-phase-clock-like,0.0,2
q3_radius1,q3g3_s1_00030,q3g3_s1_00030_right_neighbor_removed,right_neighbor_removed,"(2, 2, 2)",1026,local-phase-clock-like,0.0,3
q3_radius1,q3g3_s1_00026,q3g3_s1_00026_symbol_phase_only,symbol_phase_only,"(1, 1, 1)",438,local-phase-clock-like,0.0,2
q3_radius1,q3g3_s1_00026,q3g3_s1_00026_output_histogram_random,output_distribution_matched_random,"(1, 1, 1)",282,domain-wall-like,0.385498046875,17
q3_radius1,q3g3_s1_00043,q3g3_s1_00043_center_only_projection,center_only_projection,"(1, 1, 1)",1028,local-phase-clock-like,0.0,2
q3_radius1,q3g3_s1_00026,q3g3_s1_00018,stratum_null_q3g3_s1_00018,"(1, 1, 1)",606,travelling,0.16259765625,6
q3_radius1,q3g3_s1_00026,q3g3_s1_00009,stratum_null_q3g3_s1_00009,"(2, 2, 2)",1024,travelling,0.17041015625,17
q3_radius1,q3g3_s1_00026,q3g3_s1_00083,stratum_null_q3g3_s1_00083,"(1, 1, 1)",985,travelling,0.22216796875,17
q3_radius1,q3g3_s1_00043,q3g3_s1_00043_symbol_phase_only,symbol_phase_only,"(0, 1, 0)",8,local-phase-clock-like,0.0,2
q3_radius1,q3g3_s1_00030,q3g3_s1_00030_symbol_phase_only,symbol_phase_only,"(0, 2, 0)",376,local-phase-clock-like,0.0,2
q3_radius1,q3g3_s1_00030,q3g3_s1_00030,raw,"(2, 2, 2)",950,travelling,0.4423828125,17
q3_radius1,q3g3_s1_00026,q3g3_s1_00195,stratum_null_q3g3_s1_00195,"(2, 1, 0)",176,travelling,0.5316162109375,17
q3_radius1,q3g3_s1_00030,q3g3_s1_00030_left_neighbor_removed,left_neighbor_removed,"(2, 2, 2)",960,travelling,0.198974609375,17
q3_radius1,q3g3_s1_00030,q3g3_s1_00216,stratum_null_q3g3_s1_00216,"(2, 2, 2)",524,travelling,0.781005859375,17
q3_radius1,q3g3_s1_00030,q3g3_s1_00030_output_histogram_random,output_distribution_matched_random,"(2, 2, 0)",270,travelling,0.509033203125,17
q3_radius1,q3g3_s1_00030,q3g3_s1_00204,stratum_null_q3g3_s1_00204,"(1, 2, 1)",194,travelling,0.1959228515625,17
q3_radius1,q3g3_s1_00030,q3g3_s1_00030_left_right_symmetrized_rule,left_right_symmetrized_rule,"(2, 2, 2)",1025,oscillatory,0.1600341796875,17
q3_radius1,q3g3_s1_00030,q3g3_s1_00148,stratum_null_q3g3_s1_00148,"(1, 1, 1)",218,emitter-like,0.24609375,17
q3_radius1,q3g3_s1_00043,q3g3_s1_00043_right_neighbor_removed,right_neighbor_removed,"(1, 1, 1)",1024,local-phase-clock-like,0.0,2
q3_radius1,q3g3_s1_00043,q3g3_s1_00043,raw,"(1, 1, 1)",1028,travelling,0.16162109375,17
q3_radius1,q3g3_s1_00045,q3g3_s1_00045_center_only_projection,center_only_projection,"(1, 1, 1)",1029,local-phase-clock-like,0.0,2
q3_radius1,q3g3_s1_00043,q3g3_s1_00043_left_right_symmetrized_rule,left_right_symmetrized_rule,"(1, 1, 1)",1025,oscillatory,0.0,2
q3_radius1,q3g3_s1_00030,q3g3_s1_00239,stratum_null_q3g3_s1_00239,"(0, 1, 0)",536,travelling,0.32958984375,17
q3_radius1,q3g3_s1_00043,q3g3_s1_00043_left_neighbor_removed,left_neighbor_removed,"(1, 1, 1)",1029,oscillatory,0.0960693359375,17
q3_radius1,q3g3_s1_00043,q3g3_s1_00043_output_histogram_random,output_distribution_matched_random,"(0, 1, 1)",360,travelling,0.078369140625,17
q3_radius1,q3g3_s1_00045,q3g3_s1_00045_left_right_symmetrized_rule,left_right_symmetrized_rule,"(1, 1, 1)",1025,local-phase-clock-like,0.0,2
q3_radius1,q3g3_s1_00105,q3g3_s1_00105_center_only_projection,center_only_projection,"(1, 1, 1)",1030,local-phase-clock-like,0.0,2
q3_radius1,q3g3_s1_00105,q3g3_s1_00105_left_neighbor_removed,left_neighbor_removed,"(1, 1, 1)",922,oscillatory,0.152587890625,17
q3_radius1,q3g3_s1_00045,q3g3_s1_00045,raw,"(1, 1, 1)",922,travelling,0.079833984375,4
q3_radius1,q3g3_s1_00043,q3g3_s1_00120,stratum_null_q3g3_s1_00120,"(2, 2, 2)",1001,travelling,0.33447265625,17
q3_radius1,q3g3_s1_00045,q3g3_s1_00045_right_neighbor_removed,right_neighbor_removed,"(1, 1, 1)",1025,oscillatory,0.0,3
q3_radius1,q3g3_s1_00043,q3g3_s1_00047,stratum_null_q3g3_s1_00047,"(1, 1, 1)",409,travelling,0.802001953125,17
q3_radius1,q3g3_s1_00045,q3g3_s1_00045_left_neighbor_removed,left_neighbor_removed,"(1, 1, 1)",957,travelling,0.05322265625,2
q3_radius1,q3g3_s1_00043,q3g3_s1_00049,stratum_null_q3g3_s1_00049,"(1, 1, 1)",357,emitter-like,0.6622314453125,17
q3_radius1,q3g3_s1_00043,q3g3_s1_00067,stratum_null_q3g3_s1_00067,"(0, 1, 0)",188,travelling,0.4173583984375,17
q3_radius1,q3g3_s1_00045,q3g3_s1_00045_symbol_phase_only,symbol_phase_only,"(1, 1, 1)",221,emitter-like,0.0,1
q3_radius1,q3g3_s1_00105,q3g3_s1_00105,raw,"(1, 1, 1)",909,travelling,0.146240234375,12
q3_radius1,q3g3_s1_00105,q3g3_s1_00105_left_right_symmetrized_rule,left_right_symmetrized_rule,"(1, 1, 1)",1025,oscillatory,0.020263671875,17
q3_radius1,q3g3_s1_00045,q3g3_s1_00058,stratum_null_q3g3_s1_00058,"(0, 2, 2)",162,travelling,0.170654296875,17
q3_radius1,q3g3_s1_00045,q3g3_s1_00055,stratum_null_q3g3_s1_00055,"(2, 2, 2)",984,travelling,0.2596435546875,17
q3_radius1,q3g3_s1_00045,q3g3_s1_00045_output_histogram_random,output_distribution_matched_random,"(0, 2, 0)",136,emitter-like,0.6053466796875,17
q3_radius1,q3g3_s1_00045,q3g3_s1_00008,stratum_null_q3g3_s1_00008,"(0, 2, 0)",206,travelling,0.4407958984375,17
q3_radius1,q3g3_s1_00105,q3g3_s1_00105_right_neighbor_removed,right_neighbor_removed,"(1, 1, 1)",1025,oscillatory,0.0,3
q3_radius1,q3g3_s1_00045,q3g3_s1_00057,stratum_null_q3g3_s1_00057,"(0, 2, 2)",187,travelling,0.2900390625,17
q3_radius1,q3g3_s1_00105,q3g3_s1_00105_symbol_phase_only,symbol_phase_only,"(0, 2, 0)",470,emitter-like,0.0,2
q3_radius1,q3g3_s1_00108,q3g3_s1_00108_symbol_phase_only,symbol_phase_only,"(0, 2, 2)",7,local-phase-clock-like,0.0,2
q3_radius1,q3g3_s1_00105,q3g3_s1_00135,stratum_null_q3g3_s1_00135,"(1, 1, 1)",989,travelling,0.055419921875,3
q3_radius1,q3g3_s1_00105,q3g3_s1_00175,stratum_null_q3g3_s1_00175,"(2, 2, 2)",178,travelling,0.3311767578125,17
q3_radius1,q3g3_s1_00105,q3g3_s1_00105_output_histogram_random,output_distribution_matched_random,"(2, 2, 2)",428,domain-wall-like,0.7877197265625,17
q3_radius1,q3g3_s1_00108,q3g3_s1_00108,raw,"(2, 2, 2)",174,travelling,0.1251220703125,17
q3_radius1,q3g3_s1_00108,q3g3_s1_00035,stratum_null_q3g3_s1_00035,"(1, 2, 1)",450,unknown,0.4544677734375,17
q3_radius1,q3g3_s1_00108,q3g3_s1_00108_center_only_projection,center_only_projection,"(0, 2, 0)",394,emitter-like,0.0,2
q3_radius1,q3g3_s1_00105,q3g3_s1_00123,stratum_null_q3g3_s1_00123,"(2, 2, 2)",233,travelling,0.2913818359375,17
q3_radius1,q3g3_s1_00108,q3g3_s1_00108_left_neighbor_removed,left_neighbor_removed,"(0, 2, 1)",243,emitter-like,0.013671875,17
q3_radius1,q3g3_s1_00105,q3g3_s1_00106,stratum_null_q3g3_s1_00106,"(0, 2, 2)",218,travelling,0.598876953125,17
q3_radius1,q3g3_s1_00108,q3g3_s1_00108_left_right_symmetrized_rule,left_right_symmetrized_rule,"(2, 2, 2)",306,emitter-like,0.0,5
q3_radius1,q3g3_s1_00108,q3g3_s1_00108_right_neighbor_removed,right_neighbor_removed,"(0, 1, 0)",244,travelling,0.0751953125,5
q3_radius1,q3g3_s1_00110,q3g3_s1_00110_symbol_phase_only,symbol_phase_only,"(2, 2, 2)",1028,oscillatory,0.0,2
q3_radius1,q3g3_s1_00108,q3g3_s1_00059,stratum_null_q3g3_s1_00059,"(2, 2, 2)",193,emitter-like,0.005615234375,16
q3_radius1,q3g3_s1_00108,q3g3_s1_00052,stratum_null_q3g3_s1_00052,"(1, 1, 1)",500,travelling,0.2017822265625,15
q3_radius1,q3g3_s1_00114,q3g3_s1_00114_center_only_projection,center_only_projection,"(0, 2, 2)",7,local-phase-clock-like,0.0,2
q3_radius1,q3g3_s1_00110,q3g3_s1_00110_right_neighbor_removed,right_neighbor_removed,"(2, 2, 2)",365,oscillatory,0.1473388671875,17
q3_radius1,q3g3_s1_00114,q3g3_s1_00114_right_neighbor_removed,right_neighbor_removed,"(0, 2, 0)",9,local-phase-clock-like,0.0,2
q3_radius1,q3g3_s1_00110,q3g3_s1_00110_center_only_projection,center_only_projection,"(0, 1, 1)",102,emitter-like,0.0,1
q3_radius1,q3g3_s1_00108,q3g3_s1_00108_output_histogram_random,output_distribution_matched_random,"(2, 2, 2)",895,travelling,0.3560791015625,17
q3_radius1,q3g3_s1_00110,q3g3_s1_00110,raw,"(0, 1, 2)",167,travelling,0.138916015625,17
q3_radius1,q3g3_s1_00110,q3g3_s1_00110_left_neighbor_removed,left_neighbor_removed,"(0, 1, 0)",578,travelling,0.039306640625,2
q3_radius1,q3g3_s1_00110,q3g3_s1_00110_left_right_symmetrized_rule,left_right_symmetrized_rule,"(0, 2, 0)",183,local-phase-clock-like,0.0,2
q3_radius1,q3g3_s1_00110,q3g3_s1_00027,stratum_null_q3g3_s1_00027,"(1, 1, 1)",755,travelling,0.27978515625,17
q3_radius1,q3g3_s1_00108,q3g3_s1_00157,stratum_null_q3g3_s1_00157,"(0, 1, 2)",258,travelling,0.433349609375,17
q3_radius1,q3g3_s1_00110,q3g3_s1_00107,stratum_null_q3g3_s1_00107,"(2, 2, 2)",175,travelling,0.082763671875,17
q3_radius1,q3g3_s1_00110,q3g3_s1_00110_output_histogram_random,output_distribution_matched_random,"(1, 1, 1)",967,travelling,0.4849853515625,17
q3_radius1,q3g3_s1_00117,q3g3_s1_00117_center_only_projection,center_only_projection,"(2, 2, 2)",1027,local-phase-clock-like,0.0,2
q3_radius1,q3g3_s1_00110,q3g3_s1_00228,stratum_null_q3g3_s1_00228,"(1, 1, 1)",899,travelling,0.68701171875,17
q3_radius1,q3g3_s1_00114,q3g3_s1_00114_left_neighbor_removed,left_neighbor_removed,"(0, 1, 2)",194,emitter-like,0.2017822265625,15
q3_radius1,q3g3_s1_00114,q3g3_s1_00114_output_histogram_random,output_distribution_matched_random,"(1, 1, 1)",985,travelling,0.2198486328125,17
q3_radius1,q3g3_s1_00114,q3g3_s1_00114_left_right_symmetrized_rule,left_right_symmetrized_rule,"(0, 1, 0)",325,local-phase-clock-like,0.0,3
q3_radius1,q3g3_s1_00110,q3g3_s1_00225,stratum_null_q3g3_s1_00225,"(2, 2, 2)",927,travelling,0.3182373046875,17
q3_radius1,q3g3_s1_00114,q3g3_s1_00114,raw,"(1, 1, 1)",257,travelling,0.44970703125,17
q3_radius1,q3g3_s1_00114,q3g3_s1_00114_symbol_phase_only,symbol_phase_only,"(0, 2, 0)",136,emitter-like,0.0,1
q3_radius1,q3g3_s1_00114,q3g3_s1_00234,stratum_null_q3g3_s1_00234,"(0, 1, 2)",102,emitter-like,0.1383056640625,17
q3_radius1,q3g3_s1_00122,q3g3_s1_00122_center_only_projection,center_only_projection,"(2, 2, 2)",1024,local-phase-clock-like,0.0,2
q3_radius1,q3g3_s1_00117,q3g3_s1_00117_right_neighbor_removed,right_neighbor_removed,"(2, 2, 2)",999,oscillatory,0.1463623046875,17
q3_radius1,q3g3_s1_00117,q3g3_s1_00117_left_neighbor_removed,left_neighbor_removed,"(2, 2, 2)",1029,oscillatory,0.0,4
q3_radius1,q3g3_s1_00114,q3g3_s1_00006,stratum_null_q3g3_s1_00006,"(1, 1, 1)",920,travelling,0.6806640625,17
q3_radius1,q3g3_s1_00117,q3g3_s1_00117,raw,"(2, 2, 2)",1006,travelling,0.2532958984375,17
q3_radius1,q3g3_s1_00117,q3g3_s1_00117_left_right_symmetrized_rule,left_right_symmetrized_rule,"(2, 2, 2)",919,domain-wall-like,0.4671630859375,17
q3_radius1,q3g3_s1_00114,q3g3_s1_00102,stratum_null_q3g3_s1_00102,"(1, 1, 1)",899,travelling,0.364501953125,17
q3_radius1,q3g3_s1_00114,q3g3_s1_00218,stratum_null_q3g3_s1_00218,"(1, 1, 1)",919,travelling,0.193115234375,17
q3_radius1,q3g3_s1_00117,q3g3_s1_00117_symbol_phase_only,symbol_phase_only,"(2, 2, 2)",420,travelling,1.0,3
q3_radius1,q3g3_s1_00117,q3g3_s1_00117_output_histogram_random,output_distribution_matched_random,"(2, 2, 2)",985,travelling,0.02880859375,3
q3_radius1,q3g3_s1_00117,q3g3_s1_00116,stratum_null_q3g3_s1_00116,"(2, 2, 2)",330,travelling,0.2218017578125,17
q3_radius1,q3g3_s1_00117,q3g3_s1_00181,stratum_null_q3g3_s1_00181,"(2, 2, 2)",967,travelling,0.559326171875,17
q3_radius1,q3g3_s1_00117,q3g3_s1_00234,stratum_null_q3g3_s1_00234,"(0, 1, 2)",102,emitter-like,0.1383056640625,17
q3_radius1,q3g3_s1_00117,q3g3_s1_00114,stratum_null_q3g3_s1_00114,"(1, 1, 1)",257,travelling,0.44970703125,17
q3_radius1,q3g3_s1_00122,q3g3_s1_00122_left_neighbor_removed,left_neighbor_removed,"(2, 2, 2)",952,oscillatory,0.220703125,16
q3_radius1,q3g3_s1_00122,q3g3_s1_00122,raw,"(2, 2, 2)",913,travelling,0.39453125,17
q3_radius1,q3g3_s1_00122,q3g3_s1_00122_right_neighbor_removed,right_neighbor_removed,"(2, 2, 2)",1028,travelling,0.1236572265625,17
q3_radius1,q3g3_s1_00122,q3g3_s1_00122_symbol_phase_only,symbol_phase_only,"(0, 1, 0)",273,emitter-like,0.0,2
q3_radius1,q3g3_s1_00123,q3g3_s1_00123_left_neighbor_removed,left_neighbor_removed,"(2, 2, 2)",221,emitter-like,0.1220703125,17
q3_radius1,q3g3_s1_00122,q3g3_s1_00164,stratum_null_q3g3_s1_00164,"(0, 1, 1)",273,travelling,0.091064453125,3
q3_radius1,q3g3_s1_00123,q3g3_s1_00123_center_only_projection,center_only_projection,"(0, 1, 0)",456,local-phase-clock-like,0.0,2
q3_radius1,q3g3_s1_00122,q3g3_s1_00122_left_right_symmetrized_rule,left_right_symmetrized_rule,"(2, 2, 2)",918,domain-wall-like,0.5648193359375,17
q3_radius1,q3g3_s1_00122,q3g3_s1_00122_output_histogram_random,output_distribution_matched_random,"(0, 1, 0)",114,travelling,0.45751953125,17
q3_radius1,q3g3_s1_00123,q3g3_s1_00123_right_neighbor_removed,right_neighbor_removed,"(1, 1, 1)",639,oscillatory,0.132568359375,17
q3_radius1,q3g3_s1_00122,q3g3_s1_00237,stratum_null_q3g3_s1_00237,"(1, 1, 1)",981,travelling,0.105712890625,4
q3_radius1,q3g3_s1_00123,q3g3_s1_00123_left_right_symmetrized_rule,left_right_symmetrized_rule,"(1, 1, 1)",321,local-phase-clock-like,0.0,2
q3_radius1,q3g3_s1_00122,q3g3_s1_00015,stratum_null_q3g3_s1_00015,"(2, 2, 2)",903,travelling,0.6541748046875,17
q3_radius1,q3g3_s1_00123,q3g3_s1_00123,raw,"(2, 2, 2)",233,travelling,0.2913818359375,17
q3_radius1,q3g3_s1_00122,q3g3_s1_00230,stratum_null_q3g3_s1_00230,"(1, 1, 1)",987,travelling,0.44921875,17
q3_radius1,q3g3_s1_00133,q3g3_s1_00133_symbol_phase_only,symbol_phase_only,"(0, 1, 0)",8,local-phase-clock-like,0.0,2
q3_radius1,q3g3_s1_00123,q3g3_s1_00123_symbol_phase_only,symbol_phase_only,"(2, 2, 2)",401,local-phase-clock-like,0.0,2
q3_radius1,q3g3_s1_00123,q3g3_s1_00123_output_histogram_random,output_distribution_matched_random,"(2, 2, 2)",997,travelling,0.3143310546875,17
q3_radius1,q3g3_s1_00123,q3g3_s1_00175,stratum_null_q3g3_s1_00175,"(2, 2, 2)",178,travelling,0.3311767578125,17
q3_radius1,q3g3_s1_00123,q3g3_s1_00135,stratum_null_q3g3_s1_00135,"(1, 1, 1)",989,travelling,0.055419921875,3
q3_radius1,q3g3_s1_00123,q3g3_s1_00105,stratum_null_q3g3_s1_00105,"(1, 1, 1)",909,travelling,0.146240234375,12
q3_radius1,q3g3_s1_00162,q3g3_s1_00162_center_only_projection,center_only_projection,"(2, 2, 2)",1029,local-phase-clock-like,0.0,2
q3_radius1,q3g3_s1_00133,q3g3_s1_00133,raw,"(0, 1, 0)",118,travelling,0.20068359375,17
q3_radius1,q3g3_s1_00133,q3g3_s1_00133_center_only_projection,center_only_projection,"(0, 1, 1)",294,emitter-like,0.0,2
q3_radius1,q3g3_s1_00133,q3g3_s1_00133_left_neighbor_removed,left_neighbor_removed,"(1, 1, 1)",416,travelling,0.2442626953125,17
q3_radius1,q3g3_s1_00123,q3g3_s1_00106,stratum_null_q3g3_s1_00106,"(0, 2, 2)",218,travelling,0.598876953125,17
q3_radius1,q3g3_s1_00162,q3g3_s1_00162_left_neighbor_removed,left_neighbor_removed,"(2, 2, 2)",1028,local-phase-clock-like,0.0,2
q3_radius1,q3g3_s1_00133,q3g3_s1_00133_left_right_symmetrized_rule,left_right_symmetrized_rule,"(1, 1, 1)",450,emitter-like,0.0,2
q3_radius1,q3g3_s1_00133,q3g3_s1_00133_right_neighbor_removed,right_neighbor_removed,"(1, 1, 1)",243,emitter-like,0.0,2
q3_radius1,q3g3_s1_00133,q3g3_s1_00126,stratum_null_q3g3_s1_00126,"(1, 1, 1)",972,travelling,0.262939453125,17
q3_radius1,q3g3_s1_00133,q3g3_s1_00247,stratum_null_q3g3_s1_00247,"(2, 2, 2)",193,emitter-like,0.5240478515625,17
q3_radius1,q3g3_s1_00162,q3g3_s1_00162,raw,"(2, 2, 2)",974,travelling,0.0728759765625,8
q3_radius1,q3g3_s1_00133,q3g3_s1_00133_output_histogram_random,output_distribution_matched_random,"(0, 2, 0)",267,travelling,0.13720703125,17
q3_radius1,q3g3_s1_00133,q3g3_s1_00079,stratum_null_q3g3_s1_00079,"(2, 2, 2)",906,travelling,0.476318359375,17
q3_radius1,q3g3_s1_00162,q3g3_s1_00162_symbol_phase_only,symbol_phase_only,"(0, 1, 0)",371,local-phase-clock-like,0.0,2
q3_radius1,q3g3_s1_00133,q3g3_s1_00072,stratum_null_q3g3_s1_00072,"(2, 2, 2)",924,travelling,0.204345703125,17
q3_radius1,q3g3_s1_00162,q3g3_s1_00162_right_neighbor_removed,right_neighbor_removed,"(2, 2, 2)",966,travelling,0.296142578125,17
q3_radius1,q3g3_s1_00162,q3g3_s1_00162_left_right_symmetrized_rule,left_right_symmetrized_rule,"(2, 2, 2)",914,travelling,0.65234375,17
q3_radius1,q3g3_s1_00162,q3g3_s1_00162_output_histogram_random,output_distribution_matched_random,"(2, 2, 2)",335,travelling,0.638427734375,17
q3_radius1,q3g3_s1_00162,q3g3_s1_00113,stratum_null_q3g3_s1_00113,"(1, 1, 1)",928,travelling,0.297607421875,17
q3_radius1,q3g3_s1_00164,q3g3_s1_00164_center_only_projection,center_only_projection,"(2, 2, 2)",119,local-phase-clock-like,0.0,1
q3_radius1,q3g3_s1_00162,q3g3_s1_00191,stratum_null_q3g3_s1_00191,"(0, 2, 1)",272,travelling,0.097412109375,2
q3_radius1,q3g3_s1_00164,q3g3_s1_00164_right_neighbor_removed,right_neighbor_removed,"(0, 1, 1)",119,emitter-like,0.0,2
q3_radius1,q3g3_s1_00162,q3g3_s1_00010,stratum_null_q3g3_s1_00010,"(0, 2, 0)",576,travelling,0.10693359375,17
q3_radius1,q3g3_s1_00162,q3g3_s1_00143,stratum_null_q3g3_s1_00143,"(1, 1, 1)",961,oscillatory,0.2371826171875,17
q3_radius1,q3g3_s1_00164,q3g3_s1_00164,raw,"(0, 1, 1)",273,travelling,0.091064453125,3
q3_radius1,q3g3_s1_00164,q3g3_s1_00164_left_neighbor_removed,left_neighbor_removed,"(0, 1, 1)",211,travelling,0.083984375,2
q3_radius1,q3g3_s1_00164,q3g3_s1_00164_left_right_symmetrized_rule,left_right_symmetrized_rule,"(0, 1, 1)",409,travelling,0.537353515625,17
q3_radius1,q3g3_s1_00164,q3g3_s1_00164_symbol_phase_only,symbol_phase_only,"(0, 2, 0)",258,local-phase-clock-like,0.0,2
q3_radius1,q3g3_s1_00175,q3g3_s1_00175_left_neighbor_removed,left_neighbor_removed,"(2, 2, 2)",788,domain-wall-like,0.2523193359375,17
q3_radius1,q3g3_s1_00164,q3g3_s1_00164_output_histogram_random,output_distribution_matched_random,"(2, 2, 2)",989,travelling,0.3555908203125,17
q3_radius1,q3g3_s1_00175,q3g3_s1_00175_left_right_symmetrized_rule,left_right_symmetrized_rule,"(1, 1, 1)",372,local-phase-clock-like,0.0,3
q3_radius1,q3g3_s1_00164,q3g3_s1_00122,stratum_null_q3g3_s1_00122,"(2, 2, 2)",913,travelling,0.39453125,17
q3_radius1,q3g3_s1_00164,q3g3_s1_00237,stratum_null_q3g3_s1_00237,"(1, 1, 1)",981,travelling,0.105712890625,4
q3_radius1,q3g3_s1_00175,q3g3_s1_00175,raw,"(2, 2, 2)",178,travelling,0.3311767578125,17
q3_radius1,q3g3_s1_00164,q3g3_s1_00015,stratum_null_q3g3_s1_00015,"(2, 2, 2)",903,travelling,0.6541748046875,17
q3_radius1,q3g3_s1_00175,q3g3_s1_00175_center_only_projection,center_only_projection,"(0, 1, 0)",119,local-phase-clock-like,0.0,1
q3_radius1,q3g3_s1_00164,q3g3_s1_00230,stratum_null_q3g3_s1_00230,"(1, 1, 1)",987,travelling,0.44921875,17
q3_radius1,q3g3_s1_00175,q3g3_s1_00175_output_histogram_random,output_distribution_matched_random,"(1, 1, 1)",772,travelling,0.653076171875,17
q3_radius1,q3g3_s1_00175,q3g3_s1_00175_right_neighbor_removed,right_neighbor_removed,"(0, 1, 0)",200,local-phase-clock-like,0.0,2
q3_radius1,q3g3_s1_00175,q3g3_s1_00175_symbol_phase_only,symbol_phase_only,"(2, 2, 2)",401,local-phase-clock-like,0.0,2
q3_radius1,q3g3_s1_00175,q3g3_s1_00135,stratum_null_q3g3_s1_00135,"(1, 1, 1)",989,travelling,0.055419921875,3
q3_radius1,q3g3_s1_00175,q3g3_s1_00105,stratum_null_q3g3_s1_00105,"(1, 1, 1)",909,travelling,0.146240234375,12
q3_radius1,q3g3_s1_00214,q3g3_s1_00214_center_only_projection,center_only_projection,"(2, 2, 2)",421,emitter-like,0.0,2
q3_radius1,q3g3_s1_00175,q3g3_s1_00123,stratum_null_q3g3_s1_00123,"(2, 2, 2)",233,travelling,0.2913818359375,17
q3_radius1,q3g3_s1_00214,q3g3_s1_00214_left_neighbor_removed,left_neighbor_removed,"(2, 2, 2)",320,emitter-like,0.0,2
q3_radius1,q3g3_s1_00214,q3g3_s1_00214,raw,"(0, 2, 0)",199,travelling,0.1162109375,4
q3_radius1,q3g3_s1_00175,q3g3_s1_00106,stratum_null_q3g3_s1_00106,"(0, 2, 2)",218,travelling,0.598876953125,17
q3_radius1,q3g3_s1_00214,q3g3_s1_00214_left_right_symmetrized_rule,left_right_symmetrized_rule,"(2, 2, 2)",411,emitter-like,0.0084228515625,7
q3_radius1,q3g3_s1_00216,q3g3_s1_00216_symbol_phase_only,symbol_phase_only,"(2, 2, 2)",1026,local-phase-clock-like,0.0,2
q3_radius1,q3g3_s1_00214,q3g3_s1_00214_right_neighbor_removed,right_neighbor_removed,"(2, 2, 2)",422,travelling,0.088623046875,4
q3_radius1,q3g3_s1_00214,q3g3_s1_00214_symbol_phase_only,symbol_phase_only,"(1, 1, 1)",465,emitter-like,0.0,2
q3_radius1,q3g3_s1_00216,q3g3_s1_00216_right_neighbor_removed,right_neighbor_removed,"(2, 2, 2)",501,domain-wall-like,0.8641357421875,17
q3_radius1,q3g3_s1_00214,q3g3_s1_00245,stratum_null_q3g3_s1_00245,"(2, 2, 2)",365,travelling,0.880615234375,17
q3_radius1,q3g3_s1_00216,q3g3_s1_00216_left_neighbor_removed,left_neighbor_removed,"(2, 2, 2)",432,travelling,0.9578857421875,8
q3_radius1,q3g3_s1_00216,q3g3_s1_00216_center_only_projection,center_only_projection,"(2, 2, 2)",408,domain-wall-like,1.0,3
q3_radius1,q3g3_s1_00214,q3g3_s1_00064,stratum_null_q3g3_s1_00064,"(0, 1, 1)",268,travelling,0.1656494140625,17
q3_radius1,q3g3_s1_00214,q3g3_s1_00214_output_histogram_random,output_distribution_matched_random,"(2, 2, 2)",909,domain-wall-like,0.5694580078125,17
q3_radius1,q3g3_s1_00214,q3g3_s1_00194,stratum_null_q3g3_s1_00194,"(0, 2, 2)",175,travelling,0.5220947265625,17
q3_radius1,q3g3_s1_00214,q3g3_s1_00002,stratum_null_q3g3_s1_00002,"(0, 1, 0)",183,emitter-like,0.4691162109375,17
q3_radius1,q3g3_s1_00216,q3g3_s1_00216,raw,"(2, 2, 2)",524,travelling,0.781005859375,17
q3_radius1,q3g3_s1_00237,q3g3_s1_00237_center_only_projection,center_only_projection,"(1, 1, 1)",1026,local-phase-clock-like,0.0,2
q3_radius1,q3g3_s1_00237,q3g3_s1_00237_right_neighbor_removed,right_neighbor_removed,"(1, 1, 1)",967,travelling,0.15771484375,16
q3_radius1,q3g3_s1_00216,q3g3_s1_00216_left_right_symmetrized_rule,left_right_symmetrized_rule,"(2, 2, 2)",440,travelling,0.6307373046875,17
q3_radius1,q3g3_s1_00216,q3g3_s1_00216_output_histogram_random,output_distribution_matched_random,"(1, 1, 1)",986,travelling,0.3111572265625,17
q3_radius1,q3g3_s1_00216,q3g3_s1_00030,stratum_null_q3g3_s1_00030,"(2, 2, 2)",950,travelling,0.4423828125,17
q3_radius1,q3g3_s1_00237,q3g3_s1_00237_left_neighbor_removed,left_neighbor_removed,"(1, 1, 1)",1024,travelling,0.017578125,2
q3_radius1,q3g3_s2_00000,q3g3_s2_00000_left_neighbor_removed,left_neighbor_removed,"(0, 2, 0)",8,local-phase-clock-like,0.0,2
q3_radius1,q3g3_s1_00216,q3g3_s1_00148,stratum_null_q3g3_s1_00148,"(1, 1, 1)",218,emitter-like,0.24609375,17
q3_radius1,q3g3_s1_00216,q3g3_s1_00204,stratum_null_q3g3_s1_00204,"(1, 2, 1)",194,travelling,0.1959228515625,17
q3_radius1,q3g3_s1_00216,q3g3_s1_00239,stratum_null_q3g3_s1_00239,"(0, 1, 0)",536,travelling,0.32958984375,17
q3_radius1,q3g3_s1_00237,q3g3_s1_00237,raw,"(1, 1, 1)",981,travelling,0.105712890625,4
q3_radius1,q3g3_s1_00237,q3g3_s1_00237_symbol_phase_only,symbol_phase_only,"(1, 1, 1)",384,emitter-like,0.0,2
q3_radius1,q3g3_s2_00000,q3g3_s2_00000_right_neighbor_removed,right_neighbor_removed,"(1, 1, 1)",561,travelling,0.1270751953125,17
q3_radius1,q3g3_s1_00237,q3g3_s1_00164,stratum_null_q3g3_s1_00164,"(0, 1, 1)",273,travelling,0.091064453125,3
q3_radius1,q3g3_s2_00000,q3g3_s2_00000_center_only_projection,center_only_projection,"(1, 1, 1)",423,local-phase-clock-like,0.0,2
q3_radius1,q3g3_s2_00000,q3g3_s2_00000,raw,"(0, 2, 1)",116,travelling,0.078369140625,17
q3_radius1,q3g3_s1_00237,q3g3_s1_00237_left_right_symmetrized_rule,left_right_symmetrized_rule,"(1, 1, 1)",904,emitter-like,0.2213134765625,17
q3_radius1,q3g3_s1_00237,q3g3_s1_00122,stratum_null_q3g3_s1_00122,"(2, 2, 2)",913,travelling,0.39453125,17
q3_radius1,q3g3_s1_00237,q3g3_s1_00237_output_histogram_random,output_distribution_matched_random,"(0, 2, 0)",578,travelling,0.2088623046875,17
q3_radius1,q3g3_s2_00000,q3g3_s2_00000_left_right_symmetrized_rule,left_right_symmetrized_rule,"(0, 1, 0)",162,travelling,0.0078125,6
q3_radius1,q3g3_s1_00237,q3g3_s1_00015,stratum_null_q3g3_s1_00015,"(2, 2, 2)",903,travelling,0.6541748046875,17
q3_radius1,q3g3_s1_00237,q3g3_s1_00230,stratum_null_q3g3_s1_00230,"(1, 1, 1)",987,travelling,0.44921875,17
q3_radius1,q3g3_s2_00000,q3g3_s2_00000_symbol_phase_only,symbol_phase_only,"(0, 2, 0)",102,emitter-like,0.0,1
q3_radius1,q3g3_s2_00000,q3g3_s2_00009,stratum_null_q3g3_s2_00009,"(2, 2, 2)",525,domain-wall-like,0.2862548828125,17
q3_radius1,q3g3_s2_00000,q3g3_s2_00096,stratum_null_q3g3_s2_00096,"(0, 2, 1)",180,emitter-like,0.7869873046875,17
q3_radius1,q3g3_s2_00001,q3g3_s2_00001_left_right_symmetrized_rule,left_right_symmetrized_rule,"(1, 1, 1)",160,local-phase-clock-like,0.0,2
q3_radius1,q3g3_s2_00000,q3g3_s2_00000_output_histogram_random,output_distribution_matched_random,"(0, 2, 2)",357,travelling,0.216064453125,17
q3_radius1,q3g3_s2_00001,q3g3_s2_00001,raw,"(1, 1, 1)",570,travelling,0.295654296875,17
q3_radius1,q3g3_s2_00000,q3g3_s2_00165,stratum_null_q3g3_s2_00165,"(0, 2, 2)",202,travelling,0.08056640625,6
q3_radius1,q3g3_s2_00000,q3g3_s2_00087,stratum_null_q3g3_s2_00087,"(0, 2, 1)",177,travelling,0.6943359375,17
q3_radius1,q3g3_s2_00001,q3g3_s2_00001_center_only_projection,center_only_projection,"(0, 1, 1)",136,local-phase-clock-like,0.0,1
q3_radius1,q3g3_s2_00001,q3g3_s2_00001_left_neighbor_removed,left_neighbor_removed,"(1, 1, 1)",661,domain-wall-like,0.265625,17
q3_radius1,q3g3_s2_00007,q3g3_s2_00007_symbol_phase_only,symbol_phase_only,"(1, 1, 1)",1027,oscillatory,0.0,2
q3_radius1,q3g3_s2_00001,q3g3_s2_00001_right_neighbor_removed,right_neighbor_removed,"(0, 1, 2)",198,local-phase-clock-like,0.0,2
q3_radius1,q3g3_s2_00001,q3g3_s2_00001_symbol_phase_only,symbol_phase_only,"(0, 1, 0)",405,local-phase-clock-like,0.0,2
q3_radius1,q3g3_s2_00007,q3g3_s2_00169,stratum_null_q3g3_s2_00169,"(0, 1, 0)",10,local-phase-clock-like,0.0,2
q3_radius1,q3g3_s2_00001,q3g3_s2_00025,stratum_null_q3g3_s2_00025,"(1, 1, 1)",369,domain-wall-like,0.2581787109375,17
q3_radius1,q3g3_s2_00007,q3g3_s2_00007_right_neighbor_removed,right_neighbor_removed,"(2, 2, 2)",494,travelling,0.3948974609375,17
q3_radius1,q3g3_s2_00001,q3g3_s2_00178,stratum_null_q3g3_s2_00178,"(0, 1, 2)",141,emitter-like,0.1295166015625,17
q3_radius1,q3g3_s2_00001,q3g3_s2_00214,stratum_null_q3g3_s2_00214,"(0, 2, 1)",477,travelling,0.4012451171875,17
q3_radius1,q3g3_s2_00007,q3g3_s2_00007_center_only_projection,center_only_projection,"(0, 1, 2)",102,emitter-like,0.0,1
q3_radius1,q3g3_s2_00007,q3g3_s2_00007,raw,"(1, 2, 0)",127,travelling,0.357666015625,17
q3_radius1,q3g3_s2_00001,q3g3_s2_00040,stratum_null_q3g3_s2_00040,"(0, 2, 0)",746,travelling,0.24072265625,17
q3_radius1,q3g3_s2_00001,q3g3_s2_00001_output_histogram_random,output_distribution_matched_random,"(0, 1, 2)",254,travelling,0.5050048828125,17
q3_radius1,q3g3_s2_00007,q3g3_s2_00007_left_neighbor_removed,left_neighbor_removed,"(0, 2, 0)",859,local-phase-clock-like,0.0,5
q3_radius1,q3g3_s2_00007,q3g3_s2_00007_left_right_symmetrized_rule,left_right_symmetrized_rule,"(1, 2, 1)",172,travelling,0.65380859375,17
q3_radius1,q3g3_s2_00007,q3g3_s2_00007_output_histogram_random,output_distribution_matched_random,"(0, 2, 0)",157,travelling,0.2991943359375,17
q3_radius1,q3g3_s2_00009,q3g3_s2_00009_center_only_projection,center_only_projection,"(0, 2, 0)",306,local-phase-clock-like,0.0,2
q3_radius1,q3g3_s2_00007,q3g3_s2_00094,stratum_null_q3g3_s2_00094,"(1, 1, 1)",318,travelling,0.661865234375,17
q3_radius1,q3g3_s2_00007,q3g3_s2_00167,stratum_null_q3g3_s2_00167,"(0, 2, 2)",149,travelling,0.17626953125,17
q3_radius1,q3g3_s2_00009,q3g3_s2_00009,raw,"(2, 2, 2)",525,domain-wall-like,0.2862548828125,17
q3_radius1,q3g3_s2_00009,q3g3_s2_00009_left_neighbor_removed,left_neighbor_removed,"(2, 2, 2)",551,oscillatory,0.1268310546875,17
q3_radius1,q3g3_s2_00007,q3g3_s2_00130,stratum_null_q3g3_s2_00130,"(0, 1, 2)",211,travelling,0.6900634765625,17
q3_radius1,q3g3_s2_00009,q3g3_s2_00009_symbol_phase_only,symbol_phase_only,"(0, 1, 0)",357,local-phase-clock-like,0.0,2
q3_radius1,q3g3_s2_00009,q3g3_s2_00009_right_neighbor_removed,right_neighbor_removed,"(2, 2, 2)",586,travelling,0.1978759765625,17
q3_radius1,q3g3_s2_00009,q3g3_s2_00009_left_right_symmetrized_rule,left_right_symmetrized_rule,"(0, 1, 1)",413,emitter-like,0.000244140625,6
q3_radius1,q3g3_s2_00014,q3g3_s2_00014_center_only_projection,center_only_projection,"(0, 2, 0)",258,local-phase-clock-like,0.0,2
q3_radius1,q3g3_s2_00009,q3g3_s2_00000,stratum_null_q3g3_s2_00000,"(0, 2, 1)",116,travelling,0.078369140625,17
q3_radius1,q3g3_s2_00009,q3g3_s2_00165,stratum_null_q3g3_s2_00165,"(0, 2, 2)",202,travelling,0.08056640625,6
q3_radius1,q3g3_s2_00009,q3g3_s2_00096,stratum_null_q3g3_s2_00096,"(0, 2, 1)",180,emitter-like,0.7869873046875,17
q3_radius1,q3g3_s2_00014,q3g3_s2_00014_right_neighbor_removed,right_neighbor_removed,"(1, 2, 1)",248,travelling,0.214599609375,17
q3_radius1,q3g3_s2_00014,q3g3_s2_00014,raw,"(2, 2, 2)",274,travelling,0.5570068359375,17
q3_radius1,q3g3_s2_00009,q3g3_s2_00087,stratum_null_q3g3_s2_00087,"(0, 2, 1)",177,travelling,0.6943359375,17
q3_radius1,q3g3_s2_00014,q3g3_s2_00014_left_neighbor_removed,left_neighbor_removed,"(2, 2, 2)",372,emitter-like,0.0,2
q3_radius1,q3g3_s2_00009,q3g3_s2_00009_output_histogram_random,output_distribution_matched_random,"(2, 2, 2)",895,travelling,0.353515625,17
q3_radius1,q3g3_s2_00014,q3g3_s2_00014_symbol_phase_only,symbol_phase_only,"(0, 2, 1)",102,local-phase-clock-like,0.0,1
q3_radius1,q3g3_s2_00014,q3g3_s2_00014_left_right_symmetrized_rule,left_right_symmetrized_rule,"(0, 1, 1)",190,emitter-like,0.1131591796875,17
q3_radius1,q3g3_s2_00014,q3g3_s2_00182,stratum_null_q3g3_s2_00182,"(0, 2, 1)",248,travelling,0.0931396484375,10
q3_radius1,q3g3_s2_00014,q3g3_s2_00097,stratum_null_q3g3_s2_00097,"(0, 2, 1)",242,travelling,0.7373046875,17
q3_radius1,q3g3_s2_00014,q3g3_s2_00223,stratum_null_q3g3_s2_00223,"(2, 2, 2)",496,travelling,0.396240234375,17
q3_radius1,q3g3_s2_00025,q3g3_s2_00025_center_only_projection,center_only_projection,"(0, 1, 0)",346,local-phase-clock-like,0.0,2
q3_radius1,q3g3_s2_00014,q3g3_s2_00014_output_histogram_random,output_distribution_matched_random,"(1, 1, 1)",908,oscillatory,0.2049560546875,17
q3_radius1,q3g3_s2_00025,q3g3_s2_00025_left_right_symmetrized_rule,left_right_symmetrized_rule,"(0, 2, 1)",73,local-phase-clock-like,0.001953125,4
q3_radius1,q3g3_s2_00025,q3g3_s2_00025,raw,"(1, 1, 1)",369,domain-wall-like,0.2581787109375,17
q3_radius1,q3g3_s2_00027,q3g3_s2_00027_center_only_projection,center_only_projection,"(2, 2, 2)",9,local-phase-clock-like,0.0,2
q3_radius1,q3g3_s2_00014,q3g3_s2_00221,stratum_null_q3g3_s2_00221,"(0, 2, 2)",130,travelling,0.6669921875,17
q3_radius1,q3g3_s2_00025,q3g3_s2_00001,stratum_null_q3g3_s2_00001,"(1, 1, 1)",570,travelling,0.295654296875,17
q3_radius1,q3g3_s2_00027,q3g3_s2_00027_symbol_phase_only,symbol_phase_only,"(2, 2, 2)",8,local-phase-clock-like,0.0,2
q3_radius1,q3g3_s2_00025,q3g3_s2_00025_right_neighbor_removed,right_neighbor_removed,"(1, 1, 1)",328,emitter-like,0.0,2
q3_radius1,q3g3_s2_00025,q3g3_s2_00025_left_neighbor_removed,left_neighbor_removed,"(0, 1, 0)",310,travelling,0.0625,2
q3_radius1,q3g3_s2_00025,q3g3_s2_00025_symbol_phase_only,symbol_phase_only,"(0, 2, 0)",153,local-phase-clock-like,0.0,1
q3_radius1,q3g3_s2_00025,q3g3_s2_00178,stratum_null_q3g3_s2_00178,"(0, 1, 2)",141,emitter-like,0.1295166015625,17
q3_radius1,q3g3_s2_00025,q3g3_s2_00214,stratum_null_q3g3_s2_00214,"(0, 2, 1)",477,travelling,0.4012451171875,17
q3_radius1,q3g3_s2_00025,q3g3_s2_00040,stratum_null_q3g3_s2_00040,"(0, 2, 0)",746,travelling,0.24072265625,17
q3_radius1,q3g3_s2_00028,q3g3_s2_00028_left_right_symmetrized_rule,left_right_symmetrized_rule,"(1, 1, 1)",9,local-phase-clock-like,0.0,2
q3_radius1,q3g3_s2_00025,q3g3_s2_00025_output_histogram_random,output_distribution_matched_random,"(0, 1, 0)",259,travelling,0.3773193359375,17
q3_radius1,q3g3_s2_00027,q3g3_s2_00027_right_neighbor_removed,right_neighbor_removed,"(2, 2, 2)",313,travelling,0.1707763671875,16
q3_radius1,q3g3_s2_00027,q3g3_s2_00027_left_neighbor_removed,left_neighbor_removed,"(0, 2, 0)",202,travelling,0.01025390625,4
q3_radius1,q3g3_s2_00028,q3g3_s2_00028_symbol_phase_only,symbol_phase_only,"(0, 1, 2)",6,local-phase-clock-like,0.0,2
q3_radius1,q3g3_s2_00027,q3g3_s2_00027_left_right_symmetrized_rule,left_right_symmetrized_rule,"(0, 2, 0)",216,emitter-like,0.1846923828125,17
q3_radius1,q3g3_s2_00027,q3g3_s2_00027,raw,"(0, 2, 2)",352,travelling,0.4925537109375,17
q3_radius1,q3g3_s2_00027,q3g3_s2_00205,stratum_null_q3g3_s2_00205,"(2, 2, 2)",203,travelling,0.4267578125,17
q3_radius1,q3g3_s2_00027,q3g3_s2_00006,stratum_null_q3g3_s2_00006,"(0, 1, 0)",391,travelling,0.0191650390625,17
q3_radius1,q3g3_s2_00028,q3g3_s2_00028_center_only_projection,center_only_projection,"(0, 1, 0)",345,local-phase-clock-like,0.0,2
q3_radius1,q3g3_s2_00028,q3g3_s2_00028_right_neighbor_removed,right_neighbor_removed,"(0, 2, 0)",360,travelling,0.015625,2
q3_radius1,q3g3_s2_00027,q3g3_s2_00104,stratum_null_q3g3_s2_00104,"(0, 2, 2)",241,travelling,0.626220703125,17
q3_radius1,q3g3_s2_00027,q3g3_s2_00222,stratum_null_q3g3_s2_00222,"(0, 2, 0)",350,travelling,0.246337890625,17
q3_radius1,q3g3_s2_00028,q3g3_s2_00028,raw,"(0, 2, 2)",375,travelling,0.4827880859375,17
q3_radius1,q3g3_s2_00027,q3g3_s2_00027_output_histogram_random,output_distribution_matched_random,"(0, 2, 2)",155,travelling,0.5694580078125,17
q3_radius1,q3g3_s2_00032,q3g3_s2_00032_right_neighbor_removed,right_neighbor_removed,"(2, 1, 2)",356,domain-wall-like,0.25,17
q3_radius1,q3g3_s2_00028,q3g3_s2_00028_left_neighbor_removed,left_neighbor_removed,"(0, 2, 0)",686,emitter-like,0.0760498046875,17
q3_radius1,q3g3_s2_00028,q3g3_s2_00028_output_histogram_random,output_distribution_matched_random,"(0, 1, 2)",125,travelling,0.05078125,6
q3_radius1,q3g3_s2_00028,q3g3_s2_00111,stratum_null_q3g3_s2_00111,"(0, 2, 1)",365,travelling,0.05029296875,3
q3_radius1,q3g3_s2_00028,q3g3_s2_00073,stratum_null_q3g3_s2_00073,"(1, 2, 1)",163,travelling,0.5460205078125,17
q3_radius1,q3g3_s2_00032,q3g3_s2_00032,raw,"(2, 2, 2)",393,travelling,0.4593505859375,17
q3_radius1,q3g3_s2_00032,q3g3_s2_00032_center_only_projection,center_only_projection,"(0, 2, 0)",272,local-phase-clock-like,0.0,2
q3_radius1,q3g3_s2_00028,q3g3_s2_00105,stratum_null_q3g3_s2_00105,"(0, 1, 2)",403,travelling,0.43017578125,17
q3_radius1,q3g3_s2_00028,q3g3_s2_00082,stratum_null_q3g3_s2_00082,"(0, 2, 1)",143,emitter-like,0.6666259765625,17
q3_radius1,q3g3_s2_00032,q3g3_s2_00032_left_neighbor_removed,left_neighbor_removed,"(2, 1, 2)",212,oscillatory,0.1390380859375,17
q3_radius1,q3g3_s2_00032,q3g3_s2_00032_symbol_phase_only,symbol_phase_only,"(0, 1, 0)",136,emitter-like,0.0,1
q3_radius1,q3g3_s2_00032,q3g3_s2_00032_output_histogram_random,output_distribution_matched_random,"(0, 2, 1)",414,travelling,0.091064453125,6
q3_radius1,q3g3_s2_00032,q3g3_s2_00032_left_right_symmetrized_rule,left_right_symmetrized_rule,"(0, 1, 0)",175,emitter-like,0.27392578125,17
q3_radius1,q3g3_s2_00032,q3g3_s2_00220,stratum_null_q3g3_s2_00220,"(2, 1, 2)",176,travelling,0.181640625,17
q3_radius1,q3g3_s2_00032,q3g3_s2_00198,stratum_null_q3g3_s2_00198,"(0, 2, 2)",400,emitter-like,0.6480712890625,17
q3_radius1,q3g3_s2_00032,q3g3_s2_00116,stratum_null_q3g3_s2_00116,"(1, 1, 1)",238,travelling,0.672119140625,17
q3_radius1,q3g3_s2_00042,q3g3_s2_00042_center_only_projection,center_only_projection,"(0, 2, 0)",136,emitter-like,0.0,1
q3_radius1,q3g3_s2_00042,q3g3_s2_00042_left_neighbor_removed,left_neighbor_removed,"(2, 1, 2)",273,emitter-like,0.0,3
q3_radius1,q3g3_s2_00042,q3g3_s2_00042_left_right_symmetrized_rule,left_right_symmetrized_rule,"(0, 1, 0)",405,travelling,0.2822265625,17
q3_radius1,q3g3_s2_00042,q3g3_s2_00042,raw,"(0, 1, 1)",213,travelling,0.084228515625,4
q3_radius1,q3g3_s2_00075,q3g3_s2_00075_center_only_projection,center_only_projection,"(2, 1, 0)",7,local-phase-clock-like,0.0,2
q3_radius1,q3g3_s2_00032,q3g3_s2_00122,stratum_null_q3g3_s2_00122,"(2, 2, 2)",173,travelling,0.6768798828125,17
q3_radius1,q3g3_s2_00075,q3g3_s2_00075_left_neighbor_removed,left_neighbor_removed,"(0, 1, 2)",7,local-phase-clock-like,0.0,2
q3_radius1,q3g3_s2_00042,q3g3_s2_00042_symbol_phase_only,symbol_phase_only,"(2, 2, 2)",257,emitter-like,0.0,2
q3_radius1,q3g3_s2_00042,q3g3_s2_00042_output_histogram_random,output_distribution_matched_random,"(2, 2, 2)",461,travelling,0.9654541015625,17
q3_radius1,q3g3_s2_00042,q3g3_s2_00149,stratum_null_q3g3_s2_00149,"(0, 1, 1)",158,travelling,0.4197998046875,17
q3_radius1,q3g3_s2_00075,q3g3_s2_00075_symbol_phase_only,symbol_phase_only,"(0, 2, 2)",7,local-phase-clock-like,0.0,2
q3_radius1,q3g3_s2_00042,q3g3_s2_00042_right_neighbor_removed,right_neighbor_removed,"(0, 1, 0)",781,travelling,0.111572265625,17
q3_radius1,q3g3_s2_00078,q3g3_s2_00078_center_only_projection,center_only_projection,"(0, 1, 0)",8,local-phase-clock-like,0.0,2
q3_radius1,q3g3_s2_00075,q3g3_s2_00230,stratum_null_q3g3_s2_00230,"(1, 1, 1)",380,unknown,0.469970703125,17
q3_radius1,q3g3_s2_00042,q3g3_s2_00210,stratum_null_q3g3_s2_00210,"(0, 1, 2)",163,travelling,0.6357421875,17
q3_radius1,q3g3_s2_00075,q3g3_s2_00075_left_right_symmetrized_rule,left_right_symmetrized_rule,"(0, 1, 0)",55,travelling,0.0,2
q3_radius1,q3g3_s2_00042,q3g3_s2_00106,stratum_null_q3g3_s2_00106,"(0, 2, 1)",298,travelling,0.269775390625,17
q3_radius1,q3g3_s2_00042,q3g3_s2_00238,stratum_null_q3g3_s2_00238,"(0, 1, 1)",131,emitter-like,0.5023193359375,17
q3_radius1,q3g3_s2_00075,q3g3_s2_00075,raw,"(2, 2, 0)",171,travelling,0.1488037109375,17
q3_radius1,q3g3_s2_00078,q3g3_s2_00078_left_neighbor_removed,left_neighbor_removed,"(0, 2, 2)",338,emitter-like,0.158447265625,16
q3_radius1,q3g3_s2_00075,q3g3_s2_00075_output_histogram_random,output_distribution_matched_random,"(2, 1, 2)",405,travelling,0.218505859375,17
q3_radius1,q3g3_s2_00075,q3g3_s2_00075_right_neighbor_removed,right_neighbor_removed,"(0, 1, 2)",227,emitter-like,0.1070556640625,17
q3_radius1,q3g3_s2_00075,q3g3_s2_00067,stratum_null_q3g3_s2_00067,"(2, 2, 2)",410,travelling,0.4984130859375,17
q3_radius1,q3g3_s2_00078,q3g3_s2_00230,stratum_null_q3g3_s2_00230,"(1, 1, 1)",380,unknown,0.469970703125,17
q3_radius1,q3g3_s2_00078,q3g3_s2_00078_symbol_phase_only,symbol_phase_only,"(0, 2, 0)",326,emitter-like,0.0,2
q3_radius1,q3g3_s2_00075,q3g3_s2_00078,stratum_null_q3g3_s2_00078,"(0, 2, 2)",222,travelling,0.6029052734375,17
q3_radius1,q3g3_s2_00075,q3g3_s2_00177,stratum_null_q3g3_s2_00177,"(2, 2, 2)",301,travelling,0.468505859375,17
q3_radius1,q3g3_s2_00078,q3g3_s2_00078,raw,"(0, 2, 2)",222,travelling,0.6029052734375,17
q3_radius1,q3g3_s2_00078,q3g3_s2_00078_right_neighbor_removed,right_neighbor_removed,"(0, 2, 0)",496,travelling,0.0596923828125,5
q3_radius1,q3g3_s2_00078,q3g3_s2_00078_left_right_symmetrized_rule,left_right_symmetrized_rule,"(0, 2, 0)",301,travelling,0.28076171875,17
q3_radius1,q3g3_s2_00078,q3g3_s2_00075,stratum_null_q3g3_s2_00075,"(2, 2, 0)",171,travelling,0.1488037109375,17
q3_radius1,q3g3_s2_00078,q3g3_s2_00067,stratum_null_q3g3_s2_00067,"(2, 2, 2)",410,travelling,0.4984130859375,17
q3_radius1,q3g3_s2_00078,q3g3_s2_00078_output_histogram_random,output_distribution_matched_random,"(0, 2, 1)",191,travelling,0.671142578125,17
q3_radius1,q3g3_s2_00096,q3g3_s2_00096_left_neighbor_removed,left_neighbor_removed,"(2, 2, 2)",653,domain-wall-like,0.267822265625,17
q3_radius1,q3g3_s2_00096,q3g3_s2_00096_center_only_projection,center_only_projection,"(2, 2, 2)",358,local-phase-clock-like,0.0,2
q3_radius1,q3g3_s2_00078,q3g3_s2_00177,stratum_null_q3g3_s2_00177,"(2, 2, 2)",301,travelling,0.468505859375,17
q3_radius1,q3g3_s2_00096,q3g3_s2_00096,raw,"(0, 2, 1)",180,emitter-like,0.7869873046875,17
q3_radius1,q3g3_s2_00161,q3g3_s2_00161_symbol_phase_only,symbol_phase_only,"(0, 1, 0)",9,local-phase-clock-like,0.0,2
q3_radius1,q3g3_s2_00096,q3g3_s2_00096_symbol_phase_only,symbol_phase_only,"(2, 2, 2)",420,domain-wall-like,1.0,3
q3_radius1,q3g3_s2_00096,q3g3_s2_00096_left_right_symmetrized_rule,left_right_symmetrized_rule,"(0, 1, 1)",212,travelling,0.6175537109375,17
q3_radius1,q3g3_s2_00096,q3g3_s2_00009,stratum_null_q3g3_s2_00009,"(2, 2, 2)",525,domain-wall-like,0.2862548828125,17
q3_radius1,q3g3_s2_00096,q3g3_s2_00096_right_neighbor_removed,right_neighbor_removed,"(0, 1, 0)",598,travelling,0.238037109375,17
q3_radius1,q3g3_s2_00096,q3g3_s2_00096_output_histogram_random,output_distribution_matched_random,"(2, 2, 2)",933,travelling,0.2408447265625,17
q3_radius1,q3g3_s2_00161,q3g3_s2_00161_left_neighbor_removed,left_neighbor_removed,"(2, 1, 1)",146,oscillatory,0.083251953125,17
q3_radius1,q3g3_s2_00096,q3g3_s2_00000,stratum_null_q3g3_s2_00000,"(0, 2, 1)",116,travelling,0.078369140625,17
q3_radius1,q3g3_s2_00096,q3g3_s2_00165,stratum_null_q3g3_s2_00165,"(0, 2, 2)",202,travelling,0.08056640625,6
q3_radius1,q3g3_s2_00161,q3g3_s2_00161,raw,"(0, 1, 1)",251,travelling,0.142578125,6
q3_radius1,q3g3_s2_00161,q3g3_s2_00161_center_only_projection,center_only_projection,"(2, 2, 2)",369,local-phase-clock-like,0.0,2
q3_radius1,q3g3_s2_00096,q3g3_s2_00087,stratum_null_q3g3_s2_00087,"(0, 2, 1)",177,travelling,0.6943359375,17
q3_radius1,q3g3_s2_00161,q3g3_s2_00161_left_right_symmetrized_rule,left_right_symmetrized_rule,"(0, 1, 0)",196,travelling,0.3388671875,17
q3_radius1,q3g3_s2_00161,q3g3_s2_00161_right_neighbor_removed,right_neighbor_removed,"(0, 1, 0)",724,travelling,0.04345703125,2
q3_radius1,q3g3_s2_00165,q3g3_s2_00165_left_neighbor_removed,left_neighbor_removed,"(0, 2, 0)",169,local-phase-clock-like,0.0,2
q3_radius1,q3g3_s2_00161,q3g3_s2_00161_output_histogram_random,output_distribution_matched_random,"(0, 2, 2)",114,emitter-like,0.64306640625,17
q3_radius1,q3g3_s2_00161,q3g3_s2_00203,stratum_null_q3g3_s2_00203,"(0, 1, 0)",743,travelling,0.21630859375,17
q3_radius1,q3g3_s2_00167,q3g3_s2_00167_center_only_projection,center_only_projection,"(0, 2, 0)",8,local-phase-clock-like,0.0,2
q3_radius1,q3g3_s2_00165,q3g3_s2_00165_center_only_projection,center_only_projection,"(0, 2, 0)",324,local-phase-clock-like,0.0,2
q3_radius1,q3g3_s2_00161,q3g3_s2_00132,stratum_null_q3g3_s2_00132,"(0, 1, 2)",141,travelling,0.658203125,17
q3_radius1,q3g3_s2_00161,q3g3_s2_00077,stratum_null_q3g3_s2_00077,"(1, 1, 1)",184,travelling,0.687255859375,17
q3_radius1,q3g3_s2_00165,q3g3_s2_00165,raw,"(0, 2, 2)",202,travelling,0.08056640625,6
q3_radius1,q3g3_s2_00161,q3g3_s2_00004,stratum_null_q3g3_s2_00004,"(1, 1, 2)",141,travelling,0.38427734375,17
q3_radius1,q3g3_s2_00165,q3g3_s2_00165_left_right_symmetrized_rule,left_right_symmetrized_rule,"(0, 2, 0)",196,local-phase-clock-like,0.0,2
q3_radius1,q3g3_s2_00165,q3g3_s2_00165_symbol_phase_only,symbol_phase_only,"(0, 2, 2)",119,emitter-like,0.0,1
q3_radius1,q3g3_s2_00167,q3g3_s2_00167_left_right_symmetrized_rule,left_right_symmetrized_rule,"(1, 2, 1)",7,local-phase-clock-like,0.0,2
q3_radius1,q3g3_s2_00167,q3g3_s2_00167_symbol_phase_only,symbol_phase_only,"(0, 2, 0)",7,local-phase-clock-like,0.0,2
q3_radius1,q3g3_s2_00165,q3g3_s2_00165_right_neighbor_removed,right_neighbor_removed,"(0, 2, 0)",338,travelling,0.065673828125,2
q3_radius1,q3g3_s2_00167,q3g3_s2_00169,stratum_null_q3g3_s2_00169,"(0, 1, 0)",10,local-phase-clock-like,0.0,2
q3_radius1,q3g3_s2_00165,q3g3_s2_00009,stratum_null_q3g3_s2_00009,"(2, 2, 2)",525,domain-wall-like,0.2862548828125,17
q3_radius1,q3g3_s2_00165,q3g3_s2_00096,stratum_null_q3g3_s2_00096,"(0, 2, 1)",180,emitter-like,0.7869873046875,17
q3_radius1,q3g3_s2_00165,q3g3_s2_00000,stratum_null_q3g3_s2_00000,"(0, 2, 1)",116,travelling,0.078369140625,17
q3_radius1,q3g3_s2_00173,q3g3_s2_00173_left_right_symmetrized_rule,left_right_symmetrized_rule,"(0, 1, 1)",10,local-phase-clock-like,0.0,3
q3_radius1,q3g3_s2_00165,q3g3_s2_00165_output_histogram_random,output_distribution_matched_random,"(0, 1, 2)",170,travelling,0.5135498046875,17
q3_radius1,q3g3_s2_00165,q3g3_s2_00087,stratum_null_q3g3_s2_00087,"(0, 2, 1)",177,travelling,0.6943359375,17
q3_radius1,q3g3_s2_00173,q3g3_s2_00173_symbol_phase_only,symbol_phase_only,"(1, 1, 1)",1026,oscillatory,0.0,2
q3_radius1,q3g3_s2_00167,q3g3_s2_00167_right_neighbor_removed,right_neighbor_removed,"(1, 2, 0)",116,travelling,0.02587890625,2
q3_radius1,q3g3_s2_00167,q3g3_s2_00167,raw,"(0, 2, 2)",149,travelling,0.17626953125,17
q3_radius1,q3g3_s2_00167,q3g3_s2_00167_output_histogram_random,output_distribution_matched_random,"(0, 2, 1)",159,travelling,0.150634765625,17
q3_radius1,q3g3_s2_00167,q3g3_s2_00167_left_neighbor_removed,left_neighbor_removed,"(2, 2, 2)",229,emitter-like,0.0908203125,17
q3_radius1,q3g3_s2_00167,q3g3_s2_00094,stratum_null_q3g3_s2_00094,"(1, 1, 1)",318,travelling,0.661865234375,17
q3_radius1,q3g3_s2_00167,q3g3_s2_00130,stratum_null_q3g3_s2_00130,"(0, 1, 2)",211,travelling,0.6900634765625,17
q3_radius1,q3g3_s2_00173,q3g3_s2_00173_center_only_projection,center_only_projection,"(0, 2, 2)",293,local-phase-clock-like,0.0,2
q3_radius1,q3g3_s2_00173,q3g3_s2_00173_right_neighbor_removed,right_neighbor_removed,"(2, 2, 2)",193,emitter-like,0.0,2
q3_radius1,q3g3_s2_00167,q3g3_s2_00007,stratum_null_q3g3_s2_00007,"(1, 2, 0)",127,travelling,0.357666015625,17
q3_radius1,q3g3_s2_00173,q3g3_s2_00173,raw,"(2, 2, 2)",181,travelling,0.14501953125,5
q3_radius1,q3g3_s2_00173,q3g3_s2_00173_left_neighbor_removed,left_neighbor_removed,"(2, 2, 2)",374,travelling,0.07373046875,3
q3_radius1,q3g3_s2_00177,q3g3_s2_00177_symbol_phase_only,symbol_phase_only,"(2, 2, 2)",1025,local-phase-clock-like,0.0,2
q3_radius1,q3g3_s2_00173,q3g3_s2_00173_output_histogram_random,output_distribution_matched_random,"(1, 1, 1)",912,domain-wall-like,0.6827392578125,17
q3_radius1,q3g3_s2_00173,q3g3_s2_00015,stratum_null_q3g3_s2_00015,"(0, 2, 1)",143,travelling,0.3258056640625,17
q3_radius1,q3g3_s2_00173,q3g3_s2_00056,stratum_null_q3g3_s2_00056,"(2, 2, 0)",256,travelling,0.08056640625,6
q3_radius1,q3g3_s2_00177,q3g3_s2_00177_left_neighbor_removed,left_neighbor_removed,"(0, 1, 1)",198,travelling,0.04833984375,3
q3_radius1,q3g3_s2_00173,q3g3_s2_00181,stratum_null_q3g3_s2_00181,"(0, 1, 1)",383,travelling,0.431884765625,17
q3_radius1,q3g3_s2_00177,q3g3_s2_00230,stratum_null_q3g3_s2_00230,"(1, 1, 1)",380,unknown,0.469970703125,17
q3_radius1,q3g3_s2_00173,q3g3_s2_00218,stratum_null_q3g3_s2_00218,"(0, 2, 0)",430,emitter-like,0.2021484375,17
q3_radius1,q3g3_s2_00177,q3g3_s2_00177_center_only_projection,center_only_projection,"(2, 2, 2)",352,local-phase-clock-like,0.0,2
q3_radius1,q3g3_s2_00186,q3g3_s2_00186_right_neighbor_removed,right_neighbor_removed,"(0, 1, 0)",6,local-phase-clock-like,0.0,3
q3_radius1,q3g3_s2_00177,q3g3_s2_00177,raw,"(2, 2, 2)",301,travelling,0.468505859375,17
q3_radius1,q3g3_s2_00186,q3g3_s2_00186_left_right_symmetrized_rule,left_right_symmetrized_rule,"(0, 2, 2)",5,local-phase-clock-like,0.0,2
q3_radius1,q3g3_s2_00186,q3g3_s2_00186_symbol_phase_only,symbol_phase_only,"(2, 2, 2)",1027,local-phase-clock-like,0.0,2
q3_radius1,q3g3_s2_00177,q3g3_s2_00177_right_neighbor_removed,right_neighbor_removed,"(0, 1, 0)",803,travelling,0.133056640625,17
q3_radius1,q3g3_s2_00177,q3g3_s2_00177_output_histogram_random,output_distribution_matched_random,"(1, 1, 1)",1017,travelling,0.3936767578125,17
q3_radius1,q3g3_s2_00177,q3g3_s2_00067,stratum_null_q3g3_s2_00067,"(2, 2, 2)",410,travelling,0.4984130859375,17
q3_radius1,q3g3_s2_00177,q3g3_s2_00177_left_right_symmetrized_rule,left_right_symmetrized_rule,"(0, 1, 1)",343,travelling,0.3143310546875,17
q3_radius1,q3g3_s2_00186,q3g3_s2_00186_center_only_projection,center_only_projection,"(0, 2, 0)",325,local-phase-clock-like,0.0,2
q3_radius1,q3g3_s2_00177,q3g3_s2_00075,stratum_null_q3g3_s2_00075,"(2, 2, 0)",171,travelling,0.1488037109375,17
q3_radius1,q3g3_s2_00177,q3g3_s2_00078,stratum_null_q3g3_s2_00078,"(0, 2, 2)",222,travelling,0.6029052734375,17
q3_radius1,q3g3_s2_00198,q3g3_s2_00198_left_neighbor_removed,left_neighbor_removed,"(1, 1, 1)",836,domain-wall-like,0.2523193359375,17
q3_radius1,q3g3_s2_00186,q3g3_s2_00186,raw,"(0, 2, 2)",178,travelling,0.1654052734375,17
q3_radius1,q3g3_s2_00186,q3g3_s2_00186_left_neighbor_removed,left_neighbor_removed,"(0, 1, 0)",522,emitter-like,0.044921875,17
q3_radius1,q3g3_s2_00198,q3g3_s2_00198_symbol_phase_only,symbol_phase_only,"(2, 2, 2)",1024,local-phase-clock-like,0.0,2
q3_radius1,q3g3_s2_00198,q3g3_s2_00198_center_only_projection,center_only_projection,"(0, 1, 0)",291,local-phase-clock-like,0.0,2
q3_radius1,q3g3_s2_00186,q3g3_s2_00186_output_histogram_random,output_distribution_matched_random,"(2, 2, 2)",807,travelling,0.459228515625,17
q3_radius1,q3g3_s2_00220,q3g3_s2_00220_right_neighbor_removed,right_neighbor_removed,"(0, 1, 2)",6,local-phase-clock-like,0.0,2
q3_radius1,q3g3_s2_00186,q3g3_s2_00209,stratum_null_q3g3_s2_00209,"(0, 1, 1)",334,travelling,0.280029296875,17
q3_radius1,q3g3_s2_00198,q3g3_s2_00198_right_neighbor_removed,right_neighbor_removed,"(0, 2, 2)",307,travelling,0.24853515625,17
q3_radius1,q3g3_s2_00186,q3g3_s2_00059,stratum_null_q3g3_s2_00059,"(0, 2, 0)",163,travelling,0.3165283203125,17
q3_radius1,q3g3_s2_00186,q3g3_s2_00172,stratum_null_q3g3_s2_00172,"(0, 1, 1)",295,travelling,0.3157958984375,17
q3_radius1,q3g3_s2_00198,q3g3_s2_00198,raw,"(0, 2, 2)",400,emitter-like,0.6480712890625,17
q3_radius1,q3g3_s2_00186,q3g3_s2_00171,stratum_null_q3g3_s2_00171,"(0, 2, 0)",783,travelling,0.1473388671875,17
q3_radius1,q3g3_s2_00220,q3g3_s2_00220_symbol_phase_only,symbol_phase_only,"(2, 2, 2)",1030,local-phase-clock-like,0.0,2
q3_radius1,q3g3_s2_00198,q3g3_s2_00032,stratum_null_q3g3_s2_00032,"(2, 2, 2)",393,travelling,0.4593505859375,17
q3_radius1,q3g3_s2_00198,q3g3_s2_00220,stratum_null_q3g3_s2_00220,"(2, 1, 2)",176,travelling,0.181640625,17
q3_radius1,q3g3_s2_00198,q3g3_s2_00198_left_right_symmetrized_rule,left_right_symmetrized_rule,"(1, 1, 1)",334,travelling,0.5809326171875,17
q3_radius1,q3g3_s2_00198,q3g3_s2_00198_output_histogram_random,output_distribution_matched_random,"(2, 2, 1)",144,travelling,0.68359375,17
q3_radius1,q3g3_s3_00030,q3g3_s3_00030_center_only_projection,center_only_projection,"(0, 2, 0)",7,local-phase-clock-like,0.0,2
q3_radius1,q3g3_s2_00220,q3g3_s2_00220_left_neighbor_removed,left_neighbor_removed,"(1, 1, 1)",450,travelling,0.3035888671875,17
q3_radius1,q3g3_s2_00220,q3g3_s2_00220_center_only_projection,center_only_projection,"(1, 1, 1)",276,local-phase-clock-like,0.0,2
q3_radius1,q3g3_s3_00030,q3g3_s3_00030_right_neighbor_removed,right_neighbor_removed,"(0, 2, 0)",7,local-phase-clock-like,0.0,2
q3_radius1,q3g3_s2_00198,q3g3_s2_00116,stratum_null_q3g3_s2_00116,"(1, 1, 1)",238,travelling,0.672119140625,17
q3_radius1,q3g3_s2_00220,q3g3_s2_00220,raw,"(2, 1, 2)",176,travelling,0.181640625,17
q3_radius1,q3g3_s2_00198,q3g3_s2_00122,stratum_null_q3g3_s2_00122,"(2, 2, 2)",173,travelling,0.6768798828125,17
q3_radius1,q3g3_s3_00030,q3g3_s3_00030_symbol_phase_only,symbol_phase_only,"(0, 2, 2)",6,local-phase-clock-like,0.0,2
q3_radius1,q3g3_s3_00030,q3g3_s3_00030_left_right_symmetrized_rule,left_right_symmetrized_rule,"(0, 1, 0)",7,local-phase-clock-like,0.0,2
q3_radius1,q3g3_s2_00220,q3g3_s2_00220_left_right_symmetrized_rule,left_right_symmetrized_rule,"(0, 2, 0)",290,local-phase-clock-like,0.0,2
q3_radius1,q3g3_s3_00036,q3g3_s3_00036_center_only_projection,center_only_projection,"(1, 2, 1)",7,local-phase-clock-like,0.0,2
q3_radius1,q3g3_s2_00220,q3g3_s2_00032,stratum_null_q3g3_s2_00032,"(2, 2, 2)",393,travelling,0.4593505859375,17
q3_radius1,q3g3_s2_00220,q3g3_s2_00220_output_histogram_random,output_distribution_matched_random,"(2, 2, 2)",1027,travelling,0.3507080078125,17
q3_radius1,q3g3_s2_00220,q3g3_s2_00122,stratum_null_q3g3_s2_00122,"(2, 2, 2)",173,travelling,0.6768798828125,17
q3_radius1,q3g3_s2_00220,q3g3_s2_00198,stratum_null_q3g3_s2_00198,"(0, 2, 2)",400,emitter-like,0.6480712890625,17
q3_radius1,q3g3_s2_00220,q3g3_s2_00116,stratum_null_q3g3_s2_00116,"(1, 1, 1)",238,travelling,0.672119140625,17
q3_radius1,q3g3_s3_00030,q3g3_s3_00030,raw,"(0, 1, 1)",256,emitter-like,0.301513671875,17
q3_radius1,q3g3_s3_00036,q3g3_s3_00036_right_neighbor_removed,right_neighbor_removed,"(2, 2, 2)",251,emitter-like,0.077880859375,16
q3_radius1,q3g3_s3_00030,q3g3_s3_00030_output_histogram_random,output_distribution_matched_random,"(0, 1, 0)",344,emitter-like,0.0,2
q3_radius1,q3g3_s3_00030,q3g3_s3_00030_left_neighbor_removed,left_neighbor_removed,"(0, 1, 0)",586,travelling,0.2706298828125,17
q3_radius1,q3g3_s3_00043,q3g3_s3_00043_center_only_projection,center_only_projection,"(1, 1, 2)",6,local-phase-clock-like,0.0,2
q3_radius1,q3g3_s3_00030,q3g3_s3_00126,stratum_null_q3g3_s3_00126,"(0, 1, 2)",215,travelling,0.083984375,17
q3_radius1,q3g3_s3_00030,q3g3_s3_00167,stratum_null_q3g3_s3_00167,"(0, 1, 0)",197,travelling,0.0440673828125,5
q3_radius1,q3g3_s3_00030,q3g3_s3_00147,stratum_null_q3g3_s3_00147,"(0, 1, 0)",388,travelling,0.05078125,3
q3_radius1,q3g3_s3_00030,q3g3_s3_00210,stratum_null_q3g3_s3_00210,"(0, 1, 0)",151,emitter-like,0.4852294921875,17
q3_radius1,q3g3_s3_00036,q3g3_s3_00036_left_right_symmetrized_rule,left_right_symmetrized_rule,"(0, 1, 0)",541,emitter-like,0.2369384765625,17
q3_radius1,q3g3_s3_00036,q3g3_s3_00036_symbol_phase_only,symbol_phase_only,"(1, 1, 1)",273,emitter-like,0.0,2
q3_radius1,q3g3_s3_00036,q3g3_s3_00036_left_neighbor_removed,left_neighbor_removed,"(0, 1, 0)",342,travelling,0.047607421875,3
q3_radius1,q3g3_s3_00036,q3g3_s3_00036,raw,"(2, 2, 2)",280,emitter-like,0.441162109375,17
q3_radius1,q3g3_s3_00056,q3g3_s3_00056_center_only_projection,center_only_projection,"(0, 1, 2)",5,local-phase-clock-like,0.0,2
q3_radius1,q3g3_s3_00036,q3g3_s3_00105,stratum_null_q3g3_s3_00105,"(2, 2, 2)",156,travelling,0.5501708984375,17
q3_radius1,q3g3_s3_00036,q3g3_s3_00184,stratum_null_q3g3_s3_00184,"(0, 1, 1)",293,travelling,0.052001953125,2
q3_radius1,q3g3_s3_00036,q3g3_s3_00036_output_histogram_random,output_distribution_matched_random,"(0, 1, 1)",195,emitter-like,0.235107421875,17
q3_radius1,q3g3_s3_00036,q3g3_s3_00113,stratum_null_q3g3_s3_00113,"(1, 2, 0)",197,travelling,0.5430908203125,17
q3_radius1,q3g3_s3_00043,q3g3_s3_00043,raw,"(2, 2, 2)",254,emitter-like,0.5224609375,17
q3_radius1,q3g3_s3_00036,q3g3_s3_00182,stratum_null_q3g3_s3_00182,"(0, 2, 0)",187,travelling,0.570556640625,17
q3_radius1,q3g3_s3_00043,q3g3_s3_00043_left_neighbor_removed,left_neighbor_removed,"(0, 2, 0)",338,travelling,0.0283203125,2
q3_radius1,q3g3_s3_00043,q3g3_s3_00043_right_neighbor_removed,right_neighbor_removed,"(0, 2, 0)",359,travelling,0.040771484375,2
q3_radius1,q3g3_s3_00043,q3g3_s3_00043_symbol_phase_only,symbol_phase_only,"(2, 2, 2)",257,emitter-like,0.0,2
q3_radius1,q3g3_s3_00043,q3g3_s3_00043_left_right_symmetrized_rule,left_right_symmetrized_rule,"(2, 2, 2)",206,emitter-like,0.4508056640625,17
q3_radius1,q3g3_s3_00056,q3g3_s3_00056_right_neighbor_removed,right_neighbor_removed,"(2, 2, 2)",356,emitter-like,0.079345703125,14
q3_radius1,q3g3_s3_00043,q3g3_s3_00030,stratum_null_q3g3_s3_00030,"(0, 1, 1)",256,emitter-like,0.301513671875,17
q3_radius1,q3g3_s3_00043,q3g3_s3_00167,stratum_null_q3g3_s3_00167,"(0, 1, 0)",197,travelling,0.0440673828125,5
q3_radius1,q3g3_s3_00043,q3g3_s3_00126,stratum_null_q3g3_s3_00126,"(0, 1, 2)",215,travelling,0.083984375,17
q3_radius1,q3g3_s3_00060,q3g3_s3_00060_center_only_projection,center_only_projection,"(0, 1, 1)",8,local-phase-clock-like,0.0,2
q3_radius1,q3g3_s3_00043,q3g3_s3_00043_output_histogram_random,output_distribution_matched_random,"(0, 1, 0)",293,emitter-like,0.2957763671875,17
q3_radius1,q3g3_s3_00043,q3g3_s3_00210,stratum_null_q3g3_s3_00210,"(0, 1, 0)",151,emitter-like,0.4852294921875,17
q3_radius1,q3g3_s3_00056,q3g3_s3_00056_left_neighbor_removed,left_neighbor_removed,"(0, 2, 0)",663,travelling,0.038330078125,2
q3_radius1,q3g3_s3_00056,q3g3_s3_00056,raw,"(0, 2, 2)",513,travelling,0.623779296875,17
q3_radius1,q3g3_s3_00056,q3g3_s3_00045,stratum_null_q3g3_s3_00045,"(2, 2, 2)",425,emitter-like,0.16552734375,17
q3_radius1,q3g3_s3_00056,q3g3_s3_00056_symbol_phase_only,symbol_phase_only,"(2, 2, 2)",449,emitter-like,0.0,2
q3_radius1,q3g3_s3_00073,q3g3_s3_00073_center_only_projection,center_only_projection,"(0, 2, 1)",7,local-phase-clock-like,0.0,2
q3_radius1,q3g3_s3_00056,q3g3_s3_00056_output_histogram_random,output_distribution_matched_random,"(0, 2, 2)",234,travelling,0.27099609375,17
q3_radius1,q3g3_s3_00056,q3g3_s3_00056_left_right_symmetrized_rule,left_right_symmetrized_rule,"(0, 2, 0)",319,travelling,0.433349609375,17
q3_radius1,q3g3_s3_00056,q3g3_s3_00158,stratum_null_q3g3_s3_00158,"(0, 1, 0)",197,travelling,0.2918701171875,17
q3_radius1,q3g3_s3_00060,q3g3_s3_00060,raw,"(1, 1, 1)",259,travelling,0.718017578125,17
q3_radius1,q3g3_s3_00073,q3g3_s3_00073_left_right_symmetrized_rule,left_right_symmetrized_rule,"(2, 2, 2)",8,local-phase-clock-like,0.0,2
q3_radius1,q3g3_s3_00073,q3g3_s3_00073_symbol_phase_only,symbol_phase_only,"(0, 1, 0)",7,local-phase-clock-like,0.0,2
q3_radius1,q3g3_s3_00056,q3g3_s3_00044,stratum_null_q3g3_s3_00044,"(0, 1, 0)",662,emitter-like,0.208740234375,17
q3_radius1,q3g3_s3_00060,q3g3_s3_00060_symbol_phase_only,symbol_phase_only,"(1, 1, 1)",322,emitter-like,0.0,2
q3_radius1,q3g3_s3_00060,q3g3_s3_00060_output_histogram_random,output_distribution_matched_random,"(1, 1, 1)",525,travelling,0.739990234375,17
q3_radius1,q3g3_s3_00060,q3g3_s3_00060_left_neighbor_removed,left_neighbor_removed,"(1, 1, 0)",155,travelling,0.381591796875,17
q3_radius1,q3g3_s3_00056,q3g3_s3_00033,stratum_null_q3g3_s3_00033,"(0, 2, 0)",428,travelling,0.6014404296875,17
q3_radius1,q3g3_s3_00060,q3g3_s3_00060_right_neighbor_removed,right_neighbor_removed,"(0, 1, 0)",676,travelling,0.064697265625,3
q3_radius1,q3g3_s3_00060,q3g3_s3_00120,stratum_null_q3g3_s3_00120,"(0, 2, 0)",151,travelling,0.2088623046875,17
q3_radius1,q3g3_s3_00060,q3g3_s3_00060_left_right_symmetrized_rule,left_right_symmetrized_rule,"(1, 1, 1)",255,travelling,0.3963623046875,17
q3_radius1,q3g3_s3_00060,q3g3_s3_00097,stratum_null_q3g3_s3_00097,"(0, 2, 0)",460,travelling,0.353271484375,17
q3_radius1,q3g3_s3_00060,q3r1_s3_0020,stratum_null_q3r1_s3_0020,"(0, 2, 0)",155,travelling,0.1768798828125,17
q3_radius1,q3g3_s3_00075,q3g3_s3_00075_center_only_projection,center_only_projection,"(0, 1, 0)",6,local-phase-clock-like,0.0,2
q3_radius1,q3g3_s3_00075,q3g3_s3_00075_left_neighbor_removed,left_neighbor_removed,"(0, 1, 2)",7,local-phase-clock-like,0.0,2
q3_radius1,q3g3_s3_00073,q3g3_s3_00073,raw,"(0, 1, 1)",197,travelling,0.070068359375,4
q3_radius1,q3g3_s3_00075,q3g3_s3_00075_left_right_symmetrized_rule,left_right_symmetrized_rule,"(0, 1, 0)",8,local-phase-clock-like,0.0,2
q3_radius1,q3g3_s3_00075,q3g3_s3_00075_symbol_phase_only,symbol_phase_only,"(2, 2, 0)",7,local-phase-clock-like,0.0,2
q3_radius1,q3g3_s3_00073,q3g3_s3_00073_left_neighbor_removed,left_neighbor_removed,"(0, 2, 0)",742,local-phase-clock-like,0.0,2
q3_radius1,q3g3_s3_00060,q3g3_s3_00110,stratum_null_q3g3_s3_00110,"(0, 1, 0)",639,travelling,0.2371826171875,17
q3_radius1,q3g3_s3_00084,q3g3_s3_00084_center_only_projection,center_only_projection,"(0, 2, 1)",6,local-phase-clock-like,0.0,2
q3_radius1,q3g3_s3_00075,q3g3_s3_00026,stratum_null_q3g3_s3_00026,"(0, 1, 0)",8,local-phase-clock-like,0.0,3
q3_radius1,q3g3_s3_00084,q3g3_s3_00084_left_neighbor_removed,left_neighbor_removed,"(0, 1, 2)",6,local-phase-clock-like,0.0,2
q3_radius1,q3g3_s3_00084,q3g3_s3_00084_left_right_symmetrized_rule,left_right_symmetrized_rule,"(0, 1, 0)",7,local-phase-clock-like,0.0,2
q3_radius1,q3g3_s3_00073,q3g3_s3_00073_right_neighbor_removed,right_neighbor_removed,"(0, 2, 2)",181,travelling,0.06103515625,3
q3_radius1,q3g3_s3_00075,q3g3_s3_00075_right_neighbor_removed,right_neighbor_removed,"(0, 1, 0)",419,travelling,0.151123046875,17
q3_radius1,q3g3_s3_00084,q3g3_s3_00084_symbol_phase_only,symbol_phase_only,"(0, 2, 2)",5,local-phase-clock-like,0.0,2
q3_radius1,q3g3_s3_00084,q3g3_s3_00084_output_histogram_random,output_distribution_matched_random,"(1, 1, 1)",8,local-phase-clock-like,0.0,2
q3_radius1,q3g3_s3_00073,q3g3_s3_00073_output_histogram_random,output_distribution_matched_random,"(0, 2, 2)",276,travelling,0.256103515625,17
q3_radius1,q3g3_s3_00075,q3g3_s3_00075_output_histogram_random,output_distribution_matched_random,"(0, 1, 0)",516,local-phase-clock-like,0.0,2
q3_radius1,q3g3_s3_00073,q3g3_s3_00235,stratum_null_q3g3_s3_00235,"(0, 2, 2)",255,travelling,0.239501953125,17
q3_radius1,q3g3_s3_00073,q3g3_s3_00123,stratum_null_q3g3_s3_00123,"(0, 2, 2)",167,travelling,0.5430908203125,17
q3_radius1,q3g3_s3_00073,q3g3_s3_00111,stratum_null_q3g3_s3_00111,"(0, 1, 0)",214,travelling,0.368896484375,17
q3_radius1,q3g3_s3_00075,q3g3_s3_00008,stratum_null_q3g3_s3_00008,"(1, 1, 1)",268,travelling,0.091064453125,17
q3_radius1,q3g3_s3_00075,q3g3_s3_00075,raw,"(0, 1, 0)",408,travelling,0.1968994140625,17
q3_radius1,q3g3_s3_00073,q3g3_s3_00205,stratum_null_q3g3_s3_00205,"(0, 2, 0)",809,travelling,0.181884765625,17
q3_radius1,q3g3_s3_00075,q3g3_s3_00098,stratum_null_q3g3_s3_00098,"(1, 2, 2)",173,travelling,0.498291015625,17
q3_radius1,q3g3_s3_00085,q3g3_s3_00085_left_right_symmetrized_rule,left_right_symmetrized_rule,"(0, 2, 2)",6,local-phase-clock-like,0.0,2
q3_radius1,q3g3_s3_00084,q3g3_s3_00084,raw,"(0, 1, 0)",267,travelling,0.06884765625,4
q3_radius1,q3g3_s3_00084,q3g3_s3_00084_right_neighbor_removed,right_neighbor_removed,"(0, 1, 0)",338,travelling,0.04638671875,3
q3_radius1,q3g3_s3_00075,q3g3_s3_00118,stratum_null_q3g3_s3_00118,"(0, 2, 1)",275,travelling,0.241455078125,17
q3_radius1,q3g3_s3_00084,q3g3_s3_00006,stratum_null_q3g3_s3_00006,"(0, 1, 0)",342,local-phase-clock-like,0.0,2
q3_radius1,q3g3_s3_00090,q3g3_s3_00090_center_only_projection,center_only_projection,"(0, 2, 0)",8,local-phase-clock-like,0.0,2
q3_radius1,q3g3_s3_00084,q3g3_s3_00133,stratum_null_q3g3_s3_00133,"(0, 1, 2)",303,travelling,0.360107421875,17
q3_radius1,q3g3_s3_00085,q3g3_s3_00085_center_only_projection,center_only_projection,"(0, 2, 0)",305,local-phase-clock-like,0.0,2
q3_radius1,q3g3_s3_00085,q3g3_s3_00085_left_neighbor_removed,left_neighbor_removed,"(0, 2, 0)",232,emitter-like,0.119384765625,17
q3_radius1,q3g3_s3_00085,q3g3_s3_00085_right_neighbor_removed,right_neighbor_removed,"(0, 1, 0)",402,local-phase-clock-like,0.0,2
q3_radius1,q3g3_s3_00085,q3g3_s3_00085,raw,"(1, 1, 1)",252,travelling,0.0703125,4
q3_radius1,q3g3_s3_00084,q3g3_s3_00179,stratum_null_q3g3_s3_00179,"(0, 2, 0)",556,travelling,0.3094482421875,17
q3_radius1,q3g3_s3_00090,q3g3_s3_00090_symbol_phase_only,symbol_phase_only,"(0, 2, 2)",8,local-phase-clock-like,0.0,2
q3_radius1,q3g3_s3_00084,q3g3_s3_00114,stratum_null_q3g3_s3_00114,"(0, 2, 0)",373,travelling,0.3541259765625,17
q3_radius1,q3g3_s3_00085,q3g3_s3_00085_symbol_phase_only,symbol_phase_only,"(1, 1, 1)",321,emitter-like,0.0,2
q3_radius1,q3g3_s3_00090,q3g3_s3_00090_right_neighbor_removed,right_neighbor_removed,"(1, 1, 1)",464,travelling,0.170166015625,16
q3_radius1,q3g3_s3_00090,q3g3_s3_00090_output_histogram_random,output_distribution_matched_random,"(2, 2, 0)",38,local-phase-clock-like,0.002685546875,2
q3_radius1,q3g3_s3_00085,q3g3_s3_00005,stratum_null_q3g3_s3_00005,"(0, 2, 2)",230,travelling,0.0576171875,2
q3_radius1,q3g3_s3_00096,q3g3_s3_00096_center_only_projection,center_only_projection,"(2, 1, 1)",7,local-phase-clock-like,0.0,2
q3_radius1,q3g3_s3_00085,q3g3_s3_00085_output_histogram_random,output_distribution_matched_random,"(1, 1, 1)",388,travelling,0.8348388671875,17
q3_radius1,q3g3_s3_00085,q3g3_s3_00012,stratum_null_q3g3_s3_00012,"(0, 1, 0)",212,emitter-like,0.5780029296875,17
q3_radius1,q3g3_s3_00096,q3g3_s3_00096_symbol_phase_only,symbol_phase_only,"(0, 1, 1)",9,local-phase-clock-like,0.0,2
q3_radius1,q3g3_s3_00090,q3g3_s3_00090_left_right_symmetrized_rule,left_right_symmetrized_rule,"(0, 1, 0)",1012,travelling,0.1546630859375,16
q3_radius1,q3g3_s3_00085,q3g3_s3_00190,stratum_null_q3g3_s3_00190,"(0, 2, 0)",187,travelling,0.42919921875,17
q3_radius1,q3g3_s3_00090,q3g3_s3_00090_left_neighbor_removed,left_neighbor_removed,"(0, 2, 0)",291,travelling,0.0361328125,2
q3_radius1,q3g3_s3_00090,q3g3_s3_00090,raw,"(0, 1, 0)",553,travelling,0.3026123046875,17
q3_radius1,q3g3_s3_00085,q3g3_s3_00204,stratum_null_q3g3_s3_00204,"(0, 2, 0)",244,travelling,0.5440673828125,17
q3_radius1,q3g3_s3_00096,q3g3_s3_00096_right_neighbor_removed,right_neighbor_removed,"(0, 2, 1)",166,local-phase-clock-like,0.0,2
q3_radius1,q3g3_s3_00096,q3g3_s3_00096_left_neighbor_removed,left_neighbor_removed,"(0, 2, 1)",277,travelling,0.0234375,2
q3_radius1,q3g3_s3_00096,q3g3_s3_00096_left_right_symmetrized_rule,left_right_symmetrized_rule,"(0, 2, 2)",54,travelling,0.0,3
q3_radius1,q3g3_s3_00090,q3g3_s3_00244,stratum_null_q3g3_s3_00244,"(0, 1, 0)",287,emitter-like,0.2960205078125,17
q3_radius1,q3g3_s3_00090,q3g3_s3_00166,stratum_null_q3g3_s3_00166,"(0, 2, 0)",983,travelling,0.151611328125,15
q3_radius1,q3g3_s3_00090,q3g3_s3_00042,stratum_null_q3g3_s3_00042,"(0, 1, 2)",316,travelling,0.3709716796875,17
q3_radius1,q3g3_s3_00090,q3g3_s3_00102,stratum_null_q3g3_s3_00102,"(0, 1, 0)",213,travelling,0.040771484375,2
q3_radius1,q3g3_s3_00096,q3g3_s3_00014,stratum_null_q3g3_s3_00014,"(0, 2, 2)",297,emitter-like,0.164306640625,17
q3_radius1,q3g3_s3_00096,q3g3_s3_00096,raw,"(0, 2, 0)",197,travelling,0.3089599609375,17
q3_radius1,q3g3_s3_00096,q3g3_s3_00096_output_histogram_random,output_distribution_matched_random,"(0, 2, 0)",290,emitter-like,0.0,6
q3_radius1,q3g3_s3_00096,q3g3_s3_00082,stratum_null_q3g3_s3_00082,"(1, 1, 1)",300,travelling,0.063720703125,3
q3_radius1,q3g3_s3_00193,q3g3_s3_00193_center_only_projection,center_only_projection,"(0, 1, 2)",8,local-phase-clock-like,0.0,2
q3_radius1,q3g3_s3_00181,q3g3_s3_00181_center_only_projection,center_only_projection,"(0, 1, 0)",242,local-phase-clock-like,0.0,2
q3_radius1,q3g3_s3_00096,q3g3_s3_00249,stratum_null_q3g3_s3_00249,"(0, 2, 2)",186,travelling,0.4912109375,17
q3_radius1,q3g3_s3_00181,q3g3_s3_00181_left_right_symmetrized_rule,left_right_symmetrized_rule,"(1, 1, 1)",898,travelling,0.461181640625,17
q3_radius1,q3g3_s3_00181,q3g3_s3_00181,raw,"(1, 1, 1)",532,travelling,0.297119140625,17
q3_radius1,q3g3_s3_00181,q3g3_s3_00181_left_neighbor_removed,left_neighbor_removed,"(1, 1, 1)",829,travelling,0.385009765625,17
q3_radius1,q3g3_s3_00181,q3g3_s3_00181_right_neighbor_removed,right_neighbor_removed,"(0, 2, 0)",275,emitter-like,0.0,2
q3_radius1,q3g3_s3_00193,q3g3_s3_00193_symbol_phase_only,symbol_phase_only,"(0, 2, 0)",8,local-phase-clock-like,0.0,2
q3_radius1,q3g3_s3_00096,q3g3_s3_00152,stratum_null_q3g3_s3_00152,"(0, 1, 2)",154,travelling,0.5859375,17
q3_radius1,q3g3_s3_00181,q3g3_s3_00181_symbol_phase_only,symbol_phase_only,"(0, 1, 0)",259,local-phase-clock-like,0.0,2
q3_radius1,q3g3_s3_00193,q3g3_s3_00193_right_neighbor_removed,right_neighbor_removed,"(2, 2, 2)",332,travelling,0.1513671875,16
q3_radius1,q3g3_s3_00181,q3g3_s3_00000,stratum_null_q3g3_s3_00000,"(1, 1, 1)",421,travelling,0.40283203125,17
q3_radius1,q3g3_s3_00193,q3g3_s3_00193_output_histogram_random,output_distribution_matched_random,"(0, 1, 2)",66,local-phase-clock-like,0.0,2
q3_radius1,q3g3_s3_00213,q3g3_s3_00213_center_only_projection,center_only_projection,"(0, 1, 2)",6,local-phase-clock-like,0.0,2
q3_radius1,q3g3_s3_00181,q3g3_s3_00181_output_histogram_random,output_distribution_matched_random,"(0, 1, 2)",187,travelling,0.1751708984375,17
q3_radius1,q3g3_s3_00181,q3g3_s3_00013,stratum_null_q3g3_s3_00013,"(0, 1, 1)",150,travelling,0.2255859375,17
q3_radius1,q3g3_s3_00193,q3g3_s3_00193_left_neighbor_removed,left_neighbor_removed,"(0, 1, 0)",259,travelling,0.01953125,2
q3_radius1,q3g3_s3_00213,q3g3_s3_00213_left_right_symmetrized_rule,left_right_symmetrized_rule,"(0, 2, 0)",7,local-phase-clock-like,0.0,2
q3_radius1,q3g3_s3_00181,q3g3_s3_00112,stratum_null_q3g3_s3_00112,"(0, 1, 0)",439,travelling,0.3382568359375,17
q3_radius1,q3g3_s3_00181,q3g3_s3_00015,stratum_null_q3g3_s3_00015,"(2, 2, 2)",235,emitter-like,0.286376953125,17
q3_radius1,q3g3_s3_00193,q3g3_s3_00193,raw,"(0, 2, 0)",448,travelling,0.263916015625,17
q3_radius1,q3g3_s3_00214,q3g3_s3_00214_center_only_projection,center_only_projection,"(0, 2, 1)",7,local-phase-clock-like,0.0,2
q3_radius1,q3g3_s3_00193,q3g3_s3_00088,stratum_null_q3g3_s3_00088,"(0, 2, 0)",420,travelling,0.305419921875,17
q3_radius1,q3g3_s3_00214,q3g3_s3_00214_right_neighbor_removed,right_neighbor_removed,"(2, 2, 2)",8,local-phase-clock-like,0.0,2
q3_radius1,q3g3_s3_00193,q3g3_s3_00161,stratum_null_q3g3_s3_00161,"(0, 1, 0)",415,travelling,0.0849609375,7
q3_radius1,q3g3_s3_00193,q3g3_s3_00139,stratum_null_q3g3_s3_00139,"(2, 2, 2)",293,emitter-like,0.1934814453125,17
q3_radius1,q3g3_s3_00193,q3g3_s3_00188,stratum_null_q3g3_s3_00188,"(0, 1, 0)",784,travelling,0.1185302734375,17
q3_radius1,q3g3_s3_00214,q3g3_s3_00214_symbol_phase_only,symbol_phase_only,"(0, 1, 0)",7,local-phase-clock-like,0.0,2
q3_radius1,q3g3_s3_00193,q3g3_s3_00193_left_right_symmetrized_rule,left_right_symmetrized_rule,"(0, 2, 0)",838,travelling,0.13427734375,17
q3_radius1,q3g3_s3_00213,q3g3_s3_00213_right_neighbor_removed,right_neighbor_removed,"(0, 2, 0)",244,travelling,0.02001953125,2
q3_radius1,q3g3_s3_00213,q3g3_s3_00213_left_neighbor_removed,left_neighbor_removed,"(0, 2, 0)",275,travelling,0.1011962890625,17
q3_radius1,q3g3_s3_00213,q3g3_s3_00213_symbol_phase_only,symbol_phase_only,"(0, 2, 0)",227,emitter-like,0.0,2
q3_radius1,q3g3_s3_00213,q3g3_s3_00213,raw,"(0, 2, 0)",989,travelling,0.2978515625,17
q3_radius1,q3g3_s3_00223,q3g3_s3_00223_center_only_projection,center_only_projection,"(0, 1, 2)",6,local-phase-clock-like,0.0,2
q3_radius1,q3g3_s3_00213,q3g3_s3_00053,stratum_null_q3g3_s3_00053,"(0, 2, 0)",846,travelling,0.170166015625,17
q3_radius1,q3g3_s3_00223,q3g3_s3_00223_left_neighbor_removed,left_neighbor_removed,"(1, 2, 2)",5,local-phase-clock-like,0.0,2
q3_radius1,q3g3_s3_00213,q3g3_s3_00213_output_histogram_random,output_distribution_matched_random,"(0, 2, 0)",1002,travelling,0.1348876953125,17
q3_radius1,q3g3_s3_00214,q3g3_s3_00214_left_right_symmetrized_rule,left_right_symmetrized_rule,"(0, 1, 0)",51,local-phase-clock-like,0.0,2
q3_radius1,q3g3_s3_00213,q3g3_s3_00181,stratum_null_q3g3_s3_00181,"(1, 1, 1)",532,travelling,0.297119140625,17
q3_radius1,q3g3_s3_00214,q3g3_s3_00214,raw,"(0, 2, 0)",344,travelling,0.048583984375,3
q3_radius1,q3g3_s3_00223,q3g3_s3_00223_symbol_phase_only,symbol_phase_only,"(0, 2, 1)",8,local-phase-clock-like,0.0,2
q3_radius1,q3g3_s3_00213,q3g3_s3_00013,stratum_null_q3g3_s3_00013,"(0, 1, 1)",150,travelling,0.2255859375,17
q3_radius1,q3g3_s3_00213,q3g3_s3_00163,stratum_null_q3g3_s3_00163,"(2, 1, 0)",145,emitter-like,0.439453125,17
q3_radius1,q3g3_s3_00214,q3g3_s3_00214_left_neighbor_removed,left_neighbor_removed,"(0, 2, 2)",155,travelling,0.3668212890625,17
q3_radius1,q3g3_s3_00226,q3g3_s3_00226_center_only_projection,center_only_projection,"(0, 1, 2)",8,local-phase-clock-like,0.0,2
q3_radius1,q3g3_s3_00214,q3g3_s3_00226,stratum_null_q3g3_s3_00226,"(2, 2, 2)",304,travelling,0.6455078125,17
q3_radius1,q3g3_s3_00214,q3g3_s3_00155,stratum_null_q3g3_s3_00155,"(0, 2, 0)",306,travelling,0.267333984375,17
q3_radius1,q3g3_s3_00214,q3g3_s3_00214_output_histogram_random,output_distribution_matched_random,"(0, 2, 0)",299,travelling,0.296142578125,17
q3_radius1,q3g3_s3_00214,q3g3_s3_00034,stratum_null_q3g3_s3_00034,"(2, 2, 2)",191,emitter-like,0.6270751953125,17
q3_radius1,q3g3_s3_00223,q3g3_s3_00223_right_neighbor_removed,right_neighbor_removed,"(0, 1, 0)",630,travelling,0.034423828125,2
q3_radius1,q3g3_s3_00223,q3g3_s3_00223,raw,"(0, 2, 0)",490,travelling,0.4356689453125,17
q3_radius1,q3g3_s3_00214,q3g3_s3_00125,stratum_null_q3g3_s3_00125,"(1, 1, 1)",239,travelling,0.4249267578125,17
q3_radius1,q3g3_s3_00223,q3g3_s3_00223_left_right_symmetrized_rule,left_right_symmetrized_rule,"(0, 1, 0)",282,travelling,0.456787109375,17
q3_radius1,q3g3_s3_00226,q3g3_s3_00226_left_neighbor_removed,left_neighbor_removed,"(0, 2, 2)",322,emitter-like,0.161865234375,16
q3_radius1,q3g3_s3_00223,q3g3_s3_00186,stratum_null_q3g3_s3_00186,"(0, 1, 0)",266,travelling,0.3463134765625,17
q3_radius1,q3g3_s3_00229,q3g3_s3_00229_center_only_projection,center_only_projection,"(0, 1, 0)",10,local-phase-clock-like,0.0,2
q3_radius1,q3g3_s3_00223,q3g3_s3_00223_output_histogram_random,output_distribution_matched_random,"(0, 2, 0)",140,travelling,0.53369140625,17
q3_radius1,q3g3_s3_00229,q3g3_s3_00229_left_neighbor_removed,left_neighbor_removed,"(1, 2, 0)",7,local-phase-clock-like,0.0,2
q3_radius1,q3g3_s3_00223,q3g3_s3_00242,stratum_null_q3g3_s3_00242,"(2, 1, 2)",193,travelling,0.6119384765625,17
q3_radius1,q3g3_s3_00223,q3g3_s3_00007,stratum_null_q3g3_s3_00007,"(0, 2, 0)",537,emitter-like,0.33251953125,17
q3_radius1,q3g3_s3_00223,q3g3_s3_00131,stratum_null_q3g3_s3_00131,"(0, 1, 1)",339,travelling,0.328857421875,17
q3_radius1,q3g3_s3_00226,q3g3_s3_00226,raw,"(2, 2, 2)",304,travelling,0.6455078125,17
q3_radius1,q3g3_s3_00229,q3g3_s3_00229_symbol_phase_only,symbol_phase_only,"(0, 1, 0)",7,local-phase-clock-like,0.0,2
q3_radius1,q3g3_s3_00226,q3g3_s3_00226_symbol_phase_only,symbol_phase_only,"(0, 2, 2)",308,emitter-like,0.0,2
q3_radius1,q3g3_s3_00226,q3g3_s3_00226_right_neighbor_removed,right_neighbor_removed,"(0, 2, 0)",704,travelling,0.087890625,17
q3_radius1,q3g3_s3_00226,q3g3_s3_00226_left_right_symmetrized_rule,left_right_symmetrized_rule,"(0, 2, 2)",285,travelling,0.2696533203125,17
q3_radius1,q3g3_s3_00244,q3g3_s3_00244_center_only_projection,center_only_projection,"(0, 1, 0)",7,local-phase-clock-like,0.0,2
q3_radius1,q3g3_s3_00226,q3g3_s3_00214,stratum_null_q3g3_s3_00214,"(0, 2, 0)",344,travelling,0.048583984375,3
q3_radius1,q3g3_s3_00226,q3g3_s3_00155,stratum_null_q3g3_s3_00155,"(0, 2, 0)",306,travelling,0.267333984375,17
q3_radius1,q3g3_s3_00229,q3g3_s3_00229,raw,"(2, 2, 2)",257,travelling,0.097412109375,6
q3_radius1,q3g3_s3_00229,q3g3_s3_00229_left_right_symmetrized_rule,left_right_symmetrized_rule,"(0, 1, 0)",120,local-phase-clock-like,0.0,2
q3_radius1,q3g3_s3_00226,q3g3_s3_00226_output_histogram_random,output_distribution_matched_random,"(2, 2, 2)",917,travelling,0.2955322265625,17
q3_radius1,q3g3_s3_00226,q3g3_s3_00034,stratum_null_q3g3_s3_00034,"(2, 2, 2)",191,emitter-like,0.6270751953125,17
q3_radius1,q3g3_s3_00244,q3g3_s3_00244_symbol_phase_only,symbol_phase_only,"(2, 1, 1)",6,local-phase-clock-like,0.0,2
q3_radius1,q3g3_s3_00226,q3g3_s3_00125,stratum_null_q3g3_s3_00125,"(1, 1, 1)",239,travelling,0.4249267578125,17
q3_radius1,q3g3_s3_00229,q3g3_s3_00229_right_neighbor_removed,right_neighbor_removed,"(2, 1, 0)",203,emitter-like,0.2623291015625,17
q3_radius1,q3g3_s3_00229,q3g3_s3_00229_output_histogram_random,output_distribution_matched_random,"(2, 2, 2)",574,travelling,0.2547607421875,17
q3_radius1,q3g3_s3_00229,q3r1_s3_0020,stratum_null_q3r1_s3_0020,"(0, 2, 0)",155,travelling,0.1768798828125,17
q3_radius1,q3g3_s3_00229,q3g3_s3_00127,stratum_null_q3g3_s3_00127,"(0, 1, 0)",914,emitter-like,0.1024169921875,17
q3_radius1,q3g3_s3_00244,q3g3_s3_00244_left_neighbor_removed,left_neighbor_removed,"(0, 1, 2)",383,travelling,0.06103515625,2
q3_radius1,q3g3_s3_00229,q3g3_s3_00020,stratum_null_q3g3_s3_00020,"(0, 2, 0)",195,emitter-like,0.571044921875,17
q3_radius1,q3g3_s3_00229,q3g3_s3_00216,stratum_null_q3g3_s3_00216,"(0, 2, 1)",288,travelling,0.794189453125,17
q3_radius1,q3g3_s3_00244,q3g3_s3_00244,raw,"(0, 1, 0)",287,emitter-like,0.2960205078125,17
q3_radius1,q3g3_s3_00244,q3g3_s3_00244_left_right_symmetrized_rule,left_right_symmetrized_rule,"(0, 1, 0)",930,emitter-like,0.1060791015625,17
q3_radius1,q3g3_s3_00249,q3g3_s3_00249_symbol_phase_only,symbol_phase_only,"(0, 2, 2)",8,local-phase-clock-like,0.0,2
q3_radius1,q3g3_s3_00244,q3g3_s3_00244_right_neighbor_removed,right_neighbor_removed,"(0, 2, 0)",275,travelling,0.03076171875,2
q3_radius1,q3g3_s3_00244,q3g3_s3_00244_output_histogram_random,output_distribution_matched_random,"(0, 2, 0)",338,travelling,0.026611328125,2
q3_radius1,q3g3_s3_00249,q3g3_s3_00249_center_only_projection,center_only_projection,"(0, 2, 0)",393,local-phase-clock-like,0.0,2
q3_radius1,q3g3_s3_00244,q3g3_s3_00166,stratum_null_q3g3_s3_00166,"(0, 2, 0)",983,travelling,0.151611328125,15
q3_radius1,q3g3_s3_00244,q3g3_s3_00042,stratum_null_q3g3_s3_00042,"(0, 1, 2)",316,travelling,0.3709716796875,17
q3_radius1,q3g3_s3_00244,q3g3_s3_00102,stratum_null_q3g3_s3_00102,"(0, 1, 0)",213,travelling,0.040771484375,2
q3_radius1,q3g3_s3_00244,q3g3_s3_00090,stratum_null_q3g3_s3_00090,"(0, 1, 0)",553,travelling,0.3026123046875,17
q3_radius1,q3g3_s3_00249,q3g3_s3_00249_left_neighbor_removed,left_neighbor_removed,"(0, 2, 0)",118,emitter-like,0.104248046875,17
q3_radius1,q3g3_s3_00249,q3g3_s3_00014,stratum_null_q3g3_s3_00014,"(0, 2, 2)",297,emitter-like,0.164306640625,17
q3_radius1,q3g3_s3_00249,q3g3_s3_00249,raw,"(0, 2, 2)",186,travelling,0.4912109375,17
q3_radius1,q3g3_s3_00249,q3g3_s3_00249_right_neighbor_removed,right_neighbor_removed,"(2, 1, 0)",162,travelling,0.05517578125,2
q3_radius1,q3g3_s3_00249,q3g3_s3_00249_left_right_symmetrized_rule,left_right_symmetrized_rule,"(0, 1, 0)",264,travelling,0.247314453125,17
q3_radius1,q3g3_s4_00004,q3g3_s4_00004_left_neighbor_removed,left_neighbor_removed,"(2, 2, 2)",591,travelling,0.4000244140625,17
q3_radius1,q3g3_s4_00004,q3g3_s4_00004_symbol_phase_only,symbol_phase_only,"(1, 1, 1)",1026,local-phase-clock-like,0.0,2
q3_radius1,q3g3_s4_00004,q3g3_s4_00004_right_neighbor_removed,right_neighbor_removed,"(1, 1, 1)",550,travelling,0.1458740234375,17
q3_radius1,q3g3_s3_00249,q3g3_s3_00082,stratum_null_q3g3_s3_00082,"(1, 1, 1)",300,travelling,0.063720703125,3
q3_radius1,q3g3_s4_00004,q3g3_s4_00004,raw,"(2, 2, 2)",251,travelling,0.2486572265625,17
q3_radius1,q3g3_s4_00004,q3g3_s4_00004_center_only_projection,center_only_projection,"(0, 2, 2)",153,emitter-like,0.0,1
q3_radius1,q3g3_s3_00249,q3g3_s3_00096,stratum_null_q3g3_s3_00096,"(0, 2, 0)",197,travelling,0.3089599609375,17
q3_radius1,q3g3_s3_00249,q3g3_s3_00152,stratum_null_q3g3_s3_00152,"(0, 1, 2)",154,travelling,0.5859375,17
q3_radius1,q3g3_s3_00249,q3g3_s3_00249_output_histogram_random,output_distribution_matched_random,"(0, 2, 0)",479,travelling,0.1754150390625,17
q3_radius1,q3g3_s4_00004,q3g3_s4_00004_left_right_symmetrized_rule,left_right_symmetrized_rule,"(0, 1, 0)",242,emitter-like,0.0,2
q3_radius1,q3g3_s4_00004,q3g3_s4_00004_output_histogram_random,output_distribution_matched_random,"(1, 1, 1)",1000,travelling,0.024169921875,2
q3_radius1,q3g3_s4_00004,q3g3_s4_00130,stratum_null_q3g3_s4_00130,"(1, 1, 1)",457,local-phase-clock-like,0.0,5
q3_radius1,q3g3_s4_00017,q3g3_s4_00017_right_neighbor_removed,right_neighbor_removed,"(1, 1, 1)",530,travelling,0.9163818359375,17
q3_radius1,q3g3_s4_00004,q3g3_s4_00019,stratum_null_q3g3_s4_00019,"(2, 2, 2)",981,travelling,0.036376953125,3
q3_radius1,q3g3_s4_00017,q3g3_s4_00017_center_only_projection,center_only_projection,"(1, 1, 1)",396,travelling,1.0,3
q3_radius1,q3g3_s4_00024,q3g3_s4_00024_center_only_projection,center_only_projection,"(2, 2, 0)",6,local-phase-clock-like,0.0,2
q3_radius1,q3g3_s4_00004,q3g3_s4_00210,stratum_null_q3g3_s4_00210,"(1, 1, 1)",124,travelling,0.1654052734375,17
q3_radius1,q3g3_s4_00004,q3g3_s4_00069,stratum_null_q3g3_s4_00069,"(1, 1, 1)",202,travelling,0.6475830078125,17
q3_radius1,q3g3_s4_00024,q3g3_s4_00024_left_neighbor_removed,left_neighbor_removed,"(0, 2, 2)",6,local-phase-clock-like,0.0,2
q3_radius1,q3g3_s4_00017,q3g3_s4_00017_symbol_phase_only,symbol_phase_only,"(0, 2, 0)",393,local-phase-clock-like,0.0,2
q3_radius1,q3g3_s4_00017,q3g3_s4_00017_left_right_symmetrized_rule,left_right_symmetrized_rule,"(1, 1, 1)",480,travelling,0.871337890625,17
q3_radius1,q3g3_s4_00017,q3g3_s4_00017_left_neighbor_removed,left_neighbor_removed,"(1, 1, 1)",397,travelling,0.961181640625,5
q3_radius1,q3g3_s4_00017,q3g3_s4_00017,raw,"(2, 2, 2)",398,travelling,0.827880859375,17
q3_radius1,q3g3_s4_00024,q3g3_s4_00024_symbol_phase_only,symbol_phase_only,"(0, 1, 1)",7,local-phase-clock-like,0.0,2
q3_radius1,q3g3_s4_00017,q3g3_s4_00123,stratum_null_q3g3_s4_00123,"(2, 2, 2)",223,travelling,0.09423828125,17
q3_radius1,q3g3_s4_00017,q3g3_s4_00056,stratum_null_q3g3_s4_00056,"(2, 2, 2)",990,travelling,0.0947265625,17
q3_radius1,q3g3_s4_00024,q3g3_s4_00024_left_right_symmetrized_rule,left_right_symmetrized_rule,"(0, 2, 0)",82,local-phase-clock-like,0.0,2
q3_radius1,q3g3_s4_00017,q3g3_s4_00219,stratum_null_q3g3_s4_00219,"(1, 1, 1)",973,travelling,0.125732421875,4
q3_radius1,q3g3_s4_00017,q3g3_s4_00017_output_histogram_random,output_distribution_matched_random,"(0, 2, 0)",274,travelling,0.279052734375,17
q3_radius1,q3g3_s4_00017,q3g3_s4_00166,stratum_null_q3g3_s4_00166,"(0, 1, 1)",250,travelling,0.651611328125,17
q3_radius1,q3g3_s4_00024,q3g3_s4_00024,raw,"(0, 1, 0)",667,travelling,0.14404296875,17
q3_radius1,q3g3_s4_00024,q3g3_s4_00024_right_neighbor_removed,right_neighbor_removed,"(0, 1, 0)",466,travelling,0.043212890625,2
q3_radius1,q3g3_s4_00024,q3g3_s4_00072,stratum_null_q3g3_s4_00072,"(1, 1, 1)",987,travelling,0.2208251953125,17
q3_radius1,q3g3_s4_00040,q3g3_s4_00040_center_only_projection,center_only_projection,"(0, 2, 0)",309,emitter-like,0.0,2
q3_radius1,q3g3_s4_00040,q3g3_s4_00040_left_right_symmetrized_rule,left_right_symmetrized_rule,"(2, 2, 2)",472,travelling,0.2855224609375,17
q3_radius1,q3g3_s4_00040,q3g3_s4_00040_right_neighbor_removed,right_neighbor_removed,"(0, 1, 0)",322,emitter-like,0.0439453125,17
q3_radius1,q3g3_s4_00040,q3g3_s4_00040,raw,"(0, 1, 2)",241,emitter-like,0.091064453125,5
q3_radius1,q3g3_s4_00024,q3g3_s4_00081,stratum_null_q3g3_s4_00081,"(2, 2, 2)",286,travelling,0.1790771484375,17
q3_radius1,q3g3_s4_00040,q3g3_s4_00040_left_neighbor_removed,left_neighbor_removed,"(2, 2, 0)",177,emitter-like,0.0,5
q3_radius1,q3g3_s4_00024,q3g3_s4_00200,stratum_null_q3g3_s4_00200,"(0, 2, 2)",468,travelling,0.07177734375,3
q3_radius1,q3g3_s4_00024,q3g3_s4_00082,stratum_null_q3g3_s4_00082,"(1, 2, 1)",361,travelling,0.4674072265625,17
q3_radius1,q3g3_s4_00040,q3g3_s4_00040_symbol_phase_only,symbol_phase_only,"(0, 1, 0)",308,local-phase-clock-like,0.0,2
q3_radius1,q3g3_s4_00024,q3g3_s4_00024_output_histogram_random,output_distribution_matched_random,"(0, 1, 0)",828,travelling,0.226318359375,17
q3_radius1,q3g3_s4_00040,q3g3_s4_00097,stratum_null_q3g3_s4_00097,"(2, 2, 2)",428,travelling,0.931396484375,10
q3_radius1,q3g3_s4_00040,q3g3_s4_00249,stratum_null_q3g3_s4_00249,"(1, 1, 1)",997,travelling,0.056640625,5
q3_radius1,q3g3_s4_00040,q3g3_s4_00040_output_histogram_random,output_distribution_matched_random,"(1, 1, 1)",342,travelling,0.82958984375,17
q3_radius1,q3g3_s4_00040,q3g3_s4_00077,stratum_null_q3g3_s4_00077,"(1, 2, 2)",311,travelling,0.4373779296875,17
q3_radius1,q3g3_s4_00043,q3g3_s4_00043_center_only_projection,center_only_projection,"(0, 2, 0)",245,local-phase-clock-like,0.0,2
q3_radius1,q3g3_s4_00043,q3g3_s4_00043_right_neighbor_removed,right_neighbor_removed,"(2, 2, 2)",541,oscillatory,0.119384765625,17
q3_radius1,q3g3_s4_00043,q3g3_s4_00043,raw,"(2, 2, 2)",362,travelling,0.501708984375,17
q3_radius1,q3g3_s4_00043,q3g3_s4_00043_left_right_symmetrized_rule,left_right_symmetrized_rule,"(2, 2, 2)",360,local-phase-clock-like,0.0,3
q3_radius1,q3g3_s4_00043,q3g3_s4_00043_left_neighbor_removed,left_neighbor_removed,"(2, 2, 2)",414,travelling,0.091796875,2
q3_radius1,q3g3_s4_00050,q3g3_s4_00050_symbol_phase_only,symbol_phase_only,"(0, 1, 1)",7,local-phase-clock-like,0.0,2
q3_radius1,q3g3_s4_00040,q3g3_s4_00059,stratum_null_q3g3_s4_00059,"(1, 1, 1)",1030,domain-wall-like,0.3424072265625,17
q3_radius1,q3g3_s4_00043,q3g3_s4_00043_output_histogram_random,output_distribution_matched_random,"(2, 2, 2)",211,travelling,0.13623046875,17
q3_radius1,q3g3_s4_00043,q3g3_s4_00043_symbol_phase_only,symbol_phase_only,"(2, 2, 2)",438,local-phase-clock-like,0.0,2
q3_radius1,q3g3_s4_00043,q3g3_s4_00110,stratum_null_q3g3_s4_00110,"(0, 1, 1)",211,travelling,0.1527099609375,17
q3_radius1,q3g3_s4_00050,q3g3_s4_00050_output_histogram_random,output_distribution_matched_random,"(2, 2, 2)",1027,local-phase-clock-like,0.0,3
q3_radius1,q3g3_s4_00043,q3g3_s4_00223,stratum_null_q3g3_s4_00223,"(1, 1, 1)",993,travelling,0.330322265625,17
q3_radius1,q3g3_s4_00050,q3g3_s4_00050_center_only_projection,center_only_projection,"(0, 2, 0)",136,emitter-like,0.0,1
q3_radius1,q3g3_s4_00050,q3g3_s4_00050,raw,"(0, 2, 2)",133,travelling,0.2506103515625,17
q3_radius1,q3g3_s4_00043,q3g3_s4_00071,stratum_null_q3g3_s4_00071,"(2, 2, 2)",904,domain-wall-like,0.4501953125,17
q3_radius1,q3g3_s4_00054,q3g3_s4_00054_center_only_projection,center_only_projection,"(1, 1, 1)",1026,oscillatory,0.0,2
q3_radius1,q3g3_s4_00043,q3g3_s4_00039,stratum_null_q3g3_s4_00039,"(1, 1, 1)",389,travelling,0.7607421875,17
q3_radius1,q3g3_s4_00050,q3g3_s4_00050_left_neighbor_removed,left_neighbor_removed,"(1, 1, 1)",417,travelling,0.061279296875,3
q3_radius1,q3g3_s4_00050,q3g3_s4_00050_right_neighbor_removed,right_neighbor_removed,"(1, 2, 1)",486,travelling,0.2752685546875,17
q3_radius1,q3g3_s4_00050,q3g3_s4_00050_left_right_symmetrized_rule,left_right_symmetrized_rule,"(1, 1, 1)",617,travelling,0.215576171875,17
q3_radius1,q3g3_s4_00058,q3g3_s4_00058_center_only_projection,center_only_projection,"(1, 1, 1)",1028,local-phase-clock-like,0.0,2
q3_radius1,q3g3_s4_00054,q3g3_s4_00054_right_neighbor_removed,right_neighbor_removed,"(1, 1, 1)",1027,oscillatory,0.0,2
q3_radius1,q3g3_s4_00050,q3g3_s4_00202,stratum_null_q3g3_s4_00202,"(2, 2, 2)",409,travelling,0.201904296875,17
q3_radius1,q3g3_s4_00050,q3g3_s4_00158,stratum_null_q3g3_s4_00158,"(0, 2, 2)",498,travelling,0.0986328125,4
q3_radius1,q3g3_s4_00050,q3g3_s4_00248,stratum_null_q3g3_s4_00248,"(1, 1, 1)",977,domain-wall-like,0.3682861328125,17
q3_radius1,q3g3_s4_00050,q3g3_s4_00238,stratum_null_q3g3_s4_00238,"(0, 2, 0)",363,travelling,0.2174072265625,17
q3_radius1,q3g3_s4_00054,q3g3_s4_00054,raw,"(1, 1, 1)",911,travelling,0.4744873046875,17
q3_radius1,q3g3_s4_00054,q3g3_s4_00054_left_neighbor_removed,left_neighbor_removed,"(1, 1, 1)",961,travelling,0.2501220703125,17
q3_radius1,q3g3_s4_00054,q3g3_s4_00054_left_right_symmetrized_rule,left_right_symmetrized_rule,"(1, 1, 1)",900,domain-wall-like,0.4522705078125,17
q3_radius1,q3g3_s4_00054,q3g3_s4_00054_symbol_phase_only,symbol_phase_only,"(0, 1, 1)",259,emitter-like,0.0,2
q3_radius1,q3g3_s4_00058,q3g3_s4_00058_symbol_phase_only,symbol_phase_only,"(2, 2, 2)",1027,local-phase-clock-like,0.0,2
q3_radius1,q3g3_s4_00054,q3g3_s4_00054_output_histogram_random,output_distribution_matched_random,"(1, 1, 1)",943,travelling,0.05859375,3
q3_radius1,q3g3_s4_00058,q3g3_s4_00058,raw,"(1, 1, 1)",898,travelling,0.10205078125,4
q3_radius1,q3g3_s4_00054,q3g3_s4_00152,stratum_null_q3g3_s4_00152,"(0, 2, 0)",229,travelling,0.064453125,5
q3_radius1,q3g3_s4_00058,q3g3_s4_00058_left_right_symmetrized_rule,left_right_symmetrized_rule,"(1, 1, 1)",893,travelling,0.25537109375,17
q3_radius1,q3g3_s4_00054,q3g3_s4_00125,stratum_null_q3g3_s4_00125,"(1, 1, 1)",906,travelling,0.68408203125,17
q3_radius1,q3g3_s4_00054,q3g3_s4_00242,stratum_null_q3g3_s4_00242,"(0, 1, 0)",250,travelling,0.4178466796875,17
q3_radius1,q3g3_s4_00058,q3g3_s4_00058_right_neighbor_removed,right_neighbor_removed,"(1, 1, 1)",1030,local-phase-clock-like,0.0,2
q3_radius1,q3g3_s4_00068,q3g3_s4_00068_symbol_phase_only,symbol_phase_only,"(0, 1, 2)",6,local-phase-clock-like,0.0,2
q3_radius1,q3g3_s4_00054,q3g3_s4_00187,stratum_null_q3g3_s4_00187,"(2, 2, 2)",220,travelling,0.60009765625,17
q3_radius1,q3g3_s4_00058,q3g3_s4_00058_left_neighbor_removed,left_neighbor_removed,"(1, 1, 1)",903,travelling,0.271240234375,17
q3_radius1,q3g3_s4_00069,q3g3_s4_00069_center_only_projection,center_only_projection,"(0, 1, 0)",7,local-phase-clock-like,0.0,2
q3_radius1,q3g3_s4_00058,q3g3_s4_00245,stratum_null_q3g3_s4_00245,"(2, 2, 1)",273,travelling,0.083251953125,3
q3_radius1,q3g3_s4_00058,q3g3_s4_00165,stratum_null_q3g3_s4_00165,"(2, 1, 0)",210,travelling,0.2286376953125,17
q3_radius1,q3g3_s4_00058,q3g3_s4_00058_output_histogram_random,output_distribution_matched_random,"(0, 1, 2)",448,travelling,0.6890869140625,17
q3_radius1,q3g3_s4_00068,q3g3_s4_00068_center_only_projection,center_only_projection,"(1, 1, 1)",353,emitter-like,0.0,2
q3_radius1,q3g3_s4_00068,q3g3_s4_00068_left_neighbor_removed,left_neighbor_removed,"(0, 1, 1)",358,emitter-like,0.0,2
q3_radius1,q3g3_s4_00068,q3g3_s4_00068,raw,"(1, 1, 1)",457,travelling,0.0859375,8
q3_radius1,q3g3_s4_00068,q3g3_s4_00068_right_neighbor_removed,right_neighbor_removed,"(1, 1, 1)",465,travelling,0.06884765625,2
q3_radius1,q3g3_s4_00058,q3g3_s4_00083,stratum_null_q3g3_s4_00083,"(0, 1, 0)",397,travelling,0.625732421875,17
q3_radius1,q3g3_s4_00068,q3g3_s4_00068_left_right_symmetrized_rule,left_right_symmetrized_rule,"(1, 1, 1)",251,emitter-like,0.001953125,5
q3_radius1,q3g3_s4_00058,q3g3_s4_00197,stratum_null_q3g3_s4_00197,"(0, 1, 0)",377,travelling,0.40966796875,17
q3_radius1,q3g3_s4_00068,q3g3_s4_00068_output_histogram_random,output_distribution_matched_random,"(0, 1, 0)",898,travelling,0.2115478515625,17
q3_radius1,q3g3_s4_00069,q3g3_s4_00069_symbol_phase_only,symbol_phase_only,"(1, 1, 1)",1026,local-phase-clock-like,0.0,2
q3_radius1,q3g3_s4_00068,q3g3_s4_00114,stratum_null_q3g3_s4_00114,"(0, 1, 1)",129,travelling,0.1661376953125,17
q3_radius1,q3g3_s4_00069,q3g3_s4_00069_left_neighbor_removed,left_neighbor_removed,"(1, 2, 2)",211,travelling,0.331787109375,17
q3_radius1,q3g3_s4_00068,q3g3_s4_00002,stratum_null_q3g3_s4_00002,"(2, 2, 2)",904,travelling,0.576171875,17
q3_radius1,q3g3_s4_00069,q3g3_s4_00069,raw,"(1, 1, 1)",202,travelling,0.6475830078125,17
q3_radius1,q3g3_s4_00068,q3g3_s4_00055,stratum_null_q3g3_s4_00055,"(0, 1, 2)",131,emitter-like,0.6358642578125,17
q3_radius1,q3g3_s4_00068,q3g3_s4_00131,stratum_null_q3g3_s4_00131,"(0, 2, 0)",145,emitter-like,0.46533203125,17
q3_radius1,q3g3_s4_00069,q3g3_s4_00069_output_histogram_random,output_distribution_matched_random,"(1, 1, 1)",1030,oscillatory,0.0,2
q3_radius1,q3g3_s4_00081,q3g3_s4_00081_symbol_phase_only,symbol_phase_only,"(0, 2, 2)",7,local-phase-clock-like,0.0,2
q3_radius1,q3g3_s4_00069,q3g3_s4_00069_right_neighbor_removed,right_neighbor_removed,"(0, 1, 0)",388,travelling,0.091064453125,17
q3_radius1,q3g3_s4_00069,q3g3_s4_00130,stratum_null_q3g3_s4_00130,"(1, 1, 1)",457,local-phase-clock-like,0.0,5
q3_radius1,q3g3_s4_00069,q3g3_s4_00069_left_right_symmetrized_rule,left_right_symmetrized_rule,"(0, 1, 0)",250,travelling,0.3868408203125,17
q3_radius1,q3g3_s4_00081,q3g3_s4_00081_left_right_symmetrized_rule,left_right_symmetrized_rule,"(2, 2, 2)",434,oscillatory,0.0,3
q3_radius1,q3g3_s4_00069,q3g3_s4_00019,stratum_null_q3g3_s4_00019,"(2, 2, 2)",981,travelling,0.036376953125,3
q3_radius1,q3g3_s4_00069,q3g3_s4_00004,stratum_null_q3g3_s4_00004,"(2, 2, 2)",251,travelling,0.2486572265625,17
q3_radius1,q3g3_s4_00069,q3g3_s4_00210,stratum_null_q3g3_s4_00210,"(1, 1, 1)",124,travelling,0.1654052734375,17
q3_radius1,q3g3_s4_00081,q3g3_s4_00081_center_only_projection,center_only_projection,"(2, 2, 1)",136,emitter-like,0.0,1
q3_radius1,q3g3_s4_00081,q3g3_s4_00081_left_neighbor_removed,left_neighbor_removed,"(2, 2, 2)",224,emitter-like,0.0,3
q3_radius1,q3g3_s4_00081,q3g3_s4_00081,raw,"(2, 2, 2)",286,travelling,0.1790771484375,17
q3_radius1,q3g3_s4_00100,q3g3_s4_00100_symbol_phase_only,symbol_phase_only,"(0, 2, 0)",7,local-phase-clock-like,0.0,2
q3_radius1,q3g3_s4_00100,q3g3_s4_00100_left_right_symmetrized_rule,left_right_symmetrized_rule,"(0, 1, 1)",9,local-phase-clock-like,0.0,4
q3_radius1,q3g3_s4_00081,q3g3_s4_00081_right_neighbor_removed,right_neighbor_removed,"(0, 2, 0)",327,travelling,0.0634765625,2
q3_radius1,q3g3_s4_00100,q3g3_s4_00100_right_neighbor_removed,right_neighbor_removed,"(1, 1, 1)",314,travelling,0.3975830078125,17
q3_radius1,q3g3_s4_00081,q3g3_s4_00072,stratum_null_q3g3_s4_00072,"(1, 1, 1)",987,travelling,0.2208251953125,17
q3_radius1,q3g3_s4_00081,q3g3_s4_00082,stratum_null_q3g3_s4_00082,"(1, 2, 1)",361,travelling,0.4674072265625,17
q3_radius1,q3g3_s4_00100,q3g3_s4_00100,raw,"(0, 1, 1)",403,travelling,0.22021484375,17
q3_radius1,q3g3_s4_00081,q3g3_s4_00200,stratum_null_q3g3_s4_00200,"(0, 2, 2)",468,travelling,0.07177734375,3
q3_radius1,q3g3_s4_00100,q3g3_s4_00100_center_only_projection,center_only_projection,"(2, 2, 2)",102,emitter-like,0.0,1
q3_radius1,q3g3_s4_00081,q3g3_s4_00081_output_histogram_random,output_distribution_matched_random,"(1, 1, 1)",894,travelling,0.6578369140625,17
q3_radius1,q3g3_s4_00100,q3g3_s4_00100_left_neighbor_removed,left_neighbor_removed,"(0, 2, 0)",340,emitter-like,0.0,2
q3_radius1,q3g3_s4_00081,q3g3_s4_00024,stratum_null_q3g3_s4_00024,"(0, 1, 0)",667,travelling,0.14404296875,17
q3_radius1,q3g3_s4_00100,q3g3_s4_00153,stratum_null_q3g3_s4_00153,"(0, 2, 0)",295,travelling,0.759765625,17
q3_radius1,q3g3_s4_00100,q3g3_s4_00100_output_histogram_random,output_distribution_matched_random,"(1, 1, 1)",916,travelling,0.5635986328125,17
q3_radius1,q3g3_s4_00104,q3g3_s4_00104_left_neighbor_removed,left_neighbor_removed,"(0, 1, 1)",196,travelling,0.063720703125,3
q3_radius1,q3g3_s4_00104,q3g3_s4_00104_center_only_projection,center_only_projection,"(1, 1, 1)",337,emitter-like,0.0,2
q3_radius1,q3g3_s4_00104,q3g3_s4_00104_left_right_symmetrized_rule,left_right_symmetrized_rule,"(1, 1, 1)",328,travelling,0.1595458984375,17
q3_radius1,q3g3_s4_00100,q3g3_s4_00184,stratum_null_q3g3_s4_00184,"(2, 2, 2)",928,travelling,0.6485595703125,17
q3_radius1,q3g3_s4_00104,q3g3_s4_00104,raw,"(0, 1, 1)",381,travelling,0.3599853515625,17
q3_radius1,q3g3_s4_00104,q3g3_s4_00104_right_neighbor_removed,right_neighbor_removed,"(0, 2, 1)",348,emitter-like,0.2095947265625,17
q3_radius1,q3g3_s4_00100,q3g3_s4_00070,stratum_null_q3g3_s4_00070,"(2, 2, 2)",145,travelling,0.655517578125,17
q3_radius1,q3g3_s4_00127,q3g3_s4_00127_left_neighbor_removed,left_neighbor_removed,"(0, 2, 1)",7,local-phase-clock-like,0.0,2
q3_radius1,q3g3_s4_00100,q3g3_s4_00235,stratum_null_q3g3_s4_00235,"(2, 2, 2)",175,travelling,0.676513671875,17
q3_radius1,q3g3_s4_00104,q3g3_s4_00104_symbol_phase_only,symbol_phase_only,"(0, 1, 0)",378,emitter-like,0.0,2
q3_radius1,q3g3_s4_00104,q3g3_s4_00104_output_histogram_random,output_distribution_matched_random,"(1, 1, 1)",929,oscillatory,0.2777099609375,17
q3_radius1,q3g3_s4_00104,q3r1_s4_0014,stratum_null_q3r1_s4_0014,"(1, 1, 1)",601,travelling,0.3848876953125,17
q3_radius1,q3g3_s4_00127,q3g3_s4_00127_right_neighbor_removed,right_neighbor_removed,"(2, 2, 2)",889,travelling,0.25244140625,17
q3_radius1,q3g3_s4_00127,q3g3_s4_00127_center_only_projection,center_only_projection,"(0, 2, 0)",229,local-phase-clock-like,0.0,2
q3_radius1,q3g3_s4_00104,q3g3_s4_00128,stratum_null_q3g3_s4_00128,"(1, 1, 1)",995,travelling,0.042724609375,2
q3_radius1,q3g3_s4_00127,q3g3_s4_00127,raw,"(2, 2, 2)",229,travelling,0.34326171875,17
q3_radius1,q3g3_s4_00104,q3g3_s4_00120,stratum_null_q3g3_s4_00120,"(2, 2, 2)",335,travelling,0.669921875,17
q3_radius1,q3g3_s4_00147,q3g3_s4_00147_symbol_phase_only,symbol_phase_only,"(2, 2, 2)",1028,local-phase-clock-like,0.0,2
q3_radius1,q3g3_s4_00147,q3g3_s4_00147_right_neighbor_removed,right_neighbor_removed,"(2, 2, 2)",447,travelling,0.273681640625,17
q3_radius1,q3g3_s4_00127,q3g3_s4_00127_left_right_symmetrized_rule,left_right_symmetrized_rule,"(0, 1, 0)",163,local-phase-clock-like,0.0,2
q3_radius1,q3g3_s4_00104,q3g3_s4_00133,stratum_null_q3g3_s4_00133,"(2, 2, 2)",229,travelling,0.3045654296875,17
q3_radius1,q3g3_s4_00127,q3g3_s4_00127_symbol_phase_only,symbol_phase_only,"(2, 2, 2)",416,local-phase-clock-like,0.0,2
q3_radius1,q3g3_s4_00127,q3g3_s4_00162,stratum_null_q3g3_s4_00162,"(1, 1, 1)",916,travelling,0.220458984375,10
q3_radius1,q3g3_s4_00127,q3g3_s4_00239,stratum_null_q3g3_s4_00239,"(2, 2, 2)",406,travelling,0.1201171875,5
q3_radius1,q3g3_s4_00127,q3g3_s4_00132,stratum_null_q3g3_s4_00132,"(2, 2, 2)",124,travelling,0.2750244140625,17
q3_radius1,q3g3_s4_00148,q3g3_s4_00148_center_only_projection,center_only_projection,"(2, 2, 2)",1027,local-phase-clock-like,0.0,2
q3_radius1,q3g3_s4_00147,q3g3_s4_00147_center_only_projection,center_only_projection,"(0, 2, 0)",119,local-phase-clock-like,0.0,1
q3_radius1,q3g3_s4_00147,q3g3_s4_00147,raw,"(2, 2, 2)",305,travelling,0.2568359375,17
q3_radius1,q3g3_s4_00127,q3g3_s4_00127_output_histogram_random,output_distribution_matched_random,"(1, 1, 1)",1025,travelling,0.2265625,17
q3_radius1,q3g3_s4_00147,q3g3_s4_00147_left_neighbor_removed,left_neighbor_removed,"(0, 2, 1)",436,local-phase-clock-like,0.0,5
q3_radius1,q3g3_s4_00127,q3g3_s4_00199,stratum_null_q3g3_s4_00199,"(0, 2, 0)",232,travelling,0.069091796875,17
q3_radius1,q3g3_s4_00148,q3g3_s4_00148_left_neighbor_removed,left_neighbor_removed,"(2, 2, 2)",1026,local-phase-clock-like,0.0,2
q3_radius1,q3g3_s4_00147,q3g3_s4_00147_left_right_symmetrized_rule,left_right_symmetrized_rule,"(1, 1, 1)",464,travelling,0.2896728515625,17
q3_radius1,q3g3_s4_00147,q3g3_s4_00079,stratum_null_q3g3_s4_00079,"(1, 1, 1)",1026,travelling,0.059326171875,17
q3_radius1,q3g3_s4_00147,q3g3_s4_00147_output_histogram_random,output_distribution_matched_random,"(2, 2, 2)",979,travelling,0.228515625,17
q3_radius1,q3g3_s4_00153,q3g3_s4_00153_left_neighbor_removed,left_neighbor_removed,"(2, 2, 2)",911,domain-wall-like,0.25,17
q3_radius1,q3g3_s4_00148,q3g3_s4_00148_right_neighbor_removed,right_neighbor_removed,"(2, 2, 2)",1025,local-phase-clock-like,0.0,2
q3_radius1,q3g3_s4_00148,q3g3_s4_00148,raw,"(2, 2, 2)",1025,travelling,0.08056640625,6
q3_radius1,q3g3_s4_00153,q3g3_s4_00153_symbol_phase_only,symbol_phase_only,"(2, 2, 2)",1027,local-phase-clock-like,0.0,2
q3_radius1,q3g3_s4_00147,q3g3_s4_00134,stratum_null_q3g3_s4_00134,"(0, 1, 0)",338,travelling,0.298583984375,17
q3_radius1,q3g3_s4_00153,q3g3_s4_00153_right_neighbor_removed,right_neighbor_removed,"(2, 1, 2)",323,domain-wall-like,0.25,17
q3_radius1,q3g3_s4_00147,q3g3_s4_00011,stratum_null_q3g3_s4_00011,"(0, 1, 0)",175,travelling,0.51416015625,17
q3_radius1,q3g3_s4_00147,q3g3_s4_00214,stratum_null_q3g3_s4_00214,"(2, 2, 2)",1027,travelling,0.2943115234375,17
q3_radius1,q3g3_s4_00148,q3g3_s4_00148_output_histogram_random,output_distribution_matched_random,"(0, 2, 2)",237,travelling,0.4874267578125,17
q3_radius1,q3g3_s4_00148,q3g3_s4_00148_symbol_phase_only,symbol_phase_only,"(0, 1, 1)",187,emitter-like,0.0,1
q3_radius1,q3g3_s4_00148,q3g3_s4_00148_left_right_symmetrized_rule,left_right_symmetrized_rule,"(2, 2, 2)",1027,travelling,0.3529052734375,17
q3_radius1,q3g3_s4_00153,q3g3_s4_00153_center_only_projection,center_only_projection,"(2, 2, 2)",450,local-phase-clock-like,0.0,2
q3_radius1,q3g3_s4_00148,q3g3_s4_00224,stratum_null_q3g3_s4_00224,"(0, 2, 2)",426,travelling,0.211669921875,17
q3_radius1,q3g3_s4_00148,q3g3_s4_00121,stratum_null_q3g3_s4_00121,"(2, 2, 2)",915,travelling,0.3299560546875,17
q3_radius1,q3g3_s4_00148,q3g3_s4_00180,stratum_null_q3g3_s4_00180,"(2, 2, 2)",991,travelling,0.1275634765625,17
q3_radius1,q3g3_s4_00148,q3g3_s4_00090,stratum_null_q3g3_s4_00090,"(2, 2, 2)",978,travelling,0.27392578125,17
q3_radius1,q3g3_s4_00153,q3g3_s4_00153,raw,"(0, 2, 0)",295,travelling,0.759765625,17
q3_radius1,q3g3_s4_00153,q3g3_s4_00153_output_histogram_random,output_distribution_matched_random,"(1, 2, 1)",357,travelling,0.2340087890625,17
q3_radius1,q3g3_s4_00153,q3g3_s4_00153_left_right_symmetrized_rule,left_right_symmetrized_rule,"(0, 2, 0)",168,emitter-like,0.64794921875,17
q3_radius1,q3g3_s4_00153,q3g3_s4_00100,stratum_null_q3g3_s4_00100,"(0, 1, 1)",403,travelling,0.22021484375,17
q3_radius1,q3g3_s4_00158,q3g3_s4_00158_center_only_projection,center_only_projection,"(0, 2, 0)",177,emitter-like,0.0,2
q3_radius1,q3g3_s4_00158,q3g3_s4_00158_left_right_symmetrized_rule,left_right_symmetrized_rule,"(2, 2, 2)",482,emitter-like,0.0,2
q3_radius1,q3g3_s4_00158,q3g3_s4_00158_right_neighbor_removed,right_neighbor_removed,"(0, 2, 0)",244,emitter-like,0.0,2
q3_radius1,q3g3_s4_00153,q3g3_s4_00184,stratum_null_q3g3_s4_00184,"(2, 2, 2)",928,travelling,0.6485595703125,17
q3_radius1,q3g3_s4_00162,q3g3_s4_00162_center_only_projection,center_only_projection,"(1, 1, 1)",1024,local-phase-clock-like,0.0,2
q3_radius1,q3g3_s4_00158,q3g3_s4_00158_symbol_phase_only,symbol_phase_only,"(0, 2, 0)",308,emitter-like,0.0,2
q3_radius1,q3g3_s4_00158,q3g3_s4_00158,raw,"(0, 2, 2)",498,travelling,0.0986328125,4
q3_radius1,q3g3_s4_00158,q3g3_s4_00158_left_neighbor_removed,left_neighbor_removed,"(0, 2, 0)",467,travelling,0.058837890625,3
q3_radius1,q3g3_s4_00153,q3g3_s4_00070,stratum_null_q3g3_s4_00070,"(2, 2, 2)",145,travelling,0.655517578125,17
q3_radius1,q3g3_s4_00153,q3g3_s4_00235,stratum_null_q3g3_s4_00235,"(2, 2, 2)",175,travelling,0.676513671875,17
q3_radius1,q3g3_s4_00158,q3g3_s4_00158_output_histogram_random,output_distribution_matched_random,"(2, 2, 2)",965,travelling,0.0556640625,3
q3_radius1,q3g3_s4_00158,q3g3_s4_00202,stratum_null_q3g3_s4_00202,"(2, 2, 2)",409,travelling,0.201904296875,17
q3_radius1,q3g3_s4_00158,q3g3_s4_00050,stratum_null_q3g3_s4_00050,"(0, 2, 2)",133,travelling,0.2506103515625,17
q3_radius1,q3g3_s4_00158,q3g3_s4_00248,stratum_null_q3g3_s4_00248,"(1, 1, 1)",977,domain-wall-like,0.3682861328125,17
q3_radius1,q3g3_s4_00162,q3g3_s4_00162,raw,"(1, 1, 1)",916,travelling,0.220458984375,10
q3_radius1,q3g3_s4_00158,q3g3_s4_00238,stratum_null_q3g3_s4_00238,"(0, 2, 0)",363,travelling,0.2174072265625,17
q3_radius1,q3g3_s4_00182,q3g3_s4_00182_center_only_projection,center_only_projection,"(2, 2, 2)",1031,local-phase-clock-like,0.0,2
q3_radius1,q3g3_s4_00182,q3g3_s4_00182_symbol_phase_only,symbol_phase_only,"(0, 2, 1)",7,local-phase-clock-like,0.0,2
q3_radius1,q3g3_s4_00162,q3g3_s4_00162_right_neighbor_removed,right_neighbor_removed,"(1, 1, 1)",1026,oscillatory,0.0,3
q3_radius1,q3g3_s4_00162,q3g3_s4_00162_left_neighbor_removed,left_neighbor_removed,"(1, 1, 1)",933,travelling,0.043701171875,2
q3_radius1,q3g3_s4_00162,q3g3_s4_00162_symbol_phase_only,symbol_phase_only,"(2, 2, 2)",390,travelling,1.0,3
q3_radius1,q3g3_s4_00162,q3g3_s4_00162_left_right_symmetrized_rule,left_right_symmetrized_rule,"(1, 1, 1)",954,domain-wall-like,0.4334716796875,17
q3_radius1,q3g3_s4_00182,q3g3_s4_00182_right_neighbor_removed,right_neighbor_removed,"(2, 2, 2)",988,travelling,0.15185546875,16
q3_radius1,q3g3_s4_00162,q3g3_s4_00239,stratum_null_q3g3_s4_00239,"(2, 2, 2)",406,travelling,0.1201171875,5
q3_radius1,q3g3_s4_00162,q3g3_s4_00132,stratum_null_q3g3_s4_00132,"(2, 2, 2)",124,travelling,0.2750244140625,17
q3_radius1,q3g3_s4_00162,q3g3_s4_00162_output_histogram_random,output_distribution_matched_random,"(1, 1, 1)",369,travelling,0.8433837890625,17
q3_radius1,q3g3_s4_00162,q3g3_s4_00127,stratum_null_q3g3_s4_00127,"(2, 2, 2)",229,travelling,0.34326171875,17
q3_radius1,q3g3_s4_00162,q3g3_s4_00199,stratum_null_q3g3_s4_00199,"(0, 2, 0)",232,travelling,0.069091796875,17
q3_radius1,q3g3_s4_00182,q3g3_s4_00188,stratum_null_q3g3_s4_00188,"(2, 2, 2)",934,travelling,0.1102294921875,17
q3_radius1,q3g3_s4_00182,q3g3_s4_00182_left_right_symmetrized_rule,left_right_symmetrized_rule,"(2, 2, 2)",958,travelling,0.358642578125,17
q3_radius1,q3g3_s4_00210,q3g3_s4_00210_symbol_phase_only,symbol_phase_only,"(0, 2, 1)",5,local-phase-clock-like,0.0,2
q3_radius1,q3g3_s4_00182,q3g3_s4_00182_left_neighbor_removed,left_neighbor_removed,"(2, 2, 2)",945,domain-wall-like,0.3095703125,17
q3_radius1,q3g3_s4_00182,q3g3_s4_00182,raw,"(2, 2, 2)",945,travelling,0.5771484375,17
q3_radius1,q3g3_s4_00182,q3g3_s4_00150,stratum_null_q3g3_s4_00150,"(2, 2, 2)",959,travelling,0.03564453125,2
q3_radius1,q3g3_s4_00182,q3g3_s4_00182_output_histogram_random,output_distribution_matched_random,"(1, 1, 1)",997,travelling,0.384765625,17
q3_radius1,q3g3_s4_00182,q3g3_s4_00085,stratum_null_q3g3_s4_00085,"(0, 2, 0)",241,travelling,0.05615234375,2
q3_radius1,q3g3_s4_00210,q3g3_s4_00210_left_right_symmetrized_rule,left_right_symmetrized_rule,"(1, 1, 1)",657,oscillatory,0.0,3
q3_radius1,q3g3_s4_00210,q3g3_s4_00210_center_only_projection,center_only_projection,"(1, 1, 1)",340,emitter-like,0.0,2
q3_radius1,q3g3_s4_00223,q3g3_s4_00223_center_only_projection,center_only_projection,"(1, 1, 1)",1028,oscillatory,0.0,2
q3_radius1,q3g3_s4_00182,q3g3_s4_00213,stratum_null_q3g3_s4_00213,"(0, 2, 1)",165,emitter-like,0.412109375,17
q3_radius1,q3g3_s4_00210,q3g3_s4_00210_left_neighbor_removed,left_neighbor_removed,"(1, 1, 1)",450,travelling,0.066162109375,2
q3_radius1,q3g3_s4_00210,q3g3_s4_00210,raw,"(1, 1, 1)",124,travelling,0.1654052734375,17
q3_radius1,q3g3_s4_00223,q3g3_s4_00223_symbol_phase_only,symbol_phase_only,"(0, 2, 2)",7,local-phase-clock-like,0.0,2
q3_radius1,q3g3_s4_00210,q3g3_s4_00210_right_neighbor_removed,right_neighbor_removed,"(1, 1, 1)",234,travelling,0.162353515625,17
q3_radius1,q3g3_s4_00210,q3g3_s4_00130,stratum_null_q3g3_s4_00130,"(1, 1, 1)",457,local-phase-clock-like,0.0,5
q3_radius1,q3g3_s4_00210,q3g3_s4_00004,stratum_null_q3g3_s4_00004,"(2, 2, 2)",251,travelling,0.2486572265625,17
q3_radius1,q3g3_s4_00210,q3g3_s4_00019,stratum_null_q3g3_s4_00019,"(2, 2, 2)",981,travelling,0.036376953125,3
q3_radius1,q3g3_s4_00210,q3g3_s4_00210_output_histogram_random,output_distribution_matched_random,"(0, 1, 0)",473,travelling,0.07275390625,4
q3_radius1,q3g3_s4_00210,q3g3_s4_00069,stratum_null_q3g3_s4_00069,"(1, 1, 1)",202,travelling,0.6475830078125,17
q3_radius1,q3g3_s4_00223,q3g3_s4_00223_left_neighbor_removed,left_neighbor_removed,"(1, 1, 1)",1027,oscillatory,0.0,3
q3_radius1,q3g3_s4_00223,q3g3_s4_00223_right_neighbor_removed,right_neighbor_removed,"(1, 1, 1)",978,travelling,0.094970703125,2
q3_radius1,q3g3_s4_00223,q3g3_s4_00223,raw,"(1, 1, 1)",993,travelling,0.330322265625,17
q3_radius1,q3g3_s4_00224,q3g3_s4_00224_symbol_phase_only,symbol_phase_only,"(2, 2, 2)",1027,local-phase-clock-like,0.0,2
q3_radius1,q3g3_s4_00223,q3g3_s4_00045,stratum_null_q3g3_s4_00045,"(1, 1, 1)",988,travelling,0.0238037109375,4
q3_radius1,q3g3_s4_00223,q3g3_s4_00110,stratum_null_q3g3_s4_00110,"(0, 1, 1)",211,travelling,0.1527099609375,17
q3_radius1,q3g3_s4_00223,q3g3_s4_00223_left_right_symmetrized_rule,left_right_symmetrized_rule,"(1, 1, 1)",1027,travelling,0.3782958984375,17
q3_radius1,q3g3_s4_00224,q3g3_s4_00224_center_only_projection,center_only_projection,"(2, 2, 2)",598,emitter-like,0.0,2
q3_radius1,q3g3_s4_00224,q3g3_s4_00224_right_neighbor_removed,right_neighbor_removed,"(2, 2, 2)",595,travelling,0.090087890625,2
q3_radius1,q3g3_s4_00223,q3g3_s4_00025,stratum_null_q3g3_s4_00025,"(1, 1, 1)",167,travelling,0.406005859375,17
q3_radius1,q3g3_s4_00223,q3g3_s4_00223_output_histogram_random,output_distribution_matched_random,"(0, 2, 0)",164,emitter-like,0.527587890625,17
q3_radius1,q3g3_s4_00224,q3g3_s4_00224,raw,"(0, 2, 2)",426,travelling,0.211669921875,17
q3_radius1,q3g3_s4_00224,q3g3_s4_00224_left_neighbor_removed,left_neighbor_removed,"(0, 2, 0)",279,travelling,0.070556640625,2
q3_radius1,q3g3_s4_00223,q3g3_s4_00039,stratum_null_q3g3_s4_00039,"(1, 1, 1)",389,travelling,0.7607421875,17
q3_radius1,q3g3_s4_00232,q3g3_s4_00232_symbol_phase_only,symbol_phase_only,"(2, 2, 2)",1028,local-phase-clock-like,0.0,2
q3_radius1,q3g3_s4_00224,q3g3_s4_00224_left_right_symmetrized_rule,left_right_symmetrized_rule,"(0, 2, 0)",547,travelling,0.43505859375,17
q3_radius1,q3g3_s4_00224,q3g3_s4_00148,stratum_null_q3g3_s4_00148,"(2, 2, 2)",1025,travelling,0.08056640625,6
q3_radius1,q3g3_s4_00224,q3g3_s4_00224_output_histogram_random,output_distribution_matched_random,"(0, 2, 1)",157,travelling,0.6239013671875,17
q3_radius1,q3g3_s4_00224,q3g3_s4_00121,stratum_null_q3g3_s4_00121,"(2, 2, 2)",915,travelling,0.3299560546875,17
q3_radius1,q3g3_s4_00224,q3g3_s4_00090,stratum_null_q3g3_s4_00090,"(2, 2, 2)",978,travelling,0.27392578125,17
q3_radius1,q3g3_s4_00224,q3g3_s4_00180,stratum_null_q3g3_s4_00180,"(2, 2, 2)",991,travelling,0.1275634765625,17
q3_radius1,q3g3_s4_00232,q3g3_s4_00232_right_neighbor_removed,right_neighbor_removed,"(2, 2, 2)",283,emitter-like,0.041259765625,17
q3_radius1,q3g3_s4_00232,q3g3_s4_00232_center_only_projection,center_only_projection,"(2, 2, 2)",370,emitter-like,0.0,2
q3_radius1,q3g3_s4_00232,q3g3_s4_00232_left_neighbor_removed,left_neighbor_removed,"(0, 1, 2)",325,travelling,0.081298828125,2
q3_radius1,q3g3_s4_00232,q3g3_s4_00232,raw,"(0, 1, 0)",491,travelling,0.247314453125,17
q3_radius1,q3g3_s4_00232,q3g3_s4_00143,stratum_null_q3g3_s4_00143,"(2, 2, 2)",927,travelling,0.1580810546875,17
q3_radius1,q3g3_s4_00232,q3g3_s4_00232_output_histogram_random,output_distribution_matched_random,"(2, 2, 2)",1025,oscillatory,0.0,3
q3_radius1,q3g3_s4_00232,q3g3_s4_00232_left_right_symmetrized_rule,left_right_symmetrized_rule,"(0, 1, 0)",361,travelling,0.5833740234375,17
q3_radius1,q3g3_s4_00232,q3g3_s4_00033,stratum_null_q3g3_s4_00033,"(0, 1, 1)",116,travelling,0.358154296875,17
q3_radius1,q3g3_s4_00232,q3g3_s4_00247,stratum_null_q3g3_s4_00247,"(1, 2, 2)",201,travelling,0.69189453125,17
q3_radius1,q3g3_s4_00239,q3g3_s4_00239,raw,"(2, 2, 2)",406,travelling,0.1201171875,5
q3_radius1,q3g3_s4_00239,q3g3_s4_00239_center_only_projection,center_only_projection,"(0, 2, 2)",102,emitter-like,0.0,1
q3_radius1,q3g3_s4_00232,q3g3_s4_00168,stratum_null_q3g3_s4_00168,"(2, 2, 2)",909,travelling,0.514404296875,17
q3_radius1,q3g3_s4_00239,q3g3_s4_00239_left_neighbor_removed,left_neighbor_removed,"(2, 2, 2)",442,travelling,0.089111328125,2
q3_radius1,q3g3_s4_00239,q3g3_s4_00239_symbol_phase_only,symbol_phase_only,"(1, 1, 1)",408,travelling,1.0,3
q3_radius1,q3g3_s4_00239,q3g3_s4_00239_right_neighbor_removed,right_neighbor_removed,"(2, 1, 0)",444,travelling,0.1090087890625,10
q3_radius1,q3g3_s5_00015,q3g3_s5_00015_symbol_phase_only,symbol_phase_only,"(1, 1, 1)",1028,local-phase-clock-like,0.0,2
q3_radius1,q3g3_s4_00239,q3g3_s4_00239_output_histogram_random,output_distribution_matched_random,"(2, 2, 2)",1025,travelling,0.0875244140625,14
q3_radius1,q3g3_s4_00239,q3g3_s4_00162,stratum_null_q3g3_s4_00162,"(1, 1, 1)",916,travelling,0.220458984375,10
q3_radius1,q3g3_s4_00239,q3g3_s4_00239_left_right_symmetrized_rule,left_right_symmetrized_rule,"(0, 2, 0)",203,emitter-like,0.5618896484375,17
q3_radius1,q3g3_s5_00015,q3g3_s5_00015_center_only_projection,center_only_projection,"(0, 1, 1)",229,local-phase-clock-like,0.0,2
q3_radius1,q3g3_s5_00015,q3g3_s5_00015_right_neighbor_removed,right_neighbor_removed,"(1, 1, 1)",634,travelling,0.25,17
q3_radius1,q3g3_s4_00239,q3g3_s4_00132,stratum_null_q3g3_s4_00132,"(2, 2, 2)",124,travelling,0.2750244140625,17
q3_radius1,q3g3_s4_00239,q3g3_s4_00127,stratum_null_q3g3_s4_00127,"(2, 2, 2)",229,travelling,0.34326171875,17
q3_radius1,q3g3_s4_00239,q3g3_s4_00199,stratum_null_q3g3_s4_00199,"(0, 2, 0)",232,travelling,0.069091796875,17
q3_radius1,q3g3_s5_00015,q3g3_s5_00015_left_neighbor_removed,left_neighbor_removed,"(0, 1, 0)",148,travelling,0.04638671875,2
q3_radius1,q3g3_s5_00020,q3g3_s5_00020_right_neighbor_removed,right_neighbor_removed,"(1, 1, 1)",11,local-phase-clock-like,0.0,3
q3_radius1,q3g3_s5_00015,q3g3_s5_00015,raw,"(1, 1, 1)",357,travelling,0.653564453125,17
q3_radius1,q3g3_s5_00020,q3g3_s5_00020_left_right_symmetrized_rule,left_right_symmetrized_rule,"(2, 1, 2)",55,local-phase-clock-like,0.0,2
q3_radius1,q3g3_s5_00015,q3g3_s5_00060,stratum_null_q3g3_s5_00060,"(2, 2, 2)",401,travelling,0.42724609375,17
q3_radius1,q3g3_s5_00015,q3g3_s5_00015_left_right_symmetrized_rule,left_right_symmetrized_rule,"(0, 1, 0)",242,emitter-like,0.572998046875,17
q3_radius1,q3g3_s5_00015,q3g3_s5_00015_output_histogram_random,output_distribution_matched_random,"(1, 1, 1)",370,travelling,0.2672119140625,17
q3_radius1,q3g3_s5_00015,q3g3_s5_00164,stratum_null_q3g3_s5_00164,"(1, 1, 1)",435,travelling,0.6419677734375,17
q3_radius1,q3g3_s5_00020,q3g3_s5_00020_center_only_projection,center_only_projection,"(0, 1, 0)",308,local-phase-clock-like,0.0,2
q3_radius1,q3g3_s5_00020,q3g3_s5_00020,raw,"(0, 2, 1)",125,travelling,0.2779541015625,17
q3_radius1,q3g3_s5_00015,q3g3_s5_00066,stratum_null_q3g3_s5_00066,"(0, 2, 0)",150,travelling,0.4080810546875,17
q3_radius1,q3g3_s5_00060,q3g3_s5_00060_symbol_phase_only,symbol_phase_only,"(0, 1, 0)",10,local-phase-clock-like,0.0,2
q3_radius1,q3g3_s5_00060,q3g3_s5_00060_left_neighbor_removed,left_neighbor_removed,"(1, 1, 1)",291,domain-wall-like,0.276123046875,17
q3_radius1,q3g3_s5_00020,q3g3_s5_00020_symbol_phase_only,symbol_phase_only,"(1, 1, 1)",375,local-phase-clock-like,0.0,2
q3_radius1,q3g3_s5_00015,q3g3_s5_00146,stratum_null_q3g3_s5_00146,"(0, 2, 0)",445,travelling,0.408935546875,17
q3_radius1,q3g3_s5_00020,q3g3_s5_00020_output_histogram_random,output_distribution_matched_random,"(0, 1, 1)",172,travelling,0.15087890625,17
q3_radius1,q3g3_s5_00060,q3g3_s5_00060_left_right_symmetrized_rule,left_right_symmetrized_rule,"(2, 2, 2)",447,travelling,0.25,17
q3_radius1,q3g3_s5_00060,q3g3_s5_00060,raw,"(2, 2, 2)",401,travelling,0.42724609375,17
q3_radius1,q3g3_s5_00020,q3g3_s5_00083,stratum_null_q3g3_s5_00083,"(1, 1, 2)",158,emitter-like,0.4996337890625,17
q3_radius1,q3g3_s5_00020,q3g3_s5_00020_left_neighbor_removed,left_neighbor_removed,"(0, 1, 0)",347,travelling,0.2528076171875,17
q3_radius1,q3g3_s5_00060,q3g3_s5_00060_right_neighbor_removed,right_neighbor_removed,"(1, 1, 1)",720,travelling,0.13818359375,17
q3_radius1,q3g3_s5_00020,q3g3_s5_00141,stratum_null_q3g3_s5_00141,"(0, 1, 0)",134,travelling,0.2747802734375,17
q3_radius1,q3g3_s5_00020,q3g3_s5_00198,stratum_null_q3g3_s5_00198,"(1, 2, 0)",162,travelling,0.3677978515625,17
q3_radius1,q3g3_s5_00020,q3g3_s5_00294,stratum_null_q3g3_s5_00294,"(1, 2, 1)",150,travelling,0.2886962890625,17
q3_radius1,q3g3_s5_00060,q3g3_s5_00060_center_only_projection,center_only_projection,"(1, 1, 1)",136,emitter-like,0.0,1
q3_radius1,q3g3_s5_00075,q3g3_s5_00075_center_only_projection,center_only_projection,"(0, 1, 2)",7,local-phase-clock-like,0.0,2
q3_radius1,q3g3_s5_00060,q3g3_s5_00060_output_histogram_random,output_distribution_matched_random,"(0, 1, 0)",710,emitter-like,0.272216796875,17
q3_radius1,q3g3_s5_00065,q3g3_s5_00065_center_only_projection,center_only_projection,"(0, 1, 0)",276,local-phase-clock-like,0.0,2
q3_radius1,q3g3_s5_00060,q3g3_s5_00164,stratum_null_q3g3_s5_00164,"(1, 1, 1)",435,travelling,0.6419677734375,17
q3_radius1,q3g3_s5_00060,q3g3_s5_00015,stratum_null_q3g3_s5_00015,"(1, 1, 1)",357,travelling,0.653564453125,17
q3_radius1,q3g3_s5_00065,q3g3_s5_00065_left_right_symmetrized_rule,left_right_symmetrized_rule,"(1, 1, 1)",224,local-phase-clock-like,0.0,2
q3_radius1,q3g3_s5_00065,q3g3_s5_00065_left_neighbor_removed,left_neighbor_removed,"(0, 1, 0)",165,emitter-like,0.095947265625,15
q3_radius1,q3g3_s5_00065,q3g3_s5_00065_right_neighbor_removed,right_neighbor_removed,"(0, 1, 0)",355,local-phase-clock-like,0.0,2
q3_radius1,q3g3_s5_00060,q3g3_s5_00066,stratum_null_q3g3_s5_00066,"(0, 2, 0)",150,travelling,0.4080810546875,17
q3_radius1,q3g3_s5_00065,q3g3_s5_00065,raw,"(1, 1, 1)",260,travelling,0.343505859375,17
q3_radius1,q3g3_s5_00065,q3g3_s5_00065_symbol_phase_only,symbol_phase_only,"(0, 1, 0)",85,emitter-like,0.0,1
q3_radius1,q3g3_s5_00060,q3g3_s5_00146,stratum_null_q3g3_s5_00146,"(0, 2, 0)",445,travelling,0.408935546875,17
q3_radius1,q3g3_s5_00065,q3g3_s5_00126,stratum_null_q3g3_s5_00126,"(2, 2, 2)",366,travelling,0.1341552734375,17
q3_radius1,q3g3_s5_00075,q3g3_s5_00075_left_right_symmetrized_rule,left_right_symmetrized_rule,"(2, 2, 0)",7,local-phase-clock-like,0.0,3
q3_radius1,q3g3_s5_00065,q3g3_s5_00065_output_histogram_random,output_distribution_matched_random,"(0, 1, 1)",367,emitter-like,0.275634765625,17
q3_radius1,q3g3_s5_00065,q3g3_s5_00094,stratum_null_q3g3_s5_00094,"(0, 1, 0)",273,travelling,0.06298828125,4
q3_radius1,q3g3_s5_00075,q3g3_s5_00075,raw,"(0, 2, 0)",473,travelling,0.283203125,17
q3_radius1,q3g3_s5_00065,q3g3_s5_00182,stratum_null_q3g3_s5_00182,"(0, 2, 2)",233,emitter-like,0.481201171875,17
q3_radius1,q3g3_s5_00065,q3g3_s5_00030,stratum_null_q3g3_s5_00030,"(0, 2, 0)",189,travelling,0.600830078125,17
q3_radius1,q3g3_s5_00078,q3g3_s5_00078_symbol_phase_only,symbol_phase_only,"(2, 2, 2)",1026,oscillatory,0.0,2
q3_radius1,q3g3_s5_00075,q3g3_s5_00075_right_neighbor_removed,right_neighbor_removed,"(0, 2, 0)",244,travelling,0.02294921875,2
q3_radius1,q3g3_s5_00075,q3g3_s5_00075_left_neighbor_removed,left_neighbor_removed,"(0, 1, 0)",353,travelling,0.04052734375,2
q3_radius1,q3g3_s5_00075,q3g3_s5_00075_symbol_phase_only,symbol_phase_only,"(0, 2, 0)",278,local-phase-clock-like,0.0,2
q3_radius1,q3g3_s5_00078,q3g3_s5_00078_left_neighbor_removed,left_neighbor_removed,"(0, 1, 0)",395,emitter-like,0.13720703125,16
q3_radius1,q3g3_s5_00075,q3g3_s5_00165,stratum_null_q3g3_s5_00165,"(0, 2, 0)",209,travelling,0.2244873046875,17
q3_radius1,q3g3_s5_00078,q3g3_s5_00078_center_only_projection,center_only_projection,"(0, 2, 0)",309,local-phase-clock-like,0.0,2
q3_radius1,q3g3_s5_00075,q3g3_s5_00003,stratum_null_q3g3_s5_00003,"(2, 2, 2)",256,travelling,0.3497314453125,17
q3_radius1,q3g3_s5_00075,q3g3_s5_00075_output_histogram_random,output_distribution_matched_random,"(2, 2, 2)",906,travelling,0.6322021484375,17
q3_radius1,q3g3_s5_00078,q3g3_s5_00078_left_right_symmetrized_rule,left_right_symmetrized_rule,"(1, 1, 1)",402,travelling,0.3614501953125,17
q3_radius1,q3g3_s5_00078,q3g3_s5_00078,raw,"(0, 1, 2)",262,travelling,0.6832275390625,17
q3_radius1,q3g3_s5_00075,q3g3_s5_00107,stratum_null_q3g3_s5_00107,"(2, 1, 0)",247,travelling,0.51611328125,17
q3_radius1,q3g3_s5_00075,q3g3_s5_00186,stratum_null_q3g3_s5_00186,"(0, 2, 0)",221,travelling,0.6270751953125,17
q3_radius1,q3g3_s5_00078,q3g3_s5_00078_output_histogram_random,output_distribution_matched_random,"(2, 2, 2)",986,domain-wall-like,0.44091796875,17
q3_radius1,q3g3_s5_00078,q3g3_s5_00254,stratum_null_q3g3_s5_00254,"(1, 1, 1)",221,travelling,0.4541015625,17
q3_radius1,q3g3_s5_00078,q3g3_s5_00078_right_neighbor_removed,right_neighbor_removed,"(0, 1, 0)",510,travelling,0.251953125,17
q3_radius1,q3g3_s5_00078,q3g3_s5_00331,stratum_null_q3g3_s5_00331,"(0, 1, 0)",303,local-phase-clock-like,0.0,4
q3_radius1,q3g3_s5_00090,q3g3_s5_00090_left_neighbor_removed,left_neighbor_removed,"(2, 2, 2)",272,emitter-like,0.1717529296875,17
q3_radius1,q3g3_s5_00090,q3g3_s5_00090_center_only_projection,center_only_projection,"(0, 1, 0)",260,local-phase-clock-like,0.0,2
q3_radius1,q3g3_s5_00078,q3g3_s5_00079,stratum_null_q3g3_s5_00079,"(2, 2, 2)",197,travelling,0.699951171875,17
q3_radius1,q3g3_s5_00078,q3g3_s5_00170,stratum_null_q3g3_s5_00170,"(0, 1, 1)",129,travelling,0.6541748046875,17
q3_radius1,q3g3_s5_00090,q3g3_s5_00090_right_neighbor_removed,right_neighbor_removed,"(0, 2, 0)",563,travelling,0.02978515625,2
q3_radius1,q3g3_s5_00090,q3g3_s5_00090,raw,"(2, 2, 2)",227,emitter-like,0.6331787109375,17
q3_radius1,q3g3_s5_00114,q3g3_s5_00114_symbol_phase_only,symbol_phase_only,"(2, 2, 2)",1028,local-phase-clock-like,0.0,2
q3_radius1,q3g3_s5_00090,q3g3_s5_00090_symbol_phase_only,symbol_phase_only,"(0, 1, 0)",85,local-phase-clock-like,0.0,1
q3_radius1,q3g3_s5_00090,q3g3_s5_00090_left_right_symmetrized_rule,left_right_symmetrized_rule,"(0, 1, 0)",193,travelling,0.5400390625,17
q3_radius1,q3g3_s5_00090,q3g3_s5_00091,stratum_null_q3g3_s5_00091,"(1, 2, 2)",102,travelling,0.4024658203125,17
q3_radius1,q3g3_s5_00090,q3r1_s5_0016,stratum_null_q3r1_s5_0016,"(0, 1, 2)",182,travelling,0.6444091796875,17
q3_radius1,q3g3_s5_00114,q3g3_s5_00114_right_neighbor_removed,right_neighbor_removed,"(2, 2, 2)",869,travelling,0.2540283203125,17
q3_radius1,q3g3_s5_00114,q3g3_s5_00114_center_only_projection,center_only_projection,"(2, 2, 2)",309,local-phase-clock-like,0.0,2
q3_radius1,q3g3_s5_00090,q3g3_s5_00090_output_histogram_random,output_distribution_matched_random,"(1, 1, 1)",324,travelling,0.7021484375,17
q3_radius1,q3g3_s5_00114,q3g3_s5_00114_output_histogram_random,output_distribution_matched_random,"(2, 2, 2)",1025,local-phase-clock-like,0.0,3
q3_radius1,q3g3_s5_00114,q3g3_s5_00114,raw,"(2, 2, 2)",241,travelling,0.5625,17
q3_radius1,q3g3_s5_00090,q3g3_s5_00200,stratum_null_q3g3_s5_00200,"(0, 1, 2)",294,travelling,0.4542236328125,17
q3_radius1,q3g3_s5_00090,q3g3_s5_00277,stratum_null_q3g3_s5_00277,"(0, 1, 0)",504,travelling,0.43994140625,17
q3_radius1,q3g3_s5_00114,q3g3_s5_00114_left_neighbor_removed,left_neighbor_removed,"(0, 2, 0)",737,emitter-like,0.06884765625,17
q3_radius1,q3g3_s5_00115,q3g3_s5_00115_symbol_phase_only,symbol_phase_only,"(2, 2, 2)",1025,local-phase-clock-like,0.0,2
q3_radius1,q3g3_s5_00114,q3g3_s5_00206,stratum_null_q3g3_s5_00206,"(0, 2, 0)",198,local-phase-clock-like,0.0,2
q3_radius1,q3g3_s5_00114,q3g3_s5_00114_left_right_symmetrized_rule,left_right_symmetrized_rule,"(0, 1, 2)",160,emitter-like,0.642822265625,17
q3_radius1,q3g3_s5_00114,q3g3_s5_00155,stratum_null_q3g3_s5_00155,"(2, 2, 0)",211,travelling,0.051025390625,4
q3_radius1,q3g3_s5_00115,q3g3_s5_00115_left_right_symmetrized_rule,left_right_symmetrized_rule,"(1, 1, 1)",34,local-phase-clock-like,0.0048828125,16
q3_radius1,q3g3_s5_00115,q3g3_s5_00115_right_neighbor_removed,right_neighbor_removed,"(2, 2, 2)",473,travelling,0.248779296875,17
q3_radius1,q3g3_s5_00114,q3g3_s5_00119,stratum_null_q3g3_s5_00119,"(0, 1, 0)",275,travelling,0.01953125,2
q3_radius1,q3g3_s5_00115,q3g3_s5_00115,raw,"(2, 2, 2)",217,travelling,0.76611328125,17
q3_radius1,q3g3_s5_00115,q3g3_s5_00115_center_only_projection,center_only_projection,"(2, 2, 2)",352,local-phase-clock-like,0.0,2
q3_radius1,q3g3_s5_00114,q3g3_s5_00096,stratum_null_q3g3_s5_00096,"(0, 2, 0)",339,travelling,0.125244140625,17
q3_radius1,q3g3_s5_00115,q3g3_s5_00115_left_neighbor_removed,left_neighbor_removed,"(0, 2, 0)",744,emitter-like,0.19140625,17
q3_radius1,q3g3_s5_00126,q3g3_s5_00126_left_neighbor_removed,left_neighbor_removed,"(1, 1, 1)",244,domain-wall-like,0.274658203125,17
q3_radius1,q3g3_s5_00115,q3g3_s5_00115_output_histogram_random,output_distribution_matched_random,"(2, 2, 2)",941,travelling,0.233154296875,17
q3_radius1,q3g3_s5_00115,q3g3_s5_00095,stratum_null_q3g3_s5_00095,"(2, 2, 2)",892,domain-wall-like,0.4554443359375,17
q3_radius1,q3g3_s5_00115,q3g3_s5_00123,stratum_null_q3g3_s5_00123,"(2, 2, 2)",279,travelling,0.58154296875,17
q3_radius1,q3g3_s5_00126,q3g3_s5_00126_left_right_symmetrized_rule,left_right_symmetrized_rule,"(2, 2, 2)",353,local-phase-clock-like,0.0,2
q3_radius1,q3g3_s5_00143,q3g3_s5_00143_left_neighbor_removed,left_neighbor_removed,"(0, 1, 1)",9,local-phase-clock-like,0.0,3
q3_radius1,q3g3_s5_00115,q3g3_s5_00004,stratum_null_q3g3_s5_00004,"(2, 2, 2)",184,travelling,0.34716796875,17
q3_radius1,q3g3_s5_00143,q3g3_s5_00143_right_neighbor_removed,right_neighbor_removed,"(0, 2, 2)",8,local-phase-clock-like,0.0,4
q3_radius1,q3g3_s5_00126,q3g3_s5_00126,raw,"(2, 2, 2)",366,travelling,0.1341552734375,17
q3_radius1,q3g3_s5_00126,q3g3_s5_00126_center_only_projection,center_only_projection,"(2, 2, 2)",356,local-phase-clock-like,0.0,2
q3_radius1,q3g3_s5_00126,q3g3_s5_00126_right_neighbor_removed,right_neighbor_removed,"(2, 2, 2)",871,travelling,0.1400146484375,17
q3_radius1,q3g3_s5_00115,q3g3_s5_00351,stratum_null_q3g3_s5_00351,"(1, 1, 1)",393,travelling,0.612548828125,17
q3_radius1,q3g3_s5_00143,q3g3_s5_00143_symbol_phase_only,symbol_phase_only,"(1, 1, 1)",1028,oscillatory,0.0,2
q3_radius1,q3g3_s5_00126,q3g3_s5_00126_symbol_phase_only,symbol_phase_only,"(2, 2, 2)",337,local-phase-clock-like,0.0,2
q3_radius1,q3g3_s5_00126,q3g3_s5_00126_output_histogram_random,output_distribution_matched_random,"(0, 2, 2)",258,travelling,0.0986328125,3
q3_radius1,q3g3_s5_00126,q3g3_s5_00065,stratum_null_q3g3_s5_00065,"(1, 1, 1)",260,travelling,0.343505859375,17
q3_radius1,q3g3_s5_00143,q3g3_s5_00143_center_only_projection,center_only_projection,"(0, 1, 0)",262,local-phase-clock-like,0.0,2
q3_radius1,q3g3_s5_00126,q3g3_s5_00094,stratum_null_q3g3_s5_00094,"(0, 1, 0)",273,travelling,0.06298828125,4
q3_radius1,q3g3_s5_00176,q3g3_s5_00176_right_neighbor_removed,right_neighbor_removed,"(2, 1, 2)",297,domain-wall-like,0.25,17
q3_radius1,q3g3_s5_00126,q3g3_s5_00030,stratum_null_q3g3_s5_00030,"(0, 2, 0)",189,travelling,0.600830078125,17
q3_radius1,q3g3_s5_00126,q3g3_s5_00182,stratum_null_q3g3_s5_00182,"(0, 2, 2)",233,emitter-like,0.481201171875,17
q3_radius1,q3g3_s5_00143,q3g3_s5_00143,raw,"(0, 2, 0)",190,travelling,0.1627197265625,17
q3_radius1,q3g3_s5_00143,q3g3_s5_00143_left_right_symmetrized_rule,left_right_symmetrized_rule,"(0, 1, 0)",195,travelling,0.36669921875,17
q3_radius1,q3g3_s5_00176,q3g3_s5_00176_left_right_symmetrized_rule,left_right_symmetrized_rule,"(1, 2, 1)",266,domain-wall-like,0.458740234375,17
q3_radius1,q3g3_s5_00176,q3g3_s5_00176_left_neighbor_removed,left_neighbor_removed,"(1, 1, 1)",540,travelling,0.3201904296875,17
q3_radius1,q3g3_s5_00143,q3g3_s5_00116,stratum_null_q3g3_s5_00116,"(1, 2, 2)",116,travelling,0.2423095703125,17
q3_radius1,q3g3_s5_00176,q3g3_s5_00176_center_only_projection,center_only_projection,"(0, 2, 1)",119,emitter-like,0.0,1
q3_radius1,q3g3_s5_00143,q3g3_s5_00143_output_histogram_random,output_distribution_matched_random,"(0, 1, 2)",114,travelling,0.6702880859375,17
q3_radius1,q3g3_s5_00176,q3g3_s5_00176,raw,"(1, 1, 1)",582,travelling,0.71142578125,17
q3_radius1,q3g3_s5_00176,q3g3_s5_00176_output_histogram_random,output_distribution_matched_random,"(1, 2, 1)",291,travelling,0.45849609375,17
q3_radius1,q3g3_s5_00143,q3g3_s5_00349,stratum_null_q3g3_s5_00349,"(0, 1, 1)",181,travelling,0.270751953125,17
q3_radius1,q3g3_s5_00143,q3g3_s5_00062,stratum_null_q3g3_s5_00062,"(0, 2, 0)",952,travelling,0.34033203125,17
q3_radius1,q3g3_s5_00176,q3g3_s5_00176_symbol_phase_only,symbol_phase_only,"(2, 2, 2)",402,travelling,1.0,3
q3_radius1,q3g3_s5_00183,q3g3_s5_00183_left_neighbor_removed,left_neighbor_removed,"(0, 1, 2)",6,local-phase-clock-like,0.0,5
q3_radius1,q3g3_s5_00143,q3g3_s5_00046,stratum_null_q3g3_s5_00046,"(0, 2, 0)",646,emitter-like,0.380859375,17
q3_radius1,q3g3_s5_00176,q3g3_s5_00286,stratum_null_q3g3_s5_00286,"(2, 2, 1)",155,travelling,0.5858154296875,17
q3_radius1,q3g3_s5_00176,q3g3_s5_00063,stratum_null_q3g3_s5_00063,"(0, 2, 2)",252,travelling,0.071044921875,2
q3_radius1,q3g3_s5_00183,q3g3_s5_00183,raw,"(2, 2, 2)",134,travelling,0.272216796875,17
q3_radius1,q3g3_s5_00183,q3g3_s5_00183_center_only_projection,center_only_projection,"(0, 2, 2)",136,emitter-like,0.0,1
q3_radius1,q3g3_s5_00176,q3g3_s5_00077,stratum_null_q3g3_s5_00077,"(2, 1, 2)",114,travelling,0.6971435546875,17
q3_radius1,q3g3_s5_00199,q3g3_s5_00199_left_neighbor_removed,left_neighbor_removed,"(1, 1, 1)",862,oscillatory,0.1265869140625,17
q3_radius1,q3g3_s5_00176,q3g3_s5_00084,stratum_null_q3g3_s5_00084,"(0, 2, 2)",174,emitter-like,0.5152587890625,17
q3_radius1,q3g3_s5_00183,q3g3_s5_00183_left_right_symmetrized_rule,left_right_symmetrized_rule,"(0, 1, 0)",388,emitter-like,0.0,2
q3_radius1,q3g3_s5_00183,q3g3_s5_00183_symbol_phase_only,symbol_phase_only,"(1, 1, 1)",290,local-phase-clock-like,0.0,2
q3_radius1,q3g3_s5_00199,q3g3_s5_00199_symbol_phase_only,symbol_phase_only,"(1, 1, 1)",1032,local-phase-clock-like,0.0,2
q3_radius1,q3g3_s5_00183,q3g3_s5_00183_right_neighbor_removed,right_neighbor_removed,"(0, 2, 0)",875,travelling,0.090087890625,6
q3_radius1,q3g3_s5_00183,q3g3_s5_00251,stratum_null_q3g3_s5_00251,"(0, 2, 2)",197,travelling,0.059326171875,6
q3_radius1,q3g3_s5_00183,q3g3_s5_00007,stratum_null_q3g3_s5_00007,"(0, 2, 0)",174,travelling,0.0811767578125,17
q3_radius1,q3g3_s5_00183,q3g3_s5_00183_output_histogram_random,output_distribution_matched_random,"(2, 2, 2)",906,domain-wall-like,0.6634521484375,17
q3_radius1,q3g3_s5_00199,q3g3_s5_00199_center_only_projection,center_only_projection,"(1, 1, 1)",421,local-phase-clock-like,0.0,2
q3_radius1,q3g3_s5_00199,q3g3_s5_00199,raw,"(1, 1, 1)",182,travelling,0.5400390625,17
q3_radius1,q3g3_s5_00183,q3g3_s5_00282,stratum_null_q3g3_s5_00282,"(2, 1, 2)",212,emitter-like,0.4688720703125,17
q3_radius1,q3g3_s5_00204,q3g3_s5_00204_center_only_projection,center_only_projection,"(2, 2, 2)",6,local-phase-clock-like,0.0,2
q3_radius1,q3g3_s5_00199,q3g3_s5_00199_right_neighbor_removed,right_neighbor_removed,"(1, 1, 1)",351,travelling,0.10400390625,2
q3_radius1,q3g3_s5_00183,q3g3_s5_00313,stratum_null_q3g3_s5_00313,"(0, 1, 0)",326,travelling,0.32763671875,17
q3_radius1,q3g3_s5_00199,q3g3_s5_00199_left_right_symmetrized_rule,left_right_symmetrized_rule,"(0, 2, 0)",534,local-phase-clock-like,0.0,3
q3_radius1,q3g3_s5_00204,q3g3_s5_00204_left_right_symmetrized_rule,left_right_symmetrized_rule,"(0, 1, 1)",117,local-phase-clock-like,0.0,2
q3_radius1,q3g3_s5_00199,q3g3_s5_00296,stratum_null_q3g3_s5_00296,"(0, 1, 2)",234,travelling,0.125,5
q3_radius1,q3g3_s5_00199,q3g3_s5_00199_output_histogram_random,output_distribution_matched_random,"(1, 2, 1)",131,travelling,0.57666015625,17
q3_radius1,q3g3_s5_00199,q3g3_s5_00000,stratum_null_q3g3_s5_00000,"(2, 1, 1)",117,domain-wall-like,0.6246337890625,17
q3_radius1,q3g3_s5_00199,q3g3_s5_00100,stratum_null_q3g3_s5_00100,"(0, 2, 2)",211,emitter-like,0.442626953125,17
q3_radius1,q3g3_s5_00199,q3g3_s5_00300,stratum_null_q3g3_s5_00300,"(2, 2, 2)",434,travelling,0.436279296875,17
q3_radius1,q3g3_s5_00204,q3g3_s5_00204_symbol_phase_only,symbol_phase_only,"(0, 1, 0)",294,local-phase-clock-like,0.0,2
q3_radius1,q3g3_s5_00204,q3g3_s5_00204_left_neighbor_removed,left_neighbor_removed,"(0, 1, 0)",471,emitter-like,0.0,2
q3_radius1,q3g3_s5_00204,q3g3_s5_00204,raw,"(0, 1, 0)",307,travelling,0.2271728515625,17
q3_radius1,q3g3_s5_00204,q3g3_s5_00204_right_neighbor_removed,right_neighbor_removed,"(0, 2, 0)",158,travelling,0.1513671875,17
q3_radius1,q3g3_s5_00204,q3g3_s5_00233,stratum_null_q3g3_s5_00233,"(0, 1, 2)",153,travelling,0.17041015625,17
q3_radius1,q3g3_s5_00204,q3g3_s5_00081,stratum_null_q3g3_s5_00081,"(1, 2, 0)",146,travelling,0.3568115234375,17
q3_radius1,q3g3_s5_00204,q3g3_s5_00076,stratum_null_q3g3_s5_00076,"(1, 1, 1)",209,travelling,0.06201171875,4
q3_radius1,q3g3_s5_00214,q3g3_s5_00214_center_only_projection,center_only_projection,"(0, 1, 0)",136,local-phase-clock-like,0.0,1
q3_radius1,q3g3_s5_00204,q3g3_s5_00335,stratum_null_q3g3_s5_00335,"(1, 1, 2)",210,travelling,0.596923828125,17
q3_radius1,q3g3_s5_00214,q3g3_s5_00214,raw,"(1, 1, 1)",300,travelling,0.1405029296875,17
q3_radius1,q3g3_s5_00204,q3g3_s5_00204_output_histogram_random,output_distribution_matched_random,"(1, 1, 1)",994,travelling,0.5865478515625,17
q3_radius1,q3g3_s5_00214,q3g3_s5_00214_left_neighbor_removed,left_neighbor_removed,"(0, 1, 0)",372,travelling,0.047607421875,2
q3_radius1,q3g3_s5_00214,q3g3_s5_00214_right_neighbor_removed,right_neighbor_removed,"(1, 2, 1)",131,local-phase-clock-like,0.0,2
q3_radius1,q3g3_s5_00214,q3g3_s5_00214_left_right_symmetrized_rule,left_right_symmetrized_rule,"(0, 1, 0)",93,travelling,0.01416015625,5
q3_radius1,q3g3_s5_00214,q3g3_s5_00214_symbol_phase_only,symbol_phase_only,"(0, 2, 0)",119,local-phase-clock-like,0.0,1
q3_radius1,q3g3_s5_00214,q3g3_s5_00214_output_histogram_random,output_distribution_matched_random,"(1, 1, 1)",977,travelling,0.1865234375,17
q3_radius1,q3g3_s5_00221,q3g3_s5_00221_center_only_projection,center_only_projection,"(0, 1, 0)",373,local-phase-clock-like,0.0,2
q3_radius1,q3g3_s5_00221,q3g3_s5_00221_left_right_symmetrized_rule,left_right_symmetrized_rule,"(0, 2, 0)",305,local-phase-clock-like,0.0013427734375,4
q3_radius1,q3g3_s5_00221,q3g3_s5_00221_right_neighbor_removed,right_neighbor_removed,"(0, 2, 0)",308,local-phase-clock-like,0.0,2
q3_radius1,q3g3_s5_00214,q3g3_s5_00275,stratum_null_q3g3_s5_00275,"(0, 2, 1)",260,travelling,0.4398193359375,17
q3_radius1,q3g3_s5_00214,q3g3_s5_00237,stratum_null_q3g3_s5_00237,"(0, 1, 0)",436,travelling,0.4608154296875,17
q3_radius1,q3g3_s5_00233,q3g3_s5_00233_left_neighbor_removed,left_neighbor_removed,"(2, 1, 0)",8,local-phase-clock-like,0.0,3
q3_radius1,q3g3_s5_00214,q3g3_s5_00252,stratum_null_q3g3_s5_00252,"(0, 1, 1)",175,travelling,0.610595703125,17
q3_radius1,q3g3_s5_00214,q3g3_s5_00161,stratum_null_q3g3_s5_00161,"(0, 1, 0)",168,emitter-like,0.309326171875,17
q3_radius1,q3g3_s5_00221,q3g3_s5_00221,raw,"(1, 1, 1)",481,travelling,0.276611328125,17
q3_radius1,q3g3_s5_00221,q3g3_s5_00221_output_histogram_random,output_distribution_matched_random,"(1, 1, 1)",425,travelling,0.927734375,17
q3_radius1,q3g3_s5_00221,q3g3_s5_00221_left_neighbor_removed,left_neighbor_removed,"(0, 1, 0)",499,emitter-like,0.18359375,17
q3_radius1,q3g3_s5_00221,q3g3_s5_00221_symbol_phase_only,symbol_phase_only,"(0, 2, 2)",136,local-phase-clock-like,0.0,1
q3_radius1,q3g3_s5_00221,q3g3_s5_00343,stratum_null_q3g3_s5_00343,"(2, 2, 2)",650,travelling,0.1358642578125,14
q3_radius1,q3g3_s5_00221,q3g3_s5_00366,stratum_null_q3g3_s5_00366,"(1, 1, 1)",285,emitter-like,0.4791259765625,17
q3_radius1,q3g3_s5_00221,q3g3_s5_00240,stratum_null_q3g3_s5_00240,"(0, 1, 0)",951,travelling,0.23779296875,17
q3_radius1,q3g3_s5_00233,q3g3_s5_00233,raw,"(0, 1, 2)",153,travelling,0.17041015625,17
q3_radius1,q3g3_s5_00233,q3g3_s5_00233_center_only_projection,center_only_projection,"(0, 2, 0)",261,local-phase-clock-like,0.0,2
q3_radius1,q3g3_s5_00221,q3g3_s5_00135,stratum_null_q3g3_s5_00135,"(2, 2, 2)",228,travelling,0.556640625,17
q3_radius1,q3g3_s5_00244,q3g3_s5_00244_left_neighbor_removed,left_neighbor_removed,"(2, 2, 2)",823,oscillatory,0.12744140625,17
q3_radius1,q3g3_s5_00244,q3g3_s5_00244_symbol_phase_only,symbol_phase_only,"(2, 2, 2)",1027,oscillatory,0.0,2
q3_radius1,q3g3_s5_00233,q3g3_s5_00233_left_right_symmetrized_rule,left_right_symmetrized_rule,"(0, 1, 0)",119,travelling,0.0,2
q3_radius1,q3g3_s5_00233,q3g3_s5_00233_symbol_phase_only,symbol_phase_only,"(0, 2, 0)",241,local-phase-clock-like,0.0,2
q3_radius1,q3g3_s5_00233,q3g3_s5_00233_right_neighbor_removed,right_neighbor_removed,"(0, 2, 0)",168,travelling,0.0712890625,2
q3_radius1,q3g3_s5_00244,q3g3_s5_00244_center_only_projection,center_only_projection,"(0, 2, 2)",309,local-phase-clock-like,0.0,2
q3_radius1,q3g3_s5_00264,q3g3_s5_00264_center_only_projection,center_only_projection,"(0, 1, 1)",8,local-phase-clock-like,0.0,2
q3_radius1,q3g3_s5_00233,q3g3_s5_00081,stratum_null_q3g3_s5_00081,"(1, 2, 0)",146,travelling,0.3568115234375,17
q3_radius1,q3g3_s5_00233,q3g3_s5_00076,stratum_null_q3g3_s5_00076,"(1, 1, 1)",209,travelling,0.06201171875,4
q3_radius1,q3g3_s5_00244,q3g3_s5_00244,raw,"(2, 1, 1)",136,travelling,0.4327392578125,17
q3_radius1,q3g3_s5_00244,q3g3_s5_00244_right_neighbor_removed,right_neighbor_removed,"(0, 1, 0)",593,travelling,0.037109375,2
q3_radius1,q3g3_s5_00244,q3g3_s5_00244_left_right_symmetrized_rule,left_right_symmetrized_rule,"(0, 1, 0)",196,emitter-like,0.0,3
q3_radius1,q3g3_s5_00233,q3g3_s5_00335,stratum_null_q3g3_s5_00335,"(1, 1, 2)",210,travelling,0.596923828125,17
q3_radius1,q3g3_s5_00233,q3g3_s5_00233_output_histogram_random,output_distribution_matched_random,"(1, 1, 1)",1024,travelling,0.4041748046875,17
q3_radius1,q3g3_s5_00233,q3g3_s5_00204,stratum_null_q3g3_s5_00204,"(0, 1, 0)",307,travelling,0.2271728515625,17
q3_radius1,q3g3_s5_00264,q3g3_s5_00264_right_neighbor_removed,right_neighbor_removed,"(0, 2, 0)",7,local-phase-clock-like,0.0,2
q3_radius1,q3g3_s5_00264,q3g3_s5_00264_left_right_symmetrized_rule,left_right_symmetrized_rule,"(0, 1, 1)",7,local-phase-clock-like,0.0,2
q3_radius1,q3g3_s5_00264,q3g3_s5_00264_symbol_phase_only,symbol_phase_only,"(0, 1, 1)",8,local-phase-clock-like,0.0,2
q3_radius1,q3g3_s5_00244,q3g3_s5_00244_output_histogram_random,output_distribution_matched_random,"(1, 1, 1)",927,travelling,0.5079345703125,17
q3_radius1,q3g3_s5_00244,q3g3_s5_00159,stratum_null_q3g3_s5_00159,"(0, 2, 0)",203,travelling,0.0526123046875,5
q3_radius1,q3g3_s5_00244,q3g3_s5_00207,stratum_null_q3g3_s5_00207,"(0, 2, 0)",271,travelling,0.0950927734375,17
q3_radius1,q3g3_s5_00244,q3g3_s5_00014,stratum_null_q3g3_s5_00014,"(0, 2, 0)",244,emitter-like,0.275634765625,17
q3_radius1,q3g3_s5_00244,q3g3_s5_00248,stratum_null_q3g3_s5_00248,"(0, 2, 0)",509,travelling,0.633544921875,17
q3_radius1,q3g3_s5_00264,q3g3_s5_00264,raw,"(0, 1, 1)",351,travelling,0.2249755859375,17
q3_radius1,q3g3_s5_00264,q3g3_s5_00264_left_neighbor_removed,left_neighbor_removed,"(1, 1, 1)",164,travelling,0.3541259765625,17
q3_radius1,q3g3_s5_00286,q3g3_s5_00286_center_only_projection,center_only_projection,"(1, 2, 2)",102,local-phase-clock-like,0.0,1
q3_radius1,q3g3_s5_00286,q3g3_s5_00286_left_neighbor_removed,left_neighbor_removed,"(2, 1, 2)",147,emitter-like,0.0,2
q3_radius1,q3g3_s5_00286,q3g3_s5_00286_right_neighbor_removed,right_neighbor_removed,"(1, 1, 1)",215,oscillatory,0.2359619140625,17
q3_radius1,q3g3_s5_00264,q3g3_s5_00264_output_histogram_random,output_distribution_matched_random,"(1, 1, 1)",326,travelling,0.8333740234375,17
q3_radius1,q3g3_s5_00286,q3g3_s5_00286,raw,"(2, 2, 1)",155,travelling,0.5858154296875,17
q3_radius1,q3g3_s5_00264,q3g3_s5_00018,stratum_null_q3g3_s5_00018,"(0, 1, 0)",288,travelling,0.6065673828125,17
q3_radius1,q3g3_s5_00296,q3g3_s5_00296_center_only_projection,center_only_projection,"(0, 1, 2)",7,local-phase-clock-like,0.0,2
q3_radius1,q3g3_s5_00286,q3g3_s5_00286_symbol_phase_only,symbol_phase_only,"(0, 2, 0)",119,emitter-like,0.0,1
q3_radius1,q3g3_s5_00264,q3g3_s5_00332,stratum_null_q3g3_s5_00332,"(1, 1, 1)",316,travelling,0.36572265625,17
q3_radius1,q3g3_s5_00264,q3g3_s5_00334,stratum_null_q3g3_s5_00334,"(0, 1, 1)",325,travelling,0.3621826171875,17
q3_radius1,q3g3_s5_00286,q3g3_s5_00286_output_histogram_random,output_distribution_matched_random,"(2, 2, 2)",543,domain-wall-like,0.255615234375,17
q3_radius1,q3g3_s5_00286,q3g3_s5_00286_left_right_symmetrized_rule,left_right_symmetrized_rule,"(2, 2, 2)",224,emitter-like,0.2601318359375,17
q3_radius1,q3g3_s5_00264,q3g3_s5_00134,stratum_null_q3g3_s5_00134,"(0, 1, 0)",991,emitter-like,0.384521484375,17
q3_radius1,q3g3_s5_00286,q3g3_s5_00176,stratum_null_q3g3_s5_00176,"(1, 1, 1)",582,travelling,0.71142578125,17
q3_radius1,q3g3_s5_00286,q3g3_s5_00063,stratum_null_q3g3_s5_00063,"(0, 2, 2)",252,travelling,0.071044921875,2
q3_radius1,q3g3_s5_00286,q3g3_s5_00077,stratum_null_q3g3_s5_00077,"(2, 1, 2)",114,travelling,0.6971435546875,17
q3_radius1,q3g3_s5_00296,q3g3_s5_00296,raw,"(0, 1, 2)",234,travelling,0.125,5
q3_radius1,q3g3_s5_00286,q3g3_s5_00084,stratum_null_q3g3_s5_00084,"(0, 2, 2)",174,emitter-like,0.5152587890625,17
q3_radius1,q3g3_s5_00296,q3g3_s5_00296_left_neighbor_removed,left_neighbor_removed,"(0, 2, 0)",594,local-phase-clock-like,0.0,2
q3_radius1,q3g3_s5_00296,q3g3_s5_00296_symbol_phase_only,symbol_phase_only,"(2, 2, 2)",517,local-phase-clock-like,0.0,2
q3_radius1,q3g3_s5_00296,q3g3_s5_00296_right_neighbor_removed,right_neighbor_removed,"(0, 1, 0)",249,travelling,0.06201171875,2
q3_radius1,q3g3_s5_00334,q3g3_s5_00334_center_only_projection,center_only_projection,"(0, 1, 0)",325,local-phase-clock-like,0.0,2
q3_radius1,q3g3_s5_00296,q3g3_s5_00199,stratum_null_q3g3_s5_00199,"(1, 1, 1)",182,travelling,0.5400390625,17
q3_radius1,q3g3_s5_00334,q3g3_s5_00334_right_neighbor_removed,right_neighbor_removed,"(1, 1, 1)",649,travelling,0.12255859375,17
q3_radius1,q3g3_s5_00296,q3g3_s5_00296_left_right_symmetrized_rule,left_right_symmetrized_rule,"(0, 2, 0)",229,emitter-like,0.1903076171875,17
q3_radius1,q3g3_s5_00296,q3g3_s5_00300,stratum_null_q3g3_s5_00300,"(2, 2, 2)",434,travelling,0.436279296875,17
q3_radius1,q3g3_s5_00296,q3g3_s5_00000,stratum_null_q3g3_s5_00000,"(2, 1, 1)",117,domain-wall-like,0.6246337890625,17
q3_radius1,q3g3_s5_00296,q3g3_s5_00100,stratum_null_q3g3_s5_00100,"(0, 2, 2)",211,emitter-like,0.442626953125,17
q3_radius1,q3g3_s5_00296,q3g3_s5_00296_output_histogram_random,output_distribution_matched_random,"(0, 2, 2)",271,travelling,0.535888671875,17
q3_radius1,q3g3_s5_00334,q3g3_s5_00334_left_right_symmetrized_rule,left_right_symmetrized_rule,"(0, 2, 0)",171,local-phase-clock-like,0.0,3
q3_radius1,q3g3_s5_00334,q3g3_s5_00334,raw,"(0, 1, 1)",325,travelling,0.3621826171875,17
q3_radius1,q3g3_s5_00334,q3g3_s5_00334_symbol_phase_only,symbol_phase_only,"(0, 1, 0)",196,emitter-like,0.0,2
q3_radius1,q3g3_s5_00334,q3g3_s5_00334_left_neighbor_removed,left_neighbor_removed,"(0, 2, 0)",154,emitter-like,0.2686767578125,17
q3_radius1,q3g3_s5_00343,q3g3_s5_00343_left_right_symmetrized_rule,left_right_symmetrized_rule,"(0, 2, 0)",95,travelling,0.001220703125,4
q3_radius1,q3g3_s5_00334,q3g3_s5_00334_output_histogram_random,output_distribution_matched_random,"(1, 1, 1)",917,emitter-like,0.5587158203125,17
q3_radius1,q3g3_s5_00343,q3g3_s5_00343_right_neighbor_removed,right_neighbor_removed,"(2, 2, 2)",343,local-phase-clock-like,0.0,2
q3_radius1,q3g3_s5_00343,q3g3_s5_00343,raw,"(2, 2, 2)",650,travelling,0.1358642578125,14
q3_radius1,q3g3_s5_00343,q3g3_s5_00343_center_only_projection,center_only_projection,"(0, 2, 0)",136,local-phase-clock-like,0.0,1
q3_radius1,q3g3_s5_00334,q3g3_s5_00018,stratum_null_q3g3_s5_00018,"(0, 1, 0)",288,travelling,0.6065673828125,17
q3_radius1,q3g3_s5_00334,q3g3_s5_00332,stratum_null_q3g3_s5_00332,"(1, 1, 1)",316,travelling,0.36572265625,17
q3_radius1,q3g3_s5_00334,q3g3_s5_00264,stratum_null_q3g3_s5_00264,"(0, 1, 1)",351,travelling,0.2249755859375,17
q3_radius1,q3g3_s5_00343,q3g3_s5_00343_symbol_phase_only,symbol_phase_only,"(2, 2, 2)",468,local-phase-clock-like,0.0,2
q3_radius1,q3g3_s5_00343,q3g3_s5_00343_left_neighbor_removed,left_neighbor_removed,"(2, 2, 2)",245,travelling,0.08447265625,2
q3_radius1,q3g3_s5_00343,q3g3_s5_00343_output_histogram_random,output_distribution_matched_random,"(2, 2, 2)",926,travelling,0.2364501953125,17
q3_radius1,q3g3_s5_00343,q3g3_s5_00240,stratum_null_q3g3_s5_00240,"(0, 1, 0)",951,travelling,0.23779296875,17
q3_radius1,q3g3_s5_00343,q3g3_s5_00221,stratum_null_q3g3_s5_00221,"(1, 1, 1)",481,travelling,0.276611328125,17
q3_radius1,q3g3_s5_00334,q3g3_s5_00134,stratum_null_q3g3_s5_00134,"(0, 1, 0)",991,emitter-like,0.384521484375,17
q3_radius1,q3g3_s5_00351,q3g3_s5_00351_left_neighbor_removed,left_neighbor_removed,"(1, 1, 1)",906,domain-wall-like,0.25,17
q3_radius1,q3g3_s5_00351,q3g3_s5_00351_left_right_symmetrized_rule,left_right_symmetrized_rule,"(1, 1, 1)",916,travelling,0.44189453125,17
q3_radius1,q3g3_s5_00343,q3g3_s5_00366,stratum_null_q3g3_s5_00366,"(1, 1, 1)",285,emitter-like,0.4791259765625,17
q3_radius1,q3g3_s5_00351,q3g3_s5_00351_center_only_projection,center_only_projection,"(0, 1, 0)",294,local-phase-clock-like,0.0,2
q3_radius1,q3g3_s5_00343,q3g3_s5_00135,stratum_null_q3g3_s5_00135,"(2, 2, 2)",228,travelling,0.556640625,17
q3_radius1,q3g3_s5_00351,q3g3_s5_00351,raw,"(1, 1, 1)",393,travelling,0.612548828125,17
q3_radius1,q3g3_s6_00058,q3g3_s6_00058_center_only_projection,center_only_projection,"(0, 1, 0)",7,local-phase-clock-like,0.0,2
q3_radius1,q3g3_s5_00351,q3g3_s5_00351_right_neighbor_removed,right_neighbor_removed,"(0, 2, 0)",300,emitter-like,0.1275634765625,16
q3_radius1,q3g3_s5_00351,q3g3_s5_00351_symbol_phase_only,symbol_phase_only,"(0, 1, 0)",245,emitter-like,0.0,2
q3_radius1,q3g3_s5_00351,q3g3_s5_00115,stratum_null_q3g3_s5_00115,"(2, 2, 2)",217,travelling,0.76611328125,17
q3_radius1,q3g3_s5_00351,q3g3_s5_00351_output_histogram_random,output_distribution_matched_random,"(1, 1, 1)",978,travelling,0.1904296875,17
q3_radius1,q3g3_s5_00351,q3g3_s5_00123,stratum_null_q3g3_s5_00123,"(2, 2, 2)",279,travelling,0.58154296875,17
q3_radius1,q3g3_s5_00351,q3g3_s5_00004,stratum_null_q3g3_s5_00004,"(2, 2, 2)",184,travelling,0.34716796875,17
q3_radius1,q3g3_s6_00058,q3g3_s6_00058_left_right_symmetrized_rule,left_right_symmetrized_rule,"(0, 1, 0)",373,emitter-like,0.0,2
q3_radius1,q3g3_s5_00351,q3g3_s5_00260,stratum_null_q3g3_s5_00260,"(2, 1, 2)",137,travelling,0.52978515625,17
q3_radius1,q3g3_s6_00058,q3g3_s6_00058,raw,"(0, 1, 1)",258,travelling,0.1656494140625,17
q3_radius1,q3g3_s6_00058,q3g3_s6_00058_left_neighbor_removed,left_neighbor_removed,"(0, 1, 0)",659,local-phase-clock-like,0.0,2
q3_radius1,q3g3_s6_00058,q3g3_s6_00058_symbol_phase_only,symbol_phase_only,"(1, 1, 1)",418,local-phase-clock-like,0.0,2
q3_radius1,q3g3_s6_00058,q3g3_s6_00162,stratum_null_q3g3_s6_00162,"(0, 1, 1)",187,domain-wall-like,0.25,17
q3_radius1,q3g3_s6_00058,q3g3_s6_00056,stratum_null_q3g3_s6_00056,"(1, 1, 1)",849,travelling,0.1065673828125,17
q3_radius1,q3g3_s6_00058,q3g3_s6_00058_output_histogram_random,output_distribution_matched_random,"(1, 1, 1)",401,domain-wall-like,0.449951171875,17
q3_radius1,q3g3_s6_00058,q3g3_s6_00058_right_neighbor_removed,right_neighbor_removed,"(0, 2, 1)",226,travelling,0.1151123046875,17
q3_radius1,q3g3_s6_00058,q3g3_s6_00140,stratum_null_q3g3_s6_00140,"(0, 1, 0)",428,travelling,0.3525390625,17
q3_radius1,q3g3_s6_00123,q3g3_s6_00123,raw,"(1, 2, 1)",191,travelling,0.1910400390625,17
q3_radius1,q3g3_s6_00140,q3g3_s6_00140_left_neighbor_removed,left_neighbor_removed,"(0, 2, 0)",6,local-phase-clock-like,0.0,3
q3_radius1,q3g3_s6_00123,q3g3_s6_00123_center_only_projection,center_only_projection,"(0, 1, 2)",119,local-phase-clock-like,0.0,1
q3_radius1,q3g3_s6_00058,q3g3_s6_00219,stratum_null_q3g3_s6_00219,"(0, 2, 0)",410,travelling,0.2830810546875,17
q3_radius1,q3g3_s6_00140,q3g3_s6_00140_right_neighbor_removed,right_neighbor_removed,"(1, 2, 1)",301,domain-wall-like,0.25,17
q3_radius1,q3g3_s6_00123,q3g3_s6_00123_left_neighbor_removed,left_neighbor_removed,"(2, 1, 1)",102,emitter-like,0.0,1
q3_radius1,q3g3_s6_00123,q3g3_s6_00123_left_right_symmetrized_rule,left_right_symmetrized_rule,"(1, 1, 1)",534,local-phase-clock-like,0.0,2
q3_radius1,q3g3_s6_00123,q3g3_s6_00123_right_neighbor_removed,right_neighbor_removed,"(1, 1, 1)",537,local-phase-clock-like,0.0,3
q3_radius1,q3g3_s6_00123,q3g3_s6_00001,stratum_null_q3g3_s6_00001,"(1, 1, 1)",637,travelling,0.2523193359375,17
q3_radius1,q3g3_s6_00123,q3g3_s6_00123_symbol_phase_only,symbol_phase_only,"(1, 1, 1)",405,local-phase-clock-like,0.0,2
q3_radius1,q3g3_s6_00123,q3g3_s6_00066,stratum_null_q3g3_s6_00066,"(0, 2, 0)",179,local-phase-clock-like,0.0,2
q3_radius1,q3g3_s6_00140,q3g3_s6_00140_left_right_symmetrized_rule,left_right_symmetrized_rule,"(0, 2, 0)",115,local-phase-clock-like,0.0,2
q3_radius1,q3g3_s6_00140,q3g3_s6_00140_center_only_projection,center_only_projection,"(0, 2, 0)",170,local-phase-clock-like,0.0,1
q3_radius1,q3g3_s6_00123,q3g3_s6_00222,stratum_null_q3g3_s6_00222,"(0, 1, 0)",279,local-phase-clock-like,0.0,2
q3_radius1,q3g3_s6_00123,q3g3_s6_00359,stratum_null_q3g3_s6_00359,"(0, 2, 1)",230,travelling,0.3525390625,17
q3_radius1,q3g3_s6_00123,q3g3_s6_00123_output_histogram_random,output_distribution_matched_random,"(2, 2, 2)",898,travelling,0.6162109375,17
q3_radius1,q3g3_s6_00140,q3g3_s6_00140,raw,"(0, 1, 0)",428,travelling,0.3525390625,17
q3_radius1,q3g3_s6_00140,q3g3_s6_00140_symbol_phase_only,symbol_phase_only,"(0, 1, 1)",119,local-phase-clock-like,0.0,1
q3_radius1,q3g3_s6_00140,q3g3_s6_00140_output_histogram_random,output_distribution_matched_random,"(1, 1, 1)",347,travelling,0.0860595703125,17
q3_radius1,q3g3_s6_00140,q3g3_s6_00162,stratum_null_q3g3_s6_00162,"(0, 1, 1)",187,domain-wall-like,0.25,17
q3_radius1,q3g3_s6_00140,q3g3_s6_00056,stratum_null_q3g3_s6_00056,"(1, 1, 1)",849,travelling,0.1065673828125,17
q3_radius1,q3g3_s6_00140,q3g3_s6_00058,stratum_null_q3g3_s6_00058,"(0, 1, 1)",258,travelling,0.1656494140625,17
q3_radius1,q3g3_s6_00149,q3g3_s6_00149,raw,"(1, 1, 1)",367,travelling,0.1981201171875,17
q3_radius1,q3g3_s6_00149,q3g3_s6_00149_center_only_projection,center_only_projection,"(0, 1, 1)",136,local-phase-clock-like,0.0,1
q3_radius1,q3g3_s6_00149,q3g3_s6_00149_right_neighbor_removed,right_neighbor_removed,"(1, 1, 1)",353,local-phase-clock-like,0.0,2
q3_radius1,q3g3_s6_00149,q3g3_s6_00149_left_neighbor_removed,left_neighbor_removed,"(0, 2, 0)",519,emitter-like,0.0,2
q3_radius1,q3g3_s6_00302,q3g3_s6_00302_right_neighbor_removed,right_neighbor_removed,"(2, 2, 2)",756,travelling,0.251708984375,17
q3_radius1,q3g3_s6_00140,q3g3_s6_00219,stratum_null_q3g3_s6_00219,"(0, 2, 0)",410,travelling,0.2830810546875,17
q3_radius1,q3g3_s6_00149,q3g3_s6_00149_left_right_symmetrized_rule,left_right_symmetrized_rule,"(0, 1, 0)",265,local-phase-clock-like,0.0,2
q3_radius1,q3g3_s6_00149,q3g3_s6_00149_symbol_phase_only,symbol_phase_only,"(1, 1, 1)",321,local-phase-clock-like,0.0,2
q3_radius1,q3g3_s6_00149,q3g3_s6_00351,stratum_null_q3g3_s6_00351,"(1, 2, 1)",293,local-phase-clock-like,0.0,3
q3_radius1,q3g3_s6_00149,q3g3_s6_00149_output_histogram_random,output_distribution_matched_random,"(1, 1, 1)",932,travelling,0.1807861328125,17
q3_radius1,q3g3_s6_00149,q3g3_s6_00005,stratum_null_q3g3_s6_00005,"(0, 2, 0)",295,emitter-like,0.05126953125,17
q3_radius1,q3g3_s6_00149,q3g3_s6_00296,stratum_null_q3g3_s6_00296,"(0, 1, 1)",405,travelling,0.07763671875,17
q3_radius1,q3g3_s6_00313,q3g3_s6_00313_left_neighbor_removed,left_neighbor_removed,"(2, 1, 1)",6,local-phase-clock-like,0.0,3
q3_radius1,q3g3_s6_00302,q3g3_s6_00302_left_neighbor_removed,left_neighbor_removed,"(0, 1, 0)",323,local-phase-clock-like,0.0,2
q3_radius1,q3g3_s6_00302,q3g3_s6_00302,raw,"(1, 1, 1)",295,travelling,0.3372802734375,17
q3_radius1,q3g3_s6_00302,q3g3_s6_00302_center_only_projection,center_only_projection,"(0, 1, 0)",136,local-phase-clock-like,0.0,1
q3_radius1,q3g3_s6_00149,q3g3_s6_00049,stratum_null_q3g3_s6_00049,"(0, 1, 0)",316,emitter-like,0.1944580078125,17
q3_radius1,q3g3_s6_00302,q3g3_s6_00302_left_right_symmetrized_rule,left_right_symmetrized_rule,"(0, 1, 0)",167,local-phase-clock-like,0.0,2
q3_radius1,q3g3_s6_00313,q3g3_s6_00313_symbol_phase_only,symbol_phase_only,"(1, 1, 1)",1025,local-phase-clock-like,0.0,2
q3_radius1,q3g3_s6_00302,q3g3_s6_00302_symbol_phase_only,symbol_phase_only,"(0, 1, 0)",136,local-phase-clock-like,0.0,1
q3_radius1,q3g3_s6_00313,q3g3_s6_00313_right_neighbor_removed,right_neighbor_removed,"(2, 2, 2)",864,travelling,0.2523193359375,17
q3_radius1,q3g3_s6_00302,q3g3_s6_00226,stratum_null_q3g3_s6_00226,"(2, 2, 2)",766,travelling,0.132568359375,17
q3_radius1,q3g3_s6_00302,q3g3_s6_00181,stratum_null_q3g3_s6_00181,"(2, 1, 2)",202,travelling,0.3348388671875,17
q3_radius1,q3g3_s6_00313,q3g3_s6_00313_center_only_projection,center_only_projection,"(0, 2, 0)",404,local-phase-clock-like,0.0,2
q3_radius1,q3g3_s6_00356,q3g3_s6_00356_left_neighbor_removed,left_neighbor_removed,"(1, 1, 1)",7,local-phase-clock-like,0.0,3
q3_radius1,q3g3_s6_00302,q3g3_s6_00302_output_histogram_random,output_distribution_matched_random,"(1, 2, 1)",94,emitter-like,0.4627685546875,17
q3_radius1,q3g3_s6_00302,q3g3_s6_00288,stratum_null_q3g3_s6_00288,"(0, 2, 0)",274,travelling,0.048583984375,17
q3_radius1,q3g3_s6_00313,q3g3_s6_00313_left_right_symmetrized_rule,left_right_symmetrized_rule,"(2, 2, 2)",209,local-phase-clock-like,0.0,2
q3_radius1,q3g3_s6_00302,q3g3_s6_00206,stratum_null_q3g3_s6_00206,"(0, 2, 2)",168,travelling,0.142822265625,17
q3_radius1,q3g3_s6_00356,q3g3_s6_00356_right_neighbor_removed,right_neighbor_removed,"(1, 1, 1)",797,travelling,0.2518310546875,17
q3_radius1,q3g3_s6_00313,q3g3_s6_00313_output_histogram_random,output_distribution_matched_random,"(1, 1, 1)",908,travelling,0.2457275390625,17
q3_radius1,q3g3_s6_00313,q3g3_s6_00313,raw,"(2, 2, 2)",244,travelling,0.3939208984375,17
q3_radius1,q3g3_s6_00356,q3g3_s6_00356,raw,"(1, 1, 1)",523,travelling,0.3560791015625,17
q3_radius1,q3g3_s6_00313,q3g3_s6_00366,stratum_null_q3g3_s6_00366,"(1, 1, 1)",423,travelling,0.2874755859375,17
q3_radius1,q3g3_s6_00313,q3g3_s6_00277,stratum_null_q3g3_s6_00277,"(1, 1, 1)",584,travelling,0.2545166015625,17
q3_radius1,q3g3_s6_00313,q3g3_s6_00364,stratum_null_q3g3_s6_00364,"(0, 1, 1)",205,travelling,0.1495361328125,17
q3_radius1,q3g3_s6_00356,q3g3_s6_00356_center_only_projection,center_only_projection,"(0, 1, 0)",136,local-phase-clock-like,0.0,1
q3_radius1,q3g3_s6_00356,q3g3_s6_00356_left_right_symmetrized_rule,left_right_symmetrized_rule,"(0, 1, 0)",86,local-phase-clock-like,0.0,3
q3_radius1,q3g3_s6_00313,q3g3_s6_00271,stratum_null_q3g3_s6_00271,"(0, 2, 0)",214,travelling,0.257568359375,17
q3_radius1,q3g3_s6_00356,q3g3_s6_00356_symbol_phase_only,symbol_phase_only,"(0, 1, 2)",119,local-phase-clock-like,0.0,1
q3_radius1,q3g3_s6_00364,q3g3_s6_00364_center_only_projection,center_only_projection,"(0, 2, 0)",342,local-phase-clock-like,0.0,2
q3_radius1,q3g3_s6_00356,q3g3_s6_00356_output_histogram_random,output_distribution_matched_random,"(1, 1, 2)",179,travelling,0.626708984375,17
q3_radius1,q3g3_s6_00356,q3g3_s6_00355,stratum_null_q3g3_s6_00355,"(1, 1, 1)",372,travelling,0.36328125,17
q3_radius1,q3g3_s6_00356,q3g3_s6_00103,stratum_null_q3g3_s6_00103,"(1, 1, 1)",183,travelling,0.3602294921875,17
q3_radius1,q3g3_s6_00356,q3g3_s6_00165,stratum_null_q3g3_s6_00165,"(2, 2, 2)",159,travelling,0.1180419921875,17
q3_radius1,q3g3_s6_00356,q3g3_s6_00246,stratum_null_q3g3_s6_00246,"(2, 2, 2)",189,travelling,0.389892578125,17
q3_radius1,q3g3_s6_00364,q3g3_s6_00364_left_right_symmetrized_rule,left_right_symmetrized_rule,"(0, 1, 0)",358,emitter-like,0.0,3
q3_radius1,q3g3_s7_00001,q3g3_s7_00001_center_only_projection,center_only_projection,"(2, 2, 0)",6,local-phase-clock-like,0.0,2
q3_radius1,q3g3_s6_00364,q3g3_s6_00364,raw,"(0, 1, 1)",205,travelling,0.1495361328125,17
q3_radius1,q3g3_s6_00364,q3g3_s6_00364_left_neighbor_removed,left_neighbor_removed,"(0, 1, 0)",358,local-phase-clock-like,0.0,2
q3_radius1,q3g3_s6_00364,q3g3_s6_00364_symbol_phase_only,symbol_phase_only,"(0, 2, 0)",187,local-phase-clock-like,0.0,1
q3_radius1,q3g3_s6_00364,q3g3_s6_00364_right_neighbor_removed,right_neighbor_removed,"(0, 2, 0)",106,travelling,0.070068359375,17
q3_radius1,q3g3_s6_00364,q3g3_s6_00366,stratum_null_q3g3_s6_00366,"(1, 1, 1)",423,travelling,0.2874755859375,17
q3_radius1,q3g3_s6_00364,q3g3_s6_00277,stratum_null_q3g3_s6_00277,"(1, 1, 1)",584,travelling,0.2545166015625,17
q3_radius1,q3g3_s6_00364,q3g3_s6_00364_output_histogram_random,output_distribution_matched_random,"(0, 2, 1)",166,travelling,0.68603515625,17
q3_radius1,q3g3_s6_00364,q3g3_s6_00313,stratum_null_q3g3_s6_00313,"(2, 2, 2)",244,travelling,0.3939208984375,17
q3_radius1,q3g3_s7_00001,q3g3_s7_00046,stratum_null_q3g3_s7_00046,"(2, 2, 2)",613,travelling,0.458740234375,17
q3_radius1,q3g3_s6_00364,q3g3_s6_00271,stratum_null_q3g3_s6_00271,"(0, 2, 0)",214,travelling,0.257568359375,17
q3_radius1,q3g3_s7_00001,q3g3_s7_00001,raw,"(0, 2, 0)",235,emitter-like,0.6571044921875,17
q3_radius1,q3g3_s7_00001,q3g3_s7_00001_symbol_phase_only,symbol_phase_only,"(0, 2, 0)",240,emitter-like,0.0,2
q3_radius1,q3g3_s7_00001,q3g3_s7_00010,stratum_null_q3g3_s7_00010,"(0, 2, 0)",215,emitter-like,0.0,3
q3_radius1,q3g3_s7_00003,q3g3_s7_00003_left_neighbor_removed,left_neighbor_removed,"(2, 2, 2)",829,travelling,0.1907958984375,17
q3_radius1,q3g3_s7_00001,q3g3_s7_00001_left_neighbor_removed,left_neighbor_removed,"(0, 2, 1)",165,travelling,0.2847900390625,17
q3_radius1,q3g3_s7_00001,q3g3_s7_00001_left_right_symmetrized_rule,left_right_symmetrized_rule,"(0, 2, 0)",228,travelling,0.6358642578125,17
q3_radius1,q3g3_s7_00001,q3g3_s7_00001_right_neighbor_removed,right_neighbor_removed,"(2, 2, 0)",360,travelling,0.276611328125,17
q3_radius1,q3g3_s7_00003,q3g3_s7_00003_right_neighbor_removed,right_neighbor_removed,"(2, 2, 2)",666,travelling,0.192138671875,17
q3_radius1,q3g3_s7_00003,q3g3_s7_00003_center_only_projection,center_only_projection,"(1, 1, 1)",136,local-phase-clock-like,0.0,1
q3_radius1,q3g3_s7_00001,q3g3_s7_00001_output_histogram_random,output_distribution_matched_random,"(2, 2, 2)",292,emitter-like,0.19482421875,17
q3_radius1,q3g3_s7_00001,q3g3_s7_00061,stratum_null_q3g3_s7_00061,"(0, 1, 2)",137,emitter-like,0.5233154296875,17
q3_radius1,q3g3_s7_00001,q3g3_s7_00099,stratum_null_q3g3_s7_00099,"(0, 1, 0)",334,travelling,0.336181640625,17
q3_radius1,q3g3_s7_00004,q3g3_s7_00004_center_only_projection,center_only_projection,"(2, 2, 2)",7,local-phase-clock-like,0.0,2
q3_radius1,q3g3_s7_00003,q3g3_s7_00003_symbol_phase_only,symbol_phase_only,"(0, 1, 0)",407,local-phase-clock-like,0.0,2
q3_radius1,q3g3_s7_00003,q3g3_s7_00003,raw,"(0, 1, 0)",821,emitter-like,0.25341796875,17
q3_radius1,q3g3_s7_00003,q3g3_s7_00092,stratum_null_q3g3_s7_00092,"(0, 1, 0)",133,travelling,0.08251953125,17
q3_radius1,q3g3_s7_00004,q3g3_s7_00037,stratum_null_q3g3_s7_00037,"(1, 1, 1)",541,travelling,0.463623046875,17
q3_radius1,q3g3_s7_00003,q3g3_s7_00003_output_histogram_random,output_distribution_matched_random,"(2, 2, 2)",887,travelling,0.703369140625,17
q3_radius1,q3g3_s7_00003,q3g3_s7_00003_left_right_symmetrized_rule,left_right_symmetrized_rule,"(0, 1, 0)",726,emitter-like,0.256103515625,17
q3_radius1,q3g3_s7_00005,q3g3_s7_00005_center_only_projection,center_only_projection,"(0, 1, 2)",7,local-phase-clock-like,0.0,2
q3_radius1,q3g3_s7_00003,q3g3_s7_00086,stratum_null_q3g3_s7_00086,"(0, 2, 0)",439,travelling,0.4154052734375,17
q3_radius1,q3g3_s7_00004,q3g3_s7_00004_output_histogram_random,output_distribution_matched_random,"(0, 1, 1)",83,local-phase-clock-like,0.0,2
q3_radius1,q3g3_s7_00004,q3g3_s7_00000,stratum_null_q3g3_s7_00000,"(2, 1, 2)",163,travelling,0.491943359375,17
q3_radius1,q3g3_s7_00004,q3g3_s7_00035,stratum_null_q3g3_s7_00035,"(0, 2, 2)",83,local-phase-clock-like,0.0,2
q3_radius1,q3g3_s7_00004,q3g3_s7_00004,raw,"(0, 1, 0)",301,travelling,0.320556640625,17
q3_radius1,q3g3_s7_00003,q3g3_s7_00048,stratum_null_q3g3_s7_00048,"(1, 1, 1)",258,travelling,0.394287109375,17
q3_radius1,q3g3_s7_00003,q3g3_s7_00112,stratum_null_q3g3_s7_00112,"(0, 1, 0)",686,travelling,0.28662109375,17
q3_radius1,q3g3_s7_00004,q3g3_s7_00004_left_right_symmetrized_rule,left_right_symmetrized_rule,"(0, 2, 0)",386,emitter-like,0.3092041015625,17
q3_radius1,q3g3_s7_00005,q3g3_s7_00058,stratum_null_q3g3_s7_00058,"(1, 1, 1)",10,local-phase-clock-like,0.0,3
q3_radius1,q3g3_s7_00004,q3g3_s7_00004_symbol_phase_only,symbol_phase_only,"(1, 1, 1)",449,emitter-like,0.0,2
q3_radius1,q3g3_s7_00004,q3g3_s7_00004_left_neighbor_removed,left_neighbor_removed,"(0, 1, 0)",387,travelling,0.033447265625,2
q3_radius1,q3g3_s7_00004,q3g3_s7_00004_right_neighbor_removed,right_neighbor_removed,"(0, 1, 0)",311,travelling,0.032958984375,2
q3_radius1,q3g3_s7_00005,q3g3_s7_00012,stratum_null_q3g3_s7_00012,"(1, 1, 1)",600,travelling,0.4608154296875,17
q3_radius1,q3g3_s7_00004,q3g3_s7_00039,stratum_null_q3g3_s7_00039,"(0, 2, 0)",238,emitter-like,0.5457763671875,17
q3_radius1,q3g3_s7_00006,q3g3_s7_00006_symbol_phase_only,symbol_phase_only,"(2, 2, 2)",1030,local-phase-clock-like,0.0,2
q3_radius1,q3g3_s7_00006,q3g3_s7_00006,raw,"(2, 2, 2)",809,domain-wall-like,0.2542724609375,17
q3_radius1,q3g3_s7_00005,q3g3_s7_00005,raw,"(0, 1, 0)",288,travelling,0.3385009765625,17
q3_radius1,q3g3_s7_00005,q3g3_s7_00005_symbol_phase_only,symbol_phase_only,"(2, 2, 2)",464,emitter-like,0.0,2
q3_radius1,q3g3_s7_00005,q3g3_s7_00076,stratum_null_q3g3_s7_00076,"(2, 1, 1)",118,domain-wall-like,0.7210693359375,17
q3_radius1,q3g3_s7_00005,q3g3_s7_00005_left_neighbor_removed,left_neighbor_removed,"(0, 2, 0)",200,emitter-like,0.268798828125,17
q3_radius1,q3g3_s7_00006,q3g3_s7_00006_left_right_symmetrized_rule,left_right_symmetrized_rule,"(2, 2, 2)",810,oscillatory,0.2496337890625,17
q3_radius1,q3g3_s7_00005,q3g3_s7_00005_output_histogram_random,output_distribution_matched_random,"(0, 2, 0)",222,travelling,0.1702880859375,17
q3_radius1,q3g3_s7_00005,q3g3_s7_00005_right_neighbor_removed,right_neighbor_removed,"(2, 2, 2)",134,travelling,0.2730712890625,17
q3_radius1,q3g3_s7_00005,q3g3_s7_00005_left_right_symmetrized_rule,left_right_symmetrized_rule,"(0, 2, 0)",454,travelling,0.3583984375,17
q3_radius1,q3g3_s7_00005,q3g3_s7_00082,stratum_null_q3g3_s7_00082,"(1, 1, 1)",433,travelling,0.5185546875,17
q3_radius1,q3g3_s7_00006,q3g3_s7_00006_center_only_projection,center_only_projection,"(0, 1, 0)",153,local-phase-clock-like,0.0,1
q3_radius1,q3g3_s7_00006,q3g3_s7_00006_left_neighbor_removed,left_neighbor_removed,"(0, 1, 2)",167,emitter-like,0.0,2
q3_radius1,q3g3_s7_00006,q3g3_s7_00006_right_neighbor_removed,right_neighbor_removed,"(0, 2, 1)",162,emitter-like,0.0,2
q3_radius1,q3g3_s7_00006,q3g3_s7_00094,stratum_null_q3g3_s7_00094,"(2, 2, 2)",244,emitter-like,0.32958984375,17
q3_radius1,q3g3_s7_00006,q3g3_s7_00045,stratum_null_q3g3_s7_00045,"(0, 1, 0)",241,emitter-like,0.150146484375,17
q3_radius1,q3g3_s7_00006,q3g3_s7_00121,stratum_null_q3g3_s7_00121,"(0, 1, 0)",621,travelling,0.1806640625,17
q3_radius1,q3g3_s7_00008,q3g3_s7_00008_left_neighbor_removed,left_neighbor_removed,"(1, 1, 1)",795,travelling,0.375,17
q3_radius1,q3g3_s7_00008,q3g3_s7_00008_right_neighbor_removed,right_neighbor_removed,"(2, 2, 2)",709,travelling,0.375,17
q3_radius1,q3g3_s7_00006,q3g3_s7_00006_output_histogram_random,output_distribution_matched_random,"(2, 2, 2)",922,domain-wall-like,0.6348876953125,17
q3_radius1,q3g3_s7_00010,q3g3_s7_00010_left_neighbor_removed,left_neighbor_removed,"(0, 1, 0)",9,local-phase-clock-like,0.0,2
q3_radius1,q3g3_s7_00006,q3g3_s7_00103,stratum_null_q3g3_s7_00103,"(0, 2, 0)",498,local-phase-clock-like,0.000732421875,5
q3_radius1,q3g3_s7_00010,q3g3_s7_00010_right_neighbor_removed,right_neighbor_removed,"(0, 1, 0)",8,local-phase-clock-like,0.0,2
q3_radius1,q3g3_s7_00008,q3g3_s7_00008_center_only_projection,center_only_projection,"(0, 2, 0)",136,emitter-like,0.0,1
q3_radius1,q3g3_s7_00008,q3g3_s7_00008,raw,"(0, 1, 0)",351,travelling,0.3226318359375,17
q3_radius1,q3g3_s7_00008,q3g3_s7_00089,stratum_null_q3g3_s7_00089,"(0, 2, 1)",280,emitter-like,0.42333984375,17
q3_radius1,q3g3_s7_00008,q3g3_s7_00008_symbol_phase_only,symbol_phase_only,"(0, 1, 2)",119,emitter-like,0.0,1
q3_radius1,q3g3_s7_00008,q3g3_s7_00008_left_right_symmetrized_rule,left_right_symmetrized_rule,"(0, 1, 0)",649,travelling,0.3094482421875,17
q3_radius1,q3g3_s7_00011,q3g3_s7_00011_center_only_projection,center_only_projection,"(2, 1, 0)",5,local-phase-clock-like,0.0,2
q3_radius1,q3g3_s7_00010,q3g3_s7_00010,raw,"(0, 2, 0)",215,emitter-like,0.0,3
q3_radius1,q3g3_s7_00008,q3g3_s7_00017,stratum_null_q3g3_s7_00017,"(1, 1, 1)",500,travelling,0.639892578125,17
q3_radius1,q3g3_s7_00008,q3g3_s7_00064,stratum_null_q3g3_s7_00064,"(0, 2, 2)",116,travelling,0.01708984375,6
q3_radius1,q3g3_s7_00010,q3g3_s7_00010_center_only_projection,center_only_projection,"(0, 1, 0)",260,local-phase-clock-like,0.0,2
q3_radius1,q3g3_s7_00010,q3g3_s7_00046,stratum_null_q3g3_s7_00046,"(2, 2, 2)",613,travelling,0.458740234375,17
q3_radius1,q3g3_s7_00008,q3g3_s7_00015,stratum_null_q3g3_s7_00015,"(0, 2, 0)",185,emitter-like,0.6290283203125,17
q3_radius1,q3g3_s7_00008,q3g3_s7_00008_output_histogram_random,output_distribution_matched_random,"(0, 1, 0)",187,emitter-like,0.5615234375,17
q3_radius1,q3g3_s7_00010,q3g3_s7_00010_left_right_symmetrized_rule,left_right_symmetrized_rule,"(0, 2, 0)",291,travelling,0.0,3
q3_radius1,q3g3_s7_00010,q3g3_s7_00010_symbol_phase_only,symbol_phase_only,"(2, 2, 2)",322,emitter-like,0.0,2
q3_radius1,q3g3_s7_00013,q3g3_s7_00013_center_only_projection,center_only_projection,"(0, 2, 1)",8,local-phase-clock-like,0.0,2
q3_radius1,q3g3_s7_00010,q3g3_s7_00010_output_histogram_random,output_distribution_matched_random,"(0, 1, 1)",213,travelling,0.0537109375,3
q3_radius1,q3g3_s7_00010,q3g3_s7_00001,stratum_null_q3g3_s7_00001,"(0, 2, 0)",235,emitter-like,0.6571044921875,17
q3_radius1,q3g3_s7_00010,q3g3_s7_00061,stratum_null_q3g3_s7_00061,"(0, 1, 2)",137,emitter-like,0.5233154296875,17
q3_radius1,q3g3_s7_00010,q3g3_s7_00099,stratum_null_q3g3_s7_00099,"(0, 1, 0)",334,travelling,0.336181640625,17
q3_radius1,q3g3_s7_00013,q3g3_s7_00013_symbol_phase_only,symbol_phase_only,"(1, 1, 1)",1034,local-phase-clock-like,0.0,2
q3_radius1,q3g3_s7_00011,q3g3_s7_00068,stratum_null_q3g3_s7_00068,"(2, 2, 2)",541,travelling,0.4976806640625,17
q3_radius1,q3g3_s7_00011,q3g3_s7_00011,raw,"(0, 2, 0)",228,emitter-like,0.6170654296875,17
q3_radius1,q3g3_s7_00011,q3g3_s7_00011_symbol_phase_only,symbol_phase_only,"(0, 2, 2)",307,emitter-like,0.0,2
q3_radius1,q3g3_s7_00011,q3g3_s7_00011_left_neighbor_removed,left_neighbor_removed,"(0, 2, 1)",223,emitter-like,0.305908203125,17
q3_radius1,q3g3_s7_00011,q3g3_s7_00123,stratum_null_q3g3_s7_00123,"(0, 1, 0)",356,emitter-like,0.392333984375,17
q3_radius1,q3g3_s7_00011,q3g3_s7_00011_right_neighbor_removed,right_neighbor_removed,"(1, 2, 0)",188,emitter-like,0.286865234375,17
q3_radius1,q3g3_s7_00011,q3g3_s7_00011_output_histogram_random,output_distribution_matched_random,"(2, 2, 2)",401,travelling,0.8558349609375,17
q3_radius1,q3g3_s7_00011,q3g3_s7_00011_left_right_symmetrized_rule,left_right_symmetrized_rule,"(0, 2, 0)",169,emitter-like,0.6102294921875,17
q3_radius1,q3g3_s7_00014,q3g3_s7_00014_center_only_projection,center_only_projection,"(1, 2, 0)",6,local-phase-clock-like,0.0,2
q3_radius1,q3g3_s7_00011,q3g3_s7_00034,stratum_null_q3g3_s7_00034,"(0, 1, 0)",203,emitter-like,0.3402099609375,17
q3_radius1,q3g3_s7_00013,q3g3_s7_00013,raw,"(0, 1, 1)",100,emitter-like,0.4298095703125,17
q3_radius1,q3g3_s7_00011,q3g3_s7_00027,stratum_null_q3g3_s7_00027,"(0, 1, 0)",589,travelling,0.341064453125,17
q3_radius1,q3g3_s7_00014,q3g3_s7_00014_symbol_phase_only,symbol_phase_only,"(2, 2, 2)",1025,oscillatory,0.0,2
q3_radius1,q3g3_s7_00013,q3g3_s7_00013_left_neighbor_removed,left_neighbor_removed,"(0, 1, 0)",255,emitter-like,0.2205810546875,17
q3_radius1,q3g3_s7_00013,q3g3_s7_00013_right_neighbor_removed,right_neighbor_removed,"(1, 2, 1)",293,travelling,0.208984375,17
q3_radius1,q3g3_s7_00013,q3g3_s7_00067,stratum_null_q3g3_s7_00067,"(2, 1, 2)",302,travelling,0.4598388671875,17
q3_radius1,q3g3_s7_00013,q3g3_s7_00013_left_right_symmetrized_rule,left_right_symmetrized_rule,"(0, 1, 0)",122,emitter-like,0.4185791015625,17
q3_radius1,q3g3_s7_00013,q3g3_s7_00013_output_histogram_random,output_distribution_matched_random,"(1, 1, 1)",971,travelling,0.4417724609375,17
q3_radius1,q3g3_s7_00013,q3g3_s7_00073,stratum_null_q3g3_s7_00073,"(0, 1, 2)",169,emitter-like,0.3824462890625,17
q3_radius1,q3g3_s7_00014,q3g3_s7_00014_output_histogram_random,output_distribution_matched_random,"(0, 2, 0)",210,travelling,0.0224609375,17
q3_radius1,q3g3_s7_00013,q3g3_s7_00095,stratum_null_q3g3_s7_00095,"(2, 2, 2)",156,travelling,0.7056884765625,17
q3_radius1,q3g3_s7_00013,q3g3_s7_00084,stratum_null_q3g3_s7_00084,"(0, 2, 0)",600,emitter-like,0.2235107421875,17
q3_radius1,q3g3_s7_00014,q3g3_s7_00089,stratum_null_q3g3_s7_00089,"(0, 2, 1)",280,emitter-like,0.42333984375,17
q3_radius1,q3g3_s7_00014,q3g3_s7_00014_left_neighbor_removed,left_neighbor_removed,"(0, 1, 1)",117,travelling,0.3753662109375,17
q3_radius1,q3g3_s7_00014,q3g3_s7_00014_right_neighbor_removed,right_neighbor_removed,"(1, 1, 1)",155,travelling,0.3779296875,17
q3_radius1,q3g3_s7_00014,q3g3_s7_00017,stratum_null_q3g3_s7_00017,"(1, 1, 1)",500,travelling,0.639892578125,17
q3_radius1,q3g3_s7_00014,q3g3_s7_00014,raw,"(0, 2, 0)",596,emitter-like,0.3118896484375,17
q3_radius1,q3g3_s7_00014,q3g3_s7_00008,stratum_null_q3g3_s7_00008,"(0, 1, 0)",351,travelling,0.3226318359375,17
q3_radius1,q3g3_s7_00014,q3g3_s7_00014_left_right_symmetrized_rule,left_right_symmetrized_rule,"(0, 2, 0)",386,emitter-like,0.305419921875,17
q3_radius1,q3g3_s7_00014,q3g3_s7_00015,stratum_null_q3g3_s7_00015,"(0, 2, 0)",185,emitter-like,0.6290283203125,17
q3_radius1,q3g3_s7_00015,q3g3_s7_00015_center_only_projection,center_only_projection,"(0, 2, 0)",277,local-phase-clock-like,0.0,2
q3_radius1,q3g3_s7_00015,q3g3_s7_00015_left_neighbor_removed,left_neighbor_removed,"(1, 2, 1)",319,travelling,0.2568359375,17
q3_radius1,q3g3_s7_00015,q3g3_s7_00015_symbol_phase_only,symbol_phase_only,"(0, 2, 0)",153,emitter-like,0.0,1
q3_radius1,q3g3_s7_00015,q3g3_s7_00015,raw,"(0, 2, 0)",185,emitter-like,0.6290283203125,17
q3_radius1,q3g3_s7_00015,q3g3_s7_00015_output_histogram_random,output_distribution_matched_random,"(2, 2, 2)",919,travelling,0.2467041015625,17
q3_radius1,q3g3_s7_00015,q3g3_s7_00089,stratum_null_q3g3_s7_00089,"(0, 2, 1)",280,emitter-like,0.42333984375,17
q3_radius1,q3g3_s7_00015,q3g3_s7_00015_right_neighbor_removed,right_neighbor_removed,"(2, 1, 2)",370,travelling,0.2677001953125,17
q3_radius1,q3g3_s7_00015,q3g3_s7_00015_left_right_symmetrized_rule,left_right_symmetrized_rule,"(0, 2, 0)",309,emitter-like,0.6385498046875,17
q3_radius1,q3g3_s7_00015,q3g3_s7_00017,stratum_null_q3g3_s7_00017,"(1, 1, 1)",500,travelling,0.639892578125,17
q3_radius1,q3g3_s7_00015,q3g3_s7_00064,stratum_null_q3g3_s7_00064,"(0, 2, 2)",116,travelling,0.01708984375,6
q3_radius1,q3g3_s7_00015,q3g3_s7_00008,stratum_null_q3g3_s7_00008,"(0, 1, 0)",351,travelling,0.3226318359375,17
q3_radius1,q3g3_s7_00016,q3g3_s7_00016_center_only_projection,center_only_projection,"(0, 2, 0)",293,local-phase-clock-like,0.0,2
q3_radius1,q3g3_s7_00016,q3g3_s7_00016,raw,"(1, 1, 1)",93,travelling,0.1910400390625,17
q3_radius1,q3g3_s7_00016,q3g3_s7_00016_left_neighbor_removed,left_neighbor_removed,"(2, 2, 2)",219,travelling,0.154541015625,17
q3_radius1,q3g3_s7_00016,q3g3_s7_00016_right_neighbor_removed,right_neighbor_removed,"(1, 2, 1)",171,travelling,0.1619873046875,17
q3_radius1,q3g3_s7_00016,q3g3_s7_00016_left_right_symmetrized_rule,left_right_symmetrized_rule,"(2, 2, 2)",100,travelling,0.190673828125,17
q3_radius1,q3g3_s7_00016,q3g3_s7_00016_symbol_phase_only,symbol_phase_only,"(1, 1, 1)",259,local-phase-clock-like,0.0,2
q3_radius1,q3g3_s7_00017,q3g3_s7_00017_symbol_phase_only,symbol_phase_only,"(1, 1, 1)",1028,local-phase-clock-like,0.0,2
q3_radius1,q3g3_s7_00016,q3g3_s7_00049,stratum_null_q3g3_s7_00049,"(0, 1, 0)",165,emitter-like,0.0,3
q3_radius1,q3g3_s7_00016,q3g3_s7_00016_output_histogram_random,output_distribution_matched_random,"(1, 2, 1)",227,travelling,0.6337890625,17
q3_radius1,q3g3_s7_00016,q3g3_s7_00025,stratum_null_q3g3_s7_00025,"(1, 1, 1)",210,emitter-like,0.67431640625,17
q3_radius1,q3g3_s7_00017,q3g3_s7_00017_center_only_projection,center_only_projection,"(0, 1, 0)",373,local-phase-clock-like,0.0,2
q3_radius1,q3g3_s7_00017,q3g3_s7_00017,raw,"(1, 1, 1)",500,travelling,0.639892578125,17
q3_radius1,q3g3_s7_00017,q3g3_s7_00017_left_neighbor_removed,left_neighbor_removed,"(1, 1, 1)",335,emitter-like,0.343505859375,17
q3_radius1,q3g3_s7_00017,q3g3_s7_00017_right_neighbor_removed,right_neighbor_removed,"(1, 1, 1)",460,travelling,0.2977294921875,17
q3_radius1,q3g3_s7_00016,q3g3_s7_00038,stratum_null_q3g3_s7_00038,"(0, 2, 0)",163,emitter-like,0.6259765625,17
q3_radius1,q3g3_s7_00016,q3g3_s7_00101,stratum_null_q3g3_s7_00101,"(2, 1, 1)",233,emitter-like,0.5479736328125,17
q3_radius1,q3g3_s7_00017,q3g3_s7_00017_left_right_symmetrized_rule,left_right_symmetrized_rule,"(1, 1, 1)",155,travelling,0.682373046875,17
q3_radius1,q3g3_s7_00017,q3g3_s7_00089,stratum_null_q3g3_s7_00089,"(0, 2, 1)",280,emitter-like,0.42333984375,17
q3_radius1,q3g3_s7_00017,q3g3_s7_00064,stratum_null_q3g3_s7_00064,"(0, 2, 2)",116,travelling,0.01708984375,6
q3_radius1,q3g3_s7_00017,q3g3_s7_00017_output_histogram_random,output_distribution_matched_random,"(1, 1, 1)",974,travelling,0.373779296875,17
q3_radius1,q3g3_s7_00017,q3g3_s7_00015,stratum_null_q3g3_s7_00015,"(0, 2, 0)",185,emitter-like,0.6290283203125,17
q3_radius1,q3g3_s7_00018,q3g3_s7_00018_left_neighbor_removed,left_neighbor_removed,"(0, 1, 2)",233,local-phase-clock-like,0.0,2
q3_radius1,q3g3_s7_00017,q3g3_s7_00008,stratum_null_q3g3_s7_00008,"(0, 1, 0)",351,travelling,0.3226318359375,17
q3_radius1,q3g3_s7_00018,q3g3_s7_00018_center_only_projection,center_only_projection,"(2, 2, 2)",305,local-phase-clock-like,0.0,2
q3_radius1,q3g3_s7_00018,q3g3_s7_00018,raw,"(1, 1, 1)",96,travelling,0.204345703125,17
q3_radius1,q3g3_s7_00018,q3g3_s7_00018_right_neighbor_removed,right_neighbor_removed,"(0, 1, 2)",200,local-phase-clock-like,0.0,2
q3_radius1,q3g3_s7_00018,q3g3_s7_00018_symbol_phase_only,symbol_phase_only,"(1, 2, 1)",119,local-phase-clock-like,0.0,1
q3_radius1,q3g3_s7_00018,q3g3_s7_00018_left_right_symmetrized_rule,left_right_symmetrized_rule,"(0, 1, 0)",171,emitter-like,0.189453125,17
q3_radius1,q3g3_s7_00018,q3g3_s7_00063,stratum_null_q3g3_s7_00063,"(0, 2, 0)",291,local-phase-clock-like,0.00048828125,3
q3_radius1,q3g3_s7_00018,q3g3_s7_00030,stratum_null_q3g3_s7_00030,"(0, 1, 0)",208,emitter-like,0.5880126953125,17
q3_radius1,q3g3_s7_00018,q3g3_s7_00019,stratum_null_q3g3_s7_00019,"(2, 2, 2)",164,emitter-like,0.2525634765625,17
q3_radius1,q3g3_s7_00019,q3g3_s7_00019_center_only_projection,center_only_projection,"(0, 1, 0)",187,emitter-like,0.0,1
q3_radius1,q3g3_s7_00019,q3g3_s7_00019_left_neighbor_removed,left_neighbor_removed,"(0, 2, 0)",149,travelling,0.052490234375,2
q3_radius1,q3g3_s7_00018,q3g3_s7_00116,stratum_null_q3g3_s7_00116,"(2, 2, 2)",157,travelling,0.5269775390625,17
q3_radius1,q3g3_s7_00019,q3g3_s7_00019,raw,"(2, 2, 2)",164,emitter-like,0.2525634765625,17
q3_radius1,q3g3_s7_00018,q3g3_s7_00018_output_histogram_random,output_distribution_matched_random,"(0, 1, 0)",303,travelling,0.234375,17
q3_radius1,q3g3_s7_00024,q3g3_s7_00024_right_neighbor_removed,right_neighbor_removed,"(0, 1, 0)",7,local-phase-clock-like,0.0,3
q3_radius1,q3g3_s7_00024,q3g3_s7_00024_left_neighbor_removed,left_neighbor_removed,"(0, 1, 0)",7,local-phase-clock-like,0.0,3
q3_radius1,q3g3_s7_00019,q3g3_s7_00019_symbol_phase_only,symbol_phase_only,"(2, 1, 0)",119,emitter-like,0.0,1
q3_radius1,q3g3_s7_00019,q3g3_s7_00019_right_neighbor_removed,right_neighbor_removed,"(0, 1, 0)",180,travelling,0.048828125,2
q3_radius1,q3g3_s7_00019,q3g3_s7_00019_left_right_symmetrized_rule,left_right_symmetrized_rule,"(2, 2, 2)",194,travelling,0.2362060546875,17
q3_radius1,q3g3_s7_00019,q3g3_s7_00030,stratum_null_q3g3_s7_00030,"(0, 1, 0)",208,emitter-like,0.5880126953125,17
q3_radius1,q3g3_s7_00019,q3g3_s7_00063,stratum_null_q3g3_s7_00063,"(0, 2, 0)",291,local-phase-clock-like,0.00048828125,3
q3_radius1,q3g3_s7_00019,q3g3_s7_00018,stratum_null_q3g3_s7_00018,"(1, 1, 1)",96,travelling,0.204345703125,17
q3_radius1,q3g3_s7_00019,q3g3_s7_00019_output_histogram_random,output_distribution_matched_random,"(0, 2, 1)",229,travelling,0.5430908203125,17
q3_radius1,q3g3_s7_00024,q3g3_s7_00024,raw,"(0, 2, 0)",164,travelling,0.0,3
q3_radius1,q3g3_s7_00019,q3g3_s7_00116,stratum_null_q3g3_s7_00116,"(2, 2, 2)",157,travelling,0.5269775390625,17
q3_radius1,q3g3_s7_00024,q3g3_s7_00024_center_only_projection,center_only_projection,"(0, 2, 2)",119,emitter-like,0.0,1
q3_radius1,q3g3_s7_00024,q3g3_s7_00024_left_right_symmetrized_rule,left_right_symmetrized_rule,"(0, 2, 0)",97,emitter-like,0.0,4
q3_radius1,q3g3_s7_00024,q3g3_s7_00024_symbol_phase_only,symbol_phase_only,"(2, 2, 2)",384,travelling,1.0,3
q3_radius1,q3g3_s7_00025,q3g3_s7_00025_left_neighbor_removed,left_neighbor_removed,"(0, 1, 1)",310,emitter-like,0.211669921875,17
q3_radius1,q3g3_s7_00026,q3g3_s7_00026_center_only_projection,center_only_projection,"(0, 1, 2)",7,local-phase-clock-like,0.0,2
q3_radius1,q3g3_s7_00025,q3g3_s7_00025_center_only_projection,center_only_projection,"(0, 2, 0)",389,local-phase-clock-like,0.0,2
q3_radius1,q3g3_s7_00024,q3g3_s7_00030,stratum_null_q3g3_s7_00030,"(0, 1, 0)",208,emitter-like,0.5880126953125,17
q3_radius1,q3g3_s7_00024,q3g3_s7_00019,stratum_null_q3g3_s7_00019,"(2, 2, 2)",164,emitter-like,0.2525634765625,17
q3_radius1,q3g3_s7_00025,q3g3_s7_00025_right_neighbor_removed,right_neighbor_removed,"(2, 2, 2)",522,travelling,0.2178955078125,17
q3_radius1,q3g3_s7_00024,q3g3_s7_00018,stratum_null_q3g3_s7_00018,"(1, 1, 1)",96,travelling,0.204345703125,17
q3_radius1,q3g3_s7_00024,q3g3_s7_00024_output_histogram_random,output_distribution_matched_random,"(2, 2, 2)",947,travelling,0.6182861328125,17
q3_radius1,q3g3_s7_00025,q3g3_s7_00025,raw,"(1, 1, 1)",210,emitter-like,0.67431640625,17
q3_radius1,q3g3_s7_00024,q3g3_s7_00116,stratum_null_q3g3_s7_00116,"(2, 2, 2)",157,travelling,0.5269775390625,17
q3_radius1,q3g3_s7_00026,q3g3_s7_00026_symbol_phase_only,symbol_phase_only,"(0, 2, 0)",11,local-phase-clock-like,0.0,2
q3_radius1,q3g3_s7_00025,q3g3_s7_00025_symbol_phase_only,symbol_phase_only,"(0, 1, 1)",119,emitter-like,0.0,1
q3_radius1,q3g3_s7_00025,q3g3_s7_00049,stratum_null_q3g3_s7_00049,"(0, 1, 0)",165,emitter-like,0.0,3
q3_radius1,q3g3_s7_00025,q3g3_s7_00025_output_histogram_random,output_distribution_matched_random,"(2, 2, 2)",920,travelling,0.6202392578125,17
q3_radius1,q3g3_s7_00025,q3g3_s7_00016,stratum_null_q3g3_s7_00016,"(1, 1, 1)",93,travelling,0.1910400390625,17
q3_radius1,q3g3_s7_00025,q3g3_s7_00025_left_right_symmetrized_rule,left_right_symmetrized_rule,"(2, 2, 2)",403,emitter-like,0.6669921875,17
q3_radius1,q3g3_s7_00027,q3g3_s7_00027_center_only_projection,center_only_projection,"(2, 2, 0)",6,local-phase-clock-like,0.0,2
q3_radius1,q3g3_s7_00025,q3g3_s7_00038,stratum_null_q3g3_s7_00038,"(0, 2, 0)",163,emitter-like,0.6259765625,17
q3_radius1,q3g3_s7_00027,q3g3_s7_00027_symbol_phase_only,symbol_phase_only,"(1, 1, 2)",7,local-phase-clock-like,0.0,2
q3_radius1,q3g3_s7_00025,q3g3_s7_00101,stratum_null_q3g3_s7_00101,"(2, 1, 1)",233,emitter-like,0.5479736328125,17
q3_radius1,q3g3_s7_00026,q3g3_s7_00122,stratum_null_q3g3_s7_00122,"(0, 1, 0)",115,local-phase-clock-like,0.0,2
q3_radius1,q3g3_s7_00026,q3g3_s7_00066,stratum_null_q3g3_s7_00066,"(0, 2, 2)",356,travelling,0.3299560546875,17
q3_radius1,q3g3_s7_00026,q3g3_s7_00026,raw,"(0, 1, 0)",348,emitter-like,0.5662841796875,17
q3_radius1,q3g3_s7_00026,q3g3_s7_00119,stratum_null_q3g3_s7_00119,"(2, 2, 2)",905,domain-wall-like,0.442626953125,17
q3_radius1,q3g3_s7_00026,q3g3_s7_00026_left_neighbor_removed,left_neighbor_removed,"(0, 1, 0)",251,travelling,0.173095703125,17
q3_radius1,q3g3_s7_00026,q3g3_s7_00026_right_neighbor_removed,right_neighbor_removed,"(0, 1, 0)",233,emitter-like,0.0877685546875,17
q3_radius1,q3g3_s7_00026,q3g3_s7_00026_left_right_symmetrized_rule,left_right_symmetrized_rule,"(0, 2, 0)",284,travelling,0.561279296875,17
q3_radius1,q3g3_s7_00026,q3g3_s7_00032,stratum_null_q3g3_s7_00032,"(0, 2, 0)",281,emitter-like,0.2960205078125,17
q3_radius1,q3g3_s7_00027,q3g3_s7_00027_left_neighbor_removed,left_neighbor_removed,"(1, 2, 0)",279,travelling,0.076904296875,2
q3_radius1,q3g3_s7_00027,q3g3_s7_00027,raw,"(0, 1, 0)",589,travelling,0.341064453125,17
q3_radius1,q3g3_s7_00027,q3g3_s7_00068,stratum_null_q3g3_s7_00068,"(2, 2, 2)",541,travelling,0.4976806640625,17
q3_radius1,q3g3_s7_00026,q3g3_s7_00026_output_histogram_random,output_distribution_matched_random,"(0, 2, 0)",655,travelling,0.3082275390625,17
q3_radius1,q3g3_s7_00027,q3g3_s7_00027_right_neighbor_removed,right_neighbor_removed,"(0, 2, 1)",304,travelling,0.069580078125,2
q3_radius1,q3g3_s7_00027,q3g3_s7_00123,stratum_null_q3g3_s7_00123,"(0, 1, 0)",356,emitter-like,0.392333984375,17
q3_radius1,q3g3_s7_00027,q3g3_s7_00027_left_right_symmetrized_rule,left_right_symmetrized_rule,"(0, 1, 0)",518,travelling,0.333740234375,17
q3_radius1,q3g3_s7_00027,q3g3_s7_00027_output_histogram_random,output_distribution_matched_random,"(2, 2, 2)",906,travelling,0.6439208984375,17
q3_radius1,q3g3_s7_00028,q3g3_s7_00028_center_only_projection,center_only_projection,"(0, 2, 2)",324,local-phase-clock-like,0.0,2
q3_radius1,q3g3_s7_00027,q3g3_s7_00034,stratum_null_q3g3_s7_00034,"(0, 1, 0)",203,emitter-like,0.3402099609375,17
q3_radius1,q3g3_s7_00028,q3g3_s7_00028,raw,"(2, 1, 1)",157,travelling,0.6597900390625,17
q3_radius1,q3g3_s7_00027,q3g3_s7_00011,stratum_null_q3g3_s7_00011,"(0, 2, 0)",228,emitter-like,0.6170654296875,17
q3_radius1,q3g3_s7_00028,q3g3_s7_00028_left_neighbor_removed,left_neighbor_removed,"(0, 2, 1)",172,travelling,0.1597900390625,17
q3_radius1,q3g3_s7_00028,q3g3_s7_00028_symbol_phase_only,symbol_phase_only,"(0, 1, 1)",85,emitter-like,0.0,1
q3_radius1,q3g3_s7_00028,q3g3_s7_00028_right_neighbor_removed,right_neighbor_removed,"(0, 1, 2)",162,travelling,0.1534423828125,17
q3_radius1,q3g3_s7_00028,q3g3_s7_00028_left_right_symmetrized_rule,left_right_symmetrized_rule,"(2, 1, 1)",219,emitter-like,0.67138671875,17
q3_radius1,q3g3_s7_00028,q3g3_s7_00078,stratum_null_q3g3_s7_00078,"(2, 1, 2)",511,domain-wall-like,0.4361572265625,17
q3_radius1,q3g3_s7_00028,q3g3_s7_00052,stratum_null_q3g3_s7_00052,"(1, 1, 1)",261,domain-wall-like,0.288330078125,17
q3_radius1,q3g3_s7_00028,q3g3_s7_00028_output_histogram_random,output_distribution_matched_random,"(2, 2, 2)",344,emitter-like,0.143798828125,17
q3_radius1,q3g3_s7_00028,q3g3_s7_00070,stratum_null_q3g3_s7_00070,"(1, 2, 1)",339,local-phase-clock-like,0.0,2
q3_radius1,q3g3_s7_00028,q3g3_s7_00106,stratum_null_q3g3_s7_00106,"(2, 2, 2)",571,emitter-like,0.341796875,17
q3_radius1,q3g3_s7_00030,q3g3_s7_00030_center_only_projection,center_only_projection,"(1, 1, 1)",402,local-phase-clock-like,0.0,2
q3_radius1,q3g3_s7_00032,q3g3_s7_00032_left_neighbor_removed,left_neighbor_removed,"(2, 1, 1)",7,local-phase-clock-like,0.0,2
q3_radius1,q3g3_s7_00030,q3g3_s7_00030,raw,"(0, 1, 0)",208,emitter-like,0.5880126953125,17
q3_radius1,q3g3_s7_00030,q3g3_s7_00030_left_neighbor_removed,left_neighbor_removed,"(0, 2, 0)",434,emitter-like,0.01025390625,3
q3_radius1,q3g3_s7_00032,q3g3_s7_00032_right_neighbor_removed,right_neighbor_removed,"(2, 2, 2)",8,local-phase-clock-like,0.0,2
q3_radius1,q3g3_s7_00030,q3g3_s7_00030_right_neighbor_removed,right_neighbor_removed,"(0, 2, 0)",503,emitter-like,0.011474609375,3
q3_radius1,q3g3_s7_00030,q3g3_s7_00030_left_right_symmetrized_rule,left_right_symmetrized_rule,"(0, 1, 1)",149,emitter-like,0.571533203125,17
q3_radius1,q3g3_s7_00030,q3g3_s7_00030_symbol_phase_only,symbol_phase_only,"(1, 1, 0)",102,emitter-like,0.0,1
q3_radius1,q3g3_s7_00033,q3g3_s7_00033_center_only_projection,center_only_projection,"(0, 2, 1)",7,local-phase-clock-like,0.0,2
q3_radius1,q3g3_s7_00030,q3g3_s7_00019,stratum_null_q3g3_s7_00019,"(2, 2, 2)",164,emitter-like,0.2525634765625,17
q3_radius1,q3g3_s7_00030,q3g3_s7_00018,stratum_null_q3g3_s7_00018,"(1, 1, 1)",96,travelling,0.204345703125,17
q3_radius1,q3g3_s7_00030,q3g3_s7_00063,stratum_null_q3g3_s7_00063,"(0, 2, 0)",291,local-phase-clock-like,0.00048828125,3
q3_radius1,q3g3_s7_00030,q3g3_s7_00030_output_histogram_random,output_distribution_matched_random,"(0, 2, 0)",147,travelling,0.34619140625,17
q3_radius1,q3g3_s7_00032,q3g3_s7_00032_center_only_projection,center_only_projection,"(0, 2, 0)",339,local-phase-clock-like,0.0,2
q3_radius1,q3g3_s7_00030,q3g3_s7_00116,stratum_null_q3g3_s7_00116,"(2, 2, 2)",157,travelling,0.5269775390625,17
q3_radius1,q3g3_s7_00032,q3g3_s7_00122,stratum_null_q3g3_s7_00122,"(0, 1, 0)",115,local-phase-clock-like,0.0,2
q3_radius1,q3g3_s7_00032,q3g3_s7_00066,stratum_null_q3g3_s7_00066,"(0, 2, 2)",356,travelling,0.3299560546875,17
q3_radius1,q3g3_s7_00032,q3g3_s7_00032_symbol_phase_only,symbol_phase_only,"(2, 2, 2)",373,emitter-like,0.0,2
q3_radius1,q3g3_s7_00033,q3g3_s7_00033,raw,"(1, 1, 1)",238,emitter-like,0.1370849609375,17
q3_radius1,q3g3_s7_00032,q3g3_s7_00032,raw,"(0, 2, 0)",281,emitter-like,0.2960205078125,17
q3_radius1,q3g3_s7_00032,q3g3_s7_00032_output_histogram_random,output_distribution_matched_random,"(0, 2, 2)",163,travelling,0.0977783203125,8
q3_radius1,q3g3_s7_00033,q3g3_s7_00057,stratum_null_q3g3_s7_00057,"(0, 2, 0)",11,local-phase-clock-like,0.0,2
q3_radius1,q3g3_s7_00032,q3g3_s7_00119,stratum_null_q3g3_s7_00119,"(2, 2, 2)",905,domain-wall-like,0.442626953125,17
q3_radius1,q3g3_s7_00033,q3g3_s7_00090,stratum_null_q3g3_s7_00090,"(0, 2, 0)",48,local-phase-clock-like,0.0042724609375,5
q3_radius1,q3g3_s7_00032,q3g3_s7_00032_left_right_symmetrized_rule,left_right_symmetrized_rule,"(0, 2, 0)",282,emitter-like,0.3043212890625,17
q3_radius1,q3g3_s7_00034,q3g3_s7_00034_center_only_projection,center_only_projection,"(0, 1, 1)",8,local-phase-clock-like,0.0,2
q3_radius1,q3g3_s7_00033,q3g3_s7_00033_left_right_symmetrized_rule,left_right_symmetrized_rule,"(0, 2, 2)",201,travelling,0.129638671875,17
q3_radius1,q3g3_s7_00032,q3g3_s7_00026,stratum_null_q3g3_s7_00026,"(0, 1, 0)",348,emitter-like,0.5662841796875,17
q3_radius1,q3g3_s7_00033,q3g3_s7_00033_symbol_phase_only,symbol_phase_only,"(0, 1, 0)",306,local-phase-clock-like,0.0,2
q3_radius1,q3g3_s7_00033,q3g3_s7_00033_left_neighbor_removed,left_neighbor_removed,"(0, 1, 1)",161,emitter-like,0.1051025390625,17
q3_radius1,q3g3_s7_00033,q3g3_s7_00033_right_neighbor_removed,right_neighbor_removed,"(0, 1, 1)",191,emitter-like,0.099609375,17
q3_radius1,q3g3_s7_00036,q3g3_s7_00036_center_only_projection,center_only_projection,"(0, 1, 2)",6,local-phase-clock-like,0.0,2
q3_radius1,q3g3_s7_00033,q3g3_s7_00033_output_histogram_random,output_distribution_matched_random,"(0, 1, 0)",227,travelling,0.062255859375,13
q3_radius1,q3g3_s7_00034,q3g3_s7_00034_output_histogram_random,output_distribution_matched_random,"(1, 1, 1)",417,travelling,0.0673828125,3
q3_radius1,q3g3_s7_00036,q3g3_s7_00036_symbol_phase_only,symbol_phase_only,"(0, 2, 1)",6,local-phase-clock-like,0.0,2
q3_radius1,q3g3_s7_00034,q3g3_s7_00034_right_neighbor_removed,right_neighbor_removed,"(0, 2, 0)",616,local-phase-clock-like,0.0,2
q3_radius1,q3g3_s7_00034,q3g3_s7_00034_left_neighbor_removed,left_neighbor_removed,"(0, 2, 0)",631,local-phase-clock-like,0.0,2
q3_radius1,q3g3_s7_00033,q3g3_s7_00041,stratum_null_q3g3_s7_00041,"(0, 1, 0)",268,emitter-like,0.5595703125,17
q3_radius1,q3g3_s7_00034,q3g3_s7_00034_symbol_phase_only,symbol_phase_only,"(0, 1, 0)",102,emitter-like,0.0,1
q3_radius1,q3g3_s7_00034,q3g3_s7_00068,stratum_null_q3g3_s7_00068,"(2, 2, 2)",541,travelling,0.4976806640625,17
q3_radius1,q3g3_s7_00034,q3g3_s7_00123,stratum_null_q3g3_s7_00123,"(0, 1, 0)",356,emitter-like,0.392333984375,17
q3_radius1,q3g3_s7_00034,q3g3_s7_00034,raw,"(0, 1, 0)",203,emitter-like,0.3402099609375,17
q3_radius1,q3g3_s7_00033,q3g3_s7_00062,stratum_null_q3g3_s7_00062,"(0, 2, 0)",1022,travelling,0.22314453125,17
q3_radius1,q3g3_s7_00034,q3g3_s7_00034_left_right_symmetrized_rule,left_right_symmetrized_rule,"(0, 1, 0)",222,travelling,0.349853515625,17
q3_radius1,q3g3_s7_00036,q3g3_s7_00036,raw,"(0, 1, 0)",411,emitter-like,0.41943359375,17
q3_radius1,q3g3_s7_00034,q3g3_s7_00027,stratum_null_q3g3_s7_00027,"(0, 1, 0)",589,travelling,0.341064453125,17
q3_radius1,q3g3_s7_00034,q3g3_s7_00011,stratum_null_q3g3_s7_00011,"(0, 2, 0)",228,emitter-like,0.6170654296875,17
q3_radius1,q3g3_s7_00036,q3g3_s7_00036_left_neighbor_removed,left_neighbor_removed,"(0, 1, 2)",325,travelling,0.06005859375,2
q3_radius1,q3g3_s7_00036,q3g3_s7_00036_right_neighbor_removed,right_neighbor_removed,"(0, 2, 1)",379,travelling,0.05126953125,2
q3_radius1,q3g3_s7_00036,q3g3_s7_00036_left_right_symmetrized_rule,left_right_symmetrized_rule,"(0, 1, 0)",537,travelling,0.441650390625,17
q3_radius1,q3g3_s7_00039,q3g3_s7_00037,stratum_null_q3g3_s7_00037,"(1, 1, 1)",541,travelling,0.463623046875,17
q3_radius1,q3g3_s7_00036,q3g3_s7_00036_output_histogram_random,output_distribution_matched_random,"(0, 1, 1)",171,travelling,0.51513671875,17
q3_radius1,q3g3_s7_00036,q3g3_s7_00050,stratum_null_q3g3_s7_00050,"(2, 1, 2)",243,domain-wall-like,0.2705078125,17
q3_radius1,q3g3_s7_00039,q3g3_s7_00035,stratum_null_q3g3_s7_00035,"(0, 2, 2)",83,local-phase-clock-like,0.0,2
q3_radius1,q3g3_s7_00039,q3g3_s7_00039_center_only_projection,center_only_projection,"(0, 2, 2)",326,local-phase-clock-like,0.0,2
q3_radius1,q3g3_s7_00039,q3g3_s7_00000,stratum_null_q3g3_s7_00000,"(2, 1, 2)",163,travelling,0.491943359375,17
q3_radius1,q3g3_s7_00036,q3g3_s7_00054,stratum_null_q3g3_s7_00054,"(1, 1, 1)",238,emitter-like,0.5533447265625,17
q3_radius1,q3g3_s7_00039,q3g3_s7_00039_symbol_phase_only,symbol_phase_only,"(0, 2, 0)",405,emitter-like,0.0,2
q3_radius1,q3g3_s7_00036,q3g3_s7_00115,stratum_null_q3g3_s7_00115,"(1, 2, 1)",196,emitter-like,0.4014892578125,17
q3_radius1,q3g3_s7_00036,q3g3_s7_00047,stratum_null_q3g3_s7_00047,"(0, 1, 2)",409,travelling,0.7802734375,17
q3_radius1,q3g3_s7_00039,q3g3_s7_00039_left_neighbor_removed,left_neighbor_removed,"(0, 2, 0)",248,travelling,0.072509765625,2
q3_radius1,q3g3_s7_00039,q3g3_s7_00039,raw,"(0, 2, 0)",238,emitter-like,0.5457763671875,17
q3_radius1,q3g3_s7_00039,q3g3_s7_00039_right_neighbor_removed,right_neighbor_removed,"(0, 2, 0)",408,travelling,0.078369140625,2
q3_radius1,q3g3_s7_00039,q3g3_s7_00039_left_right_symmetrized_rule,left_right_symmetrized_rule,"(0, 2, 0)",232,travelling,0.559326171875,17
q3_radius1,q3g3_s7_00039,q3g3_s7_00039_output_histogram_random,output_distribution_matched_random,"(2, 2, 2)",484,travelling,0.3958740234375,17
q3_radius1,q3g3_s7_00039,q3g3_s7_00004,stratum_null_q3g3_s7_00004,"(0, 1, 0)",301,travelling,0.320556640625,17
q3_radius1,q3g3_s7_00041,q3g3_s7_00041_center_only_projection,center_only_projection,"(0, 1, 2)",8,local-phase-clock-like,0.0,2
q3_radius1,q3g3_s7_00040,q3g3_s7_00040_center_only_projection,center_only_projection,"(0, 1, 0)",276,local-phase-clock-like,0.0,2
q3_radius1,q3g3_s7_00040,q3g3_s7_00040,raw,"(0, 1, 0)",252,travelling,0.388916015625,17
q3_radius1,q3g3_s7_00040,q3g3_s7_00023,stratum_null_q3g3_s7_00023,"(1, 2, 1)",322,unknown,0.4488525390625,17
q3_radius1,q3g3_s7_00040,q3g3_s7_00040_left_neighbor_removed,left_neighbor_removed,"(1, 1, 1)",779,travelling,0.375244140625,17
q3_radius1,q3g3_s7_00041,q3g3_s7_00041_left_neighbor_removed,left_neighbor_removed,"(0, 2, 0)",130,emitter-like,0.1678466796875,16
q3_radius1,q3g3_s7_00040,q3g3_s7_00040_right_neighbor_removed,right_neighbor_removed,"(1, 1, 1)",700,travelling,0.37353515625,17
q3_radius1,q3g3_s7_00040,q3g3_s7_00105,stratum_null_q3g3_s7_00105,"(0, 1, 0)",326,local-phase-clock-like,0.0,2
q3_radius1,q3g3_s7_00041,q3g3_s7_00041_right_neighbor_removed,right_neighbor_removed,"(0, 1, 0)",204,emitter-like,0.1363525390625,16
q3_radius1,q3g3_s7_00040,q3g3_s7_00040_symbol_phase_only,symbol_phase_only,"(0, 1, 0)",197,local-phase-clock-like,0.0,2
q3_radius1,q3g3_s7_00040,q3g3_s7_00040_left_right_symmetrized_rule,left_right_symmetrized_rule,"(2, 1, 2)",215,emitter-like,0.373046875,17
q3_radius1,q3g3_s7_00041,q3g3_s7_00041_output_histogram_random,output_distribution_matched_random,"(1, 1, 1)",661,travelling,0.2174072265625,17
q3_radius1,q3g3_s7_00040,q3g3_s7_00040_output_histogram_random,output_distribution_matched_random,"(1, 1, 1)",413,travelling,0.2982177734375,17
q3_radius1,q3g3_s7_00040,q3g3_s7_00060,stratum_null_q3g3_s7_00060,"(2, 2, 2)",124,emitter-like,0.001708984375,6
q3_radius1,q3g3_s7_00041,q3g3_s7_00057,stratum_null_q3g3_s7_00057,"(0, 2, 0)",11,local-phase-clock-like,0.0,2
q3_radius1,q3g3_s7_00040,q3r1_s7_0002,stratum_null_q3r1_s7_0002,"(1, 1, 1)",392,travelling,0.418212890625,17
q3_radius1,q3g3_s7_00043,q3g3_s7_00043_symbol_phase_only,symbol_phase_only,"(0, 2, 0)",6,local-phase-clock-like,0.0,2
q3_radius1,q3g3_s7_00041,q3g3_s7_00041_symbol_phase_only,symbol_phase_only,"(1, 1, 1)",305,emitter-like,0.0,2
q3_radius1,q3g3_s7_00041,q3g3_s7_00041,raw,"(0, 1, 0)",268,emitter-like,0.5595703125,17
q3_radius1,q3g3_s7_00041,q3g3_s7_00043,stratum_null_q3g3_s7_00043,"(0, 1, 0)",985,travelling,0.1590576171875,17
q3_radius1,q3g3_s7_00041,q3g3_s7_00041_left_right_symmetrized_rule,left_right_symmetrized_rule,"(0, 1, 0)",233,emitter-like,0.5465087890625,17
q3_radius1,q3g3_s7_00041,q3g3_s7_00075,stratum_null_q3g3_s7_00075,"(2, 2, 1)",129,travelling,0.72119140625,17
q3_radius1,q3g3_s7_00043,q3g3_s7_00043,raw,"(0, 1, 0)",985,travelling,0.1590576171875,17
q3_radius1,q3g3_s7_00043,q3g3_s7_00043_left_right_symmetrized_rule,left_right_symmetrized_rule,"(0, 1, 0)",878,travelling,0.17724609375,17
q3_radius1,q3g3_s7_00043,q3g3_s7_00043_center_only_projection,center_only_projection,"(1, 1, 1)",307,local-phase-clock-like,0.0,2
q3_radius1,q3g3_s7_00043,q3g3_s7_00043_left_neighbor_removed,left_neighbor_removed,"(1, 1, 1)",311,travelling,0.0673828125,2
q3_radius1,q3g3_s7_00043,q3g3_s7_00043_right_neighbor_removed,right_neighbor_removed,"(1, 1, 1)",462,travelling,0.069580078125,2
q3_radius1,q3g3_s7_00041,q3g3_s7_00062,stratum_null_q3g3_s7_00062,"(0, 2, 0)",1022,travelling,0.22314453125,17
q3_radius1,q3g3_s7_00043,q3g3_s7_00043_output_histogram_random,output_distribution_matched_random,"(0, 1, 0)",228,travelling,0.067626953125,3
q3_radius1,q3g3_s7_00044,q3g3_s7_00044_center_only_projection,center_only_projection,"(0, 1, 0)",372,local-phase-clock-like,0.0,2
q3_radius1,q3g3_s7_00043,q3g3_s7_00075,stratum_null_q3g3_s7_00075,"(2, 2, 1)",129,travelling,0.72119140625,17
q3_radius1,q3g3_s7_00043,q3g3_s7_00041,stratum_null_q3g3_s7_00041,"(0, 1, 0)",268,emitter-like,0.5595703125,17
q3_radius1,q3g3_s7_00044,q3g3_s7_00044,raw,"(0, 1, 0)",985,travelling,0.279541015625,17
q3_radius1,q3g3_s7_00044,q3g3_s7_00044_left_neighbor_removed,left_neighbor_removed,"(1, 1, 1)",524,travelling,0.157958984375,17
q3_radius1,q3g3_s7_00044,q3g3_s7_00044_right_neighbor_removed,right_neighbor_removed,"(1, 1, 1)",471,travelling,0.170166015625,17
q3_radius1,q3g3_s7_00043,q3g3_s7_00032,stratum_null_q3g3_s7_00032,"(0, 2, 0)",281,emitter-like,0.2960205078125,17
q3_radius1,q3g3_s7_00043,q3g3_s7_00026,stratum_null_q3g3_s7_00026,"(0, 1, 0)",348,emitter-like,0.5662841796875,17
q3_radius1,q3g3_s7_00044,q3g3_s7_00044_symbol_phase_only,symbol_phase_only,"(0, 1, 0)",204,emitter-like,0.0,1
q3_radius1,q3g3_s7_00044,q3g3_s7_00044_left_right_symmetrized_rule,left_right_symmetrized_rule,"(0, 1, 0)",995,emitter-like,0.2576904296875,17
q3_radius1,q3g3_s7_00045,q3g3_s7_00045_symbol_phase_only,symbol_phase_only,"(2, 2, 2)",1029,local-phase-clock-like,0.0,2
q3_radius1,q3g3_s7_00044,q3g3_s7_00044_output_histogram_random,output_distribution_matched_random,"(2, 2, 2)",999,domain-wall-like,0.4991455078125,17
q3_radius1,q3g3_s7_00044,q3g3_s7_00069,stratum_null_q3g3_s7_00069,"(1, 1, 1)",420,travelling,0.3690185546875,17
q3_radius1,q3g3_s7_00044,q3g3_s7_00072,stratum_null_q3g3_s7_00072,"(0, 1, 0)",1003,travelling,0.17138671875,17
q3_radius1,q3g3_s7_00045,q3g3_s7_00045,raw,"(0, 1, 0)",241,emitter-like,0.150146484375,17
q3_radius1,q3g3_s7_00045,q3g3_s7_00045_left_neighbor_removed,left_neighbor_removed,"(0, 2, 0)",322,emitter-like,0.0,2
q3_radius1,q3g3_s7_00045,q3g3_s7_00045_center_only_projection,center_only_projection,"(0, 1, 0)",246,local-phase-clock-like,0.0,2
q3_radius1,q3g3_s7_00045,q3g3_s7_00045_right_neighbor_removed,right_neighbor_removed,"(0, 2, 0)",312,emitter-like,0.0,2
q3_radius1,q3g3_s7_00044,q3g3_s7_00056,stratum_null_q3g3_s7_00056,"(1, 1, 1)",143,emitter-like,0.4854736328125,17
q3_radius1,q3g3_s7_00045,q3g3_s7_00006,stratum_null_q3g3_s7_00006,"(2, 2, 2)",809,domain-wall-like,0.2542724609375,17
q3_radius1,q3g3_s7_00048,q3g3_s7_00048_symbol_phase_only,symbol_phase_only,"(0, 2, 0)",8,local-phase-clock-like,0.0,2
q3_radius1,q3g3_s7_00044,q3g3_s7_00093,stratum_null_q3g3_s7_00093,"(1, 1, 1)",180,emitter-like,0.635009765625,17
q3_radius1,q3g3_s7_00045,q3g3_s7_00045_left_right_symmetrized_rule,left_right_symmetrized_rule,"(0, 1, 0)",254,travelling,0.1544189453125,17
q3_radius1,q3g3_s7_00045,q3g3_s7_00094,stratum_null_q3g3_s7_00094,"(2, 2, 2)",244,emitter-like,0.32958984375,17
q3_radius1,q3g3_s7_00045,q3g3_s7_00121,stratum_null_q3g3_s7_00121,"(0, 1, 0)",621,travelling,0.1806640625,17
q3_radius1,q3g3_s7_00045,q3g3_s7_00103,stratum_null_q3g3_s7_00103,"(0, 2, 0)",498,local-phase-clock-like,0.000732421875,5
q3_radius1,q3g3_s7_00048,q3g3_s7_00048_center_only_projection,center_only_projection,"(0, 1, 0)",400,local-phase-clock-like,0.0,2
q3_radius1,q3g3_s7_00045,q3g3_s7_00045_output_histogram_random,output_distribution_matched_random,"(0, 2, 2)",256,emitter-like,0.461669921875,17
q3_radius1,q3g3_s7_00048,q3g3_s7_00048_left_neighbor_removed,left_neighbor_removed,"(1, 1, 1)",132,emitter-like,0.0601806640625,17
q3_radius1,q3g3_s7_00048,q3g3_s7_00048,raw,"(1, 1, 1)",258,travelling,0.394287109375,17
q3_radius1,q3g3_s7_00048,q3g3_s7_00048_right_neighbor_removed,right_neighbor_removed,"(2, 1, 0)",195,emitter-like,0.060791015625,17
q3_radius1,q3g3_s7_00049,q3g3_s7_00049,raw,"(0, 1, 0)",165,emitter-like,0.0,3
q3_radius1,q3g3_s7_00048,q3g3_s7_00048_left_right_symmetrized_rule,left_right_symmetrized_rule,"(1, 1, 1)",200,emitter-like,0.3916015625,17
q3_radius1,q3g3_s7_00048,q3g3_s7_00092,stratum_null_q3g3_s7_00092,"(0, 1, 0)",133,travelling,0.08251953125,17
q3_radius1,q3g3_s7_00049,q3g3_s7_00049_left_neighbor_removed,left_neighbor_removed,"(2, 1, 2)",460,local-phase-clock-like,0.0,5
q3_radius1,q3g3_s7_00049,q3g3_s7_00049_left_right_symmetrized_rule,left_right_symmetrized_rule,"(0, 1, 0)",195,emitter-like,0.0,3
q3_radius1,q3g3_s7_00049,q3g3_s7_00049_right_neighbor_removed,right_neighbor_removed,"(1, 2, 1)",404,local-phase-clock-like,0.0,4
q3_radius1,q3g3_s7_00048,q3g3_s7_00048_output_histogram_random,output_distribution_matched_random,"(0, 1, 1)",137,travelling,0.2987060546875,17
q3_radius1,q3g3_s7_00048,q3g3_s7_00104,stratum_null_q3g3_s7_00104,"(0, 2, 2)",218,travelling,0.6524658203125,17
q3_radius1,q3g3_s7_00049,q3g3_s7_00049_center_only_projection,center_only_projection,"(0, 2, 0)",136,emitter-like,0.0,1
q3_radius1,q3g3_s7_00048,q3g3_s7_00086,stratum_null_q3g3_s7_00086,"(0, 2, 0)",439,travelling,0.4154052734375,17
q3_radius1,q3g3_s7_00049,q3g3_s7_00049_symbol_phase_only,symbol_phase_only,"(0, 1, 0)",420,local-phase-clock-like,0.0,2
q3_radius1,q3g3_s7_00048,q3g3_s7_00112,stratum_null_q3g3_s7_00112,"(0, 1, 0)",686,travelling,0.28662109375,17
q3_radius1,q3g3_s7_00049,q3g3_s7_00049_output_histogram_random,output_distribution_matched_random,"(1, 1, 1)",993,travelling,0.082763671875,3
q3_radius1,q3g3_s7_00049,q3g3_s7_00101,stratum_null_q3g3_s7_00101,"(2, 1, 1)",233,emitter-like,0.5479736328125,17
q3_radius1,q3g3_s7_00049,q3g3_s7_00016,stratum_null_q3g3_s7_00016,"(1, 1, 1)",93,travelling,0.1910400390625,17
q3_radius1,q3g3_s7_00052,q3g3_s7_00052,raw,"(1, 1, 1)",261,domain-wall-like,0.288330078125,17
q3_radius1,q3g3_s7_00049,q3g3_s7_00025,stratum_null_q3g3_s7_00025,"(1, 1, 1)",210,emitter-like,0.67431640625,17
q3_radius1,q3g3_s7_00049,q3g3_s7_00038,stratum_null_q3g3_s7_00038,"(0, 2, 0)",163,emitter-like,0.6259765625,17
q3_radius1,q3g3_s7_00052,q3g3_s7_00052_center_only_projection,center_only_projection,"(0, 2, 2)",119,local-phase-clock-like,0.0,1
q3_radius1,q3g3_s7_00052,q3g3_s7_00052_left_neighbor_removed,left_neighbor_removed,"(1, 1, 1)",575,emitter-like,0.13525390625,17
q3_radius1,q3g3_s7_00052,q3g3_s7_00078,stratum_null_q3g3_s7_00078,"(2, 1, 2)",511,domain-wall-like,0.4361572265625,17
q3_radius1,q3g3_s7_00052,q3g3_s7_00052_left_right_symmetrized_rule,left_right_symmetrized_rule,"(1, 1, 1)",332,domain-wall-like,0.287353515625,17
q3_radius1,q3g3_s7_00052,q3g3_s7_00052_right_neighbor_removed,right_neighbor_removed,"(0, 1, 1)",312,travelling,0.1439208984375,17
q3_radius1,q3g3_s7_00052,q3g3_s7_00052_symbol_phase_only,symbol_phase_only,"(1, 1, 1)",396,travelling,1.0,3
q3_radius1,q3g3_s7_00054,q3g3_s7_00054_symbol_phase_only,symbol_phase_only,"(1, 1, 1)",1024,local-phase-clock-like,0.0,2
q3_radius1,q3g3_s7_00052,q3g3_s7_00070,stratum_null_q3g3_s7_00070,"(1, 2, 1)",339,local-phase-clock-like,0.0,2
q3_radius1,q3g3_s7_00052,q3g3_s7_00106,stratum_null_q3g3_s7_00106,"(2, 2, 2)",571,emitter-like,0.341796875,17
q3_radius1,q3g3_s7_00052,q3g3_s7_00028,stratum_null_q3g3_s7_00028,"(2, 1, 1)",157,travelling,0.6597900390625,17
q3_radius1,q3g3_s7_00052,q3g3_s7_00052_output_histogram_random,output_distribution_matched_random,"(0, 1, 1)",156,travelling,0.4603271484375,17
q3_radius1,q3g3_s7_00054,q3g3_s7_00054_center_only_projection,center_only_projection,"(1, 1, 1)",290,local-phase-clock-like,0.0,2
q3_radius1,q3g3_s7_00054,q3g3_s7_00054,raw,"(1, 1, 1)",238,emitter-like,0.5533447265625,17
q3_radius1,q3g3_s7_00054,q3g3_s7_00054_left_neighbor_removed,left_neighbor_removed,"(2, 1, 2)",209,travelling,0.07568359375,2
q3_radius1,q3g3_s7_00054,q3g3_s7_00054_right_neighbor_removed,right_neighbor_removed,"(0, 2, 0)",171,travelling,0.07373046875,3
q3_radius1,q3g3_s7_00054,q3g3_s7_00036,stratum_null_q3g3_s7_00036,"(0, 1, 0)",411,emitter-like,0.41943359375,17
q3_radius1,q3g3_s7_00056,q3g3_s7_00056_center_only_projection,center_only_projection,"(0, 2, 0)",389,local-phase-clock-like,0.0,2
q3_radius1,q3g3_s7_00054,q3g3_s7_00054_left_right_symmetrized_rule,left_right_symmetrized_rule,"(1, 1, 1)",378,travelling,0.5738525390625,17
q3_radius1,q3g3_s7_00054,q3g3_s7_00050,stratum_null_q3g3_s7_00050,"(2, 1, 2)",243,domain-wall-like,0.2705078125,17
q3_radius1,q3g3_s7_00054,q3g3_s7_00054_output_histogram_random,output_distribution_matched_random,"(2, 2, 2)",904,travelling,0.4638671875,17
q3_radius1,q3g3_s7_00056,q3g3_s7_00056_left_neighbor_removed,left_neighbor_removed,"(0, 1, 0)",263,travelling,0.0517578125,2
q3_radius1,q3g3_s7_00054,q3g3_s7_00115,stratum_null_q3g3_s7_00115,"(1, 2, 1)",196,emitter-like,0.4014892578125,17
q3_radius1,q3g3_s7_00059,q3g3_s7_00059_center_only_projection,center_only_projection,"(2, 1, 2)",7,local-phase-clock-like,0.0,2
q3_radius1,q3g3_s7_00056,q3g3_s7_00056_right_neighbor_removed,right_neighbor_removed,"(0, 1, 0)",348,travelling,0.054443359375,2
q3_radius1,q3g3_s7_00054,q3g3_s7_00047,stratum_null_q3g3_s7_00047,"(0, 1, 2)",409,travelling,0.7802734375,17
q3_radius1,q3g3_s7_00056,q3g3_s7_00056,raw,"(1, 1, 1)",143,emitter-like,0.4854736328125,17
q3_radius1,q3g3_s7_00056,q3g3_s7_00056_symbol_phase_only,symbol_phase_only,"(0, 2, 2)",278,emitter-like,0.0,2
q3_radius1,q3g3_s7_00056,q3g3_s7_00056_left_right_symmetrized_rule,left_right_symmetrized_rule,"(0, 2, 0)",265,travelling,0.428955078125,17
q3_radius1,q3g3_s7_00056,q3g3_s7_00056_output_histogram_random,output_distribution_matched_random,"(0, 1, 0)",214,travelling,0.5855712890625,17
q3_radius1,q3g3_s7_00056,q3g3_s7_00069,stratum_null_q3g3_s7_00069,"(1, 1, 1)",420,travelling,0.3690185546875,17
q3_radius1,q3g3_s7_00060,q3g3_s7_00060_center_only_projection,center_only_projection,"(1, 2, 0)",8,local-phase-clock-like,0.0,2
q3_radius1,q3g3_s7_00056,q3g3_s7_00072,stratum_null_q3g3_s7_00072,"(0, 1, 0)",1003,travelling,0.17138671875,17
q3_radius1,q3g3_s7_00056,q3g3_s7_00044,stratum_null_q3g3_s7_00044,"(0, 1, 0)",985,travelling,0.279541015625,17
q3_radius1,q3g3_s7_00056,q3g3_s7_00093,stratum_null_q3g3_s7_00093,"(1, 1, 1)",180,emitter-like,0.635009765625,17
q3_radius1,q3g3_s7_00059,q3g3_s7_00059,raw,"(0, 1, 0)",258,emitter-like,0.5340576171875,17
q3_radius1,q3g3_s7_00059,q3g3_s7_00059_symbol_phase_only,symbol_phase_only,"(1, 1, 1)",469,emitter-like,0.0,2
q3_radius1,q3g3_s7_00059,q3g3_s7_00059_left_neighbor_removed,left_neighbor_removed,"(0, 1, 2)",305,travelling,0.076416015625,2
q3_radius1,q3g3_s7_00059,q3g3_s7_00059_right_neighbor_removed,right_neighbor_removed,"(2, 1, 0)",211,travelling,0.072998046875,3
q3_radius1,q3g3_s7_00060,q3g3_s7_00060_left_neighbor_removed,left_neighbor_removed,"(0, 2, 1)",307,local-phase-clock-like,0.0,2
q3_radius1,q3g3_s7_00060,q3g3_s7_00060,raw,"(2, 2, 2)",124,emitter-like,0.001708984375,6
q3_radius1,q3g3_s7_00060,q3g3_s7_00060_right_neighbor_removed,right_neighbor_removed,"(1, 2, 0)",278,local-phase-clock-like,0.0,2
q3_radius1,q3g3_s7_00059,q3g3_s7_00091,stratum_null_q3g3_s7_00091,"(2, 1, 0)",283,travelling,0.3966064453125,17
q3_radius1,q3g3_s7_00059,q3g3_s7_00085,stratum_null_q3g3_s7_00085,"(0, 2, 0)",753,local-phase-clock-like,0.001708984375,5
q3_radius1,q3g3_s7_00059,q3g3_s7_00059_left_right_symmetrized_rule,left_right_symmetrized_rule,"(1, 1, 1)",285,emitter-like,0.5501708984375,17
q3_radius1,q3g3_s7_00059,q3g3_s7_00059_output_histogram_random,output_distribution_matched_random,"(1, 1, 1)",285,travelling,0.340087890625,17
q3_radius1,q3g3_s7_00061,q3g3_s7_00061_center_only_projection,center_only_projection,"(1, 1, 0)",6,local-phase-clock-like,0.0,2
q3_radius1,q3g3_s7_00059,q3g3_s7_00120,stratum_null_q3g3_s7_00120,"(2, 2, 2)",127,travelling,0.70654296875,17
q3_radius1,q3g3_s7_00059,q3g3_s7_00100,stratum_null_q3g3_s7_00100,"(0, 2, 0)",340,travelling,0.447265625,17
q3_radius1,q3g3_s7_00060,q3g3_s7_00060_left_right_symmetrized_rule,left_right_symmetrized_rule,"(0, 1, 0)",179,emitter-like,0.000732421875,6
q3_radius1,q3g3_s7_00060,q3g3_s7_00060_symbol_phase_only,symbol_phase_only,"(2, 2, 2)",436,local-phase-clock-like,0.0,2
q3_radius1,q3g3_s7_00061,q3g3_s7_00061_symbol_phase_only,symbol_phase_only,"(1, 1, 1)",1025,local-phase-clock-like,0.0,2
q3_radius1,q3g3_s7_00060,q3g3_s7_00105,stratum_null_q3g3_s7_00105,"(0, 1, 0)",326,local-phase-clock-like,0.0,2
q3_radius1,q3g3_s7_00060,q3r1_s7_0002,stratum_null_q3r1_s7_0002,"(1, 1, 1)",392,travelling,0.418212890625,17
q3_radius1,q3g3_s7_00060,q3g3_s7_00023,stratum_null_q3g3_s7_00023,"(1, 2, 1)",322,unknown,0.4488525390625,17
q3_radius1,q3g3_s7_00061,q3g3_s7_00046,stratum_null_q3g3_s7_00046,"(2, 2, 2)",613,travelling,0.458740234375,17
q3_radius1,q3g3_s7_00060,q3g3_s7_00060_output_histogram_random,output_distribution_matched_random,"(1, 1, 1)",905,emitter-like,0.7080078125,17
q3_radius1,q3g3_s7_00060,q3g3_s7_00040,stratum_null_q3g3_s7_00040,"(0, 1, 0)",252,travelling,0.388916015625,17
q3_radius1,q3g3_s7_00062,q3g3_s7_00062_symbol_phase_only,symbol_phase_only,"(2, 2, 2)",1029,local-phase-clock-like,0.0,2
q3_radius1,q3g3_s7_00062,q3g3_s7_00057,stratum_null_q3g3_s7_00057,"(0, 2, 0)",11,local-phase-clock-like,0.0,2
q3_radius1,q3g3_s7_00061,q3g3_s7_00061,raw,"(0, 1, 2)",137,emitter-like,0.5233154296875,17
q3_radius1,q3g3_s7_00062,q3g3_s7_00062_output_histogram_random,output_distribution_matched_random,"(2, 2, 2)",311,travelling,0.0350341796875,8
q3_radius1,q3g3_s7_00061,q3g3_s7_00010,stratum_null_q3g3_s7_00010,"(0, 2, 0)",215,emitter-like,0.0,3
q3_radius1,q3g3_s7_00061,q3g3_s7_00061_left_neighbor_removed,left_neighbor_removed,"(0, 1, 0)",312,emitter-like,0.211669921875,17
q3_radius1,q3g3_s7_00061,q3g3_s7_00061_left_right_symmetrized_rule,left_right_symmetrized_rule,"(0, 1, 2)",125,emitter-like,0.53369140625,17
q3_radius1,q3g3_s7_00062,q3g3_s7_00090,stratum_null_q3g3_s7_00090,"(0, 2, 0)",48,local-phase-clock-like,0.0042724609375,5
q3_radius1,q3g3_s7_00061,q3g3_s7_00061_right_neighbor_removed,right_neighbor_removed,"(0, 1, 0)",247,emitter-like,0.210205078125,17
q3_radius1,q3g3_s7_00062,q3g3_s7_00062_center_only_projection,center_only_projection,"(0, 1, 1)",119,local-phase-clock-like,0.0,1
q3_radius1,q3g3_s7_00061,q3g3_s7_00001,stratum_null_q3g3_s7_00001,"(0, 2, 0)",235,emitter-like,0.6571044921875,17
q3_radius1,q3g3_s7_00061,q3g3_s7_00061_output_histogram_random,output_distribution_matched_random,"(1, 1, 1)",897,travelling,0.5118408203125,17
q3_radius1,q3g3_s7_00062,q3g3_s7_00062_left_neighbor_removed,left_neighbor_removed,"(2, 2, 2)",495,travelling,0.1181640625,17
q3_radius1,q3g3_s7_00061,q3g3_s7_00099,stratum_null_q3g3_s7_00099,"(0, 1, 0)",334,travelling,0.336181640625,17
q3_radius1,q3g3_s7_00062,q3g3_s7_00062_right_neighbor_removed,right_neighbor_removed,"(2, 2, 2)",512,travelling,0.1025390625,17
q3_radius1,q3g3_s7_00064,q3g3_s7_00064_symbol_phase_only,symbol_phase_only,"(0, 1, 0)",8,local-phase-clock-like,0.0,2
q3_radius1,q3g3_s7_00062,q3g3_s7_00033,stratum_null_q3g3_s7_00033,"(1, 1, 1)",238,emitter-like,0.1370849609375,17
q3_radius1,q3g3_s7_00062,q3g3_s7_00062,raw,"(0, 2, 0)",1022,travelling,0.22314453125,17
q3_radius1,q3g3_s7_00065,q3g3_s7_00065_center_only_projection,center_only_projection,"(0, 1, 2)",7,local-phase-clock-like,0.0,2
q3_radius1,q3g3_s7_00064,q3g3_s7_00064_left_neighbor_removed,left_neighbor_removed,"(1, 1, 1)",447,oscillatory,0.125,17
q3_radius1,q3g3_s7_00064,q3g3_s7_00064_right_neighbor_removed,right_neighbor_removed,"(1, 1, 1)",307,oscillatory,0.125,17
q3_radius1,q3g3_s7_00062,q3g3_s7_00062_left_right_symmetrized_rule,left_right_symmetrized_rule,"(0, 2, 0)",1012,travelling,0.2242431640625,17
q3_radius1,q3g3_s7_00064,q3g3_s7_00064,raw,"(0, 2, 2)",116,travelling,0.01708984375,6
q3_radius1,q3g3_s7_00065,q3g3_s7_00065_symbol_phase_only,symbol_phase_only,"(0, 2, 2)",7,local-phase-clock-like,0.0,2
q3_radius1,q3g3_s7_00062,q3g3_s7_00041,stratum_null_q3g3_s7_00041,"(0, 1, 0)",268,emitter-like,0.5595703125,17
q3_radius1,q3g3_s7_00064,q3g3_s7_00089,stratum_null_q3g3_s7_00089,"(0, 2, 1)",280,emitter-like,0.42333984375,17
q3_radius1,q3g3_s7_00064,q3g3_s7_00064_center_only_projection,center_only_projection,"(0, 1, 2)",136,emitter-like,0.0,1
q3_radius1,q3g3_s7_00064,q3g3_s7_00064_left_right_symmetrized_rule,left_right_symmetrized_rule,"(0, 2, 0)",103,travelling,0.0162353515625,6
q3_radius1,q3g3_s7_00065,q3g3_s7_00065_left_neighbor_removed,left_neighbor_removed,"(0, 1, 0)",115,travelling,0.013916015625,2
q3_radius1,q3g3_s7_00064,q3g3_s7_00017,stratum_null_q3g3_s7_00017,"(1, 1, 1)",500,travelling,0.639892578125,17
q3_radius1,q3g3_s7_00066,q3g3_s7_00066_center_only_projection,center_only_projection,"(1, 2, 1)",7,local-phase-clock-like,0.0,2
q3_radius1,q3g3_s7_00064,q3g3_s7_00008,stratum_null_q3g3_s7_00008,"(0, 1, 0)",351,travelling,0.3226318359375,17
q3_radius1,q3g3_s7_00065,q3g3_s7_00065_right_neighbor_removed,right_neighbor_removed,"(0, 1, 0)",234,travelling,0.01416015625,2
q3_radius1,q3g3_s7_00064,q3g3_s7_00015,stratum_null_q3g3_s7_00015,"(0, 2, 0)",185,emitter-like,0.6290283203125,17
q3_radius1,q3g3_s7_00065,q3g3_s7_00065,raw,"(0, 1, 2)",123,emitter-like,0.3780517578125,17
q3_radius1,q3g3_s7_00064,q3g3_s7_00064_output_histogram_random,output_distribution_matched_random,"(0, 1, 0)",147,travelling,0.406005859375,17
q3_radius1,q3g3_s7_00066,q3g3_s7_00066,raw,"(0, 2, 2)",356,travelling,0.3299560546875,17
q3_radius1,q3g3_s7_00065,q3g3_s7_00065_left_right_symmetrized_rule,left_right_symmetrized_rule,"(0, 1, 2)",147,travelling,0.378662109375,17
q3_radius1,q3g3_s7_00066,q3g3_s7_00066_right_neighbor_removed,right_neighbor_removed,"(0, 2, 0)",354,travelling,0.177490234375,16
q3_radius1,q3g3_s7_00066,q3g3_s7_00066_left_neighbor_removed,left_neighbor_removed,"(0, 2, 0)",343,emitter-like,0.164306640625,16
q3_radius1,q3g3_s7_00065,q3g3_s7_00068,stratum_null_q3g3_s7_00068,"(2, 2, 2)",541,travelling,0.4976806640625,17
q3_radius1,q3g3_s7_00066,q3g3_s7_00066_left_right_symmetrized_rule,left_right_symmetrized_rule,"(2, 2, 2)",302,travelling,0.3330078125,17
q3_radius1,q3g3_s7_00065,q3g3_s7_00065_output_histogram_random,output_distribution_matched_random,"(1, 1, 1)",910,travelling,0.55859375,17
q3_radius1,q3g3_s7_00065,q3g3_s7_00027,stratum_null_q3g3_s7_00027,"(0, 1, 0)",589,travelling,0.341064453125,17
q3_radius1,q3g3_s7_00065,q3g3_s7_00034,stratum_null_q3g3_s7_00034,"(0, 1, 0)",203,emitter-like,0.3402099609375,17
q3_radius1,q3g3_s7_00067,q3g3_s7_00067,raw,"(2, 1, 2)",302,travelling,0.4598388671875,17
q3_radius1,q3g3_s7_00066,q3g3_s7_00066_symbol_phase_only,symbol_phase_only,"(0, 2, 0)",345,emitter-like,0.0,2
q3_radius1,q3g3_s7_00065,q3g3_s7_00011,stratum_null_q3g3_s7_00011,"(0, 2, 0)",228,emitter-like,0.6170654296875,17
q3_radius1,q3g3_s7_00066,q3g3_s7_00119,stratum_null_q3g3_s7_00119,"(2, 2, 2)",905,domain-wall-like,0.442626953125,17
q3_radius1,q3g3_s7_00067,q3g3_s7_00067_center_only_projection,center_only_projection,"(0, 2, 0)",245,local-phase-clock-like,0.0,2
q3_radius1,q3g3_s7_00067,q3g3_s7_00077,stratum_null_q3g3_s7_00077,"(0, 1, 1)",14,local-phase-clock-like,0.0,4
q3_radius1,q3g3_s7_00067,q3g3_s7_00067_left_right_symmetrized_rule,left_right_symmetrized_rule,"(2, 1, 2)",189,travelling,0.4559326171875,17
q3_radius1,q3g3_s7_00066,q3g3_s7_00066_output_histogram_random,output_distribution_matched_random,"(0, 2, 0)",253,travelling,0.27685546875,17
q3_radius1,q3g3_s7_00066,q3g3_s7_00099,stratum_null_q3g3_s7_00099,"(0, 1, 0)",334,travelling,0.336181640625,17
q3_radius1,q3g3_s7_00067,q3g3_s7_00067_symbol_phase_only,symbol_phase_only,"(0, 1, 0)",437,emitter-like,0.0,2
q3_radius1,q3g3_s7_00067,q3g3_s7_00067_output_histogram_random,output_distribution_matched_random,"(1, 1, 1)",952,travelling,0.06298828125,3
q3_radius1,q3g3_s7_00066,q3g3_s7_00032,stratum_null_q3g3_s7_00032,"(0, 2, 0)",281,emitter-like,0.2960205078125,17
q3_radius1,q3g3_s7_00067,q3g3_s7_00067_left_neighbor_removed,left_neighbor_removed,"(0, 2, 1)",144,emitter-like,0.2060546875,15
q3_radius1,q3g3_s7_00066,q3g3_s7_00026,stratum_null_q3g3_s7_00026,"(0, 1, 0)",348,emitter-like,0.5662841796875,17
q3_radius1,q3g3_s7_00067,q3g3_s7_00067_right_neighbor_removed,right_neighbor_removed,"(1, 1, 1)",301,travelling,0.205322265625,15
q3_radius1,q3g3_s7_00068,q3g3_s7_00068_symbol_phase_only,symbol_phase_only,"(2, 2, 2)",1027,local-phase-clock-like,0.0,2
q3_radius1,q3g3_s7_00067,q3g3_s7_00084,stratum_null_q3g3_s7_00084,"(0, 2, 0)",600,emitter-like,0.2235107421875,17
q3_radius1,q3g3_s7_00068,q3g3_s7_00068_center_only_projection,center_only_projection,"(0, 2, 0)",341,local-phase-clock-like,0.0,2
q3_radius1,q3g3_s7_00068,q3g3_s7_00068,raw,"(2, 2, 2)",541,travelling,0.4976806640625,17
q3_radius1,q3g3_s7_00067,q3g3_s7_00095,stratum_null_q3g3_s7_00095,"(2, 2, 2)",156,travelling,0.7056884765625,17
q3_radius1,q3g3_s7_00068,q3g3_s7_00068_left_neighbor_removed,left_neighbor_removed,"(2, 2, 2)",542,travelling,0.375732421875,17
q3_radius1,q3g3_s7_00068,q3g3_s7_00068_right_neighbor_removed,right_neighbor_removed,"(2, 2, 2)",538,travelling,0.35009765625,17
q3_radius1,q3g3_s7_00067,q3g3_s7_00082,stratum_null_q3g3_s7_00082,"(1, 1, 1)",433,travelling,0.5185546875,17
q3_radius1,q3g3_s7_00068,q3g3_s7_00068_left_right_symmetrized_rule,left_right_symmetrized_rule,"(2, 2, 2)",696,travelling,0.478271484375,17
q3_radius1,q3g3_s7_00068,q3g3_s7_00068_output_histogram_random,output_distribution_matched_random,"(2, 2, 2)",252,travelling,0.6312255859375,17
q3_radius1,q3g3_s7_00068,q3g3_s7_00123,stratum_null_q3g3_s7_00123,"(0, 1, 0)",356,emitter-like,0.392333984375,17
q3_radius1,q3g3_s7_00069,q3g3_s7_00069_left_neighbor_removed,left_neighbor_removed,"(0, 2, 0)",134,travelling,0.01953125,2
q3_radius1,q3g3_s7_00069,q3g3_s7_00069_right_neighbor_removed,right_neighbor_removed,"(0, 1, 2)",101,travelling,0.016845703125,2
q3_radius1,q3g3_s7_00069,q3g3_s7_00069_center_only_projection,center_only_projection,"(0, 1, 0)",362,local-phase-clock-like,0.0,2
q3_radius1,q3g3_s7_00069,q3g3_s7_00069,raw,"(1, 1, 1)",420,travelling,0.3690185546875,17
q3_radius1,q3g3_s7_00068,q3g3_s7_00034,stratum_null_q3g3_s7_00034,"(0, 1, 0)",203,emitter-like,0.3402099609375,17
q3_radius1,q3g3_s7_00068,q3g3_s7_00027,stratum_null_q3g3_s7_00027,"(0, 1, 0)",589,travelling,0.341064453125,17
q3_radius1,q3g3_s7_00069,q3g3_s7_00069_left_right_symmetrized_rule,left_right_symmetrized_rule,"(1, 1, 1)",408,travelling,0.3958740234375,17
q3_radius1,q3g3_s7_00071,q3g3_s7_00071_symbol_phase_only,symbol_phase_only,"(0, 1, 1)",9,local-phase-clock-like,0.0,2
q3_radius1,q3g3_s7_00068,q3g3_s7_00011,stratum_null_q3g3_s7_00011,"(0, 2, 0)",228,emitter-like,0.6170654296875,17
q3_radius1,q3g3_s7_00069,q3g3_s7_00069_symbol_phase_only,symbol_phase_only,"(1, 1, 1)",386,local-phase-clock-like,0.0,2
q3_radius1,q3g3_s7_00069,q3g3_s7_00069_output_histogram_random,output_distribution_matched_random,"(2, 2, 2)",929,travelling,0.673828125,17
q3_radius1,q3g3_s7_00069,q3g3_s7_00072,stratum_null_q3g3_s7_00072,"(0, 1, 0)",1003,travelling,0.17138671875,17
q3_radius1,q3g3_s7_00071,q3g3_s7_00071,raw,"(2, 2, 2)",646,travelling,0.4378662109375,17
q3_radius1,q3g3_s7_00069,q3g3_s7_00044,stratum_null_q3g3_s7_00044,"(0, 1, 0)",985,travelling,0.279541015625,17
q3_radius1,q3g3_s7_00071,q3g3_s7_00071_left_neighbor_removed,left_neighbor_removed,"(2, 2, 2)",514,travelling,0.214599609375,17
q3_radius1,q3g3_s7_00071,q3g3_s7_00071_center_only_projection,center_only_projection,"(0, 1, 0)",170,local-phase-clock-like,0.0,1
q3_radius1,q3g3_s7_00069,q3g3_s7_00056,stratum_null_q3g3_s7_00056,"(1, 1, 1)",143,emitter-like,0.4854736328125,17
q3_radius1,q3g3_s7_00069,q3g3_s7_00093,stratum_null_q3g3_s7_00093,"(1, 1, 1)",180,emitter-like,0.635009765625,17
q3_radius1,q3g3_s7_00071,q3g3_s7_00071_right_neighbor_removed,right_neighbor_removed,"(2, 2, 2)",612,travelling,0.21875,17
q3_radius1,q3g3_s7_00071,q3g3_s7_00071_left_right_symmetrized_rule,left_right_symmetrized_rule,"(2, 2, 2)",560,travelling,0.4337158203125,17
q3_radius1,q3g3_s7_00071,q3g3_s7_00055,stratum_null_q3g3_s7_00055,"(0, 2, 0)",196,local-phase-clock-like,0.0003662109375,5
q3_radius1,q3g3_s7_00071,q3g3_s7_00009,stratum_null_q3g3_s7_00009,"(0, 2, 0)",331,local-phase-clock-like,0.0,4
q3_radius1,q3g3_s7_00071,q3g3_s7_00036,stratum_null_q3g3_s7_00036,"(0, 1, 0)",411,emitter-like,0.41943359375,17
q3_radius1,q3g3_s7_00072,q3g3_s7_00072,raw,"(0, 1, 0)",1003,travelling,0.17138671875,17
q3_radius1,q3g3_s7_00071,q3g3_s7_00071_output_histogram_random,output_distribution_matched_random,"(1, 1, 1)",888,travelling,0.6947021484375,17
q3_radius1,q3g3_s7_00072,q3g3_s7_00072_center_only_projection,center_only_projection,"(2, 2, 2)",289,local-phase-clock-like,0.0,2
q3_radius1,q3g3_s7_00072,q3g3_s7_00072_left_right_symmetrized_rule,left_right_symmetrized_rule,"(0, 1, 0)",1005,travelling,0.126708984375,17
q3_radius1,q3g3_s7_00071,q3g3_s7_00054,stratum_null_q3g3_s7_00054,"(1, 1, 1)",238,emitter-like,0.5533447265625,17
q3_radius1,q3g3_s7_00073,q3g3_s7_00073_left_neighbor_removed,left_neighbor_removed,"(1, 1, 1)",909,domain-wall-like,0.25,17
q3_radius1,q3g3_s7_00072,q3g3_s7_00072_left_neighbor_removed,left_neighbor_removed,"(0, 1, 0)",446,travelling,0.028076171875,3
q3_radius1,q3g3_s7_00072,q3g3_s7_00072_right_neighbor_removed,right_neighbor_removed,"(0, 1, 0)",463,travelling,0.031005859375,3
q3_radius1,q3g3_s7_00073,q3g3_s7_00073_right_neighbor_removed,right_neighbor_removed,"(1, 1, 1)",872,travelling,0.25,17
q3_radius1,q3g3_s7_00072,q3g3_s7_00072_symbol_phase_only,symbol_phase_only,"(0, 1, 0)",119,emitter-like,0.0,1
q3_radius1,q3g3_s7_00072,q3g3_s7_00069,stratum_null_q3g3_s7_00069,"(1, 1, 1)",420,travelling,0.3690185546875,17
q3_radius1,q3g3_s7_00072,q3g3_s7_00044,stratum_null_q3g3_s7_00044,"(0, 1, 0)",985,travelling,0.279541015625,17
q3_radius1,q3g3_s7_00072,q3g3_s7_00072_output_histogram_random,output_distribution_matched_random,"(0, 2, 0)",583,travelling,0.2255859375,17
q3_radius1,q3g3_s7_00072,q3g3_s7_00056,stratum_null_q3g3_s7_00056,"(1, 1, 1)",143,emitter-like,0.4854736328125,17
q3_radius1,q3g3_s7_00073,q3g3_s7_00073,raw,"(0, 1, 2)",169,emitter-like,0.3824462890625,17
q3_radius1,q3g3_s7_00073,q3g3_s7_00073_center_only_projection,center_only_projection,"(0, 1, 1)",321,local-phase-clock-like,0.0,2
q3_radius1,q3g3_s7_00072,q3g3_s7_00093,stratum_null_q3g3_s7_00093,"(1, 1, 1)",180,emitter-like,0.635009765625,17
q3_radius1,q3g3_s7_00073,q3g3_s7_00067,stratum_null_q3g3_s7_00067,"(2, 1, 2)",302,travelling,0.4598388671875,17
q3_radius1,q3g3_s7_00074,q3g3_s7_00074_symbol_phase_only,symbol_phase_only,"(1, 1, 1)",1026,local-phase-clock-like,0.0,2
q3_radius1,q3g3_s7_00073,q3g3_s7_00073_symbol_phase_only,symbol_phase_only,"(1, 1, 1)",518,local-phase-clock-like,0.0,2
q3_radius1,q3g3_s7_00073,q3g3_s7_00073_left_right_symmetrized_rule,left_right_symmetrized_rule,"(1, 2, 0)",158,emitter-like,0.38330078125,17
q3_radius1,q3g3_s7_00073,q3g3_s7_00013,stratum_null_q3g3_s7_00013,"(0, 1, 1)",100,emitter-like,0.4298095703125,17
q3_radius1,q3g3_s7_00073,q3g3_s7_00073_output_histogram_random,output_distribution_matched_random,"(1, 1, 1)",386,travelling,0.68994140625,17
q3_radius1,q3g3_s7_00074,q3g3_s7_00074_center_only_projection,center_only_projection,"(2, 2, 2)",370,local-phase-clock-like,0.0,2
q3_radius1,q3g3_s7_00073,q3g3_s7_00084,stratum_null_q3g3_s7_00084,"(0, 2, 0)",600,emitter-like,0.2235107421875,17
q3_radius1,q3g3_s7_00074,q3g3_s7_00074_left_neighbor_removed,left_neighbor_removed,"(0, 1, 0)",456,emitter-like,0.2021484375,17
q3_radius1,q3g3_s7_00074,q3g3_s7_00074,raw,"(1, 1, 1)",126,travelling,0.6927490234375,17
q3_radius1,q3g3_s7_00074,q3g3_s7_00081,stratum_null_q3g3_s7_00081,"(1, 2, 1)",185,domain-wall-like,0.4576416015625,17
q3_radius1,q3g3_s7_00074,q3g3_s7_00074_right_neighbor_removed,right_neighbor_removed,"(2, 1, 0)",154,emitter-like,0.1849365234375,17
q3_radius1,q3g3_s7_00073,q3g3_s7_00095,stratum_null_q3g3_s7_00095,"(2, 2, 2)",156,travelling,0.7056884765625,17
q3_radius1,q3g3_s7_00074,q3g3_s7_00074_left_right_symmetrized_rule,left_right_symmetrized_rule,"(1, 1, 1)",144,domain-wall-like,0.7119140625,17
q3_radius1,q3g3_s7_00075,q3g3_s7_00075_symbol_phase_only,symbol_phase_only,"(2, 2, 2)",1027,local-phase-clock-like,0.0,2
q3_radius1,q3g3_s7_00074,q3g3_s7_00074_output_histogram_random,output_distribution_matched_random,"(1, 1, 1)",182,travelling,0.575927734375,17
q3_radius1,q3g3_s7_00074,q3g3_s7_00076,stratum_null_q3g3_s7_00076,"(2, 1, 1)",118,domain-wall-like,0.7210693359375,17
q3_radius1,q3g3_s7_00074,q3g3_s7_00114,stratum_null_q3g3_s7_00114,"(2, 2, 2)",514,emitter-like,0.6124267578125,17
q3_radius1,q3g3_s7_00075,q3g3_s7_00075_center_only_projection,center_only_projection,"(0, 2, 2)",260,local-phase-clock-like,0.0,2
q3_radius1,q3g3_s7_00074,q3g3_s7_00005,stratum_null_q3g3_s7_00005,"(0, 1, 0)",288,travelling,0.3385009765625,17
q3_radius1,q3g3_s7_00075,q3g3_s7_00075,raw,"(2, 2, 1)",129,travelling,0.72119140625,17
q3_radius1,q3g3_s7_00076,q3g3_s7_00076_symbol_phase_only,symbol_phase_only,"(2, 2, 2)",1024,local-phase-clock-like,0.0,2
q3_radius1,q3g3_s7_00076,q3g3_s7_00076_left_neighbor_removed,left_neighbor_removed,"(1, 2, 1)",162,domain-wall-like,0.284912109375,17
q3_radius1,q3g3_s7_00076,q3g3_s7_00076_right_neighbor_removed,right_neighbor_removed,"(1, 1, 2)",150,domain-wall-like,0.2840576171875,17
q3_radius1,q3g3_s7_00075,q3g3_s7_00075_right_neighbor_removed,right_neighbor_removed,"(0, 1, 2)",317,travelling,0.2633056640625,17
q3_radius1,q3g3_s7_00075,q3g3_s7_00075_left_neighbor_removed,left_neighbor_removed,"(0, 1, 0)",790,travelling,0.2445068359375,17
q3_radius1,q3g3_s7_00075,q3g3_s7_00043,stratum_null_q3g3_s7_00043,"(0, 1, 0)",985,travelling,0.1590576171875,17
q3_radius1,q3g3_s7_00075,q3g3_s7_00075_left_right_symmetrized_rule,left_right_symmetrized_rule,"(2, 2, 1)",158,domain-wall-like,0.713134765625,17
q3_radius1,q3g3_s7_00076,q3g3_s7_00058,stratum_null_q3g3_s7_00058,"(1, 1, 1)",10,local-phase-clock-like,0.0,3
q3_radius1,q3g3_s7_00075,q3g3_s7_00075_output_histogram_random,output_distribution_matched_random,"(2, 2, 2)",912,travelling,0.456298828125,17
q3_radius1,q3g3_s7_00076,q3g3_s7_00076,raw,"(2, 1, 1)",118,domain-wall-like,0.7210693359375,17
q3_radius1,q3g3_s7_00076,q3g3_s7_00076_center_only_projection,center_only_projection,"(1, 1, 1)",417,local-phase-clock-like,0.0,2
q3_radius1,q3g3_s7_00076,q3g3_s7_00012,stratum_null_q3g3_s7_00012,"(1, 1, 1)",600,travelling,0.4608154296875,17
q3_radius1,q3g3_s7_00075,q3g3_s7_00041,stratum_null_q3g3_s7_00041,"(0, 1, 0)",268,emitter-like,0.5595703125,17
q3_radius1,q3g3_s7_00076,q3g3_s7_00076_output_histogram_random,output_distribution_matched_random,"(1, 1, 1)",928,domain-wall-like,0.384765625,17
q3_radius1,q3g3_s7_00075,q3g3_s7_00032,stratum_null_q3g3_s7_00032,"(0, 2, 0)",281,emitter-like,0.2960205078125,17
q3_radius1,q3g3_s7_00075,q3g3_s7_00026,stratum_null_q3g3_s7_00026,"(0, 1, 0)",348,emitter-like,0.5662841796875,17
q3_radius1,q3g3_s7_00076,q3g3_s7_00076_left_right_symmetrized_rule,left_right_symmetrized_rule,"(1, 2, 1)",146,travelling,0.708740234375,17
q3_radius1,q3g3_s7_00078,q3g3_s7_00078,raw,"(2, 1, 2)",511,domain-wall-like,0.4361572265625,17
q3_radius1,q3g3_s7_00078,q3g3_s7_00078_left_right_symmetrized_rule,left_right_symmetrized_rule,"(2, 1, 2)",509,domain-wall-like,0.4332275390625,17
q3_radius1,q3g3_s7_00078,q3g3_s7_00078_center_only_projection,center_only_projection,"(0, 1, 0)",408,local-phase-clock-like,0.0,2
q3_radius1,q3g3_s7_00076,q3g3_s7_00005,stratum_null_q3g3_s7_00005,"(0, 1, 0)",288,travelling,0.3385009765625,17
q3_radius1,q3g3_s7_00079,q3g3_s7_00079_symbol_phase_only,symbol_phase_only,"(0, 1, 0)",8,local-phase-clock-like,0.0,2
q3_radius1,q3g3_s7_00076,q3g3_s7_00082,stratum_null_q3g3_s7_00082,"(1, 1, 1)",433,travelling,0.5185546875,17
q3_radius1,q3g3_s7_00078,q3g3_s7_00078_left_neighbor_removed,left_neighbor_removed,"(0, 2, 0)",723,travelling,0.042724609375,2
q3_radius1,q3g3_s7_00078,q3g3_s7_00078_right_neighbor_removed,right_neighbor_removed,"(0, 2, 0)",695,travelling,0.040771484375,2
q3_radius1,q3g3_s7_00078,q3g3_s7_00078_symbol_phase_only,symbol_phase_only,"(2, 2, 2)",274,emitter-like,0.0,2
q3_radius1,q3g3_s7_00078,q3g3_s7_00052,stratum_null_q3g3_s7_00052,"(1, 1, 1)",261,domain-wall-like,0.288330078125,17
q3_radius1,q3g3_s7_00078,q3g3_s7_00070,stratum_null_q3g3_s7_00070,"(1, 2, 1)",339,local-phase-clock-like,0.0,2
q3_radius1,q3g3_s7_00078,q3g3_s7_00106,stratum_null_q3g3_s7_00106,"(2, 2, 2)",571,emitter-like,0.341796875,17
q3_radius1,q3g3_s7_00078,q3g3_s7_00028,stratum_null_q3g3_s7_00028,"(2, 1, 1)",157,travelling,0.6597900390625,17
q3_radius1,q3g3_s7_00079,q3g3_s7_00079,raw,"(1, 1, 1)",300,domain-wall-like,0.5316162109375,17
q3_radius1,q3g3_s7_00079,q3g3_s7_00079_center_only_projection,center_only_projection,"(0, 2, 0)",102,emitter-like,0.0,1
q3_radius1,q3g3_s7_00079,q3g3_s7_00079_right_neighbor_removed,right_neighbor_removed,"(1, 1, 1)",336,travelling,0.3966064453125,17
q3_radius1,q3g3_s7_00079,q3g3_s7_00079_left_neighbor_removed,left_neighbor_removed,"(1, 1, 1)",679,travelling,0.3984375,17
q3_radius1,q3g3_s7_00078,q3g3_s7_00078_output_histogram_random,output_distribution_matched_random,"(0, 1, 0)",749,travelling,0.398193359375,17
q3_radius1,q3g3_s7_00079,q3g3_s7_00079_left_right_symmetrized_rule,left_right_symmetrized_rule,"(1, 1, 1)",170,travelling,0.5439453125,17
q3_radius1,q3g3_s7_00082,q3g3_s7_00077,stratum_null_q3g3_s7_00077,"(0, 1, 1)",14,local-phase-clock-like,0.0,4
q3_radius1,q3g3_s7_00079,q3g3_s7_00102,stratum_null_q3g3_s7_00102,"(1, 2, 1)",282,unknown,0.4630126953125,17
q3_radius1,q3g3_s7_00079,q3g3_s7_00088,stratum_null_q3g3_s7_00088,"(0, 1, 0)",633,travelling,0.21630859375,17
q3_radius1,q3g3_s7_00079,q3g3_s7_00107,stratum_null_q3g3_s7_00107,"(1, 1, 1)",204,travelling,0.67041015625,17
q3_radius1,q3g3_s7_00082,q3g3_s7_00082_center_only_projection,center_only_projection,"(0, 1, 0)",377,local-phase-clock-like,0.0,2
q3_radius1,q3g3_s7_00079,q3g3_s7_00079_output_histogram_random,output_distribution_matched_random,"(1, 1, 1)",898,emitter-like,0.6884765625,17
q3_radius1,q3g3_s7_00079,q3g3_s7_00069,stratum_null_q3g3_s7_00069,"(1, 1, 1)",420,travelling,0.3690185546875,17
q3_radius1,q3g3_s7_00082,q3g3_s7_00110,stratum_null_q3g3_s7_00110,"(0, 1, 0)",132,travelling,0.0,3
q3_radius1,q3g3_s7_00082,q3g3_s7_00082_right_neighbor_removed,right_neighbor_removed,"(1, 1, 1)",351,travelling,0.103271484375,2
q3_radius1,q3g3_s7_00082,q3g3_s7_00082_left_neighbor_removed,left_neighbor_removed,"(0, 2, 1)",257,travelling,0.099609375,2
q3_radius1,q3g3_s7_00082,q3g3_s7_00082,raw,"(1, 1, 1)",433,travelling,0.5185546875,17
q3_radius1,q3g3_s7_00082,q3g3_s7_00082_symbol_phase_only,symbol_phase_only,"(1, 1, 1)",449,local-phase-clock-like,0.0,2
q3_radius1,q3g3_s7_00082,q3g3_s7_00082_output_histogram_random,output_distribution_matched_random,"(1, 1, 1)",477,emitter-like,0.0589599609375,17
q3_radius1,q3g3_s7_00082,q3g3_s7_00082_left_right_symmetrized_rule,left_right_symmetrized_rule,"(1, 1, 1)",546,travelling,0.5028076171875,17
q3_radius1,q3g3_s7_00083,q3g3_s7_00083_left_neighbor_removed,left_neighbor_removed,"(2, 2, 2)",778,local-phase-clock-like,0.0,5
q3_radius1,q3g3_s7_00083,q3g3_s7_00083,raw,"(2, 2, 2)",341,oscillatory,0.180908203125,17
q3_radius1,q3g3_s7_00084,q3g3_s7_00084_center_only_projection,center_only_projection,"(0, 2, 0)",11,local-phase-clock-like,0.0,2
q3_radius1,q3g3_s7_00083,q3g3_s7_00083_center_only_projection,center_only_projection,"(0, 1, 0)",136,local-phase-clock-like,0.0,1
q3_radius1,q3g3_s7_00083,q3g3_s7_00083_right_neighbor_removed,right_neighbor_removed,"(2, 2, 2)",573,local-phase-clock-like,0.0,5
q3_radius1,q3g3_s7_00082,q3g3_s7_00084,stratum_null_q3g3_s7_00084,"(0, 2, 0)",600,emitter-like,0.2235107421875,17
q3_radius1,q3g3_s7_00082,q3g3_s7_00095,stratum_null_q3g3_s7_00095,"(2, 2, 2)",156,travelling,0.7056884765625,17
q3_radius1,q3g3_s7_00083,q3g3_s7_00002,stratum_null_q3g3_s7_00002,"(2, 1, 2)",114,local-phase-clock-like,0.0,2
q3_radius1,q3g3_s7_00084,q3g3_s7_00077,stratum_null_q3g3_s7_00077,"(0, 1, 1)",14,local-phase-clock-like,0.0,4
q3_radius1,q3g3_s7_00083,q3g3_s7_00083_output_histogram_random,output_distribution_matched_random,"(2, 2, 2)",317,travelling,0.1761474609375,17
q3_radius1,q3g3_s7_00083,q3g3_s7_00083_symbol_phase_only,symbol_phase_only,"(0, 2, 0)",311,local-phase-clock-like,0.0,2
q3_radius1,q3g3_s7_00083,q3g3_s7_00083_left_right_symmetrized_rule,left_right_symmetrized_rule,"(2, 2, 2)",303,travelling,0.187744140625,17
q3_radius1,q3g3_s7_00083,q3g3_s7_00007,stratum_null_q3g3_s7_00007,"(2, 2, 2)",869,domain-wall-like,0.4398193359375,17
q3_radius1,q3g3_s7_00083,q3g3_s7_00124,stratum_null_q3g3_s7_00124,"(0, 2, 0)",945,travelling,0.1473388671875,17
q3_radius1,q3g3_s7_00083,q3g3_s7_00098,stratum_null_q3g3_s7_00098,"(1, 1, 1)",359,travelling,0.6002197265625,17
q3_radius1,q3g3_s7_00084,q3g3_s7_00067,stratum_null_q3g3_s7_00067,"(2, 1, 2)",302,travelling,0.4598388671875,17
q3_radius1,q3g3_s7_00084,q3g3_s7_00084_left_neighbor_removed,left_neighbor_removed,"(0, 2, 0)",435,emitter-like,0.120849609375,17
q3_radius1,q3g3_s7_00084,q3g3_s7_00084_right_neighbor_removed,right_neighbor_removed,"(0, 2, 0)",806,travelling,0.1568603515625,17
q3_radius1,q3g3_s7_00084,q3g3_s7_00084,raw,"(0, 2, 0)",600,emitter-like,0.2235107421875,17
q3_radius1,q3g3_s7_00084,q3g3_s7_00084_symbol_phase_only,symbol_phase_only,"(2, 2, 2)",483,emitter-like,0.0,2
q3_radius1,q3g3_s7_00084,q3g3_s7_00084_left_right_symmetrized_rule,left_right_symmetrized_rule,"(0, 1, 0)",540,travelling,0.20849609375,17
q3_radius1,q3g3_s7_00084,q3g3_s7_00084_output_histogram_random,output_distribution_matched_random,"(0, 2, 0)",914,travelling,0.22509765625,17
q3_radius1,q3g3_s7_00086,q3g3_s7_00086_center_only_projection,center_only_projection,"(0, 1, 0)",374,local-phase-clock-like,0.0,2
q3_radius1,q3g3_s7_00084,q3g3_s7_00082,stratum_null_q3g3_s7_00082,"(1, 1, 1)",433,travelling,0.5185546875,17
q3_radius1,q3g3_s7_00084,q3g3_s7_00095,stratum_null_q3g3_s7_00095,"(2, 2, 2)",156,travelling,0.7056884765625,17
q3_radius1,q3g3_s7_00086,q3g3_s7_00086,raw,"(0, 2, 0)",439,travelling,0.4154052734375,17
q3_radius1,q3g3_s7_00086,q3g3_s7_00086_left_neighbor_removed,left_neighbor_removed,"(0, 1, 2)",153,travelling,0.277587890625,17
q3_radius1,q3g3_s7_00086,q3g3_s7_00086_symbol_phase_only,symbol_phase_only,"(0, 1, 0)",245,emitter-like,0.0,2
q3_radius1,q3g3_s7_00086,q3g3_s7_00086_right_neighbor_removed,right_neighbor_removed,"(1, 1, 1)",137,travelling,0.284912109375,17
q3_radius1,q3g3_s7_00087,q3g3_s7_00087,raw,"(1, 1, 1)",655,travelling,0.4608154296875,17
q3_radius1,q3g3_s7_00086,q3g3_s7_00092,stratum_null_q3g3_s7_00092,"(0, 1, 0)",133,travelling,0.08251953125,17
q3_radius1,q3g3_s7_00086,q3g3_s7_00086_left_right_symmetrized_rule,left_right_symmetrized_rule,"(0, 2, 0)",360,travelling,0.4091796875,17
q3_radius1,q3g3_s7_00087,q3g3_s7_00087_left_neighbor_removed,left_neighbor_removed,"(1, 1, 1)",702,domain-wall-like,0.255126953125,17
q3_radius1,q3g3_s7_00086,q3g3_s7_00086_output_histogram_random,output_distribution_matched_random,"(2, 2, 2)",979,oscillatory,0.2327880859375,17
q3_radius1,q3g3_s7_00088,q3g3_s7_00088_center_only_projection,center_only_projection,"(1, 2, 1)",8,local-phase-clock-like,0.0,2
q3_radius1,q3g3_s7_00087,q3g3_s7_00087_center_only_projection,center_only_projection,"(0, 1, 0)",226,local-phase-clock-like,0.0,2
q3_radius1,q3g3_s7_00087,q3g3_s7_00087_right_neighbor_removed,right_neighbor_removed,"(1, 1, 1)",874,travelling,0.254638671875,17
q3_radius1,q3g3_s7_00086,q3g3_s7_00048,stratum_null_q3g3_s7_00048,"(1, 1, 1)",258,travelling,0.394287109375,17
q3_radius1,q3g3_s7_00087,q3g3_s7_00087_left_right_symmetrized_rule,left_right_symmetrized_rule,"(1, 1, 1)",536,travelling,0.460693359375,17
q3_radius1,q3g3_s7_00087,q3g3_s7_00118,stratum_null_q3g3_s7_00118,"(2, 2, 2)",494,unknown,0.4453125,17
q3_radius1,q3g3_s7_00087,q3g3_s7_00020,stratum_null_q3g3_s7_00020,"(0, 1, 0)",84,local-phase-clock-like,0.0,2
q3_radius1,q3g3_s7_00086,q3g3_s7_00112,stratum_null_q3g3_s7_00112,"(0, 1, 0)",686,travelling,0.28662109375,17
q3_radius1,q3g3_s7_00088,q3g3_s7_00088_symbol_phase_only,symbol_phase_only,"(0, 1, 2)",6,local-phase-clock-like,0.0,2
q3_radius1,q3g3_s7_00086,q3g3_s7_00003,stratum_null_q3g3_s7_00003,"(0, 1, 0)",821,emitter-like,0.25341796875,17
q3_radius1,q3g3_s7_00087,q3g3_s7_00111,stratum_null_q3g3_s7_00111,"(2, 2, 0)",190,travelling,0.0224609375,4
q3_radius1,q3g3_s7_00087,q3g3_s7_00080,stratum_null_q3g3_s7_00080,"(0, 2, 0)",118,local-phase-clock-like,0.0,2
q3_radius1,q3g3_s7_00087,q3g3_s7_00087_symbol_phase_only,symbol_phase_only,"(1, 1, 1)",402,local-phase-clock-like,0.0,2
q3_radius1,q3g3_s7_00089,q3g3_s7_00089_center_only_projection,center_only_projection,"(0, 1, 0)",7,local-phase-clock-like,0.0,2
q3_radius1,q3g3_s7_00088,q3g3_s7_00088,raw,"(0, 1, 0)",633,travelling,0.21630859375,17
q3_radius1,q3g3_s7_00087,q3g3_s7_00087_output_histogram_random,output_distribution_matched_random,"(1, 1, 0)",449,travelling,0.1376953125,8
q3_radius1,q3g3_s7_00088,q3g3_s7_00088_left_neighbor_removed,left_neighbor_removed,"(0, 1, 0)",467,travelling,0.0263671875,2
q3_radius1,q3g3_s7_00088,q3g3_s7_00088_right_neighbor_removed,right_neighbor_removed,"(0, 1, 0)",504,travelling,0.02685546875,2
q3_radius1,q3g3_s7_00089,q3g3_s7_00089_symbol_phase_only,symbol_phase_only,"(1, 1, 1)",1027,local-phase-clock-like,0.0,2
q3_radius1,q3g3_s7_00088,q3g3_s7_00102,stratum_null_q3g3_s7_00102,"(1, 2, 1)",282,unknown,0.4630126953125,17
q3_radius1,q3g3_s7_00088,q3g3_s7_00088_left_right_symmetrized_rule,left_right_symmetrized_rule,"(0, 1, 0)",568,travelling,0.2183837890625,17
q3_radius1,q3g3_s7_00089,q3g3_s7_00089,raw,"(0, 2, 1)",280,emitter-like,0.42333984375,17
q3_radius1,q3g3_s7_00088,q3g3_s7_00079,stratum_null_q3g3_s7_00079,"(1, 1, 1)",300,domain-wall-like,0.5316162109375,17
q3_radius1,q3g3_s7_00089,q3g3_s7_00089_left_right_symmetrized_rule,left_right_symmetrized_rule,"(0, 2, 1)",281,emitter-like,0.4478759765625,17
q3_radius1,q3g3_s7_00088,q3g3_s7_00088_output_histogram_random,output_distribution_matched_random,"(2, 1, 0)",133,travelling,0.049072265625,2
q3_radius1,q3g3_s7_00088,q3g3_s7_00069,stratum_null_q3g3_s7_00069,"(1, 1, 1)",420,travelling,0.3690185546875,17
q3_radius1,q3g3_s7_00088,q3g3_s7_00107,stratum_null_q3g3_s7_00107,"(1, 1, 1)",204,travelling,0.67041015625,17
q3_radius1,q3g3_s7_00091,q3g3_s7_00091_symbol_phase_only,symbol_phase_only,"(0, 1, 1)",8,local-phase-clock-like,0.0,2
q3_radius1,q3g3_s7_00089,q3g3_s7_00017,stratum_null_q3g3_s7_00017,"(1, 1, 1)",500,travelling,0.639892578125,17
q3_radius1,q3g3_s7_00089,q3g3_s7_00089_right_neighbor_removed,right_neighbor_removed,"(0, 1, 0)",940,travelling,0.1708984375,17
q3_radius1,q3g3_s7_00089,q3g3_s7_00089_output_histogram_random,output_distribution_matched_random,"(2, 2, 2)",954,travelling,0.521240234375,17
q3_radius1,q3g3_s7_00089,q3g3_s7_00064,stratum_null_q3g3_s7_00064,"(0, 2, 2)",116,travelling,0.01708984375,6
q3_radius1,q3g3_s7_00089,q3g3_s7_00089_left_neighbor_removed,left_neighbor_removed,"(0, 2, 1)",251,emitter-like,0.1719970703125,17
q3_radius1,q3g3_s7_00089,q3g3_s7_00015,stratum_null_q3g3_s7_00015,"(0, 2, 0)",185,emitter-like,0.6290283203125,17
q3_radius1,q3g3_s7_00089,q3g3_s7_00008,stratum_null_q3g3_s7_00008,"(0, 1, 0)",351,travelling,0.3226318359375,17
q3_radius1,q3g3_s7_00091,q3g3_s7_00091,raw,"(2, 1, 0)",283,travelling,0.3966064453125,17
q3_radius1,q3g3_s7_00091,q3g3_s7_00091_center_only_projection,center_only_projection,"(1, 1, 1)",403,local-phase-clock-like,0.0,2
q3_radius1,q3g3_s7_00091,q3g3_s7_00091_left_neighbor_removed,left_neighbor_removed,"(0, 1, 0)",276,travelling,0.0556640625,2
q3_radius1,q3g3_s7_00091,q3g3_s7_00091_left_right_symmetrized_rule,left_right_symmetrized_rule,"(2, 1, 0)",279,travelling,0.3770751953125,17
q3_radius1,q3g3_s7_00091,q3g3_s7_00091_right_neighbor_removed,right_neighbor_removed,"(0, 1, 0)",229,travelling,0.056640625,2
q3_radius1,q3g3_s7_00091,q3g3_s7_00085,stratum_null_q3g3_s7_00085,"(0, 2, 0)",753,local-phase-clock-like,0.001708984375,5
q3_radius1,q3g3_s7_00092,q3g3_s7_00092,raw,"(0, 1, 0)",133,travelling,0.08251953125,17
q3_radius1,q3g3_s7_00091,q3g3_s7_00059,stratum_null_q3g3_s7_00059,"(0, 1, 0)",258,emitter-like,0.5340576171875,17
q3_radius1,q3g3_s7_00091,q3g3_s7_00091_output_histogram_random,output_distribution_matched_random,"(2, 2, 2)",899,domain-wall-like,0.4822998046875,17
q3_radius1,q3g3_s7_00092,q3g3_s7_00092_left_neighbor_removed,left_neighbor_removed,"(2, 2, 2)",582,oscillatory,0.133056640625,17
q3_radius1,q3g3_s7_00091,q3g3_s7_00100,stratum_null_q3g3_s7_00100,"(0, 2, 0)",340,travelling,0.447265625,17
q3_radius1,q3g3_s7_00091,q3g3_s7_00120,stratum_null_q3g3_s7_00120,"(2, 2, 2)",127,travelling,0.70654296875,17
q3_radius1,q3g3_s7_00092,q3g3_s7_00092_right_neighbor_removed,right_neighbor_removed,"(2, 2, 2)",649,travelling,0.1317138671875,17
q3_radius1,q3g3_s7_00092,q3g3_s7_00092_center_only_projection,center_only_projection,"(0, 2, 0)",102,emitter-like,0.0,1
q3_radius1,q3g3_s7_00092,q3g3_s7_00092_left_right_symmetrized_rule,left_right_symmetrized_rule,"(0, 1, 0)",122,travelling,0.0740966796875,17
q3_radius1,q3g3_s7_00092,q3g3_s7_00092_symbol_phase_only,symbol_phase_only,"(0, 2, 2)",136,emitter-like,0.0,1
q3_radius1,q3g3_s7_00092,q3g3_s7_00086,stratum_null_q3g3_s7_00086,"(0, 2, 0)",439,travelling,0.4154052734375,17
q3_radius1,q3g3_s7_00093,q3g3_s7_00093_center_only_projection,center_only_projection,"(0, 1, 0)",263,local-phase-clock-like,0.0,2
q3_radius1,q3g3_s7_00092,q3g3_s7_00092_output_histogram_random,output_distribution_matched_random,"(1, 1, 1)",911,emitter-like,0.64892578125,17
q3_radius1,q3g3_s7_00092,q3g3_s7_00048,stratum_null_q3g3_s7_00048,"(1, 1, 1)",258,travelling,0.394287109375,17
q3_radius1,q3g3_s7_00092,q3g3_s7_00003,stratum_null_q3g3_s7_00003,"(0, 1, 0)",821,emitter-like,0.25341796875,17
q3_radius1,q3g3_s7_00092,q3g3_s7_00112,stratum_null_q3g3_s7_00112,"(0, 1, 0)",686,travelling,0.28662109375,17
q3_radius1,q3g3_s7_00093,q3g3_s7_00093,raw,"(1, 1, 1)",180,emitter-like,0.635009765625,17
q3_radius1,q3g3_s7_00093,q3g3_s7_00093_right_neighbor_removed,right_neighbor_removed,"(0, 1, 2)",178,travelling,0.091796875,2
q3_radius1,q3g3_s7_00093,q3g3_s7_00093_left_neighbor_removed,left_neighbor_removed,"(0, 2, 1)",161,travelling,0.088134765625,2
q3_radius1,q3g3_s7_00093,q3g3_s7_00093_symbol_phase_only,symbol_phase_only,"(1, 1, 1)",353,local-phase-clock-like,0.0,2
q3_radius1,q3g3_s7_00094,q3g3_s7_00094,raw,"(2, 2, 2)",244,emitter-like,0.32958984375,17
q3_radius1,q3g3_s7_00093,q3g3_s7_00069,stratum_null_q3g3_s7_00069,"(1, 1, 1)",420,travelling,0.3690185546875,17
q3_radius1,q3g3_s7_00093,q3g3_s7_00093_output_histogram_random,output_distribution_matched_random,"(1, 1, 1)",172,travelling,0.2586669921875,17
q3_radius1,q3g3_s7_00093,q3g3_s7_00072,stratum_null_q3g3_s7_00072,"(0, 1, 0)",1003,travelling,0.17138671875,17
q3_radius1,q3g3_s7_00093,q3g3_s7_00044,stratum_null_q3g3_s7_00044,"(0, 1, 0)",985,travelling,0.279541015625,17
q3_radius1,q3g3_s7_00093,q3g3_s7_00093_left_right_symmetrized_rule,left_right_symmetrized_rule,"(1, 1, 1)",129,travelling,0.6417236328125,17
q3_radius1,q3g3_s7_00094,q3g3_s7_00094_center_only_projection,center_only_projection,"(2, 1, 1)",102,local-phase-clock-like,0.0,1
q3_radius1,q3g3_s7_00093,q3g3_s7_00056,stratum_null_q3g3_s7_00056,"(1, 1, 1)",143,emitter-like,0.4854736328125,17
q3_radius1,q3g3_s7_00094,q3g3_s7_00094_left_right_symmetrized_rule,left_right_symmetrized_rule,"(2, 2, 2)",381,travelling,0.2884521484375,17
q3_radius1,q3g3_s7_00094,q3g3_s7_00094_left_neighbor_removed,left_neighbor_removed,"(0, 2, 0)",427,emitter-like,0.0623779296875,17
q3_radius1,q3g3_s7_00094,q3g3_s7_00006,stratum_null_q3g3_s7_00006,"(2, 2, 2)",809,domain-wall-like,0.2542724609375,17
q3_radius1,q3g3_s7_00094,q3g3_s7_00094_symbol_phase_only,symbol_phase_only,"(2, 2, 2)",339,local-phase-clock-like,0.0,2
q3_radius1,q3g3_s7_00094,q3g3_s7_00094_right_neighbor_removed,right_neighbor_removed,"(0, 2, 0)",460,emitter-like,0.0667724609375,17
q3_radius1,q3g3_s7_00094,q3g3_s7_00121,stratum_null_q3g3_s7_00121,"(0, 1, 0)",621,travelling,0.1806640625,17
q3_radius1,q3g3_s7_00094,q3g3_s7_00045,stratum_null_q3g3_s7_00045,"(0, 1, 0)",241,emitter-like,0.150146484375,17
q3_radius1,q3g3_s7_00094,q3g3_s7_00094_output_histogram_random,output_distribution_matched_random,"(1, 1, 1)",348,emitter-like,0.65673828125,17
q3_radius1,q3g3_s7_00094,q3g3_s7_00103,stratum_null_q3g3_s7_00103,"(0, 2, 0)",498,local-phase-clock-like,0.000732421875,5
q3_radius1,q3g3_s7_00098,q3g3_s7_00098,raw,"(1, 1, 1)",359,travelling,0.6002197265625,17
q3_radius1,q3g3_s7_00098,q3g3_s7_00098_left_neighbor_removed,left_neighbor_removed,"(2, 2, 2)",562,travelling,0.34326171875,17
q3_radius1,q3g3_s7_00098,q3g3_s7_00098_center_only_projection,center_only_projection,"(0, 2, 0)",102,emitter-like,0.0,1
q3_radius1,q3g3_s7_00098,q3g3_s7_00098_right_neighbor_removed,right_neighbor_removed,"(2, 2, 2)",491,travelling,0.3487548828125,17
q3_radius1,q3g3_s7_00098,q3g3_s7_00098_output_histogram_random,output_distribution_matched_random,"(2, 2, 2)",927,travelling,0.63525390625,17
q3_radius1,q3g3_s7_00098,q3g3_s7_00007,stratum_null_q3g3_s7_00007,"(2, 2, 2)",869,domain-wall-like,0.4398193359375,17
q3_radius1,q3g3_s7_00098,q3g3_s7_00098_symbol_phase_only,symbol_phase_only,"(0, 1, 1)",324,local-phase-clock-like,0.0,2
q3_radius1,q3g3_s7_00098,q3g3_s7_00098_left_right_symmetrized_rule,left_right_symmetrized_rule,"(1, 1, 1)",193,travelling,0.598876953125,17
q3_radius1,q3g3_s7_00098,q3g3_s7_00002,stratum_null_q3g3_s7_00002,"(2, 1, 2)",114,local-phase-clock-like,0.0,2
q3_radius1,q3g3_s7_00098,q3g3_s7_00083,stratum_null_q3g3_s7_00083,"(2, 2, 2)",341,oscillatory,0.180908203125,17
q3_radius1,q3g3_s7_00098,q3g3_s7_00124,stratum_null_q3g3_s7_00124,"(0, 2, 0)",945,travelling,0.1473388671875,17
q3_radius1,q3g3_s7_00099,q3g3_s7_00099_center_only_projection,center_only_projection,"(0, 1, 2)",170,emitter-like,0.0,1
q3_radius1,q3g3_s7_00099,q3g3_s7_00066,stratum_null_q3g3_s7_00066,"(0, 2, 2)",356,travelling,0.3299560546875,17
q3_radius1,q3g3_s7_00099,q3g3_s7_00099_left_neighbor_removed,left_neighbor_removed,"(0, 1, 0)",739,travelling,0.045654296875,2
q3_radius1,q3g3_s7_00099,q3g3_s7_00099,raw,"(0, 1, 0)",334,travelling,0.336181640625,17
q3_radius1,q3g3_s7_00099,q3g3_s7_00099_symbol_phase_only,symbol_phase_only,"(1, 1, 1)",307,emitter-like,0.0,2
q3_radius1,q3g3_s7_00099,q3g3_s7_00099_right_neighbor_removed,right_neighbor_removed,"(0, 1, 0)",854,travelling,0.04248046875,3
q3_radius1,q3g3_s7_00099,q3g3_s7_00119,stratum_null_q3g3_s7_00119,"(2, 2, 2)",905,domain-wall-like,0.442626953125,17
q3_radius1,q3g3_s7_00099,q3g3_s7_00099_left_right_symmetrized_rule,left_right_symmetrized_rule,"(0, 1, 0)",354,travelling,0.35107421875,17
q3_radius1,q3g3_s7_00099,q3g3_s7_00099_output_histogram_random,output_distribution_matched_random,"(1, 1, 1)",996,domain-wall-like,0.3118896484375,17
q3_radius1,q3g3_s7_00100,q3g3_s7_00100_center_only_projection,center_only_projection,"(0, 1, 2)",102,emitter-like,0.0,1
q3_radius1,q3g3_s7_00101,q3g3_s7_00101_center_only_projection,center_only_projection,"(0, 2, 0)",6,local-phase-clock-like,0.0,2
q3_radius1,q3g3_s7_00100,q3g3_s7_00100_symbol_phase_only,symbol_phase_only,"(1, 1, 1)",618,emitter-like,0.0,2
q3_radius1,q3g3_s7_00100,q3g3_s7_00100_left_neighbor_removed,left_neighbor_removed,"(0, 1, 0)",229,travelling,0.060791015625,2
q3_radius1,q3g3_s7_00100,q3g3_s7_00100_right_neighbor_removed,right_neighbor_removed,"(0, 1, 0)",201,travelling,0.056396484375,2
q3_radius1,q3g3_s7_00099,q3g3_s7_00032,stratum_null_q3g3_s7_00032,"(0, 2, 0)",281,emitter-like,0.2960205078125,17
q3_radius1,q3g3_s7_00100,q3g3_s7_00100,raw,"(0, 2, 0)",340,travelling,0.447265625,17
q3_radius1,q3g3_s7_00099,q3g3_s7_00026,stratum_null_q3g3_s7_00026,"(0, 1, 0)",348,emitter-like,0.5662841796875,17
q3_radius1,q3g3_s7_00100,q3g3_s7_00100_left_right_symmetrized_rule,left_right_symmetrized_rule,"(0, 2, 0)",349,travelling,0.4505615234375,17
q3_radius1,q3g3_s7_00104,q3g3_s7_00104_center_only_projection,center_only_projection,"(2, 2, 2)",9,local-phase-clock-like,0.0,2
q3_radius1,q3g3_s7_00100,q3g3_s7_00100_output_histogram_random,output_distribution_matched_random,"(0, 1, 2)",312,travelling,0.21875,17
q3_radius1,q3g3_s7_00100,q3g3_s7_00091,stratum_null_q3g3_s7_00091,"(2, 1, 0)",283,travelling,0.3966064453125,17
q3_radius1,q3g3_s7_00100,q3g3_s7_00085,stratum_null_q3g3_s7_00085,"(0, 2, 0)",753,local-phase-clock-like,0.001708984375,5
q3_radius1,q3g3_s7_00100,q3g3_s7_00059,stratum_null_q3g3_s7_00059,"(0, 1, 0)",258,emitter-like,0.5340576171875,17
q3_radius1,q3g3_s7_00100,q3g3_s7_00120,stratum_null_q3g3_s7_00120,"(2, 2, 2)",127,travelling,0.70654296875,17
q3_radius1,q3g3_s7_00101,q3g3_s7_00101_left_neighbor_removed,left_neighbor_removed,"(0, 1, 0)",660,emitter-like,0.0543212890625,17
q3_radius1,q3g3_s7_00101,q3g3_s7_00049,stratum_null_q3g3_s7_00049,"(0, 1, 0)",165,emitter-like,0.0,3
q3_radius1,q3g3_s7_00101,q3g3_s7_00101,raw,"(2, 1, 1)",233,emitter-like,0.5479736328125,17
q3_radius1,q3g3_s7_00101,q3g3_s7_00101_symbol_phase_only,symbol_phase_only,"(0, 1, 1)",260,local-phase-clock-like,0.0,2
q3_radius1,q3g3_s7_00101,q3g3_s7_00101_right_neighbor_removed,right_neighbor_removed,"(0, 1, 0)",744,emitter-like,0.0628662109375,17
q3_radius1,q3g3_s7_00104,q3g3_s7_00104_symbol_phase_only,symbol_phase_only,"(2, 2, 2)",1032,local-phase-clock-like,0.0,2
q3_radius1,q3g3_s7_00101,q3g3_s7_00101_output_histogram_random,output_distribution_matched_random,"(1, 1, 1)",226,travelling,0.2742919921875,17
q3_radius1,q3g3_s7_00101,q3g3_s7_00101_left_right_symmetrized_rule,left_right_symmetrized_rule,"(0, 2, 1)",233,travelling,0.5225830078125,17
q3_radius1,q3g3_s7_00101,q3g3_s7_00016,stratum_null_q3g3_s7_00016,"(1, 1, 1)",93,travelling,0.1910400390625,17
q3_radius1,q3g3_s7_00104,q3g3_s7_00104,raw,"(0, 2, 2)",218,travelling,0.6524658203125,17
q3_radius1,q3g3_s7_00101,q3g3_s7_00025,stratum_null_q3g3_s7_00025,"(1, 1, 1)",210,emitter-like,0.67431640625,17
q3_radius1,q3g3_s7_00101,q3g3_s7_00038,stratum_null_q3g3_s7_00038,"(0, 2, 0)",163,emitter-like,0.6259765625,17
q3_radius1,q3g3_s7_00106,q3g3_s7_00106_left_neighbor_removed,left_neighbor_removed,"(2, 2, 2)",557,domain-wall-like,0.2509765625,17
q3_radius1,q3g3_s7_00104,q3g3_s7_00104_left_neighbor_removed,left_neighbor_removed,"(2, 2, 0)",359,travelling,0.375732421875,17
q3_radius1,q3g3_s7_00106,q3g3_s7_00106_right_neighbor_removed,right_neighbor_removed,"(2, 2, 2)",561,travelling,0.2518310546875,17
q3_radius1,q3g3_s7_00104,q3g3_s7_00104_left_right_symmetrized_rule,left_right_symmetrized_rule,"(0, 2, 0)",145,emitter-like,0.6490478515625,17
q3_radius1,q3g3_s7_00104,q3g3_s7_00104_right_neighbor_removed,right_neighbor_removed,"(0, 2, 1)",173,travelling,0.3665771484375,17
q3_radius1,q3g3_s7_00104,q3g3_s7_00092,stratum_null_q3g3_s7_00092,"(0, 1, 0)",133,travelling,0.08251953125,17
q3_radius1,q3g3_s7_00104,q3g3_s7_00048,stratum_null_q3g3_s7_00048,"(1, 1, 1)",258,travelling,0.394287109375,17
q3_radius1,q3g3_s7_00104,q3g3_s7_00086,stratum_null_q3g3_s7_00086,"(0, 2, 0)",439,travelling,0.4154052734375,17
q3_radius1,q3g3_s7_00104,q3g3_s7_00104_output_histogram_random,output_distribution_matched_random,"(1, 1, 1)",356,travelling,0.6824951171875,17
q3_radius1,q3g3_s7_00106,q3g3_s7_00106_center_only_projection,center_only_projection,"(2, 2, 2)",373,local-phase-clock-like,0.0,2
q3_radius1,q3g3_s7_00106,q3g3_s7_00106,raw,"(2, 2, 2)",571,emitter-like,0.341796875,17
q3_radius1,q3g3_s7_00106,q3g3_s7_00106_symbol_phase_only,symbol_phase_only,"(0, 1, 1)",102,emitter-like,0.0,1
q3_radius1,q3g3_s7_00106,q3g3_s7_00106_left_right_symmetrized_rule,left_right_symmetrized_rule,"(2, 2, 2)",693,emitter-like,0.3795166015625,17
q3_radius1,q3g3_s7_00107,q3g3_s7_00107_symbol_phase_only,symbol_phase_only,"(1, 1, 1)",1029,local-phase-clock-like,0.0,2
q3_radius1,q3g3_s7_00104,q3g3_s7_00112,stratum_null_q3g3_s7_00112,"(0, 1, 0)",686,travelling,0.28662109375,17
q3_radius1,q3g3_s7_00106,q3g3_s7_00052,stratum_null_q3g3_s7_00052,"(1, 1, 1)",261,domain-wall-like,0.288330078125,17
q3_radius1,q3g3_s7_00106,q3g3_s7_00078,stratum_null_q3g3_s7_00078,"(2, 1, 2)",511,domain-wall-like,0.4361572265625,17
q3_radius1,q3g3_s7_00106,q3g3_s7_00070,stratum_null_q3g3_s7_00070,"(1, 2, 1)",339,local-phase-clock-like,0.0,2
q3_radius1,q3g3_s7_00106,q3g3_s7_00028,stratum_null_q3g3_s7_00028,"(2, 1, 1)",157,travelling,0.6597900390625,17
q3_radius1,q3g3_s7_00106,q3g3_s7_00106_output_histogram_random,output_distribution_matched_random,"(2, 2, 2)",979,travelling,0.216064453125,17
q3_radius1,q3g3_s7_00110,q3g3_s7_00110_left_neighbor_removed,left_neighbor_removed,"(0, 2, 1)",10,local-phase-clock-like,0.0,3
q3_radius1,q3g3_s7_00107,q3g3_s7_00107_center_only_projection,center_only_projection,"(1, 2, 1)",119,local-phase-clock-like,0.0,1
q3_radius1,q3g3_s7_00107,q3g3_s7_00107_right_neighbor_removed,right_neighbor_removed,"(2, 2, 2)",850,travelling,0.2677001953125,17
q3_radius1,q3g3_s7_00107,q3g3_s7_00107_left_neighbor_removed,left_neighbor_removed,"(2, 2, 2)",291,domain-wall-like,0.2711181640625,17
q3_radius1,q3g3_s7_00110,q3g3_s7_00110_right_neighbor_removed,right_neighbor_removed,"(0, 1, 2)",7,local-phase-clock-like,0.0,3
q3_radius1,q3g3_s7_00110,q3g3_s7_00110_symbol_phase_only,symbol_phase_only,"(0, 2, 0)",7,local-phase-clock-like,0.0,2
q3_radius1,q3g3_s7_00107,q3g3_s7_00107,raw,"(1, 1, 1)",204,travelling,0.67041015625,17
q3_radius1,q3g3_s7_00107,q3g3_s7_00102,stratum_null_q3g3_s7_00102,"(1, 2, 1)",282,unknown,0.4630126953125,17
q3_radius1,q3g3_s7_00110,q3g3_s7_00077,stratum_null_q3g3_s7_00077,"(0, 1, 1)",14,local-phase-clock-like,0.0,4
q3_radius1,q3g3_s7_00110,q3g3_s7_00110,raw,"(0, 1, 0)",132,travelling,0.0,3
q3_radius1,q3g3_s7_00107,q3g3_s7_00088,stratum_null_q3g3_s7_00088,"(0, 1, 0)",633,travelling,0.21630859375,17
q3_radius1,q3g3_s7_00107,q3g3_s7_00079,stratum_null_q3g3_s7_00079,"(1, 1, 1)",300,domain-wall-like,0.5316162109375,17
q3_radius1,q3g3_s7_00107,q3g3_s7_00107_left_right_symmetrized_rule,left_right_symmetrized_rule,"(0, 2, 1)",130,travelling,0.6585693359375,17
q3_radius1,q3g3_s7_00107,q3g3_s7_00107_output_histogram_random,output_distribution_matched_random,"(1, 1, 1)",125,travelling,0.6536865234375,17
q3_radius1,q3g3_s7_00110,q3g3_s7_00110_left_right_symmetrized_rule,left_right_symmetrized_rule,"(0, 1, 0)",131,travelling,0.0,2
q3_radius1,q3g3_s7_00110,q3g3_s7_00110_center_only_projection,center_only_projection,"(0, 2, 0)",276,local-phase-clock-like,0.0,2
q3_radius1,q3g3_s7_00107,q3g3_s7_00069,stratum_null_q3g3_s7_00069,"(1, 1, 1)",420,travelling,0.3690185546875,17
q3_radius1,q3g3_s7_00112,q3g3_s7_00112_center_only_projection,center_only_projection,"(0, 1, 0)",324,local-phase-clock-like,0.0,2
q3_radius1,q3g3_s7_00110,q3g3_s7_00082,stratum_null_q3g3_s7_00082,"(1, 1, 1)",433,travelling,0.5185546875,17
q3_radius1,q3g3_s7_00110,q3g3_s7_00110_output_histogram_random,output_distribution_matched_random,"(0, 2, 1)",217,travelling,0.485595703125,17
q3_radius1,q3g3_s7_00110,q3g3_s7_00084,stratum_null_q3g3_s7_00084,"(0, 2, 0)",600,emitter-like,0.2235107421875,17
q3_radius1,q3g3_s7_00110,q3g3_s7_00095,stratum_null_q3g3_s7_00095,"(2, 2, 2)",156,travelling,0.7056884765625,17
q3_radius1,q3g3_s7_00112,q3g3_s7_00112_symbol_phase_only,symbol_phase_only,"(0, 1, 2)",119,emitter-like,0.0,1
q3_radius1,q3g3_s7_00112,q3g3_s7_00112_left_neighbor_removed,left_neighbor_removed,"(0, 1, 0)",1014,emitter-like,0.128173828125,17
q3_radius1,q3g3_s7_00112,q3g3_s7_00092,stratum_null_q3g3_s7_00092,"(0, 1, 0)",133,travelling,0.08251953125,17
q3_radius1,q3g3_s7_00112,q3g3_s7_00112,raw,"(0, 1, 0)",686,travelling,0.28662109375,17
q3_radius1,q3g3_s7_00112,q3g3_s7_00112_output_histogram_random,output_distribution_matched_random,"(1, 1, 0)",97,travelling,0.106689453125,9
q3_radius1,q3g3_s7_00113,q3g3_s7_00113,raw,"(0, 1, 0)",186,emitter-like,0.0,3
q3_radius1,q3g3_s7_00112,q3g3_s7_00112_right_neighbor_removed,right_neighbor_removed,"(0, 1, 0)",254,emitter-like,0.12841796875,17
q3_radius1,q3g3_s7_00112,q3g3_s7_00086,stratum_null_q3g3_s7_00086,"(0, 2, 0)",439,travelling,0.4154052734375,17
q3_radius1,q3g3_s7_00113,q3g3_s7_00113_left_neighbor_removed,left_neighbor_removed,"(1, 2, 0)",116,emitter-like,0.0,3
q3_radius1,q3g3_s7_00112,q3g3_s7_00112_left_right_symmetrized_rule,left_right_symmetrized_rule,"(0, 1, 0)",432,travelling,0.276611328125,17
q3_radius1,q3g3_s7_00113,q3g3_s7_00113_center_only_projection,center_only_projection,"(0, 1, 2)",102,emitter-like,0.0,1
q3_radius1,q3g3_s7_00112,q3g3_s7_00048,stratum_null_q3g3_s7_00048,"(1, 1, 1)",258,travelling,0.394287109375,17
q3_radius1,q3g3_s7_00112,q3g3_s7_00003,stratum_null_q3g3_s7_00003,"(0, 1, 0)",821,emitter-like,0.25341796875,17
q3_radius1,q3g3_s7_00113,q3g3_s7_00113_right_neighbor_removed,right_neighbor_removed,"(0, 2, 1)",168,emitter-like,0.0,2
q3_radius1,q3g3_s7_00114,q3g3_s7_00114_symbol_phase_only,symbol_phase_only,"(2, 2, 2)",1026,local-phase-clock-like,0.0,2
q3_radius1,q3g3_s7_00113,q3g3_s7_00113_left_right_symmetrized_rule,left_right_symmetrized_rule,"(0, 2, 0)",129,emitter-like,0.0,3
q3_radius1,q3g3_s7_00113,q3g3_s7_00113_symbol_phase_only,symbol_phase_only,"(0, 2, 0)",119,emitter-like,0.0,1
q3_radius1,q3g3_s7_00113,q3g3_s7_00113_output_histogram_random,output_distribution_matched_random,"(2, 2, 2)",904,travelling,0.5068359375,17
q3_radius1,q3g3_s7_00113,q3g3_s7_00036,stratum_null_q3g3_s7_00036,"(0, 1, 0)",411,emitter-like,0.41943359375,17
q3_radius1,q3g3_s7_00114,q3g3_s7_00081,stratum_null_q3g3_s7_00081,"(1, 2, 1)",185,domain-wall-like,0.4576416015625,17
q3_radius1,q3g3_s7_00114,q3g3_s7_00114_center_only_projection,center_only_projection,"(0, 2, 0)",290,local-phase-clock-like,0.0,2
q3_radius1,q3g3_s7_00114,q3g3_s7_00114_left_neighbor_removed,left_neighbor_removed,"(2, 2, 2)",564,travelling,0.33251953125,17
q3_radius1,q3g3_s7_00114,q3g3_s7_00114_right_neighbor_removed,right_neighbor_removed,"(2, 2, 2)",529,travelling,0.3419189453125,17
q3_radius1,q3g3_s7_00113,q3g3_s7_00054,stratum_null_q3g3_s7_00054,"(1, 1, 1)",238,emitter-like,0.5533447265625,17
q3_radius1,q3g3_s7_00113,q3g3_s7_00115,stratum_null_q3g3_s7_00115,"(1, 2, 1)",196,emitter-like,0.4014892578125,17
q3_radius1,q3g3_s7_00114,q3g3_s7_00114,raw,"(2, 2, 2)",514,emitter-like,0.6124267578125,17
q3_radius1,q3g3_s7_00113,q3g3_s7_00047,stratum_null_q3g3_s7_00047,"(0, 1, 2)",409,travelling,0.7802734375,17
q3_radius1,q3g3_s7_00115,q3g3_s7_00115_symbol_phase_only,symbol_phase_only,"(1, 1, 1)",1027,local-phase-clock-like,0.0,2
q3_radius1,q3g3_s7_00114,q3g3_s7_00114_left_right_symmetrized_rule,left_right_symmetrized_rule,"(2, 2, 2)",393,travelling,0.6409912109375,17
q3_radius1,q3g3_s7_00114,q3g3_s7_00074,stratum_null_q3g3_s7_00074,"(1, 1, 1)",126,travelling,0.6927490234375,17
q3_radius1,q3g3_s7_00114,q3g3_s7_00114_output_histogram_random,output_distribution_matched_random,"(2, 1, 2)",157,travelling,0.4344482421875,17
q3_radius1,q3g3_s7_00114,q3g3_s7_00076,stratum_null_q3g3_s7_00076,"(2, 1, 1)",118,domain-wall-like,0.7210693359375,17
q3_radius1,q3g3_s7_00115,q3g3_s7_00115,raw,"(1, 2, 1)",196,emitter-like,0.4014892578125,17
q3_radius1,q3g3_s7_00115,q3g3_s7_00115_center_only_projection,center_only_projection,"(0, 2, 2)",345,local-phase-clock-like,0.0,2
q3_radius1,q3g3_s7_00116,q3g3_s7_00116_symbol_phase_only,symbol_phase_only,"(1, 2, 1)",6,local-phase-clock-like,0.0,2
q3_radius1,q3g3_s7_00114,q3g3_s7_00005,stratum_null_q3g3_s7_00005,"(0, 1, 0)",288,travelling,0.3385009765625,17
q3_radius1,q3g3_s7_00115,q3g3_s7_00115_output_histogram_random,output_distribution_matched_random,"(2, 2, 2)",417,travelling,0.4866943359375,17
q3_radius1,q3g3_s7_00115,q3g3_s7_00115_left_neighbor_removed,left_neighbor_removed,"(0, 1, 2)",119,travelling,0.073974609375,2
q3_radius1,q3g3_s7_00115,q3g3_s7_00115_right_neighbor_removed,right_neighbor_removed,"(2, 1, 1)",123,travelling,0.078125,1
q3_radius1,q3g3_s7_00115,q3g3_s7_00036,stratum_null_q3g3_s7_00036,"(0, 1, 0)",411,emitter-like,0.41943359375,17
q3_radius1,q3g3_s7_00115,q3g3_s7_00115_left_right_symmetrized_rule,left_right_symmetrized_rule,"(0, 1, 2)",195,emitter-like,0.4056396484375,17
q3_radius1,q3g3_s7_00121,q3g3_s7_00121_center_only_projection,center_only_projection,"(0, 2, 2)",7,local-phase-clock-like,0.0,2
q3_radius1,q3g3_s7_00115,q3g3_s7_00050,stratum_null_q3g3_s7_00050,"(2, 1, 2)",243,domain-wall-like,0.2705078125,17
q3_radius1,q3g3_s7_00116,q3g3_s7_00116_center_only_projection,center_only_projection,"(1, 1, 1)",136,emitter-like,0.0,1
q3_radius1,q3g3_s7_00115,q3g3_s7_00054,stratum_null_q3g3_s7_00054,"(1, 1, 1)",238,emitter-like,0.5533447265625,17
q3_radius1,q3g3_s7_00115,q3g3_s7_00047,stratum_null_q3g3_s7_00047,"(0, 1, 2)",409,travelling,0.7802734375,17
q3_radius1,q3g3_s7_00116,q3g3_s7_00116_right_neighbor_removed,right_neighbor_removed,"(0, 2, 0)",403,travelling,0.053955078125,2
q3_radius1,q3g3_s7_00116,q3g3_s7_00116_left_neighbor_removed,left_neighbor_removed,"(0, 2, 0)",374,travelling,0.05517578125,2
q3_radius1,q3g3_s7_00116,q3g3_s7_00116,raw,"(2, 2, 2)",157,travelling,0.5269775390625,17
q3_radius1,q3g3_s7_00116,q3g3_s7_00116_left_right_symmetrized_rule,left_right_symmetrized_rule,"(0, 1, 1)",138,emitter-like,0.6063232421875,17
q3_radius1,q3g3_s7_00116,q3g3_s7_00116_output_histogram_random,output_distribution_matched_random,"(0, 2, 2)",131,travelling,0.2918701171875,17
q3_radius1,q3g3_s7_00116,q3g3_s7_00063,stratum_null_q3g3_s7_00063,"(0, 2, 0)",291,local-phase-clock-like,0.00048828125,3
q3_radius1,q3g3_s7_00116,q3g3_s7_00030,stratum_null_q3g3_s7_00030,"(0, 1, 0)",208,emitter-like,0.5880126953125,17
q3_radius1,q3g3_s7_00116,q3g3_s7_00019,stratum_null_q3g3_s7_00019,"(2, 2, 2)",164,emitter-like,0.2525634765625,17
q3_radius1,q3g3_s7_00116,q3g3_s7_00018,stratum_null_q3g3_s7_00018,"(1, 1, 1)",96,travelling,0.204345703125,17
q3_radius1,q3g3_s7_00121,q3g3_s7_00121,raw,"(0, 1, 0)",621,travelling,0.1806640625,17
q3_radius1,q3g3_s7_00121,q3g3_s7_00121_left_neighbor_removed,left_neighbor_removed,"(0, 2, 2)",328,emitter-like,0.0,5
q3_radius1,q3g3_s7_00121,q3g3_s7_00006,stratum_null_q3g3_s7_00006,"(2, 2, 2)",809,domain-wall-like,0.2542724609375,17
q3_radius1,q3g3_s7_00123,q3g3_s7_00123_symbol_phase_only,symbol_phase_only,"(0, 1, 1)",7,local-phase-clock-like,0.0,2
q3_radius1,q3g3_s7_00121,q3g3_s7_00121_right_neighbor_removed,right_neighbor_removed,"(0, 2, 2)",371,emitter-like,0.0,4
q3_radius1,q3g3_s7_00121,q3g3_s7_00121_left_right_symmetrized_rule,left_right_symmetrized_rule,"(0, 1, 0)",637,emitter-like,0.1802978515625,17
q3_radius1,q3g3_s7_00121,q3g3_s7_00121_symbol_phase_only,symbol_phase_only,"(1, 1, 1)",119,emitter-like,0.0,1
q3_radius1,q3g3_s7_00121,q3g3_s7_00094,stratum_null_q3g3_s7_00094,"(2, 2, 2)",244,emitter-like,0.32958984375,17
q3_radius1,q3g3_s7_00121,q3g3_s7_00045,stratum_null_q3g3_s7_00045,"(0, 1, 0)",241,emitter-like,0.150146484375,17
q3_radius1,q3g3_s7_00124,q3g3_s7_00124_center_only_projection,center_only_projection,"(0, 1, 0)",6,local-phase-clock-like,0.0,2
q3_radius1,q3g3_s7_00123,q3g3_s7_00123,raw,"(0, 1, 0)",356,emitter-like,0.392333984375,17
q3_radius1,q3g3_s7_00121,q3g3_s7_00121_output_histogram_random,output_distribution_matched_random,"(2, 2, 2)",946,travelling,0.438720703125,17
q3_radius1,q3g3_s7_00121,q3g3_s7_00103,stratum_null_q3g3_s7_00103,"(0, 2, 0)",498,local-phase-clock-like,0.000732421875,5
q3_radius1,q3g3_s7_00123,q3g3_s7_00123_center_only_projection,center_only_projection,"(0, 1, 0)",153,emitter-like,0.0,1
q3_radius1,q3g3_s7_00124,q3g3_s7_00124_symbol_phase_only,symbol_phase_only,"(1, 1, 1)",8,local-phase-clock-like,0.0,2
q3_radius1,q3g3_s7_00123,q3g3_s7_00123_left_right_symmetrized_rule,left_right_symmetrized_rule,"(0, 2, 0)",338,travelling,0.3939208984375,17
q3_radius1,q3g3_s7_00123,q3g3_s7_00123_left_neighbor_removed,left_neighbor_removed,"(0, 2, 0)",894,travelling,0.0791015625,5
q3_radius1,q3g3_s7_00124,q3g3_s7_00109,stratum_null_q3g3_s7_00109,"(1, 2, 1)",6,local-phase-clock-like,0.0,3
q3_radius1,q3g3_s7_00123,q3g3_s7_00123_right_neighbor_removed,right_neighbor_removed,"(0, 2, 0)",879,travelling,0.0654296875,4
q3_radius1,q3g3_s7_00123,q3g3_s7_00068,stratum_null_q3g3_s7_00068,"(2, 2, 2)",541,travelling,0.4976806640625,17
q3_radius1,q3g3_s7_00124,q3g3_s7_00002,stratum_null_q3g3_s7_00002,"(2, 1, 2)",114,local-phase-clock-like,0.0,2
q3_radius1,q3g3_s7_00124,q3g3_s7_00124,raw,"(0, 2, 0)",945,travelling,0.1473388671875,17
q3_radius1,q3g3_s7_00123,q3g3_s7_00123_output_histogram_random,output_distribution_matched_random,"(1, 1, 1)",998,travelling,0.5289306640625,17
q3_radius1,q3g3_s7_00123,q3g3_s7_00027,stratum_null_q3g3_s7_00027,"(0, 1, 0)",589,travelling,0.341064453125,17
q3_radius1,q3g3_s7_00123,q3g3_s7_00034,stratum_null_q3g3_s7_00034,"(0, 1, 0)",203,emitter-like,0.3402099609375,17
q3_radius1,q3g3_s7_00124,q3g3_s7_00124_left_right_symmetrized_rule,left_right_symmetrized_rule,"(0, 2, 0)",833,travelling,0.135498046875,17
q3_radius1,q3g3_s7_00124,q3g3_s7_00124_left_neighbor_removed,left_neighbor_removed,"(0, 2, 1)",213,emitter-like,0.1927490234375,17
q3_radius1,q3g3_s7_00123,q3g3_s7_00011,stratum_null_q3g3_s7_00011,"(0, 2, 0)",228,emitter-like,0.6170654296875,17
q3_radius1,q3g3_s7_00124,q3g3_s7_00124_output_histogram_random,output_distribution_matched_random,"(1, 1, 1)",502,travelling,0.85888671875,17
q3_radius1,q3g3_s7_00124,q3g3_s7_00007,stratum_null_q3g3_s7_00007,"(2, 2, 2)",869,domain-wall-like,0.4398193359375,17
q3_radius1,q3g3_s7_00124,q3g3_s7_00124_right_neighbor_removed,right_neighbor_removed,"(0, 1, 0)",199,emitter-like,0.205078125,17
q3_radius1,q3g3_s7_00124,q3g3_s7_00098,stratum_null_q3g3_s7_00098,"(1, 1, 1)",359,travelling,0.6002197265625,17
q3_radius1,q3g3_s8_00004,q3g3_s8_00004,raw,"(1, 1, 1)",146,emitter-like,0.09375,17
q3_radius1,q3g3_s8_00004,q3g3_s8_00004_right_neighbor_removed,right_neighbor_removed,"(1, 1, 2)",130,oscillatory,0.09375,17
q3_radius1,q3g3_s8_00004,q3g3_s8_00004_center_only_projection,center_only_projection,"(0, 1, 0)",102,local-phase-clock-like,0.0,1
q3_radius1,q3g3_s8_00004,q3g3_s8_00004_left_neighbor_removed,left_neighbor_removed,"(0, 2, 1)",85,local-phase-clock-like,0.0,1
q3_radius1,q3g3_s8_00004,q3g3_s8_00004_left_right_symmetrized_rule,left_right_symmetrized_rule,"(1, 1, 1)",194,local-phase-clock-like,0.0,2
q3_radius1,q3g3_s8_00004,q3g3_s8_00004_symbol_phase_only,symbol_phase_only,"(0, 2, 1)",102,local-phase-clock-like,0.0,1
q3_radius1,q3g3_s8_00012,q3g3_s8_00012_right_neighbor_removed,right_neighbor_removed,"(2, 2, 2)",692,travelling,0.25,17
q3_radius1,q3g3_s8_00004,q3g3_s8_00090,stratum_null_q3g3_s8_00090,"(1, 1, 1)",904,domain-wall-like,0.34130859375,17
q3_radius1,q3g3_s8_00004,q3g3_s8_00047,stratum_null_q3g3_s8_00047,"(0, 1, 2)",117,local-phase-clock-like,0.0,2
q3_radius1,q3g3_s8_00004,q3g3_s8_00059,stratum_null_q3g3_s8_00059,"(1, 1, 1)",1026,local-phase-clock-like,0.0,2
q3_radius1,q3g3_s8_00004,q3g3_s8_00004_output_histogram_random,output_distribution_matched_random,"(1, 1, 1)",420,domain-wall-like,0.727294921875,17
q3_radius1,q3g3_s8_00004,q3g3_s8_00115,stratum_null_q3g3_s8_00115,"(1, 1, 1)",1024,local-phase-clock-like,0.0,2
q3_radius1,q3g3_s8_00012,q3g3_s8_00012,raw,"(0, 1, 1)",180,emitter-like,0.140625,17
q3_radius1,q3g3_s8_00012,q3g3_s8_00012_center_only_projection,center_only_projection,"(0, 2, 2)",85,local-phase-clock-like,0.0,1
q3_radius1,q3g3_s8_00012,q3g3_s8_00012_left_neighbor_removed,left_neighbor_removed,"(2, 2, 2)",136,local-phase-clock-like,0.0,1
q3_radius1,q3g3_s8_00012,q3g3_s8_00012_left_right_symmetrized_rule,left_right_symmetrized_rule,"(0, 2, 0)",186,local-phase-clock-like,0.0,2
q3_radius1,q3g3_s8_00012,q3g3_s8_00012_symbol_phase_only,symbol_phase_only,"(0, 2, 1)",119,local-phase-clock-like,0.0,1
q3_radius1,q3g3_s8_00012,q3g3_s8_00048,stratum_null_q3g3_s8_00048,"(0, 2, 1)",141,domain-wall-like,0.25,17
q3_radius1,q3g3_s8_00012,q3g3_s8_00063,stratum_null_q3g3_s8_00063,"(0, 1, 1)",160,emitter-like,0.15625,17
q3_radius1,q3g3_s8_00018,q3g3_s8_00018_left_neighbor_removed,left_neighbor_removed,"(2, 2, 2)",606,oscillatory,0.1328125,17
q3_radius1,q3g3_s8_00012,q3g3_s8_00031,stratum_null_q3g3_s8_00031,"(1, 2, 1)",129,local-phase-clock-like,0.0,2
q3_radius1,q3g3_s8_00012,q3g3_s8_00103,stratum_null_q3g3_s8_00103,"(2, 2, 2)",700,emitter-like,0.1171875,17
q3_radius1,q3g3_s8_00018,q3g3_s8_00018_center_only_projection,center_only_projection,"(0, 2, 0)",119,local-phase-clock-like,0.0,1
q3_radius1,q3g3_s8_00018,q3g3_s8_00018,raw,"(0, 2, 0)",220,emitter-like,0.2215576171875,17
q3_radius1,q3g3_s8_00012,q3g3_s8_00012_output_histogram_random,output_distribution_matched_random,"(2, 2, 2)",996,travelling,0.3734130859375,17
q3_radius1,q3g3_s8_00018,q3g3_s8_00018_right_neighbor_removed,right_neighbor_removed,"(2, 2, 2)",315,emitter-like,0.1103515625,17
q3_radius1,q3g3_s8_00018,q3g3_s8_00018_output_histogram_random,output_distribution_matched_random,"(2, 2, 2)",403,emitter-like,0.0,3
q3_radius1,q3g3_s8_00018,q3g3_s8_00018_symbol_phase_only,symbol_phase_only,"(1, 1, 1)",153,local-phase-clock-like,0.0,1
q3_radius1,q3g3_s8_00018,q3g3_s8_00044,stratum_null_q3g3_s8_00044,"(2, 2, 2)",186,emitter-like,0.1171875,17
q3_radius1,q3g3_s8_00018,q3g3_s8_00018_left_right_symmetrized_rule,left_right_symmetrized_rule,"(0, 2, 0)",170,emitter-like,0.03125,16
q3_radius1,q3g3_s8_00018,q3g3_s8_00099,stratum_null_q3g3_s8_00099,"(0, 1, 2)",151,emitter-like,0.140625,17
q3_radius1,q3g3_s8_00018,q3g3_s8_00007,stratum_null_q3g3_s8_00007,"(2, 1, 2)",98,local-phase-clock-like,0.0,2
q3_radius1,q3g3_s8_00018,q3g3_s8_00005,stratum_null_q3g3_s8_00005,"(2, 2, 2)",162,local-phase-clock-like,0.0,2
q3_radius1,q3g3_s8_00036,q3g3_s8_00036_center_only_projection,center_only_projection,"(0, 1, 0)",386,local-phase-clock-like,0.0,2
q3_radius1,q3g3_s8_00036,q3g3_s8_00036,raw,"(1, 1, 1)",188,oscillatory,0.1796875,17
q3_radius1,q3g3_s8_00036,q3g3_s8_00036_right_neighbor_removed,right_neighbor_removed,"(1, 1, 1)",372,emitter-like,0.109375,17
q3_radius1,q3g3_s8_00036,q3g3_s8_00036_left_neighbor_removed,left_neighbor_removed,"(1, 2, 1)",119,local-phase-clock-like,0.0,2
q3_radius1,q3g3_s8_00036,q3g3_s8_00036_left_right_symmetrized_rule,left_right_symmetrized_rule,"(0, 1, 1)",231,local-phase-clock-like,0.0,2
q3_radius1,q3g3_s8_00036,q3g3_s8_00036_symbol_phase_only,symbol_phase_only,"(0, 1, 2)",85,local-phase-clock-like,0.0,1
q3_radius1,q3g3_s8_00036,q3g3_s8_00060,stratum_null_q3g3_s8_00060,"(1, 1, 1)",230,emitter-like,0.111328125,17
q3_radius1,q3g3_s8_00036,q3g3_s8_00077,stratum_null_q3g3_s8_00077,"(0, 1, 2)",133,emitter-like,0.1015625,17
q3_radius1,q3g3_s8_00036,q3g3_s8_00008,stratum_null_q3g3_s8_00008,"(0, 2, 2)",136,local-phase-clock-like,0.0,2
q3_radius1,q3g3_s8_00044,q3g3_s8_00044,raw,"(2, 2, 2)",186,emitter-like,0.1171875,17
q3_radius1,q3g3_s8_00036,q3g3_s8_00036_output_histogram_random,output_distribution_matched_random,"(1, 1, 1)",426,travelling,0.797119140625,17
q3_radius1,q3g3_s8_00036,q3g3_s8_00009,stratum_null_q3g3_s8_00009,"(0, 1, 1)",151,local-phase-clock-like,0.0,2
q3_radius1,q3g3_s8_00044,q3g3_s8_00044_right_neighbor_removed,right_neighbor_removed,"(2, 2, 2)",297,oscillatory,0.1484375,17
q3_radius1,q3g3_s8_00044,q3g3_s8_00044_center_only_projection,center_only_projection,"(0, 2, 1)",204,local-phase-clock-like,0.0,1
q3_radius1,q3g3_s8_00044,q3g3_s8_00044_left_neighbor_removed,left_neighbor_removed,"(0, 2, 2)",227,local-phase-clock-like,0.0,2
q3_radius1,q3g3_s8_00044,q3g3_s8_00044_left_right_symmetrized_rule,left_right_symmetrized_rule,"(1, 2, 1)",119,local-phase-clock-like,0.0,1
q3_radius1,q3g3_s8_00044,q3g3_s8_00044_symbol_phase_only,symbol_phase_only,"(0, 2, 1)",136,local-phase-clock-like,0.0,1
q3_radius1,q3g3_s8_00044,q3g3_s8_00099,stratum_null_q3g3_s8_00099,"(0, 1, 2)",151,emitter-like,0.140625,17
q3_radius1,q3g3_s8_00044,q3g3_s8_00044_output_histogram_random,output_distribution_matched_random,"(2, 2, 2)",985,travelling,0.4202880859375,17
q3_radius1,q3g3_s8_00044,q3g3_s8_00018,stratum_null_q3g3_s8_00018,"(0, 2, 0)",220,emitter-like,0.2215576171875,17
q3_radius1,q3g3_s8_00044,q3g3_s8_00005,stratum_null_q3g3_s8_00005,"(2, 2, 2)",162,local-phase-clock-like,0.0,2
q3_radius1,q3g3_s8_00044,q3g3_s8_00007,stratum_null_q3g3_s8_00007,"(2, 1, 2)",98,local-phase-clock-like,0.0,2
q3_radius1,q3g3_s8_00048,q3g3_s8_00048,raw,"(0, 2, 1)",141,domain-wall-like,0.25,17
q3_radius1,q3g3_s8_00048,q3g3_s8_00048_right_neighbor_removed,right_neighbor_removed,"(2, 2, 2)",277,domain-wall-like,0.25,17
q3_radius1,q3g3_s8_00048,q3g3_s8_00048_center_only_projection,center_only_projection,"(0, 2, 2)",102,local-phase-clock-like,0.0,1
q3_radius1,q3g3_s8_00048,q3g3_s8_00048_left_neighbor_removed,left_neighbor_removed,"(0, 1, 0)",136,local-phase-clock-like,0.0,1
q3_radius1,q3g3_s8_00048,q3g3_s8_00048_left_right_symmetrized_rule,left_right_symmetrized_rule,"(0, 2, 0)",149,local-phase-clock-like,0.0,2
q3_radius1,q3g3_s8_00048,q3g3_s8_00048_symbol_phase_only,symbol_phase_only,"(0, 2, 1)",119,local-phase-clock-like,0.0,1
q3_radius1,q3g3_s8_00048,q3g3_s8_00012,stratum_null_q3g3_s8_00012,"(0, 1, 1)",180,emitter-like,0.140625,17
q3_radius1,q3g3_s8_00048,q3g3_s8_00063,stratum_null_q3g3_s8_00063,"(0, 1, 1)",160,emitter-like,0.15625,17
q3_radius1,q3g3_s8_00048,q3g3_s8_00103,stratum_null_q3g3_s8_00103,"(2, 2, 2)",700,emitter-like,0.1171875,17
q3_radius1,q3g3_s8_00048,q3g3_s8_00031,stratum_null_q3g3_s8_00031,"(1, 2, 1)",129,local-phase-clock-like,0.0,2
q3_radius1,q3g3_s8_00048,q3g3_s8_00048_output_histogram_random,output_distribution_matched_random,"(1, 1, 1)",903,domain-wall-like,0.644287109375,17
q3_radius1,q3g3_s8_00060,q3g3_s8_00060,raw,"(1, 1, 1)",230,emitter-like,0.111328125,17
q3_radius1,q3g3_s8_00060,q3g3_s8_00060_left_neighbor_removed,left_neighbor_removed,"(1, 1, 1)",278,emitter-like,0.065673828125,17
q3_radius1,q3g3_s8_00060,q3g3_s8_00060_center_only_projection,center_only_projection,"(1, 2, 2)",102,local-phase-clock-like,0.0,1
q3_radius1,q3g3_s8_00060,q3g3_s8_00060_right_neighbor_removed,right_neighbor_removed,"(0, 1, 0)",119,local-phase-clock-like,0.0,1
q3_radius1,q3g3_s8_00060,q3g3_s8_00060_left_right_symmetrized_rule,left_right_symmetrized_rule,"(0, 1, 0)",114,local-phase-clock-like,0.0,2
q3_radius1,q3g3_s8_00060,q3g3_s8_00060_symbol_phase_only,symbol_phase_only,"(2, 2, 2)",136,local-phase-clock-like,0.0,1
q3_radius1,q3g3_s8_00060,q3g3_s8_00036,stratum_null_q3g3_s8_00036,"(1, 1, 1)",188,oscillatory,0.1796875,17
q3_radius1,q3g3_s8_00060,q3g3_s8_00077,stratum_null_q3g3_s8_00077,"(0, 1, 2)",133,emitter-like,0.1015625,17
q3_radius1,q3g3_s8_00060,q3g3_s8_00008,stratum_null_q3g3_s8_00008,"(0, 2, 2)",136,local-phase-clock-like,0.0,2
q3_radius1,q3g3_s8_00060,q3g3_s8_00060_output_histogram_random,output_distribution_matched_random,"(1, 1, 1)",920,oscillatory,0.191650390625,17
q3_radius1,q3g3_s8_00060,q3g3_s8_00009,stratum_null_q3g3_s8_00009,"(0, 1, 1)",151,local-phase-clock-like,0.0,2
q3_radius1,q3g3_s8_00063,q3g3_s8_00063,raw,"(0, 1, 1)",160,emitter-like,0.15625,17
q3_radius1,q3g3_s8_00063,q3g3_s8_00063_right_neighbor_removed,right_neighbor_removed,"(1, 1, 1)",207,oscillatory,0.125,17
q3_radius1,q3g3_s8_00063,q3g3_s8_00063_center_only_projection,center_only_projection,"(2, 1, 2)",102,local-phase-clock-like,0.0,1
q3_radius1,q3g3_s8_00063,q3g3_s8_00063_left_neighbor_removed,left_neighbor_removed,"(2, 2, 2)",102,local-phase-clock-like,0.0,1
q3_radius1,q3g3_s8_00063,q3g3_s8_00063_left_right_symmetrized_rule,left_right_symmetrized_rule,"(0, 1, 0)",136,local-phase-clock-like,0.0,2
q3_radius1,q3g3_s8_00063,q3g3_s8_00063_symbol_phase_only,symbol_phase_only,"(0, 2, 2)",136,local-phase-clock-like,0.0,1
q3_radius1,q3g3_s8_00063,q3g3_s8_00012,stratum_null_q3g3_s8_00012,"(0, 1, 1)",180,emitter-like,0.140625,17
q3_radius1,q3g3_s8_00063,q3g3_s8_00048,stratum_null_q3g3_s8_00048,"(0, 2, 1)",141,domain-wall-like,0.25,17
q3_radius1,q3g3_s8_00063,q3g3_s8_00103,stratum_null_q3g3_s8_00103,"(2, 2, 2)",700,emitter-like,0.1171875,17
q3_radius1,q3g3_s8_00070,q3g3_s8_00070,raw,"(1, 1, 1)",440,emitter-like,0.09375,17
q3_radius1,q3g3_s8_00063,q3g3_s8_00031,stratum_null_q3g3_s8_00031,"(1, 2, 1)",129,local-phase-clock-like,0.0,2
q3_radius1,q3g3_s8_00063,q3g3_s8_00063_output_histogram_random,output_distribution_matched_random,"(0, 1, 1)",320,travelling,0.4794921875,17
q3_radius1,q3g3_s8_00070,q3g3_s8_00070_center_only_projection,center_only_projection,"(1, 1, 1)",323,local-phase-clock-like,0.0,2
q3_radius1,q3g3_s8_00070,q3g3_s8_00070_left_neighbor_removed,left_neighbor_removed,"(1, 1, 1)",794,oscillatory,0.171875,17
q3_radius1,q3g3_s8_00070,q3g3_s8_00070_right_neighbor_removed,right_neighbor_removed,"(0, 1, 0)",231,local-phase-clock-like,0.0,2
q3_radius1,q3g3_s8_00070,q3g3_s8_00070_left_right_symmetrized_rule,left_right_symmetrized_rule,"(0, 1, 0)",135,local-phase-clock-like,0.0,2
q3_radius1,q3g3_s8_00070,q3g3_s8_00070_symbol_phase_only,symbol_phase_only,"(0, 2, 1)",85,local-phase-clock-like,0.0,1
q3_radius1,q3g3_s8_00070,q3g3_s8_00113,stratum_null_q3g3_s8_00113,"(1, 1, 1)",186,oscillatory,0.1171875,17
q3_radius1,q3g3_s8_00070,q3g3_s8_00116,stratum_null_q3g3_s8_00116,"(1, 1, 0)",150,local-phase-clock-like,0.0,2
q3_radius1,q3g3_s8_00070,q3g3_s8_00066,stratum_null_q3g3_s8_00066,"(1, 1, 1)",179,local-phase-clock-like,0.0,2
q3_radius1,q3g3_s8_00070,q3g3_s8_00022,stratum_null_q3g3_s8_00022,"(1, 1, 1)",1025,local-phase-clock-like,0.0,2
q3_radius1,q3g3_s8_00070,q3g3_s8_00070_output_histogram_random,output_distribution_matched_random,"(1, 2, 1)",130,emitter-like,0.65185546875,17
q3_radius1,q3g3_s8_00077,q3g3_s8_00077,raw,"(0, 1, 2)",133,emitter-like,0.1015625,17
q3_radius1,q3g3_s8_00077,q3g3_s8_00077_center_only_projection,center_only_projection,"(1, 1, 1)",355,local-phase-clock-like,0.0,2
q3_radius1,q3g3_s8_00077,q3g3_s8_00077_right_neighbor_removed,right_neighbor_removed,"(1, 1, 1)",454,emitter-like,0.15625,17
q3_radius1,q3g3_s8_00077,q3g3_s8_00077_left_neighbor_removed,left_neighbor_removed,"(0, 2, 0)",204,local-phase-clock-like,0.0,2
q3_radius1,q3g3_s8_00077,q3g3_s8_00077_left_right_symmetrized_rule,left_right_symmetrized_rule,"(0, 2, 0)",212,local-phase-clock-like,0.0,2
q3_radius1,q3g3_s8_00077,q3g3_s8_00077_symbol_phase_only,symbol_phase_only,"(0, 2, 0)",119,local-phase-clock-like,0.0,1
q3_radius1,q3g3_s8_00077,q3g3_s8_00060,stratum_null_q3g3_s8_00060,"(1, 1, 1)",230,emitter-like,0.111328125,17
q3_radius1,q3g3_s8_00077,q3g3_s8_00036,stratum_null_q3g3_s8_00036,"(1, 1, 1)",188,oscillatory,0.1796875,17
q3_radius1,q3g3_s8_00077,q3g3_s8_00008,stratum_null_q3g3_s8_00008,"(0, 2, 2)",136,local-phase-clock-like,0.0,2
q3_radius1,q3g3_s8_00077,q3g3_s8_00077_output_histogram_random,output_distribution_matched_random,"(1, 1, 1)",387,emitter-like,0.796630859375,17
q3_radius1,q3g3_s8_00084,q3g3_s8_00084,raw,"(2, 2, 2)",130,oscillatory,0.15625,17
q3_radius1,q3g3_s8_00077,q3g3_s8_00009,stratum_null_q3g3_s8_00009,"(0, 1, 1)",151,local-phase-clock-like,0.0,2
q3_radius1,q3g3_s8_00084,q3g3_s8_00084_right_neighbor_removed,right_neighbor_removed,"(2, 2, 2)",220,oscillatory,0.1171875,17
q3_radius1,q3g3_s8_00084,q3g3_s8_00084_center_only_projection,center_only_projection,"(1, 1, 0)",136,local-phase-clock-like,0.0,1
q3_radius1,q3g3_s8_00084,q3g3_s8_00084_left_neighbor_removed,left_neighbor_removed,"(2, 2, 2)",153,local-phase-clock-like,0.0,1
q3_radius1,q3g3_s8_00084,q3g3_s8_00084_left_right_symmetrized_rule,left_right_symmetrized_rule,"(0, 2, 0)",119,local-phase-clock-like,0.0,1
q3_radius1,q3g3_s8_00084,q3g3_s8_00084_symbol_phase_only,symbol_phase_only,"(0, 2, 2)",153,local-phase-clock-like,0.0,1
q3_radius1,q3g3_s8_00084,q3g3_s8_00020,stratum_null_q3g3_s8_00020,"(2, 2, 2)",213,local-phase-clock-like,0.0,2
q3_radius1,q3g3_s8_00084,q3g3_s8_00084_output_histogram_random,output_distribution_matched_random,"(2, 2, 2)",935,travelling,0.514892578125,17
q3_radius1,q3g3_s8_00084,q3g3_s8_00040,stratum_null_q3g3_s8_00040,"(0, 2, 2)",195,local-phase-clock-like,0.0,2
q3_radius1,q3g3_s8_00084,q3g3_s8_00050,stratum_null_q3g3_s8_00050,"(2, 2, 1)",182,local-phase-clock-like,0.0,2
q3_radius1,q3g3_s8_00084,q3g3_s8_00107,stratum_null_q3g3_s8_00107,"(2, 1, 2)",102,local-phase-clock-like,0.0,2
q3_radius1,q3g3_s8_00086,q3g3_s8_00086_left_neighbor_removed,left_neighbor_removed,"(2, 2, 2)",791,oscillatory,0.1328125,17
q3_radius1,q3g3_s8_00086,q3g3_s8_00086_right_neighbor_removed,right_neighbor_removed,"(0, 1, 2)",151,local-phase-clock-like,0.0,2
q3_radius1,q3g3_s8_00086,q3g3_s8_00086_center_only_projection,center_only_projection,"(0, 2, 2)",136,local-phase-clock-like,0.0,1
q3_radius1,q3g3_s8_00086,q3g3_s8_00086,raw,"(0, 2, 0)",400,emitter-like,0.0400390625,17
q3_radius1,q3g3_s8_00086,q3g3_s8_00086_left_right_symmetrized_rule,left_right_symmetrized_rule,"(0, 2, 1)",134,local-phase-clock-like,0.0,2
q3_radius1,q3g3_s8_00090,q3g3_s8_00090_left_neighbor_removed,left_neighbor_removed,"(1, 1, 1)",907,domain-wall-like,0.25,17
q3_radius1,q3g3_s8_00086,q3g3_s8_00086_symbol_phase_only,symbol_phase_only,"(0, 2, 0)",119,local-phase-clock-like,0.0,1
q3_radius1,q3g3_s8_00086,q3g3_s8_00002,stratum_null_q3g3_s8_00002,"(0, 1, 2)",307,local-phase-clock-like,0.0,2
q3_radius1,q3g3_s8_00086,q3g3_s8_00072,stratum_null_q3g3_s8_00072,"(0, 2, 0)",153,local-phase-clock-like,0.0,2
q3_radius1,q3g3_s8_00086,q3g3_s8_00097,stratum_null_q3g3_s8_00097,"(0, 1, 0)",101,local-phase-clock-like,0.0,2
q3_radius1,q3g3_s8_00086,q3g3_s8_00086_output_histogram_random,output_distribution_matched_random,"(2, 2, 2)",404,emitter-like,0.6885986328125,17
q3_radius1,q3g3_s8_00086,q3g3_s8_00046,stratum_null_q3g3_s8_00046,"(0, 2, 0)",463,emitter-like,0.070556640625,17
q3_radius1,q3g3_s8_00090,q3g3_s8_00090,raw,"(1, 1, 1)",904,domain-wall-like,0.34130859375,17
q3_radius1,q3g3_s8_00090,q3g3_s8_00090_center_only_projection,center_only_projection,"(2, 2, 2)",136,local-phase-clock-like,0.0,1
q3_radius1,q3g3_s8_00090,q3g3_s8_00090_right_neighbor_removed,right_neighbor_removed,"(1, 1, 1)",194,oscillatory,0.109375,17
q3_radius1,q3g3_s8_00099,q3g3_s8_00099_left_neighbor_removed,left_neighbor_removed,"(2, 2, 2)",911,domain-wall-like,0.25,17
q3_radius1,q3g3_s8_00090,q3g3_s8_00090_left_right_symmetrized_rule,left_right_symmetrized_rule,"(1, 1, 1)",696,domain-wall-like,0.251708984375,17
q3_radius1,q3g3_s8_00090,q3g3_s8_00090_symbol_phase_only,symbol_phase_only,"(0, 1, 0)",136,local-phase-clock-like,0.0,1
q3_radius1,q3g3_s8_00090,q3g3_s8_00004,stratum_null_q3g3_s8_00004,"(1, 1, 1)",146,emitter-like,0.09375,17
q3_radius1,q3g3_s8_00090,q3g3_s8_00059,stratum_null_q3g3_s8_00059,"(1, 1, 1)",1026,local-phase-clock-like,0.0,2
q3_radius1,q3g3_s8_00090,q3g3_s8_00047,stratum_null_q3g3_s8_00047,"(0, 1, 2)",117,local-phase-clock-like,0.0,2
q3_radius1,q3g3_s8_00090,q3g3_s8_00115,stratum_null_q3g3_s8_00115,"(1, 1, 1)",1024,local-phase-clock-like,0.0,2
q3_radius1,q3g3_s8_00090,q3g3_s8_00090_output_histogram_random,output_distribution_matched_random,"(0, 2, 1)",157,travelling,0.7880859375,17
q3_radius1,q3g3_s8_00099,q3g3_s8_00099,raw,"(0, 1, 2)",151,emitter-like,0.140625,17
q3_radius1,q3g3_s8_00099,q3g3_s8_00099_center_only_projection,center_only_projection,"(2, 2, 2)",119,local-phase-clock-like,0.0,1
q3_radius1,q3g3_s8_00102,q3g3_s8_00102_right_neighbor_removed,right_neighbor_removed,"(1, 1, 1)",301,domain-wall-like,0.25,17
q3_radius1,q3g3_s8_00099,q3g3_s8_00099_right_neighbor_removed,right_neighbor_removed,"(0, 2, 1)",153,local-phase-clock-like,0.0,1
q3_radius1,q3g3_s8_00099,q3g3_s8_00099_left_right_symmetrized_rule,left_right_symmetrized_rule,"(0, 2, 1)",153,local-phase-clock-like,0.0,1
q3_radius1,q3g3_s8_00099,q3g3_s8_00099_symbol_phase_only,symbol_phase_only,"(0, 1, 1)",102,local-phase-clock-like,0.0,1
q3_radius1,q3g3_s8_00099,q3g3_s8_00044,stratum_null_q3g3_s8_00044,"(2, 2, 2)",186,emitter-like,0.1171875,17
q3_radius1,q3g3_s8_00099,q3g3_s8_00007,stratum_null_q3g3_s8_00007,"(2, 1, 2)",98,local-phase-clock-like,0.0,2
q3_radius1,q3g3_s8_00099,q3g3_s8_00005,stratum_null_q3g3_s8_00005,"(2, 2, 2)",162,local-phase-clock-like,0.0,2
q3_radius1,q3g3_s8_00099,q3g3_s8_00018,stratum_null_q3g3_s8_00018,"(0, 2, 0)",220,emitter-like,0.2215576171875,17
q3_radius1,q3g3_s8_00099,q3g3_s8_00099_output_histogram_random,output_distribution_matched_random,"(2, 2, 0)",149,travelling,0.7115478515625,17
q3_radius1,q3g3_s8_00102,q3g3_s8_00102,raw,"(1, 1, 1)",235,domain-wall-like,0.25,17
q3_radius1,q3g3_s8_00102,q3g3_s8_00102_center_only_projection,center_only_projection,"(0, 1, 0)",153,local-phase-clock-like,0.0,1
q3_radius1,q3g3_s8_00102,q3g3_s8_00102_left_neighbor_removed,left_neighbor_removed,"(0, 1, 1)",102,local-phase-clock-like,0.0,1
q3_radius1,q3g3_s8_00102,q3g3_s8_00102_left_right_symmetrized_rule,left_right_symmetrized_rule,"(0, 1, 1)",102,local-phase-clock-like,0.0,1
q3_radius1,q3g3_s8_00102,q3g3_s8_00102_symbol_phase_only,symbol_phase_only,"(0, 1, 2)",102,local-phase-clock-like,0.0,1
q3_radius1,q3g3_s8_00102,q3g3_s8_00001,stratum_null_q3g3_s8_00001,"(0, 2, 0)",182,local-phase-clock-like,0.0,2
q3_radius1,q3g3_s8_00102,q3g3_s8_00013,stratum_null_q3g3_s8_00013,"(0, 2, 0)",310,local-phase-clock-like,0.0,2
q3_radius1,q3g3_s8_00102,q3g3_s8_00102_output_histogram_random,output_distribution_matched_random,"(1, 1, 1)",915,domain-wall-like,0.46630859375,17
q3_radius1,q3g3_s8_00102,q3g3_s8_00026,stratum_null_q3g3_s8_00026,"(0, 1, 0)",278,local-phase-clock-like,0.0,2
q3_radius1,q3g3_s8_00103,q3g3_s8_00103_left_neighbor_removed,left_neighbor_removed,"(2, 2, 2)",536,oscillatory,0.125,17
q3_radius1,q3g3_s8_00102,q3g3_s8_00051,stratum_null_q3g3_s8_00051,"(2, 1, 0)",163,local-phase-clock-like,0.0,2
q3_radius1,q3g3_s8_00103,q3g3_s8_00103,raw,"(2, 2, 2)",700,emitter-like,0.1171875,17
q3_radius1,q3g3_s8_00103,q3g3_s8_00103_center_only_projection,center_only_projection,"(0, 1, 2)",102,local-phase-clock-like,0.0,1
q3_radius1,q3g3_s8_00103,q3g3_s8_00103_right_neighbor_removed,right_neighbor_removed,"(0, 1, 0)",231,local-phase-clock-like,0.0,2
q3_radius1,q3g3_s8_00103,q3g3_s8_00103_symbol_phase_only,symbol_phase_only,"(2, 2, 1)",153,local-phase-clock-like,0.0,1
q3_radius1,q3g3_s8_00103,q3g3_s8_00103_left_right_symmetrized_rule,left_right_symmetrized_rule,"(2, 1, 0)",136,local-phase-clock-like,0.0,2
q3_radius1,q3g3_s8_00103,q3g3_s8_00103_output_histogram_random,output_distribution_matched_random,"(2, 2, 2)",403,domain-wall-like,0.8206787109375,17
q3_radius1,q3g3_s8_00103,q3g3_s8_00012,stratum_null_q3g3_s8_00012,"(0, 1, 1)",180,emitter-like,0.140625,17
q3_radius1,q3g3_s8_00103,q3g3_s8_00048,stratum_null_q3g3_s8_00048,"(0, 2, 1)",141,domain-wall-like,0.25,17
q3_radius1,q3g3_s8_00103,q3g3_s8_00063,stratum_null_q3g3_s8_00063,"(0, 1, 1)",160,emitter-like,0.15625,17
q3_radius1,q3g3_s8_00103,q3g3_s8_00031,stratum_null_q3g3_s8_00031,"(1, 2, 1)",129,local-phase-clock-like,0.0,2
q3_radius1,q3g3_s8_00111,q3g3_s8_00111,raw,"(1, 1, 1)",565,emitter-like,0.0823974609375,17
q3_radius1,q3g3_s8_00111,q3g3_s8_00111_center_only_projection,center_only_projection,"(0, 2, 0)",102,local-phase-clock-like,0.0,1
q3_radius1,q3g3_s8_00111,q3g3_s8_00111_left_neighbor_removed,left_neighbor_removed,"(0, 2, 1)",149,local-phase-clock-like,0.0,2
q3_radius1,q3g3_s8_00111,q3g3_s8_00111_right_neighbor_removed,right_neighbor_removed,"(0, 1, 2)",119,local-phase-clock-like,0.0,1
q3_radius1,q3g3_s8_00111,q3g3_s8_00111_left_right_symmetrized_rule,left_right_symmetrized_rule,"(0, 1, 1)",181,local-phase-clock-like,0.0,2
q3_radius1,q3g3_s8_00111,q3g3_s8_00111_symbol_phase_only,symbol_phase_only,"(0, 2, 0)",119,local-phase-clock-like,0.0,1
q3_radius1,q3g3_s8_00111,q3g3_s8_00003,stratum_null_q3g3_s8_00003,"(0, 1, 2)",198,local-phase-clock-like,0.0,2
q3_radius1,q3g3_s8_00111,q3g3_s8_00024,stratum_null_q3g3_s8_00024,"(0, 2, 0)",134,local-phase-clock-like,0.0,2
q3_radius1,q3g3_s8_00111,q3g3_s8_00111_output_histogram_random,output_distribution_matched_random,"(0, 1, 2)",162,travelling,0.66015625,17
q3_radius1,q3g3_s8_00111,q3g3_s8_00025,stratum_null_q3g3_s8_00025,"(0, 2, 1)",119,local-phase-clock-like,0.0,2
q3_radius1,q3g3_s8_00113,q3g3_s8_00113,raw,"(1, 1, 1)",186,oscillatory,0.1171875,17
q3_radius1,q3g3_s8_00111,q3g3_s8_00029,stratum_null_q3g3_s8_00029,"(0, 1, 1)",165,local-phase-clock-like,0.0,2
q3_radius1,q3g3_s8_00113,q3g3_s8_00113_right_neighbor_removed,right_neighbor_removed,"(1, 1, 1)",246,oscillatory,0.125,17
q3_radius1,q3g3_s8_00113,q3g3_s8_00113_center_only_projection,center_only_projection,"(0, 2, 0)",136,local-phase-clock-like,0.0,1
q3_radius1,q3g3_s8_00113,q3g3_s8_00113_left_neighbor_removed,left_neighbor_removed,"(1, 1, 1)",324,local-phase-clock-like,0.0,2
q3_radius1,q3g3_s8_00113,q3g3_s8_00113_left_right_symmetrized_rule,left_right_symmetrized_rule,"(1, 1, 1)",361,local-phase-clock-like,0.0,2
q3_radius1,q3g3_s8_00113,q3g3_s8_00113_symbol_phase_only,symbol_phase_only,"(0, 1, 0)",136,local-phase-clock-like,0.0,1
q3_radius1,q3g3_s8_00113,q3g3_s8_00113_output_histogram_random,output_distribution_matched_random,"(1, 1, 1)",223,travelling,0.115478515625,4
q3_radius1,q3g3_s8_00113,q3g3_s8_00070,stratum_null_q3g3_s8_00070,"(1, 1, 1)",440,emitter-like,0.09375,17
q3_radius1,q3g3_s8_00113,q3g3_s8_00022,stratum_null_q3g3_s8_00022,"(1, 1, 1)",1025,local-phase-clock-like,0.0,2
q3_radius1,q3r1_s2_0046,q3r1_s2_0046_center_only_projection,center_only_projection,"(0, 1, 1)",8,local-phase-clock-like,0.0,2
q3_radius1,q3g3_s8_00113,q3g3_s8_00066,stratum_null_q3g3_s8_00066,"(1, 1, 1)",179,local-phase-clock-like,0.0,2
q3_radius1,q3g3_s8_00113,q3g3_s8_00116,stratum_null_q3g3_s8_00116,"(1, 1, 0)",150,local-phase-clock-like,0.0,2
q3_radius1,q3r1_s1_0002,q3r1_s1_0002_center_only_projection,center_only_projection,"(0, 2, 0)",102,emitter-like,0.0,1
q3_radius1,q3r1_s1_0002,q3r1_s1_0002_left_right_symmetrized_rule,left_right_symmetrized_rule,"(1, 1, 1)",520,travelling,0.267333984375,17
q3_radius1,q3r1_s1_0002,q3r1_s1_0002,raw,"(1, 1, 1)",332,travelling,0.4234619140625,17
q3_radius1,q3r1_s1_0002,q3r1_s1_0002_left_neighbor_removed,left_neighbor_removed,"(1, 2, 1)",242,travelling,0.102294921875,3
q3_radius1,q3r1_s2_0046,q3g3_s2_00043,stratum_null_q3g3_s2_00043,"(0, 1, 2)",8,local-phase-clock-like,0.0,3
q3_radius1,q3r1_s2_0046,q3r1_s2_0046_symbol_phase_only,symbol_phase_only,"(2, 2, 2)",1026,local-phase-clock-like,0.0,2
q3_radius1,q3r1_s1_0002,q3r1_s1_0002_symbol_phase_only,symbol_phase_only,"(1, 1, 1)",449,emitter-like,0.0,2
q3_radius1,q3r1_s1_0002,q3g3_s1_00069,stratum_null_q3g3_s1_00069,"(1, 1, 1)",1029,travelling,0.0838623046875,17
q3_radius1,q3r1_s1_0002,q3g3_s1_00152,stratum_null_q3g3_s1_00152,"(2, 2, 2)",403,domain-wall-like,0.8953857421875,17
q3_radius1,q3r1_s1_0002,q3r1_s1_0002_right_neighbor_removed,right_neighbor_removed,"(0, 1, 1)",103,travelling,0.344482421875,17
q3_radius1,q3r1_s1_0002,q3g3_s1_00217,stratum_null_q3g3_s1_00217,"(0, 2, 2)",139,travelling,0.176513671875,17
q3_radius1,q3r1_s1_0002,q3g3_s1_00005,stratum_null_q3g3_s1_00005,"(1, 1, 2)",193,travelling,0.1983642578125,17
q3_radius1,q3r1_s3_0020,q3r1_s3_0020_center_only_projection,center_only_projection,"(0, 1, 2)",6,local-phase-clock-like,0.0,2
q3_radius1,q3r1_s1_0002,q3r1_s1_0002_output_histogram_random,output_distribution_matched_random,"(0, 1, 0)",231,emitter-like,0.6258544921875,17
q3_radius1,q3r1_s2_0046,q3g3_s2_00102,stratum_null_q3g3_s2_00102,"(1, 2, 1)",453,travelling,0.4735107421875,17
q3_radius1,q3r1_s2_0046,q3r1_s2_0046_left_neighbor_removed,left_neighbor_removed,"(0, 2, 0)",467,local-phase-clock-like,0.0,2
q3_radius1,q3r1_s3_0020,q3r1_s3_0020_symbol_phase_only,symbol_phase_only,"(0, 1, 2)",8,local-phase-clock-like,0.0,2
q3_radius1,q3r1_s2_0046,q3r1_s2_0046,raw,"(2, 2, 2)",247,travelling,0.3282470703125,17
q3_radius1,q3r1_s2_0046,q3r1_s2_0046_left_right_symmetrized_rule,left_right_symmetrized_rule,"(0, 2, 0)",476,emitter-like,0.000732421875,4
q3_radius1,q3r1_s2_0046,q3r1_s2_0046_right_neighbor_removed,right_neighbor_removed,"(0, 2, 2)",122,travelling,0.36376953125,17
q3_radius1,q3r1_s3_0020,q3r1_s3_0020_left_neighbor_removed,left_neighbor_removed,"(0, 1, 0)",277,local-phase-clock-like,0.0,2
q3_radius1,q3r1_s2_0046,q3r1_s2_0046_output_histogram_random,output_distribution_matched_random,"(0, 2, 2)",208,emitter-like,0.511474609375,17
q3_radius1,q3r1_s2_0046,q3g3_s2_00187,stratum_null_q3g3_s2_00187,"(0, 1, 0)",325,travelling,0.0400390625,2
q3_radius1,q3r1_s2_0046,q3g3_s2_00236,stratum_null_q3g3_s2_00236,"(0, 2, 2)",452,travelling,0.0576171875,2
q3_radius1,q3r1_s4_0014,q3r1_s4_0014_right_neighbor_removed,right_neighbor_removed,"(1, 2, 1)",329,domain-wall-like,0.25,17
q3_radius1,q3r1_s4_0014,q3r1_s4_0014_symbol_phase_only,symbol_phase_only,"(1, 1, 1)",1026,local-phase-clock-like,0.0,2
q3_radius1,q3r1_s3_0020,q3r1_s3_0020_right_neighbor_removed,right_neighbor_removed,"(0, 2, 0)",552,travelling,0.1734619140625,17
q3_radius1,q3r1_s3_0020,q3r1_s3_0020,raw,"(0, 2, 0)",155,travelling,0.1768798828125,17
q3_radius1,q3r1_s3_0020,q3r1_s3_0020_left_right_symmetrized_rule,left_right_symmetrized_rule,"(0, 1, 0)",293,local-phase-clock-like,0.0,2
q3_radius1,q3r1_s4_0014,q3r1_s4_0014_left_right_symmetrized_rule,left_right_symmetrized_rule,"(1, 1, 1)",768,travelling,0.453125,17
q3_radius1,q3r1_s3_0020,q3g3_s3_00229,stratum_null_q3g3_s3_00229,"(2, 2, 2)",257,travelling,0.097412109375,6
q3_radius1,q3r1_s3_0020,q3r1_s3_0020_output_histogram_random,output_distribution_matched_random,"(0, 2, 0)",263,travelling,0.064208984375,4
q3_radius1,q3r1_s4_0014,q3r1_s4_0014,raw,"(1, 1, 1)",601,travelling,0.3848876953125,17
q3_radius1,q3r1_s4_0014,q3r1_s4_0014_left_neighbor_removed,left_neighbor_removed,"(2, 2, 2)",205,emitter-like,0.0,4
q3_radius1,q3r1_s4_0014,q3r1_s4_0014_center_only_projection,center_only_projection,"(0, 1, 0)",153,emitter-like,0.0,1
q3_radius1,q3r1_s3_0020,q3g3_s3_00127,stratum_null_q3g3_s3_00127,"(0, 1, 0)",914,emitter-like,0.1024169921875,17
q3_radius1,q3r1_s3_0020,q3g3_s3_00020,stratum_null_q3g3_s3_00020,"(0, 2, 0)",195,emitter-like,0.571044921875,17
q3_radius1,q3r1_s3_0020,q3g3_s3_00216,stratum_null_q3g3_s3_00216,"(0, 2, 1)",288,travelling,0.794189453125,17
q3_radius1,q3r1_s5_0016,q3r1_s5_0016_symbol_phase_only,symbol_phase_only,"(1, 1, 1)",6,local-phase-clock-like,0.0,2
q3_radius1,q3r1_s4_0014,q3r1_s4_0014_output_histogram_random,output_distribution_matched_random,"(2, 2, 2)",1028,local-phase-clock-like,0.0107421875,6
q3_radius1,q3r1_s5_0016,q3r1_s5_0016_right_neighbor_removed,right_neighbor_removed,"(1, 1, 1)",431,travelling,0.3797607421875,17
q3_radius1,q3r1_s4_0014,q3g3_s4_00104,stratum_null_q3g3_s4_00104,"(0, 1, 1)",381,travelling,0.3599853515625,17
q3_radius1,q3r1_s4_0014,q3g3_s4_00128,stratum_null_q3g3_s4_00128,"(1, 1, 1)",995,travelling,0.042724609375,2
q3_radius1,q3r1_s5_0016,q3r1_s5_0016_center_only_projection,center_only_projection,"(0, 2, 0)",170,emitter-like,0.0,1
q3_radius1,q3r1_s5_0016,q3r1_s5_0016,raw,"(0, 1, 2)",182,travelling,0.6444091796875,17
q3_radius1,q3r1_s5_0016,q3r1_s5_0016_left_neighbor_removed,left_neighbor_removed,"(0, 1, 2)",505,travelling,0.13330078125,7
q3_radius1,q3r1_s4_0014,q3g3_s4_00120,stratum_null_q3g3_s4_00120,"(2, 2, 2)",335,travelling,0.669921875,17
q3_radius1,q3r1_s4_0014,q3g3_s4_00133,stratum_null_q3g3_s4_00133,"(2, 2, 2)",229,travelling,0.3045654296875,17
q3_radius1,q3r1_s5_0016,q3r1_s5_0016_left_right_symmetrized_rule,left_right_symmetrized_rule,"(0, 1, 0)",426,travelling,0.1484375,17
q3_radius1,q3r1_s7_0002,q3r1_s7_0002_left_neighbor_removed,left_neighbor_removed,"(1, 2, 1)",147,travelling,0.306396484375,17
q3_radius1,q3r1_s5_0016,q3r1_s5_0016_output_histogram_random,output_distribution_matched_random,"(1, 1, 1)",346,travelling,0.7054443359375,17
q3_radius1,q3r1_s5_0016,q3g3_s5_00091,stratum_null_q3g3_s5_00091,"(1, 2, 2)",102,travelling,0.4024658203125,17
q3_radius1,q3r1_s7_0002,q3r1_s7_0002_right_neighbor_removed,right_neighbor_removed,"(1, 1, 1)",131,travelling,0.2674560546875,17
q3_radius1,q3r1_s7_0002,q3r1_s7_0002,raw,"(1, 1, 1)",392,travelling,0.418212890625,17
q3_radius1,q3r1_s7_0002,q3r1_s7_0002_center_only_projection,center_only_projection,"(1, 1, 1)",288,local-phase-clock-like,0.0,2
q3_radius1,q3r1_s5_0016,q3g3_s5_00090,stratum_null_q3g3_s5_00090,"(2, 2, 2)",227,emitter-like,0.6331787109375,17
q3_radius1,q3r1_s5_0016,q3g3_s5_00277,stratum_null_q3g3_s5_00277,"(0, 1, 0)",504,travelling,0.43994140625,17
q3_radius1,q3r1_s5_0016,q3g3_s5_00200,stratum_null_q3g3_s5_00200,"(0, 1, 2)",294,travelling,0.4542236328125,17
q3_radius1,q3r1_s7_0002,q3g3_s7_00023,stratum_null_q3g3_s7_00023,"(1, 2, 1)",322,unknown,0.4488525390625,17
q3_radius1,q3r1_s7_0002,q3r1_s7_0002_left_right_symmetrized_rule,left_right_symmetrized_rule,"(1, 1, 1)",497,travelling,0.4049072265625,17
q3_radius1,q3r1_s7_0002,q3g3_s7_00105,stratum_null_q3g3_s7_00105,"(0, 1, 0)",326,local-phase-clock-like,0.0,2
q3_radius1,q3r1_s7_0002,q3r1_s7_0002_symbol_phase_only,symbol_phase_only,"(0, 1, 0)",281,local-phase-clock-like,0.0,2
q3_radius1,q3r1_s7_0002,q3g3_s7_00060,stratum_null_q3g3_s7_00060,"(2, 2, 2)",124,emitter-like,0.001708984375,6
q3_radius1,q3r1_s7_0002,q3r1_s7_0002_output_histogram_random,output_distribution_matched_random,"(1, 1, 1)",982,travelling,0.2452392578125,17
q3_radius1,q3r1_s7_0002,q3g3_s7_00040,stratum_null_q3g3_s7_00040,"(0, 1, 0)",252,travelling,0.388916015625,17
