kappa,variant_id,split,alpha,T,singleton_fraction,small_fiber_fraction,macro_path_entropy,macro_node_entropy
all_one_diagnostic,noise_test_000,test,0.525,1500,0.0,0.0,0.0,0.0
boundary_v2_regime_sequence,noise_test_000,test,0.525,1500,0.22017671217671217,0.381230574980575,1.4598801373348307,0.5146804077502111
center_of_mass,noise_test_000,test,0.525,1500,0.41868543560921606,0.7133345465878554,6.540683291389586,1.9814342414176354
identity_diagnostic,noise_test_000,test,0.525,1500,1.0,1.0,11.5490527987487,7.240750593129941
joint_basin,noise_test_000,test,0.525,1500,0.4084327444982248,0.6867045379471542,5.6038098435466654,1.5188252153197035
predictive_kmeans_k13,noise_test_000,test,0.525,1500,0.516581536528508,0.811723010168013,7.955899508073834,2.8605697594930355
predictive_kmeans_k21,noise_test_000,test,0.525,1500,0.6265385513538996,0.8936872256694359,9.268178577858272,3.470741059146501
predictive_kmeans_k5,noise_test_000,test,0.525,1500,0.38291021155556426,0.6768721163962048,4.223634806572304,1.5509107723365956
predictive_kmeans_k8,noise_test_000,test,0.525,1500,0.43411084318288684,0.7322397377177764,6.2975542753410885,2.1274942808755624
predictive_kmeans_no_COM_k13,noise_test_000,test,0.525,1500,0.5134648467881024,0.8151374599564369,7.949089544269693,2.939364627128993
predictive_kmeans_no_COM_k8,noise_test_000,test,0.525,1500,0.4277679635643908,0.7208357326530348,6.311854681757791,2.1593639109419924
random_matched_predictive_kmeans_k13,noise_test_000,test,0.525,1500,0.9999732966106498,1.0,11.54899940979083,3.700022916172526
random_matched_predictive_kmeans_k21,noise_test_000,test,0.525,1500,0.9999966588706982,1.0,11.54904611872198,4.391634766267829
random_matched_predictive_kmeans_k5,noise_test_000,test,0.525,1500,0.9812253098908218,1.0,11.511645875641953,2.321784529715101
random_matched_predictive_kmeans_k8,noise_test_000,test,0.525,1500,0.9992616814395567,1.0,11.547577716211121,2.9997466524981498
random_matched_predictive_kmeans_no_COM_k13,noise_test_000,test,0.525,1500,0.9999732966106498,1.0,11.54899940979083,3.700022916172526
random_matched_predictive_kmeans_no_COM_k8,noise_test_000,test,0.525,1500,0.9992616814395567,1.0,11.547577716211121,2.9997466524981498
all_one_diagnostic,noise_test_000,test,0.525,2400,0.0,0.0,0.0,0.0
boundary_v2_regime_sequence,noise_test_000,test,0.525,2400,0.1416706349206349,0.28890873015873014,1.1344946745297688,0.46842175434729527
center_of_mass,noise_test_000,test,0.525,2400,0.4240505008520025,0.7354432432960206,6.995400750173705,1.9021898198104885
identity_diagnostic,noise_test_000,test,0.525,2400,0.9999966633299967,1.0,11.54923384406195,6.892713221685342
joint_basin,noise_test_000,test,0.525,2400,0.5174865469291973,0.7963089996931529,5.238171119369169,1.4088607598640115
predictive_kmeans_k13,noise_test_000,test,0.525,2400,0.5580665643056162,0.8443817896442577,7.654752188018328,2.470308060847236
predictive_kmeans_k21,noise_test_000,test,0.525,2400,0.6504183720299043,0.9047620235949594,9.024465476254829,3.0752540659628536
predictive_kmeans_k5,noise_test_000,test,0.525,2400,0.37610669128202817,0.6636657670764035,4.260470264114177,1.4797577605859091
predictive_kmeans_k8,noise_test_000,test,0.525,2400,0.47537795599316135,0.7738277089352323,5.841339940145355,1.8804072275254997
predictive_kmeans_no_COM_k13,noise_test_000,test,0.525,2400,0.5355039931092489,0.8381579479764847,8.115887474273991,2.6625912025480227
predictive_kmeans_no_COM_k8,noise_test_000,test,0.525,2400,0.49034291206014474,0.7890667392177544,5.991629287314285,1.8826880377666575
random_matched_predictive_kmeans_k13,noise_test_000,test,0.525,2400,0.9999732943750428,1.0,11.549187121749931,3.7000221423209707
random_matched_predictive_kmeans_k21,noise_test_000,test,0.525,2400,0.9999966611018364,1.0,11.549233839608602,4.3916368572532685
random_matched_predictive_kmeans_k5,noise_test_000,test,0.525,2400,0.9812248744606161,1.0,11.511832636019609,2.3217851423305014
random_matched_predictive_kmeans_k8,noise_test_000,test,0.525,2400,0.9992617247903945,1.0,11.547765519280098,2.999745603921884
random_matched_predictive_kmeans_no_COM_k13,noise_test_000,test,0.525,2400,0.9999732943750428,1.0,11.549187121749931,3.7000221423209707
random_matched_predictive_kmeans_no_COM_k8,noise_test_000,test,0.525,2400,0.9992617247903945,1.0,11.547765519280098,2.999745603921884
all_one_diagnostic,noise_test_001,test,0.525,1500,0.0,0.0,0.0,0.0
boundary_v2_regime_sequence,noise_test_001,test,0.525,1500,0.47644805765382225,0.7149102657822876,1.5530630472736078,0.5308774897164457
center_of_mass,noise_test_001,test,0.525,1500,0.5165578199381096,0.8268709543157163,8.701921969281994,2.1224267934776972
identity_diagnostic,noise_test_001,test,0.525,1500,1.0,1.0,11.54919240133976,7.805791362689713
joint_basin,noise_test_001,test,0.525,1500,0.5107470848177565,0.7868956105114964,7.215465604273719,1.707544537154111
predictive_kmeans_k13,noise_test_001,test,0.525,1500,0.6930980976057228,0.9341128484322797,9.890364865275894,3.06579381338355
predictive_kmeans_k21,noise_test_001,test,0.525,1500,0.8411946030688827,0.9878843177732105,10.94001385832119,3.7331207493155016
predictive_kmeans_k5,noise_test_001,test,0.525,1500,0.409765480415587,0.7154981610400232,5.336064312203019,1.6715794980384129
predictive_kmeans_k8,noise_test_001,test,0.525,1500,0.524963419943519,0.8203667321502024,7.822421991799814,2.300738408320393
predictive_kmeans_no_COM_k13,noise_test_001,test,0.525,1500,0.6968490653455123,0.9363195916568866,10.017955345689499,3.153117453087196
predictive_kmeans_no_COM_k8,noise_test_001,test,0.525,1500,0.5289175211441678,0.8264826750952432,7.850632871577095,2.3214602486466216
random_matched_predictive_kmeans_k13,noise_test_001,test,0.525,1500,0.99997329549694,1.0,11.549139010155956,3.7000217516243663
random_matched_predictive_kmeans_k21,noise_test_001,test,0.525,1500,0.999996664442962,1.0,11.54918573245013,4.391634045277797
random_matched_predictive_kmeans_k5,noise_test_001,test,0.525,1500,0.9812342723995112,1.0,11.511802759867093,2.321785072644262
random_matched_predictive_kmeans_k8,noise_test_001,test,0.525,1500,0.9992651163939489,1.0,11.547724181481724,2.9997460548108985
random_matched_predictive_kmeans_no_COM_k13,noise_test_001,test,0.525,1500,0.99997329549694,1.0,11.549139010155956,3.7000217516243663
random_matched_predictive_kmeans_no_COM_k8,noise_test_001,test,0.525,1500,0.9992651163939489,1.0,11.547724181481724,2.9997460548108985
all_one_diagnostic,noise_test_001,test,0.525,2400,0.0,0.0,0.0,0.0
boundary_v2_regime_sequence,noise_test_001,test,0.525,2400,0.4265583180952847,0.6422254537519884,1.2284405433553054,0.4812056539240399
center_of_mass,noise_test_001,test,0.525,2400,0.571412511702371,0.8709696883057965,9.371581339069763,2.1129990752319694
identity_diagnostic,noise_test_001,test,0.525,2400,1.0,1.0,11.549312706944207,7.655434047593587
joint_basin,noise_test_001,test,0.525,2400,0.5714222282535171,0.8666910743591032,7.512668900111931,1.6850963896342979
predictive_kmeans_k13,noise_test_001,test,0.525,2400,0.7117677495853383,0.9397087128897147,10.022915506836672,2.845539452157628
predictive_kmeans_k21,noise_test_001,test,0.525,2400,0.8657935897803586,0.9901802805979995,11.023130402128846,3.5027924411669256
predictive_kmeans_k5,noise_test_001,test,0.525,2400,0.40554010574848043,0.702523062645422,5.764376136633897,1.6667826611542609
predictive_kmeans_k8,noise_test_001,test,0.525,2400,0.5645374697705398,0.8541377817707879,7.807038246406117,2.14809198916204
predictive_kmeans_no_COM_k13,noise_test_001,test,0.525,2400,0.7268396155874924,0.9555076853474229,10.350830610096619,3.0069792313586685
predictive_kmeans_no_COM_k8,noise_test_001,test,0.525,2400,0.5572783081748994,0.8624324665412155,7.929704015794465,2.154888978626732
random_matched_predictive_kmeans_k13,noise_test_001,test,0.525,2400,0.9999733010625088,1.0,11.549259326884117,3.7000225114810146
random_matched_predictive_kmeans_k21,noise_test_001,test,0.525,2400,0.9999966655551851,1.0,11.549306040277541,4.391636268805366
random_matched_predictive_kmeans_k5,noise_test_001,test,0.525,2400,0.9812253155350729,1.0,11.511905821152927,2.321784590372593
random_matched_predictive_kmeans_k8,noise_test_001,test,0.525,2400,0.9992652134646071,1.0,11.547844671796868,2.9997462504990513
random_matched_predictive_kmeans_no_COM_k13,noise_test_001,test,0.525,2400,0.9999733010625088,1.0,11.549259326884117,3.7000225114810146
random_matched_predictive_kmeans_no_COM_k8,noise_test_001,test,0.525,2400,0.9992652134646071,1.0,11.547844671796868,2.9997462504990513
all_one_diagnostic,noise_test_002,test,0.525,1500,0.0,0.0,0.0,0.0
boundary_v2_regime_sequence,noise_test_002,test,0.525,1500,0.4596703387007681,0.7183245986445841,1.5527443108238037,0.5308386616628178
center_of_mass,noise_test_002,test,0.525,1500,0.5164153312428649,0.8281930582968566,8.712255707513235,2.123628170868735
identity_diagnostic,noise_test_002,test,0.525,1500,1.0,1.0,11.54917798804315,7.807285805081278
joint_basin,noise_test_002,test,0.525,1500,0.5066067161158041,0.7856587355048616,7.2161055170369135,1.7075678981212
predictive_kmeans_k13,noise_test_002,test,0.525,1500,0.6952272671198457,0.9347831341451058,9.884240647693924,3.0646121069769263
predictive_kmeans_k21,noise_test_002,test,0.525,1500,0.8408672345856375,0.987767045471913,10.938934558073258,3.733159227046867
predictive_kmeans_k5,noise_test_002,test,0.525,1500,0.3989767373818884,0.7142497601729496,5.331720337735869,1.6699062080494633
predictive_kmeans_k8,noise_test_002,test,0.525,1500,0.5219725227542227,0.8200965260538681,7.814215183284127,2.299970112828205
predictive_kmeans_no_COM_k13,noise_test_002,test,0.525,1500,0.6949522406738101,0.9365967396173364,10.00911631061998,3.1519837674656315
predictive_kmeans_no_COM_k8,noise_test_002,test,0.525,1500,0.5268580237846306,0.8268710060228186,7.843255187668745,2.320343030915397
random_matched_predictive_kmeans_k13,noise_test_002,test,0.525,1500,0.9999732921453898,1.0,11.549124590160725,3.7000230304647874
random_matched_predictive_kmeans_k21,noise_test_002,test,0.525,1500,0.9999966611018364,1.0,11.549171312475728,4.391636919731079
random_matched_predictive_kmeans_k5,noise_test_002,test,0.525,1500,0.9812101264779602,1.0,11.511741881217084,2.321784310850183
random_matched_predictive_kmeans_k8,noise_test_002,test,0.525,1500,0.9992617148274752,1.0,11.547702972240382,2.999746593277325
random_matched_predictive_kmeans_no_COM_k13,noise_test_002,test,0.525,1500,0.9999732921453898,1.0,11.549124590160725,3.7000230304647874
random_matched_predictive_kmeans_no_COM_k8,noise_test_002,test,0.525,1500,0.9992617148274752,1.0,11.547702972240382,2.999746593277325
all_one_diagnostic,noise_test_002,test,0.525,2400,0.0,0.0,0.0,0.0
boundary_v2_regime_sequence,noise_test_002,test,0.525,2400,0.4207810641352336,0.6395503979968074,1.2257608057782234,0.48140027521232776
center_of_mass,noise_test_002,test,0.525,2400,0.5720968656498753,0.8707613346054971,9.374731784140087,2.112275916223361
identity_diagnostic,noise_test_002,test,0.525,2400,1.0,1.0,11.549230918125893,7.654359491104263
joint_basin,noise_test_002,test,0.525,2400,0.5734872594659052,0.8651850557709149,7.520660641374369,1.6863576679754593
predictive_kmeans_k13,noise_test_002,test,0.525,2400,0.7128695219517546,0.939507431993168,10.024546080374094,2.8475416426224935
predictive_kmeans_k21,noise_test_002,test,0.525,2400,0.8656614350405971,0.990031643152338,11.02928093186725,3.5035784618932126
predictive_kmeans_k5,noise_test_002,test,0.525,2400,0.40566961634669313,0.7049285551434733,5.768249344537773,1.6670501120121164
predictive_kmeans_k8,noise_test_002,test,0.525,2400,0.5660116421913937,0.8542779591284418,7.811775248229383,2.1501314725033103
predictive_kmeans_no_COM_k13,noise_test_002,test,0.525,2400,0.727383370910041,0.9556472185484435,10.35800220246279,3.0076152590370504
predictive_kmeans_no_COM_k8,noise_test_002,test,0.525,2400,0.5594080956996715,0.8638085885087924,7.935306938182431,2.15702478345942
random_matched_predictive_kmeans_k13,noise_test_002,test,0.525,2400,0.9999733044095833,1.0,11.549177544755482,3.7000215896665263
random_matched_predictive_kmeans_k21,noise_test_002,test,0.525,2400,0.9999966622162885,1.0,11.549224244785886,4.391635097834769
random_matched_predictive_kmeans_k5,noise_test_002,test,0.525,2400,0.9812381390934839,1.0,11.511848743547342,2.321784839900831
random_matched_predictive_kmeans_k8,noise_test_002,test,0.525,2400,0.9992650895097591,1.0,11.547762640282022,2.999745964837063
random_matched_predictive_kmeans_no_COM_k13,noise_test_002,test,0.525,2400,0.9999733044095833,1.0,11.549177544755482,3.7000215896665263
random_matched_predictive_kmeans_no_COM_k8,noise_test_002,test,0.525,2400,0.9992650895097591,1.0,11.547762640282022,2.999745964837063
all_one_diagnostic,noise_test_003,test,0.525,1500,0.0,0.0,0.0,0.0
boundary_v2_regime_sequence,noise_test_003,test,0.525,1500,0.21878896103896103,0.3848080808080808,1.462360164293048,0.5147364880691814
center_of_mass,noise_test_003,test,0.525,1500,0.41075661496767474,0.7151616154785575,6.544397559254305,1.979727716219674
identity_diagnostic,noise_test_003,test,0.525,1500,0.9999899866481214,1.0,11.549191639714003,7.239679642540276
joint_basin,noise_test_003,test,0.525,1500,0.4118233624419686,0.6859298519828373,5.599946859389535,1.518187018819692
predictive_kmeans_k13,noise_test_003,test,0.525,1500,0.5158258880636118,0.8139093031816987,7.956149005127684,2.860169354022133
predictive_kmeans_k21,noise_test_003,test,0.525,1500,0.6257817605452684,0.8937878965276539,9.269711310416808,3.470400878841115
predictive_kmeans_k5,noise_test_003,test,0.525,1500,0.3754546660736054,0.6731972357876289,4.2249417117522565,1.5506145500330701
predictive_kmeans_k8,noise_test_003,test,0.525,1500,0.43262082710399524,0.7328054102160152,6.296878536136994,2.1279242134435763
predictive_kmeans_no_COM_k13,noise_test_003,test,0.525,1500,0.5105431912244013,0.8158967402055004,7.962351669110656,2.939335635306428
predictive_kmeans_no_COM_k8,noise_test_003,test,0.525,1500,0.4242338820296023,0.7206133279036477,6.308013275145966,2.159085185668867
random_matched_predictive_kmeans_k13,noise_test_003,test,0.525,1500,0.9999732810008639,1.0,11.549158239578908,3.700022727591681
random_matched_predictive_kmeans_k21,noise_test_003,test,0.525,1500,0.9999966633299967,1.0,11.549204988621433,4.391634259050699
random_matched_predictive_kmeans_k5,noise_test_003,test,0.525,1500,0.9812069338628996,1.0,11.511769243696271,2.3217842038943983
random_matched_predictive_kmeans_k8,noise_test_003,test,0.525,1500,0.9992684306361774,1.0,11.54775003078664,2.9997467655726733
random_matched_predictive_kmeans_no_COM_k13,noise_test_003,test,0.525,1500,0.9999732810008639,1.0,11.549158239578908,3.700022727591681
random_matched_predictive_kmeans_no_COM_k8,noise_test_003,test,0.525,1500,0.9992684306361774,1.0,11.54775003078664,2.9997467655726733
all_one_diagnostic,noise_test_003,test,0.525,2400,0.0,0.0,0.0,0.0
boundary_v2_regime_sequence,noise_test_003,test,0.525,2400,0.1766507936507936,0.33673412698412697,1.129675601099694,0.4678217588148686
center_of_mass,noise_test_003,test,0.525,2400,0.42387152865315897,0.7380878633534727,6.997433802509501,1.904728317857259
identity_diagnostic,noise_test_003,test,0.525,2400,0.99999665998664,1.0,11.549190486683049,6.894751829671617
joint_basin,noise_test_003,test,0.525,2400,0.5178444663936592,0.8001151639340333,5.237114365816291,1.4087044564284068
predictive_kmeans_k13,noise_test_003,test,0.525,2400,0.5603761247669934,0.8447011685268516,7.653716349817282,2.472039467335877
predictive_kmeans_k21,noise_test_003,test,0.525,2400,0.6523154702990118,0.903766989967519,9.021754813956184,3.075747678215083
predictive_kmeans_k5,noise_test_003,test,0.525,2400,0.379998025990935,0.6665920175179432,4.2599908007762375,1.4797107395540308
predictive_kmeans_k8,noise_test_003,test,0.525,2400,0.47206175932817956,0.7749721535069679,5.836077338198485,1.8808353506573257
predictive_kmeans_no_COM_k13,noise_test_003,test,0.525,2400,0.5333700981525401,0.8380308087249402,8.113820664090605,2.665093964538493
predictive_kmeans_no_COM_k8,noise_test_003,test,0.525,2400,0.48993735008994405,0.7908609684035303,5.989636385545895,1.8829151218606737
random_matched_predictive_kmeans_k13,noise_test_003,test,0.525,2400,0.9999732910264479,1.0,11.549143764360565,3.700022611530602
random_matched_predictive_kmeans_k21,noise_test_003,test,0.525,2400,0.9999966633299967,1.0,11.549190493365302,4.391635526606155
random_matched_predictive_kmeans_k5,noise_test_003,test,0.525,2400,0.9812101260862022,1.0,11.511760949891663,2.321784880626099
random_matched_predictive_kmeans_k8,noise_test_003,test,0.525,2400,0.9992651285798142,1.0,11.547728964485161,2.9997466433095092
random_matched_predictive_kmeans_no_COM_k13,noise_test_003,test,0.525,2400,0.9999732910264479,1.0,11.549143764360565,3.700022611530602
random_matched_predictive_kmeans_no_COM_k8,noise_test_003,test,0.525,2400,0.9992651285798142,1.0,11.547728964485161,2.9997466433095092
all_one_diagnostic,noise_test_004,test,0.525,1500,0.0,0.0,0.0,0.0
boundary_v2_regime_sequence,noise_test_004,test,0.525,1500,0.2130515318015318,0.3867173382173382,1.46100407616256,0.5152816859913889
center_of_mass,noise_test_004,test,0.525,1500,0.4191681573725832,0.7152059550206255,6.536762910811522,1.9805427243475646
identity_diagnostic,noise_test_004,test,0.525,1500,0.9999933233166367,1.0,11.549227164705568,7.2410938064240735
joint_basin,noise_test_004,test,0.525,1500,0.40997302043311246,0.6870012770473503,5.607848351515007,1.5202650135915912
predictive_kmeans_k13,noise_test_004,test,0.525,1500,0.5181113131496964,0.8111534519048078,7.963495181930435,2.8623759695173585
predictive_kmeans_k21,noise_test_004,test,0.525,1500,0.6270253559921348,0.8938586411297745,9.273293200149972,3.472572272479403
predictive_kmeans_k5,noise_test_004,test,0.525,1500,0.38157576748407096,0.6734947878666323,4.227871776133074,1.5518011004387278
predictive_kmeans_k8,noise_test_004,test,0.525,1500,0.4336188018934496,0.7290509127543757,6.299372001198739,2.1284257378294256
predictive_kmeans_no_COM_k13,noise_test_004,test,0.525,1500,0.5123804431069717,0.8159779935978232,7.961297886095459,2.9408975975136102
predictive_kmeans_no_COM_k8,noise_test_004,test,0.525,1500,0.42506064912413016,0.7198409341750132,6.315352189287687,2.1603477412133842
random_matched_predictive_kmeans_k13,noise_test_004,test,0.525,1500,0.9999732910391291,1.0,11.549187113522496,3.7000213639757944
random_matched_predictive_kmeans_k21,noise_test_004,test,0.525,1500,0.9999966622162885,1.0,11.549233840275965,4.391635113146629
random_matched_predictive_kmeans_k5,noise_test_004,test,0.525,1500,0.9812280917423649,1.0,11.511838969998646,2.321783974687113
random_matched_predictive_kmeans_k8,noise_test_004,test,0.525,1500,0.9992617639231711,1.0,11.547765595718612,2.9997455146957486
random_matched_predictive_kmeans_no_COM_k13,noise_test_004,test,0.525,1500,0.9999732910391291,1.0,11.549187113522496,3.7000213639757944
random_matched_predictive_kmeans_no_COM_k8,noise_test_004,test,0.525,1500,0.9992617639231711,1.0,11.547765595718612,2.9997455146957486
all_one_diagnostic,noise_test_004,test,0.525,2400,0.0,0.0,0.0,0.0
boundary_v2_regime_sequence,noise_test_004,test,0.525,2400,0.15557720057720054,0.32205808080808074,1.1318875980273229,0.46809162145352706
center_of_mass,noise_test_004,test,0.525,2400,0.42471552970469545,0.7350423441935043,6.999949838926321,1.9048317060563236
identity_diagnostic,noise_test_004,test,0.525,2400,1.0,1.0,11.549067167023303,6.894139764151191
joint_basin,noise_test_004,test,0.525,2400,0.5159321522044555,0.7960557401699896,5.233851455768847,1.4077433543817082
predictive_kmeans_k13,noise_test_004,test,0.525,2400,0.5561551127618606,0.8446784048034488,7.649559392521564,2.470583438298303
predictive_kmeans_k21,noise_test_004,test,0.525,2400,0.6508153656257654,0.9042255590985938,9.021589674251084,3.0755807720913606
predictive_kmeans_k5,noise_test_004,test,0.525,2400,0.37382939289269396,0.6669442392118816,4.257317401163071,1.4785413284445463
predictive_kmeans_k8,noise_test_004,test,0.525,2400,0.4706650854695823,0.773017791077641,5.837591540988821,1.8794718330636955
predictive_kmeans_no_COM_k13,noise_test_004,test,0.525,2400,0.5337773661435113,0.8376315194261901,8.110003955659685,2.6637781638983706
predictive_kmeans_no_COM_k8,noise_test_004,test,0.525,2400,0.48618494587368033,0.7893426590579393,5.986405199081794,1.8812808505151208
random_matched_predictive_kmeans_k13,noise_test_004,test,0.525,2400,0.9999732965979821,1.0,11.549013778040122,3.7000230405238597
random_matched_predictive_kmeans_k21,noise_test_004,test,0.525,2400,0.99999665998664,1.0,11.549060489226974,4.391636542056407
random_matched_predictive_kmeans_k5,noise_test_004,test,0.525,2400,0.9812187155991792,1.0,11.511647488046105,2.3217845376309465
random_matched_predictive_kmeans_k8,noise_test_004,test,0.525,2400,0.9992616322194355,1.0,11.547591986349875,2.999746705501258
random_matched_predictive_kmeans_no_COM_k13,noise_test_004,test,0.525,2400,0.9999732965979821,1.0,11.549013778040122,3.7000230405238597
random_matched_predictive_kmeans_no_COM_k8,noise_test_004,test,0.525,2400,0.9992616322194355,1.0,11.547591986349875,2.999746705501258
all_one_diagnostic,noise_test_005,test,0.525,1500,0.0,0.0,0.0,0.0
boundary_v2_regime_sequence,noise_test_005,test,0.525,1500,0.4818138253600395,0.7234868739432746,1.5551536145217764,0.5308704946891467
center_of_mass,noise_test_005,test,0.525,1500,0.5175347300599087,0.8253515134306832,8.710318060862024,2.1271628053992204
identity_diagnostic,noise_test_005,test,0.525,1500,1.0,1.0,11.549043076324383,7.810766608008291
joint_basin,noise_test_005,test,0.525,1500,0.5085921288878442,0.7872545319679897,7.223355467252438,1.709265607711057
predictive_kmeans_k13,noise_test_005,test,0.525,1500,0.6943959431282822,0.9342206700938368,9.887044542510965,3.065507395362546
predictive_kmeans_k21,noise_test_005,test,0.525,1500,0.8401379616443474,0.9876002885405519,10.930218738884575,3.733679058416271
predictive_kmeans_k5,noise_test_005,test,0.525,1500,0.4069476111621278,0.7165555137183428,5.329566800821977,1.670628214548374
predictive_kmeans_k8,noise_test_005,test,0.525,1500,0.5246021009130328,0.8216075324275195,7.818540298749423,2.3008816041481297
predictive_kmeans_no_COM_k13,noise_test_005,test,0.525,1500,0.6959714750686998,0.9364096701336473,10.008471455171165,3.1524524587940475
predictive_kmeans_no_COM_k8,noise_test_005,test,0.525,1500,0.528496941043865,0.8268762695170675,7.841404455157513,2.321211843958612
random_matched_predictive_kmeans_k13,noise_test_005,test,0.525,1500,0.999973291033912,1.0,11.548989676220483,3.700022414129943
random_matched_predictive_kmeans_k21,noise_test_005,test,0.525,1500,0.9999966622162885,1.0,11.549036402984376,4.391634598582358
random_matched_predictive_kmeans_k5,noise_test_005,test,0.525,1500,0.9812359791102442,1.0,11.511665596224711,2.321784610684462
random_matched_predictive_kmeans_k8,noise_test_005,test,0.525,1500,0.9992616712766339,1.0,11.547567973502055,2.9997459224077865
random_matched_predictive_kmeans_no_COM_k13,noise_test_005,test,0.525,1500,0.999973291033912,1.0,11.548989676220483,3.700022414129943
random_matched_predictive_kmeans_no_COM_k8,noise_test_005,test,0.525,1500,0.9992616712766339,1.0,11.547567973502055,2.9997459224077865
all_one_diagnostic,noise_test_005,test,0.525,2400,0.0,0.0,0.0,0.0
boundary_v2_regime_sequence,noise_test_005,test,0.525,2400,0.41945679004293884,0.6486217364656253,1.2282978364267032,0.4819075872491533
center_of_mass,noise_test_005,test,0.525,2400,0.5723003412101769,0.8709797109059125,9.380653923748435,2.1130259785814447
identity_diagnostic,noise_test_005,test,0.525,2400,1.0,1.0,11.549105724012847,7.656347375682248
joint_basin,noise_test_005,test,0.525,2400,0.5738431407739232,0.866226412449092,7.517551249979479,1.6864038287713683
predictive_kmeans_k13,noise_test_005,test,0.525,2400,0.712371095831763,0.9388503343598519,10.022644339289236,2.8475218558672224
predictive_kmeans_k21,noise_test_005,test,0.525,2400,0.8661376417290267,0.9898338953200116,11.026655254520536,3.5046733973783417
predictive_kmeans_k5,noise_test_005,test,0.525,2400,0.4064491633476414,0.7090867456452385,5.764515637392741,1.6675520828676447
predictive_kmeans_k8,noise_test_005,test,0.525,2400,0.5657980890194897,0.8528774188951735,7.806567700236169,2.1507778362876433
predictive_kmeans_no_COM_k13,noise_test_005,test,0.525,2400,0.7266488720969774,0.9553455282144243,10.35136571902139,3.0084379849067817
predictive_kmeans_no_COM_k8,noise_test_005,test,0.525,2400,0.5601524305084907,0.8620791899423206,7.930552040419121,2.157624239497116
random_matched_predictive_kmeans_k13,noise_test_005,test,0.525,2400,0.9999732921491143,1.0,11.549052326137861,3.70002169012759
random_matched_predictive_kmeans_k21,noise_test_005,test,0.525,2400,0.9999966622162885,1.0,11.54909905067284,4.391635901508543
random_matched_predictive_kmeans_k5,noise_test_005,test,0.525,2400,0.9812473849208263,1.0,11.511750324151366,2.3217843325377623
random_matched_predictive_kmeans_k8,noise_test_005,test,0.525,2400,0.9992683825878222,1.0,11.547643999124272,2.9997461226795794
random_matched_predictive_kmeans_no_COM_k13,noise_test_005,test,0.525,2400,0.9999732921491143,1.0,11.549052326137861,3.70002169012759
random_matched_predictive_kmeans_no_COM_k8,noise_test_005,test,0.525,2400,0.9992683825878222,1.0,11.547643999124272,2.9997461226795794
all_one_diagnostic,noise_test_006,test,0.525,1500,0.0,0.0,0.0,0.0
boundary_v2_regime_sequence,noise_test_006,test,0.525,1500,0.23066527916527918,0.3921740481740482,1.456228647222206,0.5137963630833903
center_of_mass,noise_test_006,test,0.525,1500,0.41236509754560946,0.7143845451927117,6.539526442850892,1.9811312917797586
identity_diagnostic,noise_test_006,test,0.525,1500,0.9999966633299967,1.0,11.549099015896992,7.2399454569633015
joint_basin,noise_test_006,test,0.525,1500,0.4062656320337304,0.6868515563187789,5.604852841754884,1.5194632585599757
predictive_kmeans_k13,noise_test_006,test,0.525,1500,0.5145067571901358,0.8101184196122294,7.958922863138692,2.860023784759006
predictive_kmeans_k21,noise_test_006,test,0.525,1500,0.6252130530731971,0.8924739278753872,9.278225826356922,3.471362836451582
predictive_kmeans_k5,noise_test_006,test,0.525,1500,0.38287681343807806,0.6725838346105809,4.2249280983279345,1.5501413447562211
predictive_kmeans_k8,noise_test_006,test,0.525,1500,0.4326060697791838,0.7315309531332858,6.2952023863703825,2.1270273402379454
predictive_kmeans_no_COM_k13,noise_test_006,test,0.525,1500,0.5109068107254853,0.8150791229496055,7.952024755114466,2.9396673346159896
predictive_kmeans_no_COM_k8,noise_test_006,test,0.525,1500,0.4211624672969244,0.7200108566730019,6.306516944944908,2.1585473453736386
random_matched_predictive_kmeans_k13,noise_test_006,test,0.525,1500,0.9999732988201769,1.0,11.549052302469317,3.7000240896793746
random_matched_predictive_kmeans_k21,noise_test_006,test,0.525,1500,0.9999966611018364,1.0,11.549099011443648,4.391636979006341
random_matched_predictive_kmeans_k5,noise_test_006,test,0.525,1500,0.981219213728813,1.0,11.511686999994629,2.321784735480481
random_matched_predictive_kmeans_k8,noise_test_006,test,0.525,1500,0.9992650549461242,1.0,11.547637326699018,2.9997457661029667
random_matched_predictive_kmeans_no_COM_k13,noise_test_006,test,0.525,1500,0.9999732988201769,1.0,11.549052302469317,3.7000240896793746
random_matched_predictive_kmeans_no_COM_k8,noise_test_006,test,0.525,1500,0.9992650549461242,1.0,11.547637326699018,2.9997457661029667
all_one_diagnostic,noise_test_006,test,0.525,2400,0.0,0.0,0.0,0.0
boundary_v2_regime_sequence,noise_test_006,test,0.525,2400,0.1525396825396825,0.31402777777777774,1.1328318023051052,0.4674561681609818
center_of_mass,noise_test_006,test,0.525,2400,0.423112326867575,0.7337725523048079,6.988874009695666,1.9025812489791718
identity_diagnostic,noise_test_006,test,0.525,2400,1.0,1.0,11.549245363595947,6.89275319845774
joint_basin,noise_test_006,test,0.525,2400,0.5118603488384422,0.7988351336563221,5.240813099519567,1.4082725429050245
predictive_kmeans_k13,noise_test_006,test,0.525,2400,0.5580492112181431,0.8457874024030474,7.65017760923793,2.470052748948819
predictive_kmeans_k21,noise_test_006,test,0.525,2400,0.6516236298324009,0.9048245738676328,9.028161112416186,3.07491602045168
predictive_kmeans_k5,noise_test_006,test,0.525,2400,0.3767014920846268,0.6682463789167588,4.259093689719221,1.4787357178083826
predictive_kmeans_k8,noise_test_006,test,0.525,2400,0.4768389977464139,0.7764435587757303,5.83862242211541,1.8805288211828672
predictive_kmeans_no_COM_k13,noise_test_006,test,0.525,2400,0.5353641597967942,0.8376443691441351,8.114562469602447,2.663156261580025
predictive_kmeans_no_COM_k8,noise_test_006,test,0.525,2400,0.4874856342287995,0.7905338180318394,5.986564653762204,1.8823542284371535
random_matched_predictive_kmeans_k13,noise_test_006,test,0.525,2400,0.9999733010706882,1.0,11.549191983552198,3.7000227879920207
random_matched_predictive_kmeans_k21,noise_test_006,test,0.525,2400,0.9999966633299967,1.0,11.54923869248187,4.391636260633914
random_matched_predictive_kmeans_k5,noise_test_006,test,0.525,2400,0.9812109481253863,1.0,11.511810819754874,2.32178444432226
random_matched_predictive_kmeans_k8,noise_test_006,test,0.525,2400,0.9992617919806697,1.0,11.547770501572927,2.999745821178584
random_matched_predictive_kmeans_no_COM_k13,noise_test_006,test,0.525,2400,0.9999733010706882,1.0,11.549191983552198,3.7000227879920207
random_matched_predictive_kmeans_no_COM_k8,noise_test_006,test,0.525,2400,0.9992617919806697,1.0,11.547770501572927,2.999745821178584
all_one_diagnostic,noise_test_007,test,0.525,1500,0.0,0.0,0.0,0.0
boundary_v2_regime_sequence,noise_test_007,test,0.525,1500,0.213747113997114,0.3947362914862915,1.462929629834865,0.5151061687498976
center_of_mass,noise_test_007,test,0.525,1500,0.41079176396947437,0.7099601973200995,6.537514938977882,1.9809553320849416
identity_diagnostic,noise_test_007,test,0.525,1500,0.9999933277729586,1.0,11.54931865587669,7.240541121339145
joint_basin,noise_test_007,test,0.525,1500,0.4063904402959651,0.6862508655573317,5.607068411785467,1.5197920976031012
predictive_kmeans_k13,noise_test_007,test,0.525,1500,0.5173236596729284,0.8114638994671168,7.96029238904891,2.8602254985231186
predictive_kmeans_k21,noise_test_007,test,0.525,1500,0.6273414271914673,0.8942729964279159,9.27572046586992,3.4705746218063247
predictive_kmeans_k5,noise_test_007,test,0.525,1500,0.37830606766418035,0.6746561342220414,4.223225616328604,1.5494135580839075
predictive_kmeans_k8,noise_test_007,test,0.525,1500,0.4351136987770544,0.7313635712928273,6.3056996315123754,2.1282713047005797
predictive_kmeans_no_COM_k13,noise_test_007,test,0.525,1500,0.5109568387501652,0.8166316245603595,7.954083726779072,2.938677364715629
predictive_kmeans_no_COM_k8,noise_test_007,test,0.525,1500,0.4231062141513145,0.7210391087038276,6.316385320534949,2.1598909822469374
random_matched_predictive_kmeans_k13,noise_test_007,test,0.525,1500,0.9999733021784527,1.0,11.549278618050703,3.700024038817328
random_matched_predictive_kmeans_k21,noise_test_007,test,0.525,1500,0.9999966633299967,1.0,11.549325324766318,4.3916362114505585
random_matched_predictive_kmeans_k5,noise_test_007,test,0.525,1500,0.981225982615005,1.0,11.511935438243801,2.3217842203942305
random_matched_predictive_kmeans_k8,noise_test_007,test,0.525,1500,0.9992618242998393,1.0,11.547857198440578,2.999745223096067
random_matched_predictive_kmeans_no_COM_k13,noise_test_007,test,0.525,1500,0.9999733021784527,1.0,11.549278618050703,3.700024038817328
random_matched_predictive_kmeans_no_COM_k8,noise_test_007,test,0.525,1500,0.9992618242998393,1.0,11.547857198440578,2.999745223096067
all_one_diagnostic,noise_test_007,test,0.525,2400,0.0,0.0,0.0,0.0
boundary_v2_regime_sequence,noise_test_007,test,0.525,2400,0.15354761904761902,0.32756746031746026,1.1290629344273284,0.46752612414326505
center_of_mass,noise_test_007,test,0.525,2400,0.4212127626276944,0.7369342492923385,6.997654534311752,1.9022829180130523
identity_diagnostic,noise_test_007,test,0.525,2400,1.0,1.0,11.549264523890745,6.892650545536664
joint_basin,noise_test_007,test,0.525,2400,0.5162092154842725,0.7986047113938711,5.234575428439999,1.4076571158217843
predictive_kmeans_k13,noise_test_007,test,0.525,2400,0.5581378217305804,0.8440939704713657,7.6434143094281,2.4685131029972864
predictive_kmeans_k21,noise_test_007,test,0.525,2400,0.6524944160351531,0.9044434044812227,9.021726281563888,3.0741253856427533
predictive_kmeans_k5,noise_test_007,test,0.525,2400,0.369370635297012,0.6712333006253192,4.2634291036869705,1.4789207279424854
predictive_kmeans_k8,noise_test_007,test,0.525,2400,0.4745842621788771,0.7737729289816145,5.835359696694699,1.878801194669149
predictive_kmeans_no_COM_k13,noise_test_007,test,0.525,2400,0.5339888297425807,0.8377611966135836,8.107098877633199,2.662305660745176
predictive_kmeans_no_COM_k8,noise_test_007,test,0.525,2400,0.4893065870685886,0.790068358330871,5.986758146918235,1.880939265140087
random_matched_predictive_kmeans_k13,noise_test_007,test,0.525,2400,0.9999766410788453,1.0,11.54921782163293,3.700022005065204
random_matched_predictive_kmeans_k21,noise_test_007,test,0.525,2400,0.9999966611018364,1.0,11.549257848323323,4.391635276350937
random_matched_predictive_kmeans_k5,noise_test_007,test,0.525,2400,0.9812146314209415,1.0,11.511846067120926,2.32178368413456
random_matched_predictive_kmeans_k8,noise_test_007,test,0.525,2400,0.9992650837935105,1.0,11.547796230259953,2.9997450362387683
random_matched_predictive_kmeans_no_COM_k13,noise_test_007,test,0.525,2400,0.9999766410788453,1.0,11.54921782163293,3.700022005065204
random_matched_predictive_kmeans_no_COM_k8,noise_test_007,test,0.525,2400,0.9992650837935105,1.0,11.547796230259953,2.9997450362387683
all_one_diagnostic,potential_shape_test_000,test,0.525,1500,0.0,0.0,0.0,0.0
boundary_v2_regime_sequence,potential_shape_test_000,test,0.525,1500,0.2576999944499945,0.4495579420579421,1.482761855099705,0.5165126365686468
center_of_mass,potential_shape_test_000,test,0.525,1500,0.45206097100553727,0.7751627137412095,7.707986389402834,2.014417541211447
identity_diagnostic,potential_shape_test_000,test,0.525,1500,1.0,1.0,11.549153903786234,7.592780534938323
joint_basin,potential_shape_test_000,test,0.525,1500,0.48942624629153236,0.7614451648853656,7.121849645937187,1.7926114557691242
predictive_kmeans_k13,potential_shape_test_000,test,0.525,1500,0.621502396611057,0.8928426192049667,9.1131732682618,3.0288176699218177
predictive_kmeans_k21,potential_shape_test_000,test,0.525,1500,0.7406794547640827,0.9550252767651679,10.300346094451452,3.6318635208216556
predictive_kmeans_k5,potential_shape_test_000,test,0.525,1500,0.40088382642127557,0.7138049341739472,4.834557054645999,1.647225571519351
predictive_kmeans_k8,potential_shape_test_000,test,0.525,1500,0.4850765130829558,0.7843238603350645,7.472775749530452,2.3632655262072833
predictive_kmeans_no_COM_k13,potential_shape_test_000,test,0.525,1500,0.6115787735058772,0.8894839895516142,9.130058771535294,3.0734554099539455
predictive_kmeans_no_COM_k8,potential_shape_test_000,test,0.525,1500,0.49030125768476174,0.7827581321040066,7.4941825306565155,2.3885711926430853
random_matched_predictive_kmeans_k13,potential_shape_test_000,test,0.525,1500,0.9999732876920472,1.0,11.549100497003064,3.7000217417159447
random_matched_predictive_kmeans_k21,potential_shape_test_000,test,0.525,1500,0.9999966588706982,1.0,11.549147223759514,4.3916357295783675
random_matched_predictive_kmeans_k5,potential_shape_test_000,test,0.525,1500,0.9812130290103955,1.0,11.511723360750963,2.3217841547919567
random_matched_predictive_kmeans_k8,potential_shape_test_000,test,0.525,1500,0.9992617092963285,1.0,11.547678876895379,2.999745388070648
random_matched_predictive_kmeans_no_COM_k13,potential_shape_test_000,test,0.525,1500,0.9999732876920472,1.0,11.549100497003064,3.7000217417159447
random_matched_predictive_kmeans_no_COM_k8,potential_shape_test_000,test,0.525,1500,0.9992617092963285,1.0,11.547678876895379,2.999745388070648
all_one_diagnostic,potential_shape_test_000,test,0.525,2400,0.0,0.0,0.0,0.0
boundary_v2_regime_sequence,potential_shape_test_000,test,0.525,2400,0.18596031746031744,0.3606388888888889,1.1448446295786132,0.4682062695651206
center_of_mass,potential_shape_test_000,test,0.525,2400,0.48599511686107705,0.8039584654964486,8.345705191827824,1.950630157981341
identity_diagnostic,potential_shape_test_000,test,0.525,2400,1.0,1.0,11.549250191026868,7.331479674989988
joint_basin,potential_shape_test_000,test,0.525,2400,0.541633700159347,0.836648363229688,8.028686338923375,1.8444615133643225
predictive_kmeans_k13,potential_shape_test_000,test,0.525,2400,0.6421759793418113,0.9123062665670099,9.504542074007379,2.835807320191819
predictive_kmeans_k21,potential_shape_test_000,test,0.525,2400,0.7680123229306439,0.9666666571691894,10.529685277711003,3.3851762099760987
predictive_kmeans_k5,potential_shape_test_000,test,0.525,2400,0.39433876866968987,0.7072716908961625,5.715105344764023,1.74523046099546
predictive_kmeans_k8,potential_shape_test_000,test,0.525,2400,0.5264165987185084,0.8182040256672924,7.966516961896316,2.3068057913985767
predictive_kmeans_no_COM_k13,potential_shape_test_000,test,0.525,2400,0.6286315123577589,0.9138854692082026,9.78692027591283,2.9437430663638615
predictive_kmeans_no_COM_k8,potential_shape_test_000,test,0.525,2400,0.521049442423016,0.8262010745902917,8.095258077065473,2.3118702862866005
random_matched_predictive_kmeans_k13,potential_shape_test_000,test,0.525,2400,0.9999732932695228,1.0,11.549196795391202,3.70002135418897
random_matched_predictive_kmeans_k21,potential_shape_test_000,test,0.525,2400,0.9999966622162885,1.0,11.549243517686861,4.391636922344889
random_matched_predictive_kmeans_k5,potential_shape_test_000,test,0.525,2400,0.9812282862006644,1.0,11.511848990814702,2.3217843912984217
random_matched_predictive_kmeans_k8,potential_shape_test_000,test,0.525,2400,0.9992617370867366,1.0,11.54777521977554,2.9997464366399527
random_matched_predictive_kmeans_no_COM_k13,potential_shape_test_000,test,0.525,2400,0.9999732932695228,1.0,11.549196795391202,3.70002135418897
random_matched_predictive_kmeans_no_COM_k8,potential_shape_test_000,test,0.525,2400,0.9992617370867366,1.0,11.54777521977554,2.9997464366399527
all_one_diagnostic,potential_shape_test_001,test,0.525,1500,0.0,0.0,0.0,0.0
boundary_v2_regime_sequence,potential_shape_test_001,test,0.525,1500,0.39249766899766897,0.5747993672993673,1.4942736557685405,0.5210220083936133
center_of_mass,potential_shape_test_001,test,0.525,1500,0.45839488528773825,0.7660240102550105,7.70553183523698,2.070405838457864
identity_diagnostic,potential_shape_test_001,test,0.525,1500,1.0,1.0,11.549336882765601,7.55766955212137
joint_basin,potential_shape_test_001,test,0.525,1500,0.4589022395418101,0.7375656675317168,6.497781513855318,1.6444724869384708
predictive_kmeans_k13,potential_shape_test_001,test,0.525,1500,0.5990221382912856,0.8834826400940112,8.986019123094454,2.9514379557275934
predictive_kmeans_k21,potential_shape_test_001,test,0.525,1500,0.7341785008858414,0.9553040882246054,10.269781680921103,3.5968938720447414
predictive_kmeans_k5,potential_shape_test_001,test,0.525,1500,0.383727196277458,0.6908555670892165,4.86422561266458,1.6385434545453803
predictive_kmeans_k8,potential_shape_test_001,test,0.525,1500,0.4717050746682596,0.7742816111869366,7.092522129166554,2.2240757590690214
predictive_kmeans_no_COM_k13,potential_shape_test_001,test,0.525,1500,0.5954078636241816,0.8808758909211808,9.087365542410097,3.0491575186713233
predictive_kmeans_no_COM_k8,potential_shape_test_001,test,0.525,1500,0.4758176321107968,0.7689218461564198,7.130560332385549,2.248824955360236
random_matched_predictive_kmeans_k13,potential_shape_test_001,test,0.525,1500,0.9999732921535811,1.0,11.549283484899542,3.7000226516591943
random_matched_predictive_kmeans_k21,potential_shape_test_001,test,0.525,1500,0.9999966633299967,1.0,11.549330211651528,4.391636506444296
random_matched_predictive_kmeans_k5,potential_shape_test_001,test,0.525,1500,0.9812086068451918,1.0,11.511897877901372,2.3217857869273693
random_matched_predictive_kmeans_k8,potential_shape_test_001,test,0.525,1500,0.9992617919254605,1.0,11.5478620207752,2.9997469323410177
random_matched_predictive_kmeans_no_COM_k13,potential_shape_test_001,test,0.525,1500,0.9999732921535811,1.0,11.549283484899542,3.7000226516591943
random_matched_predictive_kmeans_no_COM_k8,potential_shape_test_001,test,0.525,1500,0.9992617919254605,1.0,11.5478620207752,2.9997469323410177
all_one_diagnostic,potential_shape_test_001,test,0.525,2400,0.0,0.0,0.0,0.0
boundary_v2_regime_sequence,potential_shape_test_001,test,0.525,2400,0.32035644420938536,0.4958074082779965,1.1593044133347228,0.47087817227336265
center_of_mass,potential_shape_test_001,test,0.525,2400,0.49208931926749755,0.8015253256428992,8.331513718658156,2.0371478547661304
identity_diagnostic,potential_shape_test_001,test,0.525,2400,1.0,1.0,11.549023848457278,7.322077807858673
joint_basin,potential_shape_test_001,test,0.525,2400,0.5483093163367205,0.8318730120138789,6.290921038108914,1.5483594613271223
predictive_kmeans_k13,potential_shape_test_001,test,0.525,2400,0.6221283453746159,0.8867893099128659,8.867150586828377,2.630592892990995
predictive_kmeans_k21,potential_shape_test_001,test,0.525,2400,0.7524427982383252,0.9551137319254955,10.235966891905056,3.2769869764098956
predictive_kmeans_k5,potential_shape_test_001,test,0.525,2400,0.3983297165864536,0.6770068200703068,5.035412726997726,1.5801109299587233
predictive_kmeans_k8,potential_shape_test_001,test,0.525,2400,0.5187762978355839,0.8124555897966254,6.743857544353152,1.9980643080449547
predictive_kmeans_no_COM_k13,potential_shape_test_001,test,0.525,2400,0.6212897215640214,0.8968745844197784,9.32664206291235,2.8303484204327276
predictive_kmeans_no_COM_k8,potential_shape_test_001,test,0.525,2400,0.5239407159571422,0.8257565029850744,6.880182140247839,2.000460419643585
random_matched_predictive_kmeans_k13,potential_shape_test_001,test,0.525,2400,0.9999732809934112,1.0,11.548970428285784,3.7000225154638513
random_matched_predictive_kmeans_k21,potential_shape_test_001,test,0.525,2400,0.9999966655551851,1.0,11.54901718179061,4.391634607617408
random_matched_predictive_kmeans_k5,potential_shape_test_001,test,0.525,2400,0.9812251227935613,1.0,11.511616676426868,2.321784526734012
random_matched_predictive_kmeans_k8,potential_shape_test_001,test,0.525,2400,0.9992650203586879,1.0,11.5475554235904,2.999745578679375
random_matched_predictive_kmeans_no_COM_k13,potential_shape_test_001,test,0.525,2400,0.9999732809934112,1.0,11.548970428285784,3.7000225154638513
random_matched_predictive_kmeans_no_COM_k8,potential_shape_test_001,test,0.525,2400,0.9992650203586879,1.0,11.5475554235904,2.999745578679375
all_one_diagnostic,potential_shape_test_002,test,0.525,1500,0.0,0.0,0.0,0.0
boundary_v2_regime_sequence,potential_shape_test_002,test,0.525,1500,0.4839116744968138,0.6764332474800742,1.5193960179138515,0.528276051484011
center_of_mass,potential_shape_test_002,test,0.525,1500,0.46407367200803984,0.76884158730863,7.763144499969709,2.0922562982155704
identity_diagnostic,potential_shape_test_002,test,0.525,1500,1.0,1.0,11.548975643020066,7.623585080919002
joint_basin,potential_shape_test_002,test,0.525,1500,0.46475776865371826,0.7407971636444425,6.363421131960123,1.640142508888685
predictive_kmeans_k13,potential_shape_test_002,test,0.525,1500,0.6041393297747372,0.8868699607412089,9.028679709200972,2.9743428741827342
predictive_kmeans_k21,potential_shape_test_002,test,0.525,1500,0.7398552781024391,0.9574672621481968,10.310266249991903,3.630474318944295
predictive_kmeans_k5,potential_shape_test_002,test,0.525,1500,0.3868184496463143,0.6882087174014387,4.914781206021523,1.6449982638949854
predictive_kmeans_k8,potential_shape_test_002,test,0.525,1500,0.4757556673412002,0.7794483924067211,7.045738551076892,2.2217399897397967
predictive_kmeans_no_COM_k13,potential_shape_test_002,test,0.525,1500,0.6087386025619281,0.8866337173682711,9.164336002352824,3.081386249713849
predictive_kmeans_no_COM_k8,potential_shape_test_002,test,0.525,1500,0.47903200945902313,0.7815013968349558,7.055693446311019,2.241492544013832
random_matched_predictive_kmeans_k13,potential_shape_test_002,test,0.525,1500,0.9999732843479512,1.0,11.548922229553169,3.700022508243093
random_matched_predictive_kmeans_k21,potential_shape_test_002,test,0.525,1500,0.99999665998664,1.0,11.54896896522374,4.391633376559904
random_matched_predictive_kmeans_k5,potential_shape_test_002,test,0.525,1500,0.9812283296649617,1.0,11.51157442947309,2.3217856732554574
random_matched_predictive_kmeans_k8,potential_shape_test_002,test,0.525,1500,0.999268296570055,1.0,11.547513777712059,2.9997466354487785
random_matched_predictive_kmeans_no_COM_k13,potential_shape_test_002,test,0.525,1500,0.9999732843479512,1.0,11.548922229553169,3.700022508243093
random_matched_predictive_kmeans_no_COM_k8,potential_shape_test_002,test,0.525,1500,0.999268296570055,1.0,11.547513777712059,2.9997466354487785
all_one_diagnostic,potential_shape_test_002,test,0.525,2400,0.0,0.0,0.0,0.0
boundary_v2_regime_sequence,potential_shape_test_002,test,0.525,2400,0.4013363263413573,0.6032416385214373,1.1756717010395574,0.47510062360618177
center_of_mass,potential_shape_test_002,test,0.525,2400,0.4963534333699073,0.8074992312602975,8.401964440178054,2.0666437154444863
identity_diagnostic,potential_shape_test_002,test,0.525,2400,1.0,1.0,11.549144263367458,7.40177595867073
joint_basin,potential_shape_test_002,test,0.525,2400,0.5484955796024591,0.8333446220453812,6.175084186856322,1.5422172608215683
predictive_kmeans_k13,potential_shape_test_002,test,0.525,2400,0.6198735238073882,0.8865479100739893,8.965034135963734,2.66923170084844
predictive_kmeans_k21,potential_shape_test_002,test,0.525,2400,0.7589555986906895,0.9588058930153833,10.284258437848685,3.311660324164437
predictive_kmeans_k5,potential_shape_test_002,test,0.525,2400,0.3926510614341774,0.6811780583917217,5.0268724118712065,1.5765442563317358
predictive_kmeans_k8,potential_shape_test_002,test,0.525,2400,0.5250741259528265,0.815358544129667,6.680200716145533,1.9874787932622815
predictive_kmeans_no_COM_k13,potential_shape_test_002,test,0.525,2400,0.6280584868723977,0.9028315455787735,9.384330834478082,2.861982365001518
predictive_kmeans_no_COM_k8,potential_shape_test_002,test,0.525,2400,0.5282817231900626,0.8274697790982006,6.825073505959569,1.990308063509313
random_matched_predictive_kmeans_k13,potential_shape_test_002,test,0.525,2400,0.9999732921528367,1.0,11.549090865499911,3.70002235091878
random_matched_predictive_kmeans_k21,potential_shape_test_002,test,0.525,2400,0.9999966622162885,1.0,11.54913759002745,4.391634978797395
random_matched_predictive_kmeans_k5,potential_shape_test_002,test,0.525,2400,0.9812062199910208,1.0,11.511709546673284,2.32178495051126
random_matched_predictive_kmeans_k8,potential_shape_test_002,test,0.525,2400,0.999261707106443,1.0,11.547669232039766,2.999746598166687
random_matched_predictive_kmeans_no_COM_k13,potential_shape_test_002,test,0.525,2400,0.9999732921528367,1.0,11.549090865499911,3.70002235091878
random_matched_predictive_kmeans_no_COM_k8,potential_shape_test_002,test,0.525,2400,0.999261707106443,1.0,11.547669232039766,2.999746598166687
all_one_diagnostic,potential_shape_test_003,test,0.525,1500,0.0,0.0,0.0,0.0
boundary_v2_regime_sequence,potential_shape_test_003,test,0.525,1500,0.4829178533884416,0.6814774512123583,1.5254005218037974,0.5286951761626577
center_of_mass,potential_shape_test_003,test,0.525,1500,0.462643127679326,0.7682863432410966,7.760389440426691,2.09760263184677
identity_diagnostic,potential_shape_test_003,test,0.525,1500,1.0,1.0,11.549158634838292,7.6228072007338685
joint_basin,potential_shape_test_003,test,0.525,1500,0.46005998898999534,0.7424584127101111,6.268851092072269,1.615560147030194
predictive_kmeans_k13,potential_shape_test_003,test,0.525,1500,0.6060306494455163,0.886221070047033,9.024851670460077,2.972337757073341
predictive_kmeans_k21,potential_shape_test_003,test,0.525,1500,0.7437062644958131,0.9585319896016061,10.320078872109745,3.6331804149029496
predictive_kmeans_k5,potential_shape_test_003,test,0.525,1500,0.3922613174743644,0.6895708957078324,4.874592411527254,1.6335347348520102
predictive_kmeans_k8,potential_shape_test_003,test,0.525,1500,0.47520704606372555,0.7797099982631697,6.9949572613506295,2.204680746075098
predictive_kmeans_no_COM_k13,potential_shape_test_003,test,0.525,1500,0.6079047512538445,0.8890137783831866,9.151824503688863,3.0783745513796896
predictive_kmeans_no_COM_k8,potential_shape_test_003,test,0.525,1500,0.47971751867105444,0.784705285533531,7.00013750586787,2.2244884528928925
random_matched_predictive_kmeans_k13,potential_shape_test_003,test,0.525,1500,0.9999732921453883,1.0,11.549105236955864,3.7000214825173328
random_matched_predictive_kmeans_k21,potential_shape_test_003,test,0.525,1500,0.99999665998664,1.0,11.549151957041966,4.391634981204046
random_matched_predictive_kmeans_k5,potential_shape_test_003,test,0.525,1500,0.9812166743472203,1.0,11.511735093846774,2.3217844688233593
random_matched_predictive_kmeans_k8,potential_shape_test_003,test,0.525,1500,0.9992617841339714,1.0,11.5476837571415,2.999745265161384
random_matched_predictive_kmeans_no_COM_k13,potential_shape_test_003,test,0.525,1500,0.9999732921453883,1.0,11.549105236955864,3.7000214825173328
random_matched_predictive_kmeans_no_COM_k8,potential_shape_test_003,test,0.525,1500,0.9992617841339714,1.0,11.5476837571415,2.999745265161384
all_one_diagnostic,potential_shape_test_003,test,0.525,2400,0.0,0.0,0.0,0.0
boundary_v2_regime_sequence,potential_shape_test_003,test,0.525,2400,0.4092122795075581,0.607747171859788,1.1808672673355896,0.47574160818777117
center_of_mass,potential_shape_test_003,test,0.525,2400,0.4960293373275765,0.8089631041789559,8.40835188473347,2.074243589895079
identity_diagnostic,potential_shape_test_003,test,0.525,2400,1.0,1.0,11.549303212681593,7.403984424271455
joint_basin,potential_shape_test_003,test,0.525,2400,0.5505307615163679,0.832371618249923,6.033146291832878,1.5141382556649372
predictive_kmeans_k13,potential_shape_test_003,test,0.525,2400,0.6222824913663597,0.8858607816426288,8.940707773438163,2.664901168443949
predictive_kmeans_k21,potential_shape_test_003,test,0.525,2400,0.7615755772375868,0.9600726888655431,10.29504953066533,3.315203907120868
predictive_kmeans_k5,potential_shape_test_003,test,0.525,2400,0.4019888102299383,0.6789915295708028,4.92622705253632,1.555634959019251
predictive_kmeans_k8,potential_shape_test_003,test,0.525,2400,0.5272365825720758,0.8155936439993051,6.581928479787258,1.9624313558602393
predictive_kmeans_no_COM_k13,potential_shape_test_003,test,0.525,2400,0.6299257925699083,0.902775706097088,9.350555748279284,2.855855641190262
predictive_kmeans_no_COM_k8,potential_shape_test_003,test,0.525,2400,0.528003093837964,0.8272293781820912,6.729477678739445,1.9660201005132145
random_matched_predictive_kmeans_k13,potential_shape_test_003,test,0.525,2400,0.9999732966128795,1.0,11.549249823728179,3.700023496919393
random_matched_predictive_kmeans_k21,potential_shape_test_003,test,0.525,2400,0.9999966633299967,1.0,11.549296541567516,4.391634817090045
random_matched_predictive_kmeans_k5,potential_shape_test_003,test,0.525,2400,0.9812221620715045,1.0,11.511899394256632,2.321784870457475
random_matched_predictive_kmeans_k8,potential_shape_test_003,test,0.525,2400,0.9992651587945255,1.0,11.54783507758881,2.9997468937585414
random_matched_predictive_kmeans_no_COM_k13,potential_shape_test_003,test,0.525,2400,0.9999732966128795,1.0,11.549249823728179,3.700023496919393
random_matched_predictive_kmeans_no_COM_k8,potential_shape_test_003,test,0.525,2400,0.9992651587945255,1.0,11.54783507758881,2.9997468937585414
all_one_diagnostic,potential_shape_test_004,test,0.525,1500,0.0,0.0,0.0,0.0
boundary_v2_regime_sequence,potential_shape_test_004,test,0.525,1500,0.4554123765811072,0.6566104880671445,1.4875776532511804,0.5214954319320664
center_of_mass,potential_shape_test_004,test,0.525,1500,0.4606840035516288,0.7695165369317428,7.743708378831208,2.073470991949399
identity_diagnostic,potential_shape_test_004,test,0.525,1500,1.0,1.0,11.549100880427632,7.626763132346704
joint_basin,potential_shape_test_004,test,0.525,1500,0.46417255962833304,0.7424753789422909,6.643347772877004,1.7106608782796497
predictive_kmeans_k13,potential_shape_test_004,test,0.525,1500,0.6012735947433098,0.8887311047836904,9.045300074144082,2.982476941652548
predictive_kmeans_k21,potential_shape_test_004,test,0.525,1500,0.734489680994346,0.9564038505543395,10.285091320413656,3.619376356395417
predictive_kmeans_k5,potential_shape_test_004,test,0.525,1500,0.38730784558760206,0.6800678023104951,5.064212240401944,1.6853057794725474
predictive_kmeans_k8,potential_shape_test_004,test,0.525,1500,0.4753600985768076,0.7794738413100091,7.204826877478931,2.272524044115417
predictive_kmeans_no_COM_k13,potential_shape_test_004,test,0.525,1500,0.6049188134161778,0.8866804695684487,9.186661567774285,3.089918104278778
predictive_kmeans_no_COM_k8,potential_shape_test_004,test,0.525,1500,0.47833884840418633,0.7760875336329083,7.227056906488019,2.2908783516213607
random_matched_predictive_kmeans_k13,potential_shape_test_004,test,0.525,1500,0.9999732966136231,1.0,11.549047491475703,3.70002232136341
random_matched_predictive_kmeans_k21,potential_shape_test_004,test,0.525,1500,0.9999966555183947,1.0,11.549094193700785,4.391636064690149
random_matched_predictive_kmeans_k5,potential_shape_test_004,test,0.525,1500,0.9812056163164,1.0,11.511655729573752,2.321784608420771
random_matched_predictive_kmeans_k8,potential_shape_test_004,test,0.525,1500,0.9992650671668113,1.0,11.547632553595285,2.999746577585546
random_matched_predictive_kmeans_no_COM_k13,potential_shape_test_004,test,0.525,1500,0.9999732966136231,1.0,11.549047491475703,3.70002232136341
random_matched_predictive_kmeans_no_COM_k8,potential_shape_test_004,test,0.525,1500,0.9992650671668113,1.0,11.547632553595285,2.999746577585546
all_one_diagnostic,potential_shape_test_004,test,0.525,2400,0.0,0.0,0.0,0.0
boundary_v2_regime_sequence,potential_shape_test_004,test,0.525,2400,0.3866126998646348,0.5740769037464084,1.1579511133394322,0.472727449884432
center_of_mass,potential_shape_test_004,test,0.525,2400,0.4971955176741086,0.8058575675167816,8.396730948127365,2.042820501784599
identity_diagnostic,potential_shape_test_004,test,0.525,2400,1.0,1.0,11.549144221519164,7.395935347091641
joint_basin,potential_shape_test_004,test,0.525,2400,0.5393261026618967,0.8233766996222078,6.599678543729755,1.6273182697981128
predictive_kmeans_k13,potential_shape_test_004,test,0.525,2400,0.616402680976687,0.8860702283260795,9.044063559894168,2.6829466960892283
predictive_kmeans_k21,potential_shape_test_004,test,0.525,2400,0.7502284762478676,0.9573734695422987,10.30162571502475,3.3044043444653384
predictive_kmeans_k5,potential_shape_test_004,test,0.525,2400,0.3934521957330497,0.6733922501964195,5.314999990738008,1.6402953052125335
predictive_kmeans_k8,potential_shape_test_004,test,0.525,2400,0.5225697681133677,0.8093111429851189,6.974061012492375,2.0613108659454706
predictive_kmeans_no_COM_k13,potential_shape_test_004,test,0.525,2400,0.6221524452167532,0.9011555402386568,9.477258042881012,2.8775485411023682
predictive_kmeans_no_COM_k8,potential_shape_test_004,test,0.525,2400,0.5233755942582601,0.8209529088490646,7.108070680697768,2.062255745613493
random_matched_predictive_kmeans_k13,potential_shape_test_004,test,0.525,2400,0.9999732932672916,1.0,11.54909082587904,3.700021998598816
random_matched_predictive_kmeans_k21,potential_shape_test_004,test,0.525,2400,0.9999966566365763,1.0,11.549137537027184,4.391634320275181
random_matched_predictive_kmeans_k5,potential_shape_test_004,test,0.525,2400,0.9812127789958908,1.0,11.511722238333286,2.3217841957943612
random_matched_predictive_kmeans_k8,potential_shape_test_004,test,0.525,2400,0.9992617305396404,1.0,11.54766923691058,2.999746931340386
random_matched_predictive_kmeans_no_COM_k13,potential_shape_test_004,test,0.525,2400,0.9999732932672916,1.0,11.54909082587904,3.700021998598816
random_matched_predictive_kmeans_no_COM_k8,potential_shape_test_004,test,0.525,2400,0.9992617305396404,1.0,11.54766923691058,2.999746931340386
all_one_diagnostic,potential_shape_test_005,test,0.525,1500,0.0,0.0,0.0,0.0
boundary_v2_regime_sequence,potential_shape_test_005,test,0.525,1500,0.436617487990166,0.6229610808438207,1.5129125092878914,0.5255173277214044
center_of_mass,potential_shape_test_005,test,0.525,1500,0.4621186618917708,0.7713715805938418,7.781637202929752,2.0933859253971754
identity_diagnostic,potential_shape_test_005,test,0.525,1500,1.0,1.0,11.549254984729567,7.6667886618611165
joint_basin,potential_shape_test_005,test,0.525,1500,0.4676860018920923,0.7386652768260289,6.7397792382646635,1.736622791833137
predictive_kmeans_k13,potential_shape_test_005,test,0.525,1500,0.6062438859074026,0.8902837590865735,9.072438230674928,3.0117977687622584
predictive_kmeans_k21,potential_shape_test_005,test,0.525,1500,0.7340237696676692,0.9566200854326558,10.283621632895033,3.6461734409708897
predictive_kmeans_k5,potential_shape_test_005,test,0.525,1500,0.3858197827114342,0.6853210868795456,4.9893036361791765,1.6805454360252605
predictive_kmeans_k8,potential_shape_test_005,test,0.525,1500,0.472679811547389,0.7746938305796393,7.2558253375480355,2.3034309014754775
predictive_kmeans_no_COM_k13,potential_shape_test_005,test,0.525,1500,0.6049898230474199,0.8873023157897707,9.165871928716594,3.1022930095663868
predictive_kmeans_no_COM_k8,potential_shape_test_005,test,0.525,1500,0.47789959535014986,0.7736060120599513,7.279393427727439,2.3234836536777626
random_matched_predictive_kmeans_k13,potential_shape_test_005,test,0.525,1500,0.9999732943802571,1.0,11.549201591313889,3.700022118612519
random_matched_predictive_kmeans_k21,potential_shape_test_005,test,0.525,1500,0.9999966611018364,1.0,11.549248309162142,4.391635780841242
random_matched_predictive_kmeans_k5,potential_shape_test_005,test,0.525,1500,0.9812248958507979,1.0,11.511847406594425,2.321783897417367
random_matched_predictive_kmeans_k8,potential_shape_test_005,test,0.525,1500,0.9992651642563329,1.0,11.547786856061828,2.999745376876214
random_matched_predictive_kmeans_no_COM_k13,potential_shape_test_005,test,0.525,1500,0.9999732943802571,1.0,11.549201591313889,3.700022118612519
random_matched_predictive_kmeans_no_COM_k8,potential_shape_test_005,test,0.525,1500,0.9992651642563329,1.0,11.547786856061828,2.999745376876214
all_one_diagnostic,potential_shape_test_005,test,0.525,2400,0.0,0.0,0.0,0.0
boundary_v2_regime_sequence,potential_shape_test_005,test,0.525,2400,0.3440964623611682,0.5022171374377257,1.1665492816425642,0.47339553352414526
center_of_mass,potential_shape_test_005,test,0.525,2400,0.498304860907025,0.8082041605256992,8.430663169930598,2.0596622079239215
identity_diagnostic,potential_shape_test_005,test,0.525,2400,1.0,1.0,11.54912499688916,7.433033075613605
joint_basin,potential_shape_test_005,test,0.525,2400,0.536902121685469,0.8202503705157307,6.860764302350193,1.6802104983139279
predictive_kmeans_k13,potential_shape_test_005,test,0.525,2400,0.623926258032267,0.8880911323924932,9.15233445226706,2.735101684479588
predictive_kmeans_k21,potential_shape_test_005,test,0.525,2400,0.7523089451835128,0.9589322327385413,10.343938239302165,3.347157199951809
predictive_kmeans_k5,potential_shape_test_005,test,0.525,2400,0.3940823887244244,0.6791213976123985,5.380423609580945,1.6705641182970326
predictive_kmeans_k8,potential_shape_test_005,test,0.525,2400,0.5217050690855572,0.8069448682854116,7.167012409915697,2.1219835673872107
predictive_kmeans_no_COM_k13,potential_shape_test_005,test,0.525,2400,0.6190526231840392,0.9006126837884192,9.55181230179777,2.91412654619375
predictive_kmeans_no_COM_k8,potential_shape_test_005,test,0.525,2400,0.5184788407618044,0.8205075119545338,7.308441547773077,2.124266773587647
random_matched_predictive_kmeans_k13,potential_shape_test_005,test,0.525,2400,0.9999732977265893,1.0,11.549071610161679,3.700022700103253
random_matched_predictive_kmeans_k21,potential_shape_test_005,test,0.525,2400,0.9999966633299967,1.0,11.549118325775085,4.391635248249163
random_matched_predictive_kmeans_k5,potential_shape_test_005,test,0.525,2400,0.9812297169332233,1.0,11.511726383999246,2.3217852250689925
random_matched_predictive_kmeans_k8,potential_shape_test_005,test,0.525,2400,0.9992650515409943,1.0,11.547656638908856,2.999745637112262
random_matched_predictive_kmeans_no_COM_k13,potential_shape_test_005,test,0.525,2400,0.9999732977265893,1.0,11.549071610161679,3.700022700103253
random_matched_predictive_kmeans_no_COM_k8,potential_shape_test_005,test,0.525,2400,0.9992650515409943,1.0,11.547656638908856,2.999745637112262
all_one_diagnostic,potential_shape_test_006,test,0.525,1500,0.0,0.0,0.0,0.0
boundary_v2_regime_sequence,potential_shape_test_006,test,0.525,1500,0.47861686288988076,0.6618050157784812,1.5387287418108582,0.5312210537345081
center_of_mass,potential_shape_test_006,test,0.525,1500,0.4658295692253316,0.7698662949527072,7.777180170187403,2.106191454670331
identity_diagnostic,potential_shape_test_006,test,0.525,1500,1.0,1.0,11.54912495506663,7.643258609275219
joint_basin,potential_shape_test_006,test,0.525,1500,0.4626137615561116,0.7379172482207551,6.350854377186966,1.6350303625068228
predictive_kmeans_k13,potential_shape_test_006,test,0.525,1500,0.6078780586712854,0.8874665590301122,9.045451093922805,2.992309085874871
predictive_kmeans_k21,potential_shape_test_006,test,0.525,1500,0.7439775868062142,0.9585328851519149,10.33176556427029,3.652159554046697
predictive_kmeans_k5,potential_shape_test_006,test,0.525,1500,0.3933472968255664,0.693433922246725,4.829262083288435,1.6322584136266984
predictive_kmeans_k8,potential_shape_test_006,test,0.525,1500,0.4724869867052358,0.776709614833625,7.042585768950347,2.228222007210099
predictive_kmeans_no_COM_k13,potential_shape_test_006,test,0.525,1500,0.6063226414872469,0.8863277582808958,9.15118141365971,3.0879128111250846
predictive_kmeans_no_COM_k8,potential_shape_test_006,test,0.525,1500,0.47912021566517565,0.7826044058815937,7.0470539613240275,2.2494259077938157
random_matched_predictive_kmeans_k13,potential_shape_test_006,test,0.525,1500,0.999973292143155,1.0,11.549071557179738,3.7000235349601054
random_matched_predictive_kmeans_k21,potential_shape_test_006,test,0.525,1500,0.9999966622162885,1.0,11.549118281726624,4.391635585252039
random_matched_predictive_kmeans_k5,potential_shape_test_006,test,0.525,1500,0.9812606488528101,1.0,11.511786194341541,2.321784762431772
random_matched_predictive_kmeans_k8,potential_shape_test_006,test,0.525,1500,0.9992617181587269,1.0,11.547649945812045,2.9997468294349194
random_matched_predictive_kmeans_no_COM_k13,potential_shape_test_006,test,0.525,1500,0.999973292143155,1.0,11.549071557179738,3.7000235349601054
random_matched_predictive_kmeans_no_COM_k8,potential_shape_test_006,test,0.525,1500,0.9992617181587269,1.0,11.547649945812045,2.9997468294349194
all_one_diagnostic,potential_shape_test_006,test,0.525,2400,0.0,0.0,0.0,0.0
boundary_v2_regime_sequence,potential_shape_test_006,test,0.525,2400,0.3926278887521148,0.5572818336204559,1.182213515170953,0.47512598109496423
center_of_mass,potential_shape_test_006,test,0.525,2400,0.4963638806978822,0.8068418814796829,8.428348238326759,2.083329947377176
identity_diagnostic,potential_shape_test_006,test,0.525,2400,1.0,1.0,11.548961266623174,7.426900265834668
joint_basin,potential_shape_test_006,test,0.525,2400,0.5414083665541962,0.8300563965541611,6.217221782672052,1.5496149924301958
predictive_kmeans_k13,potential_shape_test_006,test,0.525,2400,0.6255658304425669,0.8897906363393944,9.01889566122616,2.6998940355623957
predictive_kmeans_k21,potential_shape_test_006,test,0.525,2400,0.764964570334694,0.9612861252460498,10.322411644819253,3.345064240359397
predictive_kmeans_k5,potential_shape_test_006,test,0.525,2400,0.4026098670188442,0.682705689957541,4.982834141345987,1.577899144695253
predictive_kmeans_k8,potential_shape_test_006,test,0.525,2400,0.5235700378825886,0.8117709765633201,6.726956782586889,2.0057166765390178
predictive_kmeans_no_COM_k13,potential_shape_test_006,test,0.525,2400,0.62742003221964,0.9036100645763276,9.405642762346975,2.8825006377613445
predictive_kmeans_no_COM_k8,potential_shape_test_006,test,0.525,2400,0.5215800114067933,0.8246438993852658,6.87877802761068,2.010510565188053
random_matched_predictive_kmeans_k13,potential_shape_test_006,test,0.525,2400,0.9999732943728078,1.0,11.548907873192611,3.700022452306011
random_matched_predictive_kmeans_k21,potential_shape_test_006,test,0.525,2400,0.9999966588706982,1.0,11.548954586596453,4.391634066118064
random_matched_predictive_kmeans_k5,potential_shape_test_006,test,0.525,2400,0.9812416363680698,1.0,11.511585662363618,2.321784909342701
random_matched_predictive_kmeans_k8,potential_shape_test_006,test,0.525,2400,0.9992616456581637,1.0,11.5474861126338,2.9997466092601432
random_matched_predictive_kmeans_no_COM_k13,potential_shape_test_006,test,0.525,2400,0.9999732943728078,1.0,11.548907873192611,3.700022452306011
random_matched_predictive_kmeans_no_COM_k8,potential_shape_test_006,test,0.525,2400,0.9992616456581637,1.0,11.5474861126338,2.9997466092601432
all_one_diagnostic,potential_shape_test_007,test,0.525,1500,0.0,0.0,0.0,0.0
boundary_v2_regime_sequence,potential_shape_test_007,test,0.525,1500,0.4267442092221504,0.6094506269873917,1.536929673180397,0.5287481617021844
center_of_mass,potential_shape_test_007,test,0.525,1500,0.45980716567776875,0.7653416163699034,7.732496773375573,2.097883182416361
identity_diagnostic,potential_shape_test_007,test,0.525,1500,1.0,1.0,11.549177939880567,7.552990753935458
joint_basin,potential_shape_test_007,test,0.525,1500,0.4582109152392495,0.7427092144148078,5.961165933832071,1.5214849994433053
predictive_kmeans_k13,potential_shape_test_007,test,0.525,1500,0.6029914773459848,0.8786136240784252,8.934359219365383,2.9380547757052318
predictive_kmeans_k21,potential_shape_test_007,test,0.525,1500,0.7445369105781586,0.9574892387097007,10.303376264548195,3.6116257947285937
predictive_kmeans_k5,potential_shape_test_007,test,0.525,1500,0.39677732649898884,0.7029239620574893,4.620948152488543,1.5774743242036855
predictive_kmeans_k8,potential_shape_test_007,test,0.525,1500,0.4708917727309769,0.7741011704128741,6.777718542451982,2.1359070599574657
predictive_kmeans_no_COM_k13,potential_shape_test_007,test,0.525,1500,0.6053210259419192,0.878588749688148,9.012393707826025,3.0306898173113312
predictive_kmeans_no_COM_k8,potential_shape_test_007,test,0.525,1500,0.48121402609474784,0.7798314859715613,6.793423373698545,2.162745648832076
random_matched_predictive_kmeans_k13,potential_shape_test_007,test,0.525,1500,0.9999732876816314,1.0,11.549124533076586,3.700022550155774
random_matched_predictive_kmeans_k21,potential_shape_test_007,test,0.525,1500,0.9999966622162885,1.0,11.54917126654056,4.391635183811323
random_matched_predictive_kmeans_k5,potential_shape_test_007,test,0.525,1500,0.9812272671114275,1.0,11.511774717753788,2.3217842349223585
random_matched_predictive_kmeans_k8,potential_shape_test_007,test,0.525,1500,0.9992651018397334,1.0,11.547709677590179,2.9997451214088096
random_matched_predictive_kmeans_no_COM_k13,potential_shape_test_007,test,0.525,1500,0.9999732876816314,1.0,11.549124533076586,3.700022550155774
random_matched_predictive_kmeans_no_COM_k8,potential_shape_test_007,test,0.525,1500,0.9992651018397334,1.0,11.547709677590179,2.9997451214088096
all_one_diagnostic,potential_shape_test_007,test,0.525,2400,0.0,0.0,0.0,0.0
boundary_v2_regime_sequence,potential_shape_test_007,test,0.525,2400,0.36167453869659755,0.5041465715656892,1.1802600738777225,0.47512345490030866
center_of_mass,potential_shape_test_007,test,0.525,2400,0.4938561838129635,0.8051559180415161,8.35224501505669,2.077336515049019
identity_diagnostic,potential_shape_test_007,test,0.525,2400,1.0,1.0,11.549303132363757,7.339681556715155
joint_basin,potential_shape_test_007,test,0.525,2400,0.5490150605237395,0.823268176673497,5.600571667746168,1.4149714004975535
predictive_kmeans_k13,potential_shape_test_007,test,0.525,2400,0.6246614026800539,0.8827202353167825,8.78231100234697,2.6227692337385506
predictive_kmeans_k21,potential_shape_test_007,test,0.525,2400,0.7637289791285695,0.9578605910882865,10.231463169438502,3.2977100986038033
predictive_kmeans_k5,potential_shape_test_007,test,0.525,2400,0.3922939025434931,0.6826698915083758,4.574460926363914,1.4874249875620655
predictive_kmeans_k8,potential_shape_test_007,test,0.525,2400,0.5230302787707001,0.810489088964884,6.259162524693372,1.8853781736859077
predictive_kmeans_no_COM_k13,potential_shape_test_007,test,0.525,2400,0.6288654349332702,0.8938704652600429,9.154362112127451,2.807650160229195
predictive_kmeans_no_COM_k8,potential_shape_test_007,test,0.525,2400,0.521091991481504,0.8190845544085242,6.422610846528417,1.892787344622262
random_matched_predictive_kmeans_k13,potential_shape_test_007,test,0.525,2400,0.9999732999510303,1.0,11.549249750082192,3.700023242569953
random_matched_predictive_kmeans_k21,potential_shape_test_007,test,0.525,2400,0.9999966611018364,1.0,11.549296456796334,4.391635083825734
random_matched_predictive_kmeans_k5,potential_shape_test_007,test,0.525,2400,0.9812255035967895,1.0,11.511896747677374,2.321784080796421
random_matched_predictive_kmeans_k8,potential_shape_test_007,test,0.525,2400,0.9992618287479299,1.0,11.547828343811341,2.9997456593199257
random_matched_predictive_kmeans_no_COM_k13,potential_shape_test_007,test,0.525,2400,0.9999732999510303,1.0,11.549249750082192,3.700023242569953
random_matched_predictive_kmeans_no_COM_k8,potential_shape_test_007,test,0.525,2400,0.9992618287479299,1.0,11.547828343811341,2.9997456593199257
all_one_diagnostic,time_discretization_test_000,test,0.525,1500,0.0,0.0,0.0,0.0
boundary_v2_regime_sequence,time_discretization_test_000,test,0.525,1500,0.33364930288150096,0.5245423199521497,1.6844461622730784,0.5629489263732913
center_of_mass,time_discretization_test_000,test,0.525,1500,0.44318310870341643,0.758606109184104,7.404255712468287,2.074283421656339
identity_diagnostic,time_discretization_test_000,test,0.525,1500,1.0,1.0,11.549134561780827,7.65075977768221
joint_basin,time_discretization_test_000,test,0.525,1500,0.4673887312425509,0.7299868402267529,6.07315256681402,1.5811124732166715
predictive_kmeans_k13,time_discretization_test_000,test,0.525,1500,0.6080987153843508,0.8727630272011373,8.89662519889627,3.0656625972067997
predictive_kmeans_k21,time_discretization_test_000,test,0.525,1500,0.7216410031214611,0.9474462218911722,10.249665632774029,3.7245173241210203
predictive_kmeans_k5,time_discretization_test_000,test,0.525,1500,0.39969162629724164,0.7168232431887002,4.4443175415566545,1.5834858195240427
predictive_kmeans_k8,time_discretization_test_000,test,0.525,1500,0.46249560674025963,0.7547346651039833,6.889955959695808,2.256581114296571
predictive_kmeans_no_COM_k13,time_discretization_test_000,test,0.525,1500,0.5970173035661609,0.8686917176524329,8.930607779506191,3.1033914318786127
predictive_kmeans_no_COM_k8,time_discretization_test_000,test,0.525,1500,0.4633703527803859,0.7723060068918945,6.84481896848927,2.283392312908498
random_matched_predictive_kmeans_k13,time_discretization_test_000,test,0.525,1500,0.9999733032914121,1.0,11.549081186175567,3.700022511676467
random_matched_predictive_kmeans_k21,time_discretization_test_000,test,0.525,1500,0.9999966633299967,1.0,11.54912789066675,4.391636955550871
random_matched_predictive_kmeans_k5,time_discretization_test_000,test,0.525,1500,0.9812020859486147,1.0,11.511683054984013,2.3217849254465706
random_matched_predictive_kmeans_k8,time_discretization_test_000,test,0.525,1500,0.9992617271021546,1.0,11.547659570367928,2.9997456618373635
random_matched_predictive_kmeans_no_COM_k13,time_discretization_test_000,test,0.525,1500,0.9999733032914121,1.0,11.549081186175567,3.700022511676467
random_matched_predictive_kmeans_no_COM_k8,time_discretization_test_000,test,0.525,1500,0.9992617271021546,1.0,11.547659570367928,2.9997456618373635
all_one_diagnostic,time_discretization_test_000,test,0.525,2400,0.0,0.0,0.0,0.0
boundary_v2_regime_sequence,time_discretization_test_000,test,0.525,2400,0.3098143384393384,0.4324678654678655,1.2671783540769261,0.4846750104912217
center_of_mass,time_discretization_test_000,test,0.525,2400,0.47262435931856944,0.783496695497003,8.035821763188203,2.0179110560504783
identity_diagnostic,time_discretization_test_000,test,0.525,2400,1.0,1.0,11.549168299390978,7.41207469592926
joint_basin,time_discretization_test_000,test,0.525,2400,0.49198084234674333,0.7918979956899522,6.67134440625784,1.6183158134286924
predictive_kmeans_k13,time_discretization_test_000,test,0.525,2400,0.628936642066112,0.9020527865526795,9.10853329432507,2.8345155349285416
predictive_kmeans_k21,time_discretization_test_000,test,0.525,2400,0.762996920170719,0.9657019863807083,10.406804214410444,3.473634073065788
predictive_kmeans_k5,time_discretization_test_000,test,0.525,2400,0.3909894832858569,0.6853911389288982,5.028624354469611,1.6226672625338272
predictive_kmeans_k8,time_discretization_test_000,test,0.525,2400,0.5119633409090308,0.8151780319057464,7.13886707056957,2.1430646095257675
predictive_kmeans_no_COM_k13,time_discretization_test_000,test,0.525,2400,0.6082422038970486,0.8958152807225132,9.394860365015195,2.970198351534071
predictive_kmeans_no_COM_k8,time_discretization_test_000,test,0.525,2400,0.48702131071739435,0.8028233651290807,7.286883277931111,2.162739038932303
random_matched_predictive_kmeans_k13,time_discretization_test_000,test,0.525,2400,0.9999732843434778,1.0,11.549114885915142,3.700021038567247
random_matched_predictive_kmeans_k21,time_discretization_test_000,test,0.525,2400,0.9999966611018364,1.0,11.549161623823554,4.391634629961816
random_matched_predictive_kmeans_k5,time_discretization_test_000,test,0.525,2400,0.9812064299929417,1.0,11.511724966741,2.3217848891718877
random_matched_predictive_kmeans_k8,time_discretization_test_000,test,0.525,2400,0.9992651229851025,1.0,11.547700092831974,2.9997468597972894
random_matched_predictive_kmeans_no_COM_k13,time_discretization_test_000,test,0.525,2400,0.9999732843434778,1.0,11.549114885915142,3.700021038567247
random_matched_predictive_kmeans_no_COM_k8,time_discretization_test_000,test,0.525,2400,0.9992651229851025,1.0,11.547700092831974,2.9997468597972894
all_one_diagnostic,time_discretization_test_001,test,0.525,1500,0.0,0.0,0.0,0.0
boundary_v2_regime_sequence,time_discretization_test_001,test,0.525,1500,0.3296024620804032,0.4541540118378354,1.320744007679037,0.49342096478991804
center_of_mass,time_discretization_test_001,test,0.525,1500,0.4681708225583362,0.7770543281050919,7.946537965376925,2.023721651013694
identity_diagnostic,time_discretization_test_001,test,0.525,1500,1.0,1.0,11.549317544005884,7.444021026372642
joint_basin,time_discretization_test_001,test,0.525,1500,0.4864131286150578,0.7772305706860181,6.667581444921747,1.6259807550462966
predictive_kmeans_k13,time_discretization_test_001,test,0.525,1500,0.623467736168336,0.9000553030736321,9.113116189201582,2.8753817699490596
predictive_kmeans_k21,time_discretization_test_001,test,0.525,1500,0.7565223139208692,0.9642588604959004,10.399440754459665,3.5136823457589834
predictive_kmeans_k5,time_discretization_test_001,test,0.525,1500,0.39153532329467905,0.692112799965694,4.9960389180716716,1.627223105799991
predictive_kmeans_k8,time_discretization_test_001,test,0.525,1500,0.5056336512797759,0.8104611322977604,7.1638817134354476,2.168872775175302
predictive_kmeans_no_COM_k13,time_discretization_test_001,test,0.525,1500,0.6098905688128013,0.8940106826362237,9.334092659942375,2.9962627168423612
predictive_kmeans_no_COM_k8,time_discretization_test_001,test,0.525,1500,0.48792071276017496,0.791727292934043,7.288953611371003,2.191647946660639
random_matched_predictive_kmeans_k13,time_discretization_test_001,test,0.525,1500,0.9999732966136231,1.0,11.549264155053955,3.7000232124714603
random_matched_predictive_kmeans_k21,time_discretization_test_001,test,0.525,1500,0.9999966622162885,1.0,11.549310870665877,4.39163619388759
random_matched_predictive_kmeans_k5,time_discretization_test_001,test,0.525,1500,0.9812116747146611,1.0,11.511884319144576,2.321784130165574
random_matched_predictive_kmeans_k8,time_discretization_test_001,test,0.525,1500,0.9992618398968246,1.0,11.547842777569894,2.9997451586324244
random_matched_predictive_kmeans_no_COM_k13,time_discretization_test_001,test,0.525,1500,0.9999732966136231,1.0,11.549264155053955,3.7000232124714603
random_matched_predictive_kmeans_no_COM_k8,time_discretization_test_001,test,0.525,1500,0.9992618398968246,1.0,11.547842777569894,2.9997451586324244
all_one_diagnostic,time_discretization_test_001,test,0.525,2400,0.0,0.0,0.0,0.0
boundary_v2_regime_sequence,time_discretization_test_001,test,0.525,2400,0.3941098378745438,0.5234739819004525,1.1333304002108293,0.4684771449125577
center_of_mass,time_discretization_test_001,test,0.525,2400,0.5063022430528898,0.8154415391233815,8.578273449673258,1.998952504929693
identity_diagnostic,time_discretization_test_001,test,0.525,2400,1.0,1.0,11.549096035342405,7.222904816414856
joint_basin,time_discretization_test_001,test,0.525,2400,0.5856581543548607,0.8523068145308891,6.310117748303131,1.5041062676706929
predictive_kmeans_k13,time_discretization_test_001,test,0.525,2400,0.6408406248959255,0.8920579367973328,8.971417295728417,2.5633819767394987
predictive_kmeans_k21,time_discretization_test_001,test,0.525,2400,0.7704012748709155,0.9610273217088081,10.403260942277235,3.209777392803915
predictive_kmeans_k5,time_discretization_test_001,test,0.525,2400,0.3901608157064724,0.6702366090369061,5.123769933304605,1.5439749873548732
predictive_kmeans_k8,time_discretization_test_001,test,0.525,2400,0.5429427270132466,0.8312379700488951,6.750425071770807,1.9390306163844544
predictive_kmeans_no_COM_k13,time_discretization_test_001,test,0.525,2400,0.6530579154995599,0.9065550322282857,9.423475879850548,2.7658489624768783
predictive_kmeans_no_COM_k8,time_discretization_test_001,test,0.525,2400,0.5502681560313895,0.8378330550071224,6.832579417975382,1.9355147119751988
random_matched_predictive_kmeans_k13,time_discretization_test_001,test,0.525,2400,0.9999732910361476,1.0,11.54904263524297,3.7000232712808385
random_matched_predictive_kmeans_k21,time_discretization_test_001,test,0.525,2400,0.9999966633299967,1.0,11.549089364228328,4.3916360799619625
random_matched_predictive_kmeans_k5,time_discretization_test_001,test,0.525,2400,0.9812224386304114,1.0,11.511683321713855,2.3217840564626404
random_matched_predictive_kmeans_k8,time_discretization_test_001,test,0.525,2400,0.9992616712512983,1.0,11.547620932519997,2.999745733557248
random_matched_predictive_kmeans_no_COM_k13,time_discretization_test_001,test,0.525,2400,0.9999732910361476,1.0,11.54904263524297,3.7000232712808385
random_matched_predictive_kmeans_no_COM_k8,time_discretization_test_001,test,0.525,2400,0.9992616712512983,1.0,11.547620932519997,2.999745733557248
all_one_diagnostic,time_discretization_test_002,test,0.525,1500,0.0,0.0,0.0,0.0
boundary_v2_regime_sequence,time_discretization_test_002,test,0.525,1500,0.32292055167055167,0.43300299700299694,1.3207242149074492,0.4918921981861943
center_of_mass,time_discretization_test_002,test,0.525,1500,0.46827999729574643,0.7796652284924858,7.949224549647015,2.025248272233462
identity_diagnostic,time_discretization_test_002,test,0.525,1500,1.0,1.0,11.549202053040613,7.4457929246990595
joint_basin,time_discretization_test_002,test,0.525,1500,0.4880591150501278,0.7778668254639703,6.6594156250948595,1.6260826631237362
predictive_kmeans_k13,time_discretization_test_002,test,0.525,1500,0.6264478450842488,0.9007375751815642,9.116145285574454,2.8743545784970483
predictive_kmeans_k21,time_discretization_test_002,test,0.525,1500,0.7581085162441545,0.9649897776381855,10.406899148395961,3.513906808889711
predictive_kmeans_k5,time_discretization_test_002,test,0.525,1500,0.39232749621125296,0.6910824964564618,4.995829079786653,1.6262249952027616
predictive_kmeans_k8,time_discretization_test_002,test,0.525,1500,0.5034818466953043,0.8115956383744893,7.161419542889015,2.1678289973952363
predictive_kmeans_no_COM_k13,time_discretization_test_002,test,0.525,1500,0.6070187426967685,0.8938368419109857,9.342193644847956,2.997053880595472
predictive_kmeans_no_COM_k8,time_discretization_test_002,test,0.525,1500,0.4849541040980212,0.7906949797816882,7.281971092448825,2.190576821816491
random_matched_predictive_kmeans_k13,time_discretization_test_002,test,0.525,1500,0.9999732977191469,1.0,11.54914866629826,3.700021700919452
random_matched_predictive_kmeans_k21,time_discretization_test_002,test,0.525,1500,0.9999966622162885,1.0,11.549195379700606,4.391635560322286
random_matched_predictive_kmeans_k5,time_discretization_test_002,test,0.525,1500,0.9812310708398949,1.0,11.511805940975245,2.321784842346921
random_matched_predictive_kmeans_k8,time_discretization_test_002,test,0.525,1500,0.9992617897957566,1.0,11.547727186561165,2.9997450778496044
random_matched_predictive_kmeans_no_COM_k13,time_discretization_test_002,test,0.525,1500,0.9999732977191469,1.0,11.54914866629826,3.700021700919452
random_matched_predictive_kmeans_no_COM_k8,time_discretization_test_002,test,0.525,1500,0.9992617897957566,1.0,11.547727186561165,2.9997450778496044
all_one_diagnostic,time_discretization_test_002,test,0.525,2400,0.0,0.0,0.0,0.0
boundary_v2_regime_sequence,time_discretization_test_002,test,0.525,2400,0.3915247113997114,0.5278345959595959,1.133357804350239,0.46872259699513785
center_of_mass,time_discretization_test_002,test,0.525,2400,0.5080930608586246,0.8138433177064135,8.568484722487195,1.9976826227142848
identity_diagnostic,time_discretization_test_002,test,0.525,2400,1.0,1.0,11.549206830717715,7.224337437615153
joint_basin,time_discretization_test_002,test,0.525,2400,0.5897452930318404,0.8525252616053368,6.309113695464154,1.504360864536889
predictive_kmeans_k13,time_discretization_test_002,test,0.525,2400,0.642571791449256,0.890960933372613,8.964302521262635,2.56277426770287
predictive_kmeans_k21,time_discretization_test_002,test,0.525,2400,0.769775716383895,0.9611650149171753,10.396784581286358,3.210610927705399
predictive_kmeans_k5,time_discretization_test_002,test,0.525,2400,0.3936405036888492,0.6754551933548011,5.123064098443421,1.544186282158187
predictive_kmeans_k8,time_discretization_test_002,test,0.525,2400,0.5442012390407384,0.8321784836676946,6.7511229175582335,1.9401809076222916
predictive_kmeans_no_COM_k13,time_discretization_test_002,test,0.525,2400,0.6523019456643014,0.9068428662969596,9.421559274447878,2.766053040717312
predictive_kmeans_no_COM_k8,time_discretization_test_002,test,0.525,2400,0.5530675881940456,0.8398153558264115,6.836486458927345,1.9370926720299684
random_matched_predictive_kmeans_k13,time_discretization_test_002,test,0.525,2400,0.9999732943817436,1.0,11.549153437305009,3.700022381744101
random_matched_predictive_kmeans_k21,time_discretization_test_002,test,0.525,2400,0.9999966633299967,1.0,11.54920015960364,4.39163651710899
random_matched_predictive_kmeans_k5,time_discretization_test_002,test,0.525,2400,0.9812276845807105,1.0,11.511813467085307,2.321786056035947
random_matched_predictive_kmeans_k8,time_discretization_test_002,test,0.525,2400,0.9992650693990164,1.0,11.547738512807259,2.9997456022317226
random_matched_predictive_kmeans_no_COM_k13,time_discretization_test_002,test,0.525,2400,0.9999732943817436,1.0,11.549153437305009,3.700022381744101
random_matched_predictive_kmeans_no_COM_k8,time_discretization_test_002,test,0.525,2400,0.9992650693990164,1.0,11.547738512807259,2.9997456022317226
all_one_diagnostic,time_discretization_test_003,test,0.525,1500,0.0,0.0,0.0,0.0
boundary_v2_regime_sequence,time_discretization_test_003,test,0.525,1500,0.3531980641907112,0.5325078752946399,1.6853406749630728,0.5633074613508933
center_of_mass,time_discretization_test_003,test,0.525,1500,0.4448417849196828,0.7591802653053457,7.398742776958827,2.076337001571075
identity_diagnostic,time_discretization_test_003,test,0.525,1500,1.0,1.0,11.549153892542774,7.652350974600887
joint_basin,time_discretization_test_003,test,0.525,1500,0.46595373442710697,0.7315472200030417,6.07087265447895,1.5821344225356366
predictive_kmeans_k13,time_discretization_test_003,test,0.525,1500,0.6075505142266922,0.8731901740642539,8.896361995008174,3.06587529088868
predictive_kmeans_k21,time_discretization_test_003,test,0.525,1500,0.722381255841849,0.9480135860792567,10.246932136150456,3.7258631438974397
predictive_kmeans_k5,time_discretization_test_003,test,0.525,1500,0.40718348739465554,0.7143729293081255,4.448644662229003,1.583893586230807
predictive_kmeans_k8,time_discretization_test_003,test,0.525,1500,0.46163677471977205,0.7591511013512318,6.890170092199409,2.257476110524256
predictive_kmeans_no_COM_k13,time_discretization_test_003,test,0.525,1500,0.598468499327575,0.8694235788856248,8.93624571915255,3.104960201377186
predictive_kmeans_no_COM_k8,time_discretization_test_003,test,0.525,1500,0.4685891266848031,0.7757129578610409,6.840153285469349,2.2834902760922735
random_matched_predictive_kmeans_k13,time_discretization_test_003,test,0.525,1500,0.9999732865731277,1.0,11.549100483523262,3.700022734781868
random_matched_predictive_kmeans_k21,time_discretization_test_003,test,0.525,1500,0.999996664442962,1.0,11.549147223653144,4.391635840679819
random_matched_predictive_kmeans_k5,time_discretization_test_003,test,0.525,1500,0.9812270893193894,1.0,11.511750381061978,2.3217845705373
random_matched_predictive_kmeans_k8,time_discretization_test_003,test,0.525,1500,0.999261780881593,1.0,11.547679008163682,2.999745799432722
random_matched_predictive_kmeans_no_COM_k13,time_discretization_test_003,test,0.525,1500,0.9999732865731277,1.0,11.549100483523262,3.700022734781868
random_matched_predictive_kmeans_no_COM_k8,time_discretization_test_003,test,0.525,1500,0.999261780881593,1.0,11.547679008163682,2.999745799432722
all_one_diagnostic,time_discretization_test_003,test,0.525,2400,0.0,0.0,0.0,0.0
boundary_v2_regime_sequence,time_discretization_test_003,test,0.525,2400,0.29685403485403483,0.42330217005217,1.270613605796821,0.4858311341432583
center_of_mass,time_discretization_test_003,test,0.525,2400,0.4720721719334977,0.7829840048447347,8.023425871579185,2.0187305785434044
identity_diagnostic,time_discretization_test_003,test,0.525,2400,1.0,1.0,11.549293401914817,7.412067465753415
joint_basin,time_discretization_test_003,test,0.525,2400,0.49896563644119335,0.790295699736548,6.683281458981694,1.620575550199428
predictive_kmeans_k13,time_discretization_test_003,test,0.525,2400,0.6273761085723669,0.9012217186211748,9.114552863688997,2.8367141169401195
predictive_kmeans_k21,time_discretization_test_003,test,0.525,2400,0.7632026133093277,0.9659642658390831,10.404360890725677,3.4735144813697247
predictive_kmeans_k5,time_discretization_test_003,test,0.525,2400,0.3923246472882962,0.6870325689575543,5.037123866110143,1.6244397735011995
predictive_kmeans_k8,time_discretization_test_003,test,0.525,2400,0.5145940976925472,0.8124968607500526,7.149718531564583,2.1444521519434714
predictive_kmeans_no_COM_k13,time_discretization_test_003,test,0.525,2400,0.6107570723836676,0.8965037287390192,9.397816986962841,2.970719646497131
predictive_kmeans_no_COM_k8,time_discretization_test_003,test,0.525,2400,0.4897858107465082,0.8003271901446827,7.299026068386923,2.164354096057408
random_matched_predictive_kmeans_k13,time_discretization_test_003,test,0.525,2400,0.9999732899149903,1.0,11.54923999957457,3.7000218812692265
random_matched_predictive_kmeans_k21,time_discretization_test_003,test,0.525,2400,0.9999966588706982,1.0,11.549286721888098,4.391634876231849
random_matched_predictive_kmeans_k5,time_discretization_test_003,test,0.525,2400,0.9812215989461867,1.0,11.511888511256178,2.321785143544723
random_matched_predictive_kmeans_k8,time_discretization_test_003,test,0.525,2400,0.9992618108323635,1.0,11.54781857751395,2.9997453165494044
random_matched_predictive_kmeans_no_COM_k13,time_discretization_test_003,test,0.525,2400,0.9999732899149903,1.0,11.54923999957457,3.7000218812692265
random_matched_predictive_kmeans_no_COM_k8,time_discretization_test_003,test,0.525,2400,0.9992618108323635,1.0,11.54781857751395,2.9997453165494044
all_one_diagnostic,time_discretization_test_004,test,0.525,1500,0.0,0.0,0.0,0.0
boundary_v2_regime_sequence,time_discretization_test_004,test,0.525,1500,0.3475980693283325,0.532971365236071,1.683315941904205,0.5629489954311928
center_of_mass,time_discretization_test_004,test,0.525,1500,0.444772359160279,0.7587457063785854,7.397460566798051,2.073943675431819
identity_diagnostic,time_discretization_test_004,test,0.525,1500,1.0,1.0,11.54909605299139,7.64915132997908
joint_basin,time_discretization_test_004,test,0.525,1500,0.4656287000983421,0.7282846347903655,6.070828413525871,1.58146079956359
predictive_kmeans_k13,time_discretization_test_004,test,0.525,1500,0.6067012771406625,0.8726906214135229,8.905307993547769,3.0668486011515985
predictive_kmeans_k21,time_discretization_test_004,test,0.525,1500,0.7220687747349203,0.9477108612226738,10.251380988185474,3.7254013520148517
predictive_kmeans_k5,time_discretization_test_004,test,0.525,1500,0.4044517749692302,0.715396991821041,4.446203611072289,1.583599136371632
predictive_kmeans_k8,time_discretization_test_004,test,0.525,1500,0.45875591908428026,0.7545873744076897,6.891578490003878,2.2583006005957422
predictive_kmeans_no_COM_k13,time_discretization_test_004,test,0.525,1500,0.5956692197088406,0.8686114387479752,8.936317111652391,3.1044257473789316
predictive_kmeans_no_COM_k8,time_discretization_test_004,test,0.525,1500,0.463957393705391,0.7724054654532467,6.847651063158454,2.2850575667491
random_matched_predictive_kmeans_k13,time_discretization_test_004,test,0.525,1500,0.9999766399666215,1.0,11.549049348510609,3.7000218645359366
random_matched_predictive_kmeans_k21,time_discretization_test_004,test,0.525,1500,0.9999966577540107,1.0,11.549089370732789,4.391636539599415
random_matched_predictive_kmeans_k5,time_discretization_test_004,test,0.525,1500,0.9812155882460637,1.0,11.511670338212355,2.321785160153589
random_matched_predictive_kmeans_k8,time_discretization_test_004,test,0.525,1500,0.9992617014100071,1.0,11.547621010291323,2.999744829961918
random_matched_predictive_kmeans_no_COM_k13,time_discretization_test_004,test,0.525,1500,0.9999766399666215,1.0,11.549049348510609,3.7000218645359366
random_matched_predictive_kmeans_no_COM_k8,time_discretization_test_004,test,0.525,1500,0.9992617014100071,1.0,11.547621010291323,2.999744829961918
all_one_diagnostic,time_discretization_test_004,test,0.525,2400,0.0,0.0,0.0,0.0
boundary_v2_regime_sequence,time_discretization_test_004,test,0.525,2400,0.27085299422799425,0.41019280719280715,1.2678700642943315,0.48572916047269016
center_of_mass,time_discretization_test_004,test,0.525,2400,0.47368392660485326,0.7836943683699918,8.027503140077798,2.016929958616709
identity_diagnostic,time_discretization_test_004,test,0.525,2400,1.0,1.0,11.54921648881229,7.411411925237811
joint_basin,time_discretization_test_004,test,0.525,2400,0.49389106287186957,0.7893406575872972,6.676381817941702,1.6199143190724123
predictive_kmeans_k13,time_discretization_test_004,test,0.525,2400,0.6304760326114978,0.9030893905864599,9.116357080294502,2.8366940239483203
predictive_kmeans_k21,time_discretization_test_004,test,0.525,2400,0.7630396052380348,0.9656043525765964,10.404389635242662,3.4743122519218765
predictive_kmeans_k5,time_discretization_test_004,test,0.525,2400,0.3931536115338809,0.6879955679948098,5.037394002650399,1.6244490729944334
predictive_kmeans_k8,time_discretization_test_004,test,0.525,2400,0.5158560226802166,0.8148196250055105,7.149150542022544,2.144655733155178
predictive_kmeans_no_COM_k13,time_discretization_test_004,test,0.525,2400,0.6110479848191513,0.8971581607019021,9.403033395914484,2.970776511288352
predictive_kmeans_no_COM_k8,time_discretization_test_004,test,0.525,2400,0.4903105905307541,0.8032882650942961,7.295272879907251,2.164284579210955
random_matched_predictive_kmeans_k13,time_discretization_test_004,test,0.525,2400,0.9999733010654838,1.0,11.549163108758144,3.7000212659080436
random_matched_predictive_kmeans_k21,time_discretization_test_004,test,0.525,2400,0.9999966622162885,1.0,11.549209815472285,4.391634792581788
random_matched_predictive_kmeans_k5,time_discretization_test_004,test,0.525,2400,0.9812241221230525,1.0,11.511807398199982,2.3217848232429144
random_matched_predictive_kmeans_k8,time_discretization_test_004,test,0.525,2400,0.9992617807315766,1.0,11.547741604482303,2.999744944207899
random_matched_predictive_kmeans_no_COM_k13,time_discretization_test_004,test,0.525,2400,0.9999733010654838,1.0,11.549163108758144,3.7000212659080436
random_matched_predictive_kmeans_no_COM_k8,time_discretization_test_004,test,0.525,2400,0.9992617807315766,1.0,11.547741604482303,2.999744944207899
all_one_diagnostic,time_discretization_test_005,test,0.525,1500,0.0,0.0,0.0,0.0
boundary_v2_regime_sequence,time_discretization_test_005,test,0.525,1500,0.3263865592182155,0.5237095970335135,1.6831911877628678,0.5621956109650758
center_of_mass,time_discretization_test_005,test,0.525,1500,0.44314763702424714,0.7584948038751713,7.398379822855239,2.0734692431535624
identity_diagnostic,time_discretization_test_005,test,0.525,1500,1.0,1.0,11.549206835495584,7.649289121889377
joint_basin,time_discretization_test_005,test,0.525,1500,0.4634166048862987,0.7312068552796531,6.079084216079401,1.581078615784142
predictive_kmeans_k13,time_discretization_test_005,test,0.525,1500,0.6102679132055896,0.8740003372865608,8.912101059132196,3.0653784750080875
predictive_kmeans_k21,time_discretization_test_005,test,0.525,1500,0.7230935120834598,0.9481137247380793,10.256475710281379,3.7249178757982793
predictive_kmeans_k5,time_discretization_test_005,test,0.525,1500,0.40216221861330514,0.7159573564127912,4.458077453091611,1.5838173802740139
predictive_kmeans_k8,time_discretization_test_005,test,0.525,1500,0.46189556967646633,0.7573596136102277,6.898413057468017,2.2567003136168142
predictive_kmeans_no_COM_k13,time_discretization_test_005,test,0.525,1500,0.5983197762569978,0.8687772278807935,8.946943831977638,3.1041372029780403
predictive_kmeans_no_COM_k8,time_discretization_test_005,test,0.525,1500,0.4662509569630183,0.775323557240694,6.849991870104547,2.2833450263835084
random_matched_predictive_kmeans_k13,time_discretization_test_005,test,0.525,1500,0.9999733066340274,1.0,11.549153466571095,3.700022501622444
random_matched_predictive_kmeans_k21,time_discretization_test_005,test,0.525,1500,0.9999966622162885,1.0,11.549200162155579,4.391637553146715
random_matched_predictive_kmeans_k5,time_discretization_test_005,test,0.525,1500,0.9812413027759023,1.0,11.51183065290666,2.3217836964607685
random_matched_predictive_kmeans_k8,time_discretization_test_005,test,0.525,1500,0.9992617930787161,1.0,11.547731975640424,2.999745864169818
random_matched_predictive_kmeans_no_COM_k13,time_discretization_test_005,test,0.525,1500,0.9999733066340274,1.0,11.549153466571095,3.700022501622444
random_matched_predictive_kmeans_no_COM_k8,time_discretization_test_005,test,0.525,1500,0.9992617930787161,1.0,11.547731975640424,2.999745864169818
all_one_diagnostic,time_discretization_test_005,test,0.525,2400,0.0,0.0,0.0,0.0
boundary_v2_regime_sequence,time_discretization_test_005,test,0.525,2400,0.3091712739874504,0.4309187887276122,1.2711017797534163,0.48515114967514483
center_of_mass,time_discretization_test_005,test,0.525,2400,0.475083672040981,0.7835941180372026,8.033950545058381,2.0174370233453534
identity_diagnostic,time_discretization_test_005,test,0.525,2400,1.0,1.0,11.54921638430805,7.411455639036148
joint_basin,time_discretization_test_005,test,0.525,2400,0.49854923644339777,0.7928578243518365,6.665981793595867,1.6166888935338355
predictive_kmeans_k13,time_discretization_test_005,test,0.525,2400,0.6320954512726177,0.9022606681314663,9.111413924768245,2.835343169373167
predictive_kmeans_k21,time_discretization_test_005,test,0.525,2400,0.7628130628502886,0.9654667647367006,10.400611068135799,3.472319276524738
predictive_kmeans_k5,time_discretization_test_005,test,0.525,2400,0.3909899433271179,0.6867676480557691,5.037977638661514,1.623426685395315
predictive_kmeans_k8,time_discretization_test_005,test,0.525,2400,0.5174185274678786,0.8143377224832078,7.136122605817957,2.1419505786658353
predictive_kmeans_no_COM_k13,time_discretization_test_005,test,0.525,2400,0.6099752277256858,0.894935806090347,9.391271343198893,2.9690339168857394
predictive_kmeans_no_COM_k8,time_discretization_test_005,test,0.525,2400,0.49306645104181257,0.8029321385912211,7.2827544091606065,2.1613333730352555
random_matched_predictive_kmeans_k13,time_discretization_test_005,test,0.525,2400,0.999973294372062,1.0,11.549162990875997,3.700022058990558
random_matched_predictive_kmeans_k21,time_discretization_test_005,test,0.525,2400,0.9999966633299967,1.0,11.549209713193974,4.3916369866031095
random_matched_predictive_kmeans_k5,time_discretization_test_005,test,0.525,2400,0.9812488387262615,1.0,11.511872883210888,2.3217844852256975
random_matched_predictive_kmeans_k8,time_discretization_test_005,test,0.525,2400,0.9992617583463201,1.0,11.547741455193112,2.9997456651094887
random_matched_predictive_kmeans_no_COM_k13,time_discretization_test_005,test,0.525,2400,0.999973294372062,1.0,11.549162990875997,3.700022058990558
random_matched_predictive_kmeans_no_COM_k8,time_discretization_test_005,test,0.525,2400,0.9992617583463201,1.0,11.547741455193112,2.9997456651094887
all_one_diagnostic,time_discretization_test_006,test,0.525,1500,0.0,0.0,0.0,0.0
boundary_v2_regime_sequence,time_discretization_test_006,test,0.525,1500,0.29931199356199356,0.43960508935508935,1.321888902662101,0.49336140041330523
center_of_mass,time_discretization_test_006,test,0.525,1500,0.4677205447531286,0.7797817455294669,7.944381382049653,2.0242488802574656
identity_diagnostic,time_discretization_test_006,test,0.525,1500,1.0,1.0,11.549226140495989,7.445430438577405
joint_basin,time_discretization_test_006,test,0.525,1500,0.48634735042252636,0.7748426392279703,6.662787102909223,1.6264242009248346
predictive_kmeans_k13,time_discretization_test_006,test,0.525,1500,0.6225816030143679,0.9007406795768115,9.11883452762047,2.8772265423503693
predictive_kmeans_k21,time_discretization_test_006,test,0.525,1500,0.7572281181641428,0.9649778472135461,10.402565635479162,3.514970368639085
predictive_kmeans_k5,time_discretization_test_006,test,0.525,1500,0.39086822422187045,0.6895645721232577,4.992158424166818,1.6269200248609825
predictive_kmeans_k8,time_discretization_test_006,test,0.525,1500,0.5056786244129895,0.8102680896091808,7.16923061476954,2.170663342676779
predictive_kmeans_no_COM_k13,time_discretization_test_006,test,0.525,1500,0.6062913303971246,0.8930397845985836,9.336559958963225,2.997333720068073
predictive_kmeans_no_COM_k8,time_discretization_test_006,test,0.525,1500,0.4856722792376338,0.7898756971992763,7.288144500323559,2.1934625209686294
random_matched_predictive_kmeans_k13,time_discretization_test_006,test,0.525,1500,0.9999732988410398,1.0,11.54917275599592,3.700023356466178
random_matched_predictive_kmeans_k21,time_discretization_test_006,test,0.525,1500,0.9999966611018364,1.0,11.549219464928564,4.391634269314263
random_matched_predictive_kmeans_k5,time_discretization_test_006,test,0.525,1500,0.9812105012169278,1.0,11.511790683001419,2.3217845112324658
random_matched_predictive_kmeans_k8,time_discretization_test_006,test,0.525,1500,0.9992684987936662,1.0,11.547764665316281,2.9997453995453225
random_matched_predictive_kmeans_no_COM_k13,time_discretization_test_006,test,0.525,1500,0.9999732988410398,1.0,11.54917275599592,3.700023356466178
random_matched_predictive_kmeans_no_COM_k8,time_discretization_test_006,test,0.525,1500,0.9992684987936662,1.0,11.547764665316281,2.9997453995453225
all_one_diagnostic,time_discretization_test_006,test,0.525,2400,0.0,0.0,0.0,0.0
boundary_v2_regime_sequence,time_discretization_test_006,test,0.525,2400,0.3661363636363636,0.5089507714507715,1.1297113203305245,0.4680137288217265
center_of_mass,time_discretization_test_006,test,0.525,2400,0.5088237210385242,0.8130406555699533,8.569384728970329,1.9958835333358147
identity_diagnostic,time_discretization_test_006,test,0.525,2400,1.0,1.0,11.549206861206672,7.219774736995898
joint_basin,time_discretization_test_006,test,0.525,2400,0.5902227711101617,0.8526962829970873,6.304870326184796,1.5033711662814397
predictive_kmeans_k13,time_discretization_test_006,test,0.525,2400,0.6409261603470401,0.8901737217608446,8.956636669732987,2.5615210744202956
predictive_kmeans_k21,time_discretization_test_006,test,0.525,2400,0.7697348109413956,0.9607709616522268,10.398189019096115,3.2089815903312995
predictive_kmeans_k5,time_discretization_test_006,test,0.525,2400,0.3939230390772363,0.6711546054627523,5.11126653003548,1.5427749348349562
predictive_kmeans_k8,time_discretization_test_006,test,0.525,2400,0.5429234368201773,0.8318853083140211,6.743550948288365,1.9393928425227165
predictive_kmeans_no_COM_k13,time_discretization_test_006,test,0.525,2400,0.6503682592897587,0.9051105705432563,9.412801853025426,2.76464328502979
predictive_kmeans_no_COM_k8,time_discretization_test_006,test,0.525,2400,0.5532868466528416,0.8373858552686841,6.8262734284879585,1.936320295609167
random_matched_predictive_kmeans_k13,time_discretization_test_006,test,0.525,2400,0.9999732888057583,1.0,11.549153456649437,3.7000206966575093
random_matched_predictive_kmeans_k21,time_discretization_test_006,test,0.525,2400,0.9999966622162885,1.0,11.549200187866665,4.3916353937399935
random_matched_predictive_kmeans_k5,time_discretization_test_006,test,0.525,2400,0.981216963983458,1.0,11.511783782755556,2.321784530780346
random_matched_predictive_kmeans_k8,time_discretization_test_006,test,0.525,2400,0.9992618065251713,1.0,11.54773202815191,2.999746744124297
random_matched_predictive_kmeans_no_COM_k13,time_discretization_test_006,test,0.525,2400,0.9999732888057583,1.0,11.549153456649437,3.7000206966575093
random_matched_predictive_kmeans_no_COM_k8,time_discretization_test_006,test,0.525,2400,0.9992618065251713,1.0,11.54773202815191,2.999746744124297
all_one_diagnostic,time_discretization_test_007,test,0.525,1500,0.0,0.0,0.0,0.0
boundary_v2_regime_sequence,time_discretization_test_007,test,0.525,1500,0.3224311121884651,0.5155473342017459,1.6816036252191813,0.5618059185320502
center_of_mass,time_discretization_test_007,test,0.525,1500,0.44228221526539213,0.7572705714633098,7.39611057782711,2.0737696635603116
identity_diagnostic,time_discretization_test_007,test,0.525,1500,1.0,1.0,11.548975691206198,7.648410607402269
joint_basin,time_discretization_test_007,test,0.525,1500,0.46493735718255286,0.7280372838685862,6.078818274326823,1.5815406995773476
predictive_kmeans_k13,time_discretization_test_007,test,0.525,1500,0.607263408582464,0.8724841366277859,8.896633925779673,3.065549071376345
predictive_kmeans_k21,time_discretization_test_007,test,0.525,1500,0.7241856878764841,0.948518505769666,10.254560509739411,3.7251902753530715
predictive_kmeans_k5,time_discretization_test_007,test,0.525,1500,0.40324012010669213,0.7113181362099064,4.448096447457598,1.5830298833851466
predictive_kmeans_k8,time_discretization_test_007,test,0.525,1500,0.46555022905189547,0.7553035150711487,6.894072201953802,2.257254392535303
predictive_kmeans_no_COM_k13,time_discretization_test_007,test,0.525,1500,0.5991618721759346,0.8701721635050302,8.938800843027758,3.103735122552743
predictive_kmeans_no_COM_k8,time_discretization_test_007,test,0.525,1500,0.4650888447747424,0.773892142599843,6.846862952417427,2.28390256634922
random_matched_predictive_kmeans_k13,time_discretization_test_007,test,0.525,1500,0.9999732910324335,1.0,11.548922291099345,3.7000216703195723
random_matched_predictive_kmeans_k21,time_discretization_test_007,test,0.525,1500,0.9999966543994647,1.0,11.548969002242986,4.391637310432707
random_matched_predictive_kmeans_k5,time_discretization_test_007,test,0.525,1500,0.9812210890399017,1.0,11.511560550690342,2.3217854490188126
random_matched_predictive_kmeans_k8,time_discretization_test_007,test,0.525,1500,0.999265011343024,1.0,11.54750725739852,2.9997458806136144
random_matched_predictive_kmeans_no_COM_k13,time_discretization_test_007,test,0.525,1500,0.9999732910324335,1.0,11.548922291099345,3.7000216703195723
random_matched_predictive_kmeans_no_COM_k8,time_discretization_test_007,test,0.525,1500,0.999265011343024,1.0,11.54750725739852,2.9997458806136144
all_one_diagnostic,time_discretization_test_007,test,0.525,2400,0.0,0.0,0.0,0.0
boundary_v2_regime_sequence,time_discretization_test_007,test,0.525,2400,0.31108953546453544,0.43189763014763016,1.2720039814840733,0.48571021441465734
center_of_mass,time_discretization_test_007,test,0.525,2400,0.47308011720451354,0.7837905443554254,8.042072040969718,2.0213379364590858
identity_diagnostic,time_discretization_test_007,test,0.525,2400,1.0,1.0,11.549052699121049,7.414585681414759
joint_basin,time_discretization_test_007,test,0.525,2400,0.49668067120486414,0.790404422636716,6.684026364160883,1.6210947766182757
predictive_kmeans_k13,time_discretization_test_007,test,0.525,2400,0.6285904629933959,0.9017153274457996,9.119320497102265,2.8375496316879287
predictive_kmeans_k21,time_discretization_test_007,test,0.525,2400,0.7634601159541725,0.9657353554159627,10.408033888574792,3.4757121525589154
predictive_kmeans_k5,time_discretization_test_007,test,0.525,2400,0.392935687246456,0.6916029640136222,5.038567379601076,1.6253494107418172
predictive_kmeans_k8,time_discretization_test_007,test,0.525,2400,0.5155128530793115,0.8130731799591119,7.145856262720677,2.1446914514119593
predictive_kmeans_no_COM_k13,time_discretization_test_007,test,0.525,2400,0.6097978083182638,0.8961868114260421,9.39928425521985,2.972083000616581
predictive_kmeans_no_COM_k8,time_discretization_test_007,test,0.525,2400,0.4913071235932304,0.8011003651719837,7.297222323558913,2.1644881749519573
random_matched_predictive_kmeans_k13,time_discretization_test_007,test,0.525,2400,0.9999732876868435,1.0,11.54899929232748,3.7000223384445956
random_matched_predictive_kmeans_k21,time_discretization_test_007,test,0.525,2400,0.9999966655551851,1.0,11.54904603245438,4.391637193615617
random_matched_predictive_kmeans_k5,time_discretization_test_007,test,0.525,2400,0.9811978424252517,1.0,11.511592670159523,2.3217840306436863
random_matched_predictive_kmeans_k8,time_discretization_test_007,test,0.525,2400,0.9992616388278099,1.0,11.547577531626288,2.999745322691063
random_matched_predictive_kmeans_no_COM_k13,time_discretization_test_007,test,0.525,2400,0.9999732876868435,1.0,11.54899929232748,3.7000223384445956
random_matched_predictive_kmeans_no_COM_k8,time_discretization_test_007,test,0.525,2400,0.9992616388278099,1.0,11.547577531626288,2.999745322691063
