point_id,T,seed,closure_rate,lineage_recurrence_rate,cycle_or_return_rate
phase_000,50,0,0.2474930843706777,0.2502285814980317,0.2502285814980317
phase_000,50,1,0.2518821391484943,0.2501198178768272,0.2501198178768272
phase_000,50,2,0.2516097184065934,0.2514974508664412,0.2514974508664412
phase_000,50,3,0.2486535788742182,0.2494504062650344,0.2494504062650344
phase_000,50,10,0.2493721856598545,0.2485345447763182,0.2485345447763182
phase_000,50,4,0.250972846765825,0.2496274911529149,0.2496274911529149
phase_000,50,5,0.2517055267702936,0.2502424604756211,0.2502424604756211
phase_000,50,8,0.2508010045029442,0.2512955956409368,0.2512955956409368
phase_000,50,9,0.2505410318559556,0.2507715946622629,0.2507715946622629
phase_000,50,7,0.2478411053540587,0.2495989438023116,0.2495989438023116
phase_000,50,17,0.2468403739612188,0.25076992994886,0.25076992994886
phase_000,50,6,0.2497845570492933,0.2498566475751067,0.2498566475751067
phase_000,50,12,0.2501940324249741,0.2498946918035396,0.2498946918035396
phase_000,50,11,0.2514855322080606,0.250648367736294,0.250648367736294
phase_000,50,15,0.2523588988919668,0.2507108326230556,0.2507108326230556
phase_000,50,16,0.2503648695054945,0.2509352876690617,0.2509352876690617
phase_000,50,13,0.2468728433402346,0.2498863606200562,0.2498863606200562
phase_000,50,14,0.2498491379310344,0.2503307360742706,0.2503307360742706
phase_000,50,18,0.2469949844344517,0.2510169158928239,0.2510169158928239
phase_000,50,20,0.2518103448275862,0.250873673740053,0.250873673740053
phase_000,50,22,0.2509975711311589,0.2496863823199701,0.2496863823199701
phase_000,50,21,0.2486554476058292,0.2497155754550792,0.2497155754550792
phase_000,50,19,0.2506036564332528,0.2501525725051078,0.2501525725051078
phase_000,50,26,0.2498483009708738,0.249741611543796,0.249741611543796
phase_000,50,28,0.2517715174559281,0.2510810244888191,0.2510810244888191
phase_000,50,27,0.2513119408121129,0.2509818876065435,0.2509818876065435
phase_000,50,24,0.2476995184038527,0.2506838599137361,0.2506838599137361
phase_000,50,25,0.2520661157024793,0.25128138906548,0.25128138906548
phase_000,50,29,0.2477953767123287,0.2508429926238146,0.2508429926238146
phase_000,50,23,0.2527662517289073,0.2498703319502074,0.2498703319502074
phase_000,100,1,0.2491235167206041,0.250419954029796,0.250419954029796
phase_000,100,0,0.2470601436265709,0.250117048614778,0.250117048614778
phase_000,100,4,0.2501574874010079,0.249891920411073,0.249891920411073
phase_000,100,3,0.2460239456754825,0.2491936642419655,0.2491936642419655
phase_000,100,2,0.2501566977077364,0.2495812615877296,0.2495812615877296
phase_000,100,5,0.2455389329488103,0.2502977578919094,0.2502977578919094
phase_000,100,6,0.2496852517985611,0.2504029129637466,0.2504029129637466
phase_000,100,7,0.2499775905342416,0.2507434669816294,0.2507434669816294
phase_000,100,12,0.2475987432675045,0.250099887351709,0.250099887351709
phase_000,100,9,0.2500672043010752,0.2502327992128751,0.2502327992128751
phase_000,100,10,0.2490086517664023,0.2504567977154813,0.2504567977154813
phase_000,100,11,0.2538288288288288,0.2502261084614026,0.2502261084614026
phase_000,100,8,0.2496624054735325,0.2493429042484837,0.2493429042484837
phase_000,100,14,0.2516982481229889,0.24894100471794,0.24894100471794
phase_000,100,13,0.2512079455977093,0.2500548268699033,0.2500548268699033
phase_000,100,15,0.25328125,0.2508433998599439,0.2508433998599439
phase_000,100,16,0.247474070100143,0.2500293661813795,0.2500293661813795
phase_000,100,17,0.2507212405337179,0.2499752515503136,0.2499752515503136
phase_001,50,3,0.2452264653641208,0.250454297035114,0.250454297035114
phase_001,50,2,0.245817016731933,0.2498160103513432,0.2498160103513432
phase_000,100,18,0.2502470355731225,0.2502351461605123,0.2502351461605123
phase_001,50,0,0.2478463747307968,0.2491147357667458,0.2491147357667458
phase_001,50,1,0.2493067978533094,0.2494194647034539,0.2494194647034539
phase_001,50,4,0.2481880816034359,0.2513645311381532,0.2513645311381532
phase_000,100,20,0.2511105188343994,0.2501567791295622,0.2501567791295622
phase_000,100,19,0.2508733428878538,0.251286962294771,0.251286962294771
phase_000,100,22,0.2487203663793103,0.2504489942528735,0.2504489942528735
phase_000,100,23,0.2494371397694524,0.2492579074136859,0.2492579074136859
phase_000,100,21,0.2502913230548583,0.2501950941724843,0.2501950941724843
phase_001,50,5,0.2494411659513591,0.2496887724221415,0.2496887724221415
phase_000,100,24,0.2506007475970096,0.2495606733259341,0.2495606733259341
phase_000,100,25,0.2496643394199785,0.2498179096199883,0.2498179096199883
phase_000,100,27,0.2505157875852171,0.2496209642809402,0.2496209642809402
phase_000,100,26,0.2511868505911859,0.2489097484210452,0.2489097484210452
phase_000,100,28,0.2490571120689655,0.2495690535553301,0.2495690535553301
phase_001,50,7,0.2464387464387464,0.248257040324348,0.248257040324348
phase_001,50,6,0.2480482770997846,0.2507705077585731,0.2507705077585731
phase_001,50,8,0.2448770491803278,0.2491535994297932,0.2491535994297932
phase_001,50,10,0.2513553146107358,0.2496333985069321,0.2496333985069321
phase_001,50,11,0.2511792452830189,0.2500111249555002,0.2500111249555002
phase_000,100,29,0.2479867897213174,0.2498913336597758,0.2498913336597758
phase_001,50,12,0.24875533428165,0.2493212468541416,0.2493212468541416
phase_001,50,13,0.2474544480171489,0.2503649998625883,0.2503649998625883
phase_001,50,15,0.2497774216524216,0.2500924556213018,0.2500924556213018
phase_001,50,9,0.2476835192515293,0.2504610471392587,0.2504610471392587
phase_001,50,14,0.2471570717839374,0.2497753334973484,0.2497753334973484
phase_001,50,16,0.2521628612201213,0.2491544087378907,0.2491544087378907
phase_001,50,17,0.2491666666666666,0.2502468814968814,0.2502468814968814
phase_001,50,19,0.2512836402266289,0.2494560702222706,0.2494560702222706
phase_001,50,18,0.2478708303761533,0.2497074097832614,0.2497074097832614
phase_001,50,20,0.2490439345428673,0.2507474071641627,0.2507474071641627
phase_001,50,21,0.243117626027887,0.2489764101647369,0.2489764101647369
phase_001,50,22,0.2516271398002853,0.2503917823439043,0.2503917823439043
phase_001,50,23,0.2505986165306846,0.2501287622452042,0.2501287622452042
phase_001,50,24,0.2494393613204162,0.250223392950788,0.250223392950788
phase_001,50,28,0.2508705357142857,0.2503511332417582,0.2503511332417582
phase_001,50,26,0.2468429883433415,0.2492043787191261,0.2492043787191261
phase_001,50,25,0.2498882331902718,0.2484791116430064,0.2484791116430064
phase_001,50,27,0.2512558306422677,0.2497429687284369,0.2497429687284369
phase_001,50,29,0.2505339978640085,0.2502832584823506,0.2502832584823506
phase_001,100,0,0.2469769673704414,0.2504313913665274,0.2504313913665274
phase_001,100,4,0.2514944080215966,0.250363440787036,0.250363440787036
phase_001,100,1,0.2517521121351767,0.2508475836571187,0.2508475836571187
phase_001,100,3,0.2481737793156478,0.2500518277284,0.2500518277284
phase_001,100,2,0.2493300153139356,0.250238811068072,0.250238811068072
phase_001,100,5,0.2503597467382962,0.2493957195310971,0.2493957195310971
phase_001,100,6,0.2491858237547892,0.2495027608744646,0.2495027608744646
phase_001,100,7,0.2506894256371244,0.2489782143363241,0.2489782143363241
phase_001,100,8,0.2513150344299923,0.2496324467047721,0.2496324467047721
phase_001,100,11,0.2491910925009516,0.2511909693454847,0.2511909693454847
phase_001,100,10,0.2483974358974359,0.2494540870309088,0.2494540870309088
phase_001,100,15,0.2495223538402751,0.2504842020874074,0.2504842020874074
phase_001,100,14,0.2492042824074074,0.2506770455095619,0.2506770455095619
phase_001,100,9,0.24857251617815,0.250143681378147,0.250143681378147
phase_001,100,13,0.2481293169608595,0.2504909484899102,0.2504909484899102
phase_001,100,16,0.2474597392638036,0.250438883375436,0.250438883375436
phase_001,100,12,0.2506939127105666,0.2494116521034141,0.2494116521034141
phase_001,100,17,0.2530164092664093,0.2490215004920887,0.2490215004920887
phase_002,50,2,0.2500933184023889,0.2491529560398541,0.2491529560398541
phase_002,50,1,0.2517829973373906,0.2496790604792697,0.2496790604792697
phase_002,50,0,0.2464675960813865,0.2514029983769056,0.2514029983769056
phase_002,50,3,0.2481321839080459,0.249695144414972,0.249695144414972
phase_002,50,5,0.2447086180713743,0.2493182714210619,0.2493182714210619
phase_002,50,4,0.2476284016864699,0.2503344561724209,0.2503344561724209
phase_001,100,20,0.2478777184280808,0.2502351856423607,0.2502351856423607
phase_001,100,18,0.2525671785028791,0.2506007489368108,0.2506007489368108
phase_001,100,19,0.2491150019135093,0.2497246985284737,0.2497246985284737
phase_001,100,21,0.2488355513307985,0.248848132408857,0.248848132408857
phase_001,100,22,0.2505552336809579,0.2506158218405168,0.2506158218405168
phase_001,100,23,0.2472564497497112,0.2499962249050563,0.2499962249050563
phase_001,100,24,0.251416015625,0.248486328125,0.248486328125
phase_001,100,25,0.249136607828089,0.2491831632883391,0.2491831632883391
phase_001,100,26,0.2477137081247593,0.2505124691385988,0.2505124691385988
phase_001,100,27,0.2512074961360123,0.2497116215110464,0.2497116215110464
phase_001,100,28,0.2527680652680653,0.2495776962688727,0.2495776962688727
phase_002,50,10,0.2515411608497724,0.2499088070503093,0.2499088070503093
phase_002,50,6,0.2464428953399541,0.2498585972850678,0.2498585972850678
phase_002,50,7,0.24983687546607,0.2504427665920954,0.2504427665920954
phase_001,100,29,0.2468998485422188,0.2495095255065297,0.2495095255065297
phase_002,50,9,0.2506396891584533,0.2494769493205808,0.2494769493205808
phase_002,50,8,0.2476904761904761,0.2483406593406593,0.2483406593406593
phase_002,50,11,0.2491685670847586,0.2504038388445458,0.2504038388445458
phase_002,50,14,0.2432168697638994,0.2492649320405413,0.2492649320405413
phase_002,50,13,0.2471802759134974,0.2492668358859634,0.2492668358859634
phase_002,50,12,0.2506735950731332,0.2499676156214839,0.2499676156214839
phase_002,50,15,0.2516911480479319,0.2503400880140347,0.2503400880140347
phase_002,50,16,0.2477645305514157,0.2491760288891436,0.2491760288891436
phase_002,50,17,0.2495411514683153,0.2488157249435263,0.2488157249435263
phase_002,50,18,0.2507344579226687,0.2491379687408876,0.2491379687408876
phase_002,50,19,0.2513951948543322,0.2499790811723274,0.2499790811723274
phase_002,50,20,0.2475363566781477,0.2491159218699402,0.2491159218699402
phase_002,50,21,0.2469355758266818,0.2484531693126334,0.2484531693126334
phase_002,50,22,0.246782740348221,0.2489345556978978,0.2489345556978978
phase_002,50,25,0.247746679316888,0.2489673040432053,0.2489673040432053
phase_002,50,24,0.2493381240544629,0.2502218375421855,0.2502218375421855
phase_002,50,23,0.2497628983308042,0.2516496804599042,0.2516496804599042
phase_002,50,27,0.2475009520182787,0.2500292928701154,0.2500292928701154
phase_002,50,26,0.247980805777271,0.2487756921907435,0.2487756921907435
phase_002,50,28,0.2463654503990878,0.2501260854311025,0.2501260854311025
phase_002,50,29,0.2485107791225416,0.2491926568136855,0.2491926568136855
phase_002,100,0,0.2506260888501742,0.2494651824144291,0.2494651824144291
phase_002,100,2,0.2504977876106194,0.251571447162936,0.251571447162936
phase_002,100,3,0.2503004807692308,0.2496979123817359,0.2496979123817359
phase_002,100,1,0.2507102272727273,0.2503899286987522,0.2503899286987522
phase_002,100,4,0.251692878986457,0.2502944602917619,0.2502944602917619
phase_002,100,5,0.2486950848194867,0.2513352992349615,0.2513352992349615
phase_002,100,7,0.2465139442231075,0.2505712444340285,0.2505712444340285
phase_002,100,6,0.2498640121845082,0.2501045239679857,0.2501045239679857
phase_002,100,8,0.2516854553492484,0.2501619900833897,0.2501619900833897
phase_002,100,10,0.2501077586206897,0.2500169033130494,0.2500169033130494
phase_002,100,9,0.2485271231658515,0.2512320290499481,0.2512320290499481
phase_002,100,11,0.2489120974760661,0.2505658159695557,0.2505658159695557
phase_002,100,13,0.2480730563002681,0.2497382554451628,0.2497382554451628
phase_002,100,12,0.2497525296964364,0.2498641339509847,0.2498641339509847
phase_002,100,15,0.2520686231244484,0.249348856930239,0.249348856930239
phase_002,100,14,0.2482448442299254,0.250202724793296,0.250202724793296
phase_002,100,16,0.2504910519423832,0.2508970524045497,0.2508970524045497
phase_002,100,17,0.2479643485915492,0.2498985950013808,0.2498985950013808
phase_003,50,0,0.25387348555452,0.2526816438454369,0.2526816438454369
phase_003,50,1,0.255529897909577,0.2509606035675555,0.2509606035675555
phase_002,100,18,0.254645824223874,0.250389563346108,0.250389563346108
phase_003,50,2,0.2566508746355685,0.2514729105928085,0.2514729105928085
phase_003,50,4,0.2587969567284831,0.2508515765024324,0.2508515765024324
phase_003,50,3,0.254329128440367,0.2521281757233592,0.2521281757233592
phase_003,50,5,0.2538418290854572,0.2505345884749932,0.2505345884749932
phase_002,100,19,0.2500272094035698,0.2503467865160866,0.2503467865160866
phase_002,100,20,0.2491747359154929,0.2503430509527755,0.2503430509527755
phase_002,100,21,0.2494574652777778,0.2508770978009259,0.2508770978009259
phase_002,100,22,0.2492713730569948,0.2502412882251346,0.2502412882251346
phase_002,100,23,0.2489374455100261,0.2493033830794741,0.2493033830794741
phase_002,100,25,0.2489941278816876,0.2504669549420464,0.2504669549420464
phase_002,100,24,0.2507918304936654,0.2495288635331808,0.2495288635331808
phase_002,100,26,0.2452049539675581,0.2508596160954517,0.2508596160954517
phase_003,50,7,0.2547180801491146,0.252986325184601,0.252986325184601
phase_003,50,6,0.2557477937761263,0.2506040319411197,0.2506040319411197
phase_003,50,8,0.2549807969275084,0.2511124856900181,0.2511124856900181
phase_003,50,10,0.2598731450454763,0.249777911772287,0.249777911772287
phase_003,50,9,0.2535020334387709,0.2511079634328618,0.2511079634328618
phase_002,100,29,0.2481521739130434,0.2500975063938618,0.2500975063938618
phase_002,100,27,0.2471195652173913,0.2503351449275362,0.2503351449275362
phase_002,100,28,0.2532336956521739,0.2501252131287297,0.2501252131287297
phase_003,50,11,0.2575880444856348,0.2504455692592857,0.2504455692592857
phase_003,50,13,0.2583959605448567,0.2505329334826752,0.2505329334826752
phase_003,50,12,0.2528900046707146,0.2524352836560917,0.2524352836560917
phase_003,50,14,0.2600230414746544,0.2509870170152428,0.2509870170152428
phase_003,50,15,0.2554614355773517,0.2497095665146267,0.2497095665146267
phase_003,50,16,0.2573113207547169,0.2525455823657475,0.2525455823657475
phase_003,50,17,0.2567743764172335,0.2485664137449851,0.2485664137449851
phase_003,50,20,0.2544747998115874,0.2502615583897967,0.2502615583897967
phase_003,50,18,0.2541030975496995,0.2517292577972189,0.2517292577972189
phase_003,50,19,0.2566269455252918,0.251118910879976,0.251118910879976
phase_003,50,21,0.2560895912547528,0.2491751060251535,0.2491751060251535
phase_003,50,23,0.2581223124701385,0.2510497445698114,0.2510497445698114
phase_003,50,24,0.2572045233463035,0.2512755817868901,0.2512755817868901
phase_003,50,22,0.2606714221014493,0.2511845039018952,0.2511845039018952
phase_003,50,25,0.255580878915381,0.2503315262344014,0.2503315262344014
phase_003,50,26,0.2555405722326454,0.2512391308269591,0.2512391308269591
phase_003,50,27,0.2585343650432408,0.250696973145198,0.250696973145198
phase_003,50,28,0.2558574879227053,0.250904635823114,0.250904635823114
phase_003,50,29,0.2545585412667946,0.2498800383877159,0.2498800383877159
phase_003,100,0,0.2449837310195227,0.249474536741667,0.249474536741667
phase_003,100,2,0.2506537656903765,0.2500478573577269,0.2500478573577269
phase_003,100,1,0.2525906735751295,0.2506190947881743,0.2506190947881743
phase_003,100,3,0.2552610759493671,0.249875124100273,0.249875124100273
phase_003,100,4,0.2532708628005657,0.2490223812297195,0.2490223812297195
phase_003,100,5,0.2514039855072463,0.2503481102585961,0.2503481102585961
phase_003,100,8,0.2499572795625427,0.2510889523273424,0.2510889523273424
phase_003,100,6,0.2548220973782771,0.249365682602629,0.249365682602629
phase_003,100,7,0.2562279151943463,0.2509890528649622,0.2509890528649622
phase_003,100,9,0.251393581081081,0.2507816640169582,0.2507816640169582
phase_003,100,10,0.2500870473537604,0.2498762562127915,0.2498762562127915
phase_003,100,11,0.2471457353928811,0.2510518310749416,0.2510518310749416
phase_003,100,12,0.2445652173913043,0.2510428084277189,0.2510428084277189
phase_003,100,15,0.2553686471009305,0.2494605036001515,0.2494605036001515
phase_003,100,14,0.248864401076716,0.2496767212941704,0.2496767212941704
phase_003,100,13,0.2502538930264049,0.2513557555723711,0.2513557555723711
phase_003,100,16,0.2509159106769016,0.2487984551810954,0.2487984551810954
phase_003,100,17,0.2466695501730103,0.2493902232173146,0.2493902232173146
phase_003,100,19,0.2473880597014925,0.2498582455370208,0.2498582455370208
phase_003,100,18,0.2435255524861878,0.2499856123388582,0.2499856123388582
phase_003,100,20,0.2495999288762446,0.2494613421471006,0.2494613421471006
phase_003,100,21,0.247280670470756,0.2497683631227098,0.2497683631227098
phase_004,50,1,0.2500438288920056,0.2502621304887258,0.2502621304887258
phase_004,50,0,0.2522791023842917,0.2508133630920272,0.2508133630920272
phase_004,50,2,0.2498027699859747,0.2499393138418384,0.2499393138418384
phase_004,50,3,0.2484665264633719,0.2503311291757664,0.2503311291757664
phase_004,50,4,0.2475061253062653,0.2506259928381035,0.2506259928381035
phase_004,50,5,0.2501530790762771,0.2504701714485654,0.2504701714485654
phase_003,100,22,0.2500782227784731,0.2499907973201796,0.2499907973201796
phase_003,100,23,0.2489680545585068,0.2495539673155694,0.2495539673155694
phase_003,100,25,0.2517791970802919,0.2502549377415199,0.2502549377415199
phase_003,100,24,0.2489604989604989,0.2492483999836941,0.2492483999836941
phase_003,100,26,0.2550238419618528,0.2506453023988886,0.2506453023988886
phase_003,100,29,0.2511387526278907,0.2498308188026437,0.2498308188026437
phase_003,100,27,0.2502287701317716,0.2503929463439841,0.2503929463439841
phase_003,100,28,0.249004142766093,0.2517027206038565,0.2517027206038565
phase_004,50,6,0.2478576425323539,0.2501874983184007,0.2501874983184007
phase_004,50,7,0.2488113762102351,0.2493292172039578,0.2493292172039578
phase_004,50,8,0.2505315379163714,0.250201882189391,0.250201882189391
phase_004,50,9,0.2485815293296089,0.2499286568006016,0.2499286568006016
phase_004,50,10,0.2543579187105816,0.2494769486820117,0.2494769486820117
phase_004,50,12,0.247036354056902,0.249413181216395,0.249413181216395
phase_004,50,11,0.2479873993699685,0.2491560876120729,0.2491560876120729
phase_004,50,14,0.2536803364879074,0.2498045242524737,0.2498045242524737
phase_004,50,13,0.2471491228070175,0.2504116059379217,0.2504116059379217
phase_004,50,15,0.2538309982486865,0.250000841977637,0.250000841977637
phase_004,50,16,0.2510964912280701,0.2500312078272604,0.2500312078272604
phase_004,50,17,0.2482912723449001,0.2502005311547898,0.2502005311547898
phase_004,50,18,0.2513544215309332,0.2501411555937945,0.2501411555937945
phase_004,50,19,0.2508784258608573,0.2503201186550624,0.2503201186550624
phase_004,50,20,0.2495381773399014,0.2502681278081524,0.2502681278081524
phase_004,50,21,0.2501529185599441,0.2501554391955475,0.2501554391955475
phase_004,50,22,0.2473756175017643,0.2506251357146735,0.2506251357146735
phase_004,50,23,0.24851554313657,0.2495424044170988,0.2495424044170988
phase_004,50,24,0.2513265483646485,0.2495115357850222,0.2495115357850222
phase_004,50,25,0.2499566122874002,0.249223193068646,0.249223193068646
phase_004,50,26,0.2495409233997901,0.2501118263513332,0.2501118263513332
phase_004,50,28,0.2472977684797768,0.2501248860100847,0.2501248860100847
phase_004,50,29,0.2453387605042016,0.2504056911226029,0.2504056911226029
phase_004,50,27,0.250043630017452,0.2502844341522351,0.2502844341522351
phase_004,100,0,0.250299815498155,0.2496866181897113,0.2496866181897113
phase_004,100,2,0.2526301218161683,0.2504166395240266,0.2504166395240266
phase_004,100,1,0.2547161172161172,0.2502482403217697,0.2502482403217697
phase_004,100,3,0.2464344865660655,0.2505322335043697,0.2505322335043697
phase_004,100,4,0.2469378427787934,0.2507102018138151,0.2507102018138151
phase_004,100,5,0.2491380916884085,0.2503462249603531,0.2503462249603531
phase_004,100,6,0.2506670960618329,0.2497023100738271,0.2497023100738271
phase_004,100,7,0.246679186515207,0.2499510522420767,0.2499510522420767
phase_004,100,8,0.2486658078763342,0.2497230581595906,0.2497230581595906
phase_004,100,9,0.2515249537892791,0.2499592258345112,0.2499592258345112
phase_004,100,10,0.2528283664459161,0.2499440909549986,0.2499440909549986
phase_004,100,11,0.2504445900411831,0.249994494240976,0.249994494240976
phase_004,100,12,0.2494301604668125,0.2499258091274438,0.2499258091274438
phase_004,100,13,0.247114685568884,0.2494525163755069,0.2494525163755069
phase_004,100,14,0.2454866202346041,0.2501482447817837,0.2501482447817837
phase_004,100,16,0.249721706864564,0.2502250900360144,0.2502250900360144
phase_004,100,17,0.2490945393759286,0.2505749606677738,0.2505749606677738
phase_004,100,15,0.2544348939283101,0.2498072564797682,0.2498072564797682
phase_005,50,0,0.2504514446227929,0.24920900728485,0.24920900728485
phase_005,50,1,0.2452605433901054,0.2504094141867864,0.2504094141867864
phase_005,50,3,0.2501856960950764,0.2496224859605589,0.2496224859605589
phase_005,50,2,0.2446496013428451,0.2493856725523741,0.2493856725523741
phase_004,100,18,0.2515215787532276,0.2499660967300974,0.2499660967300974
phase_005,50,4,0.2503226767275615,0.2500782825197043,0.2500782825197043
phase_005,50,5,0.2477240896358543,0.2493343491242651,0.2493343491242651
phase_004,100,19,0.2515602055800294,0.2506442371368518,0.2506442371368518
phase_004,100,20,0.2512151504035216,0.2497855616934962,0.2497855616934962
phase_004,100,21,0.2509115557217651,0.2500261230146509,0.2500261230146509
phase_004,100,22,0.2468773131014063,0.2494357846765649,0.2494357846765649
phase_004,100,23,0.249631947000368,0.2496251813202277,0.2496251813202277
phase_004,100,24,0.2452563865235098,0.2499659712089204,0.2499659712089204
phase_004,100,26,0.2515889830508475,0.2496789522736139,0.2496789522736139
phase_004,100,25,0.2511684384164223,0.2490656086481513,0.2490656086481513
phase_004,100,27,0.247328279137742,0.2507034143580706,0.2507034143580706
phase_004,100,29,0.2490292159763313,0.2504518541884208,0.2504518541884208
phase_004,100,28,0.2525794375456537,0.2488564180237471,0.2488564180237471
phase_005,50,6,0.250472490550189,0.2483997916195522,0.2483997916195522
phase_005,50,7,0.2512413862991488,0.2514577032209784,0.2514577032209784
phase_005,50,8,0.2502021018593371,0.2484686897580996,0.2484686897580996
phase_005,50,9,0.2458588957055214,0.2487503932672644,0.2487503932672644
phase_005,50,11,0.2518747466558573,0.2494514124910355,0.2494514124910355
phase_005,50,10,0.2499752279032897,0.2490215021799444,0.2490215021799444
phase_005,50,12,0.247428487460815,0.2500697040028936,0.2500697040028936
phase_005,50,14,0.2519877214170692,0.2504258020562368,0.2504258020562368
phase_005,50,13,0.2527425523349436,0.2502061269044965,0.2502061269044965
phase_005,50,15,0.251268262987013,0.2496692760364635,0.2496692760364635
phase_005,50,16,0.252625,0.2502894230769231,0.2502894230769231
phase_005,50,17,0.2564646565495208,0.2500931202383878,0.2500931202383878
phase_005,50,18,0.2480616302186878,0.2498336901666921,0.2498336901666921
phase_005,50,19,0.248769987699877,0.250017740562021,0.250017740562021
phase_005,50,20,0.2480058562197092,0.2493087486019634,0.2493087486019634
phase_005,50,21,0.2472187886279357,0.2498643069950239,0.2498643069950239
phase_005,50,22,0.2530126633986928,0.2487244296757164,0.2487244296757164
phase_005,50,23,0.2495111156854672,0.2500900576368876,0.2500900576368876
phase_005,50,24,0.2517388712241653,0.2500621025437202,0.2500621025437202
phase_005,50,25,0.2522968558595345,0.2502404827716179,0.2502404827716179
phase_005,50,26,0.2504079967360261,0.2489260662837774,0.2489260662837774
phase_005,50,27,0.2467754937525191,0.2491929045360121,0.2491929045360121
phase_005,50,29,0.2506137479541734,0.2496960767342314,0.2496960767342314
phase_005,50,28,0.2498725530179445,0.2507695836993349,0.2507695836993349
phase_005,100,0,0.253337995930824,0.2502973340913171,0.2502973340913171
phase_005,100,1,0.2550245098039215,0.2500624759707804,0.2500624759707804
phase_005,100,2,0.2506015704154002,0.250222872837078,0.250222872837078
phase_005,100,3,0.2497929484145764,0.2506559533420562,0.2506559533420562
phase_005,100,4,0.2535237388724035,0.2494545295863152,0.2494545295863152
phase_005,100,5,0.2530257186081694,0.2506408640107581,0.2506408640107581
phase_005,100,6,0.2536801397205588,0.2503393947399319,0.2503393947399319
phase_005,100,7,0.2520580040526849,0.2494673401275403,0.2494673401275403
phase_005,100,8,0.2517601126472094,0.2496749595895706,0.2496749595895706
phase_005,100,10,0.2496564217891054,0.2506473478946801,0.2506473478946801
phase_005,100,11,0.250459784207945,0.2495726711479098,0.2495726711479098
phase_005,100,9,0.2493520263901979,0.250395021345013,0.250395021345013
phase_005,100,12,0.2456306990881459,0.2511038103184536,0.2511038103184536
phase_005,100,14,0.2508785140562249,0.250321137491141,0.250321137491141
phase_005,100,13,0.2490118577075099,0.2494417480430907,0.2494417480430907
phase_005,100,15,0.2458893871449925,0.2499566468341197,0.2499566468341197
phase_005,100,16,0.2482134205426356,0.2500908430232558,0.2500908430232558
phase_005,100,17,0.2443271248688352,0.2492323004752793,0.2492323004752793
phase_006,50,0,0.2627245508982035,0.253327959465684,0.253327959465684
phase_006,50,1,0.2747596153846154,0.2542591222879684,0.2542591222879684
phase_006,50,3,0.269493006993007,0.2519768692845616,0.2519768692845616
phase_006,50,2,0.2729365620736698,0.2549421502780984,0.2549421502780984
phase_006,50,4,0.2759683098591549,0.2552647616468039,0.2552647616468039
phase_006,50,5,0.2661928487690504,0.2541510731355397,0.2541510731355397
phase_005,100,18,0.25346546692607,0.2504136625467307,0.2504136625467307
phase_005,100,19,0.2483852583586626,0.250044698730556,0.250044698730556
phase_005,100,20,0.2531575037147102,0.2494094096281405,0.2494094096281405
phase_005,100,22,0.2520141298958849,0.2505103677564234,0.2505103677564234
phase_005,100,21,0.2484726295210166,0.2497652042244072,0.2497652042244072
phase_005,100,23,0.246873482272948,0.2499386957308421,0.2499386957308421
phase_005,100,25,0.2556789815277084,0.2503622017953462,0.2503622017953462
phase_005,100,24,0.254470802919708,0.25034230237107,0.25034230237107
phase_006,50,6,0.2703163771712158,0.2545929566711205,0.2545929566711205
phase_005,100,26,0.2490982587064676,0.2499719539557116,0.2499719539557116
phase_006,50,7,0.2752086230876217,0.2534971113726329,0.2534971113726329
phase_006,50,9,0.2631909547738693,0.2548237984795773,0.2548237984795773
phase_006,50,8,0.2681133428981349,0.2520555126365743,0.2520555126365743
phase_006,50,10,0.2712370801033592,0.2538977092029417,0.2538977092029417
phase_006,50,11,0.2690493468795356,0.2528469353578207,0.2528469353578207
phase_005,100,29,0.2495794513457556,0.2496574716843259,0.2496574716843259
phase_005,100,27,0.2494528836251287,0.2494074483552432,0.2494074483552432
phase_006,50,12,0.2702349869451697,0.2514278720626631,0.2514278720626631
phase_005,100,28,0.2514660124461464,0.2495817259407353,0.2495817259407353
phase_006,50,13,0.2735233516483517,0.2529288620033812,0.2529288620033812
phase_006,50,14,0.2732939632545931,0.2539496264889965,0.2539496264889965
phase_006,50,15,0.2826544943820224,0.2530959647796024,0.2530959647796024
phase_006,50,16,0.2698612862547289,0.2560505383645358,0.2560505383645358
phase_006,50,17,0.2763036809815951,0.2532680509674375,0.2532680509674375
phase_006,50,19,0.2682883522727273,0.2532745574737762,0.2532745574737762
phase_006,50,18,0.2679616384915474,0.2566551215364609,0.2566551215364609
phase_006,50,21,0.2726666666666666,0.2515865384615384,0.2515865384615384
phase_006,50,20,0.2785894660894661,0.2512765012765012,0.2512765012765012
phase_006,50,22,0.2712393422655298,0.2549101705237515,0.2549101705237515
phase_006,50,23,0.2764055676855895,0.2541175050386294,0.2541175050386294
phase_006,50,25,0.2677338957055215,0.2552685523831996,0.2552685523831996
phase_006,50,24,0.2751446015424164,0.2527993375519082,0.2527993375519082
phase_006,50,27,0.2791270380434782,0.2542328595317725,0.2542328595317725
phase_006,50,26,0.268242385786802,0.2553628953533776,0.2553628953533776
phase_006,50,29,0.2674524853801169,0.2523195006747639,0.2523195006747639
phase_006,50,28,0.2792537746806039,0.2541320468149736,0.2541320468149736
phase_006,100,1,0.2482954545454545,0.2473373440285205,0.2473373440285205
phase_006,100,0,0.2552631578947368,0.2485294117647059,0.2485294117647059
phase_006,100,2,0.2506906077348066,0.2531009641425631,0.2531009641425631
phase_006,100,3,0.2346854304635761,0.2526051811453058,0.2526051811453058
phase_006,100,4,0.2475282485875706,0.2509070012185665,0.2509070012185665
phase_006,100,5,0.2437943262411347,0.2542501042970379,0.2542501042970379
phase_006,100,6,0.2582908163265306,0.2505252100840336,0.2505252100840336
phase_006,100,8,0.2538819875776397,0.2465290464011691,0.2465290464011691
phase_006,100,7,0.2513586956521739,0.2515718243819267,0.2515718243819267
phase_006,100,9,0.245,0.2526078431372549,0.2526078431372549
phase_006,100,10,0.2624223602484472,0.2464909876994275,0.2464909876994275
phase_006,100,12,0.2600931677018633,0.2488277919863597,0.2488277919863597
phase_006,100,11,0.2635135135135135,0.2484234234234233,0.2484234234234233
phase_006,100,14,0.2632042253521127,0.2476525821596244,0.2476525821596244
phase_006,100,13,0.2437845303867403,0.2490724190228578,0.2490724190228578
phase_006,100,15,0.2681962025316455,0.2491545668900471,0.2491545668900471
phase_006,100,16,0.2630537974683544,0.2488753412757508,0.2488753412757508
phase_006,100,17,0.2443524096385542,0.2499335577604536,0.2499335577604536
phase_006,100,19,0.2576687116564417,0.2483008540839648,0.2483008540839648
phase_006,100,18,0.251929012345679,0.2468076736867586,0.2468076736867586
phase_006,100,20,0.2555272108843537,0.2512421635320795,0.2512421635320795
phase_006,100,21,0.2471590909090909,0.2498677027629234,0.2498677027629234
phase_006,100,22,0.2531536697247706,0.2492129879474725,0.2492129879474725
phase_007,50,0,0.2503101145038168,0.2505459116265414,0.2505459116265414
phase_007,50,1,0.2485531309297912,0.2490402860896219,0.2490402860896219
phase_007,50,2,0.2494001919385796,0.2503986416654363,0.2503986416654363
phase_007,50,3,0.2468143780905287,0.2496351713140416,0.2496351713140416
phase_007,50,4,0.246083301490256,0.251035206196173,0.251035206196173
phase_007,50,5,0.2476199543031226,0.2488612396742633,0.2488612396742633
phase_006,100,23,0.2542098445595855,0.2494412272681093,0.2494412272681093
phase_006,100,24,0.2515243902439024,0.2445998724693129,0.2445998724693129
phase_006,100,26,0.2605721393034826,0.2558347966052092,0.2558347966052092
phase_006,100,25,0.2438322368421052,0.250298310113519,0.250298310113519
phase_006,100,27,0.257313829787234,0.250697486441385,0.250697486441385
phase_006,100,28,0.2595274390243902,0.2506052725968435,0.2506052725968435
phase_006,100,29,0.2624289772727273,0.2515040106951871,0.2515040106951871
phase_007,50,7,0.2497602608362102,0.2495850668319023,0.2495850668319023
phase_007,50,6,0.2496923513820522,0.2502229997378615,0.2502229997378615
phase_007,50,8,0.2453275529865125,0.2503520082999851,0.2503520082999851
phase_007,50,9,0.2464118198874296,0.2498205007937653,0.2498205007937653
phase_007,50,10,0.2463640684410646,0.2509076118748172,0.2509076118748172
phase_007,50,11,0.2486924686192468,0.2494020101237674,0.2494020101237674
phase_007,50,12,0.2492058144012321,0.2505970276354373,0.2505970276354373
phase_007,50,14,0.2524826455842653,0.2494446957785754,0.2494446957785754
phase_007,50,13,0.2490304578130912,0.2494833959079135,0.2494833959079135
phase_007,50,15,0.2448231845688351,0.2498527144187128,0.2498527144187128
phase_007,50,16,0.2490925167535368,0.2501494572999599,0.2501494572999599
phase_007,50,17,0.2493044896392939,0.2492353075742369,0.2492353075742369
phase_007,50,18,0.2483998493975903,0.2501864428869323,0.2501864428869323
phase_007,50,20,0.2517766744548286,0.2501853432782171,0.2501853432782171
phase_007,50,19,0.2501914975105324,0.2491143240137878,0.2491143240137878
phase_007,50,21,0.2488097460791635,0.2501023295226058,0.2501023295226058
phase_007,50,22,0.2463165399239544,0.2504825972506581,0.2504825972506581
phase_007,50,23,0.2519274163219255,0.2500904041426794,0.2500904041426794
phase_007,50,25,0.2490178229206592,0.2504698971017484,0.2504698971017484
phase_007,50,24,0.250048828125,0.2502694936899038,0.2502694936899038
phase_007,50,27,0.2470839813374805,0.2503355290704629,0.2503355290704629
phase_007,50,26,0.2465131830340084,0.2499228417741983,0.2499228417741983
phase_007,50,28,0.2467068385650224,0.2501769647579625,0.2501769647579625
phase_007,50,29,0.2525519848771266,0.2494937836265813,0.2494937836265813
phase_007,100,0,0.247027705061082,0.2492744370872258,0.2492744370872258
phase_007,100,3,0.252264295067656,0.2501262399329003,0.2501262399329003
phase_007,100,1,0.2488375865051903,0.2504070832485243,0.2504070832485243
phase_007,100,2,0.2509812472743131,0.250444126625792,0.250444126625792
phase_007,100,4,0.2474966622162883,0.2496182273532466,0.2496182273532466
phase_007,100,5,0.2477512066695919,0.2508571440862436,0.2508571440862436
phase_007,100,6,0.2509436056838366,0.2499608191411556,0.2499608191411556
phase_007,100,7,0.24975,0.2504526143790849,0.2504526143790849
phase_007,100,8,0.2478399910233393,0.2503910787833984,0.2503910787833984
phase_007,100,9,0.2502707972270364,0.2496861938016107,0.2496861938016107
phase_007,100,10,0.2482112345151644,0.2502816376443785,0.2502816376443785
phase_007,100,11,0.2538868859846778,0.2500999611200947,0.2500999611200947
phase_007,100,13,0.2502495563442768,0.2494030220783965,0.2494030220783965
phase_007,100,12,0.2449434536755111,0.250834761916946,0.250834761916946
phase_007,100,14,0.2492260061919504,0.2497170694903348,0.2497170694903348
phase_007,100,15,0.2508497807017544,0.2499860251117991,0.2499860251117991
phase_007,100,16,0.2517601698703621,0.249321241683978,0.249321241683978
phase_007,100,17,0.2493798533218291,0.2492905056759545,0.2492905056759545
phase_008,50,0,0.2593222645617855,0.2501073028767639,0.2501073028767639
phase_008,50,2,0.2498673036093418,0.2523464294463498,0.2523464294463498
phase_008,50,1,0.2531609914872308,0.2524531990293132,0.2524531990293132
phase_008,50,3,0.2609960272417707,0.2512496725748712,0.2512496725748712
phase_008,50,4,0.2558227848101266,0.2518975170399221,0.2518975170399221
phase_007,100,18,0.250927542557835,0.2502005931137187,0.2502005931137187
phase_007,100,19,0.249372544740288,0.2492147448241627,0.2492147448241627
phase_008,50,5,0.2542243214475785,0.2532571539689687,0.2532571539689687
phase_007,100,20,0.2511881078691423,0.2502800965655935,0.2502800965655935
phase_007,100,22,0.2477258133561644,0.2511142727639001,0.2511142727639001
phase_007,100,21,0.2473048727899957,0.2507493510556444,0.2507493510556444
phase_007,100,23,0.2516607617360496,0.2502518279233748,0.2502518279233748
phase_007,100,24,0.2505607895917451,0.2504458827048092,0.2504458827048092
phase_007,100,25,0.2487222222222222,0.2501394335511982,0.2501394335511982
phase_007,100,26,0.2520169965576592,0.2503696508723971,0.2503696508723971
phase_007,100,27,0.2493823000898472,0.2502917833800186,0.2502917833800186
phase_007,100,29,0.2470961788970907,0.2499787148902114,0.2499787148902114
phase_007,100,28,0.2473071951744937,0.2500132000236544,0.2500132000236544
phase_008,50,6,0.2512663885578069,0.2518895548730173,0.2518895548730173
phase_008,50,7,0.2604223806911684,0.2512091754926367,0.2512091754926367
phase_008,50,8,0.2597284434490481,0.2520740912223275,0.2520740912223275
phase_008,50,9,0.2604496308016877,0.2512513692794547,0.2512513692794547
phase_008,50,10,0.258136725412166,0.2502118227139546,0.2502118227139546
phase_008,50,11,0.2562315815324165,0.2529953623243162,0.2529953623243162
phase_008,50,12,0.2632211538461538,0.2505909663361586,0.2505909663361586
phase_008,50,14,0.2576799485861182,0.2505784061696658,0.2505784061696658
phase_008,50,13,0.2621449925261584,0.2514995592349853,0.2514995592349853
phase_008,50,15,0.2546375921375921,0.2526979776979777,0.2526979776979777
phase_008,50,16,0.2582015041493776,0.2514113868496649,0.2514113868496649
phase_008,50,17,0.2589143690349947,0.251153489273187,0.251153489273187
phase_008,50,18,0.2626506979695431,0.2513636030847325,0.2513636030847325
phase_008,50,19,0.2512960082944531,0.251754595844798,0.251754595844798
phase_008,50,20,0.2533843623481781,0.2494695966988477,0.2494695966988477
phase_008,50,21,0.2516008174386921,0.2508305386711381,0.2508305386711381
phase_008,50,23,0.2643307322929171,0.2518093775971927,0.2518093775971927
phase_008,50,22,0.2590818077803203,0.2537102842809364,0.2537102842809364
phase_008,50,25,0.2567616959064328,0.2505693319838057,0.2505693319838057
phase_008,50,24,0.2577258320126783,0.2497599963428014,0.2497599963428014
phase_008,50,26,0.2617857142857143,0.2510088522588523,0.2510088522588523
phase_008,50,27,0.2578502415458937,0.2514153079710145,0.2514153079710145
phase_008,50,28,0.254697906755471,0.2514409353729049,0.2514409353729049
phase_008,50,29,0.256568255687974,0.2502239769980832,0.2502239769980832
phase_008,100,0,0.2515316205533597,0.2500930016275285,0.2500930016275285
phase_008,100,1,0.2453227796052631,0.2505039022187822,0.2505039022187822
phase_008,100,3,0.2486645299145299,0.2501539718451483,0.2501539718451483
phase_008,100,4,0.2497384937238493,0.2514541799983592,0.2514541799983592
phase_008,100,2,0.2504384255650818,0.250405949597298,0.250405949597298
phase_008,100,5,0.2489379779099405,0.2502061572292468,0.2502061572292468
phase_008,100,6,0.2516461342395922,0.2491451763373149,0.2491451763373149
phase_008,100,7,0.2557084309133489,0.2509858451577352,0.2509858451577352
phase_008,100,8,0.2563344594594595,0.2503394939056703,0.2503394939056703
phase_008,100,9,0.2554558680892337,0.2499928681462886,0.2499928681462886
phase_008,100,11,0.2522155812036273,0.2495766855794254,0.2495766855794254
phase_008,100,10,0.250764192139738,0.2499304306875588,0.2499304306875588
phase_008,100,13,0.2508152173913043,0.2498374893435635,0.2498374893435635
phase_008,100,12,0.251280487804878,0.250331181252989,0.250331181252989
phase_008,100,14,0.256233303650935,0.2501647809613604,0.2501647809613604
phase_008,100,15,0.2537182852143482,0.2507408694011288,0.2507408694011288
phase_008,100,16,0.2503507295173962,0.2497276688453159,0.2497276688453159
phase_008,100,17,0.2473162675474814,0.2502934699891517,0.2502934699891517
phase_009,50,1,0.2530645921735031,0.2511684891016574,0.2511684891016574
phase_009,50,0,0.2539204250907206,0.2494305040475336,0.2494305040475336
phase_009,50,2,0.2532725572697522,0.2512597996907253,0.2512597996907253
phase_008,100,20,0.2571491745283019,0.2501705281169071,0.2501705281169071
phase_008,100,18,0.2475305738476011,0.2499757899396823,0.2499757899396823
phase_009,50,4,0.2505603902953586,0.2514554933463162,0.2514554933463162
phase_009,50,3,0.2552083333333333,0.2503553053306342,0.2503553053306342
phase_008,100,22,0.2467206790123456,0.248294147906076,0.248294147906076
phase_008,100,21,0.2532080659945004,0.2507615786919717,0.2507615786919717
phase_008,100,19,0.2525231286795626,0.2500577186299246,0.2500577186299246
phase_009,50,5,0.256269769543606,0.2507223487086795,0.2507223487086795
phase_008,100,23,0.2532711581291759,0.2517836477575439,0.2517836477575439
phase_008,100,24,0.257513357079252,0.2512735058404484,0.2512735058404484
phase_008,100,25,0.2496134020618556,0.2502312007277137,0.2502312007277137
phase_008,100,26,0.2448352510460251,0.2512498461727787,0.2512498461727787
phase_008,100,27,0.2526452282157676,0.2491182572614107,0.2491182572614107
phase_008,100,29,0.2484434865900383,0.2500704304710389,0.2500704304710389
phase_008,100,28,0.2479764107308048,0.2502879505178574,0.2502879505178574
phase_009,50,6,0.2519465740297077,0.2495634606170063,0.2495634606170063
phase_009,50,7,0.2503507951356408,0.2501843923148881,0.2501843923148881
phase_009,50,8,0.2571142991533396,0.2499819089659165,0.2499819089659165
phase_009,50,10,0.2552028451001054,0.2511765927697171,0.2511765927697171
phase_009,50,9,0.2511904761904762,0.2500130821559393,0.2500130821559393
phase_009,50,13,0.2541588566073102,0.2519341161415904,0.2519341161415904
phase_009,50,11,0.257008830022075,0.2505317116658176,0.2505317116658176
phase_009,50,12,0.2498566513761468,0.2496526552575864,0.2496526552575864
phase_009,50,14,0.2508109360518999,0.2507518981250445,0.2507518981250445
phase_009,50,15,0.2575509461426492,0.2496885847049602,0.2496885847049602
phase_009,50,16,0.2523584905660377,0.2489366634413804,0.2489366634413804
phase_009,50,17,0.2531834112149532,0.2499045201294033,0.2499045201294033
phase_009,50,18,0.257024843222383,0.2504336895617648,0.2504336895617648
phase_009,50,19,0.2502904275092937,0.2509472404918501,0.2509472404918501
phase_009,50,20,0.2527802995914662,0.2514774433464856,0.2514774433464856
phase_009,50,21,0.2549873154981549,0.249532092676696,0.249532092676696
phase_009,50,22,0.2576340615690168,0.2508199812848521,0.2508199812848521
phase_009,50,23,0.2537020905923345,0.2506688651070184,0.2506688651070184
phase_009,50,24,0.2502843494085532,0.2508836704696577,0.2508836704696577
phase_009,50,25,0.2548781929990539,0.2508209919219852,0.2508209919219852
phase_009,50,26,0.2520346171480972,0.2499008041477092,0.2499008041477092
phase_009,50,27,0.2509765625,0.2501727764423077,0.2501727764423077
phase_009,50,28,0.2520956607495069,0.2493326600667577,0.2493326600667577
phase_009,50,29,0.249195032198712,0.2504201755006723,0.2504201755006723
phase_009,100,0,0.2422607095046854,0.2497760650444916,0.2497760650444916
phase_009,100,1,0.2526077291381668,0.2500025146857648,0.2500025146857648
phase_009,100,2,0.2463455149501661,0.2495146895967689,0.2495146895967689
phase_009,100,3,0.2523834745762712,0.2501832300716897,0.2501832300716897
phase_009,100,4,0.2554137323943662,0.2492923225628279,0.2492923225628279
phase_009,100,5,0.2534881812212738,0.2498133199438672,0.2498133199438672
phase_009,100,6,0.2526720106880427,0.2496676359254456,0.2496676359254456
phase_009,100,7,0.2502918287937743,0.2497997253376059,0.2497997253376059
phase_009,100,8,0.2482661822985468,0.2496349431450255,0.2496349431450255
phase_009,100,9,0.2573807721423164,0.2506985572427305,0.2506985572427305
phase_009,100,11,0.2488807306590258,0.2503441204562054,0.2503441204562054
phase_009,100,10,0.2523148148148148,0.2494459174305641,0.2494459174305641
phase_009,100,12,0.2500412813738441,0.250032377548113,0.250032377548113
phase_009,100,13,0.2491132017273288,0.2509351828331579,0.2509351828331579
phase_009,100,15,0.2464046822742475,0.2496130893829103,0.2496130893829103
phase_009,100,16,0.2544076163610719,0.2503517450703835,0.2503517450703835
phase_009,100,14,0.2506203473945409,0.2496959081399309,0.2496959081399309
phase_009,100,17,0.2537339971550498,0.2503791523721864,0.2503791523721864
phase_010,50,0,0.2471479500891265,0.2502819484437131,0.2502819484437131
phase_009,100,18,0.2509252405625463,0.2500625898027604,0.2500625898027604
phase_009,100,19,0.2477810650887573,0.2496889945984969,0.2496889945984969
phase_010,50,1,0.2543449197860962,0.2491353009735362,0.2491353009735362
phase_009,100,20,0.2457949716713881,0.2503636546686663,0.2503636546686663
phase_009,100,21,0.2496071927374301,0.2509165502793296,0.2509165502793296
phase_009,100,22,0.2490268931351734,0.2499618389464774,0.2499618389464774
phase_010,50,3,0.2498660235798499,0.250115082309616,0.250115082309616
phase_010,50,2,0.2471917685118619,0.2501322028977493,0.2501322028977493
phase_010,50,4,0.2508264832022873,0.2508986501347116,0.2508986501347116
phase_010,50,5,0.2522486772486772,0.2502645502645502,0.2502645502645502
phase_009,100,24,0.2494002741603838,0.2504938918679192,0.2504938918679192
phase_009,100,23,0.2505652454780361,0.2483248467345594,0.2483248467345594
phase_009,100,25,0.2505630630630631,0.2500450818465524,0.2500450818465524
phase_009,100,26,0.2547835633626097,0.2502383324722612,0.2502383324722612
phase_009,100,28,0.2525308853809197,0.2504584023039552,0.2504584023039552
phase_009,100,27,0.251159793814433,0.2499343036183546,0.2499343036183546
phase_009,100,29,0.2482741617357002,0.2500709027858349,0.2500709027858349
phase_010,50,6,0.2485412107950401,0.2495537718117039,0.2495537718117039
phase_010,50,7,0.2488050144300144,0.250911414973915,0.250911414973915
phase_010,50,8,0.2514519299499642,0.2493084002309341,0.2493084002309341
phase_010,50,9,0.2502699784017279,0.2497862670986321,0.2497862670986321
phase_010,50,10,0.2484958692528735,0.2504075486295314,0.2504075486295314
phase_010,50,12,0.2507589285714285,0.2509915865384615,0.2509915865384615
phase_010,50,11,0.2490469858156028,0.2499445921985816,0.2499445921985816
phase_010,50,13,0.2551418439716312,0.249895151391162,0.249895151391162
phase_010,50,14,0.2468121408045977,0.2484984596043324,0.2484984596043324
phase_010,50,15,0.2498454609678558,0.2506580645599544,0.2506580645599544
phase_010,50,16,0.2521012160228898,0.2503146665566194,0.2503146665566194
phase_010,50,17,0.2550256818986893,0.2495750906019237,0.2495750906019237
phase_010,50,18,0.2488940050559769,0.2496987596188571,0.2496987596188571
phase_010,50,19,0.247702533904354,0.2503791934332619,0.2503791934332619
phase_010,50,20,0.251249107780157,0.2502230549607423,0.2502230549607423
phase_010,50,22,0.2498668323863636,0.2505454750327797,0.2505454750327797
phase_010,50,21,0.248669741042923,0.2503931085764183,0.2503931085764183
phase_010,50,23,0.2479269583627381,0.2494673199066283,0.2494673199066283
phase_010,50,24,0.2501564175902753,0.2498556145320535,0.2498556145320535
phase_010,50,25,0.2471663039535727,0.2493103219776234,0.2493103219776234
phase_010,50,26,0.2460811537083482,0.24954351900339,0.24954351900339
phase_010,50,27,0.2468193950177936,0.250331918970709,0.250331918970709
phase_010,50,28,0.2498653500897666,0.2502796575058693,0.2502796575058693
phase_010,50,29,0.2526183970856102,0.2491242819111671,0.2491242819111671
phase_010,100,0,0.2504651390520955,0.2497052679277743,0.2497052679277743
phase_010,100,1,0.2473265895953757,0.2506403717556386,0.2506403717556386
phase_010,100,2,0.2479110641567422,0.2499270261312362,0.2499270261312362
phase_010,100,5,0.2498331426392067,0.250005608650783,0.250005608650783
phase_010,100,3,0.25,0.2494527714932126,0.2494527714932126
phase_010,100,7,0.2498793436293436,0.2501088273147096,0.2501088273147096
phase_010,100,4,0.2482830980541777,0.2500051432247832,0.2500051432247832
phase_010,100,6,0.2540642722117202,0.2486934282219504,0.2486934282219504
phase_010,100,8,0.2447936752795989,0.2494924116966493,0.2494924116966493
phase_010,100,10,0.2511662223914699,0.2499164650627958,0.2499164650627958
phase_010,100,9,0.2504099151234568,0.2506080171266037,0.2506080171266037
phase_010,100,11,0.2478780864197531,0.2502732767489711,0.2502732767489711
phase_010,100,12,0.2488234729158663,0.2499392669092223,0.2499392669092223
phase_010,100,13,0.2514777131782946,0.2500498746010032,0.2500498746010032
phase_010,100,14,0.2491644385026738,0.2497781198040713,0.2497781198040713
phase_010,100,15,0.2499523990860624,0.2506463457431716,0.2506463457431716
phase_010,100,16,0.2499279677295428,0.249693509751192,0.249693509751192
phase_010,100,17,0.2490022805017104,0.2499017185741647,0.2499017185741647
phase_011,50,0,0.2509278644842025,0.249795943017774,0.249795943017774
phase_011,50,1,0.2470181297709923,0.2504532442748091,0.2504532442748091
phase_011,50,2,0.2477533460803059,0.2499797764377114,0.2499797764377114
phase_011,50,3,0.2460664335664335,0.249832832765525,0.249832832765525
phase_010,100,18,0.2518888027896164,0.2504225828262339,0.2504225828262339
phase_010,100,19,0.2515685328185328,0.250118290559467,0.250118290559467
phase_011,50,4,0.248133270321361,0.250291733313945,0.250291733313945
phase_011,50,5,0.2451084940652819,0.249596089648482,0.249596089648482
phase_010,100,20,0.2515577070552147,0.2499511307590521,0.2499511307590521
phase_010,100,21,0.2495230827928271,0.2493762671035602,0.2493762671035602
phase_010,100,22,0.2519267822736031,0.2496401450753712,0.2496401450753712
phase_010,100,23,0.2486020053991515,0.2505222393623859,0.2505222393623859
phase_010,100,25,0.2515168654874537,0.2506261039998064,0.2506261039998064
phase_010,100,24,0.2544235159817352,0.2498269951055003,0.2498269951055003
phase_010,100,26,0.2480204712244109,0.2496260574527223,0.2496260574527223
phase_010,100,27,0.2512480422866092,0.249660758978611,0.249660758978611
phase_010,100,28,0.2519471153846154,0.2501244343891403,0.2501244343891403
phase_010,100,29,0.2506063251843228,0.2502339701887739,0.2502339701887739
phase_011,50,6,0.2486926605504587,0.2498209244883556,0.2498209244883556
phase_011,50,7,0.246799628942486,0.2481696874554017,0.2481696874554017
phase_011,50,8,0.2485262852725164,0.2499739823377241,0.2499739823377241
phase_011,50,9,0.2478335818114051,0.2506854052581783,0.2506854052581783
phase_011,50,10,0.2477167896678966,0.249523665909736,0.249523665909736
phase_011,50,12,0.2484155616224649,0.2503328258130325,0.2503328258130325
phase_011,50,11,0.2530398832684825,0.2493274842861418,0.2493274842861418
phase_011,50,13,0.2547950357277171,0.2501591112911158,0.2501591112911158
phase_011,50,15,0.2524613899613899,0.2504185847935848,0.2504185847935848
phase_011,50,14,0.2460250654695099,0.2491195789806901,0.2491195789806901
phase_011,50,17,0.2469114785992218,0.2497119126010177,0.2497119126010177
phase_011,50,16,0.2436176248108925,0.2512491999301757,0.2512491999301757
phase_011,50,19,0.2481932293647774,0.2489585466834421,0.2489585466834421
phase_011,50,18,0.2502535029498525,0.2490072611754027,0.2490072611754027
phase_011,50,20,0.2519012321909896,0.2495158985219632,0.2495158985219632
phase_011,50,21,0.2478682170542635,0.2494586687537268,0.2494586687537268
phase_011,50,22,0.2498108925869894,0.2504736777027813,0.2504736777027813
phase_011,50,23,0.2507482229704452,0.2487283806728251,0.2487283806728251
phase_011,50,24,0.250493485984998,0.2498035546175104,0.2498035546175104
phase_011,50,25,0.2505834305717619,0.248917287496634,0.248917287496634
phase_011,50,26,0.249484052532833,0.249155722326454,0.249155722326454
phase_011,50,27,0.2479019022752704,0.2504097566923937,0.2504097566923937
phase_011,50,28,0.2470192307692307,0.2499889053254438,0.2499889053254438
phase_011,50,29,0.2490938661710037,0.250562982556477,0.250562982556477
phase_011,100,0,0.2500832963127499,0.2495769853921133,0.2495769853921133
phase_011,100,2,0.248778863232682,0.2495113276216347,0.2495113276216347
phase_011,100,1,0.2537542301184433,0.2502120243190338,0.2502120243190338
phase_011,100,3,0.2483258928571428,0.2497103007869814,0.2497103007869814
phase_011,100,5,0.2466952690166975,0.2499067808941757,0.2499067808941757
phase_011,100,4,0.2479559748427673,0.2495411476959756,0.2495411476959756
phase_011,100,6,0.2510775862068966,0.2498272692697768,0.2498272692697768
phase_011,100,7,0.2514623050259965,0.2493484937302477,0.2493484937302477
phase_011,100,8,0.2509271378708551,0.2495781362283133,0.2495781362283133
phase_011,100,9,0.2477571115973741,0.2506478740292616,0.2506478740292616
phase_011,100,10,0.2504434589800443,0.2500407590974305,0.2500407590974305
phase_011,100,11,0.2485604085180356,0.2496703266269567,0.2496703266269567
phase_011,100,12,0.2523936170212766,0.2496646850229453,0.2496646850229453
phase_011,100,13,0.2473810563072894,0.2499133437748735,0.2499133437748735
phase_011,100,14,0.2525477707006369,0.2500588027142917,0.2500588027142917
phase_011,100,15,0.25206589958159,0.2514141849208303,0.2514141849208303
phase_011,100,16,0.2491554054054054,0.2499273467015402,0.2499273467015402
phase_011,100,17,0.2502772848269742,0.250148428936792,0.250148428936792
phase_012,50,0,0.2489103362391033,0.2510038477504231,0.2510038477504231
phase_012,50,1,0.2457118834080717,0.2495106071058986,0.2495106071058986
phase_012,50,2,0.2470352564102564,0.2501119740302432,0.2501119740302432
phase_011,100,19,0.2474978002639683,0.2498183061169914,0.2498183061169914
phase_011,100,18,0.2526953458582408,0.2503777984293632,0.2503777984293632
phase_012,50,3,0.2499463749463749,0.2498133435633436,0.2498133435633436
phase_011,100,20,0.2515872065165309,0.2501374052256264,0.2501374052256264
phase_011,100,23,0.2511160714285714,0.2495825253178194,0.2495825253178194
phase_011,100,22,0.2513900545530843,0.2498200077345247,0.2498200077345247
phase_012,50,4,0.2485940695296523,0.2501779534371559,0.2501779534371559
phase_011,100,24,0.2479022988505747,0.2497932161370295,0.2497932161370295
phase_012,50,5,0.2524921594982078,0.249635976702509,0.249635976702509
phase_011,100,21,0.2492417677642981,0.2504874350086655,0.2504874350086655
phase_011,100,25,0.2494098712446352,0.250042602878061,0.250042602878061
phase_011,100,26,0.2502167316861725,0.2497365222638687,0.2497365222638687
phase_011,100,27,0.2517435622317596,0.250184612471598,0.250184612471598
phase_011,100,28,0.2516403469750889,0.2497274265578117,0.2497274265578117
phase_011,100,29,0.2507196634189548,0.2505003994511888,0.2505003994511888
phase_012,50,6,0.2507079746261894,0.2497124533825938,0.2497124533825938
phase_012,50,7,0.2457310838445807,0.2496401604530438,0.2496401604530438
phase_012,50,11,0.2486544376098418,0.249457127889685,0.249457127889685
phase_012,50,9,0.2510457948040511,0.2499936490194086,0.2499936490194086
phase_012,50,10,0.2494192477876106,0.2495947498298162,0.2495947498298162
phase_012,50,8,0.2490259056444818,0.2502571933121639,0.2502571933121639
phase_012,50,12,0.2492530943235168,0.2495680669096162,0.2495680669096162
phase_012,50,13,0.2493351063829787,0.2488768412438625,0.2488768412438625
phase_012,50,14,0.2487861336946703,0.2494126103120005,0.2494126103120005
phase_012,50,16,0.247831868640148,0.2504792126236391,0.2504792126236391
phase_012,50,15,0.250881445570736,0.25165271044513,0.25165271044513
phase_012,50,18,0.2496834714548803,0.2498118536619917,0.2498118536619917
phase_012,50,17,0.2472321805145508,0.2483585715212665,0.2483585715212665
phase_012,50,19,0.2452999104744852,0.2504583878520763,0.2504583878520763
phase_012,50,20,0.2519178700361011,0.2492612729103027,0.2492612729103027
phase_012,50,21,0.2506193693693693,0.2501862439362439,0.2501862439362439
phase_012,50,22,0.2476871544023819,0.2504110362202663,0.2504110362202663
phase_012,50,23,0.2465166742804933,0.2491873704185261,0.2491873704185261
phase_012,50,24,0.2491857592093441,0.2487969970281291,0.2487969970281291
phase_012,50,25,0.2488611111111111,0.2505074786324786,0.2505074786324786
phase_012,50,27,0.2532677943760984,0.2492807472624037,0.2492807472624037
phase_012,50,26,0.246781914893617,0.2490885842880524,0.2490885842880524
phase_012,50,29,0.2494028662420382,0.2495964425701687,0.2495964425701687
phase_012,50,28,0.2430787714166318,0.2498131569642225,0.2498131569642225
phase_012,100,0,0.245020207852194,0.2500658028800435,0.2500658028800435
phase_012,100,1,0.2514890282131661,0.2490795377712213,0.2490795377712213
phase_012,100,2,0.2512818520820385,0.2498217745768288,0.2498217745768288
phase_012,100,3,0.2532913566113337,0.2501739676981268,0.2501739676981268
phase_012,100,5,0.2528304773561811,0.2498035015719874,0.2498035015719874
phase_012,100,4,0.2494553376906318,0.249694962407621,0.249694962407621
phase_012,100,7,0.2487036026200873,0.2500334467848275,0.2500334467848275
phase_012,100,6,0.2488584474885844,0.2506590662647606,0.2506590662647606
phase_012,100,8,0.251627972819932,0.2500666178136033,0.2500666178136033
phase_012,100,9,0.2465548440979955,0.2493033265644788,0.2493033265644788
phase_012,100,10,0.2568947525342874,0.2505458802483426,0.2505458802483426
phase_012,100,11,0.2462088388214904,0.2508686750263363,0.2508686750263363
phase_012,100,12,0.2526554802955665,0.2499396310248237,0.2499396310248237
phase_012,100,13,0.2468171296296296,0.2499567390613652,0.2499567390613652
phase_012,100,14,0.2504432624113475,0.2505280037546933,0.2505280037546933
phase_012,100,17,0.2508650519031142,0.2499547685279417,0.2499547685279417
phase_012,100,15,0.2480532786885246,0.2507660987892425,0.2507660987892425
phase_012,100,16,0.247229609929078,0.2494336091410559,0.2494336091410559
phase_013,50,0,0.2521133592017738,0.2488913525498891,0.2488913525498891
phase_013,50,1,0.2526096033402922,0.2499665435469193,0.2499665435469193
phase_012,100,19,0.252906976744186,0.2502849977200182,0.2502849977200182
phase_012,100,18,0.248359854829704,0.2497044043748152,0.2497044043748152
phase_013,50,2,0.2550433634992458,0.2494343891402715,0.2494343891402715
phase_012,100,21,0.2519463667820069,0.2493830144514553,0.2493830144514553
phase_012,100,20,0.245014245014245,0.2501417518574381,0.2501417518574381
phase_013,50,3,0.2586348684210526,0.2507432945344129,0.2507432945344129
phase_013,50,4,0.2565866510538642,0.2513848856061971,0.2513848856061971
phase_013,50,5,0.2524233896185116,0.2496933179390965,0.2496933179390965
phase_012,100,22,0.2483956075299486,0.2515547576703242,0.2515547576703242
phase_012,100,24,0.2504243041412084,0.2500391025385035,0.2500391025385035
phase_012,100,23,0.2505691519635742,0.2512499023513788,0.2512499023513788
phase_012,100,26,0.2479770017035775,0.2497091113560699,0.2497091113560699
phase_012,100,25,0.2498405612244898,0.2495516956782713,0.2495516956782713
phase_012,100,27,0.2432697904540163,0.2502261236275651,0.2502261236275651
phase_012,100,28,0.2511008522727272,0.2506545231729055,0.2506545231729055
phase_012,100,29,0.2516025641025641,0.2514233111659582,0.2514233111659582
phase_013,50,6,0.2525316455696202,0.2509569741966894,0.2509569741966894
phase_013,50,7,0.252573734001113,0.2500441440862977,0.2500441440862977
phase_013,50,8,0.2596031746031746,0.2493605006105006,0.2493605006105006
phase_013,50,9,0.2589336560364464,0.2499137572279656,0.2499137572279656
phase_013,50,10,0.2554602888086643,0.2519143987781171,0.2519143987781171
phase_013,50,12,0.2584446190102121,0.2516504018369689,0.2516504018369689
phase_013,50,13,0.2535116792929293,0.2498467244560994,0.2498467244560994
phase_013,50,14,0.258464005702067,0.2509115083063764,0.2509115083063764
phase_013,50,11,0.2560240963855422,0.2502730703031908,0.2502730703031908
phase_013,50,16,0.250438596491228,0.2497568038686459,0.2497568038686459
phase_013,50,18,0.2534987277353689,0.2522616338813858,0.2522616338813858
phase_013,50,15,0.2559139089968976,0.2501988704160369,0.2501988704160369
phase_013,50,17,0.2542628541448058,0.2499936940027443,0.2499936940027443
phase_013,50,19,0.2537568306010929,0.2492074751296063,0.2492074751296063
phase_013,50,20,0.2575394105551747,0.2521731823693783,0.2521731823693783
phase_013,50,21,0.2515975482524778,0.2508689960274467,0.2508689960274467
phase_013,50,22,0.2588739809782608,0.2512705110785952,0.2512705110785952
phase_013,50,23,0.259400406504065,0.2508948114893237,0.2508948114893237
phase_013,50,24,0.2600392512077294,0.2513717600334448,0.2513717600334448
phase_013,50,25,0.2552264808362369,0.2510586974001608,0.2510586974001608
phase_013,50,26,0.2563552461139896,0.2502631152849741,0.2502631152849741
phase_013,50,28,0.2527056277056277,0.2480614623471766,0.2480614623471766
phase_013,50,27,0.2520649779735683,0.250484475601491,0.250484475601491
phase_013,50,29,0.2558999370673379,0.2509197850607542,0.2509197850607542
phase_013,100,1,0.2584866751269035,0.2498958022295212,0.2498958022295212
phase_013,100,3,0.2485465116279069,0.2512786897704818,0.2512786897704818
phase_013,100,4,0.2497960848287112,0.2488664715478361,0.2488664715478361
phase_013,100,5,0.250733137829912,0.2503018802829049,0.2503018802829049
phase_013,100,2,0.2472142857142857,0.2510224089635854,0.2510224089635854
phase_013,100,0,0.2523452157598499,0.2491941194864437,0.2491941194864437
phase_013,100,7,0.2508162313432835,0.2483378146034533,0.2483378146034533
phase_013,100,6,0.2498,0.2478039215686275,0.2478039215686275
phase_013,100,8,0.2601293103448276,0.2500697261663286,0.2500697261663286
phase_013,100,9,0.2510200296735905,0.2507691132832955,0.2507691132832955
phase_013,100,10,0.2506978908188585,0.2504713423831071,0.2504713423831071
phase_013,100,11,0.2505597014925373,0.2514138864501024,0.2514138864501024
phase_013,100,12,0.2502741228070175,0.2510839496617361,0.2510839496617361
phase_013,100,13,0.250737660944206,0.2497777812841875,0.2497777812841875
phase_013,100,14,0.2464330024813895,0.2500729820464166,0.2500729820464166
phase_013,100,16,0.2528782894736842,0.2502317950206398,0.2502317950206398
phase_013,100,15,0.2470200752823086,0.2502844613378601,0.2502844613378601
phase_013,100,17,0.2500705417607223,0.2492295733191696,0.2492295733191696
phase_014,50,0,0.27779284164859,0.2540046721174703,0.2540046721174703
phase_014,50,1,0.2717175066312997,0.2520659049173638,0.2520659049173638
phase_014,50,2,0.2659143518518518,0.2534239969135802,0.2534239969135802
phase_014,50,3,0.2721188747731397,0.2501221555214296,0.2501221555214296
phase_013,100,18,0.2528044871794871,0.2483974358974358,0.2483974358974358
phase_014,50,4,0.2714337175792507,0.2543331578363999,0.2543331578363999
phase_013,100,20,0.2435020519835841,0.2502766154341354,0.2502766154341354
phase_013,100,19,0.2517321016166282,0.2500353778924964,0.2500353778924964
phase_013,100,21,0.2474197247706422,0.2497104919949631,0.2497104919949631
phase_013,100,24,0.25475,0.2517320261437908,0.2517320261437908
phase_014,50,5,0.2749779929577465,0.25390625,0.25390625
phase_013,100,23,0.2453653217011995,0.2509889451963992,0.2509889451963992
phase_013,100,22,0.2479579929988331,0.2498784519642162,0.2498784519642162
phase_013,100,25,0.2470854922279792,0.2485014731281113,0.2485014731281113
phase_013,100,26,0.2497644472361809,0.250908340723224,0.250908340723224
phase_013,100,29,0.2453254847645429,0.2490749416109934,0.2490749416109934
phase_013,100,27,0.2517123287671233,0.2504112946548482,0.2504112946548482
phase_013,100,28,0.2475591715976331,0.2493763777700429,0.2493763777700429
phase_014,50,6,0.2597980997624703,0.253602914306596,0.253602914306596
phase_014,50,7,0.269806338028169,0.2539147142470206,0.2539147142470206
phase_014,50,8,0.2754518072289156,0.2500926784059313,0.2500926784059313
phase_014,50,13,0.2566823899371069,0.2521317126269956,0.2521317126269956
phase_014,50,10,0.2710051546391752,0.2516009119746233,0.2516009119746233
phase_014,50,9,0.2709208683473389,0.2531310601163542,0.2531310601163542
phase_014,50,12,0.2851201478743068,0.2528792833783591,0.2528792833783591
phase_014,50,11,0.2679016189290162,0.2551160312290449,0.2551160312290449
phase_014,50,15,0.2752450980392157,0.2528327677224736,0.2528327677224736
phase_014,50,14,0.2791212534059945,0.2522826713477258,0.2522826713477258
phase_014,50,17,0.2683150183150183,0.2563354113834883,0.2563354113834883
phase_014,50,16,0.2669740973312401,0.2506792657891559,0.2506792657891559
phase_014,50,19,0.2648706896551724,0.2543062002652519,0.2543062002652519
phase_014,50,20,0.2730899419729207,0.2564583023359619,0.2564583023359619
phase_014,50,18,0.2667505296610169,0.2545505011408083,0.2545505011408083
phase_014,50,21,0.2700407608695652,0.2522122352285396,0.2522122352285396
phase_014,50,22,0.2724728629579376,0.2556687715269805,0.2556687715269805
phase_014,50,23,0.2740228013029316,0.2547881170132798,0.2547881170132798
phase_014,50,24,0.267530487804878,0.2539086929330831,0.2539086929330831
phase_014,50,25,0.2760135135135135,0.2528586278586278,0.2528586278586278
phase_014,50,27,0.2667795566502463,0.2515275672603259,0.2515275672603259
phase_014,50,26,0.2628373313343328,0.2570169242301926,0.2570169242301926
phase_014,50,28,0.2712525150905432,0.2551220786255997,0.2551220786255997
phase_014,50,29,0.271062271062271,0.2542881797689489,0.2542881797689489
phase_014,100,5,0.2666666666666666,0.2435049019607843,0.2435049019607843
phase_014,100,0,0.2512019230769231,0.2495757918552036,0.2495757918552036
phase_014,100,1,0.2596153846153846,0.2532286953242835,0.2532286953242835
phase_014,100,2,0.2480053191489361,0.2557493742177722,0.2557493742177722
phase_014,100,3,0.2192028985507246,0.2504084967320261,0.2504084967320261
phase_014,100,4,0.2509765625,0.2525467218137255,0.2525467218137255
phase_014,100,8,0.2628424657534247,0.2537100456621005,0.2537100456621005
phase_014,100,7,0.2658045977011494,0.2519720531890917,0.2519720531890917
phase_014,100,6,0.2474798387096774,0.248468137254902,0.248468137254902
phase_014,100,9,0.2711148648648648,0.2519210386857445,0.2519210386857445
phase_014,100,11,0.2589285714285714,0.2530734516028634,0.2530734516028634
phase_014,100,10,0.2746710526315789,0.247828517371861,0.247828517371861
phase_014,100,12,0.2511160714285714,0.2504157913165266,0.2504157913165266
phase_014,100,13,0.2546296296296296,0.2467168966351972,0.2467168966351972
phase_014,100,14,0.2612847222222222,0.2437704248366013,0.2437704248366013
phase_014,100,15,0.2692901234567901,0.2438422900024207,0.2438422900024207
phase_014,100,16,0.2608695652173913,0.2489476768968457,0.2489476768968457
phase_014,100,17,0.2576388888888888,0.2515659041394335,0.2515659041394335
phase_014,100,18,0.2615131578947368,0.2460332817337461,0.2460332817337461
phase_014,100,19,0.2808098591549295,0.2500863021264844,0.2500863021264844
phase_014,100,20,0.245,0.248202614379085,0.248202614379085
phase_014,100,21,0.2536337209302325,0.2481190150478796,0.2481190150478796
phase_014,100,22,0.2646169354838709,0.2471438172043011,0.2471438172043011
phase_014,100,23,0.25,0.2508798391151332,0.2508798391151332
phase_014,100,24,0.2565298507462686,0.2462869476148668,0.2462869476148668
phase_014,100,25,0.2803899082568807,0.2535865263536607,0.2535865263536607
phase_014,100,26,0.2921875,0.2486825980392157,0.2486825980392157
phase_015,50,0,0.2470415672235481,0.249879520837158,0.249879520837158
phase_015,50,1,0.2439636327503974,0.2495681484652072,0.2495681484652072
phase_015,50,3,0.2466885690446391,0.2481888418215076,0.2481888418215076
phase_015,50,2,0.2456604572396274,0.2497241988536442,0.2497241988536442
phase_015,50,4,0.2443569422150882,0.2499218653537473,0.2499218653537473
phase_014,100,27,0.2430555555555555,0.252859477124183,0.252859477124183
phase_015,50,5,0.2503249566724437,0.2495219387415011,0.2495219387415011
phase_014,100,28,0.2359154929577464,0.2504832919083126,0.2504832919083126
phase_014,100,29,0.2630208333333333,0.2474298747276689,0.2474298747276689
phase_015,50,6,0.2461097461097461,0.2488600926100926,0.2488600926100926
phase_015,50,7,0.2475735594605639,0.250639519348653,0.250639519348653
phase_015,50,8,0.2466015293118096,0.2505933027253121,0.2505933027253121
phase_015,50,9,0.2466318881685575,0.2505395991771599,0.2505395991771599
phase_015,50,11,0.2462447601304145,0.2503638798323242,0.2503638798323242
phase_015,50,10,0.2467857142857142,0.2484791993720565,0.2484791993720565
phase_015,50,12,0.2472870597870597,0.2496111714861714,0.2496111714861714
phase_015,50,13,0.2480167014613778,0.2495172233820459,0.2495172233820459
phase_015,50,15,0.2507510013351134,0.2509350073602409,0.2509350073602409
phase_015,50,14,0.2466384462151394,0.2498735825927061,0.2498735825927061
phase_015,50,17,0.2519522776572668,0.248934173202069,0.248934173202069
phase_015,50,16,0.2444272610921501,0.2499302638487792,0.2499302638487792
phase_015,50,18,0.2469072164948453,0.2490909992069786,0.2490909992069786
phase_015,50,19,0.2500253961804144,0.2501572609633357,0.2501572609633357
phase_015,50,21,0.2485119047619047,0.2485196653628857,0.2485196653628857
phase_015,50,20,0.2459916864608076,0.2486439110177234,0.2486439110177234
phase_015,50,23,0.2480352591333899,0.2483875645382655,0.2483875645382655
phase_015,50,22,0.2445353802358682,0.2492775753120405,0.2492775753120405
phase_015,50,26,0.2485874200426439,0.249657618500902,0.249657618500902
phase_015,50,25,0.2475391617273497,0.2481558978701231,0.2481558978701231
phase_015,50,27,0.246577248441674,0.2492925457223097,0.2492925457223097
phase_015,50,24,0.2490087646076794,0.2503601756132014,0.2503601756132014
phase_015,50,29,0.2480493462673977,0.2499685705479674,0.2499685705479674
phase_015,50,28,0.2451125592417061,0.2485987057965731,0.2485987057965731
phase_015,100,0,0.2544084186575654,0.2499532947422428,0.2499532947422428
phase_015,100,1,0.246363512778684,0.2496728027807099,0.2496728027807099
phase_015,100,2,0.247608153078203,0.2492502963470468,0.2492502963470468
phase_015,100,3,0.2518505586592179,0.2497795486909848,0.2497795486909848
phase_015,100,4,0.2527895855472901,0.2501360932258131,0.2501360932258131
phase_015,100,5,0.2487899005756148,0.2494254111901171,0.2494254111901171
phase_015,100,6,0.2508980840872805,0.2492773586283901,0.2492773586283901
phase_015,100,7,0.2455791036717062,0.2503361495786219,0.2503361495786219
phase_015,100,9,0.2529989094874591,0.2496899523168046,0.2496899523168046
phase_015,100,8,0.2529008438818565,0.2495992595350376,0.2495992595350376
phase_015,100,10,0.2558772935779816,0.2502677246357258,0.2502677246357258
phase_015,100,11,0.2468598055105348,0.2491366616879058,0.2491366616879058
phase_015,100,12,0.2513339406559083,0.2499374814996274,0.2499374814996274
phase_015,100,15,0.248414376321353,0.2501405556937363,0.2501405556937363
phase_015,100,13,0.2511957083764219,0.2504530638522214,0.2504530638522214
phase_015,100,14,0.2500310481867859,0.2504413712827406,0.2504413712827406
phase_015,100,16,0.2502020474137931,0.250277319979716,0.250277319979716
phase_015,100,17,0.2493202827623708,0.2497101205898346,0.2497101205898346
phase_015,100,18,0.247471743010113,0.2495975784721979,0.2495975784721979
phase_015,100,20,0.2506127450980392,0.2504820862168397,0.2504820862168397
phase_016,50,0,0.2474448897795591,0.2504557191305688,0.2504557191305688
phase_016,50,1,0.2492280876494023,0.249804627643273,0.249804627643273
phase_016,50,3,0.2482718894009216,0.249553873545809,0.249553873545809
phase_015,100,19,0.247861216730038,0.2499114664877357,0.2499114664877357
phase_016,50,2,0.2521960823909531,0.2501388327948303,0.2501388327948303
phase_016,50,4,0.2493055555555555,0.2491121794871794,0.2491121794871794
phase_015,100,21,0.2490491886409736,0.2492903094300601,0.2492903094300601
phase_015,100,22,0.2481449001618996,0.2499246055680771,0.2499246055680771
phase_015,100,23,0.2511901327178303,0.2503988323546383,0.2503988323546383
phase_016,50,5,0.2505972164520149,0.2500139816560672,0.2500139816560672
phase_015,100,24,0.2499332621462894,0.2504436104393706,0.2504436104393706
phase_015,100,26,0.2504008746355685,0.2500057165723432,0.2500057165723432
phase_015,100,25,0.2514758726899384,0.2499666576076016,0.2499666576076016
phase_015,100,27,0.2506738544474393,0.25014534115533,0.25014534115533
phase_015,100,28,0.2533824413710162,0.2502756063339346,0.2502756063339346
phase_015,100,29,0.2522120972002113,0.2496821364573299,0.2496821364573299
phase_016,50,6,0.2472007115948095,0.2501952055897221,0.2501952055897221
phase_016,50,7,0.249526714345814,0.2495337934047442,0.2495337934047442
phase_016,50,8,0.2476307189542483,0.2513637506284565,0.2513637506284565
phase_016,50,10,0.24929718875502,0.2499266295953043,0.2499266295953043
phase_016,50,9,0.2480620155038759,0.2492457944951825,0.2492457944951825
phase_016,50,12,0.2473377281947261,0.2500087767202372,0.2500087767202372
phase_016,50,11,0.2496714516781237,0.2505151793212853,0.2505151793212853
phase_016,50,13,0.2436224489795918,0.2503358591957493,0.2503358591957493
phase_016,50,15,0.245835006021678,0.2497124262730444,0.2497124262730444
phase_016,50,14,0.2481580540976988,0.2509830828235148,0.2509830828235148
phase_016,50,17,0.2469074844074844,0.2494192787462018,0.2494192787462018
phase_016,50,16,0.2509711155378486,0.2503093395648176,0.2503093395648176
phase_016,50,18,0.2460367125573633,0.2502356711915535,0.2502356711915535
phase_016,50,19,0.2464039708265802,0.2497603945892033,0.2497603945892033
phase_016,50,21,0.2438327316486161,0.2497965457126106,0.2497965457126106
phase_016,50,20,0.2515324887617491,0.2498192449152808,0.2498192449152808
phase_016,50,22,0.2513292634895628,0.2495928893870997,0.2495928893870997
phase_016,50,23,0.2495126705653021,0.249551094616884,0.249551094616884
phase_016,50,24,0.2482359858878871,0.2502289826010916,0.2502289826010916
phase_016,50,25,0.2483094669848846,0.249382305244477,0.249382305244477
phase_016,50,26,0.2472222222222222,0.2493965653687875,0.2493965653687875
phase_016,50,27,0.2462234893957583,0.2504530658417213,0.2504530658417213
phase_016,50,28,0.2497159090909091,0.2503655435473617,0.2503655435473617
phase_016,50,29,0.2457191780821918,0.2491883871567594,0.2491883871567594
phase_016,100,0,0.245964617768595,0.2501728093096743,0.2501728093096743
phase_016,100,1,0.2475048685491723,0.250912256333887,0.250912256333887
phase_016,100,4,0.2520348837209302,0.2496960024319805,0.2496960024319805
phase_016,100,2,0.2497910697230181,0.2503248075734591,0.2503248075734591
phase_016,100,5,0.249551282051282,0.2494375314228255,0.2494375314228255
phase_016,100,3,0.2456948458574181,0.2502544249877215,0.2502544249877215
phase_016,100,6,0.2502374169040836,0.2502868787591009,0.2502868787591009
phase_016,100,9,0.2497369805365597,0.2495713040608142,0.2495713040608142
phase_016,100,7,0.2467185221195916,0.2503223092834605,0.2503223092834605
phase_016,100,8,0.2511363636363636,0.249854550406021,0.249854550406021
phase_016,100,10,0.2512861342479177,0.250024017446273,0.250024017446273
phase_016,100,11,0.2493777999004479,0.2500658800105408,0.2500658800105408
phase_016,100,12,0.2443388859968766,0.2498717732798481,0.2498717732798481
phase_016,100,13,0.2493174726989079,0.250133828882567,0.250133828882567
phase_016,100,14,0.2452380952380952,0.2507481325863679,0.2507481325863679
phase_016,100,15,0.2468283582089552,0.2495506535947712,0.2495506535947712
phase_016,100,16,0.2455915457728864,0.2494776800164788,0.2494776800164788
phase_016,100,17,0.2500858909757215,0.2508746283671508,0.2508746283671508
phase_016,100,18,0.2482912723449001,0.2501275746891817,0.2501275746891817
phase_016,100,19,0.248451166180758,0.249506945635397,0.249506945635397
phase_017,50,1,0.2466686221924237,0.2484632468604141,0.2484632468604141
phase_017,50,0,0.2518450184501845,0.2475340618790803,0.2475340618790803
phase_016,100,21,0.2456907894736842,0.2493827399380805,0.2493827399380805
phase_016,100,20,0.2535150468672915,0.2506396490515298,0.2506396490515298
phase_016,100,22,0.255205854355069,0.2510464204720441,0.2510464204720441
phase_016,100,23,0.2500879043600562,0.2508319314598788,0.2508319314598788
phase_017,50,2,0.2464951309603761,0.2465742367102339,0.2465742367102339
phase_016,100,24,0.251269374665954,0.2497773026901835,0.2497773026901835
phase_016,100,28,0.2518768768768769,0.2500677147735971,0.2500677147735971
phase_017,50,3,0.2531019450033535,0.2474784605066295,0.2474784605066295
phase_016,100,25,0.2490987071108901,0.2500353448191807,0.2500353448191807
phase_017,50,4,0.2489922741014444,0.2467563822640242,0.2467563822640242
phase_016,100,26,0.2494375,0.2487040441176471,0.2487040441176471
phase_016,100,27,0.2490588235294117,0.250322952710496,0.250322952710496
phase_017,50,5,0.24890756302521,0.2469755979314802,0.2469755979314802
phase_016,100,29,0.2448651713709677,0.2500413850015813,0.2500413850015813
phase_017,50,6,0.2530600268276324,0.2471415028633338,0.2471415028633338
phase_017,50,7,0.2493290841999329,0.2479759631512399,0.2479759631512399
phase_017,50,8,0.2511306532663316,0.2468536593222522,0.2468536593222522
phase_017,50,9,0.2530431497649429,0.2471538074081727,0.2471538074081727
phase_017,50,10,0.248785594639866,0.2482210733152944,0.2482210733152944
phase_017,50,12,0.2501047954393025,0.2480532231852654,0.2480532231852654
phase_017,50,11,0.2502937227257469,0.2478204805432901,0.2478204805432901
phase_017,50,13,0.2507557944239167,0.2479643613860107,0.2479643613860107
phase_017,50,14,0.2494746133154001,0.2479865565671719,0.2479865565671719
phase_017,50,15,0.2500837240455459,0.2473594724097068,0.2473594724097068
phase_017,50,16,0.2518697478991596,0.2480914673561732,0.2480914673561732
phase_017,50,17,0.2483856088560885,0.2469841044564291,0.2469841044564291
phase_017,50,18,0.2517994643454971,0.2467873606139424,0.2467873606139424
phase_017,50,20,0.2481289942818701,0.2477796967580015,0.2477796967580015
phase_017,50,19,0.2513851578240429,0.2478439647156068,0.2478439647156068
phase_017,50,21,0.2506904921325745,0.2482222644279055,0.2482222644279055
phase_017,50,22,0.2447672471533824,0.2472548173527745,0.2472548173527745
phase_017,50,23,0.2508378016085791,0.2476154877294288,0.2476154877294288
phase_017,50,24,0.2458765907568653,0.2483706012674532,0.2483706012674532
phase_017,50,25,0.2494981599197056,0.2478567246570759,0.2478567246570759
phase_017,50,26,0.2501469106783076,0.2468825876943741,0.2468825876943741
phase_017,50,27,0.252283009383378,0.247633210455764,0.247633210455764
phase_017,50,28,0.2503355704697986,0.2475735673722251,0.2475735673722251
phase_017,50,29,0.2492239932885906,0.2480373967475477,0.2480373967475477
phase_017,100,0,0.2496205733558179,0.2502756836292695,0.2502756836292695
phase_017,100,2,0.2479784366576819,0.2498108913376671,0.2498108913376671
phase_017,100,1,0.2509900572969329,0.2501553031054012,0.2501553031054012
phase_017,100,3,0.2483758015524806,0.2498225665561533,0.2498225665561533
phase_017,100,4,0.2460621630727762,0.2494029451403202,0.2494029451403202
phase_017,100,7,0.2474764468371467,0.2498894914628031,0.2498894914628031
phase_017,100,6,0.2488843044796227,0.2496990965466685,0.2496990965466685
phase_017,100,5,0.2467759608900876,0.2502326200203614,0.2502326200203614
phase_017,100,8,0.2503581058308055,0.2493304618780441,0.2493304618780441
phase_017,100,10,0.2485661268556005,0.2501289989680083,0.2501289989680083
phase_017,100,9,0.2443066801619433,0.2495948109338202,0.2495948109338202
phase_017,100,11,0.2482879607710517,0.249689586690273,0.249689586690273
phase_017,100,14,0.2486087689713322,0.2493308368878748,0.2493308368878748
phase_017,100,13,0.2484126312224856,0.2493994973539703,0.2493994973539703
phase_017,100,16,0.2494089834515366,0.2495459767831482,0.2495459767831482
phase_017,100,17,0.2489446133063154,0.2489719291972107,0.2489719291972107
phase_017,100,15,0.2490102762803234,0.2499962838909148,0.2499962838909148
phase_017,100,12,0.2470689946018893,0.2493202746685718,0.2493202746685718
phase_018,50,2,0.372516835016835,0.2767539173789174,0.2767539173789174
phase_018,50,1,0.3770882551468106,0.2769615319712349,0.2769615319712349
phase_018,50,0,0.3736531986531986,0.2772136428386428,0.2772136428386428
phase_017,100,18,0.251306473364801,0.2502722852458583,0.2502722852458583
phase_018,50,3,0.3778274814314652,0.2759845868176388,0.2759845868176388
phase_018,50,5,0.3728681188787572,0.2765519055412672,0.2765519055412672
phase_018,50,4,0.3719836314546068,0.2761510553233469,0.2761510553233469
phase_017,100,19,0.249010609632873,0.2502988396436378,0.2502988396436378
phase_017,100,22,0.2496632996632996,0.2504332541097246,0.2504332541097246
phase_017,100,21,0.247103349120433,0.249502507362891,0.249502507362891
phase_017,100,20,0.2478949141124957,0.2495488512009721,0.2495488512009721
phase_017,100,23,0.2498734817813765,0.2503791411976396,0.2503791411976396
phase_017,100,25,0.2489042481456507,0.2496628455832771,0.2496628455832771
phase_017,100,24,0.2495778453225261,0.2500980888809425,0.2500980888809425
phase_017,100,26,0.250524857238831,0.250612539271671,0.250612539271671
phase_017,100,28,0.2506340886033141,0.2499680883513365,0.2499680883513365
phase_017,100,27,0.2467349174250084,0.2493498747662193,0.2493498747662193
phase_017,100,29,0.2484554840893703,0.2491711139432076,0.2491711139432076
phase_018,50,6,0.3780446549391069,0.2752542091703966,0.2752542091703966
phase_018,50,7,0.3762673200405542,0.2768980554761224,0.2768980554761224
phase_018,50,8,0.3752958079783637,0.2767746853383263,0.2767746853383263
phase_018,50,9,0.3763284412955465,0.2770051515623378,0.2770051515623378
phase_018,50,10,0.3805190428041793,0.2758630188483576,0.2758630188483576
phase_018,50,13,0.375654782020953,0.2775788338055996,0.2775788338055996
phase_018,50,11,0.3735470013477089,0.2765929530375285,0.2765929530375285
phase_018,50,12,0.3795921806538591,0.2776170892639548,0.2776170892639548
phase_018,50,15,0.3719785327924273,0.276703171321579,0.276703171321579
phase_018,50,14,0.37464019641043,0.2775298588137226,0.2775298588137226
phase_018,50,18,0.374515503875969,0.2759440382670918,0.2759440382670918
phase_018,50,16,0.37405366756393,0.2755970791489802,0.2755970791489802
phase_018,50,17,0.3774443695212407,0.2773159914933347,0.2773159914933347
phase_018,50,19,0.3752957080094626,0.2762075285309486,0.2762075285309486
phase_018,50,21,0.3748526439878747,0.2768422740109335,0.2768422740109335
phase_018,50,20,0.3730593992575093,0.275998533191412,0.275998533191412
phase_018,50,22,0.3775497302764666,0.2773240961668136,0.2773240961668136
phase_018,50,23,0.3755476912706437,0.2780813305333022,0.2780813305333022
phase_018,50,24,0.3741554054054054,0.2758023648648648,0.2758023648648648
phase_018,50,26,0.3757138058448102,0.2763042298648613,0.2763042298648613
phase_018,50,25,0.3783105600539811,0.2771430239800685,0.2771430239800685
phase_018,50,27,0.3787024570851565,0.2767489578748414,0.2767489578748414
phase_018,50,29,0.3748107971745711,0.2765765285000906,0.2765765285000906
phase_018,50,28,0.3753159757330637,0.2759618625392134,0.2759618625392134
phase_018,100,1,0.2583418454204971,0.2445280631830532,0.2445280631830532
phase_018,100,0,0.2620967741935484,0.2435242518059855,0.2435242518059855
phase_018,100,3,0.2571686126373626,0.2444945526287438,0.2444945526287438
phase_018,100,4,0.2586787785738655,0.2435673262822699,0.2435673262822699
phase_018,100,2,0.2597776073619632,0.2441603345496344,0.2441603345496344
phase_018,100,7,0.2565135413095646,0.2436301397487346,0.2436301397487346
phase_018,100,6,0.2587041440217391,0.2433788562979539,0.2433788562979539
phase_018,100,5,0.2578259005145797,0.2441718797295934,0.2441718797295934
phase_018,100,8,0.2581493839835729,0.2439178443451302,0.2439178443451302
phase_018,100,9,0.2588310580204778,0.2441243391554574,0.2441243391554574
phase_018,100,10,0.2574091372282608,0.2446284899829497,0.2446284899829497
phase_018,100,11,0.2542531473290235,0.2428184356423753,0.2428184356423753
phase_018,100,12,0.2582595367847411,0.243972725329914,0.243972725329914
phase_018,100,13,0.2602748468345813,0.2438917364086547,0.2438917364086547
phase_018,100,15,0.2580864828055839,0.2434648868059311,0.2434648868059311
phase_018,100,14,0.2591999658469945,0.2434016895692703,0.2434016895692703
phase_018,100,16,0.2575162282200205,0.2438369608178084,0.2438369608178084
phase_018,100,17,0.2614544372662359,0.2431691734837423,0.2431691734837423
noise_rich_control,50,0,0.2535,0.2496907051282051,0.2496907051282051
noise_rich_control,50,1,0.2483125,0.2502708333333334,0.2502708333333334
noise_rich_control,50,2,0.2481666666666666,0.2499663461538462,0.2499663461538462
noise_rich_control,50,3,0.247875,0.2501346153846154,0.2501346153846154
noise_rich_control,50,4,0.2499375,0.2502524038461538,0.2502524038461538
noise_rich_control,50,5,0.2515833333333333,0.2502668269230769,0.2502668269230769
phase_018,100,20,0.2574297704693388,0.2439166314007617,0.2439166314007617
phase_018,100,21,0.2585005100306018,0.2435571134268055,0.2435571134268055
phase_018,100,18,0.2594424460431654,0.2432037563226729,0.2432037563226729
phase_018,100,19,0.2580658927961761,0.2436976583053843,0.2436976583053843
phase_018,100,22,0.2594335604770017,0.2437869526004609,0.2437869526004609
phase_018,100,23,0.2570629907818368,0.2437817564717932,0.2437817564717932
phase_018,100,25,0.2585595969945355,0.2427558796742741,0.2427558796742741
phase_018,100,24,0.2567688759822343,0.2440986387722154,0.2440986387722154
phase_018,100,27,0.2581179870792247,0.2440733944036642,0.2440733944036642
phase_018,100,26,0.2585032556545579,0.2431506101412463,0.2431506101412463
phase_018,100,28,0.2568111720356408,0.2437973733016167,0.2437973733016167
phase_018,100,29,0.2566971927422116,0.2435390109484396,0.2435390109484396
noise_rich_control,50,6,0.2486666666666666,0.2500224358974359,0.2500224358974359
noise_rich_control,50,7,0.2516041666666667,0.2502451923076923,0.2502451923076923
noise_rich_control,50,8,0.2478125,0.2491586538461538,0.2491586538461538
noise_rich_control,50,9,0.2506666666666666,0.2507540064102563,0.2507540064102563
noise_rich_control,50,10,0.2488958333333333,0.2500288461538461,0.2500288461538461
noise_rich_control,50,11,0.2454166666666666,0.2490713141025641,0.2490713141025641
noise_rich_control,50,12,0.2467291666666666,0.2507828525641025,0.2507828525641025
noise_rich_control,50,14,0.2497083333333333,0.2501562499999999,0.2501562499999999
noise_rich_control,50,16,0.2523125,0.2502892628205128,0.2502892628205128
noise_rich_control,50,15,0.2491666666666666,0.2494527243589743,0.2494527243589743
noise_rich_control,50,13,0.2496458333333333,0.2492708333333333,0.2492708333333333
noise_rich_control,50,17,0.2516875,0.2504078525641025,0.2504078525641025
noise_rich_control,50,19,0.2522916666666667,0.2497283653846153,0.2497283653846153
noise_rich_control,50,18,0.2495,0.2496666666666666,0.2496666666666666
noise_rich_control,50,21,0.2527083333333333,0.2503741987179487,0.2503741987179487
noise_rich_control,50,20,0.2467916666666666,0.2499014423076923,0.2499014423076923
noise_rich_control,50,22,0.2511875,0.2506274038461538,0.2506274038461538
noise_rich_control,50,23,0.2482916666666666,0.2500897435897436,0.2500897435897436
noise_rich_control,50,24,0.2508958333333333,0.2500745192307692,0.2500745192307692
noise_rich_control,50,25,0.2494791666666666,0.2492323717948718,0.2492323717948718
noise_rich_control,50,26,0.2478125,0.250761217948718,0.250761217948718
noise_rich_control,50,28,0.2484375,0.2503621794871795,0.2503621794871795
noise_rich_control,50,27,0.2488541666666666,0.2496161858974359,0.2496161858974359
noise_rich_control,50,29,0.2502708333333333,0.2497956730769231,0.2497956730769231
noise_rich_control,100,0,0.2483958333333333,0.2500147058823529,0.2500147058823529
noise_rich_control,100,4,0.2520208333333333,0.2497741013071895,0.2497741013071895
noise_rich_control,100,1,0.2496458333333333,0.2499910130718954,0.2499910130718954
noise_rich_control,100,3,0.2485625,0.2502238562091503,0.2502238562091503
noise_rich_control,100,2,0.2530625,0.2500175653594771,0.2500175653594771
noise_rich_control,100,6,0.2490208333333333,0.2498778594771241,0.2498778594771241
noise_rich_control,100,5,0.2488541666666666,0.2497205882352941,0.2497205882352941
noise_rich_control,100,7,0.2500208333333333,0.2492830882352941,0.2492830882352941
noise_rich_control,100,8,0.2467916666666666,0.2496866830065359,0.2496866830065359
noise_rich_control,100,9,0.2481666666666666,0.2500837418300654,0.2500837418300654
noise_rich_control,100,10,0.2531666666666666,0.2499395424836601,0.2499395424836601
noise_rich_control,100,11,0.2489791666666666,0.2502741013071896,0.2502741013071896
noise_rich_control,100,12,0.2472916666666666,0.2497222222222222,0.2497222222222222
noise_rich_control,100,13,0.249125,0.2503267973856209,0.2503267973856209
noise_rich_control,100,14,0.2507916666666667,0.2500306372549019,0.2500306372549019
noise_rich_control,100,15,0.2502291666666666,0.249828431372549,0.249828431372549
noise_rich_control,100,16,0.2515208333333333,0.2496074346405228,0.2496074346405228
noise_rich_control,100,17,0.2508958333333333,0.2500212418300653,0.2500212418300653
collapse_attractor_control,50,0,0.0,0.0,0.0
collapse_attractor_control,50,1,0.0,0.0,0.0
collapse_attractor_control,50,2,0.0,0.0,0.0
collapse_attractor_control,50,3,0.0,0.0,0.0
collapse_attractor_control,50,4,0.0,0.0,0.0
collapse_attractor_control,50,5,0.0,0.0,0.0
collapse_attractor_control,50,6,0.0,0.0,0.0
collapse_attractor_control,50,7,0.0,0.0,0.0
collapse_attractor_control,50,8,0.0,0.0,0.0
collapse_attractor_control,50,9,0.0,0.0,0.0
collapse_attractor_control,50,10,0.0,0.0,0.0
collapse_attractor_control,50,11,0.0,0.0,0.0
collapse_attractor_control,50,12,0.0,0.0,0.0
collapse_attractor_control,50,13,0.0,0.0,0.0
collapse_attractor_control,50,14,0.0,0.0,0.0
collapse_attractor_control,50,15,0.0,0.0,0.0
collapse_attractor_control,50,16,0.0,0.0,0.0
collapse_attractor_control,50,17,0.0,0.0,0.0
noise_rich_control,100,18,0.2490833333333333,0.2500428921568627,0.2500428921568627
noise_rich_control,100,19,0.2533541666666666,0.2498002450980392,0.2498002450980392
noise_rich_control,100,21,0.2506458333333333,0.2497949346405228,0.2497949346405228
noise_rich_control,100,20,0.2502083333333333,0.2497128267973856,0.2497128267973856
noise_rich_control,100,22,0.2510416666666666,0.2497720588235294,0.2497720588235294
noise_rich_control,100,24,0.2489166666666666,0.2499395424836601,0.2499395424836601
noise_rich_control,100,23,0.2534583333333333,0.2500661764705882,0.2500661764705882
noise_rich_control,100,25,0.2490833333333333,0.2501895424836601,0.2501895424836601
collapse_attractor_control,50,18,0.0,0.0,0.0
noise_rich_control,100,26,0.2502291666666666,0.2506813725490196,0.2506813725490196
collapse_attractor_control,50,19,0.0,0.0,0.0
collapse_attractor_control,50,20,0.0,0.0,0.0
noise_rich_control,100,27,0.2511875,0.2504207516339869,0.2504207516339869
collapse_attractor_control,50,21,0.0,0.0,0.0
noise_rich_control,100,28,0.2489791666666666,0.2500919117647058,0.2500919117647058
collapse_attractor_control,50,22,0.0,0.0,0.0
collapse_attractor_control,50,23,0.0,0.0,0.0
noise_rich_control,100,29,0.2465833333333333,0.2502320261437908,0.2502320261437908
collapse_attractor_control,50,24,0.0,0.0,0.0
collapse_attractor_control,50,25,0.0,0.0,0.0
collapse_attractor_control,50,28,0.0,0.0,0.0
collapse_attractor_control,50,27,0.0,0.0,0.0
collapse_attractor_control,50,26,0.0,0.0,0.0
collapse_attractor_control,50,29,0.0,0.0,0.0
collapse_attractor_control,100,0,0.0,0.0,0.0
collapse_attractor_control,100,1,0.0,0.0,0.0
collapse_attractor_control,100,2,0.0,0.0,0.0
collapse_attractor_control,100,3,0.0,0.0,0.0
collapse_attractor_control,100,4,0.0,0.0,0.0
collapse_attractor_control,100,5,0.0,0.0,0.0
collapse_attractor_control,100,6,0.0,0.0,0.0
collapse_attractor_control,100,7,0.0,0.0,0.0
collapse_attractor_control,100,8,0.0,0.0,0.0
collapse_attractor_control,100,9,0.0,0.0,0.0
collapse_attractor_control,100,10,0.0,0.0,0.0
collapse_attractor_control,100,11,0.0,0.0,0.0
collapse_attractor_control,100,12,0.0,0.0,0.0
collapse_attractor_control,100,13,0.0,0.0,0.0
collapse_attractor_control,100,14,0.0,0.0,0.0
collapse_attractor_control,100,16,0.0,0.0,0.0
collapse_attractor_control,100,15,0.0,0.0,0.0
collapse_attractor_control,100,17,0.0,0.0,0.0
collapse_attractor_control,100,18,0.0,0.0,0.0
collapse_attractor_control,100,19,0.0,0.0,0.0
collapse_attractor_control,100,20,0.0,0.0,0.0
collapse_attractor_control,100,21,0.0,0.0,0.0
collapse_attractor_control,100,22,0.0,0.0,0.0
collapse_attractor_control,100,23,0.0,0.0,0.0
collapse_attractor_control,100,25,0.0,0.0,0.0
collapse_attractor_control,100,24,0.0,0.0,0.0
collapse_attractor_control,100,26,0.0,0.0,0.0
collapse_attractor_control,100,27,0.0,0.0,0.0
collapse_attractor_control,100,28,0.0,0.0,0.0
collapse_attractor_control,100,29,0.0,0.0,0.0
independent_sites_control,50,1,0.2371101609657947,0.2471495640509725,0.2471495640509725
independent_sites_control,50,0,0.2404055183946488,0.2464553318754823,0.2464553318754823
independent_sites_control,50,2,0.2391440763052209,0.2466556932859643,0.2466556932859643
independent_sites_control,50,3,0.2419132397191574,0.2442415387187202,0.2442415387187202
independent_sites_control,50,4,0.2403251420929455,0.2457998996990973,0.2457998996990973
independent_sites_control,50,5,0.238786334781156,0.2451561656686113,0.2451561656686113
independent_sites_control,50,6,0.238019436997319,0.2419707993916271,0.2419707993916271
independent_sites_control,50,7,0.2378018108651911,0.2461104769643502,0.2461104769643502
independent_sites_control,50,8,0.2390776699029126,0.2441557647240606,0.2441557647240606
independent_sites_control,50,9,0.2363157013726146,0.2441903698076279,0.2441903698076279
independent_sites_control,50,10,0.2414031124497992,0.2469750798064051,0.2469750798064051
independent_sites_control,50,13,0.2384499497823903,0.2470046483479694,0.2470046483479694
independent_sites_control,50,12,0.2391304347826087,0.2447999742732184,0.2447999742732184
independent_sites_control,50,11,0.2384104577347143,0.2458500925235806,0.2458500925235806
independent_sites_control,50,15,0.241519050802139,0.2449536906108597,0.2449536906108597
independent_sites_control,50,14,0.2387675702811245,0.2467216622901863,0.2467216622901863
independent_sites_control,50,16,0.2380185680829709,0.2460850039889852,0.2460850039889852
independent_sites_control,50,17,0.2361459378134403,0.2463327482447342,0.2463327482447342
independent_sites_control,50,18,0.2379759519038076,0.2464552502440779,0.2464552502440779
independent_sites_control,50,19,0.2381231180996988,0.2465410029080989,0.2465410029080989
independent_sites_control,50,20,0.2396077283372365,0.2445859175952852,0.2445859175952852
independent_sites_control,50,21,0.2360321177651388,0.2463769398049257,0.2463769398049257
independent_sites_control,50,22,0.2393042531815137,0.2462694497398114,0.2462694497398114
independent_sites_control,50,23,0.2387750836120401,0.2453707872395163,0.2453707872395163
independent_sites_control,50,24,0.2418450986952157,0.2440969452093573,0.2440969452093573
independent_sites_control,50,25,0.2400886584141853,0.2454271431144968,0.2454271431144968
independent_sites_control,50,26,0.2370653627549314,0.2449383406630147,0.2449383406630147
independent_sites_control,50,28,0.2368729096989966,0.2463500128633908,0.2463500128633908
independent_sites_control,50,27,0.237097855227882,0.2469081898329552,0.2469081898329552
independent_sites_control,50,29,0.2420123787219806,0.2448505095606969,0.2448505095606969
independent_sites_control,100,0,0.2511344537815126,0.2494224748723018,0.2494224748723018
independent_sites_control,100,2,0.2501470094086021,0.2502351326955513,0.2502351326955513
independent_sites_control,100,1,0.2523148148148148,0.2503701227965934,0.2503701227965934
independent_sites_control,100,4,0.2532850404312669,0.2497654722266265,0.2497654722266265
independent_sites_control,100,3,0.249790338812479,0.250104008393025,0.250104008393025
independent_sites_control,100,5,0.2494747899159664,0.2493734552644587,0.2493734552644587
independent_sites_control,100,6,0.2456585570469798,0.2506641498881432,0.2506641498881432
independent_sites_control,100,7,0.2485952700436095,0.2499708118738941,0.2499708118738941
independent_sites_control,100,8,0.2501262201279031,0.2501175579622626,0.2501175579622626
independent_sites_control,100,9,0.2511954697986577,0.2497014409790762,0.2497014409790762
independent_sites_control,100,11,0.2480062122229684,0.2502510238480886,0.2502510238480886
independent_sites_control,100,10,0.2497268907563025,0.2492247487230186,0.2492247487230186
independent_sites_control,100,12,0.249642616885301,0.2487794562830177,0.2487794562830177
independent_sites_control,100,14,0.2484453781512605,0.2505985335310595,0.2505985335310595
independent_sites_control,100,13,0.2510692720563569,0.2513089435707191,0.2513089435707191
independent_sites_control,100,15,0.2538944088918828,0.251515661839003,0.251515661839003
independent_sites_control,100,16,0.2495799731182795,0.2506477473381825,0.2506477473381825
independent_sites_control,100,17,0.2494548809124455,0.2504226111779834,0.2504226111779834
symmetric_transition_control,50,0,0.2593222645617855,0.2501073028767639,0.2501073028767639
independent_sites_control,100,18,0.2494956287827841,0.2502315822092119,0.2502315822092119
symmetric_transition_control,50,2,0.2498673036093418,0.2523464294463498,0.2523464294463498
symmetric_transition_control,50,1,0.2531609914872308,0.2524531990293132,0.2524531990293132
symmetric_transition_control,50,3,0.2609960272417707,0.2512496725748712,0.2512496725748712
independent_sites_control,100,21,0.2495164816683484,0.2498235755789029,0.2498235755789029
independent_sites_control,100,19,0.2460477632021527,0.2512283756422178,0.2512283756422178
independent_sites_control,100,22,0.2510479543930248,0.2512394629213187,0.2512394629213187
independent_sites_control,100,20,0.2527768428138673,0.2506748239517954,0.2506748239517954
symmetric_transition_control,50,4,0.2558227848101266,0.2518975170399221,0.2518975170399221
symmetric_transition_control,50,5,0.2542243214475785,0.2532571539689687,0.2532571539689687
independent_sites_control,100,23,0.2494543317662861,0.2492382866511278,0.2492382866511278
independent_sites_control,100,24,0.2510269953051643,0.2505987723727989,0.2505987723727989
independent_sites_control,100,25,0.2522306397306397,0.2498906549151647,0.2498906549151647
independent_sites_control,100,26,0.2537751677852349,0.2501743650480326,0.2501743650480326
independent_sites_control,100,27,0.2507560483870967,0.2502170138888889,0.2502170138888889
independent_sites_control,100,28,0.2467160660154934,0.2508028219708226,0.2508028219708226
independent_sites_control,100,29,0.2515804113283884,0.2511461597450848,0.2511461597450848
symmetric_transition_control,50,6,0.2512663885578069,0.2518895548730173,0.2518895548730173
symmetric_transition_control,50,8,0.2597284434490481,0.2520740912223275,0.2520740912223275
symmetric_transition_control,50,7,0.2604223806911684,0.2512091754926367,0.2512091754926367
symmetric_transition_control,50,9,0.2604496308016877,0.2512513692794547,0.2512513692794547
symmetric_transition_control,50,10,0.258136725412166,0.2502118227139546,0.2502118227139546
symmetric_transition_control,50,14,0.2576799485861182,0.2505784061696658,0.2505784061696658
symmetric_transition_control,50,12,0.2632211538461538,0.2505909663361586,0.2505909663361586
symmetric_transition_control,50,11,0.2562315815324165,0.2529953623243162,0.2529953623243162
symmetric_transition_control,50,13,0.2621449925261584,0.2514995592349853,0.2514995592349853
symmetric_transition_control,50,16,0.2582015041493776,0.2514113868496649,0.2514113868496649
symmetric_transition_control,50,15,0.2546375921375921,0.2526979776979777,0.2526979776979777
symmetric_transition_control,50,17,0.2589143690349947,0.251153489273187,0.251153489273187
symmetric_transition_control,50,18,0.2626506979695431,0.2513636030847325,0.2513636030847325
symmetric_transition_control,50,19,0.2512960082944531,0.251754595844798,0.251754595844798
symmetric_transition_control,50,20,0.2533843623481781,0.2494695966988477,0.2494695966988477
symmetric_transition_control,50,21,0.2516008174386921,0.2508305386711381,0.2508305386711381
symmetric_transition_control,50,22,0.2590818077803203,0.2537102842809364,0.2537102842809364
symmetric_transition_control,50,23,0.2643307322929171,0.2518093775971927,0.2518093775971927
symmetric_transition_control,50,24,0.2577258320126783,0.2497599963428014,0.2497599963428014
symmetric_transition_control,50,26,0.2617857142857143,0.2510088522588523,0.2510088522588523
symmetric_transition_control,50,27,0.2578502415458937,0.2514153079710145,0.2514153079710145
symmetric_transition_control,50,25,0.2567616959064328,0.2505693319838057,0.2505693319838057
symmetric_transition_control,50,28,0.254697906755471,0.2514409353729049,0.2514409353729049
symmetric_transition_control,50,29,0.256568255687974,0.2502239769980832,0.2502239769980832
symmetric_transition_control,100,1,0.2453227796052631,0.2505039022187822,0.2505039022187822
symmetric_transition_control,100,0,0.2515316205533597,0.2500930016275285,0.2500930016275285
symmetric_transition_control,100,2,0.2504384255650818,0.250405949597298,0.250405949597298
symmetric_transition_control,100,3,0.2486645299145299,0.2501539718451483,0.2501539718451483
symmetric_transition_control,100,4,0.2497384937238493,0.2514541799983592,0.2514541799983592
symmetric_transition_control,100,5,0.2489379779099405,0.2502061572292468,0.2502061572292468
symmetric_transition_control,100,6,0.2516461342395922,0.2491451763373149,0.2491451763373149
symmetric_transition_control,100,7,0.2557084309133489,0.2509858451577352,0.2509858451577352
symmetric_transition_control,100,9,0.2554558680892337,0.2499928681462886,0.2499928681462886
symmetric_transition_control,100,8,0.2563344594594595,0.2503394939056703,0.2503394939056703
symmetric_transition_control,100,10,0.250764192139738,0.2499304306875588,0.2499304306875588
symmetric_transition_control,100,11,0.2522155812036273,0.2495766855794254,0.2495766855794254
symmetric_transition_control,100,12,0.251280487804878,0.250331181252989,0.250331181252989
symmetric_transition_control,100,13,0.2508152173913043,0.2498374893435635,0.2498374893435635
symmetric_transition_control,100,14,0.256233303650935,0.2501647809613604,0.2501647809613604
symmetric_transition_control,100,16,0.2503507295173962,0.2497276688453159,0.2497276688453159
symmetric_transition_control,100,15,0.2537182852143482,0.2507408694011288,0.2507408694011288
symmetric_transition_control,100,17,0.2473162675474814,0.2502934699891517,0.2502934699891517
symmetric_transition_control,100,18,0.2475305738476011,0.2499757899396823,0.2499757899396823
symmetric_transition_control,100,20,0.2571491745283019,0.2501705281169071,0.2501705281169071
symmetric_transition_control,100,22,0.2467206790123456,0.248294147906076,0.248294147906076
symmetric_transition_control,100,19,0.2525231286795626,0.2500577186299246,0.2500577186299246
random_stepwise_relation_control,50,0,0.2450810185185185,0.2493194238987508,0.2493194238987508
random_stepwise_relation_control,50,1,0.2470966312056737,0.2485534301691216,0.2485534301691216
symmetric_transition_control,100,23,0.2532711581291759,0.2517836477575439,0.2517836477575439
symmetric_transition_control,100,21,0.2532080659945004,0.2507615786919717,0.2507615786919717
random_stepwise_relation_control,50,2,0.2494255920820077,0.2501070641977322,0.2501070641977322
random_stepwise_relation_control,50,3,0.2428648843930635,0.2491141896398399,0.2491141896398399
random_stepwise_relation_control,50,4,0.2486965120460266,0.2501123696512046,0.2501123696512046
random_stepwise_relation_control,50,5,0.2458823005698005,0.2481748575498575,0.2481748575498575
symmetric_transition_control,100,25,0.2496134020618556,0.2502312007277137,0.2502312007277137
symmetric_transition_control,100,24,0.257513357079252,0.2512735058404484,0.2512735058404484
symmetric_transition_control,100,26,0.2448352510460251,0.2512498461727787,0.2512498461727787
symmetric_transition_control,100,27,0.2526452282157676,0.2491182572614107,0.2491182572614107
symmetric_transition_control,100,28,0.2479764107308048,0.2502879505178574,0.2502879505178574
symmetric_transition_control,100,29,0.2484434865900383,0.2500704304710389,0.2500704304710389
random_stepwise_relation_control,50,6,0.2480614973262032,0.2490727409845057,0.2490727409845057
random_stepwise_relation_control,50,7,0.2462040014290818,0.2492459532250528,0.2492459532250528
random_stepwise_relation_control,50,8,0.2528041995692749,0.2493175009663703,0.2493175009663703
random_stepwise_relation_control,50,9,0.2494160977362558,0.2495180215041875,0.2495180215041875
random_stepwise_relation_control,50,10,0.2456556789681118,0.2500284224016756,0.2500284224016756
random_stepwise_relation_control,50,11,0.2462357448325017,0.2505405655463567,0.2505405655463567
random_stepwise_relation_control,50,12,0.24375,0.2491116969947615,0.2491116969947615
random_stepwise_relation_control,50,13,0.2498436941764916,0.2488225533844504,0.2488225533844504
random_stepwise_relation_control,50,14,0.2519965900933237,0.2491052446297421,0.2491052446297421
random_stepwise_relation_control,50,15,0.2507332029861358,0.2509553857092073,0.2509553857092073
random_stepwise_relation_control,50,16,0.2482509741409847,0.2516212975830404,0.2516212975830404
random_stepwise_relation_control,50,17,0.2483446671438797,0.2500309729640438,0.2500309729640438
random_stepwise_relation_control,50,18,0.2480924596050269,0.2508476039221102,0.2508476039221102
random_stepwise_relation_control,50,19,0.2499101365923796,0.2486952524470497,0.2486952524470497
random_stepwise_relation_control,50,20,0.2465128755364806,0.2493895812699461,0.2493895812699461
random_stepwise_relation_control,50,21,0.2509378349410504,0.2488526121966636,0.2488526121966636
random_stepwise_relation_control,50,23,0.248241631054131,0.249772285229016,0.249772285229016
random_stepwise_relation_control,50,22,0.2457532906438989,0.2491799044960731,0.2491799044960731
random_stepwise_relation_control,50,24,0.2508637491141035,0.248368757836777,0.248368757836777
random_stepwise_relation_control,50,25,0.2446212660028449,0.2493084240617135,0.2493084240617135
random_stepwise_relation_control,50,27,0.250067228397275,0.2502689135891,0.2502689135891
random_stepwise_relation_control,50,26,0.2463652482269503,0.2501014388979815,0.2501014388979815
random_stepwise_relation_control,50,28,0.250067349137931,0.2477256714190981,0.2477256714190981
random_stepwise_relation_control,50,29,0.2497782114975159,0.2515900529562701,0.2515900529562701
random_stepwise_relation_control,100,0,0.2500482067103741,0.250618652783134,0.250618652783134
random_stepwise_relation_control,100,2,0.2485181644359464,0.2504353653507292,0.2504353653507292
random_stepwise_relation_control,100,1,0.2478769083969465,0.2499270318814548,0.2499270318814548
random_stepwise_relation_control,100,3,0.2528114186851211,0.250713338007252,0.250713338007252
random_stepwise_relation_control,100,4,0.2501911314984709,0.2492214202194639,0.2492214202194639
random_stepwise_relation_control,100,5,0.2488882443928847,0.2498402976813308,0.2498402976813308
random_stepwise_relation_control,100,6,0.2512278505392912,0.2507047984833379,0.2507047984833379
random_stepwise_relation_control,100,7,0.2510088393543428,0.2495280779490889,0.2495280779490889
random_stepwise_relation_control,100,8,0.2536149162861492,0.2510744023636852,0.2510744023636852
random_stepwise_relation_control,100,9,0.2496168582375479,0.249607467508076,0.249607467508076
random_stepwise_relation_control,100,11,0.2512789575289575,0.249802691346809,0.249802691346809
random_stepwise_relation_control,100,10,0.2485746864310148,0.2507089304745083,0.2507089304745083
random_stepwise_relation_control,100,12,0.2491801697530864,0.2518557287884289,0.2518557287884289
random_stepwise_relation_control,100,15,0.2489005736137667,0.2502793086641923,0.2502793086641923
random_stepwise_relation_control,100,17,0.2494259471871412,0.2499165184634895,0.2499165184634895
random_stepwise_relation_control,100,13,0.2489471669218989,0.2489579579917725,0.2489579579917725
random_stepwise_relation_control,100,14,0.2513857033639143,0.2495666749115548,0.2495666749115548
random_stepwise_relation_control,100,16,0.2466300191204589,0.2503186743148502,0.2503186743148502
random_stepwise_relation_control,100,19,0.2548995709828393,0.2492768460738429,0.2492768460738429
random_stepwise_relation_control,100,18,0.2519837476099426,0.2508768230045364,0.2508768230045364
relation_lock_in_control,50,0,0.4746610169491525,0.3183319752281616,0.3183319752281616
random_stepwise_relation_control,100,20,0.2480945121951219,0.2507911510640842,0.2507911510640842
random_stepwise_relation_control,100,21,0.2455203142966653,0.2492174524083301,0.2492174524083301
relation_lock_in_control,50,3,0.4767082061715836,0.317792700263453,0.317792700263453
relation_lock_in_control,50,2,0.4723066531577169,0.3162514937780895,0.3162514937780895
relation_lock_in_control,50,4,0.4741086587436333,0.3161371947237822,0.3161371947237822
relation_lock_in_control,50,1,0.4755315558555518,0.3181481866092058,0.3181481866092058
relation_lock_in_control,50,5,0.4748473023413641,0.3177220641591188,0.3177220641591188
random_stepwise_relation_control,100,22,0.2506689602446483,0.2507087793068298,0.2507087793068298
random_stepwise_relation_control,100,23,0.246104206500956,0.2496311813444306,0.2496311813444306
random_stepwise_relation_control,100,24,0.2478203369905956,0.250388968283238,0.250388968283238
random_stepwise_relation_control,100,25,0.249757845796203,0.2496415168159476,0.2496415168159476
random_stepwise_relation_control,100,26,0.252084930981595,0.2491593550763863,0.2491593550763863
random_stepwise_relation_control,100,28,0.2494272623138602,0.2497145670028224,0.2497145670028224
random_stepwise_relation_control,100,29,0.2507613247049867,0.2496603894698343,0.2496603894698343
random_stepwise_relation_control,100,27,0.2514835375191424,0.2508721999519563,0.2508721999519563
relation_lock_in_control,50,6,0.4752652408218255,0.3170850389926677,0.3170850389926677
relation_lock_in_control,50,7,0.4756744146589752,0.3180458941296233,0.3180458941296233
relation_lock_in_control,50,9,0.4734957627118644,0.3171382007822686,0.3171382007822686
relation_lock_in_control,50,10,0.4782443393038189,0.3159859424961656,0.3159859424961656
relation_lock_in_control,50,8,0.4782534828406388,0.317947247706422,0.317947247706422
relation_lock_in_control,50,11,0.4750801823092505,0.3184122279644731,0.3184122279644731
relation_lock_in_control,50,13,0.4718075236167341,0.3187780610920793,0.3187780610920793
relation_lock_in_control,50,12,0.4786869285472401,0.3188307522988355,0.3188307522988355
relation_lock_in_control,50,15,0.4732895180316818,0.3169495864768867,0.3169495864768867
relation_lock_in_control,50,14,0.4738698164513936,0.3179057940699681,0.3179057940699681
relation_lock_in_control,50,16,0.4726178365547643,0.3172000939040614,0.3172000939040614
relation_lock_in_control,50,17,0.4747555630478759,0.3177664168265989,0.3177664168265989
relation_lock_in_control,50,18,0.4757085020242915,0.316896508097166,0.316896508097166
relation_lock_in_control,50,20,0.4709150050692801,0.3162264083500143,0.3162264083500143
relation_lock_in_control,50,19,0.4746781842818428,0.3170300122472378,0.3170300122472378
relation_lock_in_control,50,21,0.4760167060411744,0.3190097743970508,0.3190097743970508
relation_lock_in_control,50,23,0.4755499153976311,0.3195992776259274,0.3195992776259274
relation_lock_in_control,50,22,0.4756498987170831,0.3176290707941619,0.3176290707941619
relation_lock_in_control,50,24,0.4735422986181328,0.3169439151175753,0.3169439151175753
relation_lock_in_control,50,26,0.4742510155721056,0.3171669118795895,0.3171669118795895
relation_lock_in_control,50,27,0.4776740237691002,0.3153772691654695,0.3153772691654695
relation_lock_in_control,50,25,0.4748774509803921,0.3194409229208925,0.3194409229208925
relation_lock_in_control,50,28,0.4759452356731095,0.316212144925268,0.316212144925268
relation_lock_in_control,50,29,0.4700894363820452,0.3171243412341961,0.3171243412341961
relation_lock_in_control,100,1,0.3280924705065926,0.2633587786259542,0.2633587786259542
relation_lock_in_control,100,0,0.3300302245250431,0.2618561414202986,0.2618561414202986
relation_lock_in_control,100,2,0.3310257749912922,0.262309538932257,0.262309538932257
relation_lock_in_control,100,3,0.329828861369109,0.2632847858785757,0.2632847858785757
relation_lock_in_control,100,4,0.3287715517241379,0.2629094827586207,0.2629094827586207
relation_lock_in_control,100,5,0.332105719237435,0.2633070819315594,0.2633070819315594
relation_lock_in_control,100,6,0.3317967409948542,0.2630389634412942,0.2630389634412942
relation_lock_in_control,100,7,0.3272173236514523,0.2627989992677569,0.2627989992677569
relation_lock_in_control,100,8,0.3306570290858726,0.2636819530443756,0.2636819530443756
relation_lock_in_control,100,9,0.3267672413793103,0.263464756592292,0.263464756592292
relation_lock_in_control,100,11,0.3254856052722858,0.2638612590370869,0.2638612590370869
relation_lock_in_control,100,10,0.3310973512211902,0.2637017139157004,0.2637017139157004
relation_lock_in_control,100,12,0.327515533310321,0.2621880647322788,0.2621880647322788
relation_lock_in_control,100,14,0.3317307692307692,0.2641653248270895,0.2641653248270895
relation_lock_in_control,100,15,0.3311170212765957,0.2618785074084541,0.2618785074084541
relation_lock_in_control,100,13,0.330532999308915,0.2629328597368456,0.2629328597368456
relation_lock_in_control,100,16,0.3277271163110805,0.2640627741117093,0.2640627741117093
relation_lock_in_control,100,17,0.3276905252317199,0.2632637332310198,0.2632637332310198
relation_lock_in_control,100,18,0.3296939477303989,0.2616733419640208,0.2616733419640208
relation_lock_in_control,100,21,0.330968352253182,0.2633699420600713,0.2633699420600713
relation_lock_in_control,100,19,0.3285893227366966,0.263331758066046,0.263331758066046
relation_lock_in_control,100,20,0.3320648434812521,0.2634395003271346,0.2634395003271346
relation_lock_in_control,100,22,0.3286069225496916,0.262403993468532,0.262403993468532
relation_lock_in_control,100,23,0.3261104389906671,0.2631868336688287,0.2631868336688287
relation_lock_in_control,100,24,0.3252485430236544,0.2640063824638528,0.2640063824638528
relation_lock_in_control,100,25,0.328858770718232,0.2630804998104213,0.2630804998104213
relation_lock_in_control,100,26,0.3278008298755187,0.2631117280937271,0.2631117280937271
relation_lock_in_control,100,27,0.3306396148555708,0.2637943502710575,0.2637943502710575
relation_lock_in_control,100,28,0.3266640597844977,0.263048893523346,0.263048893523346
relation_lock_in_control,100,29,0.327759628610729,0.2631537914340426,0.2631537914340426
