point_id,T,seed,transition_determinism,state_concentration,relation_rigidity,branching_collapse,lock_in_index
phase_000,50,0,0.4174174446749654,0.0003457814661134,0.09375,2.988817827520585e-05,6.808852416720357e-07
phase_000,50,1,0.4164222049151956,0.0003461405330564,0.08,3.006797529137017e-05,5.808964320626343e-07
phase_000,50,2,0.417125257554945,0.0003434065934065,0.075,6.070630236609809e-06,5.380329426620916e-07
phase_000,50,3,0.4179651667824878,0.0003474635163307,0.08875,2.48424169169148e-05,6.480554873270492e-07
phase_000,50,10,0.4172960685833044,0.0003463803255975,0.09125,3.363878732176584e-05,6.643403694536228e-07
phase_000,50,4,0.416838464199239,0.0003459010722933,0.0775,1.679885984895435e-05,5.611385194437177e-07
phase_000,50,5,0.4175544041450777,0.0003454231433506,0.09375,6.830482074038358e-05,6.859437817459549e-07
phase_000,50,8,0.4172739868375476,0.0003463803255975,0.0775,4.201339406739724e-05,5.661474871626522e-07
phase_000,50,9,0.4168412396121884,0.0003462603878116,0.08375,8.869836253477814e-06,6.056855970966398e-07
phase_000,50,7,0.417220207253886,0.0003454231433506,0.0875,3.462525573150188e-05,6.355042359614048e-07
phase_000,50,17,0.4177614265927978,0.0003462603878116,0.08125,1.979145997954568e-05,5.905207424129676e-07
phase_000,50,6,0.4176555498104102,0.0003447087211306,0.08375,1.4590406595016424e-05,6.049728986968258e-07
phase_000,50,12,0.4182726802345637,0.0003449465332873,0.0825,9.20277698679417e-05,6.084399820373401e-07
phase_000,50,11,0.4173027902170169,0.0003444712366517,0.08125,6.664264205635817e-05,5.935593337010622e-07
phase_000,50,15,0.4172390062326869,0.0003462603878116,0.0925,5.304929483251897e-06,6.689556188822381e-07
phase_000,50,16,0.4173901098901099,0.0003434065934065,0.0825,3.417563737206919e-05,5.961534259392157e-07
phase_000,50,13,0.4170479641131815,0.0003450655624568,0.075,5.196654694894498e-05,5.471367867603452e-07
phase_000,50,14,0.4176202586206897,0.0003448275862068,0.0575,0.0001099387839416,4.2985203686780085e-07
phase_000,50,18,0.4169266689726739,0.0003459010722933,0.0725,3.917766170169479e-05,5.28430780704728e-07
phase_000,50,20,0.417725,0.0003448275862068,0.1,1.550213915213483e-05,7.2244849347494e-07
phase_000,50,22,0.4179588827203331,0.0003469812630117,0.08125,4.364149621516322e-05,5.954886578937149e-07
phase_000,50,21,0.417332147814018,0.0003469812630117,0.075,3.701383526344415e-06,5.43560118195524e-07
phase_000,50,19,0.4179850810624353,0.0003449465332873,0.08375,1.8609886998643965e-05,6.064474584596891e-07
phase_000,50,26,0.4175988210818308,0.0003467406380027,0.08875,2.291470860960043e-05,6.45861277340994e-07
phase_000,50,28,0.4171348945731075,0.0003456619426201,0.08125,8.731677858975218e-06,5.870213607764947e-07
phase_000,50,27,0.4170560908465244,0.0003441156228492,0.07875,1.2439986348367071e-05,5.668776771455003e-07
phase_000,50,24,0.4165686274509804,0.000343997248022,0.085,2.7607148558428385e-05,6.129745230992386e-07
phase_000,50,25,0.4175809228650138,0.0003443526170798,0.0925,6.603579729169695e-05,6.74547884788527e-07
phase_000,50,29,0.4174696061643835,0.0003424657534246,0.085,1.843069022122723e-05,6.10253451776241e-07
phase_000,50,23,0.4171948478561549,0.0003457814661134,0.09625,3.381788795842056e-05,6.991213187860911e-07
phase_000,100,1,0.4184940219345558,0.0003595828838547,0.066875,7.126081473118884e-05,5.139020535083998e-07
phase_000,100,0,0.4172412477558349,0.000359066427289,0.068125,3.849031052949314e-05,5.160817757128001e-07
phase_000,100,4,0.4179684125269978,0.0003599712023038,0.0775,2.6899057317120167e-06,5.834240079807946e-07
phase_000,100,3,0.4180052716225876,0.0003573981415296,0.069375,3.317396995594635e-05,5.231675054549986e-07
phase_000,100,2,0.4193725376074498,0.0003581661891117,0.07125,6.743147267351812e-05,5.452340877636965e-07
phase_000,100,5,0.4177536950252343,0.0003604902667627,0.075,2.096610421786771e-05,5.67892942989159e-07
phase_000,100,6,0.4180305755395683,0.0003597122302158,0.069375,3.482672604682158e-05,5.268353220274784e-07
phase_000,100,7,0.4174175331660093,0.0003585514521333,0.079375,4.0018964431176585e-06,5.945845451752856e-07
phase_000,100,12,0.4175015709156194,0.000359066427289,0.07,3.01713300480122e-05,5.292107992446416e-07
phase_000,100,9,0.417326164874552,0.0003584229390681,0.073125,3.653321312779845e-05,5.523638193719532e-07
phase_000,100,10,0.4175232065609228,0.0003604902667627,0.069375,4.592506771361471e-05,5.290044716263579e-07
phase_000,100,11,0.4165522522522522,0.0003603603603603,0.06125,7.11378667769269e-05,4.703869950086026e-07
phase_000,100,8,0.4171151422398271,0.0003601008282319,0.059375,3.655582384531897e-05,4.514074779212896e-07
phase_000,100,14,0.4178814354665713,0.0003575259206292,0.075625,3.465061892382604e-05,5.701086979741388e-07
phase_000,100,13,0.4169090014316392,0.0003579098067287,0.071875,0.0001014677611816,5.513849487783528e-07
phase_000,100,15,0.4170082589285714,0.0003571428571428,0.065,6.300651266277768e-06,4.849658089759014e-07
phase_000,100,16,0.4162511176680973,0.0003576537911301,0.063125,4.992763076860918e-06,4.7062619218559654e-07
phase_000,100,17,0.4168659844933285,0.0003606202668589,0.073125,1.0771724928249071e-05,5.512645587885462e-07
phase_001,50,3,0.4517295737122558,0.0003552397868561,0.09,3.993745818364758e-05,7.285342851387571e-07
phase_001,50,2,0.4511124955500178,0.0003559985760056,0.0725,1.4613865605417333e-05,5.845052665545416e-07
phase_000,100,18,0.4166079770032339,0.0003593244699964,0.06875,2.0108426108444988e-05,5.175951317536382e-07
phase_001,50,0,0.449524856424982,0.0003589375448671,0.07625,1.2924037382400222e-05,6.172373263348882e-07
phase_001,50,1,0.4529861359570662,0.0003577817531305,0.07625,3.387241638530547e-05,6.233822462791497e-07
phase_001,50,4,0.4507328203292771,0.0003579098067287,0.07625,1.909134427158232e-05,6.181188163753673e-07
phase_000,100,20,0.4182409381663113,0.0003553660270078,0.081875,5.200556818962809e-05,6.161779311470644e-07
phase_000,100,19,0.4171186402723038,0.0003582945180938,0.08,9.630152375983414e-06,5.992445278229668e-07
phase_000,100,22,0.4175743085488506,0.0003591954022988,0.071875,3.408495145595936e-05,5.44141764146399e-07
phase_000,100,23,0.4172527917867435,0.0003602305475504,0.07625,3.481860267728898e-05,5.782796930332031e-07
phase_000,100,21,0.417653280745787,0.0003585514521333,0.0725,2.446627348695607e-05,5.465082689469089e-07
phase_001,50,5,0.4514507331902718,0.0003576537911301,0.095,2.486452652195048e-05,7.709642673042042e-07
phase_000,100,24,0.4175215824136703,0.0003559985760056,0.07625,4.468550175174002e-05,5.733208239068898e-07
phase_000,100,25,0.4172489258861439,0.0003580379520229,0.08125,1.3885605161245709e-06,6.071081764397926e-07
phase_000,100,27,0.4167817097237173,0.0003588087549336,0.075625,1.2211676621909362e-05,5.672929470232791e-07
phase_000,100,26,0.4169804729487639,0.0003582945180938,0.066875,2.736067972630707e-05,5.036500629146918e-07
phase_000,100,28,0.4179869342672414,0.0003591954022988,0.073125,8.203928404171279e-06,5.501773934257215e-07
phase_001,50,7,0.4500066773504274,0.0003561253561253,0.075,3.344710785002647e-05,6.063306488371349e-07
phase_001,50,6,0.4521024766690595,0.0003589375448671,0.08125,9.266970307120204e-06,6.607523085768565e-07
phase_001,50,8,0.4521676764076978,0.0003563791874554,0.08125,1.7782847587133332e-05,6.575096273270345e-07
phase_001,50,10,0.4501257554212584,0.0003554923569143,0.08,3.172901496939495e-05,6.451422213000017e-07
phase_001,50,11,0.4509207013171947,0.0003559985760056,0.08375,3.69340304566812e-05,6.781362604776612e-07
phase_000,100,29,0.4182765562794064,0.0003619254433586,0.075625,2.60258604931618e-05,5.763641823137146e-07
phase_001,50,12,0.4499871088193456,0.0003556187766714,0.0775,3.239429123569337e-05,6.252763371729608e-07
phase_001,50,13,0.4512642908181493,0.0003572704537334,0.095,1.931640241181753e-05,7.68925396220699e-07
phase_001,50,15,0.4523441951566951,0.0003561253561253,0.07125,7.393915962161657e-06,5.750786289924097e-07
phase_001,50,9,0.4511703850305865,0.0003598416696653,0.095,5.170252913089257e-05,7.795559477762958e-07
phase_001,50,14,0.4503829068941009,0.0003553660270078,0.07875,3.592467441015934e-05,6.359497353182636e-07
phase_001,50,16,0.4509338209061719,0.0003567606136282,0.09,5.337587541531797e-05,7.325262866653638e-07
phase_001,50,17,0.4509238738738738,0.0003603603603603,0.085,3.037808899986061e-06,6.910977601878321e-07
phase_001,50,19,0.4524849504249292,0.0003541076487252,0.08625,2.186657052938301e-05,6.944885420642556e-07
phase_001,50,18,0.4520360184528034,0.0003548616039744,0.0975,7.795164833845902e-06,7.832502786487196e-07
phase_001,50,20,0.4516253112771256,0.0003557452863749,0.0775,1.8048469782705467e-05,6.254710875071333e-07
phase_001,50,21,0.4514882016446192,0.0003575259206292,0.0875,3.281561318346782e-05,7.115040201563383e-07
phase_001,50,22,0.4516391761768901,0.0003566333808844,0.07375,8.285269624086489e-05,6.072892245458419e-07
phase_001,50,23,0.4528698119900674,0.0003547357218871,0.08125,3.4504885085606674e-05,6.581801461621519e-07
phase_001,50,24,0.4514590060997488,0.0003588087549336,0.07625,8.298050645971777e-05,6.310189299344279e-07
phase_001,50,28,0.4505696428571428,0.0003571428571428,0.08125,5.91278780368576e-05,6.632430003561109e-07
phase_001,50,26,0.4531481808548216,0.0003532320734722,0.06375,2.7167024997387657e-06,5.106467309326826e-07
phase_001,50,25,0.4502284513590844,0.0003576537911301,0.09625,6.439444436256991e-05,7.853063780855088e-07
phase_001,50,27,0.4520828848223897,0.0003588087549336,0.08125,7.203178619330508e-05,6.706677636498519e-07
phase_001,50,29,0.4512704699181203,0.0003559985760056,0.0825,5.125783253623339e-06,6.635114998326123e-07
phase_001,100,0,0.4516749040307101,0.000383877159309,0.075625,4.4174764888604834e-05,6.632815215192946e-07
phase_001,100,4,0.451391245661396,0.0003856536829926,0.08375,2.019117405716031e-05,7.324778096475602e-07
phase_001,100,1,0.4520890937019969,0.0003840245775729,0.070625,1.6398399423467325e-05,6.159190282905895e-07
phase_001,100,3,0.4512194828911957,0.0003844675124951,0.074375,2.540410702422946e-05,6.495329796372239e-07
phase_001,100,2,0.4514098392036753,0.0003828483920367,0.069375,4.658768975041028e-05,6.075260418364673e-07
phase_001,100,5,0.450407712970069,0.0003837298541826,0.068125,4.95925472531189e-05,5.972901527601439e-07
phase_001,100,6,0.4517564655172414,0.0003831417624521,0.069375,5.7173167287372095e-05,6.102906466433335e-07
phase_001,100,7,0.4519534518828451,0.00038037276531,0.065,2.470151345601579e-05,5.62956505474486e-07
phase_001,100,8,0.4508007364192808,0.0003825554705432,0.0625,7.193679021599841e-05,5.513318513065279e-07
phase_001,100,11,0.4510801294251998,0.0003806623524933,0.0825,4.214236115174241e-05,7.155367779221777e-07
phase_001,100,10,0.4505587447378492,0.0003827018752391,0.0775,2.475080126207452e-05,6.724327691569315e-07
phase_001,100,15,0.4517028085594191,0.0003821169277799,0.0675,1.4221580154072376e-05,5.849907934985812e-07
phase_001,100,14,0.4514723186728395,0.0003858024691358,0.085,3.6375393282162e-05,7.465971595321381e-07
phase_001,100,9,0.4513839455652836,0.0003806623524933,0.078125,8.539765894965967e-05,6.858643584328607e-07
phase_001,100,13,0.4514377877973906,0.0003837298541826,0.08125,3.340120479256026e-05,7.095336066493556e-07
phase_001,100,16,0.4516540452453987,0.000383435582822,0.06625,5.47374313277782e-05,5.831389598009651e-07
phase_001,100,12,0.4506367247320061,0.0003828483920367,0.065625,5.88926404190282e-05,5.762599309403315e-07
phase_001,100,17,0.4520605694980695,0.0003861003861003,0.070625,4.482104948366761e-05,6.241701603070061e-07
phase_002,50,2,0.3640537513997761,0.0003732736095558,0.0875,5.209371862369139e-05,6.016051049135272e-07
phase_002,50,1,0.3645468809433244,0.00038037276531,0.07625,5.925255530825346e-05,5.368715548961468e-07
phase_002,50,0,0.3627081763376036,0.0003767897513187,0.0875,2.1206633616821516e-05,6.008063643113914e-07
phase_002,50,3,0.363647509578544,0.0003831417624521,0.0725,3.7111886197482846e-05,5.10236730733218e-07
phase_002,50,5,0.3647271260440394,0.0003796507213363,0.08375,6.586244482376102e-05,5.889584891891495e-07
phase_002,50,4,0.3632272901494826,0.000383288616328,0.095,1.826071068899981e-05,6.638414782176358e-07
phase_001,100,20,0.4518647462800457,0.0003815337657382,0.0675,3.0241595312952008e-05,5.870692977826576e-07
phase_001,100,18,0.4516082053742802,0.000383877159309,0.08,3.915214982441739e-05,7.00235797933156e-07
phase_001,100,19,0.4518482108687333,0.0003827018752391,0.0725,4.772231569227792e-05,6.350987399017324e-07
phase_001,100,21,0.4513450570342205,0.0003802281368821,0.075625,3.164838579039486e-05,6.543470872244308e-07
phase_001,100,22,0.450862784859019,0.0003862495171881,0.07125,7.668170465002788e-05,6.337472375305151e-07
phase_001,100,23,0.452690845206007,0.000385059684251,0.078125,5.928615107342328e-05,6.912444789851381e-07
phase_001,100,24,0.4513046875000001,0.000390625,0.066875,2.5410526893088203e-05,5.939523198151645e-07
phase_001,100,25,0.4520013910207213,0.0003837298541826,0.06625,1.7896660572169765e-05,5.776454041555587e-07
phase_001,100,26,0.4512297843665768,0.000385059684251,0.07375,3.662256807024367e-05,6.470677794936613e-07
phase_001,100,27,0.4514601043276661,0.0003863987635239,0.0725,2.8761576752023288e-05,6.37375418326463e-07
phase_001,100,28,0.4512805944055944,0.0003885003885003,0.07625,3.735457504672191e-05,6.749668457661933e-07
phase_002,50,10,0.3636333459787556,0.0003793626707132,0.0875,9.708087409276978e-05,6.169187146183429e-07
phase_002,50,6,0.366066653934301,0.0003819709702062,0.06625,1.379941682710939e-05,4.6510591959569014e-07
phase_002,50,7,0.3636087807606264,0.000372856077554,0.10625,5.428824450237624e-05,7.275955742669545e-07
phase_001,100,29,0.4509735895494131,0.0003786444528587,0.07125,1.7885987604993048e-05,6.113818708075139e-07
phase_002,50,9,0.3624578278999242,0.0003790750568612,0.085,5.912162485399719e-05,5.920678029951372e-07
phase_002,50,8,0.3608509523809523,0.0003809523809523,0.0925,0.0001011790168194,6.496937902255956e-07
phase_002,50,11,0.3628301976434815,0.000380083618396,0.0675,4.062394478177023e-05,4.71034401733553e-07
phase_002,50,14,0.3613375856816451,0.0003808073115003,0.075,1.5489342330310407e-05,5.181313129731911e-07
phase_002,50,13,0.3633985831469053,0.000372856077554,0.09,1.3329840193865294e-05,6.11535297986987e-07
phase_002,50,12,0.3624316782140107,0.0003849114703618,0.07125,0.0001028388951458,5.113298410280194e-07
phase_002,50,15,0.3627768650947043,0.0003865481252415,0.08375,2.986878171395979e-05,5.914046484648097e-07
phase_002,50,16,0.3640685543964232,0.0003725782414307,0.08125,7.469966814421802e-05,5.611864017997866e-07
phase_002,50,17,0.3620720633693972,0.0003863987635239,0.09625,2.1698014206705807e-05,6.763245941808596e-07
phase_002,50,18,0.3632368271417741,0.0003790750568612,0.07875,2.515860018914573e-05,5.456343961253863e-07
phase_002,50,19,0.3599631101021566,0.0003783579265985,0.07375,2.094632372662275e-06,5.02503957202076e-07
phase_002,50,20,0.3629611557596632,0.0003827018752391,0.09,2.944543469718397e-05,6.291667623145886e-07
phase_002,50,21,0.3627931394906879,0.000380083618396,0.085,6.658245837343202e-06,5.869579660761134e-07
phase_002,50,22,0.3627975965177896,0.0003785011355034,0.09375,4.437853792227386e-05,6.49778259111398e-07
phase_002,50,25,0.3660317836812144,0.0003795066413662,0.07875,0.0001109508509781,5.623763514722018e-07
phase_002,50,24,0.3622380862329803,0.0003782148260211,0.0775,3.1950853585871464e-05,5.352671710322448e-07
phase_002,50,23,0.3638106980273141,0.0003793626707132,0.08125,9.992710515471792e-05,5.744823636624242e-07
phase_002,50,27,0.3629484006092916,0.0003808073115003,0.095,4.721970303811496e-05,6.630400680080217e-07
phase_002,50,26,0.3623769479285442,0.000380083618396,0.06875,2.053992332784471e-05,4.76288085606462e-07
phase_002,50,28,0.3620077917141771,0.000380083618396,0.07375,4.523619677365698e-05,5.135992351370611e-07
phase_002,50,29,0.3613516452344932,0.0003782148260211,0.0925,2.3381443285841463e-05,6.352875500033385e-07
phase_002,100,0,0.3639345601045295,0.0004355400696864,0.065,3.439297941576491e-05,5.206028371838335e-07
phase_002,100,2,0.3625340154867257,0.0004424778761061,0.079375,0.0001103145667991,6.54336131341284e-07
phase_002,100,3,0.3643676245629371,0.0004370629370629,0.07125,2.31706126555542e-05,5.710237253489666e-07
phase_002,100,1,0.3639147180944056,0.0004370629370629,0.081875,1.2772553593221048e-05,6.531573415381101e-07
phase_002,100,4,0.3626272389689821,0.000436871996505,0.0825,2.080611774402108e-05,6.567855944859018e-07
phase_002,100,5,0.3637695737277077,0.0004349717268377,0.060625,3.078531736888657e-05,4.845042549536608e-07
phase_002,100,7,0.3628961930057547,0.0004426737494466,0.07,1.587842457762001e-05,5.648069479195614e-07
phase_002,100,6,0.363389632288947,0.0004351610095735,0.074375,3.796263270516853e-05,5.940602359503799e-07
phase_002,100,8,0.3648405725022104,0.0004420866489832,0.078125,4.217682832186043e-05,6.368462884739321e-07
phase_002,100,10,0.3646594827586206,0.0004310344827586,0.070625,2.964409146599678e-06,5.555106889644237e-07
phase_002,100,9,0.3656836371720764,0.0004446420631391,0.07,5.004929031282579e-05,5.772320749763198e-07
phase_002,100,11,0.3635016862489121,0.0004351610095735,0.055625,4.187398295019129e-05,4.465667224944037e-07
phase_002,100,13,0.3626829200178731,0.0004468275245755,0.07,0.0001485082467463,5.912652478280932e-07
phase_002,100,12,0.3639881214254289,0.0004399472063352,0.074375,3.6797581814296265e-05,6.013967044559605e-07
phase_002,100,15,0.3629162069726389,0.0004413062665489,0.07375,2.657011468232273e-05,5.94835056686206e-07
phase_002,100,14,0.363946083808688,0.0004387889425186,0.075625,4.195575246468408e-05,6.105488201862088e-07
phase_002,100,16,0.3637843736359668,0.0004364906154517,0.079375,6.16073668884276e-05,6.399742602543043e-07
phase_002,100,17,0.3623671324823944,0.0004401408450704,0.070625,9.511125655292664e-05,5.783776980115918e-07
phase_003,50,0,0.3102784249767009,0.0004659832246039,0.10125,0.0001025659593333,7.467886909425534e-07
phase_003,50,1,0.305034030140982,0.0004861448711716,0.1125,0.0001258201420016,8.527933128491538e-07
phase_002,100,18,0.3636584499344119,0.0004372540445999,0.0725,2.7111880725017024e-05,5.807264300531304e-07
phase_003,50,2,0.3156577988338193,0.0004859086491739,0.10625,1.162735040882712e-05,8.166192031783211e-07
phase_003,50,4,0.3091191155492154,0.0009510223490252,0.10125,1.2023662035787195e-05,1.4918043425982582e-06
phase_003,50,3,0.3063480504587156,0.0004587155963302,0.07625,6.331025097416898e-05,5.446545478595605e-07
phase_003,50,5,0.307238255872064,0.0004997501249375,0.09625,2.623007447155601e-05,7.429500193484974e-07
phase_002,100,19,0.3646389312146277,0.0004353504571179,0.075625,1.2199432490311857e-05,6.021938818807155e-07
phase_002,100,20,0.36322265625,0.0004401408450704,0.078125,3.869422407876133e-05,6.306747886566826e-07
phase_002,100,21,0.3638178168402777,0.0004340277777777,0.079375,2.2092643631732575e-05,6.301821432114493e-07
phase_002,100,22,0.3624913644214162,0.0004317789291882,0.074375,8.764492710067184e-05,5.957622153072018e-07
phase_002,100,23,0.3627206843940715,0.0004359197907585,0.069375,5.666953780547601e-05,5.574292011896399e-07
phase_002,100,25,0.363962592431492,0.0004349717268377,0.065625,3.95282033993638e-06,5.20091750828261e-07
phase_002,100,24,0.3640293250327653,0.000436871996505,0.07,4.15686946877436e-05,5.632306079005467e-07
phase_002,100,26,0.3602044059622972,0.0004384042086804,0.079375,9.410598839743044e-05,6.41586421662016e-07
phase_003,50,7,0.3065359972041006,0.0004659832246039,0.07625,5.180337202759233e-05,5.519795375785866e-07
phase_003,50,6,0.3061164653971203,0.0004644681839294,0.08125,4.0744343942411554e-05,5.834048561209369e-07
phase_003,50,8,0.3041526644263082,0.0004800768122899,0.09375,6.87560254997166e-05,6.94492531372742e-07
phase_003,50,10,0.3097187649593107,0.0004786979415988,0.09,0.0002626730392394,7.061221692763259e-07
phase_003,50,9,0.3035833709896069,0.000451875282422,0.07875,2.9300201512372223e-05,5.441728771881509e-07
phase_002,100,29,0.3638755434782609,0.0004347826086956,0.060625,5.566934496759046e-05,4.883715018798431e-07
phase_002,100,27,0.3629540760869565,0.0004347826086956,0.06625,9.810752983940851e-05,5.382147412556869e-07
phase_002,100,28,0.3625486413043478,0.0004347826086956,0.078125,2.0961451733247927e-05,6.190457286698976e-07
phase_003,50,11,0.3095638322520853,0.000463392029657,0.09,3.08921979932375e-05,6.499538240648102e-07
phase_003,50,13,0.3080789102865195,0.0004697040864255,0.07,9.586552146190196e-05,5.203430396377878e-07
phase_003,50,12,0.3044196637085474,0.0004670714619336,0.09375,9.596803570355306e-05,6.801409298409442e-07
phase_003,50,14,0.3033220046082949,0.0004608294930875,0.07875,9.986008270845836e-05,5.643410846141203e-07
phase_003,50,15,0.3071098974587606,0.0004458314757021,0.08125,4.899886693576772e-05,5.629433773635552e-07
phase_003,50,16,0.3115595518867924,0.0004716981132075,0.09375,0.000141780708303,7.097210063275633e-07
phase_003,50,17,0.3066632653061225,0.000453514739229,0.12625,6.254386961779268e-05,8.866175825518236e-07
phase_003,50,20,0.3095519312293923,0.0004710315591144,0.09875,3.633390073587428e-05,7.252283982981687e-07
phase_003,50,18,0.3049809292649098,0.0004623208506703,0.07125,6.619973809018909e-05,5.116431891567641e-07
phase_003,50,19,0.303784046692607,0.0004863813229571,0.075,0.0001604703329414,5.777911002978263e-07
phase_003,50,21,0.3152019961977186,0.0004752851711026,0.0925,6.560312941383817e-05,7.027031700392147e-07
phase_003,50,23,0.3132799808886765,0.0004777830864787,0.09375,9.193837003662608e-05,7.153857435373539e-07
phase_003,50,24,0.3048705009727626,0.0004863813229571,0.07125,1.441700914284194e-05,5.303971208732363e-07
phase_003,50,22,0.3085818614130435,0.0004528985507246,0.085,0.0003188961832633,6.385319242909154e-07
phase_003,50,25,0.3066830294530154,0.0004675081813931,0.10375,0.0001348508724883,7.631017715692468e-07
phase_003,50,26,0.3111544324577861,0.0004690431519699,0.085,9.415344483865162e-05,6.340068478603692e-07
phase_003,50,27,0.3115691852526172,0.0004551661356395,0.09625,5.0061258066946834e-05,6.895877330072192e-07
phase_003,50,28,0.3113846618357488,0.0004830917874396,0.0925,1.7297765467882975e-05,6.983286569280526e-07
phase_003,50,29,0.3146635076775432,0.0004798464491362,0.08375,3.067697806624636e-05,6.369032456444263e-07
phase_003,100,0,0.308683568329718,0.0007230657989877,0.07,8.157980755152394e-05,7.994033515926748e-07
phase_003,100,2,0.3092568863319386,0.000697350069735,0.071875,3.158333360731014e-05,7.818405151093333e-07
phase_003,100,1,0.3098813957253886,0.0006476683937823,0.079375,9.306727063318476e-05,8.15208293397215e-07
phase_003,100,3,0.311943829113924,0.000632911392405,0.0825,1.2476476652700796e-05,8.168735791112852e-07
phase_003,100,4,0.3116371994342291,0.0007072135785007,0.06875,9.050698237700328e-05,7.775517790469415e-07
phase_003,100,5,0.3087839673913043,0.0007246376811594,0.06875,0.000353705098212,8.483067763913536e-07
phase_003,100,8,0.3063905502392344,0.0006835269993164,0.093125,4.898656134677548e-05,9.853998763067683e-07
phase_003,100,6,0.3082560861423221,0.0007490636704119,0.0875,0.0002399500519258,1.065607820785755e-06
phase_003,100,7,0.3118533568904593,0.0007067137809187,0.0775,0.0001111988975173,8.785226200875078e-07
phase_003,100,9,0.3077081925675675,0.0006756756756756,0.078125,0.0001464785255366,8.42606601053984e-07
phase_003,100,10,0.3085088788300836,0.0006963788300835,0.09125,2.336015340076436e-05,9.85221848466034e-07
phase_003,100,11,0.3034041302887844,0.0006715916722632,0.073125,8.713883246380671e-05,7.627667112467626e-07
phase_003,100,12,0.3046695997239475,0.0006901311249137,0.071875,2.1285068051324352e-05,7.601044079856661e-07
phase_003,100,15,0.3104558876163207,0.0007158196134574,0.07,6.944321544932741e-05,7.932388416237472e-07
phase_003,100,14,0.3067656460296097,0.0006729475100942,0.06,5.261050597960004e-05,6.301722974048491e-07
phase_003,100,13,0.3088735612728503,0.0006770480704129,0.065625,0.0002015462723878,7.283301881112084e-07
phase_003,100,16,0.3060406489881367,0.0006978367062107,0.075,4.142889214975298e-05,8.097218135002671e-07
phase_003,100,17,0.3053797577854671,0.0006920415224913,0.06625,0.0001812008863875,7.383429276539031e-07
phase_003,100,19,0.3128810634328358,0.0007462686567164,0.085,0.000127502607275,1.0221176648837436e-06
phase_003,100,18,0.3076786947513812,0.0006906077348066,0.0675,6.790664058520246e-05,7.315670036782582e-07
phase_003,100,20,0.3120279160739687,0.0007112375533428,0.078125,4.290329182132791e-05,8.764196812970574e-07
phase_003,100,21,0.311034682596291,0.0007132667617689,0.093125,0.0001113573406634,1.057697029919409e-06
phase_004,50,1,0.2137780504908835,0.0003506311360448,0.08625,3.5345161357058785e-05,3.2590247630825144e-07
phase_004,50,0,0.2152222124824684,0.0003506311360448,0.07,2.9406228882811192e-05,2.663417311814741e-07
phase_004,50,2,0.2157060834502104,0.0003506311360448,0.07,1.733628195288439e-05,2.660276414997832e-07
phase_004,50,3,0.215608131791097,0.0003505082369435,0.0925,4.033064511466122e-05,3.525703556189716e-07
phase_004,50,4,0.2160981799089954,0.000350017500875,0.09125,6.004154585959043e-06,3.4555317910840376e-07
phase_004,50,5,0.2216300734779566,0.0003498950314905,0.085,2.1511877611013475e-05,3.312440487392909e-07
phase_003,100,22,0.3058502816020025,0.0006257822277847,0.076875,0.0001057231757729,7.55912066952261e-07
phase_003,100,23,0.3091354091888011,0.0007178750897343,0.0725,1.253868172246264e-05,8.072448017332131e-07
phase_003,100,25,0.3080018248175182,0.0007299270072992,0.07625,0.0001294449243474,8.862235255687272e-07
phase_003,100,24,0.3132601351351352,0.0006930006930006,0.083125,0.0001334586666823,9.312506698650548e-07
phase_003,100,26,0.310162636239782,0.0006811989100817,0.074375,9.320640481846888e-05,8.053994875678596e-07
phase_003,100,29,0.3112035739313245,0.0007007708479327,0.088125,4.314145880390807e-05,9.703339339868853e-07
phase_003,100,27,0.3095621339677891,0.0007320644216691,0.071875,0.0001255586187858,8.428675790015597e-07
phase_003,100,28,0.3066220522625876,0.0006373486297004,0.06375,3.217729377613665e-06,6.235464744247212e-07
phase_004,50,6,0.2163470619097586,0.0003497726477789,0.08375,3.766497240520472e-05,3.197278866260555e-07
phase_004,50,7,0.2176071922544952,0.0003457814661134,0.0675,1.8016053605851567e-05,2.5530591172185245e-07
phase_004,50,8,0.2151249114103472,0.0003543586109142,0.085,7.193826168139239e-05,3.294672521846917e-07
phase_004,50,9,0.2140664280726257,0.0003491620111731,0.08125,8.110884600220913e-05,3.0970933833583365e-07
phase_004,50,10,0.2167151366503153,0.0003503854239663,0.09375,1.3507059722694947e-05,3.569654475619836e-07
phase_004,50,12,0.2178811029153494,0.0003512469265893,0.10875,2.767178780616053e-05,4.182499672458936e-07
phase_004,50,11,0.2182919145957297,0.000350017500875,0.10875,3.996874088463276e-05,4.185114240762926e-07
phase_004,50,14,0.2180340869260427,0.0003505082369435,0.1025,4.069051452648687e-05,3.947762406860507e-07
phase_004,50,13,0.2165561403508772,0.0003508771929824,0.09,7.242356055758847e-06,3.424810555275191e-07
phase_004,50,15,0.2145639229422066,0.0003502626970227,0.08625,8.735546533356064e-06,3.247570055416838e-07
phase_004,50,16,0.2173140350877193,0.0003508771929824,0.0675,2.110839736568781e-05,2.5895509453572814e-07
phase_004,50,17,0.2154670522257273,0.0003505082369435,0.09625,2.4201739115992105e-05,3.65282112240579e-07
phase_004,50,18,0.214518961901433,0.000349528137015,0.105,1.0971143508675674e-05,3.9446978968852724e-07
phase_004,50,19,0.2174714511595221,0.0003513703443429,0.08375,3.167218445609965e-05,3.223996829394094e-07
phase_004,50,20,0.2144897959183673,0.0003518648838845,0.11125,2.674792675183557e-05,4.218285176446724e-07
phase_004,50,21,0.2162036875218455,0.000349528137015,0.0975,4.3037083157337896e-05,3.7165248261020537e-07
phase_004,50,22,0.214902081863091,0.0003528581510232,0.105,2.785428576235205e-05,4.002194332323101e-07
phase_004,50,23,0.2189630632203981,0.0003492839678658,0.0775,2.425587201826396e-05,2.982162102749717e-07
phase_004,50,24,0.2144350208768267,0.0003479471120389,0.10625,1.7655729553034405e-05,3.976938257284074e-07
phase_004,50,25,0.2175754946199236,0.0003471017007983,0.13625,2.236664338028937e-05,5.161747624417507e-07
phase_004,50,26,0.2167064533053515,0.0003497726477789,0.0825,1.7123957777309684e-05,3.139646701787501e-07
phase_004,50,28,0.2140437587168758,0.0003486750348675,0.0825,3.421724272301141e-05,3.104095160224805e-07
phase_004,50,29,0.2165196078431372,0.0003501400560224,0.1,3.968716350444268e-05,3.820697087864408e-07
phase_004,50,27,0.2191204188481675,0.000349040139616,0.13625,2.9903054017288436e-05,5.233194496070677e-07
phase_004,100,0,0.2176944188191882,0.0003690036900369,0.066875,1.6869436074928856e-05,2.699587066453136e-07
phase_004,100,2,0.2163413621262458,0.0003691399040236,0.075625,5.054208253085779e-05,3.060077956881838e-07
phase_004,100,1,0.2153450091575091,0.0003663003663003,0.059375,1.854155983715966e-05,2.356404133001037e-07
phase_004,100,3,0.2168331339712918,0.0003680529996319,0.07625,2.791869819851467e-05,3.0648878251466057e-07
phase_004,100,4,0.2147554844606947,0.0003656307129798,0.065,2.5179744010062063e-05,2.571710466620604e-07
phase_004,100,5,0.217498602310846,0.0003727171077152,0.089375,5.026684983255869e-06,3.626687201023885e-07
phase_004,100,6,0.2155640412219359,0.0003680529996319,0.065,1.889794867626637e-05,2.593510681482344e-07
phase_004,100,7,0.217849486991572,0.0003664345914254,0.068125,1.1321474237768747e-05,2.728164867789405e-07
phase_004,100,8,0.2149717059256532,0.0003680529996319,0.06,2.2515682451040853e-05,2.39144406493758e-07
phase_004,100,9,0.2149775878003696,0.0003696857670979,0.06375,2.876825507769354e-05,2.556102000722761e-07
phase_004,100,10,0.2160938649742457,0.0003679175864606,0.08125,1.5355684356177512e-05,3.24208828417853e-07
phase_004,100,11,0.2149368214152003,0.0003743916136278,0.0725,1.3041682890735372e-05,2.927551911256237e-07
phase_004,100,12,0.2173254011670313,0.0003646973012399,0.085625,8.088884479762193e-05,3.457343451465843e-07
phase_004,100,13,0.2172069247546346,0.000363504180298,0.079375,7.724374087914043e-06,3.139650200513437e-07
phase_004,100,14,0.216938004032258,0.000366568914956,0.08,2.352306899722212e-05,3.19961533638564e-07
phase_004,100,16,0.2174788961038961,0.0003710575139146,0.09125,3.870787372806106e-05,3.713044931810514e-07
phase_004,100,17,0.2172320765230312,0.00037147102526,0.085,2.9578641464578222e-05,3.4534240524850044e-07
phase_004,100,15,0.2175770391367959,0.0003657644476956,0.079375,9.224812188346476e-06,3.165749749073491e-07
phase_005,50,0,0.2845676163723916,0.0004012841091492,0.09,7.087379723036413e-05,5.219593343566883e-07
phase_005,50,1,0.2805418694241687,0.0004055150040551,0.09,4.525955898149192e-05,5.170866235582888e-07
phase_005,50,3,0.2818245967741936,0.0004244482173174,0.06,0.0001339986215231,3.748887511891561e-07
phase_005,50,2,0.2816491817037347,0.000419639110365,0.1125,0.0001332519256813,6.805736227075584e-07
phase_004,100,18,0.2162587606049428,0.00036886757654,0.085625,1.2630017142356564e-05,3.425264369950338e-07
phase_005,50,4,0.2846877482128673,0.000397140587768,0.10625,7.965893231043353e-06,6.015375117503207e-07
phase_005,50,5,0.2860279111644657,0.0004001600640256,0.09125,0.0001237518314772,5.363740786506998e-07
phase_004,100,19,0.2158314977973568,0.000367107195301,0.07875,8.358321125490065e-05,3.186036755700994e-07
phase_004,100,20,0.2174844093910491,0.0003668378576669,0.085625,2.979737989006193e-05,3.4394189041534125e-07
phase_004,100,21,0.2164012247569184,0.00037397157816,0.084375,3.837971996745182e-05,3.445206003552857e-07
phase_004,100,22,0.2150649981495188,0.0003700962250185,0.08375,1.9553514680525907e-05,3.348593472796796e-07
phase_004,100,23,0.216607931542142,0.0003680529996319,0.06375,3.9437318121393616e-05,2.572617658058235e-07
phase_004,100,24,0.2176140781192151,0.0003702332469455,0.066875,8.16150140592331e-06,2.700566943042001e-07
phase_004,100,26,0.2154386974944731,0.0003684598378776,0.05625,6.642650344224066e-06,2.23784974444096e-07
phase_004,100,25,0.2172518786656891,0.000366568914956,0.07125,2.19469326157018e-06,2.838843911219533e-07
phase_004,100,27,0.2157887285348922,0.000365363536719,0.066875,2.112466797843382e-05,2.652912043413716e-07
phase_004,100,29,0.215952986316568,0.0003698224852071,0.08625,8.64104015958489e-05,3.51315768403712e-07
phase_004,100,28,0.2178008582907231,0.0003652300949598,0.07,4.083109837571541e-06,2.787407994319392e-07
phase_005,50,6,0.2798782024359512,0.0004199916001679,0.11875,4.567755463447121e-05,7.033015450845133e-07
phase_005,50,7,0.2788001621402513,0.0004053506282934,0.08,8.192531920192536e-06,4.529731365175088e-07
phase_005,50,8,0.2788156831042845,0.0004042037186742,0.075,7.458719288644389e-06,4.234593450099489e-07
phase_005,50,9,0.2894074642126789,0.0004089979550102,0.075,4.630516764136949e-05,4.49357485457905e-07
phase_005,50,11,0.2832129104175112,0.0004053506282934,0.075,4.55737368834086e-05,4.357338811216128e-07
phase_005,50,10,0.2813258026159334,0.0003963535473642,0.065,9.046475082485904e-06,3.633982819521241e-07
phase_005,50,12,0.2764464145768025,0.0003918495297805,0.09375,1.2003009421945876e-05,5.090755318368301e-07
phase_005,50,14,0.2768664452495974,0.000402576489533,0.08375,1.501768916134516e-05,4.6841229214841166e-07
phase_005,50,13,0.276658615136876,0.000402576489533,0.09,0.0001393164222337,5.167096846042492e-07
phase_005,50,15,0.2835607751623377,0.0004058441558441,0.07,3.531351378205372e-06,4.031915851470603e-07
phase_005,50,16,0.285043,0.0004,0.0875,5.983534945053215e-05,5.056475090053712e-07
phase_005,50,17,0.2816977835463258,0.0003993610223642,0.09125,1.5527886417676662e-05,5.150240849109945e-07
phase_005,50,18,0.2813161033797217,0.0003976143141153,0.09125,2.479726110116154e-05,5.131135548856654e-07
phase_005,50,19,0.2793245182451824,0.000410004100041,0.11375,9.07409425277006e-05,6.61748408190299e-07
phase_005,50,20,0.2780411954765751,0.0004038772213247,0.11875,1.571346478346225e-05,6.685131618237633e-07
phase_005,50,21,0.2802317676143387,0.0004120313143798,0.07375,5.090206684932319e-05,4.316518414694202e-07
phase_005,50,22,0.2781076388888888,0.0004084967320261,0.0875,4.130302600413582e-05,5.017187937826247e-07
phase_005,50,23,0.2797627624536846,0.0004116920543433,0.11375,2.569562370968725e-05,6.580236270594171e-07
phase_005,50,24,0.2782308227344992,0.0003974562798092,0.105,0.0001762983645203,6.000649675530096e-07
phase_005,50,25,0.2825525724785627,0.0004083299305839,0.0975,0.0001156117764653,5.757901983185362e-07
phase_005,50,26,0.2790355977152183,0.0004079967360261,0.11625,0.0001434605057453,6.780599753932595e-07
phase_005,50,27,0.2807441555824264,0.0004030632809351,0.075,6.555280656472817e-05,4.317590289234872e-07
phase_005,50,29,0.2813747954173486,0.0004091653027823,0.1175,2.386737176940379e-05,6.791295417044554e-07
phase_005,50,28,0.2792113580750407,0.0004078303425774,0.09125,1.6965733132923155e-05,5.214677188442723e-07
phase_005,100,0,0.2820638351983723,0.0005086469989827,0.099375,7.93115815640455e-05,7.242500559580446e-07
phase_005,100,1,0.2781853553921568,0.0004901960784313,0.059375,7.589309970246205e-06,4.058696121135881e-07
phase_005,100,2,0.2795814336372847,0.0005065856129685,0.07625,3.331713399079561e-05,5.446905105511551e-07
phase_005,100,3,0.2779578797917653,0.0004732607666824,0.06875,0.0001126695963755,4.670125953193283e-07
phase_005,100,4,0.2827342977250247,0.0004945598417408,0.083125,5.888721141400488e-05,5.893985456398407e-07
phase_005,100,5,0.2801440368129098,0.0005042864346949,0.093125,8.82678089155764e-05,6.702714935553965e-07
phase_005,100,6,0.281001746506986,0.0004990019960079,0.0775,3.635527897016821e-05,5.484519284430822e-07
phase_005,100,7,0.2805790906788247,0.0005065856129685,0.086875,8.526490839488865e-06,6.186209626051519e-07
phase_005,100,8,0.2828721838197644,0.0005120327700972,0.074375,2.821621428616972e-05,5.427099414920657e-07
phase_005,100,10,0.2803810594702648,0.0004997501249375,0.084375,3.209965804973347e-05,5.95631049861468e-07
phase_005,100,11,0.2819697155468367,0.0004904364884747,0.095,1.129376170916352e-05,6.584309208553513e-07
phase_005,100,9,0.2796150447690858,0.0004712535344015,0.07375,7.69995725419248e-05,4.960465205040124e-07
phase_005,100,12,0.2786584979736575,0.0005065856129685,0.081875,0.0001021421801816,5.923105433580754e-07
phase_005,100,14,0.2823402986947791,0.0005020080321285,0.076875,1.937172512811447e-05,5.475476615295995e-07
phase_005,100,13,0.2825901679841897,0.000494071146245,0.084375,1.887070666106716e-05,5.916551123263992e-07
phase_005,100,15,0.281447745391131,0.0004982561036372,0.078125,1.5261767811969307e-05,5.499255832463714e-07
phase_005,100,16,0.2765222262596899,0.000484496124031,0.068125,2.732433295560277e-05,4.600095051245219e-07
phase_005,100,17,0.2836244097586569,0.0005246589716684,0.07375,7.751315119020052e-05,5.602568902098118e-07
phase_006,50,0,0.3615718562874251,0.0011976047904191,0.09125,0.000198306613363,2.0615253708013563e-06
phase_006,50,1,0.3584807692307692,0.0012820512820512,0.08625,0.0002200481633451,2.083117118168586e-06
phase_006,50,3,0.3671748251748252,0.0013986013986013,0.05375,8.159260539342128e-05,1.4220155150744489e-06
phase_006,50,2,0.3686613233287859,0.0013642564802182,0.09125,0.0001105727710055,2.3503154048712536e-06
phase_006,50,4,0.3638397887323943,0.0014084507042253,0.10875,7.530583199466534e-05,2.825039590472748e-06
phase_006,50,5,0.3613745603751465,0.0011723329425556,0.10375,0.0002056024076591,2.284794855364538e-06
phase_005,100,18,0.2814278331712062,0.0004863813229571,0.069375,7.1263826992851165e-06,4.75782275658575e-07
phase_005,100,19,0.2814371200607903,0.0005065856129685,0.078125,4.316259052428162e-05,5.630756359721272e-07
phase_005,100,20,0.2798192174343734,0.0004952947003467,0.06375,2.14232954843796e-05,4.447342275133085e-07
phase_005,100,22,0.2807700173525037,0.0004957858205255,0.05875,2.364341636518219e-05,4.121964741676273e-07
phase_005,100,21,0.2804850928641251,0.0004887585532746,0.085625,5.00619787001666e-05,5.937773424091954e-07
phase_005,100,23,0.2802303909664886,0.0004856726566294,0.078125,4.45857817248374e-05,5.37709691965587e-07
phase_005,100,25,0.281632239141288,0.000499251123315,0.07625,7.680965759093716e-06,5.371373536253928e-07
phase_005,100,24,0.2831712287104623,0.0004866180048661,0.07125,0.0001490497663023,5.114375220164819e-07
phase_006,50,6,0.3630288461538461,0.0012406947890818,0.085,0.0001530073396642,1.983149719758361e-06
phase_005,100,26,0.2804148009950248,0.0004975124378109,0.09625,3.107936944868328e-05,6.757270373072441e-07
phase_006,50,7,0.3667263560500696,0.0013908205841446,0.1,0.0003271233250831,2.717102260413157e-06
phase_006,50,9,0.3625020938023451,0.0016750418760469,0.095,0.0002604125207867,3.042353483414904e-06
phase_006,50,8,0.3674479913916786,0.0014347202295552,0.08875,0.0002079498368791,2.4490117814519785e-06
phase_006,50,10,0.3654085917312662,0.0012919896640826,0.09625,0.000297538526869,2.4124702607180217e-06
phase_006,50,11,0.3645754716981132,0.0014513788098693,0.06625,0.0005932010461725,2.0666513805808027e-06
phase_005,100,29,0.2839699792960662,0.0005175983436853,0.075625,6.3960559724352e-05,5.651782417359936e-07
phase_005,100,27,0.278302973738414,0.0005149330587023,0.086875,0.0001142285534622,6.388613224977383e-07
phase_006,50,12,0.3560329634464751,0.0013054830287206,0.07875,0.0001649615779226,1.9068035940118955e-06
phase_005,100,28,0.2789986237434179,0.0004786979415988,0.07,1.9303885058885584e-05,4.700243850963586e-07
phase_006,50,13,0.3715212912087912,0.0013736263736263,0.10875,3.974909656756509e-06,2.776955747961428e-06
phase_006,50,14,0.3696883202099738,0.0013123359580052,0.08125,7.523066626646813e-05,2.0074418628521605e-06
phase_006,50,15,0.364664676966292,0.0014044943820224,0.08125,0.0001943015125953,2.180203860253106e-06
phase_006,50,16,0.3646579445145019,0.0012610340479192,0.09375,8.792224642828472e-05,2.1959592188794e-06
phase_006,50,17,0.3593021472392638,0.0012269938650306,0.0775,0.0009727408138466,2.1371824339564787e-06
phase_006,50,19,0.3568306107954545,0.0014204545454545,0.09875,0.000343498715821,2.676735791727901e-06
phase_006,50,18,0.3709200260078023,0.0013003901170351,0.08375,0.0002231340589513,2.1274284783577845e-06
phase_006,50,21,0.3721016666666666,0.0013333333333333,0.09,0.0002800456714854,2.371550614803352e-06
phase_006,50,20,0.3744408369408369,0.0014430014430014,0.095,5.041801402827506e-05,2.593755467299593e-06
phase_006,50,22,0.3570127892813641,0.0012180267965895,0.06375,0.0001156464307957,1.436377004461846e-06
phase_006,50,23,0.3597257096069869,0.0010917030567685,0.07875,0.0002766545695084,1.6549560512117309e-06
phase_006,50,25,0.366805981595092,0.0015337423312883,0.0875,0.0002832687407445,2.6206761318750745e-06
phase_006,50,24,0.360891709511568,0.0012853470437017,0.11125,0.000439935277505,2.784356206338497e-06
phase_006,50,27,0.3686107336956521,0.0013586956521739,0.085,0.0004303560531808,2.344061791738977e-06
phase_006,50,26,0.366373730964467,0.0012690355329949,0.085,0.0002308584129242,2.0833360592215458e-06
phase_006,50,29,0.3703654970760233,0.0014619883040935,0.115,0.0002951996844197,3.273294424040828e-06
phase_006,50,28,0.361900406504065,0.0011614401858304,0.0725,0.0002325943461958,1.621445948915275e-06
phase_006,100,1,0.4089261363636363,0.009090909090909,0.085,0.0006960160737345,1.838686584931573e-05
phase_006,100,0,0.3896480263157895,0.0052631578947368,0.0825,0.0011348729564595,1.0786837453453965e-05
phase_006,100,2,0.3826588397790055,0.005524861878453,0.094375,6.457952041527548e-05,1.011261505283302e-05
phase_006,100,3,0.3937127483443708,0.0066225165562913,0.08125,0.0010338784803638,1.328814025236529e-05
phase_006,100,4,0.3893043785310734,0.0056497175141242,0.074375,0.0004240423021734,9.111904986332964e-06
phase_006,100,5,0.3964627659574468,0.0070921985815602,0.07625,0.0008953273522311,1.3237434423515607e-05
phase_006,100,6,0.3830389030612244,0.0051020408163265,0.080625,0.0009180120951619,9.672244509659864e-06
phase_006,100,8,0.3918012422360248,0.0062111801242236,0.080625,0.0002450030506701,1.040646743706917e-05
phase_006,100,7,0.3941123188405797,0.0072463768115942,0.083125,0.0018368627751048,1.7115649078765794e-05
phase_006,100,9,0.406945,0.008,0.075625,0.0013317598553306,1.664571036462018e-05
phase_006,100,10,0.3913975155279503,0.0062111801242236,0.09375,0.001490511131053,1.5018995078249554e-05
phase_006,100,12,0.3957531055900621,0.0062111801242236,0.090625,0.0023182961256352,1.6836827025481606e-05
phase_006,100,11,0.3871891891891891,0.0054054054054054,0.09,0.0008573181694069,1.1212409071573944e-05
phase_006,100,14,0.401769366197183,0.0070422535211267,0.06,0.0001406644718693,8.886075875358825e-06
phase_006,100,13,0.3887879834254144,0.005524861878453,0.07125,0.0003127473240511,8.324030897196631e-06
phase_006,100,15,0.3978322784810126,0.0063291139240506,0.09625,0.000837911065721,1.4227315877405935e-05
phase_006,100,16,0.3956764240506329,0.0063291139240506,0.075625,0.0024674607163741,1.564852855178352e-05
phase_006,100,17,0.3859638554216867,0.0060240963855421,0.060625,0.000375226015006,7.920341061164108e-06
phase_006,100,19,0.391023773006135,0.0061349693251533,0.075625,0.0008710489030652,1.116048754741635e-05
phase_006,100,18,0.396454475308642,0.0061728395061728,0.061875,0.0023965616781724,1.3436164417597413e-05
phase_006,100,20,0.3912457482993197,0.0068027210884353,0.0825,0.0004239178799536,1.210710734622194e-05
phase_006,100,21,0.3914346590909091,0.0056818181818181,0.08875,0.0018317116152523,1.3943106314687809e-05
phase_006,100,22,0.3816800458715596,0.0045871559633027,0.065625,0.0005945201012945,6.785798669952896e-06
phase_007,50,0,0.259050572519084,0.0003816793893129,0.1075,1.9049875688015305e-05,5.333327131654482e-07
phase_007,50,1,0.258277514231499,0.0003795066413662,0.09375,3.594060473433025e-05,4.629823521863042e-07
phase_007,50,2,0.2566564299424184,0.000383877159309,0.0825,0.0001062368038211,4.1688066499412963e-07
phase_007,50,3,0.2544418029669075,0.00038037276531,0.08,8.527891211940197e-05,3.9538445493432763e-07
phase_007,50,4,0.2545285632403515,0.0003821169277799,0.0775,4.379026640177752e-05,3.811402583674127e-07
phase_007,50,5,0.2561909748667174,0.0003808073115003,0.11125,7.408056497526516e-05,5.499013975079232e-07
phase_006,100,23,0.3918069948186529,0.005181347150259,0.08375,0.0037378770944997,1.6089213379277475e-05
phase_006,100,24,0.4014278455284553,0.008130081300813,0.07375,0.0027975522255927,2.1164882463896024e-05
phase_006,100,26,0.3864334577114428,0.0049751243781094,0.071875,0.0007052978896031,8.265153934559357e-06
phase_006,100,25,0.3901274671052631,0.006578947368421,0.098125,0.0009038099023866,1.4912262851631415e-05
phase_006,100,27,0.3859375,0.0053191489361702,0.075,0.0013380235779698,1.0444995210759269e-05
phase_006,100,28,0.3956859756097561,0.0060975609756097,0.1,0.0023096211461435,1.7636064478960398e-05
phase_006,100,29,0.3887642045454545,0.0056818181818181,0.071875,0.0009075573878232,9.94288173887314e-06
phase_007,50,7,0.2552047372458765,0.0003835826620636,0.09625,2.122878664956307e-05,4.731839221000121e-07
phase_007,50,6,0.2589085573646346,0.0003786444528587,0.07,1.2104987835437342e-06,3.4323868204087853e-07
phase_007,50,8,0.2568949903660886,0.0003853564547206,0.1025,7.638353521910446e-06,5.081113989906082e-07
phase_007,50,9,0.2582166979362101,0.0003752345215759,0.1025,7.481942724485435e-05,5.038199633649989e-07
phase_007,50,10,0.2551539923954372,0.0003802281368821,0.08875,1.4085803287877674e-05,4.3187828524705373e-07
phase_007,50,11,0.2594960060859643,0.00038037276531,0.105,2.4768234849759097e-06,5.184468458552468e-07
phase_007,50,12,0.2562581825182903,0.000385059684251,0.08125,1.8990087858439253e-05,4.027397889414789e-07
phase_007,50,14,0.2589659660624759,0.0003856536829926,0.07125,2.888756726626696e-05,3.586761090867235e-07
phase_007,50,13,0.2608531971244797,0.0003783579265985,0.09125,2.4080371640256004e-05,4.526765621682729e-07
phase_007,50,15,0.2565492624810892,0.0003782148260211,0.11375,4.350735865554789e-05,5.560838544390228e-07
phase_007,50,16,0.2546663253909158,0.0003723008190618,0.07625,4.400657469350033e-05,3.65644958385369e-07
phase_007,50,17,0.261276381427475,0.0003837298541826,0.06625,3.679921446453349e-05,3.357992245100454e-07
phase_007,50,18,0.2566876882530121,0.0003765060240963,0.0775,3.185732160881916e-05,3.775761198110401e-07
phase_007,50,20,0.2571758177570093,0.0003894080996884,0.10125,2.4868083104312436e-05,5.094813267146654e-07
phase_007,50,19,0.2581261968594408,0.0003829950210647,0.09375,5.212397008347303e-06,4.639264664859882e-07
phase_007,50,21,0.2579172890216579,0.0003734129947722,0.06875,4.677458010160507e-05,3.355693255813599e-07
phase_007,50,22,0.2572571292775665,0.0003802281368821,0.07875,7.757405318775668e-06,3.859108723777069e-07
phase_007,50,23,0.2570331891688605,0.0003760812335464,0.10375,7.26958112723386e-05,5.084787156916174e-07
phase_007,50,25,0.2561766960521272,0.000383288616328,0.07125,9.149061883639842e-05,3.5878391879608133e-07
phase_007,50,24,0.25739404296875,0.000390625,0.0925,2.4145397642727492e-05,4.674462227534448e-07
phase_007,50,27,0.2567155909797822,0.0003888024883359,0.0825,7.509065001987114e-05,4.192180223127952e-07
phase_007,50,26,0.2582475162399694,0.0003821169277799,0.095,4.633604028692062e-06,4.691907981931618e-07
phase_007,50,28,0.2554783258594918,0.0003736920777279,0.07125,0.0001289889383796,3.524272847182606e-07
phase_007,50,29,0.2603251417769376,0.0003780718336483,0.07375,4.818676400408784e-05,3.6767228222064025e-07
phase_007,100,0,0.2542915575916231,0.00043630017452,0.083125,3.601837042799261e-05,4.651214894233114e-07
phase_007,100,3,0.2579220318638149,0.0004364906154517,0.071875,5.9615151168923575e-06,4.0525748935072925e-07
phase_007,100,1,0.2570023248269896,0.000432525951557,0.074375,0.0001721587805239,4.325141013340786e-07
phase_007,100,2,0.2574155037069341,0.0004361098996947,0.09375,4.151196438928473e-05,5.30885737832266e-07
phase_007,100,4,0.2594053182020472,0.0004450378282153,0.0525,7.773499908858561e-05,3.120177269489917e-07
phase_007,100,5,0.2558515247915753,0.0004387889425186,0.0625,2.42663568335022e-05,3.535518206979645e-07
phase_007,100,6,0.2595576154529307,0.0004440497335701,0.076875,0.0001224426288091,4.571294410127376e-07
phase_007,100,7,0.2555111111111111,0.0004444444444444,0.096875,3.884038676360557e-05,5.544693754766218e-07
phase_007,100,8,0.2615058348294434,0.0004488330341113,0.06875,5.976412738362136e-05,4.1048248440328506e-07
phase_007,100,9,0.2582029896013865,0.0004332755632582,0.105625,4.625987753859029e-05,5.960047562874265e-07
phase_007,100,10,0.2557069628363947,0.0004271678769756,0.080625,1.4812037423928004e-05,4.419505489266586e-07
phase_007,100,11,0.2584311626858945,0.0004506534474988,0.066875,2.409406492509536e-05,3.92228867707698e-07
phase_007,100,13,0.2557655834072759,0.0004436557231588,0.063125,0.0001293566301798,3.728239115416018e-07
phase_007,100,12,0.2573143214441061,0.0004349717268377,0.095,3.5663758637172194e-05,5.356328067478794e-07
phase_007,100,14,0.259156899601946,0.0004422821760283,0.080625,9.19752619030767e-05,4.726060483127924e-07
phase_007,100,15,0.2571428179824561,0.000438596491228,0.06375,3.607892395063317e-06,3.598993315511067e-07
phase_007,100,16,0.2584711667411712,0.0004470272686633,0.084375,8.892884123978817e-06,4.884773307217411e-07
phase_007,100,17,0.2551342752372735,0.0004314063848144,0.07625,2.2301508844746465e-05,4.2208339242360107e-07
phase_008,50,0,0.2378756124115405,0.0005443658138268,0.065,6.428532455304836e-05,4.2917128540263364e-07
phase_008,50,2,0.2303755307855626,0.0005307855626326,0.0875,0.0001346881323188,5.514446906371086e-07
phase_008,50,1,0.2411004006009013,0.00050075112669,0.0625,2.7568570494684863e-05,3.8061369317380043e-07
phase_008,50,3,0.2301092508513053,0.0005675368898978,0.17625,9.352061506007205e-05,1.1630861133925958e-06
phase_008,50,4,0.2418246835443038,0.000506329113924,0.08125,6.089744322912427e-05,5.04880649031025e-07
phase_007,100,18,0.2563618507202095,0.0004364906154517,0.085,2.4221480293462605e-05,4.782834260480601e-07
phase_007,100,19,0.2550010912265386,0.0004364906154517,0.0825,1.1496537156263642e-05,4.604151596812071e-07
phase_008,50,5,0.2336848057477381,0.0005321979776476,0.1575,0.0001159687396754,9.938094612385876e-07
phase_007,100,20,0.2585869805481874,0.0004420866489832,0.070625,3.997807039712864e-05,4.082551209429368e-07
phase_007,100,22,0.2584768300513698,0.0004280821917808,0.0725,1.9745847961383237e-05,4.032886785633349e-07
phase_007,100,21,0.2561737278999569,0.0004312203536006,0.096875,4.7167217715360366e-05,5.402865444209699e-07
phase_007,100,23,0.2608865699734278,0.0004428697962798,0.074375,1.1201486509904155e-05,4.30954052029609e-07
phase_007,100,24,0.2610719493046209,0.0004486316733961,0.09875,5.179131861365871e-05,5.843714716012071e-07
phase_007,100,25,0.25895,0.0004444444444444,0.074375,9.594309868243832e-06,4.290910040179475e-07
phase_007,100,26,0.2583761833046471,0.0004302925989672,0.081875,4.785459151279703e-05,4.6045266226853654e-07
phase_007,100,27,0.257715914195867,0.0004492362982929,0.069375,1.5339978538086996e-05,4.0337171336909356e-07
phase_007,100,29,0.2594303625705601,0.0004342162396873,0.085625,3.884130236153638e-05,4.86653431571679e-07
phase_007,100,28,0.255641156828953,0.0004308487720809,0.0625,4.209673984201245e-05,3.488325180363713e-07
phase_008,50,6,0.2391641835518474,0.000595947556615,0.14875,0.0002119829207081,1.0902755287991412e-06
phase_008,50,7,0.2401028524410313,0.0005485463521667,0.08375,9.813822804294324e-05,5.644508848510355e-07
phase_008,50,8,0.2500559910414333,0.0005599104143337,0.1225,4.141930910628311e-05,8.633539146223977e-07
phase_008,50,9,0.2430116033755274,0.0005274261603375,0.09,0.0002198756071342,6.049496513832941e-07
phase_008,50,10,0.2366770892552586,0.000568504832291,0.1575,0.0001366429499272,1.0779831344748074e-06
phase_008,50,11,0.2366564341846758,0.0004911591355599,0.1225,2.3494673589752324e-05,7.146762402039407e-07
phase_008,50,12,0.258739604989605,0.0005197505197505,0.15,5.8060787483826815e-05,1.0164083485660024e-06
phase_008,50,14,0.2426973007712082,0.0005141388174807,0.08625,8.180277293767801e-06,5.391349309997907e-07
phase_008,50,13,0.2492127553562531,0.0004982561036372,0.12125,4.016175261956079e-05,7.577783509604093e-07
phase_008,50,15,0.2373845208845209,0.0004914004914004,0.0775,6.807724569857232e-05,4.59963392029883e-07
phase_008,50,16,0.2472750259336099,0.0005186721991701,0.095,4.5655436049063525e-05,6.15065260538221e-07
phase_008,50,17,0.2515025185577942,0.0005302226935312,0.115,0.0001565329959021,7.876500129449092e-07
phase_008,50,18,0.247852157360406,0.0006345177664974,0.13875,3.873334663029304e-05,1.0971284804644189e-06
phase_008,50,19,0.2508799896319336,0.0005184033177812,0.15,2.1286023983768665e-05,9.781960392513506e-07
phase_008,50,20,0.2430193572874493,0.0005060728744939,0.13875,6.706762340658035e-05,8.614602843708219e-07
phase_008,50,21,0.2531995912806539,0.0005449591280653,0.1475,1.87282580247361e-05,1.020211974371708e-06
phase_008,50,23,0.2442677070828331,0.0006002400960384,0.12375,0.0002908952123069,9.498575894877704e-07
phase_008,50,22,0.2453868707093821,0.0005720823798627,0.17125,8.653956339021995e-05,1.214165190561766e-06
phase_008,50,25,0.2484444444444444,0.0011695906432748,0.11125,0.0001792910144271,1.6684398581233417e-06
phase_008,50,24,0.2478876122556788,0.0005282620179609,0.06625,1.2563618688732348e-05,4.354157850158356e-07
phase_008,50,26,0.2545420634920635,0.0006349206349206,0.14,3.87306039696389e-05,1.1375574681264576e-06
phase_008,50,27,0.2473588466183574,0.0006038647342995,0.11125,6.560359627183487e-05,8.406770617285211e-07
phase_008,50,28,0.2401813748810656,0.000475737392959,0.09875,8.82074850735437e-05,5.742537266960165e-07
phase_008,50,29,0.2454394637053087,0.0005417118093174,0.07375,1.1299826072508344e-05,4.917830149862003e-07
phase_008,100,0,0.2501729249011857,0.000790513833992,0.0875,9.699948727748264e-05,8.844056852875975e-07
phase_008,100,1,0.2412212171052631,0.0008223684210526,0.074375,0.000238979380629,7.851055083623247e-07
phase_008,100,3,0.2404583333333333,0.0008547008547008,0.091875,0.0001167058881904,9.680926257388585e-07
phase_008,100,4,0.2314769874476987,0.000836820083682,0.089375,5.488498119432528e-05,8.762488684183177e-07
phase_008,100,2,0.2371205183164458,0.0007794232268121,0.08,0.0002351351815487,7.827259932884233e-07
phase_008,100,5,0.2473884876805437,0.0008496176720475,0.056875,2.353583604564058e-05,6.026622826908875e-07
phase_008,100,6,0.2429502973661852,0.0008496176720475,0.111875,0.000119964312822,1.179395574652114e-06
phase_008,100,7,0.2519020784543325,0.0011709601873536,0.105625,0.0002883954680144,1.6428633134034911e-06
phase_008,100,8,0.2467377533783784,0.0008445945945945,0.103125,0.0002623456001619,1.129199412879998e-06
phase_008,100,9,0.2447326624636275,0.0009699321047526,0.068125,0.0004139013027331,9.068048490123856e-07
phase_008,100,11,0.2404261129431162,0.0008244023083264,0.08125,1.8259944294274355e-05,8.088386242874198e-07
phase_008,100,10,0.2407030567685589,0.0008733624454148,0.101875,5.831239897591267e-05,1.0830717625291331e-06
phase_008,100,13,0.2563824728260869,0.0010869565217391,0.09875,5.740145633770233e-05,1.3919621596722649e-06
phase_008,100,12,0.236760975609756,0.0009756097560975,0.054375,0.0001059630591038,6.524700679912575e-07
phase_008,100,14,0.2367147150489759,0.0008904719501335,0.09125,9.412655368046252e-05,9.81560131561857e-07
phase_008,100,15,0.253510498687664,0.0008748906386701,0.110625,7.866752700258495e-05,1.2442458354042804e-06
phase_008,100,16,0.2468188832772166,0.0011223344556677,0.0925,0.0001436127427026,1.3209693287714745e-06
phase_008,100,17,0.2350129025598678,0.0008257638315441,0.125,4.484037761975923e-05,1.221609172828633e-06
phase_009,50,1,0.23005186232909,0.0004714757190004,0.1275,8.177963239042185e-05,7.003272885808365e-07
phase_009,50,0,0.2286618714359772,0.0005184033177812,0.12625,6.99620893223063e-05,7.565711382652234e-07
phase_009,50,2,0.2502951145395044,0.0004675081813931,0.14125,0.0001004886283942,8.381772132721443e-07
phase_008,100,20,0.2480763561320754,0.0011792452830188,0.119375,0.0002560856220821,1.8210312955746165e-06
phase_008,100,18,0.2489440263405456,0.0009407337723424,0.1275,0.000693329415322,1.6553324404060136e-06
phase_009,50,4,0.2362658227848101,0.0005274261603375,0.13625,0.0001059849278104,8.621316107032921e-07
phase_009,50,3,0.2252883771929824,0.000438596491228,0.1675,4.185493372554916e-06,8.27953114912668e-07
phase_008,100,22,0.2442509002057613,0.0010288065843621,0.105625,2.371073654849898e-05,1.3330673204302362e-06
phase_008,100,21,0.2509435151237397,0.0009165902841429,0.088125,9.654638674261308e-05,1.0356989488319571e-06
phase_008,100,19,0.2367898444070648,0.0008410428931875,0.105,0.0001393416068513,1.073289621987262e-06
phase_009,50,5,0.2169713059195661,0.000451875282422,0.0925,6.623891464951903e-05,4.599476880669654e-07
phase_008,100,23,0.2560989699331849,0.0011135857461024,0.109375,0.0002663792799941,1.6355909811137608e-06
phase_008,100,24,0.253255231522707,0.0008904719501335,0.123125,3.186444726122062e-05,1.3955230249600611e-06
phase_008,100,25,0.2545251288659794,0.0010309278350515,0.126875,0.000136480775349,1.7003933744092685e-06
phase_008,100,26,0.2520580543933055,0.0010460251046025,0.0625,6.910930212722377e-05,8.421558328595677e-07
phase_008,100,27,0.259304979253112,0.0008298755186721,0.101875,3.912851894083413e-05,1.1045485127491265e-06
phase_008,100,29,0.246871408045977,0.0009578544061302,0.11,0.0005201147652169,1.4235576711565972e-06
phase_008,100,28,0.2375711147086031,0.0009250693802035,0.09375,8.153828697765597e-05,1.0480904180622471e-06
phase_009,50,6,0.2273263057019645,0.0004791566842357,0.11625,4.857304810335084e-05,6.384169063127396e-07
phase_009,50,7,0.2294381431244153,0.000467726847521,0.15,1.432451901206555e-05,8.063950722527567e-07
phase_009,50,8,0.2371625117591721,0.0004703668861712,0.13375,2.5204862999173017e-05,7.488249981217749e-07
phase_009,50,10,0.2301962592202318,0.000526870389884,0.12875,5.9734585180937216e-05,7.880079540489812e-07
phase_009,50,9,0.2252619047619047,0.000453514739229,0.10625,7.814267125461072e-05,5.507058666746558e-07
phase_009,50,13,0.2321163308341143,0.000468603561387,0.14125,8.608560027389967e-05,7.77555510866524e-07
phase_009,50,11,0.2228007726269315,0.0004415011037527,0.15,5.1649920271956695e-05,7.428315394457828e-07
phase_009,50,12,0.2217993119266055,0.0004587155963302,0.16625,5.371371712503681e-05,8.51202039398744e-07
phase_009,50,14,0.233376969416126,0.000463392029657,0.10625,4.498787858420173e-05,5.79385674136984e-07
phase_009,50,15,0.2268613537117904,0.0004852013585638,0.08875,2.9974572191449056e-05,4.917502809899824e-07
phase_009,50,16,0.2295576519916142,0.00041928721174,0.1175,4.532530624046238e-05,5.698347909128282e-07
phase_009,50,17,0.2343627336448598,0.0004672897196261,0.11125,3.541205879331599e-05,6.130569966366013e-07
phase_009,50,18,0.2365502894356005,0.0009647853352629,0.10875,5.330785317192444e-05,1.2531135425982512e-06
phase_009,50,19,0.2317338522304833,0.0004646840148698,0.18,1.2468034198853672e-05,9.704897470580815e-07
phase_009,50,20,0.2256973445301861,0.0004539264639128,0.17,4.7885519964485646e-05,8.757308502968742e-07
phase_009,50,21,0.2289391143911439,0.0004612546125461,0.17125,3.40179719033884e-05,9.077856140844624e-07
phase_009,50,22,0.2315230883813306,0.0004965243296921,0.09125,0.0003476614270498,5.64456672314535e-07
phase_009,50,23,0.217255475360876,0.0004977600796416,0.09,1.460493061067325e-05,4.882143555332885e-07
phase_009,50,24,0.2348845541401274,0.0004549590536851,0.145,4.08213915503719e-05,7.791179853819892e-07
phase_009,50,25,0.2307148770104068,0.0004730368968779,0.06625,8.288144818813237e-05,3.705605549773614e-07
phase_009,50,26,0.2305152453003209,0.0004585052728106,0.13625,2.6768094415929863e-05,7.228590382663673e-07
phase_009,50,27,0.2246579241071428,0.0004464285714285,0.1975,4.095733077591479e-05,9.945082095835369e-07
phase_009,50,28,0.2449093934911242,0.0004930966469428,0.14125,1.3062553171794278e-05,8.54473241373676e-07
phase_009,50,29,0.2207871435142594,0.0004599816007359,0.06625,0.0001068122813632,3.472585976933817e-07
phase_009,100,0,0.2364307228915662,0.000669344042838,0.09375,2.180801253737208e-05,7.452644563074004e-07
phase_009,100,1,0.2228120725034199,0.0006839945280437,0.094375,0.0001208477110421,7.375655239946025e-07
phase_009,100,2,0.2247603820598006,0.0006644518272425,0.070625,0.0001095453013901,5.437252777023148e-07
phase_009,100,3,0.2229748032687651,0.0006053268765133,0.04875,0.0003880394410216,3.813705211803458e-07
phase_009,100,4,0.2324163732394366,0.0007042253521126,0.133125,0.0004071509744223,1.1560915755008056e-06
phase_009,100,5,0.2253701575837163,0.0006565988181221,0.079375,0.0002843751074965,6.293680076820503e-07
phase_009,100,6,0.2337220273881095,0.0006680026720106,0.1,2.9846881031359015e-05,7.85294596183306e-07
phase_009,100,7,0.2328560311284046,0.0007782101167315,0.078125,2.40360974093079e-05,7.122107562971813e-07
phase_009,100,8,0.2200474735799207,0.0006605019815059,0.110625,2.3949647010801375e-05,8.074026734192831e-07
phase_009,100,9,0.2369251514004542,0.0007570022710068,0.088125,0.0002822991124997,8.40904775418224e-07
phase_009,100,11,0.2290539935530086,0.0007163323782234,0.095625,5.750191996733989e-05,7.939365695421255e-07
phase_009,100,10,0.2312840670859539,0.0006988120195667,0.1375,9.193042562261056e-05,1.1260237623639924e-06
phase_009,100,12,0.2231159180977543,0.0006605019815059,0.11125,9.488401687851589e-05,8.337202304870617e-07
phase_009,100,13,0.2301068013571869,0.000616903146206,0.113125,4.674372441892949e-06,8.035886490237786e-07
phase_009,100,15,0.2286011705685618,0.0006688963210702,0.065,2.0357098463819057e-05,5.000718801913274e-07
phase_009,100,16,0.2303764104372355,0.0007052186177715,0.093125,1.4879367200459905e-05,7.588984600166413e-07
phase_009,100,14,0.2149523107940446,0.0006203473945409,0.060625,1.084812617258013e-05,4.056488969497701e-07
phase_009,100,17,0.2288424608819345,0.0007112375533428,0.085,0.0001996567897581,7.242321549418738e-07
phase_010,50,0,0.1511185383244206,0.0003565062388591,0.13625,2.480342115918077e-06,3.67155033158723e-07
phase_009,100,18,0.2222025351591413,0.000740192450037,0.105625,2.41046963228575e-05,8.725856872253114e-07
phase_009,100,19,0.233500164365549,0.0006574621959237,0.1,6.883627962084304e-05,7.781552297393326e-07
phase_010,50,1,0.1556916221033868,0.0003565062388591,0.16625,1.2985491506078972e-05,4.621063604173955e-07
phase_009,100,20,0.2228381728045325,0.0007082152974504,0.12,0.0002126385157206,9.804624753103729e-07
phase_009,100,21,0.2302880586592179,0.0006983240223463,0.1,3.458953435941936e-05,8.096409567134405e-07
phase_009,100,22,0.225497169143666,0.0007077140835102,0.105,3.445351561515153e-05,8.433328437668156e-07
phase_010,50,3,0.1586508574490889,0.0003572704537334,0.115,2.0660365285474214e-05,3.2708832261522454e-07
phase_010,50,2,0.1517716570812365,0.0003594536304816,0.1475,3.260858126807875e-05,4.041211464371833e-07
phase_010,50,4,0.1537808255897069,0.0003573981415296,0.0575,4.554510726750838e-05,1.6051602493480225e-07
phase_010,50,5,0.1608597883597883,0.000352733686067,0.16375,2.5771323841516924e-05,4.6602648567713053e-07
phase_009,100,24,0.2275496915695681,0.0006854009595613,0.07125,9.721561575171124e-05,5.707794102787075e-07
phase_009,100,23,0.2347468507751938,0.0006459948320413,0.079375,2.619592520769487e-05,6.058145833072995e-07
phase_009,100,25,0.2390188626126126,0.0007507507507507,0.109375,7.964144307637255e-05,9.956232823225728e-07
phase_009,100,26,0.2277344730238394,0.0006273525721455,0.041875,7.468885025330163e-05,3.0980444093278285e-07
phase_009,100,28,0.2338327899794097,0.0006863417982155,0.106875,9.380336030362368e-05,8.72668684215313e-07
phase_009,100,27,0.2327723367697594,0.0006872852233676,0.0825,0.0001040400132761,6.765659973767007e-07
phase_009,100,29,0.2247230440499671,0.0006574621959237,0.071875,0.0001075548824389,5.468563446013741e-07
phase_010,50,6,0.1609805798687089,0.0003646973012399,0.1125,2.5853779397344567e-05,3.3175700881133125e-07
phase_010,50,7,0.1595973124098124,0.0003607503607503,0.13875,6.490874592190998e-05,4.03162199222259e-07
phase_010,50,8,0.1613773230879199,0.0003573981415296,0.13375,1.7817295527855492e-06,3.858107144017727e-07
phase_010,50,9,0.1596485781137509,0.0003599712023038,0.145,7.349889462604509e-06,4.17071846913856e-07
phase_010,50,10,0.1536099137931034,0.0003591954022988,0.09,4.9871576975668575e-05,2.5104359939257334e-07
phase_010,50,12,0.1605687499999999,0.0003571428571428,0.09625,4.390317953184564e-06,2.762293061574448e-07
phase_010,50,11,0.1603204787234042,0.000354609929078,0.15875,5.230572534431488e-05,4.542303116291479e-07
phase_010,50,13,0.1599751773049645,0.000354609929078,0.13,1.6036698002208638e-05,3.696468532228934e-07
phase_010,50,14,0.1566621767241379,0.0003591954022988,0.115,8.301910846553184e-06,3.240330860589023e-07
phase_010,50,15,0.1561382903567643,0.0003532320734722,0.08375,9.666466871560696e-05,2.3628475696930722e-07
phase_010,50,16,0.1589797925608011,0.0003576537911301,0.17125,1.681643671824773e-05,4.878175777621383e-07
phase_010,50,17,0.1473516648955012,0.0003542330853701,0.07125,0.0001235761984721,1.9240151072495578e-07
phase_010,50,18,0.1678837125315998,0.0003611412062116,0.13375,4.438094839542828e-05,4.081521003746378e-07
phase_010,50,19,0.1616198251249108,0.0003568879371877,0.11125,7.032626981517964e-05,3.2490235427784906e-07
phase_010,50,20,0.156756334760885,0.0003568879371877,0.15125,3.1627380463916666e-05,4.248492412094236e-07
phase_010,50,22,0.1573872514204545,0.0003551136363636,0.15,3.723704499192237e-05,4.212588855879643e-07
phase_010,50,21,0.1563533167789996,0.0003547357218871,0.0925,6.999511835847905e-05,2.6040371018678965e-07
phase_010,50,23,0.161689308398024,0.0003528581510232,0.11625,2.822611359798444e-05,3.332332271876983e-07
phase_010,50,24,0.1556185198426886,0.0003575259206292,0.19375,5.552003099085212e-05,5.420787829890821e-07
phase_010,50,25,0.1528745012694958,0.0003627130939426,0.1375,2.157882635778208e-05,3.824124223957965e-07
phase_010,50,26,0.1578363489788606,0.0003582945180938,0.11375,2.755706508117406e-05,3.231973276095504e-07
phase_010,50,27,0.160460409252669,0.0003558718861209,0.1375,4.0364588985264405e-05,3.94890474049819e-07
phase_010,50,28,0.1529416517055655,0.000359066427289,0.0775,2.8144217389280968e-05,2.143458971104286e-07
phase_010,50,29,0.1575341530054644,0.0003642987249544,0.06625,7.665316180738291e-05,1.945017751370193e-07
phase_010,100,0,0.1585742264003133,0.0003916960438699,0.098125,2.462470499153824e-05,3.062709133650241e-07
phase_010,100,1,0.1563369460500963,0.0003853564547206,0.118125,4.3697244005880265e-05,3.5845725675802185e-07
phase_010,100,2,0.1541106415674221,0.0003841721091048,0.068125,4.348132684461881e-06,2.0192449725572595e-07
phase_010,100,5,0.1538784801678108,0.0003813882532418,0.1075,5.7045259807875226e-05,3.187928561334847e-07
phase_010,100,3,0.1515002403846153,0.0003846153846153,0.063125,6.099851557028746e-05,1.874668936484406e-07
phase_010,100,7,0.1598832046332046,0.0003861003861003,0.103125,8.179942277553032e-05,3.233498562704477e-07
phase_010,100,4,0.1548888782907287,0.0003815337657382,0.08,7.074207245127972e-05,2.405618746329093e-07
phase_010,100,6,0.1545255198487712,0.0003780718336483,0.05875,1.0051232709251678e-05,1.7220109131012617e-07
phase_010,100,8,0.1587345738526803,0.0003856536829926,0.111875,2.5465894737286557e-05,3.439891401609452e-07
phase_010,100,10,0.1579091298552932,0.0003808073115003,0.126875,2.9244682483997583e-05,3.832269782496034e-07
phase_010,100,9,0.1535860339506173,0.0003858024691358,0.0975,4.587050408888516e-05,2.915806266618776e-07
phase_010,100,11,0.1559577546296296,0.0003858024691358,0.09375,2.242686049669373e-05,2.833910561855113e-07
phase_010,100,12,0.1597296388782174,0.0003841721091048,0.06375,3.973671758561448e-05,1.98035096225307e-07
phase_010,100,13,0.1521063468992248,0.0003875968992248,0.08625,7.258392729003749e-05,2.585267817932533e-07
phase_010,100,14,0.157692179144385,0.0003819709702062,0.08125,5.743748484565714e-05,2.481596332788191e-07
phase_010,100,15,0.1560748286367098,0.0003808073115003,0.086875,2.343281913819162e-05,2.595610472666324e-07
phase_010,100,16,0.1592707933154052,0.0003841721091048,0.09,2.4282536231767797e-06,2.7549186315799385e-07
phase_010,100,17,0.1568569460281261,0.000380083618396,0.09875,2.6322656820232385e-05,2.959369299027142e-07
phase_011,50,0,0.1818466882375332,0.0003806623524933,0.1175,6.549714418602193e-07,4.067256938649031e-07
phase_011,50,1,0.1850443702290076,0.0007633587786259,0.1275,0.0001382419192158,9.200295794583748e-07
phase_011,50,2,0.1876869024856596,0.0003824091778202,0.06625,0.0001160328000651,2.460767500247445e-07
phase_011,50,3,0.173446484071484,0.0003885003885003,0.135,4.8130625202258415e-05,4.580854138306184e-07
phase_010,100,18,0.1590091049980627,0.0003874467260751,0.11875,1.0792337195364432e-05,3.664597600946416e-07
phase_010,100,19,0.1567787162162162,0.0003861003861003,0.11625,1.5239069999561927e-05,3.52766582948887e-07
phase_011,50,4,0.1870448960302457,0.0003780718336483,0.08375,3.681372420849538e-05,2.987282878426157e-07
phase_011,50,5,0.1932237574183976,0.0003709198813056,0.13375,4.063833710099551e-06,4.795879476834286e-07
phase_010,100,20,0.1579931940184049,0.000383435582822,0.076875,0.0001310575334607,2.407946847468881e-07
phase_010,100,21,0.1535711560473102,0.0003815337657382,0.059375,1.9114025257560563e-05,1.750666663376472e-07
phase_010,100,22,0.1537593930635838,0.0003853564547206,0.09125,2.4166445595330543e-05,2.717699610249878e-07
phase_010,100,23,0.1620803605861936,0.0003856536829926,0.13125,8.127368625765463e-06,4.10709469025984e-07
phase_010,100,25,0.1606833607568902,0.0004113533525298,0.12625,4.6380476935614645e-05,4.2030698711863073e-07
phase_010,100,24,0.160750095129376,0.0003805175038051,0.0875,9.839768610353516e-06,2.682128652706184e-07
phase_010,100,26,0.1576033217458478,0.0003862495171881,0.090625,1.1556676520196874e-05,2.765397536766312e-07
phase_010,100,27,0.1584813038371182,0.0003915426781519,0.05625,6.648912806495044e-05,1.786475923056467e-07
phase_010,100,28,0.1573848557692307,0.0003846153846153,0.10625,4.524339573241942e-05,3.243183352253444e-07
phase_010,100,29,0.1576016201008925,0.0003880481179666,0.12375,6.142463891944949e-05,3.821655595584362e-07
phase_011,50,6,0.1949261467889908,0.0003669724770642,0.0725,1.1915308589793838e-05,2.601577568078172e-07
phase_011,50,7,0.1871052875695733,0.0003710575139146,0.125,1.5092691754370335e-05,4.349654804232778e-07
phase_011,50,8,0.1809881136451488,0.0003865481252415,0.135,3.1471206490829573e-06,4.724543326379767e-07
phase_011,50,9,0.1750079202385389,0.0003727171077152,0.0625,2.6099564060189092e-05,2.055413273092585e-07
phase_011,50,10,0.184930811808118,0.0003690036900369,0.1525,1.041560245940154e-05,5.210419209797741e-07
phase_011,50,12,0.1897811037441497,0.000390015600624,0.145,6.326177157800483e-05,5.413100198829835e-07
phase_011,50,11,0.1859781128404669,0.0003891050583657,0.08875,6.478337913784493e-05,3.258078468190882e-07
phase_011,50,13,0.1843531402783001,0.0003760812335464,0.13625,2.777642547635573e-05,4.742483788673155e-07
phase_011,50,15,0.1872427606177606,0.0003861003861003,0.06,2.172326198401908e-05,2.184539789176805e-07
phase_011,50,14,0.1800313318368873,0.0003741114852225,0.09875,2.3975509153784103e-05,3.3416425132400105e-07
phase_011,50,17,0.1809323929961089,0.0003891050583657,0.13,4.431136359994703e-05,4.607307064310379e-07
phase_011,50,16,0.1845858547655068,0.0003782148260211,0.0725,2.1619417542417807e-05,2.5458183138863906e-07
phase_011,50,19,0.1870872955496386,0.00038037276531,0.12125,6.6171700676687095e-06,4.318960508641448e-07
phase_011,50,18,0.1876368915929203,0.0003687315634218,0.09875,2.047367017699031e-05,3.430305192004254e-07
phase_011,50,20,0.1853884289564882,0.000385059684251,0.15875,3.821716309171386e-05,5.693514342190498e-07
phase_011,50,21,0.1784505813953488,0.0003875968992248,0.13625,1.7800905324882876e-05,4.724306851396912e-07
phase_011,50,22,0.1814641641452345,0.0003782148260211,0.16625,7.502613683163517e-05,5.756563614472242e-07
phase_011,50,23,0.1901795735129068,0.0003741114852225,0.1925,6.173361307315606e-05,6.891952365384932e-07
phase_011,50,24,0.1838259968416896,0.0003947887879984,0.1375,1.6535828389008245e-05,5.001355876130395e-07
phase_011,50,25,0.1852907429015947,0.0003889537145079,0.1225,4.847282033493272e-05,4.449192396587565e-07
phase_011,50,26,0.1825454971857411,0.0003752345215759,0.10625,1.027251055785161e-05,3.645959303363522e-07
phase_011,50,27,0.1846750279746363,0.000372995151063,0.13875,9.362426564507588e-05,4.843241590642106e-07
phase_011,50,28,0.1853793269230769,0.0003846153846153,0.1275,4.875328789355482e-05,4.5801194647292674e-07
phase_011,50,29,0.1891496282527881,0.0003717472118959,0.0875,1.1651713266225272e-05,3.084511304233318e-07
phase_011,100,0,0.1836894713460684,0.0004442470013327,0.109375,9.997938798744777e-06,4.470849900116853e-07
phase_011,100,2,0.1843985901420959,0.0004440497335701,0.090625,4.773636050747765e-05,3.749372243150381e-07
phase_011,100,1,0.1824614001692047,0.0004230118443316,0.125625,1.872393689483776e-05,4.86252988813591e-07
phase_011,100,3,0.1841018282312925,0.0004251700680272,0.065625,4.78917308597282e-05,2.605871934916521e-07
phase_011,100,5,0.1839462546382189,0.0004638218923933,0.0925,2.07082883179055e-05,3.963639331065907e-07
phase_011,100,4,0.18354035639413,0.00041928721174,0.084375,1.9403403591189416e-05,3.261518600201769e-07
phase_011,100,6,0.1851699892241379,0.0004310344827586,0.11375,9.475608629183618e-06,4.547021172672597e-07
phase_011,100,7,0.1826483968804159,0.0004332755632582,0.115625,0.0001017375724607,4.65562499556921e-07
phase_011,100,8,0.1782474367364747,0.00043630017452,0.081875,9.0242264823015e-06,3.1907023969412866e-07
phase_011,100,9,0.1860413019693654,0.0004376367614879,0.09375,3.056745882157319e-05,3.8413803624440317e-07
phase_011,100,10,0.18392544345898,0.0004434589800443,0.1125,6.53554060574546e-05,4.641246747220941e-07
phase_011,100,11,0.1803115493263798,0.0004345936549326,0.06875,2.989301659495069e-05,2.717127366126491e-07
phase_011,100,12,0.1802704787234042,0.0004255319148936,0.1,2.782595345030004e-06,3.837676652816866e-07
phase_011,100,13,0.1858380619816674,0.0004364906154517,0.099375,6.731413167226918e-05,4.085082489067496e-07
phase_011,100,14,0.1838240445859872,0.0004246284501061,0.068125,5.97914062239191e-06,2.663480941330682e-07
phase_011,100,15,0.1811485355648535,0.000418410041841,0.085,6.475646897152743e-06,3.226168745200344e-07
phase_011,100,16,0.1853699869224063,0.0004359197907585,0.071875,0.0001552370584976,3.029423199677312e-07
phase_011,100,17,0.1790916149068322,0.0004436557231588,0.08875,5.605376683204266e-05,3.570354040694897e-07
phase_012,50,0,0.2051696762141967,0.0004151100041511,0.1025,7.420798397572703e-05,4.428060683447765e-07
phase_012,50,1,0.2202219730941703,0.0004484304932735,0.15125,0.0002163750127905,7.681969523630871e-07
phase_012,50,2,0.212275641025641,0.0004273504273504,0.12375,4.311678320767509e-05,5.652171673677465e-07
phase_011,100,19,0.1816531016278046,0.0004399472063352,0.0525,3.860785873144312e-05,2.1286961243236346e-07
phase_011,100,18,0.1795020281810418,0.0004269854824935,0.069375,9.203060121310004e-06,2.665668779719199e-07
phase_012,50,3,0.2178222865722865,0.0004290004290004,0.14375,3.0540661526634594e-05,6.744959766046639e-07
phase_011,100,20,0.1800071873502635,0.0004791566842357,0.0975,3.439553605999457e-05,4.23443450903737e-07
phase_011,100,23,0.1773589171245421,0.0004578754578754,0.11875,6.053789976956381e-05,4.870904335050791e-07
phase_011,100,22,0.1836839068401175,0.000419639110365,0.0675,2.8074351420714905e-05,2.6231220819821904e-07
phase_012,50,4,0.231402862985685,0.0004089979550102,0.11625,2.1423481183058257e-05,5.52141757049151e-07
phase_011,100,24,0.1796997126436781,0.0004597701149425,0.060625,1.4845141029784514e-05,2.516700788636122e-07
phase_012,50,5,0.2196410170250896,0.0004480286738351,0.14375,4.851144528972284e-06,7.077667205134009e-07
phase_011,100,21,0.1842626191507799,0.0004332755632582,0.095,9.375220987983823e-06,3.7997181271255116e-07
phase_011,100,25,0.1811027360515021,0.0004291845493562,0.114375,3.481649163195044e-05,4.4720456381493057e-07
phase_011,100,26,0.185745015171218,0.000433463372345,0.1325,9.688521276030038e-06,5.341830602690604e-07
phase_011,100,27,0.1858693669527897,0.0004291845493562,0.1025,1.014522916020777e-05,4.0964214289898973e-07
phase_011,100,28,0.1835348087188612,0.0004448398576512,0.1,5.160359370892653e-05,4.124310939923842e-07
phase_011,100,29,0.1807592449069973,0.0004428697962798,0.105,6.744019471605078e-05,4.2567602942205066e-07
phase_012,50,6,0.2166283416402356,0.0004531037607612,0.17,2.771309933935484e-05,8.370386709078381e-07
phase_012,50,7,0.2142975460122699,0.0004089979550102,0.16875,1.0467936230829087e-05,7.404412259814346e-07
phase_012,50,11,0.2169211335676625,0.000439367311072,0.10875,5.593287355920573e-05,5.235684033876647e-07
phase_012,50,9,0.212717415235579,0.0004403346543372,0.17875,8.826630880687247e-05,8.454150945529593e-07
phase_012,50,10,0.2179601769911504,0.0004424778761061,0.11875,6.881870914043908e-05,5.792647296059772e-07
phase_012,50,8,0.2110762426284751,0.0004212299915754,0.1375,2.116056722334392e-05,6.131489726588701e-07
phase_012,50,12,0.2216832052923601,0.0004268032437046,0.11875,5.926432537650683e-05,5.673845228477772e-07
phase_012,50,13,0.2129420212765957,0.0004255319148936,0.21875,1.4152405978906655e-05,9.923689360203582e-07
phase_012,50,14,0.2284846431797651,0.0004516711833785,0.09625,7.224695021901262e-06,4.973952471394678e-07
phase_012,50,16,0.2237118408880666,0.0004625346901017,0.08375,2.451181731322194e-05,4.35835762022864e-07
phase_012,50,15,0.2214031511679154,0.000440722785368,0.14875,2.5348441528239007e-05,7.282054480576989e-07
phase_012,50,18,0.2186705801104972,0.0004604051565377,0.15125,3.061451133157256e-05,7.644524654872512e-07
phase_012,50,17,0.2141512020244622,0.0004217629692113,0.1075,8.837374739201209e-05,4.934576360661705e-07
phase_012,50,19,0.2186487242614145,0.0004476275738585,0.145,2.127546381469614e-05,7.116629829527342e-07
phase_012,50,20,0.2105138763537906,0.0004512635379061,0.1125,8.135739508752238e-06,5.351323287685309e-07
phase_012,50,21,0.2170731981981982,0.0004504504504504,0.125,6.215405238629845e-05,6.172069674194644e-07
phase_012,50,22,0.2181444066354743,0.0004253509145044,0.1175,5.261465987183023e-05,5.500110517828495e-07
phase_012,50,23,0.2137551393330287,0.0004568296025582,0.085,1.3646889956642204e-05,4.163437345954851e-07
phase_012,50,24,0.2142851527403414,0.0004492362982929,0.14125,0.0001227991988825,6.916904475820338e-07
phase_012,50,25,0.2182766666666666,0.0004444444444444,0.22,0.000144705115844,1.0811684816308414e-06
phase_012,50,27,0.2214872583479789,0.0008787346221441,0.125,9.38125488957331e-05,1.2346868619757645e-06
phase_012,50,26,0.2207718085106383,0.0004255319148936,0.1075,5.721131959135484e-05,5.103315392502743e-07
phase_012,50,29,0.2211789126478616,0.0004549590536851,0.11375,8.387275702737007e-05,5.807579394380371e-07
phase_012,50,28,0.2165895319682406,0.0004178854993731,0.1625,5.938210325773241e-05,7.407653527763635e-07
phase_012,100,0,0.2170666137413394,0.0005773672055427,0.1025,0.0001406086361425,6.599236928028917e-07
phase_012,100,1,0.216003526645768,0.0006269592476489,0.076875,9.469833502540048e-05,5.333659748449151e-07
phase_012,100,2,0.2077058732131758,0.0006215040397762,0.09125,2.881702102186523e-05,5.926932946239054e-07
phase_012,100,3,0.2179074842587292,0.0005724098454493,0.088125,0.0001081266277531,5.630889833715505e-07
phase_012,100,5,0.2157680538555691,0.0006119951040391,0.086875,1.5058188499228464e-05,5.75576230087024e-07
phase_012,100,4,0.2187414896514161,0.0005446623093681,0.105625,0.0001284253997209,6.445100519964991e-07
phase_012,100,7,0.2151132641921397,0.0005458515283842,0.089375,0.0001062003100744,5.371902263738866e-07
phase_012,100,6,0.2169384195839675,0.0005073566717402,0.11,2.7818017036551623e-05,6.084201442738158e-07
phase_012,100,8,0.2195452293318233,0.0005662514156285,0.085,4.3694325334131534e-05,5.337826191031882e-07
phase_012,100,9,0.2073768095768374,0.0005567928730512,0.10125,8.544030212043197e-05,5.944117125533162e-07
phase_012,100,10,0.2079930679785331,0.0005963029218843,0.056875,5.166871623840663e-05,3.5910973278049615e-07
phase_012,100,11,0.2144627383015597,0.0005777007510109,0.06375,5.332142968450526e-05,4.015224946022617e-07
phase_012,100,12,0.2125877463054187,0.000615763546798,0.085625,0.0001140827128826,5.753656870038143e-07
phase_012,100,13,0.2134107349537037,0.0005787037037037,0.105,3.764144826923221e-05,6.530320877585666e-07
phase_012,100,14,0.2105540780141844,0.0005910165484633,0.06875,8.239512973273744e-05,4.380190743188503e-07
phase_012,100,17,0.2196446078431373,0.0005767012687427,0.073125,6.316258809768716e-05,4.711354782696338e-07
phase_012,100,15,0.2163193306010929,0.0005464480874316,0.10375,5.761924804326135e-05,6.200113030926919e-07
phase_012,100,16,0.2093583776595745,0.0005910165484633,0.069375,2.6186765444968785e-06,4.295272543614777e-07
phase_013,50,0,0.2556132206208426,0.0005543237250554,0.18625,0.0001223734393527,1.3368505465537675e-06
phase_013,50,1,0.2638221990257481,0.0006958942240779,0.155,0.0001142872942385,1.4438229420572512e-06
phase_012,100,19,0.2236836109365179,0.0006285355122564,0.139375,6.301946993947372e-05,9.88618218924718e-07
phase_012,100,18,0.211000139586823,0.0005583472920156,0.14125,4.023344029580045e-05,8.367826618371912e-07
phase_013,50,2,0.2755156485671191,0.0007541478129713,0.1425,0.0004927076010172,1.5828036578348015e-06
phase_012,100,21,0.211371107266436,0.0005767012687427,0.09375,6.073322761412925e-05,5.78800066251489e-07
phase_012,100,20,0.211491452991453,0.0005698005698005,0.11375,2.9453655405742296e-05,6.88938367673253e-07
phase_013,50,3,0.2713166118421053,0.0006578947368421,0.14,1.0564213864250329e-05,1.2513700852678693e-06
phase_013,50,4,0.2428081088992973,0.0005854800936768,0.10875,6.38886380557313e-05,7.820736367250548e-07
phase_013,50,5,0.2527665728580363,0.0006253908692933,0.17,0.0001328770017503,1.3646671254767958e-06
phase_012,100,22,0.2105141186537364,0.0005704506560182,0.094375,1.0599874248007346e-05,5.679377755747168e-07
phase_012,100,24,0.2168733027834351,0.0006788866259334,0.13625,8.286390402711952e-05,1.0152208715275243e-06
phase_012,100,23,0.2243223534433693,0.0005691519635742,0.103125,2.6472461184257057e-05,6.61696357277555e-07
phase_012,100,26,0.2137759085746734,0.0005678591709256,0.106875,7.21033263390014e-05,6.57455403489658e-07
phase_012,100,25,0.2153635204081632,0.0005102040816326,0.11125,8.647365048497502e-05,6.207055367660192e-07
phase_012,100,27,0.2116832799767171,0.0005820721769499,0.090625,0.0001160728542518,5.726196419667009e-07
phase_012,100,28,0.2135248579545454,0.0005681818181818,0.08375,1.9953543589412703e-05,5.104522274120899e-07
phase_012,100,29,0.218256483100233,0.0005827505827505,0.131875,0.0001633808102238,8.594333371140328e-07
phase_013,50,6,0.247443829113924,0.000632911392405,0.11125,1.0194133418184316e-05,8.727397309200611e-07
phase_013,50,7,0.2394588202559822,0.0005564830272676,0.09625,5.621547391942983e-05,6.487795567873078e-07
phase_013,50,8,0.2611412698412698,0.0006349206349206,0.15625,0.00017881577483,1.324991967709007e-06
phase_013,50,9,0.248945757403189,0.0005694760820045,0.135,5.252699830760044e-06,9.57683086451769e-07
phase_013,50,10,0.2611759927797834,0.0007220216606498,0.145,0.0003325392702853,1.4298752503310189e-06
phase_013,50,12,0.2645217989002356,0.0007855459544383,0.15125,9.132596441641104e-06,1.5733400432226275e-06
phase_013,50,13,0.2478448547979798,0.0006313131313131,0.14375,0.0001439169844323,1.1471300365972784e-06
phase_013,50,14,0.2496124376336422,0.0007127583749109,0.0875,8.241708202882947e-05,7.930340295046703e-07
phase_013,50,11,0.2514794893861158,0.0005737234652897,0.18875,0.0001795032335161,1.3875381885193683e-06
phase_013,50,16,0.2371125730994152,0.0005847953216374,0.06125,8.834215500974629e-05,4.3690309403770027e-07
phase_013,50,18,0.259074427480916,0.0006361323155216,0.0575,5.541177088685956e-05,4.829483154108464e-07
phase_013,50,15,0.2603057135470528,0.0010341261633919,0.1275,8.392522171374317e-05,1.7386712911946769e-06
phase_013,50,17,0.2612913168940189,0.0005246589716684,0.13625,0.0001055732256158,9.483905894493324e-07
phase_013,50,19,0.2559486945962356,0.0006071645415907,0.11,7.743409155247516e-05,8.667498329868836e-07
phase_013,50,20,0.2618428718300206,0.0006854009595613,0.14875,0.0002324099835295,1.3764984624846684e-06
phase_013,50,21,0.2520487741262389,0.0005216484089723,0.15875,4.889936451024646e-05,1.0500585130450603e-06
phase_013,50,22,0.2620601222826086,0.0006793478260869,0.0525,7.381826075547604e-05,4.804705458098623e-07
phase_013,50,23,0.2449324912891986,0.0005807200929152,0.1025,0.0001689611131407,7.529983067536091e-07
phase_013,50,24,0.2609548611111111,0.0006038647342995,0.13,1.312444241174937e-05,1.0263475146551575e-06
phase_013,50,25,0.2613240418118467,0.0006968641114982,0.1225,9.726693381728602e-05,1.1331205187298537e-06
phase_013,50,26,0.2542349417098445,0.0006476683937823,0.13125,0.0002149922841696,1.1159814480601e-06
phase_013,50,28,0.2737167594310451,0.0006184291898577,0.1475,5.079764108217866e-05,1.2569976910993898e-06
phase_013,50,27,0.2551121971365638,0.0005506607929515,0.11,8.902052119297288e-05,7.851471943848473e-07
phase_013,50,29,0.2688868785399622,0.001258653241032,0.09125,4.087045739620265e-06,1.5454944446947189e-06
phase_013,100,1,0.2535921637055838,0.0012690355329949,0.094375,0.0007546312569786,1.7614296900289265e-06
phase_013,100,3,0.2623197674418604,0.0015503875968992,0.093125,0.0008842243088751,2.2532960189484154e-06
phase_013,100,4,0.2696044045676998,0.0016313213703099,0.091875,0.0010331223147661,2.47476274062154e-06
phase_013,100,5,0.2687811583577712,0.001466275659824,0.106875,0.0001074825823222,2.148370392894737e-06
phase_013,100,2,0.2528435714285714,0.0011428571428571,0.09375,0.0002576789359706,1.4289790897418904e-06
phase_013,100,0,0.2583642120075047,0.0009380863039399,0.089375,0.0001364053654996,1.116141967335315e-06
phase_013,100,7,0.2663374533582089,0.001865671641791,0.09875,0.0003032042426358,2.604096682438798e-06
phase_013,100,6,0.26244,0.0016,0.073125,0.0002798253213456,1.6527737717343146e-06
phase_013,100,8,0.2722683189655172,0.0017241379310344,0.091875,3.0343362446449973e-05,2.170679528505002e-06
phase_013,100,9,0.2600120548961424,0.0014836795252225,0.129375,5.3162441013054895e-05,2.5159879163805947e-06
phase_013,100,10,0.2632932692307692,0.0012406947890818,0.071875,4.836284286180437e-05,1.189756572338034e-06
phase_013,100,11,0.2605027985074627,0.0014925373134328,0.074375,0.0001637811538188,1.50956750874959e-06
phase_013,100,12,0.2646381578947368,0.0014619883040935,0.098125,0.0001128258632275,1.9418698695591877e-06
phase_013,100,13,0.2601850858369098,0.0010729613733905,0.11125,8.865921826184398e-05,1.5776259080273629e-06
phase_013,100,14,0.2593866315136476,0.0012406947890818,0.0575,4.260800040778445e-05,9.389435624107252e-07
phase_013,100,16,0.2778464226973683,0.0016447368421052,0.0875,0.0001259529529108,2.056864599828018e-06
phase_013,100,15,0.2552509410288582,0.001254705144291,0.094375,0.0002489489065962,1.5909784449896032e-06
phase_013,100,17,0.2566429176072235,0.0011286681715575,0.0725,0.0001036620879011,1.0800617573480688e-06
phase_014,50,0,0.3231534707158351,0.0021691973969631,0.15,0.0002396447190432,5.425364540273995e-06
phase_014,50,1,0.3243335543766578,0.0026525198938992,0.18,0.0006424130725486,8.295379587765653e-06
phase_014,50,2,0.3059008487654321,0.0015432098765432,0.1325,4.453438075291416e-05,3.148481833244672e-06
phase_014,50,3,0.299711887477314,0.0018148820326678,0.075,0.000234597432694,2.167388779292184e-06
phase_013,100,18,0.2627556089743589,0.0012820512820512,0.090625,0.0003443689658304,1.6424310647355325e-06
phase_014,50,4,0.3225522334293948,0.0014409221902017,0.08125,0.0003142790037107,2.034207266388727e-06
phase_013,100,20,0.2749581053351573,0.0013679890560875,0.106875,0.0001053561867836,2.0496250518305266e-06
phase_013,100,19,0.2606517032332563,0.0011547344110854,0.115,3.304078109644948e-05,1.7405998030717908e-06
phase_013,100,21,0.2639155676605504,0.0011467889908256,0.05,0.0001049962342594,7.88416353117167e-07
phase_013,100,24,0.2777308333333333,0.0013333333333333,0.0875,0.0005768994858137,1.8337268943706068e-06
phase_014,50,5,0.3167209507042253,0.0017605633802816,0.13,0.0001543389682918,3.710508035819673e-06
phase_013,100,23,0.2522185114503817,0.0010905125408942,0.07625,0.0002446293703117,1.1159030867411788e-06
phase_013,100,22,0.256441073512252,0.0011668611435239,0.0875,0.000174371700373,1.3613136086930252e-06
phase_013,100,25,0.2598801813471503,0.0012953367875647,0.1025,1.0834788896851856e-05,1.7288881817454886e-06
phase_013,100,26,0.2626303391959799,0.0012562814070351,0.08,0.0003193140734771,1.4251041711197015e-06
phase_013,100,29,0.2671814404432133,0.0013850415512465,0.100625,0.0001343517197933,1.91156912500046e-06
phase_013,100,27,0.2564576198630137,0.0011415525114155,0.069375,0.0001051264142141,1.0462874872989896e-06
phase_013,100,28,0.2585133136094675,0.0011834319526627,0.085,0.000232820326394,1.371442292179881e-06
phase_014,50,6,0.316270783847981,0.002375296912114,0.14,0.0008115881576988,5.868354179888438e-06
phase_014,50,7,0.3032944542253521,0.0017605633802816,0.135,0.0004179392718038,3.827458150285615e-06
phase_014,50,8,0.3283373493975904,0.0048192771084337,0.1825,0.000609416700244,1.5403241336336252e-05
phase_014,50,13,0.3254271488469601,0.0020964360587002,0.11375,0.0005176706051189,4.233398277008043e-06
phase_014,50,10,0.3295051546391752,0.002061855670103,0.135,0.0007254507936689,5.07876199951634e-06
phase_014,50,9,0.3106390056022409,0.0014005602240896,0.16375,0.0001319826349379,3.6195459563616815e-06
phase_014,50,12,0.3232024029574861,0.0018484288354898,0.13125,3.332124326416164e-05,3.9404533739390215e-06
phase_014,50,11,0.2958717310087173,0.0012453300124533,0.165,0.0001795875639314,3.1059485233249707e-06
phase_014,50,15,0.3300784313725489,0.0019607843137254,0.11,0.000272740489545,3.736190442176148e-06
phase_014,50,14,0.2918698910081744,0.0013623978201634,0.04875,0.0003400475148324,1.1044720577985845e-06
phase_014,50,17,0.3091277472527472,0.0018315018315018,0.15,0.0006111549332818,4.592276652277364e-06
phase_014,50,16,0.3070094191522763,0.0015698587127158,0.1375,0.0004384811271581,3.524815687331182e-06
phase_014,50,19,0.2976875,0.0017241379310344,0.14,0.0002174554480955,3.704390118456823e-06
phase_014,50,20,0.3049202127659574,0.0019342359767891,0.185,9.661117260861828e-05,5.5125157976644e-06
phase_014,50,18,0.3123199152542372,0.0010593220338983,0.10125,0.0002295600916741,1.750864151855946e-06
phase_014,50,21,0.335101902173913,0.0018115942028985,0.07125,0.0009559946065821,2.743036481210579e-06
phase_014,50,22,0.3109175712347354,0.0013568521031207,0.16125,0.0003153587080315,3.534360219333721e-06
phase_014,50,23,0.3027239413680782,0.001628664495114,0.1225,0.0002727780836246,3.1543332206403533e-06
phase_014,50,24,0.3151253387533875,0.002710027100271,0.13625,0.0005715640640987,6.305977478525297e-06
phase_014,50,25,0.3232263513513513,0.0027027027027027,0.1125,0.0004405171457371,5.298743178582896e-06
phase_014,50,27,0.3250800492610837,0.0024630541871921,0.105,0.000353015181442,4.486276973383692e-06
phase_014,50,26,0.2999100449775113,0.0014992503748125,0.05375,0.000274919010379,1.332022816559228e-06
phase_014,50,28,0.3313858148893359,0.0020120724346076,0.1175,0.0007576225888749,4.42244877558899e-06
phase_014,50,29,0.3164362026862027,0.0012210012210012,0.125,3.0580764161403096e-05,2.426621645513118e-06
phase_014,100,5,0.4681666666666666,0.0333333333333333,0.09,0.0070580554238328,0.0001803698760308
phase_014,100,0,0.431514423076923,0.0192307692307692,0.095,0.005166960845593,8.229445457620268e-05
phase_014,100,1,0.4113701923076923,0.0192307692307692,0.125625,0.0018899221412371,6.464185875230759e-05
phase_014,100,2,0.3671875,0.0106382978723404,0.070625,0.0021017853329334,2.200404426927141e-05
phase_014,100,3,0.3855163043478261,0.0144927536231884,0.135,0.0013148135973035,4.505966859835606e-05
phase_014,100,4,0.392734375,0.015625,0.045,0.0067366590697186,5.514640520443808e-05
phase_014,100,8,0.3875256849315068,0.0136986301369863,0.0825,0.0039817300779558,4.303515241116028e-05
phase_014,100,7,0.3810129310344827,0.0114942528735632,0.11875,0.0054452887610825,4.985045642766e-05
phase_014,100,6,0.3588407258064516,0.0080645161290322,0.116875,0.0013707348009044,2.0877830340936796e-05
phase_014,100,9,0.3862246621621621,0.0135135135135135,0.105,0.006815623395957,6.297353134972173e-05
phase_014,100,11,0.3974603174603174,0.0158730158730158,0.105,0.0059486949575843,7.065137861877335e-05
phase_014,100,10,0.3650548245614036,0.0087719298245614,0.115,0.0015086766730351,2.324399069669111e-05
phase_014,100,12,0.3525390625,0.0089285714285714,0.0875,0.0001673369222783,1.4297778572670865e-05
phase_014,100,13,0.373966049382716,0.0123456790123456,0.0725,0.0044722759666279,3.738402844446239e-05
phase_014,100,14,0.3772222222222222,0.0138888888888888,0.075,0.0013179887678322,2.6552194238874418e-05
phase_014,100,15,0.3812577160493827,0.0123456790123456,0.090625,0.0002281770470121,2.240207760058663e-05
phase_014,100,16,0.3610122282608695,0.0108695652173913,0.105625,0.0008534299557279,2.407276609222416e-05
phase_014,100,17,0.3686111111111111,0.0111111111111111,0.10875,0.000897204993203,2.5944918290062928e-05
phase_014,100,18,0.3582675438596492,0.0087719298245614,0.08125,0.0007563762898532,1.514427168885285e-05
phase_014,100,19,0.3880017605633803,0.0140845070422535,0.09,0.0020779597206092,3.5947323274808046e-05
phase_014,100,20,0.3823749999999999,0.0133333333333333,0.098125,0.0013070302443949,3.1677373779340184e-05
phase_014,100,21,0.3705595930232559,0.0116279069767441,0.095,0.0027755821395378,3.2426472731281865e-05
phase_014,100,22,0.3441078629032257,0.0080645161290322,0.084375,0.0001323901829981,1.2074689915837464e-05
phase_014,100,23,0.3620405982905983,0.0085470085470085,0.118125,0.0008728256733068,2.097692831300207e-05
phase_014,100,24,0.393106343283582,0.0149253731343283,0.089375,0.002549650506326,4.117877251852948e-05
phase_014,100,25,0.3625344036697248,0.0091743119266055,0.1,0.0012721007131076,2.086103019984357e-05
phase_014,100,26,0.3715390624999999,0.0125,0.063125,0.0018783749891314,2.338199810626219e-05
phase_015,50,0,0.1967561654733492,0.0003977724741447,0.12,3.227906055736085e-05,4.721114148848226e-07
phase_015,50,1,0.2009871820349761,0.0003974562798092,0.10875,0.0001136584522237,4.4344661937285234e-07
phase_015,50,3,0.2104443053817271,0.0004171881518564,0.165,0.000103367819814,7.333828487437769e-07
phase_015,50,2,0.2017532811176968,0.0004233700254022,0.1625,7.787897273070499e-05,7.006595035392813e-07
phase_015,50,4,0.2049989967897271,0.0004012841091492,0.16875,7.534042786494499e-05,7.002904283881804e-07
phase_014,100,27,0.3796450617283951,0.0123456790123456,0.071875,0.0016032435387814,2.4358184355960137e-05
phase_015,50,5,0.2151581455805892,0.0004332755632582,0.2,6.776247234219213e-06,9.328593676753912e-07
phase_014,100,28,0.3933978873239436,0.0140845070422535,0.0925,0.0007482460635525,2.9772164077088053e-05
phase_014,100,29,0.3871440972222222,0.0138888888888888,0.12875,0.0075226900852987,7.506396093921649e-05
phase_015,50,6,0.2063216625716625,0.0004095004095004,0.1775,6.454472409567202e-05,7.552914537711521e-07
phase_015,50,7,0.199140784634246,0.0004086636697997,0.1175,2.894864937863506e-05,4.804728101665542e-07
phase_015,50,8,0.1971420985556499,0.0004248088360237,0.1575,9.59839907234139e-05,6.675516191523804e-07
phase_015,50,9,0.2102112034035656,0.0004051863857374,0.1375,0.0001709415916505,6.001360863420158e-07
phase_015,50,11,0.2128778528178854,0.0004657661853749,0.11375,0.0001892058617583,5.826830579848107e-07
phase_015,50,10,0.2045010204081632,0.0004081632653061,0.11125,1.810956963876897e-05,4.658123883635466e-07
phase_015,50,12,0.1969328419328419,0.0004095004095004,0.07625,1.3136281351355804e-05,3.08514916088416e-07
phase_015,50,13,0.2091993736951982,0.0004175365344467,0.1425,1.326927867206784e-05,6.235162682112197e-07
phase_015,50,15,0.2078827325322652,0.0004450378282153,0.13875,0.0001413331614257,6.549030621883374e-07
phase_015,50,14,0.2048037848605577,0.0003984063745019,0.115,0.0001367443173807,4.803296879306611e-07
phase_015,50,17,0.207689262472885,0.0004338394793926,0.10625,1.3772032160019876e-05,4.79917357956299e-07
phase_015,50,16,0.198731335324232,0.0004266211604095,0.09375,3.2553645596955505e-05,4.001802746550737e-07
phase_015,50,18,0.2100623711340206,0.0004123711340206,0.12375,0.0001812636132805,5.516856023908371e-07
phase_015,50,19,0.2070088378707842,0.0004063388866314,0.14625,0.0001601752696298,6.28569615340035e-07
phase_015,50,21,0.2096009887005649,0.0004035512510088,0.1775,7.186136838843726e-05,7.567679534225609e-07
phase_015,50,20,0.2068883610451306,0.0003958828186856,0.08125,0.0001123769090205,3.419372293239995e-07
phase_015,50,23,0.2004327740016992,0.0004248088360237,0.11,1.975254016695072e-05,4.699827159849566e-07
phase_015,50,22,0.2082508133387555,0.0004066693777958,0.12875,1.900879302030312e-05,5.467967496849555e-07
phase_015,50,26,0.2048272921108742,0.0004264392324093,0.075,6.22942652608316e-05,3.329901539800387e-07
phase_015,50,25,0.206410351397121,0.0004233700254022,0.21,5.899541420095744e-05,9.227290236434418e-07
phase_015,50,27,0.2111375779162956,0.0004452359750667,0.155,8.49920332818277e-05,7.36536616607568e-07
phase_015,50,24,0.1953036310517529,0.0004173622704507,0.14625,0.0001281833351619,6.065077098762093e-07
phase_015,50,29,0.2055235132855335,0.0004217629692113,0.07,5.3767602223642186e-05,3.080484196580808e-07
phase_015,50,28,0.1944085703001579,0.0003949447077409,0.18125,0.0001706941296373,7.089305173959733e-07
phase_015,100,0,0.2092267491467576,0.0005688282138794,0.07875,7.329928324684154e-05,4.773415787906044e-07
phase_015,100,1,0.1963115144100054,0.0005437737901033,0.075625,7.339032865916195e-05,4.1147921719682493e-07
phase_015,100,2,0.201909664448142,0.0005546311702717,0.093125,4.321398087880901e-05,5.262713230534498e-07
phase_015,100,3,0.1984640363128491,0.000558659217877,0.06125,1.663273090657391e-05,3.413950335858797e-07
phase_015,100,4,0.199240170031881,0.0005313496280552,0.09875,1.9203549088464555e-05,5.24747320891612e-07
phase_015,100,5,0.1976651622187336,0.0005232862375719,0.08125,9.250321754283863e-05,4.297746651046393e-07
phase_015,100,6,0.2053991484832357,0.0005321979776476,0.1275,2.3550580055875517e-05,6.994448327144178e-07
phase_015,100,7,0.2014467467602591,0.0005399568034557,0.08375,7.600234581439658e-05,4.63751985620434e-07
phase_015,100,9,0.1987169438386041,0.0005452562704471,0.10375,8.152579280995553e-05,5.70907689505983e-07
phase_015,100,8,0.2050718618143459,0.0005274261603375,0.114375,3.7786648939386325e-05,6.226285275319179e-07
phase_015,100,10,0.2011621989678899,0.0005733944954128,0.07875,7.358548514924124e-05,4.6265984887660956e-07
phase_015,100,11,0.2057502701242571,0.0005402485143165,0.104375,4.288674401098369e-05,5.848639553624942e-07
phase_015,100,12,0.197545223841749,0.0005205622071837,0.0625,5.313516568361543e-05,3.268221877690288e-07
phase_015,100,15,0.1999316199788583,0.0005285412262156,0.096875,2.663553165638266e-05,5.146638843898807e-07
phase_015,100,13,0.2001531799379524,0.0005170630816959,0.088125,9.508590567608444e-05,4.658514454446491e-07
phase_015,100,14,0.1919249875807253,0.0004967709885742,0.10875,4.358052394581868e-05,5.225813767944643e-07
phase_015,100,16,0.2052690598060345,0.0005387931034482,0.071875,7.52568431570122e-05,4.057831816361781e-07
phase_015,100,17,0.2042407558455682,0.0005437737901033,0.12375,7.477821896917369e-06,6.880190064115054e-07
phase_015,100,18,0.2042244199881023,0.0005948839976204,0.10125,4.683478099876126e-05,6.207322618527722e-07
phase_015,100,20,0.2072472426470588,0.0006127450980392,0.0875,6.802515177573021e-05,5.642185733560357e-07
phase_016,50,0,0.1971508016032064,0.0004008016032064,0.16125,7.119914386199966e-05,6.427115455758344e-07
phase_016,50,1,0.1980766932270916,0.0003984063745019,0.11875,7.828129697018404e-05,4.747354846538799e-07
phase_016,50,3,0.1901492459153749,0.0004189359028068,0.08,4.238595139793855e-05,3.220178635765495e-07
phase_015,100,19,0.2021720532319391,0.0005431830526887,0.111875,2.2599614149076963e-05,6.167674813475981e-07
phase_016,50,2,0.1854563812600969,0.0004038772213247,0.08125,8.81376580006421e-05,3.108894345616652e-07
phase_016,50,4,0.2019444444444444,0.0004444444444444,0.14125,5.1438526230018766e-05,6.384979393295338e-07
phase_015,100,21,0.2039975278904665,0.0005070993914807,0.115,6.117668196936599e-05,6.0114892355805e-07
phase_015,100,22,0.209281233135456,0.0005396654074473,0.085,3.047723606253161e-05,4.834449834708124e-07
phase_015,100,23,0.2077989757645701,0.0005770340450086,0.121875,0.0001722054387012,7.513324422092046e-07
phase_016,50,5,0.1895243041130037,0.0004154549231408,0.12125,0.0001041457905447,4.855543216304013e-07
phase_015,100,24,0.1951788574479444,0.0005339028296849,0.101875,8.371097740877964e-05,5.395253166321214e-07
phase_015,100,26,0.2080098396501457,0.0005830903790087,0.095625,5.783642961953994e-05,5.869257097832985e-07
phase_015,100,25,0.1971570200205338,0.0005133470225872,0.1125,0.0001363786461017,5.831089553774914e-07
phase_015,100,27,0.2026290431266846,0.0005390835579514,0.083125,0.0001246630676846,4.676211960180394e-07
phase_015,100,28,0.2075443475646422,0.0006013229104028,0.09875,6.862597556689387e-05,6.247703845011661e-07
phase_015,100,29,0.1983996962493396,0.0005282620179609,0.05,6.3496431021992095e-06,2.626830469551597e-07
phase_016,50,6,0.2026224361657597,0.0004185851820845,0.12,3.780903920769241e-05,5.12095260204231e-07
phase_016,50,7,0.1994094446781658,0.0004206983592763,0.10125,3.9598036517318747e-05,4.280212604776941e-07
phase_016,50,8,0.2065533769063181,0.0004357298474945,0.13125,6.107514376196832e-05,5.961315089920637e-07
phase_016,50,10,0.1987198795180722,0.0004016064257028,0.1275,1.5493123549203958e-05,5.100072383826374e-07
phase_016,50,9,0.2008639330885352,0.0004079967360261,0.1125,2.1124453929544096e-05,4.6271022624383793e-07
phase_016,50,12,0.1970877281947261,0.0004056795131845,0.155,6.269529556179876e-06,6.201482924325375e-07
phase_016,50,11,0.2038339061868176,0.0004043671653861,0.1625,3.4287331918347874e-05,6.725189682836774e-07
phase_016,50,13,0.1918960949764521,0.0003924646781789,0.13375,1.716269018148253e-05,5.049445009341213e-07
phase_016,50,15,0.1911426134082697,0.0004014452027298,0.1275,7.670202729992415e-05,4.95060291621654e-07
phase_016,50,14,0.2072350625756963,0.0004037141703673,0.18,4.82328412569899e-05,7.570089217026093e-07
phase_016,50,17,0.2039475051975052,0.0004158004158004,0.13,1.3627634880553074e-05,5.523651168064099e-07
phase_016,50,16,0.188953187250996,0.0003984063745019,0.0725,1.9654681849501365e-05,2.743701667588558e-07
phase_016,50,18,0.1907785773884021,0.0004171881518564,0.07,3.0436594481098037e-05,2.809894330642717e-07
phase_016,50,19,0.1949214951377633,0.0004051863857374,0.11625,0.0001281250904467,4.691878138909239e-07
phase_016,50,21,0.1918587043722422,0.0004011231448054,0.0725,1.9808938286902663e-05,2.805007302784168e-07
phase_016,50,20,0.1960083776052309,0.0004086636697997,0.12875,1.2576565476374311e-05,5.166608267382691e-07
phase_016,50,22,0.1949576604962583,0.0003938558487593,0.08625,5.966951041491697e-06,3.315944126449228e-07
phase_016,50,23,0.1926691033138401,0.0003898635477582,0.10375,0.000146813000756,4.006851082460134e-07
phase_016,50,24,0.1937446099568796,0.000392003136025,0.12625,5.534048923472312e-05,4.836278995901244e-07
phase_016,50,25,0.1976899363564041,0.0003977724741447,0.13,6.320017183780724e-05,5.161012825238492e-07
phase_016,50,26,0.1933379629629629,0.0004115226337448,0.11625,2.5782460297385512e-05,4.645109621713138e-07
phase_016,50,27,0.2021833733493397,0.0004001600640256,0.09625,5.1228934710323415e-05,3.93503450610854e-07
phase_016,50,28,0.1942902892561983,0.0004132231404958,0.18875,1.3327652243044774e-05,7.587619992829665e-07
phase_016,50,29,0.1967354955680902,0.0004029008863819,0.14625,3.703819497125061e-05,5.825604508397568e-07
phase_016,100,0,0.1981960227272727,0.0005165289256198,0.0925,2.2055052613434437e-05,4.757375148877375e-07
phase_016,100,1,0.1920858690360272,0.0004868549172346,0.106875,7.150508540942901e-06,5.004052455250278e-07
phase_016,100,4,0.1983817829457364,0.000516795865633,0.06625,3.1751180446293326e-05,3.428622799975811e-07
phase_016,100,2,0.1902647445081184,0.0004775549188156,0.07625,6.50340075279976e-05,3.5231997004004535e-07
phase_016,100,5,0.1985496794871795,0.0005128205128205,0.074375,1.6301502237747734e-05,3.803042454550836e-07
phase_016,100,3,0.1954244942196532,0.0004816955684007,0.060625,8.10795927785879e-05,2.9297949735723254e-07
phase_016,100,6,0.1918752967711301,0.0004748338081671,0.094375,1.874243777133522e-05,4.316276198710161e-07
phase_016,100,9,0.2070653603366649,0.0005260389268805,0.08,2.3809300279897805e-05,4.382911744810524e-07
phase_016,100,7,0.1941553232863393,0.0004861448711716,0.090625,4.532206838714359e-05,4.319717207005038e-07
phase_016,100,8,0.1888140782828282,0.0005050505050505,0.089375,4.424345710907218e-06,4.265647934766658e-07
phase_016,100,10,0.1855447697207251,0.0004899559039686,0.044375,2.3428786297685637e-05,2.0383368279093534e-07
phase_016,100,11,0.1940940766550522,0.0004977600796416,0.093125,0.000124162799224,4.618465944725618e-07
phase_016,100,12,0.1967438833940656,0.0005205622071837,0.0975,4.039168003799887e-05,5.034217842444334e-07
phase_016,100,13,0.1995235309412376,0.000520020800832,0.1025,2.8822749036816475e-05,5.347420243021851e-07
phase_016,100,14,0.1907744047619047,0.0004761904761904,0.11125,9.67825570271641e-05,5.141172672363274e-07
phase_016,100,15,0.1892894900497512,0.0004975124378109,0.073125,0.0002184458116496,3.648951215348601e-07
phase_016,100,16,0.1898045897948974,0.0005002501250625,0.0825,1.2851861974416678e-05,3.9288808168789737e-07
phase_016,100,17,0.1893933234081539,0.0004580852038479,0.08125,2.88672289938674e-06,3.527059562021524e-07
phase_016,100,18,0.1963035620399579,0.0005257623554153,0.081875,6.430292420689376e-05,4.29148580532322e-07
phase_016,100,19,0.1963717808551992,0.0004859086491739,0.134375,0.000202837421896,6.604491974648597e-07
phase_017,50,1,0.1622360040227958,0.0003352329869259,1.0,1.0387093390185065e-05,2.7199079321705767e-06
phase_017,50,0,0.1615590405904059,0.0003354579000335,1.0,8.112711296970332e-06,2.71025250297686e-06
phase_016,100,21,0.1911950657894736,0.0005263157894736,0.069375,5.407114550026737e-05,3.544979056202488e-07
phase_016,100,20,0.1962866921558954,0.0004933399111988,0.070625,2.6530533124846656e-05,3.445214466027204e-07
phase_016,100,22,0.1989029033793431,0.0004759638267491,0.076875,5.783593452468594e-05,3.693654308238781e-07
phase_016,100,23,0.1984569854664791,0.0004688232536333,0.075,5.8355788617237e-05,3.543341816187495e-07
phase_017,50,2,0.1623581262592343,0.0003357958361316,1.0,6.267677672422423e-06,2.726300846663737e-06
phase_016,100,24,0.1991301443078568,0.0005344735435595,0.086875,0.0001341666119828,4.76583741925544e-07
phase_016,100,28,0.192472972972973,0.0006006006006006,0.139375,2.3154039170414364e-05,8.082597940906113e-07
phase_017,50,3,0.1611711938296445,0.0003353454057679,1.0,1.7281014730308186e-05,2.703334974264553e-06
phase_016,100,25,0.1933189333664843,0.0004972650422675,0.106875,0.0002011539612088,5.330357630037287e-07
phase_017,50,4,0.1613923412831709,0.0003359086328518,1.0,7.850151063193422e-06,2.7110796165327726e-06
phase_016,100,26,0.18975875,0.0005,0.04125,2.1371882153453647e-05,1.9771646175879337e-07
phase_016,100,27,0.1942888235294118,0.0004705882352941,0.103125,4.777029206304295e-05,4.7580375537323043e-07
phase_017,50,5,0.161626050420168,0.0003361344537815,1.0,1.3829861306824398e-05,2.7171555586115243e-06
phase_016,100,29,0.1908102318548387,0.0005040322580645,0.103125,2.8559331506361474e-06,4.961744955988644e-07
phase_017,50,6,0.1610487927565392,0.0003353454057679,1.0,8.099552466500626e-07,2.7003923809998727e-06
phase_017,50,7,0.1615732975511573,0.0003354579000335,1.0,3.0240231911782267e-05,2.711691006892508e-06
phase_017,50,8,0.1616628978224455,0.0003350083752093,1.0,2.257684494688661e-06,2.708043509192649e-06
phase_017,50,9,0.1611668905305574,0.0003357958361316,1.0,1.66749473915484e-05,2.706860972447525e-06
phase_017,50,10,0.1617240368509213,0.0003350083752093,1.0,4.803052173785183e-05,2.711547582048096e-06
phase_017,50,12,0.161807092555332,0.0003353454057679,1.0,9.525364897511324e-06,2.7135801138048942e-06
phase_017,50,11,0.161227760993622,0.0003356831151393,1.0,1.0978660573979226e-06,2.706131270952469e-06
phase_017,50,13,0.1611307524353376,0.0003359086328518,1.0,3.266581096394994e-05,2.708028581950424e-06
phase_017,50,14,0.1624394754539341,0.0003362474781439,1.0,4.814664154584314e-05,2.73362296163224e-06
phase_017,50,15,0.1612315807099799,0.0003348961821835,1.0,2.043497620551893e-05,2.7008954450818426e-06
phase_017,50,16,0.1605201680672269,0.0003361344537815,1.0,1.3829599787795743e-05,2.698564145560869e-06
phase_017,50,17,0.1613967628312646,0.0003354579000335,1.0,3.2710361400845045e-05,2.708861955050108e-06
phase_017,50,18,0.1609553900234348,0.0003347840642785,1.0,6.095830077157416e-06,2.6945934576094176e-06
phase_017,50,20,0.1607336865119408,0.0003363605785401,1.0,4.064678053472548e-05,2.705421336184739e-06
phase_017,50,19,0.1612000503693754,0.0003357958361316,1.0,5.655651754254976e-06,2.7068214270706616e-06
phase_017,50,21,0.1617220455306327,0.0003347840642785,1.0,1.3539857262712118e-05,2.707831258769453e-06
phase_017,50,22,0.1611851138647019,0.0003348961821835,1.0,7.14804116892509e-05,2.702872495489728e-06
phase_017,50,23,0.1606836461126005,0.0003351206434316,1.0,1.7968413782210035e-05,2.6933879141660226e-06
phase_017,50,24,0.1617188546550569,0.0003348961821835,1.0,1.0606786409406156e-05,2.70852580378518e-06
phase_017,50,25,0.1617811140849782,0.0003345600535296,1.0,7.373288805179179e-06,2.706673992347368e-06
phase_017,50,26,0.1610447447951645,0.0003357958361316,1.0,2.961634397524726e-05,2.7055093338870003e-06
phase_017,50,27,0.1616165382037533,0.0003351206434316,1.0,2.0974729630252043e-05,2.709187926736015e-06
phase_017,50,28,0.1616795302013422,0.0003355704697986,1.0,7.785382046265887e-06,2.7131661902613394e-06
phase_017,50,29,0.1611426174496644,0.0003355704697986,1.0,2.02977661920567e-05,2.704832787803956e-06
phase_017,100,0,0.1482483136593591,0.0003372681281618,1.0,1.2981419505786462e-05,2.500620626144552e-06
phase_017,100,2,0.1479790683962264,0.0003369272237196,1.0,1.159053198640514e-05,2.493486716959867e-06
phase_017,100,1,0.1479107684529828,0.0003370407819346,1.0,4.3425293261289966e-05,2.4947628888256537e-06
phase_017,100,3,0.1484357070536618,0.0003374957813027,1.0,4.071108922087952e-05,2.5068607262897464e-06
phase_017,100,4,0.1486527122641509,0.0003369272237196,1.0,8.403105373755437e-06,2.5046781528345005e-06
phase_017,100,7,0.1477862129878869,0.0003364737550471,1.0,7.463733355161928e-05,2.490020531045577e-06
phase_017,100,6,0.1480121673964297,0.0003368137420006,1.0,7.435466591165785e-05,2.496333366479997e-06
phase_017,100,5,0.1476907029669588,0.0003371544167228,1.0,8.53007973534714e-05,2.49397615747563e-06
phase_017,100,8,0.1478149224806201,0.0003370407819346,1.0,1.4344241703989624e-05,2.4916974779260284e-06
phase_017,100,10,0.1478424426450742,0.0003373819163292,1.0,4.341441758870523e-06,2.494184879085001e-06
phase_017,100,9,0.1478004807692307,0.0003373819163292,1.0,2.946072800624755e-05,2.494729537187812e-06
phase_017,100,11,0.1478912326682448,0.0003381805884342,1.0,2.627270554833583e-05,2.502011206026823e-06
phase_017,100,14,0.148133431703204,0.0003372681281618,1.0,4.438272602436122e-06,2.49825600057728e-06
phase_017,100,13,0.1482329410768709,0.0003386386725364,1.0,1.1018876436619252e-05,2.510423438640404e-06
phase_017,100,16,0.1474415315771698,0.000337723741979,1.0,2.1570317100927383e-05,2.490799371647572e-06
phase_017,100,17,0.1478664302600472,0.000337723741979,1.0,5.601180943393125e-06,2.4971799188225954e-06
phase_017,100,15,0.1484031755390835,0.0003369272237196,1.0,1.1371123886383394e-05,2.500622064638937e-06
phase_017,100,12,0.1477722250337381,0.0003373819163292,1.0,5.223689678368615e-05,2.4953881289316774e-06
phase_018,50,2,0.3000441919191919,0.0003367003367003,1.0,1.6218397425271647e-05,5.052887485491342e-06
phase_018,50,1,0.3015465744178198,0.0003374957813027,1.0,1.198909956023897e-05,5.08975497563069e-06
phase_018,50,0,0.3012222222222222,0.0003367003367003,1.0,1.6407152452879714e-05,5.072745222233438e-06
phase_017,100,18,0.1480493509777478,0.0003371544167228,1.0,2.3109173599600297e-05,2.496928134538248e-06
phase_018,50,3,0.300557900067522,0.00033760972316,1.0,5.447058312213482e-05,5.079090670984045e-06
phase_018,50,5,0.3004656366092536,0.000337723741979,1.0,1.7886349353402053e-05,5.075533962785467e-06
phase_018,50,4,0.2999055011812352,0.0003374957813027,1.0,1.9504819488092014e-05,5.062816288128851e-06
phase_017,100,19,0.1481639440889188,0.0003368137420006,1.0,7.372547592421341e-06,2.495550538961003e-06
phase_017,100,22,0.1477420033670033,0.0003367003367003,1.0,1.0859127619222695e-05,2.487779298861768e-06
phase_017,100,21,0.1475169147496617,0.0003382949932341,1.0,2.0972794299578545e-05,2.496258315085196e-06
phase_017,100,20,0.1482306753115527,0.0003368137420006,1.0,4.8118182238710006e-06,2.496546657003179e-06
phase_017,100,23,0.1485530533063427,0.0003373819163292,1.0,2.685461257700972e-06,2.506090282991399e-06
phase_017,100,25,0.1479165964261631,0.0003371544167228,1.0,9.194820464686336e-06,2.493995242028336e-06
phase_017,100,24,0.1478928149273894,0.000337723741979,1.0,5.409440463122195e-06,2.497615928317036e-06
phase_017,100,26,0.1472783003023177,0.0003359086328518,1.0,1.8643324823819363e-05,2.474524948709414e-06
phase_017,100,28,0.1472932871153195,0.0003381805884342,1.0,8.44478277794991e-06,2.4910071746974363e-06
phase_017,100,27,0.1479554263565891,0.0003370407819346,1.0,5.8232361175969416e-05,2.4962545034226486e-06
phase_017,100,29,0.1472901150981719,0.0003385240352064,1.0,1.0113303580139288e-05,2.4935664673517065e-06
phase_018,50,6,0.2998283152909337,0.0003382949932341,1.0,2.3909944679489925e-05,5.073946090317536e-06
phase_018,50,7,0.3012381716796215,0.0003379520108144,1.0,1.2051048400185673e-05,5.091429138143958e-06
phase_018,50,8,0.3011735125084517,0.0003380662609871,1.0,1.1980254742471884e-05,5.092049952949331e-06
phase_018,50,9,0.2990367746288799,0.0003373819163292,1.0,2.9191736264033707e-05,5.047425146458235e-06
phase_018,50,10,0.3007751937984496,0.0003370407819346,1.0,1.3905178095963144e-05,5.070084941880384e-06
phase_018,50,13,0.301695251774248,0.0003379520108144,1.0,8.542715488779606e-06,5.098796852116467e-06
phase_018,50,11,0.3013679245283019,0.0003369272237196,1.0,4.509540265806855e-05,5.081531851185959e-06
phase_018,50,12,0.3001937984496123,0.0003370407819346,1.0,4.110044124117085e-05,5.06303607012294e-06
phase_018,50,15,0.2992765382014875,0.0003380662609871,1.0,1.319643232322587e-05,5.060100166550602e-06
phase_018,50,14,0.3011856586522181,0.0003386386725364,1.0,2.1532020404002598e-05,5.101851699410227e-06
phase_018,50,18,0.3001959049544995,0.0003370407819346,1.0,4.590475143317896e-05,5.063557689963994e-06
phase_018,50,16,0.2998641487213997,0.0003364737550471,1.0,4.261406079453245e-05,5.049120412225337e-06
phase_018,50,17,0.3015825185434929,0.0003371544167228,1.0,3.618043566711027e-05,5.087672728956553e-06
phase_018,50,19,0.3002222034471105,0.0003379520108144,1.0,7.680447440594484e-06,5.073814130858264e-06
phase_018,50,21,0.3010698046480297,0.0003368137420006,1.0,7.299200284749396e-06,5.070962546717852e-06
phase_018,50,20,0.3018638204522443,0.0003374957813027,1.0,3.145016552019708e-05,5.097092369129261e-06
phase_018,50,22,0.3014046695886716,0.0003371544167228,1.0,3.589627753353142e-05,5.084643555328064e-06
phase_018,50,23,0.3009500337040782,0.0003370407819346,1.0,1.0109959885040707e-05,5.072647211989235e-06
phase_018,50,24,0.2989294763513513,0.0003378378378378,1.0,2.077504151798415e-05,5.051582462787067e-06
phase_018,50,26,0.3005403930131004,0.0003359086328518,1.0,5.8858313150444985e-05,5.053647615458966e-06
phase_018,50,25,0.3016270242914979,0.0003373819163292,1.0,6.0006011440849605e-05,5.094281595561877e-06
phase_018,50,27,0.3004018007404914,0.0003365870077415,1.0,3.112156970352942e-05,5.058713905286227e-06
phase_018,50,29,0.3019803229061554,0.0003363605785401,1.0,1.599295821108626e-06,5.0788762533388e-06
phase_018,50,28,0.3002435119649477,0.0003370407819346,1.0,3.5511175076385904e-05,5.063308930962698e-06
phase_018,100,1,0.2826123595505618,0.0003404834865509,1.0,1.044183083853678e-05,4.812246839625262e-06
phase_018,100,0,0.2826897283531409,0.0003395585738539,1.0,6.177739335866406e-06,4.800079049613495e-06
phase_018,100,3,0.2823012534340659,0.0003434065934065,1.0,3.444004086750052e-05,4.850544346980946e-06
phase_018,100,4,0.2824916837256909,0.0003411804844762,1.0,4.747853192887952e-05,4.823608487447957e-06
phase_018,100,2,0.2825649710293115,0.0003408316291751,1.0,1.546794935580742e-05,4.816843644215127e-06
phase_018,100,7,0.2832355587932808,0.0003428179636612,1.0,3.154988643294665e-05,4.857975313465115e-06
phase_018,100,6,0.2818384850543478,0.0003396739130434,1.0,4.028699440783434e-05,4.790515855363006e-06
phase_018,100,5,0.2824005145797599,0.0003430531732418,1.0,3.134137718407981e-05,4.846955934831018e-06
phase_018,100,8,0.2817950034223134,0.0003422313483915,1.0,6.400111368398687e-05,4.828126408338564e-06
phase_018,100,9,0.2817787969283276,0.0003412969283276,1.0,3.226731216221524e-06,4.808822208483447e-06
phase_018,100,10,0.2827626103940217,0.0003396739130434,1.0,0.0001176219774279,4.813651364496711e-06
phase_018,100,11,0.2825574174889418,0.0003402517863218,1.0,5.2420099687644495e-05,4.812073005253266e-06
phase_018,100,12,0.2827939799046322,0.0003405994550408,1.0,4.645405559733362e-05,4.820448202485249e-06
phase_018,100,13,0.2825093601089176,0.0003403675970047,1.0,3.483122306358055e-05,4.811200868613133e-06
phase_018,100,15,0.2823618913857678,0.0003404834865509,1.0,2.1357563599222477e-05,4.809031369200428e-06
phase_018,100,14,0.282594988046448,0.0003415300546448,1.0,4.839752306895484e-05,4.830405157027169e-06
phase_018,100,16,0.283319738640246,0.0003416467372736,1.0,4.403240780004314e-05,4.844025344134578e-06
phase_018,100,17,0.2824710982658959,0.000340020401224,1.0,2.655210043134293e-05,4.804847029671848e-06
noise_rich_control,50,0,0.018695,0.0003333333333333,1.0,8.971951185543503e-06,3.1163924354247125e-07
noise_rich_control,50,1,0.0190591666666666,0.0003333333333333,1.0,1.777708895045471e-05,3.1776571661149605e-07
noise_rich_control,50,2,0.0186649999999999,0.0003333333333333,1.0,6.278804032255891e-06,3.111223979590873e-07
noise_rich_control,50,3,0.0188479166666666,0.0003333333333333,1.0,3.028910536551077e-05,3.143222399557235e-07
noise_rich_control,50,4,0.0191775,0.0003333333333333,1.0,6.971530453481201e-06,3.196695655084239e-07
noise_rich_control,50,5,0.0187595833333333,0.0003333333333333,1.0,9.249206975547876e-05,3.132380931189724e-07
phase_018,100,20,0.2819752055498458,0.000342583076396,1.0,1.3893778056939254e-05,4.831338807268161e-06
phase_018,100,21,0.2826005185311118,0.000340020401224,1.0,4.222018900723601e-05,4.808554020354138e-06
phase_018,100,18,0.2834757194244604,0.000342583076396,1.0,1.9022289788672708e-05,4.857546532547436e-06
phase_018,100,19,0.2833595083646296,0.0003414134516899,1.0,1.3642724948637053e-05,4.838457225696716e-06
phase_018,100,22,0.2835242759795571,0.0003407155025553,1.0,2.3911989720515336e-06,4.830286801340759e-06
phase_018,100,23,0.2829427705701605,0.0003414134516899,1.0,2.686648220806553e-05,4.8326187113074254e-06
phase_018,100,25,0.2824602971311475,0.0003415300546448,1.0,1.1324336766760368e-05,4.824526479537339e-06
phase_018,100,24,0.2834128373761531,0.0003416467372736,1.0,9.113450305520132e-06,4.84223598825317e-06
phase_018,100,27,0.2821914314858891,0.000340020401224,1.0,4.496283447608107e-05,4.801856409697016e-06
phase_018,100,26,0.281617117888965,0.0003427004797806,1.0,2.41651171652979e-05,4.827848253974569e-06
phase_018,100,28,0.282337431459904,0.0003427004797806,1.0,8.606408494959972e-05,4.846185978643188e-06
phase_018,100,29,0.2829133858267716,0.0003423485107839,1.0,2.5245533758155855e-05,4.845193971506712e-06
noise_rich_control,50,6,0.0191829166666666,0.0003333333333333,1.0,4.494972131052766e-05,3.200027000304743e-07
noise_rich_control,50,7,0.0187520833333333,0.0003333333333333,1.0,1.2942486508071838e-05,3.126156217507355e-07
noise_rich_control,50,8,0.0189354166666666,0.0003333333333333,1.0,3.719843777449938e-07,3.1559262567083985e-07
noise_rich_control,50,9,0.0188308333333333,0.0003333333333333,1.0,1.7296538395772387e-05,3.139557916328137e-07
noise_rich_control,50,10,0.0190483333333333,0.0003333333333333,1.0,2.04705413274775e-05,3.176021987871287e-07
noise_rich_control,50,11,0.0186845833333333,0.0003333333333333,1.0,2.752224984481355e-05,3.115811361458043e-07
noise_rich_control,50,12,0.0186758333333333,0.0003333333333333,1.0,3.153932201960252e-05,3.114602299293837e-07
noise_rich_control,50,14,0.0188658333333333,0.0003333333333333,1.0,1.854522043098772e-05,3.1454717923481586e-07
noise_rich_control,50,16,0.0185883333333333,0.0003333333333333,1.0,4.860030801312476e-05,3.101066884640391e-07
noise_rich_control,50,15,0.0191612499999999,0.0003333333333333,1.0,6.547522863664668e-06,3.1939598624082376e-07
noise_rich_control,50,13,0.019055,0.0003333333333333,1.0,1.701727355740701e-05,3.176914213825455e-07
noise_rich_control,50,17,0.0190525,0.0003333333333333,1.0,6.418937724794738e-05,3.179493227033388e-07
noise_rich_control,50,19,0.01891125,0.0003333333333333,1.0,1.8214342321187796e-05,3.1530231866040725e-07
noise_rich_control,50,18,0.01878875,0.0003333333333333,1.0,3.62222808411028e-05,3.133726904597178e-07
noise_rich_control,50,21,0.0189429166666666,0.0003333333333333,1.0,7.0629128039456646e-06,3.157598751673341e-07
noise_rich_control,50,20,0.0188454166666666,0.0003333333333333,1.0,4.28887517003318e-05,3.1435969657647974e-07
noise_rich_control,50,22,0.0184808333333333,0.0003333333333333,1.0,9.180749992454552e-07,3.080195444859051e-07
noise_rich_control,50,23,0.0185254166666666,0.0003333333333333,1.0,2.005415312056336e-05,3.08880781625263e-07
noise_rich_control,50,24,0.0190424999999999,0.0003333333333333,1.0,1.3021843846328096e-05,3.174576561538145e-07
noise_rich_control,50,25,0.0189104166666666,0.0003333333333333,1.0,1.1087334460757605e-05,3.15243499815903e-07
noise_rich_control,50,26,0.0188620833333333,0.0003333333333333,1.0,6.933402727948845e-06,3.1441164836223493e-07
noise_rich_control,50,28,0.0189820833333333,0.0003333333333333,1.0,1.8984824070811257e-05,3.164881793930825e-07
noise_rich_control,50,27,0.0186987499999999,0.0003333333333333,1.0,2.382163664660375e-05,3.117943116094152e-07
noise_rich_control,50,29,0.0187154166666666,0.0003333333333333,1.0,1.6723174282473607e-05,3.120279381693397e-07
noise_rich_control,100,0,0.0190835416666666,0.0003333333333333,1.0,5.519752887095386e-06,3.180941399225146e-07
noise_rich_control,100,4,0.0188927083333333,0.0003333333333333,1.0,3.74057314891374e-05,3.151140374138953e-07
noise_rich_control,100,1,0.0186739583333333,0.0003333333333333,1.0,3.733390384286217e-05,3.114650294771497e-07
noise_rich_control,100,3,0.0190741666666666,0.0003333333333333,1.0,4.542948686792059e-06,3.1793166209791445e-07
noise_rich_control,100,2,0.0186064583333333,0.0003333333333333,1.0,5.804912504236981e-06,3.101436418431018e-07
noise_rich_control,100,6,0.0188235416666666,0.0003333333333333,1.0,1.7937923261657218e-05,3.138382461930875e-07
noise_rich_control,100,5,0.0187054166666666,0.0003333333333333,1.0,3.687032862687012e-05,3.11986836064312e-07
noise_rich_control,100,7,0.01885875,0.0003333333333333,1.0,1.4381852941669491e-05,3.144029079230546e-07
noise_rich_control,100,8,0.0188445833333333,0.0003333333333333,1.0,4.060859404853012e-05,3.1433147290042125e-07
noise_rich_control,100,9,0.0188422916666666,0.0003333333333333,1.0,1.5070603154310191e-05,3.141328493445199e-07
noise_rich_control,100,10,0.0188627083333333,0.0003333333333333,1.0,7.048900730444174e-06,3.144227926750718e-07
noise_rich_control,100,11,0.01895,0.0003333333333333,1.0,1.6529266177345292e-05,3.159377431980203e-07
noise_rich_control,100,12,0.0188858333333333,0.0003333333333333,1.0,1.1301166322419398e-05,3.148350328701014e-07
noise_rich_control,100,13,0.0185670833333333,0.0003333333333333,1.0,1.5068297479103876e-05,3.095446470005509e-07
noise_rich_control,100,14,0.0190685416666666,0.0003333333333333,1.0,2.7862351659191376e-06,3.1782673759156257e-07
noise_rich_control,100,15,0.018911875,0.0003333333333333,1.0,3.3895579716558544e-05,3.154115929888841e-07
noise_rich_control,100,16,0.0191735416666666,0.0003333333333333,1.0,2.183815990552951e-05,3.196985994007352e-07
noise_rich_control,100,17,0.0189233333333333,0.0003333333333333,1.0,1.037863204167433e-05,3.154543549934452e-07
collapse_attractor_control,50,0,0.0,0.0,1.0,0.0,1.0
collapse_attractor_control,50,1,0.0,0.0,1.0,0.0,1.0
collapse_attractor_control,50,2,0.0,0.0,1.0,0.0,1.0
collapse_attractor_control,50,3,0.0,0.0,1.0,0.0,1.0
collapse_attractor_control,50,4,0.0,0.0,1.0,0.0,1.0
collapse_attractor_control,50,5,0.0,0.0,1.0,0.0,1.0
collapse_attractor_control,50,6,0.0,0.0,1.0,0.0,1.0
collapse_attractor_control,50,7,0.0,0.0,1.0,0.0,1.0
collapse_attractor_control,50,8,0.0,0.0,1.0,0.0,1.0
collapse_attractor_control,50,9,0.0,0.0,1.0,0.0,1.0
collapse_attractor_control,50,10,0.0,0.0,1.0,0.0,1.0
collapse_attractor_control,50,11,0.0,0.0,1.0,0.0,1.0
collapse_attractor_control,50,12,0.0,0.0,1.0,0.0,1.0
collapse_attractor_control,50,13,0.0,0.0,1.0,0.0,1.0
collapse_attractor_control,50,14,0.0,0.0,1.0,0.0,1.0
collapse_attractor_control,50,15,0.0,0.0,1.0,0.0,1.0
collapse_attractor_control,50,16,0.0,0.0,1.0,0.0,1.0
collapse_attractor_control,50,17,0.0,0.0,1.0,0.0,1.0
noise_rich_control,100,18,0.0187106249999999,0.0003333333333333,1.0,1.41914510893848e-05,3.119322603065131e-07
noise_rich_control,100,19,0.0188716666666666,0.0003333333333333,1.0,3.873322416025893e-06,3.145521431276204e-07
noise_rich_control,100,21,0.0188685416666666,0.0003333333333333,1.0,6.483828995595964e-06,3.1451647457696545e-07
noise_rich_control,100,20,0.0186666666666666,0.0003333333333333,1.0,2.078243189029827e-05,3.112404240206508e-07
noise_rich_control,100,22,0.0189604166666666,0.0003333333333333,1.0,6.796608264636461e-06,3.160498999526503e-07
noise_rich_control,100,24,0.0188872916666666,0.0003333333333333,1.0,3.096258558832332e-05,3.14983127572698e-07
noise_rich_control,100,23,0.0188283333333333,0.0003333333333333,1.0,8.781519364120527e-06,3.138606693468092e-07
noise_rich_control,100,25,0.018900625,0.0003333333333333,1.0,1.2902534705316882e-05,3.1509170532333825e-07
collapse_attractor_control,50,18,0.0,0.0,1.0,0.0,1.0
noise_rich_control,100,26,0.0190402083333333,0.0003333333333333,1.0,5.344012815600152e-06,3.173707225946705e-07
collapse_attractor_control,50,19,0.0,0.0,1.0,0.0,1.0
collapse_attractor_control,50,20,0.0,0.0,1.0,0.0,1.0
noise_rich_control,100,27,0.0189216666666666,0.0003333333333333,1.0,7.692764053746082e-05,3.158463108350121e-07
collapse_attractor_control,50,21,0.0,0.0,1.0,0.0,1.0
noise_rich_control,100,28,0.0189185416666666,0.0003333333333333,1.0,6.9075951323327445e-06,3.153525883198869e-07
collapse_attractor_control,50,22,0.0,0.0,1.0,0.0,1.0
collapse_attractor_control,50,23,0.0,0.0,1.0,0.0,1.0
noise_rich_control,100,29,0.0188862499999999,0.0003333333333333,1.0,1.1818653556483484e-05,3.148452366819104e-07
collapse_attractor_control,50,24,0.0,0.0,1.0,0.0,1.0
collapse_attractor_control,50,25,0.0,0.0,1.0,0.0,1.0
collapse_attractor_control,50,28,0.0,0.0,1.0,0.0,1.0
collapse_attractor_control,50,27,0.0,0.0,1.0,0.0,1.0
collapse_attractor_control,50,26,0.0,0.0,1.0,0.0,1.0
collapse_attractor_control,50,29,0.0,0.0,1.0,0.0,1.0
collapse_attractor_control,100,0,0.0,0.0,1.0,0.0,1.0
collapse_attractor_control,100,1,0.0,0.0,1.0,0.0,1.0
collapse_attractor_control,100,2,0.0,0.0,1.0,0.0,1.0
collapse_attractor_control,100,3,0.0,0.0,1.0,0.0,1.0
collapse_attractor_control,100,4,0.0,0.0,1.0,0.0,1.0
collapse_attractor_control,100,5,0.0,0.0,1.0,0.0,1.0
collapse_attractor_control,100,6,0.0,0.0,1.0,0.0,1.0
collapse_attractor_control,100,7,0.0,0.0,1.0,0.0,1.0
collapse_attractor_control,100,8,0.0,0.0,1.0,0.0,1.0
collapse_attractor_control,100,9,0.0,0.0,1.0,0.0,1.0
collapse_attractor_control,100,10,0.0,0.0,1.0,0.0,1.0
collapse_attractor_control,100,11,0.0,0.0,1.0,0.0,1.0
collapse_attractor_control,100,12,0.0,0.0,1.0,0.0,1.0
collapse_attractor_control,100,13,0.0,0.0,1.0,0.0,1.0
collapse_attractor_control,100,14,0.0,0.0,1.0,0.0,1.0
collapse_attractor_control,100,16,0.0,0.0,1.0,0.0,1.0
collapse_attractor_control,100,15,0.0,0.0,1.0,0.0,1.0
collapse_attractor_control,100,17,0.0,0.0,1.0,0.0,1.0
collapse_attractor_control,100,18,0.0,0.0,1.0,0.0,1.0
collapse_attractor_control,100,19,0.0,0.0,1.0,0.0,1.0
collapse_attractor_control,100,20,0.0,0.0,1.0,0.0,1.0
collapse_attractor_control,100,21,0.0,0.0,1.0,0.0,1.0
collapse_attractor_control,100,22,0.0,0.0,1.0,0.0,1.0
collapse_attractor_control,100,23,0.0,0.0,1.0,0.0,1.0
collapse_attractor_control,100,25,0.0,0.0,1.0,0.0,1.0
collapse_attractor_control,100,24,0.0,0.0,1.0,0.0,1.0
collapse_attractor_control,100,26,0.0,0.0,1.0,0.0,1.0
collapse_attractor_control,100,27,0.0,0.0,1.0,0.0,1.0
collapse_attractor_control,100,28,0.0,0.0,1.0,0.0,1.0
collapse_attractor_control,100,29,0.0,0.0,1.0,0.0,1.0
independent_sites_control,50,1,0.553075117370892,0.0003353454057679,1.0,8.816600107763861e-06,9.275195208143532e-06
independent_sites_control,50,0,0.5520990802675585,0.0003344481605351,1.0,5.6657652214964216e-05,9.242887843162515e-06
independent_sites_control,50,2,0.5527204651941098,0.000334672021419,1.0,9.73074535126628e-06,9.250803762316843e-06
independent_sites_control,50,3,0.5528347542627884,0.0003343363423604,1.0,1.7655448737885493e-05,9.244900788633844e-06
independent_sites_control,50,4,0.5522935473085924,0.0003343363423604,1.0,4.369879204269012e-06,9.233397131901255e-06
independent_sites_control,50,5,0.5527021383227531,0.0003341129301703,1.0,8.799787249991198e-06,9.234871559427836e-06
independent_sites_control,50,6,0.5529607908847184,0.0003351206434316,1.0,1.724399247415853e-05,9.268624261378164e-06
independent_sites_control,50,7,0.5521701039570758,0.0003353454057679,1.0,6.251998796313885e-05,9.269962061068675e-06
independent_sites_control,50,8,0.5527695011717442,0.0003347840642785,1.0,6.267898439404895e-05,9.264520284407318e-06
independent_sites_control,50,9,0.5528080013391363,0.0003347840642785,1.0,3.422263861740937e-05,9.259899101242538e-06
independent_sites_control,50,10,0.5526786311914325,0.000334672021419,1.0,5.454966440310294e-05,9.258393572097017e-06
independent_sites_control,50,13,0.5524774020756612,0.0003347840642785,1.0,3.984161524350771e-05,9.25540063470616e-06
independent_sites_control,50,12,0.5526070234113712,0.0003344481605351,1.0,2.907762620663057e-05,9.246294204359357e-06
independent_sites_control,50,11,0.5526064984964918,0.0003341129301703,1.0,1.0017202828449534e-05,9.233498328167173e-06
independent_sites_control,50,15,0.5530193014705882,0.0003342245989304,1.0,3.494700317174804e-05,9.2480920590949e-06
independent_sites_control,50,14,0.5521598895582329,0.000334672021419,1.0,2.3816239809515416e-05,9.244024380941954e-06
independent_sites_control,50,16,0.5532456507193042,0.0003345600535296,1.0,2.122436008922257e-05,9.25862322545128e-06
independent_sites_control,50,17,0.5524105650284186,0.0003343363423604,1.0,4.663181031905328e-05,9.243158861955056e-06
independent_sites_control,50,18,0.5525496826987307,0.0003340013360053,1.0,7.581283252178217e-06,9.22901575504074e-06
independent_sites_control,50,19,0.5527839578454333,0.0003345600535296,1.0,9.235187102829556e-06,9.24867947659746e-06
independent_sites_control,50,20,0.5525426564068251,0.0003345600535296,1.0,7.618392041663924e-06,9.244343361297258e-06
independent_sites_control,50,21,0.5526630980260957,0.0003345600535296,1.0,6.239638120075775e-06,9.246103485794174e-06
independent_sites_control,50,22,0.552809360348292,0.0003348961821835,1.0,9.267914565569413e-06,9.258403016522891e-06
independent_sites_control,50,23,0.5527709030100334,0.0003344481605351,1.0,1.8794180021042276e-05,9.24713512587399e-06
independent_sites_control,50,24,0.5522616259618601,0.0003345600535296,1.0,3.0806393671811705e-05,9.24392589064979e-06
independent_sites_control,50,25,0.5522494981599197,0.0003345600535296,1.0,2.382719517890486e-05,9.242433410697924e-06
independent_sites_control,50,26,0.5528096790371113,0.0003343363423604,1.0,2.259037592655666e-06,9.24163583072621e-06
independent_sites_control,50,28,0.5525133779264215,0.0003344481605351,1.0,2.294040139849685e-06,9.239778054912322e-06
independent_sites_control,50,27,0.5528372151474531,0.0003351206434316,1.0,2.41876087838655e-05,9.26783933232366e-06
independent_sites_control,50,29,0.5526459518233523,0.0003345600535296,1.0,2.22456269050042e-06,9.245074267893309e-06
independent_sites_control,100,0,0.551797268907563,0.0003361344537815,1.0,2.432998780332873e-05,9.278416358386751e-06
independent_sites_control,100,2,0.5521566280241936,0.0003360215053763,1.0,1.6606282941866723e-05,9.27990613924828e-06
independent_sites_control,100,1,0.5523663720538721,0.0003367003367003,1.0,1.0864741816996036e-05,9.301117818422344e-06
independent_sites_control,100,4,0.5522578335579514,0.0003369272237196,1.0,2.7520695424998465e-05,9.308655726930927e-06
independent_sites_control,100,3,0.5525333361288158,0.0003354579000335,1.0,7.111470239240525e-06,9.26890175471884e-06
independent_sites_control,100,5,0.552166806722689,0.0003361344537815,1.0,1.0252673825483782e-06,9.280304690672645e-06
independent_sites_control,100,6,0.551950922818792,0.0003355704697986,1.0,5.675840402663557e-05,9.271434226315376e-06
independent_sites_control,100,7,0.5519815078832606,0.0003354579000335,1.0,1.8148959778474527e-05,9.261688454997677e-06
independent_sites_control,100,8,0.5522273645237294,0.0003365870077415,1.0,1.9471183844044223e-05,9.29724696961455e-06
independent_sites_control,100,9,0.5523208892617449,0.0003355704697986,1.0,2.1088240222399968e-05,9.271037563315388e-06
independent_sites_control,100,11,0.5527170080591002,0.0003357958361316,1.0,1.8579192784251573e-06,9.280348323216856e-06
independent_sites_control,100,10,0.5518468487394957,0.0003361344537815,1.0,1.4392110440741844e-05,9.277406614375872e-06
independent_sites_control,100,12,0.5518480911537168,0.0003363605785401,1.0,2.844051244987877e-05,9.286276286644044e-06
independent_sites_control,100,14,0.5526216386554621,0.0003361344537815,1.0,8.188098195560656e-05,9.302968448805425e-06
independent_sites_control,100,13,0.5523264005367327,0.0003354579000335,1.0,6.6497690627276285e-06,9.265344807060534e-06
independent_sites_control,100,15,0.5523183310879084,0.0003368137420006,1.0,2.0415232698467456e-05,9.305218006617788e-06
independent_sites_control,100,16,0.552067162298387,0.0003360215053763,1.0,1.6372066733882917e-05,9.278359071015488e-06
independent_sites_control,100,17,0.5523123532371688,0.0003354579000335,1.0,1.3081557445948633e-05,9.266300827787796e-06
symmetric_transition_control,50,0,0.2378756124115405,0.0005443658138268,0.065,6.428532455304836e-05,4.2917128540263364e-07
independent_sites_control,100,18,0.5523131724949563,0.0003362474781439,1.0,2.40079459834508e-05,9.290154179407876e-06
symmetric_transition_control,50,2,0.2303755307855626,0.0005307855626326,0.0875,0.0001346881323188,5.514446906371086e-07
symmetric_transition_control,50,1,0.2411004006009013,0.00050075112669,0.0625,2.7568570494684863e-05,3.8061369317380043e-07
symmetric_transition_control,50,3,0.2301092508513053,0.0005675368898978,0.17625,9.352061506007205e-05,1.1630861133925958e-06
independent_sites_control,100,21,0.5522481500168179,0.0003363605785401,1.0,1.1184124090402037e-05,9.289802863329762e-06
independent_sites_control,100,19,0.5526501009081736,0.0003363605785401,1.0,5.958876977185668e-06,9.295593077487864e-06
independent_sites_control,100,22,0.5522589704896043,0.0003353454057679,1.0,6.2960027000791285e-06,9.26104143140495e-06
independent_sites_control,100,20,0.5523695725345001,0.0003365870077415,1.0,1.0043547988503043e-05,9.297888380018228e-06
symmetric_transition_control,50,4,0.2418246835443038,0.000506329113924,0.08125,6.089744322912427e-05,5.04880649031025e-07
symmetric_transition_control,50,5,0.2336848057477381,0.0005321979776476,0.1575,0.0001159687396754,9.938094612385876e-07
independent_sites_control,100,23,0.5523994711215581,0.0003357958361316,1.0,3.852946841242933e-05,9.281819077921936e-06
independent_sites_control,100,24,0.5524647887323944,0.0003353454057679,1.0,2.185458802528295e-05,9.267375361158932e-06
independent_sites_control,100,25,0.5523556397306397,0.0003367003367003,1.0,1.2543816525378835e-05,9.30124937182947e-06
independent_sites_control,100,26,0.5521996644295302,0.0003355704697986,1.0,3.6810355248384496e-06,9.26577714364365e-06
independent_sites_control,100,27,0.5522213121639785,0.0003360215053763,1.0,1.4836223369174562e-05,9.280664814158403e-06
independent_sites_control,100,28,0.5522741242842709,0.0003368137420006,1.0,1.1913865133328372e-05,9.302891860440182e-06
independent_sites_control,100,29,0.5520362019554956,0.0003371544167228,1.0,8.21468860778829e-06,9.307601113713445e-06
symmetric_transition_control,50,6,0.2391641835518474,0.000595947556615,0.14875,0.0002119829207081,1.0902755287991412e-06
symmetric_transition_control,50,8,0.2500559910414333,0.0005599104143337,0.1225,4.141930910628311e-05,8.633539146223977e-07
symmetric_transition_control,50,7,0.2401028524410313,0.0005485463521667,0.08375,9.813822804294324e-05,5.644508848510355e-07
symmetric_transition_control,50,9,0.2430116033755274,0.0005274261603375,0.09,0.0002198756071342,6.049496513832941e-07
symmetric_transition_control,50,10,0.2366770892552586,0.000568504832291,0.1575,0.0001366429499272,1.0779831344748074e-06
symmetric_transition_control,50,14,0.2426973007712082,0.0005141388174807,0.08625,8.180277293767801e-06,5.391349309997907e-07
symmetric_transition_control,50,12,0.258739604989605,0.0005197505197505,0.15,5.8060787483826815e-05,1.0164083485660024e-06
symmetric_transition_control,50,11,0.2366564341846758,0.0004911591355599,0.1225,2.3494673589752324e-05,7.146762402039407e-07
symmetric_transition_control,50,13,0.2492127553562531,0.0004982561036372,0.12125,4.016175261956079e-05,7.577783509604093e-07
symmetric_transition_control,50,16,0.2472750259336099,0.0005186721991701,0.095,4.5655436049063525e-05,6.15065260538221e-07
symmetric_transition_control,50,15,0.2373845208845209,0.0004914004914004,0.0775,6.807724569857232e-05,4.59963392029883e-07
symmetric_transition_control,50,17,0.2515025185577942,0.0005302226935312,0.115,0.0001565329959021,7.876500129449092e-07
symmetric_transition_control,50,18,0.247852157360406,0.0006345177664974,0.13875,3.873334663029304e-05,1.0971284804644189e-06
symmetric_transition_control,50,19,0.2508799896319336,0.0005184033177812,0.15,2.1286023983768665e-05,9.781960392513506e-07
symmetric_transition_control,50,20,0.2430193572874493,0.0005060728744939,0.13875,6.706762340658035e-05,8.614602843708219e-07
symmetric_transition_control,50,21,0.2531995912806539,0.0005449591280653,0.1475,1.87282580247361e-05,1.020211974371708e-06
symmetric_transition_control,50,22,0.2453868707093821,0.0005720823798627,0.17125,8.653956339021995e-05,1.214165190561766e-06
symmetric_transition_control,50,23,0.2442677070828331,0.0006002400960384,0.12375,0.0002908952123069,9.498575894877704e-07
symmetric_transition_control,50,24,0.2478876122556788,0.0005282620179609,0.06625,1.2563618688732348e-05,4.354157850158356e-07
symmetric_transition_control,50,26,0.2545420634920635,0.0006349206349206,0.14,3.87306039696389e-05,1.1375574681264576e-06
symmetric_transition_control,50,27,0.2473588466183574,0.0006038647342995,0.11125,6.560359627183487e-05,8.406770617285211e-07
symmetric_transition_control,50,25,0.2484444444444444,0.0011695906432748,0.11125,0.0001792910144271,1.6684398581233417e-06
symmetric_transition_control,50,28,0.2401813748810656,0.000475737392959,0.09875,8.82074850735437e-05,5.742537266960165e-07
symmetric_transition_control,50,29,0.2454394637053087,0.0005417118093174,0.07375,1.1299826072508344e-05,4.917830149862003e-07
symmetric_transition_control,100,1,0.2412212171052631,0.0008223684210526,0.074375,0.000238979380629,7.851055083623247e-07
symmetric_transition_control,100,0,0.2501729249011857,0.000790513833992,0.0875,9.699948727748264e-05,8.844056852875975e-07
symmetric_transition_control,100,2,0.2371205183164458,0.0007794232268121,0.08,0.0002351351815487,7.827259932884233e-07
symmetric_transition_control,100,3,0.2404583333333333,0.0008547008547008,0.091875,0.0001167058881904,9.680926257388585e-07
symmetric_transition_control,100,4,0.2314769874476987,0.000836820083682,0.089375,5.488498119432528e-05,8.762488684183177e-07
symmetric_transition_control,100,5,0.2473884876805437,0.0008496176720475,0.056875,2.353583604564058e-05,6.026622826908875e-07
symmetric_transition_control,100,6,0.2429502973661852,0.0008496176720475,0.111875,0.000119964312822,1.179395574652114e-06
symmetric_transition_control,100,7,0.2519020784543325,0.0011709601873536,0.105625,0.0002883954680144,1.6428633134034911e-06
symmetric_transition_control,100,9,0.2447326624636275,0.0009699321047526,0.068125,0.0004139013027331,9.068048490123856e-07
symmetric_transition_control,100,8,0.2467377533783784,0.0008445945945945,0.103125,0.0002623456001619,1.129199412879998e-06
symmetric_transition_control,100,10,0.2407030567685589,0.0008733624454148,0.101875,5.831239897591267e-05,1.0830717625291331e-06
symmetric_transition_control,100,11,0.2404261129431162,0.0008244023083264,0.08125,1.8259944294274355e-05,8.088386242874198e-07
symmetric_transition_control,100,12,0.236760975609756,0.0009756097560975,0.054375,0.0001059630591038,6.524700679912575e-07
symmetric_transition_control,100,13,0.2563824728260869,0.0010869565217391,0.09875,5.740145633770233e-05,1.3919621596722649e-06
symmetric_transition_control,100,14,0.2367147150489759,0.0008904719501335,0.09125,9.412655368046252e-05,9.81560131561857e-07
symmetric_transition_control,100,16,0.2468188832772166,0.0011223344556677,0.0925,0.0001436127427026,1.3209693287714745e-06
symmetric_transition_control,100,15,0.253510498687664,0.0008748906386701,0.110625,7.866752700258495e-05,1.2442458354042804e-06
symmetric_transition_control,100,17,0.2350129025598678,0.0008257638315441,0.125,4.484037761975923e-05,1.221609172828633e-06
symmetric_transition_control,100,18,0.2489440263405456,0.0009407337723424,0.1275,0.000693329415322,1.6553324404060136e-06
symmetric_transition_control,100,20,0.2480763561320754,0.0011792452830188,0.119375,0.0002560856220821,1.8210312955746165e-06
symmetric_transition_control,100,22,0.2442509002057613,0.0010288065843621,0.105625,2.371073654849898e-05,1.3330673204302362e-06
symmetric_transition_control,100,19,0.2367898444070648,0.0008410428931875,0.105,0.0001393416068513,1.073289621987262e-06
random_stepwise_relation_control,50,0,0.451025641025641,0.0003561253561253,0.10125,5.515684923240727e-06,8.140331278563063e-07
random_stepwise_relation_control,50,1,0.451644060283688,0.000354609929078,0.0775,3.847637370713031e-06,6.212264170793968e-07
symmetric_transition_control,100,23,0.2560989699331849,0.0011135857461024,0.109375,0.0002663792799941,1.6355909811137608e-06
symmetric_transition_control,100,21,0.2509435151237397,0.0009165902841429,0.088125,9.654638674261308e-05,1.0356989488319571e-06
random_stepwise_relation_control,50,2,0.4523537469070342,0.0003534817956875,0.0725,1.29846202605588e-05,5.817094288317524e-07
random_stepwise_relation_control,50,3,0.4511605852601155,0.0003612716763005,0.07875,1.7870884665649456e-05,6.446919953925489e-07
random_stepwise_relation_control,50,4,0.4513425925925926,0.0003595828838547,0.09,2.9292522119028774e-07,7.303753600486997e-07
random_stepwise_relation_control,50,5,0.4516996082621082,0.0003561253561253,0.10125,1.088300337903636e-05,8.161129327599535e-07
symmetric_transition_control,100,25,0.2545251288659794,0.0010309278350515,0.126875,0.000136480775349,1.7003933744092685e-06
symmetric_transition_control,100,24,0.253255231522707,0.0008904719501335,0.123125,3.186444726122062e-05,1.3955230249600611e-06
symmetric_transition_control,100,26,0.2520580543933055,0.0010460251046025,0.0625,6.910930212722377e-05,8.421558328595677e-07
symmetric_transition_control,100,27,0.259304979253112,0.0008298755186721,0.101875,3.912851894083413e-05,1.1045485127491265e-06
symmetric_transition_control,100,28,0.2375711147086031,0.0009250693802035,0.09375,8.153828697765597e-05,1.0480904180622471e-06
symmetric_transition_control,100,29,0.246871408045977,0.0009578544061302,0.11,0.0005201147652169,1.4235576711565972e-06
random_stepwise_relation_control,50,6,0.451177807486631,0.0003565062388591,0.085,7.514832259336579e-05,6.95690173704868e-07
random_stepwise_relation_control,50,7,0.4493622722400857,0.0003572704537334,0.0825,5.740937428000414e-06,6.631651067087489e-07
random_stepwise_relation_control,50,8,0.4514940775305097,0.0003589375448671,0.07,4.206004890017212e-05,5.7401978978315e-07
random_stepwise_relation_control,50,9,0.4517988681279195,0.0003593244699964,0.08625,5.380413979683141e-06,7.009750211094979e-07
random_stepwise_relation_control,50,10,0.4501455571479756,0.0003582945180938,0.07625,2.038475349885882e-05,6.181856119124776e-07
random_stepwise_relation_control,50,11,0.4507301318602994,0.0003563791874554,0.08625,1.1946981962829284e-05,6.946395432654952e-07
random_stepwise_relation_control,50,12,0.4521465053763441,0.0003584229390681,0.07875,3.623889922921286e-06,6.386972738651872e-07
random_stepwise_relation_control,50,13,0.4511571096820293,0.0003572704537334,0.09,5.682628246794774e-05,7.344925240876547e-07
random_stepwise_relation_control,50,14,0.4509956030150753,0.0003589375448671,0.07625,2.2179013672185555e-05,6.207549799498714e-07
random_stepwise_relation_control,50,15,0.4510873622467116,0.0003554923569143,0.0725,5.409584742377405e-06,5.821656180080408e-07
random_stepwise_relation_control,50,16,0.4522595642933049,0.0003542330853701,0.075,6.009945501517233e-05,6.103981294506979e-07
random_stepwise_relation_control,50,17,0.4508898532569791,0.0003579098067287,0.08,4.0734421539623256e-05,6.520852363559147e-07
random_stepwise_relation_control,50,18,0.4504079892280072,0.000359066427289,0.08,6.820348176650448e-05,6.579358527801901e-07
random_stepwise_relation_control,50,19,0.4500759345794393,0.0003594536304816,0.065,6.427626530802755e-05,5.361883492318347e-07
random_stepwise_relation_control,50,20,0.4517069027181688,0.0003576537911301,0.0875,1.711672895998717e-05,7.095670400626504e-07
random_stepwise_relation_control,50,21,0.4498365487674169,0.0003572704537334,0.085,1.567403531743672e-06,6.83283461113529e-07
random_stepwise_relation_control,50,23,0.4513906695156695,0.0003561253561253,0.075,9.9998196529949e-06,6.044262236367386e-07
random_stepwise_relation_control,50,22,0.4514514407684097,0.0003557452863749,0.08125,4.034469760738624e-05,6.589239238647759e-07
random_stepwise_relation_control,50,24,0.4499233699503898,0.0003543586109142,0.09125,1.5715427663320902e-05,7.299242075028869e-07
random_stepwise_relation_control,50,25,0.4526124644381222,0.0003556187766714,0.0725,9.361786364792124e-06,5.849777541914313e-07
random_stepwise_relation_control,50,27,0.4507502689135891,0.0003585514521333,0.0825,5.0954980745032685e-05,6.749059987600809e-07
random_stepwise_relation_control,50,26,0.4509849290780142,0.000354609929078,0.09,2.024534720956872e-05,7.228945132363586e-07
random_stepwise_relation_control,50,28,0.4507803520114943,0.0003591954022988,0.08,3.502394931198527e-05,6.533439354330699e-07
random_stepwise_relation_control,50,29,0.4502133605393896,0.0003548616039744,0.085,3.0975181994907786e-05,6.839433013029286e-07
random_stepwise_relation_control,100,0,0.4513124276899344,0.0003856536829926,0.06875,5.0658807221992674e-05,6.071150865620455e-07
random_stepwise_relation_control,100,2,0.4513467973231357,0.0003824091778202,0.06375,3.310098865172417e-05,5.558730178522678e-07
random_stepwise_relation_control,100,1,0.4516479007633587,0.0003816793893129,0.08125,3.73942794928972e-05,7.067590246888055e-07
random_stepwise_relation_control,100,3,0.4515945790080738,0.0003844675124951,0.07125,8.302026963669107e-06,6.199749473617204e-07
random_stepwise_relation_control,100,4,0.4515730122324159,0.0003822629969418,0.07875,4.9055563831390536e-05,6.881578380700453e-07
random_stepwise_relation_control,100,5,0.4509239655839134,0.0003866976024748,0.07125,4.847604107094394e-05,6.296502846358122e-07
random_stepwise_relation_control,100,6,0.4526263963790447,0.0003852080123266,0.0775,3.153519147702788e-05,6.81125171820558e-07
random_stepwise_relation_control,100,7,0.4514013259031514,0.0003843197540353,0.074375,3.22040927006606e-05,6.507246928696888e-07
random_stepwise_relation_control,100,8,0.4517047184170472,0.0003805175038051,0.068125,5.007717174265736e-05,5.940788781846295e-07
random_stepwise_relation_control,100,9,0.4526182950191571,0.0003831417624521,0.070625,2.8488827993777832e-05,6.173191260689794e-07
random_stepwise_relation_control,100,11,0.4510369208494208,0.0003861003861003,0.068125,5.335944083739719e-05,6.024755171957089e-07
random_stepwise_relation_control,100,10,0.4515996769289244,0.000380083618396,0.07625,7.363957835071488e-06,6.556629909809048e-07
random_stepwise_relation_control,100,12,0.4510826581790123,0.0003858024691358,0.07875,0.0001094457326391,7.042851229109111e-07
random_stepwise_relation_control,100,15,0.4512695984703633,0.0003824091778202,0.071875,7.562532259308696e-06,6.214771932691952e-07
random_stepwise_relation_control,100,17,0.4520761576731726,0.0003827018752391,0.085,5.562313308482558e-05,7.449175516240779e-07
random_stepwise_relation_control,100,13,0.4516519908116385,0.0003828483920367,0.064375,6.832697588943226e-05,5.683824119875814e-07
random_stepwise_relation_control,100,14,0.4520964736238532,0.0003822629969418,0.08125,4.361743123326711e-05,7.096181999029031e-07
random_stepwise_relation_control,100,16,0.4500229445506692,0.0003824091778202,0.075,2.6472779477426656e-05,6.499041683502416e-07
random_stepwise_relation_control,100,19,0.4515447055382215,0.000390015600624,0.07,7.916580754607772e-05,6.303250275510394e-07
random_stepwise_relation_control,100,18,0.4521314531548757,0.0003824091778202,0.066875,4.476233530359419e-05,5.858711304757306e-07
relation_lock_in_control,50,0,0.3582101694915254,0.0003389830508474,1.0,7.815206283856568e-05,6.080848589237895e-06
random_stepwise_relation_control,100,20,0.4524540301067072,0.0003810975609756,0.069375,2.502276843263651e-05,6.024281895405542e-07
random_stepwise_relation_control,100,21,0.4518390666922192,0.000383288616328,0.07875,1.2532026373968108e-05,6.840853906482137e-07
relation_lock_in_control,50,3,0.3575385723974228,0.0003390979993218,1.0,3.643213252157995e-05,6.066447783154393e-06
relation_lock_in_control,50,2,0.357613137453563,0.000337723741979,1.0,6.973646003327616e-06,6.039564586323842e-06
relation_lock_in_control,50,4,0.3572661290322581,0.0003395585738539,1.0,2.4523181050284396e-05,6.068613838226926e-06
relation_lock_in_control,50,1,0.3585993925075936,0.0003374957813027,1.0,2.539889529684647e-05,6.054363028620823e-06
relation_lock_in_control,50,5,0.3585451306413301,0.000339328130302,1.0,3.136938084713492e-05,6.087038978900741e-06
random_stepwise_relation_control,100,22,0.4511534785932721,0.0003822629969418,0.081875,3.375402165506358e-05,7.118263751060408e-07
random_stepwise_relation_control,100,23,0.4521833173996176,0.0003824091778202,0.071875,3.019247205116038e-05,6.266486918078259e-07
random_stepwise_relation_control,100,24,0.4519367163009404,0.0003918495297805,0.07875,4.098852305045586e-05,7.045552660456118e-07
random_stepwise_relation_control,100,25,0.4513049690042618,0.0003874467260751,0.06875,3.985387807325935e-06,6.017665464056589e-07
random_stepwise_relation_control,100,26,0.4523995878067485,0.000383435582822,0.0675,4.347384005454202e-05,5.929893236843664e-07
random_stepwise_relation_control,100,28,0.4514378102329133,0.0003818251240931,0.07625,7.494886411152368e-05,6.700807188266257e-07
random_stepwise_relation_control,100,29,0.4515266939474686,0.0003806623524933,0.0725,3.248292062629776e-05,6.286452879024453e-07
random_stepwise_relation_control,100,27,0.450760911179173,0.0003828483920367,0.0725,1.97580512082407e-05,6.289871593377694e-07
relation_lock_in_control,50,6,0.3577193499494779,0.0003368137420006,1.0,5.783581444573915e-05,6.031207978248981e-06
relation_lock_in_control,50,7,0.3582745164574143,0.000339328130302,1.0,4.920529088026093e-05,6.084613106436373e-06
relation_lock_in_control,50,9,0.3558635593220339,0.0003389830508474,1.0,2.6617029824649308e-06,6.031906837016575e-06
relation_lock_in_control,50,10,0.3583786752281176,0.0003379520108144,1.0,8.838446613368411e-06,6.056810162958517e-06
relation_lock_in_control,50,8,0.3580016139993203,0.000339789330615,1.0,9.858997549128112e-06,6.083455738022774e-06
relation_lock_in_control,50,11,0.3583035111411209,0.00033760972316,1.0,1.7555500968158277e-05,6.050461092063734e-06
relation_lock_in_control,50,13,0.3587192139001349,0.0003373819163292,1.0,2.0982407643588274e-05,6.0538081942585655e-06
relation_lock_in_control,50,12,0.3574322722654927,0.0003386386725364,1.0,7.822800308299183e-05,6.0614882581007045e-06
relation_lock_in_control,50,15,0.3572687057633973,0.0003370407819346,1.0,1.0077950470477326e-05,6.021919725140278e-06
relation_lock_in_control,50,14,0.3587737933378653,0.0003399048266485,1.0,1.8057663044745983e-05,6.09964931446725e-06
relation_lock_in_control,50,16,0.3575008477449983,0.0003390979993218,1.0,5.152418997900199e-06,6.062015727843203e-06
relation_lock_in_control,50,17,0.3592279163857046,0.0003371544167228,1.0,2.3943903850742743e-05,6.058663903565635e-06
relation_lock_in_control,50,18,0.3579339574898785,0.0003373819163292,1.0,2.795279650036342e-05,6.041397816993324e-06
relation_lock_in_control,50,20,0.3580191787766136,0.0003379520108144,1.0,7.359529166994783e-05,6.05856960618999e-06
relation_lock_in_control,50,19,0.3567373814363144,0.0003387533875338,1.0,2.9539380151932804e-05,6.04586953690392e-06
relation_lock_in_control,50,21,0.3587529530880864,0.0003374957813027,1.0,6.066993579767477e-05,6.061226180572191e-06
relation_lock_in_control,50,23,0.359427241962775,0.0003384094754653,1.0,1.7739401318772607e-05,6.083836927996219e-06
relation_lock_in_control,50,22,0.3581562288993923,0.00033760972316,1.0,4.429656157201034e-05,6.051207472793876e-06
relation_lock_in_control,50,24,0.3575775193798449,0.0003370407819346,1.0,9.846665972812474e-06,6.027097039226482e-06
relation_lock_in_control,50,26,0.3576261002031144,0.0003385240352064,1.0,8.007919912456085e-05,6.062946317483421e-06
relation_lock_in_control,50,27,0.3557635823429541,0.0003395585738539,1.0,5.7634550311158605e-06,6.040824972684635e-06
relation_lock_in_control,50,25,0.3582864266396213,0.0003380662609871,1.0,0.0001125449572072,6.069859588416215e-06
relation_lock_in_control,50,28,0.3572444048830112,0.0003390979993218,1.0,1.3754316015912592e-05,6.058709357948538e-06
relation_lock_in_control,50,29,0.3583867701653729,0.0003374957813027,1.0,7.377478080661248e-06,6.04859348592978e-06
relation_lock_in_control,100,1,0.3418756505898682,0.0003469812630117,1.0,0.0001411904764249,5.947970893642703e-06
relation_lock_in_control,100,0,0.3436403281519862,0.0003454231433506,1.0,8.866222120929024e-06,5.936118548904461e-06
relation_lock_in_control,100,2,0.3434974747474747,0.0003483106931382,1.0,1.914376219469549e-05,5.9844826093154935e-06
relation_lock_in_control,100,3,0.3428319573443412,0.000343997248022,1.0,4.287278623449353e-06,5.897168105723845e-06
relation_lock_in_control,100,4,0.3426689655172413,0.0003448275862068,1.0,4.008474907313264e-05,5.912822094951715e-06
relation_lock_in_control,100,5,0.3435652079722703,0.0003466204506065,1.0,2.3651533833435323e-05,5.957152943762172e-06
relation_lock_in_control,100,6,0.3424144511149228,0.0003430531732418,1.0,2.4543568979407127e-06,5.873606505322877e-06
relation_lock_in_control,100,7,0.3430342323651452,0.0003457814661134,1.0,1.1786242081091023e-05,5.932142013403188e-06
relation_lock_in_control,100,8,0.3433121970221606,0.0003462603878116,1.0,1.5880106150278905e-05,5.9456584782685e-06
relation_lock_in_control,100,9,0.3417196120689655,0.0006896551724137,1.0,3.3834739349702936e-05,1.1791408687898837e-05
relation_lock_in_control,100,11,0.3424551248699272,0.0003468609087755,1.0,4.008469793193026e-05,5.943976223979193e-06
relation_lock_in_control,100,10,0.3431761695906432,0.000343997248022,1.0,1.3986740002636113e-05,5.904234054142183e-06
relation_lock_in_control,100,12,0.3437577666551604,0.0003451846738004,1.0,1.1517129153260086e-05,5.934362249000354e-06
relation_lock_in_control,100,14,0.3430535343035343,0.0003465003465003,1.0,7.106874694118304e-05,5.951856237003955e-06
relation_lock_in_control,100,15,0.3424180679478379,0.0003431708991077,1.0,2.517944527313798e-05,5.878354596566344e-06
relation_lock_in_control,100,13,0.3426958794056669,0.0003455425017277,1.0,6.027436616262705e-06,5.921513319963759e-06
relation_lock_in_control,100,16,0.3438164573296627,0.0003441156228492,1.0,4.625618882814209e-06,5.916177987054503e-06
relation_lock_in_control,100,17,0.3424585907998627,0.0003432887058015,1.0,5.703356517794411e-05,5.884813310797209e-06
relation_lock_in_control,100,18,0.3435834336313618,0.0003438789546079,1.0,3.247742274448129e-06,5.907939323249758e-06
relation_lock_in_control,100,21,0.3431222050223599,0.000343997248022,1.0,3.2466793184693366e-05,5.90548686920727e-06
relation_lock_in_control,100,19,0.3433893400138217,0.0003455425017277,1.0,7.273559804676921e-06,5.933643629437444e-06
relation_lock_in_control,100,20,0.3427111283109735,0.000343997248022,1.0,3.3035619658505766e-05,5.898478875141485e-06
relation_lock_in_control,100,22,0.3437242974640165,0.0003427004797806,1.0,3.402844645017389e-05,5.893732445870701e-06
relation_lock_in_control,100,23,0.3434261579675077,0.0003456619426201,1.0,2.609476280790446e-05,5.93856533788786e-06
relation_lock_in_control,100,24,0.3432244172094617,0.0003428179636612,1.0,2.8806005458181797e-05,5.886564204630993e-06
relation_lock_in_control,100,25,0.3430183874309392,0.0003453038674033,1.0,4.758671144133864e-05,5.927915223953285e-06
relation_lock_in_control,100,26,0.3426590594744121,0.0003457814661134,1.0,3.877066977087118e-05,5.928851346804802e-06
relation_lock_in_control,100,27,0.3440717417469051,0.0003438789546079,1.0,1.0456184205698271e-05,5.917188708685328e-06
relation_lock_in_control,100,28,0.342612747653806,0.0003475842891901,1.0,4.346184770165351e-05,5.959516150764505e-06
relation_lock_in_control,100,29,0.3436341557771664,0.0003438789546079,1.0,8.555146493050003e-05,5.918537205737694e-06
