channel_id,threshold_id,decoder_policy_id,larger_requirement_set_id,smaller_requirement_set_id,is_declared_subset,larger_prob_non_erasing,smaller_prob_non_erasing,monotonicity_expected,monotonicity_observed,status,notes
asym_A_erased_B_preserved,threshold_0_80,fixed_declared_target_policy,req_all_nontrivial,req_A,1,0,0,0,1,pass,monotonicity checked over fixed-declared target policy rows
asym_A_erased_B_preserved,threshold_0_80,fixed_declared_target_policy,req_marginals,req_A,1,0,0,0,1,pass,monotonicity checked over fixed-declared target policy rows
asym_A_erased_B_preserved,threshold_0_80,fixed_declared_target_policy,req_all_nontrivial,req_B,1,0,1,0,1,pass,monotonicity checked over fixed-declared target policy rows
asym_A_erased_B_preserved,threshold_0_80,fixed_declared_target_policy,req_marginals,req_B,1,0,1,0,1,pass,monotonicity checked over fixed-declared target policy rows
asym_A_erased_B_preserved,threshold_0_80,fixed_declared_target_policy,req_all_nontrivial,req_joint,1,0,0,0,1,pass,monotonicity checked over fixed-declared target policy rows
asym_A_erased_B_preserved,threshold_0_80,fixed_declared_target_policy,req_joint_and_parity,req_joint,1,0,0,0,1,pass,monotonicity checked over fixed-declared target policy rows
asym_A_erased_B_preserved,threshold_0_80,fixed_declared_target_policy,req_all_nontrivial,req_joint_and_parity,1,0,0,0,1,pass,monotonicity checked over fixed-declared target policy rows
asym_A_erased_B_preserved,threshold_0_80,fixed_declared_target_policy,req_all_nontrivial,req_marginals,1,0,0,0,1,pass,monotonicity checked over fixed-declared target policy rows
asym_A_erased_B_preserved,threshold_0_80,fixed_declared_target_policy,req_all_nontrivial,req_parity,1,0,0,0,1,pass,monotonicity checked over fixed-declared target policy rows
asym_A_erased_B_preserved,threshold_0_80,fixed_declared_target_policy,req_joint_and_parity,req_parity,1,0,0,0,1,pass,monotonicity checked over fixed-declared target policy rows
asym_A_erased_B_preserved,threshold_0_90,fixed_declared_target_policy,req_all_nontrivial,req_A,1,0,0,0,1,pass,monotonicity checked over fixed-declared target policy rows
asym_A_erased_B_preserved,threshold_0_90,fixed_declared_target_policy,req_marginals,req_A,1,0,0,0,1,pass,monotonicity checked over fixed-declared target policy rows
asym_A_erased_B_preserved,threshold_0_90,fixed_declared_target_policy,req_all_nontrivial,req_B,1,0,1,0,1,pass,monotonicity checked over fixed-declared target policy rows
asym_A_erased_B_preserved,threshold_0_90,fixed_declared_target_policy,req_marginals,req_B,1,0,1,0,1,pass,monotonicity checked over fixed-declared target policy rows
asym_A_erased_B_preserved,threshold_0_90,fixed_declared_target_policy,req_all_nontrivial,req_joint,1,0,0,0,1,pass,monotonicity checked over fixed-declared target policy rows
asym_A_erased_B_preserved,threshold_0_90,fixed_declared_target_policy,req_joint_and_parity,req_joint,1,0,0,0,1,pass,monotonicity checked over fixed-declared target policy rows
asym_A_erased_B_preserved,threshold_0_90,fixed_declared_target_policy,req_all_nontrivial,req_joint_and_parity,1,0,0,0,1,pass,monotonicity checked over fixed-declared target policy rows
asym_A_erased_B_preserved,threshold_0_90,fixed_declared_target_policy,req_all_nontrivial,req_marginals,1,0,0,0,1,pass,monotonicity checked over fixed-declared target policy rows
asym_A_erased_B_preserved,threshold_0_90,fixed_declared_target_policy,req_all_nontrivial,req_parity,1,0,0,0,1,pass,monotonicity checked over fixed-declared target policy rows
asym_A_erased_B_preserved,threshold_0_90,fixed_declared_target_policy,req_joint_and_parity,req_parity,1,0,0,0,1,pass,monotonicity checked over fixed-declared target policy rows
asym_A_erased_B_preserved,threshold_0_95,fixed_declared_target_policy,req_all_nontrivial,req_A,1,0,0,0,1,pass,monotonicity checked over fixed-declared target policy rows
asym_A_erased_B_preserved,threshold_0_95,fixed_declared_target_policy,req_marginals,req_A,1,0,0,0,1,pass,monotonicity checked over fixed-declared target policy rows
asym_A_erased_B_preserved,threshold_0_95,fixed_declared_target_policy,req_all_nontrivial,req_B,1,0,1,0,1,pass,monotonicity checked over fixed-declared target policy rows
asym_A_erased_B_preserved,threshold_0_95,fixed_declared_target_policy,req_marginals,req_B,1,0,1,0,1,pass,monotonicity checked over fixed-declared target policy rows
asym_A_erased_B_preserved,threshold_0_95,fixed_declared_target_policy,req_all_nontrivial,req_joint,1,0,0,0,1,pass,monotonicity checked over fixed-declared target policy rows
asym_A_erased_B_preserved,threshold_0_95,fixed_declared_target_policy,req_joint_and_parity,req_joint,1,0,0,0,1,pass,monotonicity checked over fixed-declared target policy rows
asym_A_erased_B_preserved,threshold_0_95,fixed_declared_target_policy,req_all_nontrivial,req_joint_and_parity,1,0,0,0,1,pass,monotonicity checked over fixed-declared target policy rows
asym_A_erased_B_preserved,threshold_0_95,fixed_declared_target_policy,req_all_nontrivial,req_marginals,1,0,0,0,1,pass,monotonicity checked over fixed-declared target policy rows
asym_A_erased_B_preserved,threshold_0_95,fixed_declared_target_policy,req_all_nontrivial,req_parity,1,0,0,0,1,pass,monotonicity checked over fixed-declared target policy rows
asym_A_erased_B_preserved,threshold_0_95,fixed_declared_target_policy,req_joint_and_parity,req_parity,1,0,0,0,1,pass,monotonicity checked over fixed-declared target policy rows
asym_A_erased_B_preserved,threshold_0_99,fixed_declared_target_policy,req_all_nontrivial,req_A,1,0,0,0,1,pass,monotonicity checked over fixed-declared target policy rows
asym_A_erased_B_preserved,threshold_0_99,fixed_declared_target_policy,req_marginals,req_A,1,0,0,0,1,pass,monotonicity checked over fixed-declared target policy rows
asym_A_erased_B_preserved,threshold_0_99,fixed_declared_target_policy,req_all_nontrivial,req_B,1,0,1,0,1,pass,monotonicity checked over fixed-declared target policy rows
asym_A_erased_B_preserved,threshold_0_99,fixed_declared_target_policy,req_marginals,req_B,1,0,1,0,1,pass,monotonicity checked over fixed-declared target policy rows
asym_A_erased_B_preserved,threshold_0_99,fixed_declared_target_policy,req_all_nontrivial,req_joint,1,0,0,0,1,pass,monotonicity checked over fixed-declared target policy rows
asym_A_erased_B_preserved,threshold_0_99,fixed_declared_target_policy,req_joint_and_parity,req_joint,1,0,0,0,1,pass,monotonicity checked over fixed-declared target policy rows
asym_A_erased_B_preserved,threshold_0_99,fixed_declared_target_policy,req_all_nontrivial,req_joint_and_parity,1,0,0,0,1,pass,monotonicity checked over fixed-declared target policy rows
asym_A_erased_B_preserved,threshold_0_99,fixed_declared_target_policy,req_all_nontrivial,req_marginals,1,0,0,0,1,pass,monotonicity checked over fixed-declared target policy rows
asym_A_erased_B_preserved,threshold_0_99,fixed_declared_target_policy,req_all_nontrivial,req_parity,1,0,0,0,1,pass,monotonicity checked over fixed-declared target policy rows
asym_A_erased_B_preserved,threshold_0_99,fixed_declared_target_policy,req_joint_and_parity,req_parity,1,0,0,0,1,pass,monotonicity checked over fixed-declared target policy rows
asym_A_erased_B_preserved,threshold_1_00,fixed_declared_target_policy,req_all_nontrivial,req_A,1,0,0,0,1,pass,monotonicity checked over fixed-declared target policy rows
asym_A_erased_B_preserved,threshold_1_00,fixed_declared_target_policy,req_marginals,req_A,1,0,0,0,1,pass,monotonicity checked over fixed-declared target policy rows
asym_A_erased_B_preserved,threshold_1_00,fixed_declared_target_policy,req_all_nontrivial,req_B,1,0,1,0,1,pass,monotonicity checked over fixed-declared target policy rows
asym_A_erased_B_preserved,threshold_1_00,fixed_declared_target_policy,req_marginals,req_B,1,0,1,0,1,pass,monotonicity checked over fixed-declared target policy rows
asym_A_erased_B_preserved,threshold_1_00,fixed_declared_target_policy,req_all_nontrivial,req_joint,1,0,0,0,1,pass,monotonicity checked over fixed-declared target policy rows
asym_A_erased_B_preserved,threshold_1_00,fixed_declared_target_policy,req_joint_and_parity,req_joint,1,0,0,0,1,pass,monotonicity checked over fixed-declared target policy rows
asym_A_erased_B_preserved,threshold_1_00,fixed_declared_target_policy,req_all_nontrivial,req_joint_and_parity,1,0,0,0,1,pass,monotonicity checked over fixed-declared target policy rows
asym_A_erased_B_preserved,threshold_1_00,fixed_declared_target_policy,req_all_nontrivial,req_marginals,1,0,0,0,1,pass,monotonicity checked over fixed-declared target policy rows
asym_A_erased_B_preserved,threshold_1_00,fixed_declared_target_policy,req_all_nontrivial,req_parity,1,0,0,0,1,pass,monotonicity checked over fixed-declared target policy rows
asym_A_erased_B_preserved,threshold_1_00,fixed_declared_target_policy,req_joint_and_parity,req_parity,1,0,0,0,1,pass,monotonicity checked over fixed-declared target policy rows
asym_A_noisy_B_preserved_p_0_25,threshold_0_80,fixed_declared_target_policy,req_all_nontrivial,req_A,1,0,0,0,1,pass,monotonicity checked over fixed-declared target policy rows
asym_A_noisy_B_preserved_p_0_25,threshold_0_80,fixed_declared_target_policy,req_marginals,req_A,1,0,0,0,1,pass,monotonicity checked over fixed-declared target policy rows
asym_A_noisy_B_preserved_p_0_25,threshold_0_80,fixed_declared_target_policy,req_all_nontrivial,req_B,1,0,1,0,1,pass,monotonicity checked over fixed-declared target policy rows
asym_A_noisy_B_preserved_p_0_25,threshold_0_80,fixed_declared_target_policy,req_marginals,req_B,1,0,1,0,1,pass,monotonicity checked over fixed-declared target policy rows
asym_A_noisy_B_preserved_p_0_25,threshold_0_80,fixed_declared_target_policy,req_all_nontrivial,req_joint,1,0,0,0,1,pass,monotonicity checked over fixed-declared target policy rows
asym_A_noisy_B_preserved_p_0_25,threshold_0_80,fixed_declared_target_policy,req_joint_and_parity,req_joint,1,0,0,0,1,pass,monotonicity checked over fixed-declared target policy rows
asym_A_noisy_B_preserved_p_0_25,threshold_0_80,fixed_declared_target_policy,req_all_nontrivial,req_joint_and_parity,1,0,0,0,1,pass,monotonicity checked over fixed-declared target policy rows
asym_A_noisy_B_preserved_p_0_25,threshold_0_80,fixed_declared_target_policy,req_all_nontrivial,req_marginals,1,0,0,0,1,pass,monotonicity checked over fixed-declared target policy rows
asym_A_noisy_B_preserved_p_0_25,threshold_0_80,fixed_declared_target_policy,req_all_nontrivial,req_parity,1,0,0,0,1,pass,monotonicity checked over fixed-declared target policy rows
asym_A_noisy_B_preserved_p_0_25,threshold_0_80,fixed_declared_target_policy,req_joint_and_parity,req_parity,1,0,0,0,1,pass,monotonicity checked over fixed-declared target policy rows
asym_A_noisy_B_preserved_p_0_25,threshold_0_90,fixed_declared_target_policy,req_all_nontrivial,req_A,1,0,0,0,1,pass,monotonicity checked over fixed-declared target policy rows
asym_A_noisy_B_preserved_p_0_25,threshold_0_90,fixed_declared_target_policy,req_marginals,req_A,1,0,0,0,1,pass,monotonicity checked over fixed-declared target policy rows
asym_A_noisy_B_preserved_p_0_25,threshold_0_90,fixed_declared_target_policy,req_all_nontrivial,req_B,1,0,1,0,1,pass,monotonicity checked over fixed-declared target policy rows
asym_A_noisy_B_preserved_p_0_25,threshold_0_90,fixed_declared_target_policy,req_marginals,req_B,1,0,1,0,1,pass,monotonicity checked over fixed-declared target policy rows
asym_A_noisy_B_preserved_p_0_25,threshold_0_90,fixed_declared_target_policy,req_all_nontrivial,req_joint,1,0,0,0,1,pass,monotonicity checked over fixed-declared target policy rows
asym_A_noisy_B_preserved_p_0_25,threshold_0_90,fixed_declared_target_policy,req_joint_and_parity,req_joint,1,0,0,0,1,pass,monotonicity checked over fixed-declared target policy rows
asym_A_noisy_B_preserved_p_0_25,threshold_0_90,fixed_declared_target_policy,req_all_nontrivial,req_joint_and_parity,1,0,0,0,1,pass,monotonicity checked over fixed-declared target policy rows
asym_A_noisy_B_preserved_p_0_25,threshold_0_90,fixed_declared_target_policy,req_all_nontrivial,req_marginals,1,0,0,0,1,pass,monotonicity checked over fixed-declared target policy rows
asym_A_noisy_B_preserved_p_0_25,threshold_0_90,fixed_declared_target_policy,req_all_nontrivial,req_parity,1,0,0,0,1,pass,monotonicity checked over fixed-declared target policy rows
asym_A_noisy_B_preserved_p_0_25,threshold_0_90,fixed_declared_target_policy,req_joint_and_parity,req_parity,1,0,0,0,1,pass,monotonicity checked over fixed-declared target policy rows
asym_A_noisy_B_preserved_p_0_25,threshold_0_95,fixed_declared_target_policy,req_all_nontrivial,req_A,1,0,0,0,1,pass,monotonicity checked over fixed-declared target policy rows
asym_A_noisy_B_preserved_p_0_25,threshold_0_95,fixed_declared_target_policy,req_marginals,req_A,1,0,0,0,1,pass,monotonicity checked over fixed-declared target policy rows
asym_A_noisy_B_preserved_p_0_25,threshold_0_95,fixed_declared_target_policy,req_all_nontrivial,req_B,1,0,1,0,1,pass,monotonicity checked over fixed-declared target policy rows
asym_A_noisy_B_preserved_p_0_25,threshold_0_95,fixed_declared_target_policy,req_marginals,req_B,1,0,1,0,1,pass,monotonicity checked over fixed-declared target policy rows
asym_A_noisy_B_preserved_p_0_25,threshold_0_95,fixed_declared_target_policy,req_all_nontrivial,req_joint,1,0,0,0,1,pass,monotonicity checked over fixed-declared target policy rows
asym_A_noisy_B_preserved_p_0_25,threshold_0_95,fixed_declared_target_policy,req_joint_and_parity,req_joint,1,0,0,0,1,pass,monotonicity checked over fixed-declared target policy rows
asym_A_noisy_B_preserved_p_0_25,threshold_0_95,fixed_declared_target_policy,req_all_nontrivial,req_joint_and_parity,1,0,0,0,1,pass,monotonicity checked over fixed-declared target policy rows
asym_A_noisy_B_preserved_p_0_25,threshold_0_95,fixed_declared_target_policy,req_all_nontrivial,req_marginals,1,0,0,0,1,pass,monotonicity checked over fixed-declared target policy rows
asym_A_noisy_B_preserved_p_0_25,threshold_0_95,fixed_declared_target_policy,req_all_nontrivial,req_parity,1,0,0,0,1,pass,monotonicity checked over fixed-declared target policy rows
asym_A_noisy_B_preserved_p_0_25,threshold_0_95,fixed_declared_target_policy,req_joint_and_parity,req_parity,1,0,0,0,1,pass,monotonicity checked over fixed-declared target policy rows
asym_A_noisy_B_preserved_p_0_25,threshold_0_99,fixed_declared_target_policy,req_all_nontrivial,req_A,1,0,0,0,1,pass,monotonicity checked over fixed-declared target policy rows
asym_A_noisy_B_preserved_p_0_25,threshold_0_99,fixed_declared_target_policy,req_marginals,req_A,1,0,0,0,1,pass,monotonicity checked over fixed-declared target policy rows
asym_A_noisy_B_preserved_p_0_25,threshold_0_99,fixed_declared_target_policy,req_all_nontrivial,req_B,1,0,1,0,1,pass,monotonicity checked over fixed-declared target policy rows
asym_A_noisy_B_preserved_p_0_25,threshold_0_99,fixed_declared_target_policy,req_marginals,req_B,1,0,1,0,1,pass,monotonicity checked over fixed-declared target policy rows
asym_A_noisy_B_preserved_p_0_25,threshold_0_99,fixed_declared_target_policy,req_all_nontrivial,req_joint,1,0,0,0,1,pass,monotonicity checked over fixed-declared target policy rows
asym_A_noisy_B_preserved_p_0_25,threshold_0_99,fixed_declared_target_policy,req_joint_and_parity,req_joint,1,0,0,0,1,pass,monotonicity checked over fixed-declared target policy rows
asym_A_noisy_B_preserved_p_0_25,threshold_0_99,fixed_declared_target_policy,req_all_nontrivial,req_joint_and_parity,1,0,0,0,1,pass,monotonicity checked over fixed-declared target policy rows
asym_A_noisy_B_preserved_p_0_25,threshold_0_99,fixed_declared_target_policy,req_all_nontrivial,req_marginals,1,0,0,0,1,pass,monotonicity checked over fixed-declared target policy rows
asym_A_noisy_B_preserved_p_0_25,threshold_0_99,fixed_declared_target_policy,req_all_nontrivial,req_parity,1,0,0,0,1,pass,monotonicity checked over fixed-declared target policy rows
asym_A_noisy_B_preserved_p_0_25,threshold_0_99,fixed_declared_target_policy,req_joint_and_parity,req_parity,1,0,0,0,1,pass,monotonicity checked over fixed-declared target policy rows
asym_A_noisy_B_preserved_p_0_25,threshold_1_00,fixed_declared_target_policy,req_all_nontrivial,req_A,1,0,0,0,1,pass,monotonicity checked over fixed-declared target policy rows
asym_A_noisy_B_preserved_p_0_25,threshold_1_00,fixed_declared_target_policy,req_marginals,req_A,1,0,0,0,1,pass,monotonicity checked over fixed-declared target policy rows
asym_A_noisy_B_preserved_p_0_25,threshold_1_00,fixed_declared_target_policy,req_all_nontrivial,req_B,1,0,1,0,1,pass,monotonicity checked over fixed-declared target policy rows
asym_A_noisy_B_preserved_p_0_25,threshold_1_00,fixed_declared_target_policy,req_marginals,req_B,1,0,1,0,1,pass,monotonicity checked over fixed-declared target policy rows
asym_A_noisy_B_preserved_p_0_25,threshold_1_00,fixed_declared_target_policy,req_all_nontrivial,req_joint,1,0,0,0,1,pass,monotonicity checked over fixed-declared target policy rows
asym_A_noisy_B_preserved_p_0_25,threshold_1_00,fixed_declared_target_policy,req_joint_and_parity,req_joint,1,0,0,0,1,pass,monotonicity checked over fixed-declared target policy rows
asym_A_noisy_B_preserved_p_0_25,threshold_1_00,fixed_declared_target_policy,req_all_nontrivial,req_joint_and_parity,1,0,0,0,1,pass,monotonicity checked over fixed-declared target policy rows
asym_A_noisy_B_preserved_p_0_25,threshold_1_00,fixed_declared_target_policy,req_all_nontrivial,req_marginals,1,0,0,0,1,pass,monotonicity checked over fixed-declared target policy rows
asym_A_noisy_B_preserved_p_0_25,threshold_1_00,fixed_declared_target_policy,req_all_nontrivial,req_parity,1,0,0,0,1,pass,monotonicity checked over fixed-declared target policy rows
asym_A_noisy_B_preserved_p_0_25,threshold_1_00,fixed_declared_target_policy,req_joint_and_parity,req_parity,1,0,0,0,1,pass,monotonicity checked over fixed-declared target policy rows
asym_A_preserved_B_noisy_p_0_25,threshold_0_80,fixed_declared_target_policy,req_all_nontrivial,req_A,1,0,1,0,1,pass,monotonicity checked over fixed-declared target policy rows
asym_A_preserved_B_noisy_p_0_25,threshold_0_80,fixed_declared_target_policy,req_marginals,req_A,1,0,1,0,1,pass,monotonicity checked over fixed-declared target policy rows
asym_A_preserved_B_noisy_p_0_25,threshold_0_80,fixed_declared_target_policy,req_all_nontrivial,req_B,1,0,0,0,1,pass,monotonicity checked over fixed-declared target policy rows
asym_A_preserved_B_noisy_p_0_25,threshold_0_80,fixed_declared_target_policy,req_marginals,req_B,1,0,0,0,1,pass,monotonicity checked over fixed-declared target policy rows
asym_A_preserved_B_noisy_p_0_25,threshold_0_80,fixed_declared_target_policy,req_all_nontrivial,req_joint,1,0,0,0,1,pass,monotonicity checked over fixed-declared target policy rows
asym_A_preserved_B_noisy_p_0_25,threshold_0_80,fixed_declared_target_policy,req_joint_and_parity,req_joint,1,0,0,0,1,pass,monotonicity checked over fixed-declared target policy rows
asym_A_preserved_B_noisy_p_0_25,threshold_0_80,fixed_declared_target_policy,req_all_nontrivial,req_joint_and_parity,1,0,0,0,1,pass,monotonicity checked over fixed-declared target policy rows
asym_A_preserved_B_noisy_p_0_25,threshold_0_80,fixed_declared_target_policy,req_all_nontrivial,req_marginals,1,0,0,0,1,pass,monotonicity checked over fixed-declared target policy rows
asym_A_preserved_B_noisy_p_0_25,threshold_0_80,fixed_declared_target_policy,req_all_nontrivial,req_parity,1,0,0,0,1,pass,monotonicity checked over fixed-declared target policy rows
asym_A_preserved_B_noisy_p_0_25,threshold_0_80,fixed_declared_target_policy,req_joint_and_parity,req_parity,1,0,0,0,1,pass,monotonicity checked over fixed-declared target policy rows
asym_A_preserved_B_noisy_p_0_25,threshold_0_90,fixed_declared_target_policy,req_all_nontrivial,req_A,1,0,1,0,1,pass,monotonicity checked over fixed-declared target policy rows
asym_A_preserved_B_noisy_p_0_25,threshold_0_90,fixed_declared_target_policy,req_marginals,req_A,1,0,1,0,1,pass,monotonicity checked over fixed-declared target policy rows
asym_A_preserved_B_noisy_p_0_25,threshold_0_90,fixed_declared_target_policy,req_all_nontrivial,req_B,1,0,0,0,1,pass,monotonicity checked over fixed-declared target policy rows
asym_A_preserved_B_noisy_p_0_25,threshold_0_90,fixed_declared_target_policy,req_marginals,req_B,1,0,0,0,1,pass,monotonicity checked over fixed-declared target policy rows
asym_A_preserved_B_noisy_p_0_25,threshold_0_90,fixed_declared_target_policy,req_all_nontrivial,req_joint,1,0,0,0,1,pass,monotonicity checked over fixed-declared target policy rows
asym_A_preserved_B_noisy_p_0_25,threshold_0_90,fixed_declared_target_policy,req_joint_and_parity,req_joint,1,0,0,0,1,pass,monotonicity checked over fixed-declared target policy rows
asym_A_preserved_B_noisy_p_0_25,threshold_0_90,fixed_declared_target_policy,req_all_nontrivial,req_joint_and_parity,1,0,0,0,1,pass,monotonicity checked over fixed-declared target policy rows
asym_A_preserved_B_noisy_p_0_25,threshold_0_90,fixed_declared_target_policy,req_all_nontrivial,req_marginals,1,0,0,0,1,pass,monotonicity checked over fixed-declared target policy rows
asym_A_preserved_B_noisy_p_0_25,threshold_0_90,fixed_declared_target_policy,req_all_nontrivial,req_parity,1,0,0,0,1,pass,monotonicity checked over fixed-declared target policy rows
asym_A_preserved_B_noisy_p_0_25,threshold_0_90,fixed_declared_target_policy,req_joint_and_parity,req_parity,1,0,0,0,1,pass,monotonicity checked over fixed-declared target policy rows
asym_A_preserved_B_noisy_p_0_25,threshold_0_95,fixed_declared_target_policy,req_all_nontrivial,req_A,1,0,1,0,1,pass,monotonicity checked over fixed-declared target policy rows
asym_A_preserved_B_noisy_p_0_25,threshold_0_95,fixed_declared_target_policy,req_marginals,req_A,1,0,1,0,1,pass,monotonicity checked over fixed-declared target policy rows
asym_A_preserved_B_noisy_p_0_25,threshold_0_95,fixed_declared_target_policy,req_all_nontrivial,req_B,1,0,0,0,1,pass,monotonicity checked over fixed-declared target policy rows
asym_A_preserved_B_noisy_p_0_25,threshold_0_95,fixed_declared_target_policy,req_marginals,req_B,1,0,0,0,1,pass,monotonicity checked over fixed-declared target policy rows
asym_A_preserved_B_noisy_p_0_25,threshold_0_95,fixed_declared_target_policy,req_all_nontrivial,req_joint,1,0,0,0,1,pass,monotonicity checked over fixed-declared target policy rows
asym_A_preserved_B_noisy_p_0_25,threshold_0_95,fixed_declared_target_policy,req_joint_and_parity,req_joint,1,0,0,0,1,pass,monotonicity checked over fixed-declared target policy rows
asym_A_preserved_B_noisy_p_0_25,threshold_0_95,fixed_declared_target_policy,req_all_nontrivial,req_joint_and_parity,1,0,0,0,1,pass,monotonicity checked over fixed-declared target policy rows
asym_A_preserved_B_noisy_p_0_25,threshold_0_95,fixed_declared_target_policy,req_all_nontrivial,req_marginals,1,0,0,0,1,pass,monotonicity checked over fixed-declared target policy rows
asym_A_preserved_B_noisy_p_0_25,threshold_0_95,fixed_declared_target_policy,req_all_nontrivial,req_parity,1,0,0,0,1,pass,monotonicity checked over fixed-declared target policy rows
asym_A_preserved_B_noisy_p_0_25,threshold_0_95,fixed_declared_target_policy,req_joint_and_parity,req_parity,1,0,0,0,1,pass,monotonicity checked over fixed-declared target policy rows
asym_A_preserved_B_noisy_p_0_25,threshold_0_99,fixed_declared_target_policy,req_all_nontrivial,req_A,1,0,1,0,1,pass,monotonicity checked over fixed-declared target policy rows
asym_A_preserved_B_noisy_p_0_25,threshold_0_99,fixed_declared_target_policy,req_marginals,req_A,1,0,1,0,1,pass,monotonicity checked over fixed-declared target policy rows
asym_A_preserved_B_noisy_p_0_25,threshold_0_99,fixed_declared_target_policy,req_all_nontrivial,req_B,1,0,0,0,1,pass,monotonicity checked over fixed-declared target policy rows
asym_A_preserved_B_noisy_p_0_25,threshold_0_99,fixed_declared_target_policy,req_marginals,req_B,1,0,0,0,1,pass,monotonicity checked over fixed-declared target policy rows
asym_A_preserved_B_noisy_p_0_25,threshold_0_99,fixed_declared_target_policy,req_all_nontrivial,req_joint,1,0,0,0,1,pass,monotonicity checked over fixed-declared target policy rows
asym_A_preserved_B_noisy_p_0_25,threshold_0_99,fixed_declared_target_policy,req_joint_and_parity,req_joint,1,0,0,0,1,pass,monotonicity checked over fixed-declared target policy rows
asym_A_preserved_B_noisy_p_0_25,threshold_0_99,fixed_declared_target_policy,req_all_nontrivial,req_joint_and_parity,1,0,0,0,1,pass,monotonicity checked over fixed-declared target policy rows
asym_A_preserved_B_noisy_p_0_25,threshold_0_99,fixed_declared_target_policy,req_all_nontrivial,req_marginals,1,0,0,0,1,pass,monotonicity checked over fixed-declared target policy rows
asym_A_preserved_B_noisy_p_0_25,threshold_0_99,fixed_declared_target_policy,req_all_nontrivial,req_parity,1,0,0,0,1,pass,monotonicity checked over fixed-declared target policy rows
asym_A_preserved_B_noisy_p_0_25,threshold_0_99,fixed_declared_target_policy,req_joint_and_parity,req_parity,1,0,0,0,1,pass,monotonicity checked over fixed-declared target policy rows
asym_A_preserved_B_noisy_p_0_25,threshold_1_00,fixed_declared_target_policy,req_all_nontrivial,req_A,1,0,1,0,1,pass,monotonicity checked over fixed-declared target policy rows
asym_A_preserved_B_noisy_p_0_25,threshold_1_00,fixed_declared_target_policy,req_marginals,req_A,1,0,1,0,1,pass,monotonicity checked over fixed-declared target policy rows
asym_A_preserved_B_noisy_p_0_25,threshold_1_00,fixed_declared_target_policy,req_all_nontrivial,req_B,1,0,0,0,1,pass,monotonicity checked over fixed-declared target policy rows
asym_A_preserved_B_noisy_p_0_25,threshold_1_00,fixed_declared_target_policy,req_marginals,req_B,1,0,0,0,1,pass,monotonicity checked over fixed-declared target policy rows
asym_A_preserved_B_noisy_p_0_25,threshold_1_00,fixed_declared_target_policy,req_all_nontrivial,req_joint,1,0,0,0,1,pass,monotonicity checked over fixed-declared target policy rows
asym_A_preserved_B_noisy_p_0_25,threshold_1_00,fixed_declared_target_policy,req_joint_and_parity,req_joint,1,0,0,0,1,pass,monotonicity checked over fixed-declared target policy rows
asym_A_preserved_B_noisy_p_0_25,threshold_1_00,fixed_declared_target_policy,req_all_nontrivial,req_joint_and_parity,1,0,0,0,1,pass,monotonicity checked over fixed-declared target policy rows
asym_A_preserved_B_noisy_p_0_25,threshold_1_00,fixed_declared_target_policy,req_all_nontrivial,req_marginals,1,0,0,0,1,pass,monotonicity checked over fixed-declared target policy rows
asym_A_preserved_B_noisy_p_0_25,threshold_1_00,fixed_declared_target_policy,req_all_nontrivial,req_parity,1,0,0,0,1,pass,monotonicity checked over fixed-declared target policy rows
asym_A_preserved_B_noisy_p_0_25,threshold_1_00,fixed_declared_target_policy,req_joint_and_parity,req_parity,1,0,0,0,1,pass,monotonicity checked over fixed-declared target policy rows
asym_B_erased_A_preserved,threshold_0_80,fixed_declared_target_policy,req_all_nontrivial,req_A,1,0,1,0,1,pass,monotonicity checked over fixed-declared target policy rows
asym_B_erased_A_preserved,threshold_0_80,fixed_declared_target_policy,req_marginals,req_A,1,0,1,0,1,pass,monotonicity checked over fixed-declared target policy rows
asym_B_erased_A_preserved,threshold_0_80,fixed_declared_target_policy,req_all_nontrivial,req_B,1,0,0,0,1,pass,monotonicity checked over fixed-declared target policy rows
asym_B_erased_A_preserved,threshold_0_80,fixed_declared_target_policy,req_marginals,req_B,1,0,0,0,1,pass,monotonicity checked over fixed-declared target policy rows
asym_B_erased_A_preserved,threshold_0_80,fixed_declared_target_policy,req_all_nontrivial,req_joint,1,0,0,0,1,pass,monotonicity checked over fixed-declared target policy rows
asym_B_erased_A_preserved,threshold_0_80,fixed_declared_target_policy,req_joint_and_parity,req_joint,1,0,0,0,1,pass,monotonicity checked over fixed-declared target policy rows
asym_B_erased_A_preserved,threshold_0_80,fixed_declared_target_policy,req_all_nontrivial,req_joint_and_parity,1,0,0,0,1,pass,monotonicity checked over fixed-declared target policy rows
asym_B_erased_A_preserved,threshold_0_80,fixed_declared_target_policy,req_all_nontrivial,req_marginals,1,0,0,0,1,pass,monotonicity checked over fixed-declared target policy rows
asym_B_erased_A_preserved,threshold_0_80,fixed_declared_target_policy,req_all_nontrivial,req_parity,1,0,0,0,1,pass,monotonicity checked over fixed-declared target policy rows
asym_B_erased_A_preserved,threshold_0_80,fixed_declared_target_policy,req_joint_and_parity,req_parity,1,0,0,0,1,pass,monotonicity checked over fixed-declared target policy rows
asym_B_erased_A_preserved,threshold_0_90,fixed_declared_target_policy,req_all_nontrivial,req_A,1,0,1,0,1,pass,monotonicity checked over fixed-declared target policy rows
asym_B_erased_A_preserved,threshold_0_90,fixed_declared_target_policy,req_marginals,req_A,1,0,1,0,1,pass,monotonicity checked over fixed-declared target policy rows
asym_B_erased_A_preserved,threshold_0_90,fixed_declared_target_policy,req_all_nontrivial,req_B,1,0,0,0,1,pass,monotonicity checked over fixed-declared target policy rows
asym_B_erased_A_preserved,threshold_0_90,fixed_declared_target_policy,req_marginals,req_B,1,0,0,0,1,pass,monotonicity checked over fixed-declared target policy rows
asym_B_erased_A_preserved,threshold_0_90,fixed_declared_target_policy,req_all_nontrivial,req_joint,1,0,0,0,1,pass,monotonicity checked over fixed-declared target policy rows
asym_B_erased_A_preserved,threshold_0_90,fixed_declared_target_policy,req_joint_and_parity,req_joint,1,0,0,0,1,pass,monotonicity checked over fixed-declared target policy rows
asym_B_erased_A_preserved,threshold_0_90,fixed_declared_target_policy,req_all_nontrivial,req_joint_and_parity,1,0,0,0,1,pass,monotonicity checked over fixed-declared target policy rows
asym_B_erased_A_preserved,threshold_0_90,fixed_declared_target_policy,req_all_nontrivial,req_marginals,1,0,0,0,1,pass,monotonicity checked over fixed-declared target policy rows
asym_B_erased_A_preserved,threshold_0_90,fixed_declared_target_policy,req_all_nontrivial,req_parity,1,0,0,0,1,pass,monotonicity checked over fixed-declared target policy rows
asym_B_erased_A_preserved,threshold_0_90,fixed_declared_target_policy,req_joint_and_parity,req_parity,1,0,0,0,1,pass,monotonicity checked over fixed-declared target policy rows
asym_B_erased_A_preserved,threshold_0_95,fixed_declared_target_policy,req_all_nontrivial,req_A,1,0,1,0,1,pass,monotonicity checked over fixed-declared target policy rows
asym_B_erased_A_preserved,threshold_0_95,fixed_declared_target_policy,req_marginals,req_A,1,0,1,0,1,pass,monotonicity checked over fixed-declared target policy rows
asym_B_erased_A_preserved,threshold_0_95,fixed_declared_target_policy,req_all_nontrivial,req_B,1,0,0,0,1,pass,monotonicity checked over fixed-declared target policy rows
asym_B_erased_A_preserved,threshold_0_95,fixed_declared_target_policy,req_marginals,req_B,1,0,0,0,1,pass,monotonicity checked over fixed-declared target policy rows
asym_B_erased_A_preserved,threshold_0_95,fixed_declared_target_policy,req_all_nontrivial,req_joint,1,0,0,0,1,pass,monotonicity checked over fixed-declared target policy rows
asym_B_erased_A_preserved,threshold_0_95,fixed_declared_target_policy,req_joint_and_parity,req_joint,1,0,0,0,1,pass,monotonicity checked over fixed-declared target policy rows
asym_B_erased_A_preserved,threshold_0_95,fixed_declared_target_policy,req_all_nontrivial,req_joint_and_parity,1,0,0,0,1,pass,monotonicity checked over fixed-declared target policy rows
asym_B_erased_A_preserved,threshold_0_95,fixed_declared_target_policy,req_all_nontrivial,req_marginals,1,0,0,0,1,pass,monotonicity checked over fixed-declared target policy rows
asym_B_erased_A_preserved,threshold_0_95,fixed_declared_target_policy,req_all_nontrivial,req_parity,1,0,0,0,1,pass,monotonicity checked over fixed-declared target policy rows
asym_B_erased_A_preserved,threshold_0_95,fixed_declared_target_policy,req_joint_and_parity,req_parity,1,0,0,0,1,pass,monotonicity checked over fixed-declared target policy rows
asym_B_erased_A_preserved,threshold_0_99,fixed_declared_target_policy,req_all_nontrivial,req_A,1,0,1,0,1,pass,monotonicity checked over fixed-declared target policy rows
asym_B_erased_A_preserved,threshold_0_99,fixed_declared_target_policy,req_marginals,req_A,1,0,1,0,1,pass,monotonicity checked over fixed-declared target policy rows
asym_B_erased_A_preserved,threshold_0_99,fixed_declared_target_policy,req_all_nontrivial,req_B,1,0,0,0,1,pass,monotonicity checked over fixed-declared target policy rows
asym_B_erased_A_preserved,threshold_0_99,fixed_declared_target_policy,req_marginals,req_B,1,0,0,0,1,pass,monotonicity checked over fixed-declared target policy rows
asym_B_erased_A_preserved,threshold_0_99,fixed_declared_target_policy,req_all_nontrivial,req_joint,1,0,0,0,1,pass,monotonicity checked over fixed-declared target policy rows
asym_B_erased_A_preserved,threshold_0_99,fixed_declared_target_policy,req_joint_and_parity,req_joint,1,0,0,0,1,pass,monotonicity checked over fixed-declared target policy rows
asym_B_erased_A_preserved,threshold_0_99,fixed_declared_target_policy,req_all_nontrivial,req_joint_and_parity,1,0,0,0,1,pass,monotonicity checked over fixed-declared target policy rows
asym_B_erased_A_preserved,threshold_0_99,fixed_declared_target_policy,req_all_nontrivial,req_marginals,1,0,0,0,1,pass,monotonicity checked over fixed-declared target policy rows
asym_B_erased_A_preserved,threshold_0_99,fixed_declared_target_policy,req_all_nontrivial,req_parity,1,0,0,0,1,pass,monotonicity checked over fixed-declared target policy rows
asym_B_erased_A_preserved,threshold_0_99,fixed_declared_target_policy,req_joint_and_parity,req_parity,1,0,0,0,1,pass,monotonicity checked over fixed-declared target policy rows
asym_B_erased_A_preserved,threshold_1_00,fixed_declared_target_policy,req_all_nontrivial,req_A,1,0,1,0,1,pass,monotonicity checked over fixed-declared target policy rows
asym_B_erased_A_preserved,threshold_1_00,fixed_declared_target_policy,req_marginals,req_A,1,0,1,0,1,pass,monotonicity checked over fixed-declared target policy rows
asym_B_erased_A_preserved,threshold_1_00,fixed_declared_target_policy,req_all_nontrivial,req_B,1,0,0,0,1,pass,monotonicity checked over fixed-declared target policy rows
asym_B_erased_A_preserved,threshold_1_00,fixed_declared_target_policy,req_marginals,req_B,1,0,0,0,1,pass,monotonicity checked over fixed-declared target policy rows
asym_B_erased_A_preserved,threshold_1_00,fixed_declared_target_policy,req_all_nontrivial,req_joint,1,0,0,0,1,pass,monotonicity checked over fixed-declared target policy rows
asym_B_erased_A_preserved,threshold_1_00,fixed_declared_target_policy,req_joint_and_parity,req_joint,1,0,0,0,1,pass,monotonicity checked over fixed-declared target policy rows
asym_B_erased_A_preserved,threshold_1_00,fixed_declared_target_policy,req_all_nontrivial,req_joint_and_parity,1,0,0,0,1,pass,monotonicity checked over fixed-declared target policy rows
asym_B_erased_A_preserved,threshold_1_00,fixed_declared_target_policy,req_all_nontrivial,req_marginals,1,0,0,0,1,pass,monotonicity checked over fixed-declared target policy rows
asym_B_erased_A_preserved,threshold_1_00,fixed_declared_target_policy,req_all_nontrivial,req_parity,1,0,0,0,1,pass,monotonicity checked over fixed-declared target policy rows
asym_B_erased_A_preserved,threshold_1_00,fixed_declared_target_policy,req_joint_and_parity,req_parity,1,0,0,0,1,pass,monotonicity checked over fixed-declared target policy rows
bit_flip_p_0_00,threshold_0_80,fixed_declared_target_policy,req_all_nontrivial,req_A,1,1,1,1,1,pass,monotonicity checked over fixed-declared target policy rows
bit_flip_p_0_00,threshold_0_80,fixed_declared_target_policy,req_marginals,req_A,1,1,1,1,1,pass,monotonicity checked over fixed-declared target policy rows
bit_flip_p_0_00,threshold_0_80,fixed_declared_target_policy,req_all_nontrivial,req_B,1,1,1,1,1,pass,monotonicity checked over fixed-declared target policy rows
bit_flip_p_0_00,threshold_0_80,fixed_declared_target_policy,req_marginals,req_B,1,1,1,1,1,pass,monotonicity checked over fixed-declared target policy rows
bit_flip_p_0_00,threshold_0_80,fixed_declared_target_policy,req_all_nontrivial,req_joint,1,1,1,1,1,pass,monotonicity checked over fixed-declared target policy rows
bit_flip_p_0_00,threshold_0_80,fixed_declared_target_policy,req_joint_and_parity,req_joint,1,1,1,1,1,pass,monotonicity checked over fixed-declared target policy rows
bit_flip_p_0_00,threshold_0_80,fixed_declared_target_policy,req_all_nontrivial,req_joint_and_parity,1,1,1,1,1,pass,monotonicity checked over fixed-declared target policy rows
bit_flip_p_0_00,threshold_0_80,fixed_declared_target_policy,req_all_nontrivial,req_marginals,1,1,1,1,1,pass,monotonicity checked over fixed-declared target policy rows
bit_flip_p_0_00,threshold_0_80,fixed_declared_target_policy,req_all_nontrivial,req_parity,1,1,1,1,1,pass,monotonicity checked over fixed-declared target policy rows
bit_flip_p_0_00,threshold_0_80,fixed_declared_target_policy,req_joint_and_parity,req_parity,1,1,1,1,1,pass,monotonicity checked over fixed-declared target policy rows
bit_flip_p_0_00,threshold_0_90,fixed_declared_target_policy,req_all_nontrivial,req_A,1,1,1,1,1,pass,monotonicity checked over fixed-declared target policy rows
bit_flip_p_0_00,threshold_0_90,fixed_declared_target_policy,req_marginals,req_A,1,1,1,1,1,pass,monotonicity checked over fixed-declared target policy rows
bit_flip_p_0_00,threshold_0_90,fixed_declared_target_policy,req_all_nontrivial,req_B,1,1,1,1,1,pass,monotonicity checked over fixed-declared target policy rows
bit_flip_p_0_00,threshold_0_90,fixed_declared_target_policy,req_marginals,req_B,1,1,1,1,1,pass,monotonicity checked over fixed-declared target policy rows
bit_flip_p_0_00,threshold_0_90,fixed_declared_target_policy,req_all_nontrivial,req_joint,1,1,1,1,1,pass,monotonicity checked over fixed-declared target policy rows
bit_flip_p_0_00,threshold_0_90,fixed_declared_target_policy,req_joint_and_parity,req_joint,1,1,1,1,1,pass,monotonicity checked over fixed-declared target policy rows
bit_flip_p_0_00,threshold_0_90,fixed_declared_target_policy,req_all_nontrivial,req_joint_and_parity,1,1,1,1,1,pass,monotonicity checked over fixed-declared target policy rows
bit_flip_p_0_00,threshold_0_90,fixed_declared_target_policy,req_all_nontrivial,req_marginals,1,1,1,1,1,pass,monotonicity checked over fixed-declared target policy rows
bit_flip_p_0_00,threshold_0_90,fixed_declared_target_policy,req_all_nontrivial,req_parity,1,1,1,1,1,pass,monotonicity checked over fixed-declared target policy rows
bit_flip_p_0_00,threshold_0_90,fixed_declared_target_policy,req_joint_and_parity,req_parity,1,1,1,1,1,pass,monotonicity checked over fixed-declared target policy rows
bit_flip_p_0_00,threshold_0_95,fixed_declared_target_policy,req_all_nontrivial,req_A,1,1,1,1,1,pass,monotonicity checked over fixed-declared target policy rows
bit_flip_p_0_00,threshold_0_95,fixed_declared_target_policy,req_marginals,req_A,1,1,1,1,1,pass,monotonicity checked over fixed-declared target policy rows
bit_flip_p_0_00,threshold_0_95,fixed_declared_target_policy,req_all_nontrivial,req_B,1,1,1,1,1,pass,monotonicity checked over fixed-declared target policy rows
bit_flip_p_0_00,threshold_0_95,fixed_declared_target_policy,req_marginals,req_B,1,1,1,1,1,pass,monotonicity checked over fixed-declared target policy rows
bit_flip_p_0_00,threshold_0_95,fixed_declared_target_policy,req_all_nontrivial,req_joint,1,1,1,1,1,pass,monotonicity checked over fixed-declared target policy rows
bit_flip_p_0_00,threshold_0_95,fixed_declared_target_policy,req_joint_and_parity,req_joint,1,1,1,1,1,pass,monotonicity checked over fixed-declared target policy rows
bit_flip_p_0_00,threshold_0_95,fixed_declared_target_policy,req_all_nontrivial,req_joint_and_parity,1,1,1,1,1,pass,monotonicity checked over fixed-declared target policy rows
bit_flip_p_0_00,threshold_0_95,fixed_declared_target_policy,req_all_nontrivial,req_marginals,1,1,1,1,1,pass,monotonicity checked over fixed-declared target policy rows
bit_flip_p_0_00,threshold_0_95,fixed_declared_target_policy,req_all_nontrivial,req_parity,1,1,1,1,1,pass,monotonicity checked over fixed-declared target policy rows
bit_flip_p_0_00,threshold_0_95,fixed_declared_target_policy,req_joint_and_parity,req_parity,1,1,1,1,1,pass,monotonicity checked over fixed-declared target policy rows
bit_flip_p_0_00,threshold_0_99,fixed_declared_target_policy,req_all_nontrivial,req_A,1,1,1,1,1,pass,monotonicity checked over fixed-declared target policy rows
bit_flip_p_0_00,threshold_0_99,fixed_declared_target_policy,req_marginals,req_A,1,1,1,1,1,pass,monotonicity checked over fixed-declared target policy rows
bit_flip_p_0_00,threshold_0_99,fixed_declared_target_policy,req_all_nontrivial,req_B,1,1,1,1,1,pass,monotonicity checked over fixed-declared target policy rows
bit_flip_p_0_00,threshold_0_99,fixed_declared_target_policy,req_marginals,req_B,1,1,1,1,1,pass,monotonicity checked over fixed-declared target policy rows
bit_flip_p_0_00,threshold_0_99,fixed_declared_target_policy,req_all_nontrivial,req_joint,1,1,1,1,1,pass,monotonicity checked over fixed-declared target policy rows
bit_flip_p_0_00,threshold_0_99,fixed_declared_target_policy,req_joint_and_parity,req_joint,1,1,1,1,1,pass,monotonicity checked over fixed-declared target policy rows
bit_flip_p_0_00,threshold_0_99,fixed_declared_target_policy,req_all_nontrivial,req_joint_and_parity,1,1,1,1,1,pass,monotonicity checked over fixed-declared target policy rows
bit_flip_p_0_00,threshold_0_99,fixed_declared_target_policy,req_all_nontrivial,req_marginals,1,1,1,1,1,pass,monotonicity checked over fixed-declared target policy rows
bit_flip_p_0_00,threshold_0_99,fixed_declared_target_policy,req_all_nontrivial,req_parity,1,1,1,1,1,pass,monotonicity checked over fixed-declared target policy rows
bit_flip_p_0_00,threshold_0_99,fixed_declared_target_policy,req_joint_and_parity,req_parity,1,1,1,1,1,pass,monotonicity checked over fixed-declared target policy rows
bit_flip_p_0_00,threshold_1_00,fixed_declared_target_policy,req_all_nontrivial,req_A,1,1,1,1,1,pass,monotonicity checked over fixed-declared target policy rows
bit_flip_p_0_00,threshold_1_00,fixed_declared_target_policy,req_marginals,req_A,1,1,1,1,1,pass,monotonicity checked over fixed-declared target policy rows
bit_flip_p_0_00,threshold_1_00,fixed_declared_target_policy,req_all_nontrivial,req_B,1,1,1,1,1,pass,monotonicity checked over fixed-declared target policy rows
bit_flip_p_0_00,threshold_1_00,fixed_declared_target_policy,req_marginals,req_B,1,1,1,1,1,pass,monotonicity checked over fixed-declared target policy rows
bit_flip_p_0_00,threshold_1_00,fixed_declared_target_policy,req_all_nontrivial,req_joint,1,1,1,1,1,pass,monotonicity checked over fixed-declared target policy rows
bit_flip_p_0_00,threshold_1_00,fixed_declared_target_policy,req_joint_and_parity,req_joint,1,1,1,1,1,pass,monotonicity checked over fixed-declared target policy rows
bit_flip_p_0_00,threshold_1_00,fixed_declared_target_policy,req_all_nontrivial,req_joint_and_parity,1,1,1,1,1,pass,monotonicity checked over fixed-declared target policy rows
bit_flip_p_0_00,threshold_1_00,fixed_declared_target_policy,req_all_nontrivial,req_marginals,1,1,1,1,1,pass,monotonicity checked over fixed-declared target policy rows
bit_flip_p_0_00,threshold_1_00,fixed_declared_target_policy,req_all_nontrivial,req_parity,1,1,1,1,1,pass,monotonicity checked over fixed-declared target policy rows
bit_flip_p_0_00,threshold_1_00,fixed_declared_target_policy,req_joint_and_parity,req_parity,1,1,1,1,1,pass,monotonicity checked over fixed-declared target policy rows
bit_flip_p_0_05,threshold_0_80,fixed_declared_target_policy,req_all_nontrivial,req_A,1,1,1,1,1,pass,monotonicity checked over fixed-declared target policy rows
bit_flip_p_0_05,threshold_0_80,fixed_declared_target_policy,req_marginals,req_A,1,1,1,1,1,pass,monotonicity checked over fixed-declared target policy rows
bit_flip_p_0_05,threshold_0_80,fixed_declared_target_policy,req_all_nontrivial,req_B,1,1,1,1,1,pass,monotonicity checked over fixed-declared target policy rows
bit_flip_p_0_05,threshold_0_80,fixed_declared_target_policy,req_marginals,req_B,1,1,1,1,1,pass,monotonicity checked over fixed-declared target policy rows
bit_flip_p_0_05,threshold_0_80,fixed_declared_target_policy,req_all_nontrivial,req_joint,1,1,1,1,1,pass,monotonicity checked over fixed-declared target policy rows
bit_flip_p_0_05,threshold_0_80,fixed_declared_target_policy,req_joint_and_parity,req_joint,1,1,1,1,1,pass,monotonicity checked over fixed-declared target policy rows
bit_flip_p_0_05,threshold_0_80,fixed_declared_target_policy,req_all_nontrivial,req_joint_and_parity,1,1,1,1,1,pass,monotonicity checked over fixed-declared target policy rows
bit_flip_p_0_05,threshold_0_80,fixed_declared_target_policy,req_all_nontrivial,req_marginals,1,1,1,1,1,pass,monotonicity checked over fixed-declared target policy rows
bit_flip_p_0_05,threshold_0_80,fixed_declared_target_policy,req_all_nontrivial,req_parity,1,1,1,1,1,pass,monotonicity checked over fixed-declared target policy rows
bit_flip_p_0_05,threshold_0_80,fixed_declared_target_policy,req_joint_and_parity,req_parity,1,1,1,1,1,pass,monotonicity checked over fixed-declared target policy rows
bit_flip_p_0_05,threshold_0_90,fixed_declared_target_policy,req_all_nontrivial,req_A,1,1,1,1,1,pass,monotonicity checked over fixed-declared target policy rows
bit_flip_p_0_05,threshold_0_90,fixed_declared_target_policy,req_marginals,req_A,1,1,1,1,1,pass,monotonicity checked over fixed-declared target policy rows
bit_flip_p_0_05,threshold_0_90,fixed_declared_target_policy,req_all_nontrivial,req_B,1,1,1,1,1,pass,monotonicity checked over fixed-declared target policy rows
bit_flip_p_0_05,threshold_0_90,fixed_declared_target_policy,req_marginals,req_B,1,1,1,1,1,pass,monotonicity checked over fixed-declared target policy rows
bit_flip_p_0_05,threshold_0_90,fixed_declared_target_policy,req_all_nontrivial,req_joint,1,1,1,1,1,pass,monotonicity checked over fixed-declared target policy rows
bit_flip_p_0_05,threshold_0_90,fixed_declared_target_policy,req_joint_and_parity,req_joint,1,1,1,1,1,pass,monotonicity checked over fixed-declared target policy rows
bit_flip_p_0_05,threshold_0_90,fixed_declared_target_policy,req_all_nontrivial,req_joint_and_parity,1,1,1,1,1,pass,monotonicity checked over fixed-declared target policy rows
bit_flip_p_0_05,threshold_0_90,fixed_declared_target_policy,req_all_nontrivial,req_marginals,1,1,1,1,1,pass,monotonicity checked over fixed-declared target policy rows
bit_flip_p_0_05,threshold_0_90,fixed_declared_target_policy,req_all_nontrivial,req_parity,1,1,1,1,1,pass,monotonicity checked over fixed-declared target policy rows
bit_flip_p_0_05,threshold_0_90,fixed_declared_target_policy,req_joint_and_parity,req_parity,1,1,1,1,1,pass,monotonicity checked over fixed-declared target policy rows
bit_flip_p_0_05,threshold_0_95,fixed_declared_target_policy,req_all_nontrivial,req_A,1,0,1,0,1,pass,monotonicity checked over fixed-declared target policy rows
bit_flip_p_0_05,threshold_0_95,fixed_declared_target_policy,req_marginals,req_A,1,1,1,1,1,pass,monotonicity checked over fixed-declared target policy rows
bit_flip_p_0_05,threshold_0_95,fixed_declared_target_policy,req_all_nontrivial,req_B,1,0,1,0,1,pass,monotonicity checked over fixed-declared target policy rows
bit_flip_p_0_05,threshold_0_95,fixed_declared_target_policy,req_marginals,req_B,1,1,1,1,1,pass,monotonicity checked over fixed-declared target policy rows
bit_flip_p_0_05,threshold_0_95,fixed_declared_target_policy,req_all_nontrivial,req_joint,1,0,0,0,1,pass,monotonicity checked over fixed-declared target policy rows
bit_flip_p_0_05,threshold_0_95,fixed_declared_target_policy,req_joint_and_parity,req_joint,1,0,0,0,1,pass,monotonicity checked over fixed-declared target policy rows
bit_flip_p_0_05,threshold_0_95,fixed_declared_target_policy,req_all_nontrivial,req_joint_and_parity,1,0,0,0,1,pass,monotonicity checked over fixed-declared target policy rows
bit_flip_p_0_05,threshold_0_95,fixed_declared_target_policy,req_all_nontrivial,req_marginals,1,0,1,0,1,pass,monotonicity checked over fixed-declared target policy rows
bit_flip_p_0_05,threshold_0_95,fixed_declared_target_policy,req_all_nontrivial,req_parity,1,0,0,0,1,pass,monotonicity checked over fixed-declared target policy rows
bit_flip_p_0_05,threshold_0_95,fixed_declared_target_policy,req_joint_and_parity,req_parity,1,0,0,0,1,pass,monotonicity checked over fixed-declared target policy rows
bit_flip_p_0_05,threshold_0_99,fixed_declared_target_policy,req_all_nontrivial,req_A,1,0,0,0,1,pass,monotonicity checked over fixed-declared target policy rows
bit_flip_p_0_05,threshold_0_99,fixed_declared_target_policy,req_marginals,req_A,1,0,0,0,1,pass,monotonicity checked over fixed-declared target policy rows
bit_flip_p_0_05,threshold_0_99,fixed_declared_target_policy,req_all_nontrivial,req_B,1,0,0,0,1,pass,monotonicity checked over fixed-declared target policy rows
bit_flip_p_0_05,threshold_0_99,fixed_declared_target_policy,req_marginals,req_B,1,0,0,0,1,pass,monotonicity checked over fixed-declared target policy rows
bit_flip_p_0_05,threshold_0_99,fixed_declared_target_policy,req_all_nontrivial,req_joint,1,0,0,0,1,pass,monotonicity checked over fixed-declared target policy rows
bit_flip_p_0_05,threshold_0_99,fixed_declared_target_policy,req_joint_and_parity,req_joint,1,0,0,0,1,pass,monotonicity checked over fixed-declared target policy rows
bit_flip_p_0_05,threshold_0_99,fixed_declared_target_policy,req_all_nontrivial,req_joint_and_parity,1,0,0,0,1,pass,monotonicity checked over fixed-declared target policy rows
bit_flip_p_0_05,threshold_0_99,fixed_declared_target_policy,req_all_nontrivial,req_marginals,1,0,0,0,1,pass,monotonicity checked over fixed-declared target policy rows
bit_flip_p_0_05,threshold_0_99,fixed_declared_target_policy,req_all_nontrivial,req_parity,1,0,0,0,1,pass,monotonicity checked over fixed-declared target policy rows
bit_flip_p_0_05,threshold_0_99,fixed_declared_target_policy,req_joint_and_parity,req_parity,1,0,0,0,1,pass,monotonicity checked over fixed-declared target policy rows
bit_flip_p_0_05,threshold_1_00,fixed_declared_target_policy,req_all_nontrivial,req_A,1,0,0,0,1,pass,monotonicity checked over fixed-declared target policy rows
bit_flip_p_0_05,threshold_1_00,fixed_declared_target_policy,req_marginals,req_A,1,0,0,0,1,pass,monotonicity checked over fixed-declared target policy rows
bit_flip_p_0_05,threshold_1_00,fixed_declared_target_policy,req_all_nontrivial,req_B,1,0,0,0,1,pass,monotonicity checked over fixed-declared target policy rows
bit_flip_p_0_05,threshold_1_00,fixed_declared_target_policy,req_marginals,req_B,1,0,0,0,1,pass,monotonicity checked over fixed-declared target policy rows
bit_flip_p_0_05,threshold_1_00,fixed_declared_target_policy,req_all_nontrivial,req_joint,1,0,0,0,1,pass,monotonicity checked over fixed-declared target policy rows
bit_flip_p_0_05,threshold_1_00,fixed_declared_target_policy,req_joint_and_parity,req_joint,1,0,0,0,1,pass,monotonicity checked over fixed-declared target policy rows
bit_flip_p_0_05,threshold_1_00,fixed_declared_target_policy,req_all_nontrivial,req_joint_and_parity,1,0,0,0,1,pass,monotonicity checked over fixed-declared target policy rows
bit_flip_p_0_05,threshold_1_00,fixed_declared_target_policy,req_all_nontrivial,req_marginals,1,0,0,0,1,pass,monotonicity checked over fixed-declared target policy rows
bit_flip_p_0_05,threshold_1_00,fixed_declared_target_policy,req_all_nontrivial,req_parity,1,0,0,0,1,pass,monotonicity checked over fixed-declared target policy rows
bit_flip_p_0_05,threshold_1_00,fixed_declared_target_policy,req_joint_and_parity,req_parity,1,0,0,0,1,pass,monotonicity checked over fixed-declared target policy rows
bit_flip_p_0_10,threshold_0_80,fixed_declared_target_policy,req_all_nontrivial,req_A,1,1,1,1,1,pass,monotonicity checked over fixed-declared target policy rows
bit_flip_p_0_10,threshold_0_80,fixed_declared_target_policy,req_marginals,req_A,1,1,1,1,1,pass,monotonicity checked over fixed-declared target policy rows
bit_flip_p_0_10,threshold_0_80,fixed_declared_target_policy,req_all_nontrivial,req_B,1,1,1,1,1,pass,monotonicity checked over fixed-declared target policy rows
bit_flip_p_0_10,threshold_0_80,fixed_declared_target_policy,req_marginals,req_B,1,1,1,1,1,pass,monotonicity checked over fixed-declared target policy rows
bit_flip_p_0_10,threshold_0_80,fixed_declared_target_policy,req_all_nontrivial,req_joint,1,1,1,1,1,pass,monotonicity checked over fixed-declared target policy rows
bit_flip_p_0_10,threshold_0_80,fixed_declared_target_policy,req_joint_and_parity,req_joint,1,1,1,1,1,pass,monotonicity checked over fixed-declared target policy rows
bit_flip_p_0_10,threshold_0_80,fixed_declared_target_policy,req_all_nontrivial,req_joint_and_parity,1,1,1,1,1,pass,monotonicity checked over fixed-declared target policy rows
bit_flip_p_0_10,threshold_0_80,fixed_declared_target_policy,req_all_nontrivial,req_marginals,1,1,1,1,1,pass,monotonicity checked over fixed-declared target policy rows
bit_flip_p_0_10,threshold_0_80,fixed_declared_target_policy,req_all_nontrivial,req_parity,1,1,1,1,1,pass,monotonicity checked over fixed-declared target policy rows
bit_flip_p_0_10,threshold_0_80,fixed_declared_target_policy,req_joint_and_parity,req_parity,1,1,1,1,1,pass,monotonicity checked over fixed-declared target policy rows
bit_flip_p_0_10,threshold_0_90,fixed_declared_target_policy,req_all_nontrivial,req_A,1,0,1,0,1,pass,monotonicity checked over fixed-declared target policy rows
bit_flip_p_0_10,threshold_0_90,fixed_declared_target_policy,req_marginals,req_A,1,1,1,1,1,pass,monotonicity checked over fixed-declared target policy rows
bit_flip_p_0_10,threshold_0_90,fixed_declared_target_policy,req_all_nontrivial,req_B,1,0,1,0,1,pass,monotonicity checked over fixed-declared target policy rows
bit_flip_p_0_10,threshold_0_90,fixed_declared_target_policy,req_marginals,req_B,1,1,1,1,1,pass,monotonicity checked over fixed-declared target policy rows
bit_flip_p_0_10,threshold_0_90,fixed_declared_target_policy,req_all_nontrivial,req_joint,1,0,0,0,1,pass,monotonicity checked over fixed-declared target policy rows
bit_flip_p_0_10,threshold_0_90,fixed_declared_target_policy,req_joint_and_parity,req_joint,1,0,0,0,1,pass,monotonicity checked over fixed-declared target policy rows
bit_flip_p_0_10,threshold_0_90,fixed_declared_target_policy,req_all_nontrivial,req_joint_and_parity,1,0,0,0,1,pass,monotonicity checked over fixed-declared target policy rows
bit_flip_p_0_10,threshold_0_90,fixed_declared_target_policy,req_all_nontrivial,req_marginals,1,0,1,0,1,pass,monotonicity checked over fixed-declared target policy rows
bit_flip_p_0_10,threshold_0_90,fixed_declared_target_policy,req_all_nontrivial,req_parity,1,0,0,0,1,pass,monotonicity checked over fixed-declared target policy rows
bit_flip_p_0_10,threshold_0_90,fixed_declared_target_policy,req_joint_and_parity,req_parity,1,0,0,0,1,pass,monotonicity checked over fixed-declared target policy rows
bit_flip_p_0_10,threshold_0_95,fixed_declared_target_policy,req_all_nontrivial,req_A,1,0,0,0,1,pass,monotonicity checked over fixed-declared target policy rows
bit_flip_p_0_10,threshold_0_95,fixed_declared_target_policy,req_marginals,req_A,1,0,0,0,1,pass,monotonicity checked over fixed-declared target policy rows
bit_flip_p_0_10,threshold_0_95,fixed_declared_target_policy,req_all_nontrivial,req_B,1,0,0,0,1,pass,monotonicity checked over fixed-declared target policy rows
bit_flip_p_0_10,threshold_0_95,fixed_declared_target_policy,req_marginals,req_B,1,0,0,0,1,pass,monotonicity checked over fixed-declared target policy rows
bit_flip_p_0_10,threshold_0_95,fixed_declared_target_policy,req_all_nontrivial,req_joint,1,0,0,0,1,pass,monotonicity checked over fixed-declared target policy rows
bit_flip_p_0_10,threshold_0_95,fixed_declared_target_policy,req_joint_and_parity,req_joint,1,0,0,0,1,pass,monotonicity checked over fixed-declared target policy rows
bit_flip_p_0_10,threshold_0_95,fixed_declared_target_policy,req_all_nontrivial,req_joint_and_parity,1,0,0,0,1,pass,monotonicity checked over fixed-declared target policy rows
bit_flip_p_0_10,threshold_0_95,fixed_declared_target_policy,req_all_nontrivial,req_marginals,1,0,0,0,1,pass,monotonicity checked over fixed-declared target policy rows
bit_flip_p_0_10,threshold_0_95,fixed_declared_target_policy,req_all_nontrivial,req_parity,1,0,0,0,1,pass,monotonicity checked over fixed-declared target policy rows
bit_flip_p_0_10,threshold_0_95,fixed_declared_target_policy,req_joint_and_parity,req_parity,1,0,0,0,1,pass,monotonicity checked over fixed-declared target policy rows
bit_flip_p_0_10,threshold_0_99,fixed_declared_target_policy,req_all_nontrivial,req_A,1,0,0,0,1,pass,monotonicity checked over fixed-declared target policy rows
bit_flip_p_0_10,threshold_0_99,fixed_declared_target_policy,req_marginals,req_A,1,0,0,0,1,pass,monotonicity checked over fixed-declared target policy rows
bit_flip_p_0_10,threshold_0_99,fixed_declared_target_policy,req_all_nontrivial,req_B,1,0,0,0,1,pass,monotonicity checked over fixed-declared target policy rows
bit_flip_p_0_10,threshold_0_99,fixed_declared_target_policy,req_marginals,req_B,1,0,0,0,1,pass,monotonicity checked over fixed-declared target policy rows
bit_flip_p_0_10,threshold_0_99,fixed_declared_target_policy,req_all_nontrivial,req_joint,1,0,0,0,1,pass,monotonicity checked over fixed-declared target policy rows
bit_flip_p_0_10,threshold_0_99,fixed_declared_target_policy,req_joint_and_parity,req_joint,1,0,0,0,1,pass,monotonicity checked over fixed-declared target policy rows
bit_flip_p_0_10,threshold_0_99,fixed_declared_target_policy,req_all_nontrivial,req_joint_and_parity,1,0,0,0,1,pass,monotonicity checked over fixed-declared target policy rows
bit_flip_p_0_10,threshold_0_99,fixed_declared_target_policy,req_all_nontrivial,req_marginals,1,0,0,0,1,pass,monotonicity checked over fixed-declared target policy rows
bit_flip_p_0_10,threshold_0_99,fixed_declared_target_policy,req_all_nontrivial,req_parity,1,0,0,0,1,pass,monotonicity checked over fixed-declared target policy rows
bit_flip_p_0_10,threshold_0_99,fixed_declared_target_policy,req_joint_and_parity,req_parity,1,0,0,0,1,pass,monotonicity checked over fixed-declared target policy rows
bit_flip_p_0_10,threshold_1_00,fixed_declared_target_policy,req_all_nontrivial,req_A,1,0,0,0,1,pass,monotonicity checked over fixed-declared target policy rows
bit_flip_p_0_10,threshold_1_00,fixed_declared_target_policy,req_marginals,req_A,1,0,0,0,1,pass,monotonicity checked over fixed-declared target policy rows
bit_flip_p_0_10,threshold_1_00,fixed_declared_target_policy,req_all_nontrivial,req_B,1,0,0,0,1,pass,monotonicity checked over fixed-declared target policy rows
bit_flip_p_0_10,threshold_1_00,fixed_declared_target_policy,req_marginals,req_B,1,0,0,0,1,pass,monotonicity checked over fixed-declared target policy rows
bit_flip_p_0_10,threshold_1_00,fixed_declared_target_policy,req_all_nontrivial,req_joint,1,0,0,0,1,pass,monotonicity checked over fixed-declared target policy rows
bit_flip_p_0_10,threshold_1_00,fixed_declared_target_policy,req_joint_and_parity,req_joint,1,0,0,0,1,pass,monotonicity checked over fixed-declared target policy rows
bit_flip_p_0_10,threshold_1_00,fixed_declared_target_policy,req_all_nontrivial,req_joint_and_parity,1,0,0,0,1,pass,monotonicity checked over fixed-declared target policy rows
bit_flip_p_0_10,threshold_1_00,fixed_declared_target_policy,req_all_nontrivial,req_marginals,1,0,0,0,1,pass,monotonicity checked over fixed-declared target policy rows
bit_flip_p_0_10,threshold_1_00,fixed_declared_target_policy,req_all_nontrivial,req_parity,1,0,0,0,1,pass,monotonicity checked over fixed-declared target policy rows
bit_flip_p_0_10,threshold_1_00,fixed_declared_target_policy,req_joint_and_parity,req_parity,1,0,0,0,1,pass,monotonicity checked over fixed-declared target policy rows
bit_flip_p_0_25,threshold_0_80,fixed_declared_target_policy,req_all_nontrivial,req_A,1,0,0,0,1,pass,monotonicity checked over fixed-declared target policy rows
bit_flip_p_0_25,threshold_0_80,fixed_declared_target_policy,req_marginals,req_A,1,0,0,0,1,pass,monotonicity checked over fixed-declared target policy rows
bit_flip_p_0_25,threshold_0_80,fixed_declared_target_policy,req_all_nontrivial,req_B,1,0,0,0,1,pass,monotonicity checked over fixed-declared target policy rows
bit_flip_p_0_25,threshold_0_80,fixed_declared_target_policy,req_marginals,req_B,1,0,0,0,1,pass,monotonicity checked over fixed-declared target policy rows
bit_flip_p_0_25,threshold_0_80,fixed_declared_target_policy,req_all_nontrivial,req_joint,1,0,0,0,1,pass,monotonicity checked over fixed-declared target policy rows
bit_flip_p_0_25,threshold_0_80,fixed_declared_target_policy,req_joint_and_parity,req_joint,1,0,0,0,1,pass,monotonicity checked over fixed-declared target policy rows
bit_flip_p_0_25,threshold_0_80,fixed_declared_target_policy,req_all_nontrivial,req_joint_and_parity,1,0,0,0,1,pass,monotonicity checked over fixed-declared target policy rows
bit_flip_p_0_25,threshold_0_80,fixed_declared_target_policy,req_all_nontrivial,req_marginals,1,0,0,0,1,pass,monotonicity checked over fixed-declared target policy rows
bit_flip_p_0_25,threshold_0_80,fixed_declared_target_policy,req_all_nontrivial,req_parity,1,0,0,0,1,pass,monotonicity checked over fixed-declared target policy rows
bit_flip_p_0_25,threshold_0_80,fixed_declared_target_policy,req_joint_and_parity,req_parity,1,0,0,0,1,pass,monotonicity checked over fixed-declared target policy rows
bit_flip_p_0_25,threshold_0_90,fixed_declared_target_policy,req_all_nontrivial,req_A,1,0,0,0,1,pass,monotonicity checked over fixed-declared target policy rows
bit_flip_p_0_25,threshold_0_90,fixed_declared_target_policy,req_marginals,req_A,1,0,0,0,1,pass,monotonicity checked over fixed-declared target policy rows
bit_flip_p_0_25,threshold_0_90,fixed_declared_target_policy,req_all_nontrivial,req_B,1,0,0,0,1,pass,monotonicity checked over fixed-declared target policy rows
bit_flip_p_0_25,threshold_0_90,fixed_declared_target_policy,req_marginals,req_B,1,0,0,0,1,pass,monotonicity checked over fixed-declared target policy rows
bit_flip_p_0_25,threshold_0_90,fixed_declared_target_policy,req_all_nontrivial,req_joint,1,0,0,0,1,pass,monotonicity checked over fixed-declared target policy rows
bit_flip_p_0_25,threshold_0_90,fixed_declared_target_policy,req_joint_and_parity,req_joint,1,0,0,0,1,pass,monotonicity checked over fixed-declared target policy rows
bit_flip_p_0_25,threshold_0_90,fixed_declared_target_policy,req_all_nontrivial,req_joint_and_parity,1,0,0,0,1,pass,monotonicity checked over fixed-declared target policy rows
bit_flip_p_0_25,threshold_0_90,fixed_declared_target_policy,req_all_nontrivial,req_marginals,1,0,0,0,1,pass,monotonicity checked over fixed-declared target policy rows
bit_flip_p_0_25,threshold_0_90,fixed_declared_target_policy,req_all_nontrivial,req_parity,1,0,0,0,1,pass,monotonicity checked over fixed-declared target policy rows
bit_flip_p_0_25,threshold_0_90,fixed_declared_target_policy,req_joint_and_parity,req_parity,1,0,0,0,1,pass,monotonicity checked over fixed-declared target policy rows
bit_flip_p_0_25,threshold_0_95,fixed_declared_target_policy,req_all_nontrivial,req_A,1,0,0,0,1,pass,monotonicity checked over fixed-declared target policy rows
bit_flip_p_0_25,threshold_0_95,fixed_declared_target_policy,req_marginals,req_A,1,0,0,0,1,pass,monotonicity checked over fixed-declared target policy rows
bit_flip_p_0_25,threshold_0_95,fixed_declared_target_policy,req_all_nontrivial,req_B,1,0,0,0,1,pass,monotonicity checked over fixed-declared target policy rows
bit_flip_p_0_25,threshold_0_95,fixed_declared_target_policy,req_marginals,req_B,1,0,0,0,1,pass,monotonicity checked over fixed-declared target policy rows
bit_flip_p_0_25,threshold_0_95,fixed_declared_target_policy,req_all_nontrivial,req_joint,1,0,0,0,1,pass,monotonicity checked over fixed-declared target policy rows
bit_flip_p_0_25,threshold_0_95,fixed_declared_target_policy,req_joint_and_parity,req_joint,1,0,0,0,1,pass,monotonicity checked over fixed-declared target policy rows
bit_flip_p_0_25,threshold_0_95,fixed_declared_target_policy,req_all_nontrivial,req_joint_and_parity,1,0,0,0,1,pass,monotonicity checked over fixed-declared target policy rows
bit_flip_p_0_25,threshold_0_95,fixed_declared_target_policy,req_all_nontrivial,req_marginals,1,0,0,0,1,pass,monotonicity checked over fixed-declared target policy rows
bit_flip_p_0_25,threshold_0_95,fixed_declared_target_policy,req_all_nontrivial,req_parity,1,0,0,0,1,pass,monotonicity checked over fixed-declared target policy rows
bit_flip_p_0_25,threshold_0_95,fixed_declared_target_policy,req_joint_and_parity,req_parity,1,0,0,0,1,pass,monotonicity checked over fixed-declared target policy rows
bit_flip_p_0_25,threshold_0_99,fixed_declared_target_policy,req_all_nontrivial,req_A,1,0,0,0,1,pass,monotonicity checked over fixed-declared target policy rows
bit_flip_p_0_25,threshold_0_99,fixed_declared_target_policy,req_marginals,req_A,1,0,0,0,1,pass,monotonicity checked over fixed-declared target policy rows
bit_flip_p_0_25,threshold_0_99,fixed_declared_target_policy,req_all_nontrivial,req_B,1,0,0,0,1,pass,monotonicity checked over fixed-declared target policy rows
bit_flip_p_0_25,threshold_0_99,fixed_declared_target_policy,req_marginals,req_B,1,0,0,0,1,pass,monotonicity checked over fixed-declared target policy rows
bit_flip_p_0_25,threshold_0_99,fixed_declared_target_policy,req_all_nontrivial,req_joint,1,0,0,0,1,pass,monotonicity checked over fixed-declared target policy rows
bit_flip_p_0_25,threshold_0_99,fixed_declared_target_policy,req_joint_and_parity,req_joint,1,0,0,0,1,pass,monotonicity checked over fixed-declared target policy rows
bit_flip_p_0_25,threshold_0_99,fixed_declared_target_policy,req_all_nontrivial,req_joint_and_parity,1,0,0,0,1,pass,monotonicity checked over fixed-declared target policy rows
bit_flip_p_0_25,threshold_0_99,fixed_declared_target_policy,req_all_nontrivial,req_marginals,1,0,0,0,1,pass,monotonicity checked over fixed-declared target policy rows
bit_flip_p_0_25,threshold_0_99,fixed_declared_target_policy,req_all_nontrivial,req_parity,1,0,0,0,1,pass,monotonicity checked over fixed-declared target policy rows
bit_flip_p_0_25,threshold_0_99,fixed_declared_target_policy,req_joint_and_parity,req_parity,1,0,0,0,1,pass,monotonicity checked over fixed-declared target policy rows
bit_flip_p_0_25,threshold_1_00,fixed_declared_target_policy,req_all_nontrivial,req_A,1,0,0,0,1,pass,monotonicity checked over fixed-declared target policy rows
bit_flip_p_0_25,threshold_1_00,fixed_declared_target_policy,req_marginals,req_A,1,0,0,0,1,pass,monotonicity checked over fixed-declared target policy rows
bit_flip_p_0_25,threshold_1_00,fixed_declared_target_policy,req_all_nontrivial,req_B,1,0,0,0,1,pass,monotonicity checked over fixed-declared target policy rows
bit_flip_p_0_25,threshold_1_00,fixed_declared_target_policy,req_marginals,req_B,1,0,0,0,1,pass,monotonicity checked over fixed-declared target policy rows
bit_flip_p_0_25,threshold_1_00,fixed_declared_target_policy,req_all_nontrivial,req_joint,1,0,0,0,1,pass,monotonicity checked over fixed-declared target policy rows
bit_flip_p_0_25,threshold_1_00,fixed_declared_target_policy,req_joint_and_parity,req_joint,1,0,0,0,1,pass,monotonicity checked over fixed-declared target policy rows
bit_flip_p_0_25,threshold_1_00,fixed_declared_target_policy,req_all_nontrivial,req_joint_and_parity,1,0,0,0,1,pass,monotonicity checked over fixed-declared target policy rows
bit_flip_p_0_25,threshold_1_00,fixed_declared_target_policy,req_all_nontrivial,req_marginals,1,0,0,0,1,pass,monotonicity checked over fixed-declared target policy rows
bit_flip_p_0_25,threshold_1_00,fixed_declared_target_policy,req_all_nontrivial,req_parity,1,0,0,0,1,pass,monotonicity checked over fixed-declared target policy rows
bit_flip_p_0_25,threshold_1_00,fixed_declared_target_policy,req_joint_and_parity,req_parity,1,0,0,0,1,pass,monotonicity checked over fixed-declared target policy rows
bit_flip_p_0_50,threshold_0_80,fixed_declared_target_policy,req_all_nontrivial,req_A,1,0,0,0,1,pass,monotonicity checked over fixed-declared target policy rows
bit_flip_p_0_50,threshold_0_80,fixed_declared_target_policy,req_marginals,req_A,1,0,0,0,1,pass,monotonicity checked over fixed-declared target policy rows
bit_flip_p_0_50,threshold_0_80,fixed_declared_target_policy,req_all_nontrivial,req_B,1,0,0,0,1,pass,monotonicity checked over fixed-declared target policy rows
bit_flip_p_0_50,threshold_0_80,fixed_declared_target_policy,req_marginals,req_B,1,0,0,0,1,pass,monotonicity checked over fixed-declared target policy rows
bit_flip_p_0_50,threshold_0_80,fixed_declared_target_policy,req_all_nontrivial,req_joint,1,0,0,0,1,pass,monotonicity checked over fixed-declared target policy rows
bit_flip_p_0_50,threshold_0_80,fixed_declared_target_policy,req_joint_and_parity,req_joint,1,0,0,0,1,pass,monotonicity checked over fixed-declared target policy rows
bit_flip_p_0_50,threshold_0_80,fixed_declared_target_policy,req_all_nontrivial,req_joint_and_parity,1,0,0,0,1,pass,monotonicity checked over fixed-declared target policy rows
bit_flip_p_0_50,threshold_0_80,fixed_declared_target_policy,req_all_nontrivial,req_marginals,1,0,0,0,1,pass,monotonicity checked over fixed-declared target policy rows
bit_flip_p_0_50,threshold_0_80,fixed_declared_target_policy,req_all_nontrivial,req_parity,1,0,0,0,1,pass,monotonicity checked over fixed-declared target policy rows
bit_flip_p_0_50,threshold_0_80,fixed_declared_target_policy,req_joint_and_parity,req_parity,1,0,0,0,1,pass,monotonicity checked over fixed-declared target policy rows
bit_flip_p_0_50,threshold_0_90,fixed_declared_target_policy,req_all_nontrivial,req_A,1,0,0,0,1,pass,monotonicity checked over fixed-declared target policy rows
bit_flip_p_0_50,threshold_0_90,fixed_declared_target_policy,req_marginals,req_A,1,0,0,0,1,pass,monotonicity checked over fixed-declared target policy rows
bit_flip_p_0_50,threshold_0_90,fixed_declared_target_policy,req_all_nontrivial,req_B,1,0,0,0,1,pass,monotonicity checked over fixed-declared target policy rows
bit_flip_p_0_50,threshold_0_90,fixed_declared_target_policy,req_marginals,req_B,1,0,0,0,1,pass,monotonicity checked over fixed-declared target policy rows
bit_flip_p_0_50,threshold_0_90,fixed_declared_target_policy,req_all_nontrivial,req_joint,1,0,0,0,1,pass,monotonicity checked over fixed-declared target policy rows
bit_flip_p_0_50,threshold_0_90,fixed_declared_target_policy,req_joint_and_parity,req_joint,1,0,0,0,1,pass,monotonicity checked over fixed-declared target policy rows
bit_flip_p_0_50,threshold_0_90,fixed_declared_target_policy,req_all_nontrivial,req_joint_and_parity,1,0,0,0,1,pass,monotonicity checked over fixed-declared target policy rows
bit_flip_p_0_50,threshold_0_90,fixed_declared_target_policy,req_all_nontrivial,req_marginals,1,0,0,0,1,pass,monotonicity checked over fixed-declared target policy rows
bit_flip_p_0_50,threshold_0_90,fixed_declared_target_policy,req_all_nontrivial,req_parity,1,0,0,0,1,pass,monotonicity checked over fixed-declared target policy rows
bit_flip_p_0_50,threshold_0_90,fixed_declared_target_policy,req_joint_and_parity,req_parity,1,0,0,0,1,pass,monotonicity checked over fixed-declared target policy rows
bit_flip_p_0_50,threshold_0_95,fixed_declared_target_policy,req_all_nontrivial,req_A,1,0,0,0,1,pass,monotonicity checked over fixed-declared target policy rows
bit_flip_p_0_50,threshold_0_95,fixed_declared_target_policy,req_marginals,req_A,1,0,0,0,1,pass,monotonicity checked over fixed-declared target policy rows
bit_flip_p_0_50,threshold_0_95,fixed_declared_target_policy,req_all_nontrivial,req_B,1,0,0,0,1,pass,monotonicity checked over fixed-declared target policy rows
bit_flip_p_0_50,threshold_0_95,fixed_declared_target_policy,req_marginals,req_B,1,0,0,0,1,pass,monotonicity checked over fixed-declared target policy rows
bit_flip_p_0_50,threshold_0_95,fixed_declared_target_policy,req_all_nontrivial,req_joint,1,0,0,0,1,pass,monotonicity checked over fixed-declared target policy rows
bit_flip_p_0_50,threshold_0_95,fixed_declared_target_policy,req_joint_and_parity,req_joint,1,0,0,0,1,pass,monotonicity checked over fixed-declared target policy rows
bit_flip_p_0_50,threshold_0_95,fixed_declared_target_policy,req_all_nontrivial,req_joint_and_parity,1,0,0,0,1,pass,monotonicity checked over fixed-declared target policy rows
bit_flip_p_0_50,threshold_0_95,fixed_declared_target_policy,req_all_nontrivial,req_marginals,1,0,0,0,1,pass,monotonicity checked over fixed-declared target policy rows
bit_flip_p_0_50,threshold_0_95,fixed_declared_target_policy,req_all_nontrivial,req_parity,1,0,0,0,1,pass,monotonicity checked over fixed-declared target policy rows
bit_flip_p_0_50,threshold_0_95,fixed_declared_target_policy,req_joint_and_parity,req_parity,1,0,0,0,1,pass,monotonicity checked over fixed-declared target policy rows
bit_flip_p_0_50,threshold_0_99,fixed_declared_target_policy,req_all_nontrivial,req_A,1,0,0,0,1,pass,monotonicity checked over fixed-declared target policy rows
bit_flip_p_0_50,threshold_0_99,fixed_declared_target_policy,req_marginals,req_A,1,0,0,0,1,pass,monotonicity checked over fixed-declared target policy rows
bit_flip_p_0_50,threshold_0_99,fixed_declared_target_policy,req_all_nontrivial,req_B,1,0,0,0,1,pass,monotonicity checked over fixed-declared target policy rows
bit_flip_p_0_50,threshold_0_99,fixed_declared_target_policy,req_marginals,req_B,1,0,0,0,1,pass,monotonicity checked over fixed-declared target policy rows
bit_flip_p_0_50,threshold_0_99,fixed_declared_target_policy,req_all_nontrivial,req_joint,1,0,0,0,1,pass,monotonicity checked over fixed-declared target policy rows
bit_flip_p_0_50,threshold_0_99,fixed_declared_target_policy,req_joint_and_parity,req_joint,1,0,0,0,1,pass,monotonicity checked over fixed-declared target policy rows
bit_flip_p_0_50,threshold_0_99,fixed_declared_target_policy,req_all_nontrivial,req_joint_and_parity,1,0,0,0,1,pass,monotonicity checked over fixed-declared target policy rows
bit_flip_p_0_50,threshold_0_99,fixed_declared_target_policy,req_all_nontrivial,req_marginals,1,0,0,0,1,pass,monotonicity checked over fixed-declared target policy rows
bit_flip_p_0_50,threshold_0_99,fixed_declared_target_policy,req_all_nontrivial,req_parity,1,0,0,0,1,pass,monotonicity checked over fixed-declared target policy rows
bit_flip_p_0_50,threshold_0_99,fixed_declared_target_policy,req_joint_and_parity,req_parity,1,0,0,0,1,pass,monotonicity checked over fixed-declared target policy rows
bit_flip_p_0_50,threshold_1_00,fixed_declared_target_policy,req_all_nontrivial,req_A,1,0,0,0,1,pass,monotonicity checked over fixed-declared target policy rows
bit_flip_p_0_50,threshold_1_00,fixed_declared_target_policy,req_marginals,req_A,1,0,0,0,1,pass,monotonicity checked over fixed-declared target policy rows
bit_flip_p_0_50,threshold_1_00,fixed_declared_target_policy,req_all_nontrivial,req_B,1,0,0,0,1,pass,monotonicity checked over fixed-declared target policy rows
bit_flip_p_0_50,threshold_1_00,fixed_declared_target_policy,req_marginals,req_B,1,0,0,0,1,pass,monotonicity checked over fixed-declared target policy rows
bit_flip_p_0_50,threshold_1_00,fixed_declared_target_policy,req_all_nontrivial,req_joint,1,0,0,0,1,pass,monotonicity checked over fixed-declared target policy rows
bit_flip_p_0_50,threshold_1_00,fixed_declared_target_policy,req_joint_and_parity,req_joint,1,0,0,0,1,pass,monotonicity checked over fixed-declared target policy rows
bit_flip_p_0_50,threshold_1_00,fixed_declared_target_policy,req_all_nontrivial,req_joint_and_parity,1,0,0,0,1,pass,monotonicity checked over fixed-declared target policy rows
bit_flip_p_0_50,threshold_1_00,fixed_declared_target_policy,req_all_nontrivial,req_marginals,1,0,0,0,1,pass,monotonicity checked over fixed-declared target policy rows
bit_flip_p_0_50,threshold_1_00,fixed_declared_target_policy,req_all_nontrivial,req_parity,1,0,0,0,1,pass,monotonicity checked over fixed-declared target policy rows
bit_flip_p_0_50,threshold_1_00,fixed_declared_target_policy,req_joint_and_parity,req_parity,1,0,0,0,1,pass,monotonicity checked over fixed-declared target policy rows
comp_bitflip_0_10_then_0_25,threshold_0_80,fixed_declared_target_policy,req_all_nontrivial,req_A,1,0,0,0,1,pass,monotonicity checked over fixed-declared target policy rows
comp_bitflip_0_10_then_0_25,threshold_0_80,fixed_declared_target_policy,req_marginals,req_A,1,0,0,0,1,pass,monotonicity checked over fixed-declared target policy rows
comp_bitflip_0_10_then_0_25,threshold_0_80,fixed_declared_target_policy,req_all_nontrivial,req_B,1,0,0,0,1,pass,monotonicity checked over fixed-declared target policy rows
comp_bitflip_0_10_then_0_25,threshold_0_80,fixed_declared_target_policy,req_marginals,req_B,1,0,0,0,1,pass,monotonicity checked over fixed-declared target policy rows
comp_bitflip_0_10_then_0_25,threshold_0_80,fixed_declared_target_policy,req_all_nontrivial,req_joint,1,0,0,0,1,pass,monotonicity checked over fixed-declared target policy rows
comp_bitflip_0_10_then_0_25,threshold_0_80,fixed_declared_target_policy,req_joint_and_parity,req_joint,1,0,0,0,1,pass,monotonicity checked over fixed-declared target policy rows
comp_bitflip_0_10_then_0_25,threshold_0_80,fixed_declared_target_policy,req_all_nontrivial,req_joint_and_parity,1,0,0,0,1,pass,monotonicity checked over fixed-declared target policy rows
comp_bitflip_0_10_then_0_25,threshold_0_80,fixed_declared_target_policy,req_all_nontrivial,req_marginals,1,0,0,0,1,pass,monotonicity checked over fixed-declared target policy rows
comp_bitflip_0_10_then_0_25,threshold_0_80,fixed_declared_target_policy,req_all_nontrivial,req_parity,1,0,0,0,1,pass,monotonicity checked over fixed-declared target policy rows
comp_bitflip_0_10_then_0_25,threshold_0_80,fixed_declared_target_policy,req_joint_and_parity,req_parity,1,0,0,0,1,pass,monotonicity checked over fixed-declared target policy rows
comp_bitflip_0_10_then_0_25,threshold_0_90,fixed_declared_target_policy,req_all_nontrivial,req_A,1,0,0,0,1,pass,monotonicity checked over fixed-declared target policy rows
comp_bitflip_0_10_then_0_25,threshold_0_90,fixed_declared_target_policy,req_marginals,req_A,1,0,0,0,1,pass,monotonicity checked over fixed-declared target policy rows
comp_bitflip_0_10_then_0_25,threshold_0_90,fixed_declared_target_policy,req_all_nontrivial,req_B,1,0,0,0,1,pass,monotonicity checked over fixed-declared target policy rows
comp_bitflip_0_10_then_0_25,threshold_0_90,fixed_declared_target_policy,req_marginals,req_B,1,0,0,0,1,pass,monotonicity checked over fixed-declared target policy rows
comp_bitflip_0_10_then_0_25,threshold_0_90,fixed_declared_target_policy,req_all_nontrivial,req_joint,1,0,0,0,1,pass,monotonicity checked over fixed-declared target policy rows
comp_bitflip_0_10_then_0_25,threshold_0_90,fixed_declared_target_policy,req_joint_and_parity,req_joint,1,0,0,0,1,pass,monotonicity checked over fixed-declared target policy rows
comp_bitflip_0_10_then_0_25,threshold_0_90,fixed_declared_target_policy,req_all_nontrivial,req_joint_and_parity,1,0,0,0,1,pass,monotonicity checked over fixed-declared target policy rows
comp_bitflip_0_10_then_0_25,threshold_0_90,fixed_declared_target_policy,req_all_nontrivial,req_marginals,1,0,0,0,1,pass,monotonicity checked over fixed-declared target policy rows
comp_bitflip_0_10_then_0_25,threshold_0_90,fixed_declared_target_policy,req_all_nontrivial,req_parity,1,0,0,0,1,pass,monotonicity checked over fixed-declared target policy rows
comp_bitflip_0_10_then_0_25,threshold_0_90,fixed_declared_target_policy,req_joint_and_parity,req_parity,1,0,0,0,1,pass,monotonicity checked over fixed-declared target policy rows
comp_bitflip_0_10_then_0_25,threshold_0_95,fixed_declared_target_policy,req_all_nontrivial,req_A,1,0,0,0,1,pass,monotonicity checked over fixed-declared target policy rows
comp_bitflip_0_10_then_0_25,threshold_0_95,fixed_declared_target_policy,req_marginals,req_A,1,0,0,0,1,pass,monotonicity checked over fixed-declared target policy rows
comp_bitflip_0_10_then_0_25,threshold_0_95,fixed_declared_target_policy,req_all_nontrivial,req_B,1,0,0,0,1,pass,monotonicity checked over fixed-declared target policy rows
comp_bitflip_0_10_then_0_25,threshold_0_95,fixed_declared_target_policy,req_marginals,req_B,1,0,0,0,1,pass,monotonicity checked over fixed-declared target policy rows
comp_bitflip_0_10_then_0_25,threshold_0_95,fixed_declared_target_policy,req_all_nontrivial,req_joint,1,0,0,0,1,pass,monotonicity checked over fixed-declared target policy rows
comp_bitflip_0_10_then_0_25,threshold_0_95,fixed_declared_target_policy,req_joint_and_parity,req_joint,1,0,0,0,1,pass,monotonicity checked over fixed-declared target policy rows
comp_bitflip_0_10_then_0_25,threshold_0_95,fixed_declared_target_policy,req_all_nontrivial,req_joint_and_parity,1,0,0,0,1,pass,monotonicity checked over fixed-declared target policy rows
comp_bitflip_0_10_then_0_25,threshold_0_95,fixed_declared_target_policy,req_all_nontrivial,req_marginals,1,0,0,0,1,pass,monotonicity checked over fixed-declared target policy rows
comp_bitflip_0_10_then_0_25,threshold_0_95,fixed_declared_target_policy,req_all_nontrivial,req_parity,1,0,0,0,1,pass,monotonicity checked over fixed-declared target policy rows
comp_bitflip_0_10_then_0_25,threshold_0_95,fixed_declared_target_policy,req_joint_and_parity,req_parity,1,0,0,0,1,pass,monotonicity checked over fixed-declared target policy rows
comp_bitflip_0_10_then_0_25,threshold_0_99,fixed_declared_target_policy,req_all_nontrivial,req_A,1,0,0,0,1,pass,monotonicity checked over fixed-declared target policy rows
comp_bitflip_0_10_then_0_25,threshold_0_99,fixed_declared_target_policy,req_marginals,req_A,1,0,0,0,1,pass,monotonicity checked over fixed-declared target policy rows
comp_bitflip_0_10_then_0_25,threshold_0_99,fixed_declared_target_policy,req_all_nontrivial,req_B,1,0,0,0,1,pass,monotonicity checked over fixed-declared target policy rows
comp_bitflip_0_10_then_0_25,threshold_0_99,fixed_declared_target_policy,req_marginals,req_B,1,0,0,0,1,pass,monotonicity checked over fixed-declared target policy rows
comp_bitflip_0_10_then_0_25,threshold_0_99,fixed_declared_target_policy,req_all_nontrivial,req_joint,1,0,0,0,1,pass,monotonicity checked over fixed-declared target policy rows
comp_bitflip_0_10_then_0_25,threshold_0_99,fixed_declared_target_policy,req_joint_and_parity,req_joint,1,0,0,0,1,pass,monotonicity checked over fixed-declared target policy rows
comp_bitflip_0_10_then_0_25,threshold_0_99,fixed_declared_target_policy,req_all_nontrivial,req_joint_and_parity,1,0,0,0,1,pass,monotonicity checked over fixed-declared target policy rows
comp_bitflip_0_10_then_0_25,threshold_0_99,fixed_declared_target_policy,req_all_nontrivial,req_marginals,1,0,0,0,1,pass,monotonicity checked over fixed-declared target policy rows
comp_bitflip_0_10_then_0_25,threshold_0_99,fixed_declared_target_policy,req_all_nontrivial,req_parity,1,0,0,0,1,pass,monotonicity checked over fixed-declared target policy rows
comp_bitflip_0_10_then_0_25,threshold_0_99,fixed_declared_target_policy,req_joint_and_parity,req_parity,1,0,0,0,1,pass,monotonicity checked over fixed-declared target policy rows
comp_bitflip_0_10_then_0_25,threshold_1_00,fixed_declared_target_policy,req_all_nontrivial,req_A,1,0,0,0,1,pass,monotonicity checked over fixed-declared target policy rows
comp_bitflip_0_10_then_0_25,threshold_1_00,fixed_declared_target_policy,req_marginals,req_A,1,0,0,0,1,pass,monotonicity checked over fixed-declared target policy rows
comp_bitflip_0_10_then_0_25,threshold_1_00,fixed_declared_target_policy,req_all_nontrivial,req_B,1,0,0,0,1,pass,monotonicity checked over fixed-declared target policy rows
comp_bitflip_0_10_then_0_25,threshold_1_00,fixed_declared_target_policy,req_marginals,req_B,1,0,0,0,1,pass,monotonicity checked over fixed-declared target policy rows
comp_bitflip_0_10_then_0_25,threshold_1_00,fixed_declared_target_policy,req_all_nontrivial,req_joint,1,0,0,0,1,pass,monotonicity checked over fixed-declared target policy rows
comp_bitflip_0_10_then_0_25,threshold_1_00,fixed_declared_target_policy,req_joint_and_parity,req_joint,1,0,0,0,1,pass,monotonicity checked over fixed-declared target policy rows
comp_bitflip_0_10_then_0_25,threshold_1_00,fixed_declared_target_policy,req_all_nontrivial,req_joint_and_parity,1,0,0,0,1,pass,monotonicity checked over fixed-declared target policy rows
comp_bitflip_0_10_then_0_25,threshold_1_00,fixed_declared_target_policy,req_all_nontrivial,req_marginals,1,0,0,0,1,pass,monotonicity checked over fixed-declared target policy rows
comp_bitflip_0_10_then_0_25,threshold_1_00,fixed_declared_target_policy,req_all_nontrivial,req_parity,1,0,0,0,1,pass,monotonicity checked over fixed-declared target policy rows
comp_bitflip_0_10_then_0_25,threshold_1_00,fixed_declared_target_policy,req_joint_and_parity,req_parity,1,0,0,0,1,pass,monotonicity checked over fixed-declared target policy rows
comp_identity_then_marginal_degrade_0_10,threshold_0_80,fixed_declared_target_policy,req_all_nontrivial,req_A,1,1,1,1,1,pass,monotonicity checked over fixed-declared target policy rows
comp_identity_then_marginal_degrade_0_10,threshold_0_80,fixed_declared_target_policy,req_marginals,req_A,1,1,1,1,1,pass,monotonicity checked over fixed-declared target policy rows
comp_identity_then_marginal_degrade_0_10,threshold_0_80,fixed_declared_target_policy,req_all_nontrivial,req_B,1,1,1,1,1,pass,monotonicity checked over fixed-declared target policy rows
comp_identity_then_marginal_degrade_0_10,threshold_0_80,fixed_declared_target_policy,req_marginals,req_B,1,1,1,1,1,pass,monotonicity checked over fixed-declared target policy rows
comp_identity_then_marginal_degrade_0_10,threshold_0_80,fixed_declared_target_policy,req_all_nontrivial,req_joint,1,1,1,1,1,pass,monotonicity checked over fixed-declared target policy rows
comp_identity_then_marginal_degrade_0_10,threshold_0_80,fixed_declared_target_policy,req_joint_and_parity,req_joint,1,1,1,1,1,pass,monotonicity checked over fixed-declared target policy rows
comp_identity_then_marginal_degrade_0_10,threshold_0_80,fixed_declared_target_policy,req_all_nontrivial,req_joint_and_parity,1,1,1,1,1,pass,monotonicity checked over fixed-declared target policy rows
comp_identity_then_marginal_degrade_0_10,threshold_0_80,fixed_declared_target_policy,req_all_nontrivial,req_marginals,1,1,1,1,1,pass,monotonicity checked over fixed-declared target policy rows
comp_identity_then_marginal_degrade_0_10,threshold_0_80,fixed_declared_target_policy,req_all_nontrivial,req_parity,1,1,1,1,1,pass,monotonicity checked over fixed-declared target policy rows
comp_identity_then_marginal_degrade_0_10,threshold_0_80,fixed_declared_target_policy,req_joint_and_parity,req_parity,1,1,1,1,1,pass,monotonicity checked over fixed-declared target policy rows
comp_identity_then_marginal_degrade_0_10,threshold_0_90,fixed_declared_target_policy,req_all_nontrivial,req_A,1,1,1,1,1,pass,monotonicity checked over fixed-declared target policy rows
comp_identity_then_marginal_degrade_0_10,threshold_0_90,fixed_declared_target_policy,req_marginals,req_A,1,1,1,1,1,pass,monotonicity checked over fixed-declared target policy rows
comp_identity_then_marginal_degrade_0_10,threshold_0_90,fixed_declared_target_policy,req_all_nontrivial,req_B,1,1,1,1,1,pass,monotonicity checked over fixed-declared target policy rows
comp_identity_then_marginal_degrade_0_10,threshold_0_90,fixed_declared_target_policy,req_marginals,req_B,1,1,1,1,1,pass,monotonicity checked over fixed-declared target policy rows
comp_identity_then_marginal_degrade_0_10,threshold_0_90,fixed_declared_target_policy,req_all_nontrivial,req_joint,1,1,1,1,1,pass,monotonicity checked over fixed-declared target policy rows
comp_identity_then_marginal_degrade_0_10,threshold_0_90,fixed_declared_target_policy,req_joint_and_parity,req_joint,1,1,1,1,1,pass,monotonicity checked over fixed-declared target policy rows
comp_identity_then_marginal_degrade_0_10,threshold_0_90,fixed_declared_target_policy,req_all_nontrivial,req_joint_and_parity,1,1,1,1,1,pass,monotonicity checked over fixed-declared target policy rows
comp_identity_then_marginal_degrade_0_10,threshold_0_90,fixed_declared_target_policy,req_all_nontrivial,req_marginals,1,1,1,1,1,pass,monotonicity checked over fixed-declared target policy rows
comp_identity_then_marginal_degrade_0_10,threshold_0_90,fixed_declared_target_policy,req_all_nontrivial,req_parity,1,1,1,1,1,pass,monotonicity checked over fixed-declared target policy rows
comp_identity_then_marginal_degrade_0_10,threshold_0_90,fixed_declared_target_policy,req_joint_and_parity,req_parity,1,1,1,1,1,pass,monotonicity checked over fixed-declared target policy rows
comp_identity_then_marginal_degrade_0_10,threshold_0_95,fixed_declared_target_policy,req_all_nontrivial,req_A,1,0,1,0,1,pass,monotonicity checked over fixed-declared target policy rows
comp_identity_then_marginal_degrade_0_10,threshold_0_95,fixed_declared_target_policy,req_marginals,req_A,1,1,1,1,1,pass,monotonicity checked over fixed-declared target policy rows
comp_identity_then_marginal_degrade_0_10,threshold_0_95,fixed_declared_target_policy,req_all_nontrivial,req_B,1,0,1,0,1,pass,monotonicity checked over fixed-declared target policy rows
comp_identity_then_marginal_degrade_0_10,threshold_0_95,fixed_declared_target_policy,req_marginals,req_B,1,1,1,1,1,pass,monotonicity checked over fixed-declared target policy rows
comp_identity_then_marginal_degrade_0_10,threshold_0_95,fixed_declared_target_policy,req_all_nontrivial,req_joint,1,0,0,0,1,pass,monotonicity checked over fixed-declared target policy rows
comp_identity_then_marginal_degrade_0_10,threshold_0_95,fixed_declared_target_policy,req_joint_and_parity,req_joint,1,0,0,0,1,pass,monotonicity checked over fixed-declared target policy rows
comp_identity_then_marginal_degrade_0_10,threshold_0_95,fixed_declared_target_policy,req_all_nontrivial,req_joint_and_parity,1,0,0,0,1,pass,monotonicity checked over fixed-declared target policy rows
comp_identity_then_marginal_degrade_0_10,threshold_0_95,fixed_declared_target_policy,req_all_nontrivial,req_marginals,1,0,1,0,1,pass,monotonicity checked over fixed-declared target policy rows
comp_identity_then_marginal_degrade_0_10,threshold_0_95,fixed_declared_target_policy,req_all_nontrivial,req_parity,1,0,0,0,1,pass,monotonicity checked over fixed-declared target policy rows
comp_identity_then_marginal_degrade_0_10,threshold_0_95,fixed_declared_target_policy,req_joint_and_parity,req_parity,1,0,0,0,1,pass,monotonicity checked over fixed-declared target policy rows
comp_identity_then_marginal_degrade_0_10,threshold_0_99,fixed_declared_target_policy,req_all_nontrivial,req_A,1,0,0,0,1,pass,monotonicity checked over fixed-declared target policy rows
comp_identity_then_marginal_degrade_0_10,threshold_0_99,fixed_declared_target_policy,req_marginals,req_A,1,0,0,0,1,pass,monotonicity checked over fixed-declared target policy rows
comp_identity_then_marginal_degrade_0_10,threshold_0_99,fixed_declared_target_policy,req_all_nontrivial,req_B,1,0,0,0,1,pass,monotonicity checked over fixed-declared target policy rows
comp_identity_then_marginal_degrade_0_10,threshold_0_99,fixed_declared_target_policy,req_marginals,req_B,1,0,0,0,1,pass,monotonicity checked over fixed-declared target policy rows
comp_identity_then_marginal_degrade_0_10,threshold_0_99,fixed_declared_target_policy,req_all_nontrivial,req_joint,1,0,0,0,1,pass,monotonicity checked over fixed-declared target policy rows
comp_identity_then_marginal_degrade_0_10,threshold_0_99,fixed_declared_target_policy,req_joint_and_parity,req_joint,1,0,0,0,1,pass,monotonicity checked over fixed-declared target policy rows
comp_identity_then_marginal_degrade_0_10,threshold_0_99,fixed_declared_target_policy,req_all_nontrivial,req_joint_and_parity,1,0,0,0,1,pass,monotonicity checked over fixed-declared target policy rows
comp_identity_then_marginal_degrade_0_10,threshold_0_99,fixed_declared_target_policy,req_all_nontrivial,req_marginals,1,0,0,0,1,pass,monotonicity checked over fixed-declared target policy rows
comp_identity_then_marginal_degrade_0_10,threshold_0_99,fixed_declared_target_policy,req_all_nontrivial,req_parity,1,0,0,0,1,pass,monotonicity checked over fixed-declared target policy rows
comp_identity_then_marginal_degrade_0_10,threshold_0_99,fixed_declared_target_policy,req_joint_and_parity,req_parity,1,0,0,0,1,pass,monotonicity checked over fixed-declared target policy rows
comp_identity_then_marginal_degrade_0_10,threshold_1_00,fixed_declared_target_policy,req_all_nontrivial,req_A,1,0,0,0,1,pass,monotonicity checked over fixed-declared target policy rows
comp_identity_then_marginal_degrade_0_10,threshold_1_00,fixed_declared_target_policy,req_marginals,req_A,1,0,0,0,1,pass,monotonicity checked over fixed-declared target policy rows
comp_identity_then_marginal_degrade_0_10,threshold_1_00,fixed_declared_target_policy,req_all_nontrivial,req_B,1,0,0,0,1,pass,monotonicity checked over fixed-declared target policy rows
comp_identity_then_marginal_degrade_0_10,threshold_1_00,fixed_declared_target_policy,req_marginals,req_B,1,0,0,0,1,pass,monotonicity checked over fixed-declared target policy rows
comp_identity_then_marginal_degrade_0_10,threshold_1_00,fixed_declared_target_policy,req_all_nontrivial,req_joint,1,0,0,0,1,pass,monotonicity checked over fixed-declared target policy rows
comp_identity_then_marginal_degrade_0_10,threshold_1_00,fixed_declared_target_policy,req_joint_and_parity,req_joint,1,0,0,0,1,pass,monotonicity checked over fixed-declared target policy rows
comp_identity_then_marginal_degrade_0_10,threshold_1_00,fixed_declared_target_policy,req_all_nontrivial,req_joint_and_parity,1,0,0,0,1,pass,monotonicity checked over fixed-declared target policy rows
comp_identity_then_marginal_degrade_0_10,threshold_1_00,fixed_declared_target_policy,req_all_nontrivial,req_marginals,1,0,0,0,1,pass,monotonicity checked over fixed-declared target policy rows
comp_identity_then_marginal_degrade_0_10,threshold_1_00,fixed_declared_target_policy,req_all_nontrivial,req_parity,1,0,0,0,1,pass,monotonicity checked over fixed-declared target policy rows
comp_identity_then_marginal_degrade_0_10,threshold_1_00,fixed_declared_target_policy,req_joint_and_parity,req_parity,1,0,0,0,1,pass,monotonicity checked over fixed-declared target policy rows
identity_channel,threshold_0_80,fixed_declared_target_policy,req_all_nontrivial,req_A,1,1,1,1,1,pass,monotonicity checked over fixed-declared target policy rows
identity_channel,threshold_0_80,fixed_declared_target_policy,req_marginals,req_A,1,1,1,1,1,pass,monotonicity checked over fixed-declared target policy rows
identity_channel,threshold_0_80,fixed_declared_target_policy,req_all_nontrivial,req_B,1,1,1,1,1,pass,monotonicity checked over fixed-declared target policy rows
identity_channel,threshold_0_80,fixed_declared_target_policy,req_marginals,req_B,1,1,1,1,1,pass,monotonicity checked over fixed-declared target policy rows
identity_channel,threshold_0_80,fixed_declared_target_policy,req_all_nontrivial,req_joint,1,1,1,1,1,pass,monotonicity checked over fixed-declared target policy rows
identity_channel,threshold_0_80,fixed_declared_target_policy,req_joint_and_parity,req_joint,1,1,1,1,1,pass,monotonicity checked over fixed-declared target policy rows
identity_channel,threshold_0_80,fixed_declared_target_policy,req_all_nontrivial,req_joint_and_parity,1,1,1,1,1,pass,monotonicity checked over fixed-declared target policy rows
identity_channel,threshold_0_80,fixed_declared_target_policy,req_all_nontrivial,req_marginals,1,1,1,1,1,pass,monotonicity checked over fixed-declared target policy rows
identity_channel,threshold_0_80,fixed_declared_target_policy,req_all_nontrivial,req_parity,1,1,1,1,1,pass,monotonicity checked over fixed-declared target policy rows
identity_channel,threshold_0_80,fixed_declared_target_policy,req_joint_and_parity,req_parity,1,1,1,1,1,pass,monotonicity checked over fixed-declared target policy rows
identity_channel,threshold_0_90,fixed_declared_target_policy,req_all_nontrivial,req_A,1,1,1,1,1,pass,monotonicity checked over fixed-declared target policy rows
identity_channel,threshold_0_90,fixed_declared_target_policy,req_marginals,req_A,1,1,1,1,1,pass,monotonicity checked over fixed-declared target policy rows
identity_channel,threshold_0_90,fixed_declared_target_policy,req_all_nontrivial,req_B,1,1,1,1,1,pass,monotonicity checked over fixed-declared target policy rows
identity_channel,threshold_0_90,fixed_declared_target_policy,req_marginals,req_B,1,1,1,1,1,pass,monotonicity checked over fixed-declared target policy rows
identity_channel,threshold_0_90,fixed_declared_target_policy,req_all_nontrivial,req_joint,1,1,1,1,1,pass,monotonicity checked over fixed-declared target policy rows
identity_channel,threshold_0_90,fixed_declared_target_policy,req_joint_and_parity,req_joint,1,1,1,1,1,pass,monotonicity checked over fixed-declared target policy rows
identity_channel,threshold_0_90,fixed_declared_target_policy,req_all_nontrivial,req_joint_and_parity,1,1,1,1,1,pass,monotonicity checked over fixed-declared target policy rows
identity_channel,threshold_0_90,fixed_declared_target_policy,req_all_nontrivial,req_marginals,1,1,1,1,1,pass,monotonicity checked over fixed-declared target policy rows
identity_channel,threshold_0_90,fixed_declared_target_policy,req_all_nontrivial,req_parity,1,1,1,1,1,pass,monotonicity checked over fixed-declared target policy rows
identity_channel,threshold_0_90,fixed_declared_target_policy,req_joint_and_parity,req_parity,1,1,1,1,1,pass,monotonicity checked over fixed-declared target policy rows
identity_channel,threshold_0_95,fixed_declared_target_policy,req_all_nontrivial,req_A,1,1,1,1,1,pass,monotonicity checked over fixed-declared target policy rows
identity_channel,threshold_0_95,fixed_declared_target_policy,req_marginals,req_A,1,1,1,1,1,pass,monotonicity checked over fixed-declared target policy rows
identity_channel,threshold_0_95,fixed_declared_target_policy,req_all_nontrivial,req_B,1,1,1,1,1,pass,monotonicity checked over fixed-declared target policy rows
identity_channel,threshold_0_95,fixed_declared_target_policy,req_marginals,req_B,1,1,1,1,1,pass,monotonicity checked over fixed-declared target policy rows
identity_channel,threshold_0_95,fixed_declared_target_policy,req_all_nontrivial,req_joint,1,1,1,1,1,pass,monotonicity checked over fixed-declared target policy rows
identity_channel,threshold_0_95,fixed_declared_target_policy,req_joint_and_parity,req_joint,1,1,1,1,1,pass,monotonicity checked over fixed-declared target policy rows
identity_channel,threshold_0_95,fixed_declared_target_policy,req_all_nontrivial,req_joint_and_parity,1,1,1,1,1,pass,monotonicity checked over fixed-declared target policy rows
identity_channel,threshold_0_95,fixed_declared_target_policy,req_all_nontrivial,req_marginals,1,1,1,1,1,pass,monotonicity checked over fixed-declared target policy rows
identity_channel,threshold_0_95,fixed_declared_target_policy,req_all_nontrivial,req_parity,1,1,1,1,1,pass,monotonicity checked over fixed-declared target policy rows
identity_channel,threshold_0_95,fixed_declared_target_policy,req_joint_and_parity,req_parity,1,1,1,1,1,pass,monotonicity checked over fixed-declared target policy rows
identity_channel,threshold_0_99,fixed_declared_target_policy,req_all_nontrivial,req_A,1,1,1,1,1,pass,monotonicity checked over fixed-declared target policy rows
identity_channel,threshold_0_99,fixed_declared_target_policy,req_marginals,req_A,1,1,1,1,1,pass,monotonicity checked over fixed-declared target policy rows
identity_channel,threshold_0_99,fixed_declared_target_policy,req_all_nontrivial,req_B,1,1,1,1,1,pass,monotonicity checked over fixed-declared target policy rows
identity_channel,threshold_0_99,fixed_declared_target_policy,req_marginals,req_B,1,1,1,1,1,pass,monotonicity checked over fixed-declared target policy rows
identity_channel,threshold_0_99,fixed_declared_target_policy,req_all_nontrivial,req_joint,1,1,1,1,1,pass,monotonicity checked over fixed-declared target policy rows
identity_channel,threshold_0_99,fixed_declared_target_policy,req_joint_and_parity,req_joint,1,1,1,1,1,pass,monotonicity checked over fixed-declared target policy rows
identity_channel,threshold_0_99,fixed_declared_target_policy,req_all_nontrivial,req_joint_and_parity,1,1,1,1,1,pass,monotonicity checked over fixed-declared target policy rows
identity_channel,threshold_0_99,fixed_declared_target_policy,req_all_nontrivial,req_marginals,1,1,1,1,1,pass,monotonicity checked over fixed-declared target policy rows
identity_channel,threshold_0_99,fixed_declared_target_policy,req_all_nontrivial,req_parity,1,1,1,1,1,pass,monotonicity checked over fixed-declared target policy rows
identity_channel,threshold_0_99,fixed_declared_target_policy,req_joint_and_parity,req_parity,1,1,1,1,1,pass,monotonicity checked over fixed-declared target policy rows
identity_channel,threshold_1_00,fixed_declared_target_policy,req_all_nontrivial,req_A,1,1,1,1,1,pass,monotonicity checked over fixed-declared target policy rows
identity_channel,threshold_1_00,fixed_declared_target_policy,req_marginals,req_A,1,1,1,1,1,pass,monotonicity checked over fixed-declared target policy rows
identity_channel,threshold_1_00,fixed_declared_target_policy,req_all_nontrivial,req_B,1,1,1,1,1,pass,monotonicity checked over fixed-declared target policy rows
identity_channel,threshold_1_00,fixed_declared_target_policy,req_marginals,req_B,1,1,1,1,1,pass,monotonicity checked over fixed-declared target policy rows
identity_channel,threshold_1_00,fixed_declared_target_policy,req_all_nontrivial,req_joint,1,1,1,1,1,pass,monotonicity checked over fixed-declared target policy rows
identity_channel,threshold_1_00,fixed_declared_target_policy,req_joint_and_parity,req_joint,1,1,1,1,1,pass,monotonicity checked over fixed-declared target policy rows
identity_channel,threshold_1_00,fixed_declared_target_policy,req_all_nontrivial,req_joint_and_parity,1,1,1,1,1,pass,monotonicity checked over fixed-declared target policy rows
identity_channel,threshold_1_00,fixed_declared_target_policy,req_all_nontrivial,req_marginals,1,1,1,1,1,pass,monotonicity checked over fixed-declared target policy rows
identity_channel,threshold_1_00,fixed_declared_target_policy,req_all_nontrivial,req_parity,1,1,1,1,1,pass,monotonicity checked over fixed-declared target policy rows
identity_channel,threshold_1_00,fixed_declared_target_policy,req_joint_and_parity,req_parity,1,1,1,1,1,pass,monotonicity checked over fixed-declared target policy rows
marginal_joint_degrade_q_0_10,threshold_0_80,fixed_declared_target_policy,req_all_nontrivial,req_A,1,1,1,1,1,pass,monotonicity checked over fixed-declared target policy rows
marginal_joint_degrade_q_0_10,threshold_0_80,fixed_declared_target_policy,req_marginals,req_A,1,1,1,1,1,pass,monotonicity checked over fixed-declared target policy rows
marginal_joint_degrade_q_0_10,threshold_0_80,fixed_declared_target_policy,req_all_nontrivial,req_B,1,1,1,1,1,pass,monotonicity checked over fixed-declared target policy rows
marginal_joint_degrade_q_0_10,threshold_0_80,fixed_declared_target_policy,req_marginals,req_B,1,1,1,1,1,pass,monotonicity checked over fixed-declared target policy rows
marginal_joint_degrade_q_0_10,threshold_0_80,fixed_declared_target_policy,req_all_nontrivial,req_joint,1,1,1,1,1,pass,monotonicity checked over fixed-declared target policy rows
marginal_joint_degrade_q_0_10,threshold_0_80,fixed_declared_target_policy,req_joint_and_parity,req_joint,1,1,1,1,1,pass,monotonicity checked over fixed-declared target policy rows
marginal_joint_degrade_q_0_10,threshold_0_80,fixed_declared_target_policy,req_all_nontrivial,req_joint_and_parity,1,1,1,1,1,pass,monotonicity checked over fixed-declared target policy rows
marginal_joint_degrade_q_0_10,threshold_0_80,fixed_declared_target_policy,req_all_nontrivial,req_marginals,1,1,1,1,1,pass,monotonicity checked over fixed-declared target policy rows
marginal_joint_degrade_q_0_10,threshold_0_80,fixed_declared_target_policy,req_all_nontrivial,req_parity,1,1,1,1,1,pass,monotonicity checked over fixed-declared target policy rows
marginal_joint_degrade_q_0_10,threshold_0_80,fixed_declared_target_policy,req_joint_and_parity,req_parity,1,1,1,1,1,pass,monotonicity checked over fixed-declared target policy rows
marginal_joint_degrade_q_0_10,threshold_0_90,fixed_declared_target_policy,req_all_nontrivial,req_A,1,1,1,1,1,pass,monotonicity checked over fixed-declared target policy rows
marginal_joint_degrade_q_0_10,threshold_0_90,fixed_declared_target_policy,req_marginals,req_A,1,1,1,1,1,pass,monotonicity checked over fixed-declared target policy rows
marginal_joint_degrade_q_0_10,threshold_0_90,fixed_declared_target_policy,req_all_nontrivial,req_B,1,1,1,1,1,pass,monotonicity checked over fixed-declared target policy rows
marginal_joint_degrade_q_0_10,threshold_0_90,fixed_declared_target_policy,req_marginals,req_B,1,1,1,1,1,pass,monotonicity checked over fixed-declared target policy rows
marginal_joint_degrade_q_0_10,threshold_0_90,fixed_declared_target_policy,req_all_nontrivial,req_joint,1,1,1,1,1,pass,monotonicity checked over fixed-declared target policy rows
marginal_joint_degrade_q_0_10,threshold_0_90,fixed_declared_target_policy,req_joint_and_parity,req_joint,1,1,1,1,1,pass,monotonicity checked over fixed-declared target policy rows
marginal_joint_degrade_q_0_10,threshold_0_90,fixed_declared_target_policy,req_all_nontrivial,req_joint_and_parity,1,1,1,1,1,pass,monotonicity checked over fixed-declared target policy rows
marginal_joint_degrade_q_0_10,threshold_0_90,fixed_declared_target_policy,req_all_nontrivial,req_marginals,1,1,1,1,1,pass,monotonicity checked over fixed-declared target policy rows
marginal_joint_degrade_q_0_10,threshold_0_90,fixed_declared_target_policy,req_all_nontrivial,req_parity,1,1,1,1,1,pass,monotonicity checked over fixed-declared target policy rows
marginal_joint_degrade_q_0_10,threshold_0_90,fixed_declared_target_policy,req_joint_and_parity,req_parity,1,1,1,1,1,pass,monotonicity checked over fixed-declared target policy rows
marginal_joint_degrade_q_0_10,threshold_0_95,fixed_declared_target_policy,req_all_nontrivial,req_A,1,0,1,0,1,pass,monotonicity checked over fixed-declared target policy rows
marginal_joint_degrade_q_0_10,threshold_0_95,fixed_declared_target_policy,req_marginals,req_A,1,1,1,1,1,pass,monotonicity checked over fixed-declared target policy rows
marginal_joint_degrade_q_0_10,threshold_0_95,fixed_declared_target_policy,req_all_nontrivial,req_B,1,0,1,0,1,pass,monotonicity checked over fixed-declared target policy rows
marginal_joint_degrade_q_0_10,threshold_0_95,fixed_declared_target_policy,req_marginals,req_B,1,1,1,1,1,pass,monotonicity checked over fixed-declared target policy rows
marginal_joint_degrade_q_0_10,threshold_0_95,fixed_declared_target_policy,req_all_nontrivial,req_joint,1,0,0,0,1,pass,monotonicity checked over fixed-declared target policy rows
marginal_joint_degrade_q_0_10,threshold_0_95,fixed_declared_target_policy,req_joint_and_parity,req_joint,1,0,0,0,1,pass,monotonicity checked over fixed-declared target policy rows
marginal_joint_degrade_q_0_10,threshold_0_95,fixed_declared_target_policy,req_all_nontrivial,req_joint_and_parity,1,0,0,0,1,pass,monotonicity checked over fixed-declared target policy rows
marginal_joint_degrade_q_0_10,threshold_0_95,fixed_declared_target_policy,req_all_nontrivial,req_marginals,1,0,1,0,1,pass,monotonicity checked over fixed-declared target policy rows
marginal_joint_degrade_q_0_10,threshold_0_95,fixed_declared_target_policy,req_all_nontrivial,req_parity,1,0,0,0,1,pass,monotonicity checked over fixed-declared target policy rows
marginal_joint_degrade_q_0_10,threshold_0_95,fixed_declared_target_policy,req_joint_and_parity,req_parity,1,0,0,0,1,pass,monotonicity checked over fixed-declared target policy rows
marginal_joint_degrade_q_0_10,threshold_0_99,fixed_declared_target_policy,req_all_nontrivial,req_A,1,0,0,0,1,pass,monotonicity checked over fixed-declared target policy rows
marginal_joint_degrade_q_0_10,threshold_0_99,fixed_declared_target_policy,req_marginals,req_A,1,0,0,0,1,pass,monotonicity checked over fixed-declared target policy rows
marginal_joint_degrade_q_0_10,threshold_0_99,fixed_declared_target_policy,req_all_nontrivial,req_B,1,0,0,0,1,pass,monotonicity checked over fixed-declared target policy rows
marginal_joint_degrade_q_0_10,threshold_0_99,fixed_declared_target_policy,req_marginals,req_B,1,0,0,0,1,pass,monotonicity checked over fixed-declared target policy rows
marginal_joint_degrade_q_0_10,threshold_0_99,fixed_declared_target_policy,req_all_nontrivial,req_joint,1,0,0,0,1,pass,monotonicity checked over fixed-declared target policy rows
marginal_joint_degrade_q_0_10,threshold_0_99,fixed_declared_target_policy,req_joint_and_parity,req_joint,1,0,0,0,1,pass,monotonicity checked over fixed-declared target policy rows
marginal_joint_degrade_q_0_10,threshold_0_99,fixed_declared_target_policy,req_all_nontrivial,req_joint_and_parity,1,0,0,0,1,pass,monotonicity checked over fixed-declared target policy rows
marginal_joint_degrade_q_0_10,threshold_0_99,fixed_declared_target_policy,req_all_nontrivial,req_marginals,1,0,0,0,1,pass,monotonicity checked over fixed-declared target policy rows
marginal_joint_degrade_q_0_10,threshold_0_99,fixed_declared_target_policy,req_all_nontrivial,req_parity,1,0,0,0,1,pass,monotonicity checked over fixed-declared target policy rows
marginal_joint_degrade_q_0_10,threshold_0_99,fixed_declared_target_policy,req_joint_and_parity,req_parity,1,0,0,0,1,pass,monotonicity checked over fixed-declared target policy rows
marginal_joint_degrade_q_0_10,threshold_1_00,fixed_declared_target_policy,req_all_nontrivial,req_A,1,0,0,0,1,pass,monotonicity checked over fixed-declared target policy rows
marginal_joint_degrade_q_0_10,threshold_1_00,fixed_declared_target_policy,req_marginals,req_A,1,0,0,0,1,pass,monotonicity checked over fixed-declared target policy rows
marginal_joint_degrade_q_0_10,threshold_1_00,fixed_declared_target_policy,req_all_nontrivial,req_B,1,0,0,0,1,pass,monotonicity checked over fixed-declared target policy rows
marginal_joint_degrade_q_0_10,threshold_1_00,fixed_declared_target_policy,req_marginals,req_B,1,0,0,0,1,pass,monotonicity checked over fixed-declared target policy rows
marginal_joint_degrade_q_0_10,threshold_1_00,fixed_declared_target_policy,req_all_nontrivial,req_joint,1,0,0,0,1,pass,monotonicity checked over fixed-declared target policy rows
marginal_joint_degrade_q_0_10,threshold_1_00,fixed_declared_target_policy,req_joint_and_parity,req_joint,1,0,0,0,1,pass,monotonicity checked over fixed-declared target policy rows
marginal_joint_degrade_q_0_10,threshold_1_00,fixed_declared_target_policy,req_all_nontrivial,req_joint_and_parity,1,0,0,0,1,pass,monotonicity checked over fixed-declared target policy rows
marginal_joint_degrade_q_0_10,threshold_1_00,fixed_declared_target_policy,req_all_nontrivial,req_marginals,1,0,0,0,1,pass,monotonicity checked over fixed-declared target policy rows
marginal_joint_degrade_q_0_10,threshold_1_00,fixed_declared_target_policy,req_all_nontrivial,req_parity,1,0,0,0,1,pass,monotonicity checked over fixed-declared target policy rows
marginal_joint_degrade_q_0_10,threshold_1_00,fixed_declared_target_policy,req_joint_and_parity,req_parity,1,0,0,0,1,pass,monotonicity checked over fixed-declared target policy rows
marginal_joint_degrade_q_0_20,threshold_0_80,fixed_declared_target_policy,req_all_nontrivial,req_A,1,1,1,1,1,pass,monotonicity checked over fixed-declared target policy rows
marginal_joint_degrade_q_0_20,threshold_0_80,fixed_declared_target_policy,req_marginals,req_A,1,1,1,1,1,pass,monotonicity checked over fixed-declared target policy rows
marginal_joint_degrade_q_0_20,threshold_0_80,fixed_declared_target_policy,req_all_nontrivial,req_B,1,1,1,1,1,pass,monotonicity checked over fixed-declared target policy rows
marginal_joint_degrade_q_0_20,threshold_0_80,fixed_declared_target_policy,req_marginals,req_B,1,1,1,1,1,pass,monotonicity checked over fixed-declared target policy rows
marginal_joint_degrade_q_0_20,threshold_0_80,fixed_declared_target_policy,req_all_nontrivial,req_joint,1,1,1,1,1,pass,monotonicity checked over fixed-declared target policy rows
marginal_joint_degrade_q_0_20,threshold_0_80,fixed_declared_target_policy,req_joint_and_parity,req_joint,1,1,1,1,1,pass,monotonicity checked over fixed-declared target policy rows
marginal_joint_degrade_q_0_20,threshold_0_80,fixed_declared_target_policy,req_all_nontrivial,req_joint_and_parity,1,1,1,1,1,pass,monotonicity checked over fixed-declared target policy rows
marginal_joint_degrade_q_0_20,threshold_0_80,fixed_declared_target_policy,req_all_nontrivial,req_marginals,1,1,1,1,1,pass,monotonicity checked over fixed-declared target policy rows
marginal_joint_degrade_q_0_20,threshold_0_80,fixed_declared_target_policy,req_all_nontrivial,req_parity,1,1,1,1,1,pass,monotonicity checked over fixed-declared target policy rows
marginal_joint_degrade_q_0_20,threshold_0_80,fixed_declared_target_policy,req_joint_and_parity,req_parity,1,1,1,1,1,pass,monotonicity checked over fixed-declared target policy rows
marginal_joint_degrade_q_0_20,threshold_0_90,fixed_declared_target_policy,req_all_nontrivial,req_A,1,0,1,0,1,pass,monotonicity checked over fixed-declared target policy rows
marginal_joint_degrade_q_0_20,threshold_0_90,fixed_declared_target_policy,req_marginals,req_A,1,1,1,1,1,pass,monotonicity checked over fixed-declared target policy rows
marginal_joint_degrade_q_0_20,threshold_0_90,fixed_declared_target_policy,req_all_nontrivial,req_B,1,0,1,0,1,pass,monotonicity checked over fixed-declared target policy rows
marginal_joint_degrade_q_0_20,threshold_0_90,fixed_declared_target_policy,req_marginals,req_B,1,1,1,1,1,pass,monotonicity checked over fixed-declared target policy rows
marginal_joint_degrade_q_0_20,threshold_0_90,fixed_declared_target_policy,req_all_nontrivial,req_joint,1,0,0,0,1,pass,monotonicity checked over fixed-declared target policy rows
marginal_joint_degrade_q_0_20,threshold_0_90,fixed_declared_target_policy,req_joint_and_parity,req_joint,1,0,0,0,1,pass,monotonicity checked over fixed-declared target policy rows
marginal_joint_degrade_q_0_20,threshold_0_90,fixed_declared_target_policy,req_all_nontrivial,req_joint_and_parity,1,0,0,0,1,pass,monotonicity checked over fixed-declared target policy rows
marginal_joint_degrade_q_0_20,threshold_0_90,fixed_declared_target_policy,req_all_nontrivial,req_marginals,1,0,1,0,1,pass,monotonicity checked over fixed-declared target policy rows
marginal_joint_degrade_q_0_20,threshold_0_90,fixed_declared_target_policy,req_all_nontrivial,req_parity,1,0,0,0,1,pass,monotonicity checked over fixed-declared target policy rows
marginal_joint_degrade_q_0_20,threshold_0_90,fixed_declared_target_policy,req_joint_and_parity,req_parity,1,0,0,0,1,pass,monotonicity checked over fixed-declared target policy rows
marginal_joint_degrade_q_0_20,threshold_0_95,fixed_declared_target_policy,req_all_nontrivial,req_A,1,0,0,0,1,pass,monotonicity checked over fixed-declared target policy rows
marginal_joint_degrade_q_0_20,threshold_0_95,fixed_declared_target_policy,req_marginals,req_A,1,0,0,0,1,pass,monotonicity checked over fixed-declared target policy rows
marginal_joint_degrade_q_0_20,threshold_0_95,fixed_declared_target_policy,req_all_nontrivial,req_B,1,0,0,0,1,pass,monotonicity checked over fixed-declared target policy rows
marginal_joint_degrade_q_0_20,threshold_0_95,fixed_declared_target_policy,req_marginals,req_B,1,0,0,0,1,pass,monotonicity checked over fixed-declared target policy rows
marginal_joint_degrade_q_0_20,threshold_0_95,fixed_declared_target_policy,req_all_nontrivial,req_joint,1,0,0,0,1,pass,monotonicity checked over fixed-declared target policy rows
marginal_joint_degrade_q_0_20,threshold_0_95,fixed_declared_target_policy,req_joint_and_parity,req_joint,1,0,0,0,1,pass,monotonicity checked over fixed-declared target policy rows
marginal_joint_degrade_q_0_20,threshold_0_95,fixed_declared_target_policy,req_all_nontrivial,req_joint_and_parity,1,0,0,0,1,pass,monotonicity checked over fixed-declared target policy rows
marginal_joint_degrade_q_0_20,threshold_0_95,fixed_declared_target_policy,req_all_nontrivial,req_marginals,1,0,0,0,1,pass,monotonicity checked over fixed-declared target policy rows
marginal_joint_degrade_q_0_20,threshold_0_95,fixed_declared_target_policy,req_all_nontrivial,req_parity,1,0,0,0,1,pass,monotonicity checked over fixed-declared target policy rows
marginal_joint_degrade_q_0_20,threshold_0_95,fixed_declared_target_policy,req_joint_and_parity,req_parity,1,0,0,0,1,pass,monotonicity checked over fixed-declared target policy rows
marginal_joint_degrade_q_0_20,threshold_0_99,fixed_declared_target_policy,req_all_nontrivial,req_A,1,0,0,0,1,pass,monotonicity checked over fixed-declared target policy rows
marginal_joint_degrade_q_0_20,threshold_0_99,fixed_declared_target_policy,req_marginals,req_A,1,0,0,0,1,pass,monotonicity checked over fixed-declared target policy rows
marginal_joint_degrade_q_0_20,threshold_0_99,fixed_declared_target_policy,req_all_nontrivial,req_B,1,0,0,0,1,pass,monotonicity checked over fixed-declared target policy rows
marginal_joint_degrade_q_0_20,threshold_0_99,fixed_declared_target_policy,req_marginals,req_B,1,0,0,0,1,pass,monotonicity checked over fixed-declared target policy rows
marginal_joint_degrade_q_0_20,threshold_0_99,fixed_declared_target_policy,req_all_nontrivial,req_joint,1,0,0,0,1,pass,monotonicity checked over fixed-declared target policy rows
marginal_joint_degrade_q_0_20,threshold_0_99,fixed_declared_target_policy,req_joint_and_parity,req_joint,1,0,0,0,1,pass,monotonicity checked over fixed-declared target policy rows
marginal_joint_degrade_q_0_20,threshold_0_99,fixed_declared_target_policy,req_all_nontrivial,req_joint_and_parity,1,0,0,0,1,pass,monotonicity checked over fixed-declared target policy rows
marginal_joint_degrade_q_0_20,threshold_0_99,fixed_declared_target_policy,req_all_nontrivial,req_marginals,1,0,0,0,1,pass,monotonicity checked over fixed-declared target policy rows
marginal_joint_degrade_q_0_20,threshold_0_99,fixed_declared_target_policy,req_all_nontrivial,req_parity,1,0,0,0,1,pass,monotonicity checked over fixed-declared target policy rows
marginal_joint_degrade_q_0_20,threshold_0_99,fixed_declared_target_policy,req_joint_and_parity,req_parity,1,0,0,0,1,pass,monotonicity checked over fixed-declared target policy rows
marginal_joint_degrade_q_0_20,threshold_1_00,fixed_declared_target_policy,req_all_nontrivial,req_A,1,0,0,0,1,pass,monotonicity checked over fixed-declared target policy rows
marginal_joint_degrade_q_0_20,threshold_1_00,fixed_declared_target_policy,req_marginals,req_A,1,0,0,0,1,pass,monotonicity checked over fixed-declared target policy rows
marginal_joint_degrade_q_0_20,threshold_1_00,fixed_declared_target_policy,req_all_nontrivial,req_B,1,0,0,0,1,pass,monotonicity checked over fixed-declared target policy rows
marginal_joint_degrade_q_0_20,threshold_1_00,fixed_declared_target_policy,req_marginals,req_B,1,0,0,0,1,pass,monotonicity checked over fixed-declared target policy rows
marginal_joint_degrade_q_0_20,threshold_1_00,fixed_declared_target_policy,req_all_nontrivial,req_joint,1,0,0,0,1,pass,monotonicity checked over fixed-declared target policy rows
marginal_joint_degrade_q_0_20,threshold_1_00,fixed_declared_target_policy,req_joint_and_parity,req_joint,1,0,0,0,1,pass,monotonicity checked over fixed-declared target policy rows
marginal_joint_degrade_q_0_20,threshold_1_00,fixed_declared_target_policy,req_all_nontrivial,req_joint_and_parity,1,0,0,0,1,pass,monotonicity checked over fixed-declared target policy rows
marginal_joint_degrade_q_0_20,threshold_1_00,fixed_declared_target_policy,req_all_nontrivial,req_marginals,1,0,0,0,1,pass,monotonicity checked over fixed-declared target policy rows
marginal_joint_degrade_q_0_20,threshold_1_00,fixed_declared_target_policy,req_all_nontrivial,req_parity,1,0,0,0,1,pass,monotonicity checked over fixed-declared target policy rows
marginal_joint_degrade_q_0_20,threshold_1_00,fixed_declared_target_policy,req_joint_and_parity,req_parity,1,0,0,0,1,pass,monotonicity checked over fixed-declared target policy rows
output_marginal_matched_uniform,threshold_0_80,fixed_declared_target_policy,req_all_nontrivial,req_A,1,0,0,0,1,pass,monotonicity checked over fixed-declared target policy rows
output_marginal_matched_uniform,threshold_0_80,fixed_declared_target_policy,req_marginals,req_A,1,0,0,0,1,pass,monotonicity checked over fixed-declared target policy rows
output_marginal_matched_uniform,threshold_0_80,fixed_declared_target_policy,req_all_nontrivial,req_B,1,0,0,0,1,pass,monotonicity checked over fixed-declared target policy rows
output_marginal_matched_uniform,threshold_0_80,fixed_declared_target_policy,req_marginals,req_B,1,0,0,0,1,pass,monotonicity checked over fixed-declared target policy rows
output_marginal_matched_uniform,threshold_0_80,fixed_declared_target_policy,req_all_nontrivial,req_joint,1,0,0,0,1,pass,monotonicity checked over fixed-declared target policy rows
output_marginal_matched_uniform,threshold_0_80,fixed_declared_target_policy,req_joint_and_parity,req_joint,1,0,0,0,1,pass,monotonicity checked over fixed-declared target policy rows
output_marginal_matched_uniform,threshold_0_80,fixed_declared_target_policy,req_all_nontrivial,req_joint_and_parity,1,0,0,0,1,pass,monotonicity checked over fixed-declared target policy rows
output_marginal_matched_uniform,threshold_0_80,fixed_declared_target_policy,req_all_nontrivial,req_marginals,1,0,0,0,1,pass,monotonicity checked over fixed-declared target policy rows
output_marginal_matched_uniform,threshold_0_80,fixed_declared_target_policy,req_all_nontrivial,req_parity,1,0,0,0,1,pass,monotonicity checked over fixed-declared target policy rows
output_marginal_matched_uniform,threshold_0_80,fixed_declared_target_policy,req_joint_and_parity,req_parity,1,0,0,0,1,pass,monotonicity checked over fixed-declared target policy rows
output_marginal_matched_uniform,threshold_0_90,fixed_declared_target_policy,req_all_nontrivial,req_A,1,0,0,0,1,pass,monotonicity checked over fixed-declared target policy rows
output_marginal_matched_uniform,threshold_0_90,fixed_declared_target_policy,req_marginals,req_A,1,0,0,0,1,pass,monotonicity checked over fixed-declared target policy rows
output_marginal_matched_uniform,threshold_0_90,fixed_declared_target_policy,req_all_nontrivial,req_B,1,0,0,0,1,pass,monotonicity checked over fixed-declared target policy rows
output_marginal_matched_uniform,threshold_0_90,fixed_declared_target_policy,req_marginals,req_B,1,0,0,0,1,pass,monotonicity checked over fixed-declared target policy rows
output_marginal_matched_uniform,threshold_0_90,fixed_declared_target_policy,req_all_nontrivial,req_joint,1,0,0,0,1,pass,monotonicity checked over fixed-declared target policy rows
output_marginal_matched_uniform,threshold_0_90,fixed_declared_target_policy,req_joint_and_parity,req_joint,1,0,0,0,1,pass,monotonicity checked over fixed-declared target policy rows
output_marginal_matched_uniform,threshold_0_90,fixed_declared_target_policy,req_all_nontrivial,req_joint_and_parity,1,0,0,0,1,pass,monotonicity checked over fixed-declared target policy rows
output_marginal_matched_uniform,threshold_0_90,fixed_declared_target_policy,req_all_nontrivial,req_marginals,1,0,0,0,1,pass,monotonicity checked over fixed-declared target policy rows
output_marginal_matched_uniform,threshold_0_90,fixed_declared_target_policy,req_all_nontrivial,req_parity,1,0,0,0,1,pass,monotonicity checked over fixed-declared target policy rows
output_marginal_matched_uniform,threshold_0_90,fixed_declared_target_policy,req_joint_and_parity,req_parity,1,0,0,0,1,pass,monotonicity checked over fixed-declared target policy rows
output_marginal_matched_uniform,threshold_0_95,fixed_declared_target_policy,req_all_nontrivial,req_A,1,0,0,0,1,pass,monotonicity checked over fixed-declared target policy rows
output_marginal_matched_uniform,threshold_0_95,fixed_declared_target_policy,req_marginals,req_A,1,0,0,0,1,pass,monotonicity checked over fixed-declared target policy rows
output_marginal_matched_uniform,threshold_0_95,fixed_declared_target_policy,req_all_nontrivial,req_B,1,0,0,0,1,pass,monotonicity checked over fixed-declared target policy rows
output_marginal_matched_uniform,threshold_0_95,fixed_declared_target_policy,req_marginals,req_B,1,0,0,0,1,pass,monotonicity checked over fixed-declared target policy rows
output_marginal_matched_uniform,threshold_0_95,fixed_declared_target_policy,req_all_nontrivial,req_joint,1,0,0,0,1,pass,monotonicity checked over fixed-declared target policy rows
output_marginal_matched_uniform,threshold_0_95,fixed_declared_target_policy,req_joint_and_parity,req_joint,1,0,0,0,1,pass,monotonicity checked over fixed-declared target policy rows
output_marginal_matched_uniform,threshold_0_95,fixed_declared_target_policy,req_all_nontrivial,req_joint_and_parity,1,0,0,0,1,pass,monotonicity checked over fixed-declared target policy rows
output_marginal_matched_uniform,threshold_0_95,fixed_declared_target_policy,req_all_nontrivial,req_marginals,1,0,0,0,1,pass,monotonicity checked over fixed-declared target policy rows
output_marginal_matched_uniform,threshold_0_95,fixed_declared_target_policy,req_all_nontrivial,req_parity,1,0,0,0,1,pass,monotonicity checked over fixed-declared target policy rows
output_marginal_matched_uniform,threshold_0_95,fixed_declared_target_policy,req_joint_and_parity,req_parity,1,0,0,0,1,pass,monotonicity checked over fixed-declared target policy rows
output_marginal_matched_uniform,threshold_0_99,fixed_declared_target_policy,req_all_nontrivial,req_A,1,0,0,0,1,pass,monotonicity checked over fixed-declared target policy rows
output_marginal_matched_uniform,threshold_0_99,fixed_declared_target_policy,req_marginals,req_A,1,0,0,0,1,pass,monotonicity checked over fixed-declared target policy rows
output_marginal_matched_uniform,threshold_0_99,fixed_declared_target_policy,req_all_nontrivial,req_B,1,0,0,0,1,pass,monotonicity checked over fixed-declared target policy rows
output_marginal_matched_uniform,threshold_0_99,fixed_declared_target_policy,req_marginals,req_B,1,0,0,0,1,pass,monotonicity checked over fixed-declared target policy rows
output_marginal_matched_uniform,threshold_0_99,fixed_declared_target_policy,req_all_nontrivial,req_joint,1,0,0,0,1,pass,monotonicity checked over fixed-declared target policy rows
output_marginal_matched_uniform,threshold_0_99,fixed_declared_target_policy,req_joint_and_parity,req_joint,1,0,0,0,1,pass,monotonicity checked over fixed-declared target policy rows
output_marginal_matched_uniform,threshold_0_99,fixed_declared_target_policy,req_all_nontrivial,req_joint_and_parity,1,0,0,0,1,pass,monotonicity checked over fixed-declared target policy rows
output_marginal_matched_uniform,threshold_0_99,fixed_declared_target_policy,req_all_nontrivial,req_marginals,1,0,0,0,1,pass,monotonicity checked over fixed-declared target policy rows
output_marginal_matched_uniform,threshold_0_99,fixed_declared_target_policy,req_all_nontrivial,req_parity,1,0,0,0,1,pass,monotonicity checked over fixed-declared target policy rows
output_marginal_matched_uniform,threshold_0_99,fixed_declared_target_policy,req_joint_and_parity,req_parity,1,0,0,0,1,pass,monotonicity checked over fixed-declared target policy rows
output_marginal_matched_uniform,threshold_1_00,fixed_declared_target_policy,req_all_nontrivial,req_A,1,0,0,0,1,pass,monotonicity checked over fixed-declared target policy rows
output_marginal_matched_uniform,threshold_1_00,fixed_declared_target_policy,req_marginals,req_A,1,0,0,0,1,pass,monotonicity checked over fixed-declared target policy rows
output_marginal_matched_uniform,threshold_1_00,fixed_declared_target_policy,req_all_nontrivial,req_B,1,0,0,0,1,pass,monotonicity checked over fixed-declared target policy rows
output_marginal_matched_uniform,threshold_1_00,fixed_declared_target_policy,req_marginals,req_B,1,0,0,0,1,pass,monotonicity checked over fixed-declared target policy rows
output_marginal_matched_uniform,threshold_1_00,fixed_declared_target_policy,req_all_nontrivial,req_joint,1,0,0,0,1,pass,monotonicity checked over fixed-declared target policy rows
output_marginal_matched_uniform,threshold_1_00,fixed_declared_target_policy,req_joint_and_parity,req_joint,1,0,0,0,1,pass,monotonicity checked over fixed-declared target policy rows
output_marginal_matched_uniform,threshold_1_00,fixed_declared_target_policy,req_all_nontrivial,req_joint_and_parity,1,0,0,0,1,pass,monotonicity checked over fixed-declared target policy rows
output_marginal_matched_uniform,threshold_1_00,fixed_declared_target_policy,req_all_nontrivial,req_marginals,1,0,0,0,1,pass,monotonicity checked over fixed-declared target policy rows
output_marginal_matched_uniform,threshold_1_00,fixed_declared_target_policy,req_all_nontrivial,req_parity,1,0,0,0,1,pass,monotonicity checked over fixed-declared target policy rows
output_marginal_matched_uniform,threshold_1_00,fixed_declared_target_policy,req_joint_and_parity,req_parity,1,0,0,0,1,pass,monotonicity checked over fixed-declared target policy rows
projection_A_channel,threshold_0_80,fixed_declared_target_policy,req_all_nontrivial,req_A,1,0,1,0,1,pass,monotonicity checked over fixed-declared target policy rows
projection_A_channel,threshold_0_80,fixed_declared_target_policy,req_marginals,req_A,1,0,1,0,1,pass,monotonicity checked over fixed-declared target policy rows
projection_A_channel,threshold_0_80,fixed_declared_target_policy,req_all_nontrivial,req_B,1,0,0,0,1,pass,monotonicity checked over fixed-declared target policy rows
projection_A_channel,threshold_0_80,fixed_declared_target_policy,req_marginals,req_B,1,0,0,0,1,pass,monotonicity checked over fixed-declared target policy rows
projection_A_channel,threshold_0_80,fixed_declared_target_policy,req_all_nontrivial,req_joint,1,0,0,0,1,pass,monotonicity checked over fixed-declared target policy rows
projection_A_channel,threshold_0_80,fixed_declared_target_policy,req_joint_and_parity,req_joint,1,0,0,0,1,pass,monotonicity checked over fixed-declared target policy rows
projection_A_channel,threshold_0_80,fixed_declared_target_policy,req_all_nontrivial,req_joint_and_parity,1,0,0,0,1,pass,monotonicity checked over fixed-declared target policy rows
projection_A_channel,threshold_0_80,fixed_declared_target_policy,req_all_nontrivial,req_marginals,1,0,0,0,1,pass,monotonicity checked over fixed-declared target policy rows
projection_A_channel,threshold_0_80,fixed_declared_target_policy,req_all_nontrivial,req_parity,1,0,0,0,1,pass,monotonicity checked over fixed-declared target policy rows
projection_A_channel,threshold_0_80,fixed_declared_target_policy,req_joint_and_parity,req_parity,1,0,0,0,1,pass,monotonicity checked over fixed-declared target policy rows
projection_A_channel,threshold_0_90,fixed_declared_target_policy,req_all_nontrivial,req_A,1,0,1,0,1,pass,monotonicity checked over fixed-declared target policy rows
projection_A_channel,threshold_0_90,fixed_declared_target_policy,req_marginals,req_A,1,0,1,0,1,pass,monotonicity checked over fixed-declared target policy rows
projection_A_channel,threshold_0_90,fixed_declared_target_policy,req_all_nontrivial,req_B,1,0,0,0,1,pass,monotonicity checked over fixed-declared target policy rows
projection_A_channel,threshold_0_90,fixed_declared_target_policy,req_marginals,req_B,1,0,0,0,1,pass,monotonicity checked over fixed-declared target policy rows
projection_A_channel,threshold_0_90,fixed_declared_target_policy,req_all_nontrivial,req_joint,1,0,0,0,1,pass,monotonicity checked over fixed-declared target policy rows
projection_A_channel,threshold_0_90,fixed_declared_target_policy,req_joint_and_parity,req_joint,1,0,0,0,1,pass,monotonicity checked over fixed-declared target policy rows
projection_A_channel,threshold_0_90,fixed_declared_target_policy,req_all_nontrivial,req_joint_and_parity,1,0,0,0,1,pass,monotonicity checked over fixed-declared target policy rows
projection_A_channel,threshold_0_90,fixed_declared_target_policy,req_all_nontrivial,req_marginals,1,0,0,0,1,pass,monotonicity checked over fixed-declared target policy rows
projection_A_channel,threshold_0_90,fixed_declared_target_policy,req_all_nontrivial,req_parity,1,0,0,0,1,pass,monotonicity checked over fixed-declared target policy rows
projection_A_channel,threshold_0_90,fixed_declared_target_policy,req_joint_and_parity,req_parity,1,0,0,0,1,pass,monotonicity checked over fixed-declared target policy rows
projection_A_channel,threshold_0_95,fixed_declared_target_policy,req_all_nontrivial,req_A,1,0,1,0,1,pass,monotonicity checked over fixed-declared target policy rows
projection_A_channel,threshold_0_95,fixed_declared_target_policy,req_marginals,req_A,1,0,1,0,1,pass,monotonicity checked over fixed-declared target policy rows
projection_A_channel,threshold_0_95,fixed_declared_target_policy,req_all_nontrivial,req_B,1,0,0,0,1,pass,monotonicity checked over fixed-declared target policy rows
projection_A_channel,threshold_0_95,fixed_declared_target_policy,req_marginals,req_B,1,0,0,0,1,pass,monotonicity checked over fixed-declared target policy rows
projection_A_channel,threshold_0_95,fixed_declared_target_policy,req_all_nontrivial,req_joint,1,0,0,0,1,pass,monotonicity checked over fixed-declared target policy rows
projection_A_channel,threshold_0_95,fixed_declared_target_policy,req_joint_and_parity,req_joint,1,0,0,0,1,pass,monotonicity checked over fixed-declared target policy rows
projection_A_channel,threshold_0_95,fixed_declared_target_policy,req_all_nontrivial,req_joint_and_parity,1,0,0,0,1,pass,monotonicity checked over fixed-declared target policy rows
projection_A_channel,threshold_0_95,fixed_declared_target_policy,req_all_nontrivial,req_marginals,1,0,0,0,1,pass,monotonicity checked over fixed-declared target policy rows
projection_A_channel,threshold_0_95,fixed_declared_target_policy,req_all_nontrivial,req_parity,1,0,0,0,1,pass,monotonicity checked over fixed-declared target policy rows
projection_A_channel,threshold_0_95,fixed_declared_target_policy,req_joint_and_parity,req_parity,1,0,0,0,1,pass,monotonicity checked over fixed-declared target policy rows
projection_A_channel,threshold_0_99,fixed_declared_target_policy,req_all_nontrivial,req_A,1,0,1,0,1,pass,monotonicity checked over fixed-declared target policy rows
projection_A_channel,threshold_0_99,fixed_declared_target_policy,req_marginals,req_A,1,0,1,0,1,pass,monotonicity checked over fixed-declared target policy rows
projection_A_channel,threshold_0_99,fixed_declared_target_policy,req_all_nontrivial,req_B,1,0,0,0,1,pass,monotonicity checked over fixed-declared target policy rows
projection_A_channel,threshold_0_99,fixed_declared_target_policy,req_marginals,req_B,1,0,0,0,1,pass,monotonicity checked over fixed-declared target policy rows
projection_A_channel,threshold_0_99,fixed_declared_target_policy,req_all_nontrivial,req_joint,1,0,0,0,1,pass,monotonicity checked over fixed-declared target policy rows
projection_A_channel,threshold_0_99,fixed_declared_target_policy,req_joint_and_parity,req_joint,1,0,0,0,1,pass,monotonicity checked over fixed-declared target policy rows
projection_A_channel,threshold_0_99,fixed_declared_target_policy,req_all_nontrivial,req_joint_and_parity,1,0,0,0,1,pass,monotonicity checked over fixed-declared target policy rows
projection_A_channel,threshold_0_99,fixed_declared_target_policy,req_all_nontrivial,req_marginals,1,0,0,0,1,pass,monotonicity checked over fixed-declared target policy rows
projection_A_channel,threshold_0_99,fixed_declared_target_policy,req_all_nontrivial,req_parity,1,0,0,0,1,pass,monotonicity checked over fixed-declared target policy rows
projection_A_channel,threshold_0_99,fixed_declared_target_policy,req_joint_and_parity,req_parity,1,0,0,0,1,pass,monotonicity checked over fixed-declared target policy rows
projection_A_channel,threshold_1_00,fixed_declared_target_policy,req_all_nontrivial,req_A,1,0,1,0,1,pass,monotonicity checked over fixed-declared target policy rows
projection_A_channel,threshold_1_00,fixed_declared_target_policy,req_marginals,req_A,1,0,1,0,1,pass,monotonicity checked over fixed-declared target policy rows
projection_A_channel,threshold_1_00,fixed_declared_target_policy,req_all_nontrivial,req_B,1,0,0,0,1,pass,monotonicity checked over fixed-declared target policy rows
projection_A_channel,threshold_1_00,fixed_declared_target_policy,req_marginals,req_B,1,0,0,0,1,pass,monotonicity checked over fixed-declared target policy rows
projection_A_channel,threshold_1_00,fixed_declared_target_policy,req_all_nontrivial,req_joint,1,0,0,0,1,pass,monotonicity checked over fixed-declared target policy rows
projection_A_channel,threshold_1_00,fixed_declared_target_policy,req_joint_and_parity,req_joint,1,0,0,0,1,pass,monotonicity checked over fixed-declared target policy rows
projection_A_channel,threshold_1_00,fixed_declared_target_policy,req_all_nontrivial,req_joint_and_parity,1,0,0,0,1,pass,monotonicity checked over fixed-declared target policy rows
projection_A_channel,threshold_1_00,fixed_declared_target_policy,req_all_nontrivial,req_marginals,1,0,0,0,1,pass,monotonicity checked over fixed-declared target policy rows
projection_A_channel,threshold_1_00,fixed_declared_target_policy,req_all_nontrivial,req_parity,1,0,0,0,1,pass,monotonicity checked over fixed-declared target policy rows
projection_A_channel,threshold_1_00,fixed_declared_target_policy,req_joint_and_parity,req_parity,1,0,0,0,1,pass,monotonicity checked over fixed-declared target policy rows
projection_B_channel,threshold_0_80,fixed_declared_target_policy,req_all_nontrivial,req_A,1,0,0,0,1,pass,monotonicity checked over fixed-declared target policy rows
projection_B_channel,threshold_0_80,fixed_declared_target_policy,req_marginals,req_A,1,0,0,0,1,pass,monotonicity checked over fixed-declared target policy rows
projection_B_channel,threshold_0_80,fixed_declared_target_policy,req_all_nontrivial,req_B,1,0,1,0,1,pass,monotonicity checked over fixed-declared target policy rows
projection_B_channel,threshold_0_80,fixed_declared_target_policy,req_marginals,req_B,1,0,1,0,1,pass,monotonicity checked over fixed-declared target policy rows
projection_B_channel,threshold_0_80,fixed_declared_target_policy,req_all_nontrivial,req_joint,1,0,0,0,1,pass,monotonicity checked over fixed-declared target policy rows
projection_B_channel,threshold_0_80,fixed_declared_target_policy,req_joint_and_parity,req_joint,1,0,0,0,1,pass,monotonicity checked over fixed-declared target policy rows
projection_B_channel,threshold_0_80,fixed_declared_target_policy,req_all_nontrivial,req_joint_and_parity,1,0,0,0,1,pass,monotonicity checked over fixed-declared target policy rows
projection_B_channel,threshold_0_80,fixed_declared_target_policy,req_all_nontrivial,req_marginals,1,0,0,0,1,pass,monotonicity checked over fixed-declared target policy rows
projection_B_channel,threshold_0_80,fixed_declared_target_policy,req_all_nontrivial,req_parity,1,0,0,0,1,pass,monotonicity checked over fixed-declared target policy rows
projection_B_channel,threshold_0_80,fixed_declared_target_policy,req_joint_and_parity,req_parity,1,0,0,0,1,pass,monotonicity checked over fixed-declared target policy rows
projection_B_channel,threshold_0_90,fixed_declared_target_policy,req_all_nontrivial,req_A,1,0,0,0,1,pass,monotonicity checked over fixed-declared target policy rows
projection_B_channel,threshold_0_90,fixed_declared_target_policy,req_marginals,req_A,1,0,0,0,1,pass,monotonicity checked over fixed-declared target policy rows
projection_B_channel,threshold_0_90,fixed_declared_target_policy,req_all_nontrivial,req_B,1,0,1,0,1,pass,monotonicity checked over fixed-declared target policy rows
projection_B_channel,threshold_0_90,fixed_declared_target_policy,req_marginals,req_B,1,0,1,0,1,pass,monotonicity checked over fixed-declared target policy rows
projection_B_channel,threshold_0_90,fixed_declared_target_policy,req_all_nontrivial,req_joint,1,0,0,0,1,pass,monotonicity checked over fixed-declared target policy rows
projection_B_channel,threshold_0_90,fixed_declared_target_policy,req_joint_and_parity,req_joint,1,0,0,0,1,pass,monotonicity checked over fixed-declared target policy rows
projection_B_channel,threshold_0_90,fixed_declared_target_policy,req_all_nontrivial,req_joint_and_parity,1,0,0,0,1,pass,monotonicity checked over fixed-declared target policy rows
projection_B_channel,threshold_0_90,fixed_declared_target_policy,req_all_nontrivial,req_marginals,1,0,0,0,1,pass,monotonicity checked over fixed-declared target policy rows
projection_B_channel,threshold_0_90,fixed_declared_target_policy,req_all_nontrivial,req_parity,1,0,0,0,1,pass,monotonicity checked over fixed-declared target policy rows
projection_B_channel,threshold_0_90,fixed_declared_target_policy,req_joint_and_parity,req_parity,1,0,0,0,1,pass,monotonicity checked over fixed-declared target policy rows
projection_B_channel,threshold_0_95,fixed_declared_target_policy,req_all_nontrivial,req_A,1,0,0,0,1,pass,monotonicity checked over fixed-declared target policy rows
projection_B_channel,threshold_0_95,fixed_declared_target_policy,req_marginals,req_A,1,0,0,0,1,pass,monotonicity checked over fixed-declared target policy rows
projection_B_channel,threshold_0_95,fixed_declared_target_policy,req_all_nontrivial,req_B,1,0,1,0,1,pass,monotonicity checked over fixed-declared target policy rows
projection_B_channel,threshold_0_95,fixed_declared_target_policy,req_marginals,req_B,1,0,1,0,1,pass,monotonicity checked over fixed-declared target policy rows
projection_B_channel,threshold_0_95,fixed_declared_target_policy,req_all_nontrivial,req_joint,1,0,0,0,1,pass,monotonicity checked over fixed-declared target policy rows
projection_B_channel,threshold_0_95,fixed_declared_target_policy,req_joint_and_parity,req_joint,1,0,0,0,1,pass,monotonicity checked over fixed-declared target policy rows
projection_B_channel,threshold_0_95,fixed_declared_target_policy,req_all_nontrivial,req_joint_and_parity,1,0,0,0,1,pass,monotonicity checked over fixed-declared target policy rows
projection_B_channel,threshold_0_95,fixed_declared_target_policy,req_all_nontrivial,req_marginals,1,0,0,0,1,pass,monotonicity checked over fixed-declared target policy rows
projection_B_channel,threshold_0_95,fixed_declared_target_policy,req_all_nontrivial,req_parity,1,0,0,0,1,pass,monotonicity checked over fixed-declared target policy rows
projection_B_channel,threshold_0_95,fixed_declared_target_policy,req_joint_and_parity,req_parity,1,0,0,0,1,pass,monotonicity checked over fixed-declared target policy rows
projection_B_channel,threshold_0_99,fixed_declared_target_policy,req_all_nontrivial,req_A,1,0,0,0,1,pass,monotonicity checked over fixed-declared target policy rows
projection_B_channel,threshold_0_99,fixed_declared_target_policy,req_marginals,req_A,1,0,0,0,1,pass,monotonicity checked over fixed-declared target policy rows
projection_B_channel,threshold_0_99,fixed_declared_target_policy,req_all_nontrivial,req_B,1,0,1,0,1,pass,monotonicity checked over fixed-declared target policy rows
projection_B_channel,threshold_0_99,fixed_declared_target_policy,req_marginals,req_B,1,0,1,0,1,pass,monotonicity checked over fixed-declared target policy rows
projection_B_channel,threshold_0_99,fixed_declared_target_policy,req_all_nontrivial,req_joint,1,0,0,0,1,pass,monotonicity checked over fixed-declared target policy rows
projection_B_channel,threshold_0_99,fixed_declared_target_policy,req_joint_and_parity,req_joint,1,0,0,0,1,pass,monotonicity checked over fixed-declared target policy rows
projection_B_channel,threshold_0_99,fixed_declared_target_policy,req_all_nontrivial,req_joint_and_parity,1,0,0,0,1,pass,monotonicity checked over fixed-declared target policy rows
projection_B_channel,threshold_0_99,fixed_declared_target_policy,req_all_nontrivial,req_marginals,1,0,0,0,1,pass,monotonicity checked over fixed-declared target policy rows
projection_B_channel,threshold_0_99,fixed_declared_target_policy,req_all_nontrivial,req_parity,1,0,0,0,1,pass,monotonicity checked over fixed-declared target policy rows
projection_B_channel,threshold_0_99,fixed_declared_target_policy,req_joint_and_parity,req_parity,1,0,0,0,1,pass,monotonicity checked over fixed-declared target policy rows
projection_B_channel,threshold_1_00,fixed_declared_target_policy,req_all_nontrivial,req_A,1,0,0,0,1,pass,monotonicity checked over fixed-declared target policy rows
projection_B_channel,threshold_1_00,fixed_declared_target_policy,req_marginals,req_A,1,0,0,0,1,pass,monotonicity checked over fixed-declared target policy rows
projection_B_channel,threshold_1_00,fixed_declared_target_policy,req_all_nontrivial,req_B,1,0,1,0,1,pass,monotonicity checked over fixed-declared target policy rows
projection_B_channel,threshold_1_00,fixed_declared_target_policy,req_marginals,req_B,1,0,1,0,1,pass,monotonicity checked over fixed-declared target policy rows
projection_B_channel,threshold_1_00,fixed_declared_target_policy,req_all_nontrivial,req_joint,1,0,0,0,1,pass,monotonicity checked over fixed-declared target policy rows
projection_B_channel,threshold_1_00,fixed_declared_target_policy,req_joint_and_parity,req_joint,1,0,0,0,1,pass,monotonicity checked over fixed-declared target policy rows
projection_B_channel,threshold_1_00,fixed_declared_target_policy,req_all_nontrivial,req_joint_and_parity,1,0,0,0,1,pass,monotonicity checked over fixed-declared target policy rows
projection_B_channel,threshold_1_00,fixed_declared_target_policy,req_all_nontrivial,req_marginals,1,0,0,0,1,pass,monotonicity checked over fixed-declared target policy rows
projection_B_channel,threshold_1_00,fixed_declared_target_policy,req_all_nontrivial,req_parity,1,0,0,0,1,pass,monotonicity checked over fixed-declared target policy rows
projection_B_channel,threshold_1_00,fixed_declared_target_policy,req_joint_and_parity,req_parity,1,0,0,0,1,pass,monotonicity checked over fixed-declared target policy rows
random_channel_same_output_entropy_seed_17,threshold_0_80,fixed_declared_target_policy,req_all_nontrivial,req_A,1,0,0,0,1,pass,monotonicity checked over fixed-declared target policy rows
random_channel_same_output_entropy_seed_17,threshold_0_80,fixed_declared_target_policy,req_marginals,req_A,1,0,0,0,1,pass,monotonicity checked over fixed-declared target policy rows
random_channel_same_output_entropy_seed_17,threshold_0_80,fixed_declared_target_policy,req_all_nontrivial,req_B,1,0,0,0,1,pass,monotonicity checked over fixed-declared target policy rows
random_channel_same_output_entropy_seed_17,threshold_0_80,fixed_declared_target_policy,req_marginals,req_B,1,0,0,0,1,pass,monotonicity checked over fixed-declared target policy rows
random_channel_same_output_entropy_seed_17,threshold_0_80,fixed_declared_target_policy,req_all_nontrivial,req_joint,1,0,0,0,1,pass,monotonicity checked over fixed-declared target policy rows
random_channel_same_output_entropy_seed_17,threshold_0_80,fixed_declared_target_policy,req_joint_and_parity,req_joint,1,0,0,0,1,pass,monotonicity checked over fixed-declared target policy rows
random_channel_same_output_entropy_seed_17,threshold_0_80,fixed_declared_target_policy,req_all_nontrivial,req_joint_and_parity,1,0,0,0,1,pass,monotonicity checked over fixed-declared target policy rows
random_channel_same_output_entropy_seed_17,threshold_0_80,fixed_declared_target_policy,req_all_nontrivial,req_marginals,1,0,0,0,1,pass,monotonicity checked over fixed-declared target policy rows
random_channel_same_output_entropy_seed_17,threshold_0_80,fixed_declared_target_policy,req_all_nontrivial,req_parity,1,0,0,0,1,pass,monotonicity checked over fixed-declared target policy rows
random_channel_same_output_entropy_seed_17,threshold_0_80,fixed_declared_target_policy,req_joint_and_parity,req_parity,1,0,0,0,1,pass,monotonicity checked over fixed-declared target policy rows
random_channel_same_output_entropy_seed_17,threshold_0_90,fixed_declared_target_policy,req_all_nontrivial,req_A,1,0,0,0,1,pass,monotonicity checked over fixed-declared target policy rows
random_channel_same_output_entropy_seed_17,threshold_0_90,fixed_declared_target_policy,req_marginals,req_A,1,0,0,0,1,pass,monotonicity checked over fixed-declared target policy rows
random_channel_same_output_entropy_seed_17,threshold_0_90,fixed_declared_target_policy,req_all_nontrivial,req_B,1,0,0,0,1,pass,monotonicity checked over fixed-declared target policy rows
random_channel_same_output_entropy_seed_17,threshold_0_90,fixed_declared_target_policy,req_marginals,req_B,1,0,0,0,1,pass,monotonicity checked over fixed-declared target policy rows
random_channel_same_output_entropy_seed_17,threshold_0_90,fixed_declared_target_policy,req_all_nontrivial,req_joint,1,0,0,0,1,pass,monotonicity checked over fixed-declared target policy rows
random_channel_same_output_entropy_seed_17,threshold_0_90,fixed_declared_target_policy,req_joint_and_parity,req_joint,1,0,0,0,1,pass,monotonicity checked over fixed-declared target policy rows
random_channel_same_output_entropy_seed_17,threshold_0_90,fixed_declared_target_policy,req_all_nontrivial,req_joint_and_parity,1,0,0,0,1,pass,monotonicity checked over fixed-declared target policy rows
random_channel_same_output_entropy_seed_17,threshold_0_90,fixed_declared_target_policy,req_all_nontrivial,req_marginals,1,0,0,0,1,pass,monotonicity checked over fixed-declared target policy rows
random_channel_same_output_entropy_seed_17,threshold_0_90,fixed_declared_target_policy,req_all_nontrivial,req_parity,1,0,0,0,1,pass,monotonicity checked over fixed-declared target policy rows
random_channel_same_output_entropy_seed_17,threshold_0_90,fixed_declared_target_policy,req_joint_and_parity,req_parity,1,0,0,0,1,pass,monotonicity checked over fixed-declared target policy rows
random_channel_same_output_entropy_seed_17,threshold_0_95,fixed_declared_target_policy,req_all_nontrivial,req_A,1,0,0,0,1,pass,monotonicity checked over fixed-declared target policy rows
random_channel_same_output_entropy_seed_17,threshold_0_95,fixed_declared_target_policy,req_marginals,req_A,1,0,0,0,1,pass,monotonicity checked over fixed-declared target policy rows
random_channel_same_output_entropy_seed_17,threshold_0_95,fixed_declared_target_policy,req_all_nontrivial,req_B,1,0,0,0,1,pass,monotonicity checked over fixed-declared target policy rows
random_channel_same_output_entropy_seed_17,threshold_0_95,fixed_declared_target_policy,req_marginals,req_B,1,0,0,0,1,pass,monotonicity checked over fixed-declared target policy rows
random_channel_same_output_entropy_seed_17,threshold_0_95,fixed_declared_target_policy,req_all_nontrivial,req_joint,1,0,0,0,1,pass,monotonicity checked over fixed-declared target policy rows
random_channel_same_output_entropy_seed_17,threshold_0_95,fixed_declared_target_policy,req_joint_and_parity,req_joint,1,0,0,0,1,pass,monotonicity checked over fixed-declared target policy rows
random_channel_same_output_entropy_seed_17,threshold_0_95,fixed_declared_target_policy,req_all_nontrivial,req_joint_and_parity,1,0,0,0,1,pass,monotonicity checked over fixed-declared target policy rows
random_channel_same_output_entropy_seed_17,threshold_0_95,fixed_declared_target_policy,req_all_nontrivial,req_marginals,1,0,0,0,1,pass,monotonicity checked over fixed-declared target policy rows
random_channel_same_output_entropy_seed_17,threshold_0_95,fixed_declared_target_policy,req_all_nontrivial,req_parity,1,0,0,0,1,pass,monotonicity checked over fixed-declared target policy rows
random_channel_same_output_entropy_seed_17,threshold_0_95,fixed_declared_target_policy,req_joint_and_parity,req_parity,1,0,0,0,1,pass,monotonicity checked over fixed-declared target policy rows
random_channel_same_output_entropy_seed_17,threshold_0_99,fixed_declared_target_policy,req_all_nontrivial,req_A,1,0,0,0,1,pass,monotonicity checked over fixed-declared target policy rows
random_channel_same_output_entropy_seed_17,threshold_0_99,fixed_declared_target_policy,req_marginals,req_A,1,0,0,0,1,pass,monotonicity checked over fixed-declared target policy rows
random_channel_same_output_entropy_seed_17,threshold_0_99,fixed_declared_target_policy,req_all_nontrivial,req_B,1,0,0,0,1,pass,monotonicity checked over fixed-declared target policy rows
random_channel_same_output_entropy_seed_17,threshold_0_99,fixed_declared_target_policy,req_marginals,req_B,1,0,0,0,1,pass,monotonicity checked over fixed-declared target policy rows
random_channel_same_output_entropy_seed_17,threshold_0_99,fixed_declared_target_policy,req_all_nontrivial,req_joint,1,0,0,0,1,pass,monotonicity checked over fixed-declared target policy rows
random_channel_same_output_entropy_seed_17,threshold_0_99,fixed_declared_target_policy,req_joint_and_parity,req_joint,1,0,0,0,1,pass,monotonicity checked over fixed-declared target policy rows
random_channel_same_output_entropy_seed_17,threshold_0_99,fixed_declared_target_policy,req_all_nontrivial,req_joint_and_parity,1,0,0,0,1,pass,monotonicity checked over fixed-declared target policy rows
random_channel_same_output_entropy_seed_17,threshold_0_99,fixed_declared_target_policy,req_all_nontrivial,req_marginals,1,0,0,0,1,pass,monotonicity checked over fixed-declared target policy rows
random_channel_same_output_entropy_seed_17,threshold_0_99,fixed_declared_target_policy,req_all_nontrivial,req_parity,1,0,0,0,1,pass,monotonicity checked over fixed-declared target policy rows
random_channel_same_output_entropy_seed_17,threshold_0_99,fixed_declared_target_policy,req_joint_and_parity,req_parity,1,0,0,0,1,pass,monotonicity checked over fixed-declared target policy rows
random_channel_same_output_entropy_seed_17,threshold_1_00,fixed_declared_target_policy,req_all_nontrivial,req_A,1,0,0,0,1,pass,monotonicity checked over fixed-declared target policy rows
random_channel_same_output_entropy_seed_17,threshold_1_00,fixed_declared_target_policy,req_marginals,req_A,1,0,0,0,1,pass,monotonicity checked over fixed-declared target policy rows
random_channel_same_output_entropy_seed_17,threshold_1_00,fixed_declared_target_policy,req_all_nontrivial,req_B,1,0,0,0,1,pass,monotonicity checked over fixed-declared target policy rows
random_channel_same_output_entropy_seed_17,threshold_1_00,fixed_declared_target_policy,req_marginals,req_B,1,0,0,0,1,pass,monotonicity checked over fixed-declared target policy rows
random_channel_same_output_entropy_seed_17,threshold_1_00,fixed_declared_target_policy,req_all_nontrivial,req_joint,1,0,0,0,1,pass,monotonicity checked over fixed-declared target policy rows
random_channel_same_output_entropy_seed_17,threshold_1_00,fixed_declared_target_policy,req_joint_and_parity,req_joint,1,0,0,0,1,pass,monotonicity checked over fixed-declared target policy rows
random_channel_same_output_entropy_seed_17,threshold_1_00,fixed_declared_target_policy,req_all_nontrivial,req_joint_and_parity,1,0,0,0,1,pass,monotonicity checked over fixed-declared target policy rows
random_channel_same_output_entropy_seed_17,threshold_1_00,fixed_declared_target_policy,req_all_nontrivial,req_marginals,1,0,0,0,1,pass,monotonicity checked over fixed-declared target policy rows
random_channel_same_output_entropy_seed_17,threshold_1_00,fixed_declared_target_policy,req_all_nontrivial,req_parity,1,0,0,0,1,pass,monotonicity checked over fixed-declared target policy rows
random_channel_same_output_entropy_seed_17,threshold_1_00,fixed_declared_target_policy,req_joint_and_parity,req_parity,1,0,0,0,1,pass,monotonicity checked over fixed-declared target policy rows
total_erasure_channel,threshold_0_80,fixed_declared_target_policy,req_all_nontrivial,req_A,1,0,0,0,1,pass,monotonicity checked over fixed-declared target policy rows
total_erasure_channel,threshold_0_80,fixed_declared_target_policy,req_marginals,req_A,1,0,0,0,1,pass,monotonicity checked over fixed-declared target policy rows
total_erasure_channel,threshold_0_80,fixed_declared_target_policy,req_all_nontrivial,req_B,1,0,0,0,1,pass,monotonicity checked over fixed-declared target policy rows
total_erasure_channel,threshold_0_80,fixed_declared_target_policy,req_marginals,req_B,1,0,0,0,1,pass,monotonicity checked over fixed-declared target policy rows
total_erasure_channel,threshold_0_80,fixed_declared_target_policy,req_all_nontrivial,req_joint,1,0,0,0,1,pass,monotonicity checked over fixed-declared target policy rows
total_erasure_channel,threshold_0_80,fixed_declared_target_policy,req_joint_and_parity,req_joint,1,0,0,0,1,pass,monotonicity checked over fixed-declared target policy rows
total_erasure_channel,threshold_0_80,fixed_declared_target_policy,req_all_nontrivial,req_joint_and_parity,1,0,0,0,1,pass,monotonicity checked over fixed-declared target policy rows
total_erasure_channel,threshold_0_80,fixed_declared_target_policy,req_all_nontrivial,req_marginals,1,0,0,0,1,pass,monotonicity checked over fixed-declared target policy rows
total_erasure_channel,threshold_0_80,fixed_declared_target_policy,req_all_nontrivial,req_parity,1,0,0,0,1,pass,monotonicity checked over fixed-declared target policy rows
total_erasure_channel,threshold_0_80,fixed_declared_target_policy,req_joint_and_parity,req_parity,1,0,0,0,1,pass,monotonicity checked over fixed-declared target policy rows
total_erasure_channel,threshold_0_90,fixed_declared_target_policy,req_all_nontrivial,req_A,1,0,0,0,1,pass,monotonicity checked over fixed-declared target policy rows
total_erasure_channel,threshold_0_90,fixed_declared_target_policy,req_marginals,req_A,1,0,0,0,1,pass,monotonicity checked over fixed-declared target policy rows
total_erasure_channel,threshold_0_90,fixed_declared_target_policy,req_all_nontrivial,req_B,1,0,0,0,1,pass,monotonicity checked over fixed-declared target policy rows
total_erasure_channel,threshold_0_90,fixed_declared_target_policy,req_marginals,req_B,1,0,0,0,1,pass,monotonicity checked over fixed-declared target policy rows
total_erasure_channel,threshold_0_90,fixed_declared_target_policy,req_all_nontrivial,req_joint,1,0,0,0,1,pass,monotonicity checked over fixed-declared target policy rows
total_erasure_channel,threshold_0_90,fixed_declared_target_policy,req_joint_and_parity,req_joint,1,0,0,0,1,pass,monotonicity checked over fixed-declared target policy rows
total_erasure_channel,threshold_0_90,fixed_declared_target_policy,req_all_nontrivial,req_joint_and_parity,1,0,0,0,1,pass,monotonicity checked over fixed-declared target policy rows
total_erasure_channel,threshold_0_90,fixed_declared_target_policy,req_all_nontrivial,req_marginals,1,0,0,0,1,pass,monotonicity checked over fixed-declared target policy rows
total_erasure_channel,threshold_0_90,fixed_declared_target_policy,req_all_nontrivial,req_parity,1,0,0,0,1,pass,monotonicity checked over fixed-declared target policy rows
total_erasure_channel,threshold_0_90,fixed_declared_target_policy,req_joint_and_parity,req_parity,1,0,0,0,1,pass,monotonicity checked over fixed-declared target policy rows
total_erasure_channel,threshold_0_95,fixed_declared_target_policy,req_all_nontrivial,req_A,1,0,0,0,1,pass,monotonicity checked over fixed-declared target policy rows
total_erasure_channel,threshold_0_95,fixed_declared_target_policy,req_marginals,req_A,1,0,0,0,1,pass,monotonicity checked over fixed-declared target policy rows
total_erasure_channel,threshold_0_95,fixed_declared_target_policy,req_all_nontrivial,req_B,1,0,0,0,1,pass,monotonicity checked over fixed-declared target policy rows
total_erasure_channel,threshold_0_95,fixed_declared_target_policy,req_marginals,req_B,1,0,0,0,1,pass,monotonicity checked over fixed-declared target policy rows
total_erasure_channel,threshold_0_95,fixed_declared_target_policy,req_all_nontrivial,req_joint,1,0,0,0,1,pass,monotonicity checked over fixed-declared target policy rows
total_erasure_channel,threshold_0_95,fixed_declared_target_policy,req_joint_and_parity,req_joint,1,0,0,0,1,pass,monotonicity checked over fixed-declared target policy rows
total_erasure_channel,threshold_0_95,fixed_declared_target_policy,req_all_nontrivial,req_joint_and_parity,1,0,0,0,1,pass,monotonicity checked over fixed-declared target policy rows
total_erasure_channel,threshold_0_95,fixed_declared_target_policy,req_all_nontrivial,req_marginals,1,0,0,0,1,pass,monotonicity checked over fixed-declared target policy rows
total_erasure_channel,threshold_0_95,fixed_declared_target_policy,req_all_nontrivial,req_parity,1,0,0,0,1,pass,monotonicity checked over fixed-declared target policy rows
total_erasure_channel,threshold_0_95,fixed_declared_target_policy,req_joint_and_parity,req_parity,1,0,0,0,1,pass,monotonicity checked over fixed-declared target policy rows
total_erasure_channel,threshold_0_99,fixed_declared_target_policy,req_all_nontrivial,req_A,1,0,0,0,1,pass,monotonicity checked over fixed-declared target policy rows
total_erasure_channel,threshold_0_99,fixed_declared_target_policy,req_marginals,req_A,1,0,0,0,1,pass,monotonicity checked over fixed-declared target policy rows
total_erasure_channel,threshold_0_99,fixed_declared_target_policy,req_all_nontrivial,req_B,1,0,0,0,1,pass,monotonicity checked over fixed-declared target policy rows
total_erasure_channel,threshold_0_99,fixed_declared_target_policy,req_marginals,req_B,1,0,0,0,1,pass,monotonicity checked over fixed-declared target policy rows
total_erasure_channel,threshold_0_99,fixed_declared_target_policy,req_all_nontrivial,req_joint,1,0,0,0,1,pass,monotonicity checked over fixed-declared target policy rows
total_erasure_channel,threshold_0_99,fixed_declared_target_policy,req_joint_and_parity,req_joint,1,0,0,0,1,pass,monotonicity checked over fixed-declared target policy rows
total_erasure_channel,threshold_0_99,fixed_declared_target_policy,req_all_nontrivial,req_joint_and_parity,1,0,0,0,1,pass,monotonicity checked over fixed-declared target policy rows
total_erasure_channel,threshold_0_99,fixed_declared_target_policy,req_all_nontrivial,req_marginals,1,0,0,0,1,pass,monotonicity checked over fixed-declared target policy rows
total_erasure_channel,threshold_0_99,fixed_declared_target_policy,req_all_nontrivial,req_parity,1,0,0,0,1,pass,monotonicity checked over fixed-declared target policy rows
total_erasure_channel,threshold_0_99,fixed_declared_target_policy,req_joint_and_parity,req_parity,1,0,0,0,1,pass,monotonicity checked over fixed-declared target policy rows
total_erasure_channel,threshold_1_00,fixed_declared_target_policy,req_all_nontrivial,req_A,1,0,0,0,1,pass,monotonicity checked over fixed-declared target policy rows
total_erasure_channel,threshold_1_00,fixed_declared_target_policy,req_marginals,req_A,1,0,0,0,1,pass,monotonicity checked over fixed-declared target policy rows
total_erasure_channel,threshold_1_00,fixed_declared_target_policy,req_all_nontrivial,req_B,1,0,0,0,1,pass,monotonicity checked over fixed-declared target policy rows
total_erasure_channel,threshold_1_00,fixed_declared_target_policy,req_marginals,req_B,1,0,0,0,1,pass,monotonicity checked over fixed-declared target policy rows
total_erasure_channel,threshold_1_00,fixed_declared_target_policy,req_all_nontrivial,req_joint,1,0,0,0,1,pass,monotonicity checked over fixed-declared target policy rows
total_erasure_channel,threshold_1_00,fixed_declared_target_policy,req_joint_and_parity,req_joint,1,0,0,0,1,pass,monotonicity checked over fixed-declared target policy rows
total_erasure_channel,threshold_1_00,fixed_declared_target_policy,req_all_nontrivial,req_joint_and_parity,1,0,0,0,1,pass,monotonicity checked over fixed-declared target policy rows
total_erasure_channel,threshold_1_00,fixed_declared_target_policy,req_all_nontrivial,req_marginals,1,0,0,0,1,pass,monotonicity checked over fixed-declared target policy rows
total_erasure_channel,threshold_1_00,fixed_declared_target_policy,req_all_nontrivial,req_parity,1,0,0,0,1,pass,monotonicity checked over fixed-declared target policy rows
total_erasure_channel,threshold_1_00,fixed_declared_target_policy,req_joint_and_parity,req_parity,1,0,0,0,1,pass,monotonicity checked over fixed-declared target policy rows
