channel_id,requirement_set_id,decoder_policy_id,threshold_0_80_status,threshold_0_90_status,threshold_0_95_status,threshold_0_99_status,threshold_1_00_status,highest_threshold_passed,lowest_threshold_failed,threshold_fragility_class,recovery_provenance_class,registry_digest,cascade_evidence_status,notes
asym_A_erased_B_preserved,req_A,bayes_best_target_policy,measurement_only_bayes_best,measurement_only_bayes_best,measurement_only_bayes_best,measurement_only_bayes_best,measurement_only_bayes_best,,threshold_0_80,never_recovered,optimized_policy_search,unregistered_legacy_source,path_rows_retained,diagnostic pass uses all_required_recovered for Bayes-best and prob_non_erasing for fixed policy
asym_A_erased_B_preserved,req_A,fixed_declared_target_policy,not_non_erasing_below_threshold,not_non_erasing_below_threshold,not_non_erasing_below_threshold,not_non_erasing_below_threshold,not_non_erasing_below_threshold,,threshold_0_80,never_recovered,fixed_declared_policy_no_registry,unregistered_legacy_source,path_rows_retained,diagnostic pass uses all_required_recovered for Bayes-best and prob_non_erasing for fixed policy
asym_A_erased_B_preserved,req_B,bayes_best_target_policy,measurement_only_bayes_best,measurement_only_bayes_best,measurement_only_bayes_best,measurement_only_bayes_best,measurement_only_bayes_best,threshold_1_00,,stable_all_thresholds,optimized_policy_search,unregistered_legacy_source,path_rows_retained,diagnostic pass uses all_required_recovered for Bayes-best and prob_non_erasing for fixed policy
asym_A_erased_B_preserved,req_B,fixed_declared_target_policy,prob_non_erasing,prob_non_erasing,prob_non_erasing,prob_non_erasing,prob_non_erasing,threshold_1_00,,stable_all_thresholds,fixed_declared_policy_no_registry,unregistered_legacy_source,path_rows_retained,diagnostic pass uses all_required_recovered for Bayes-best and prob_non_erasing for fixed policy
asym_A_erased_B_preserved,req_all_nontrivial,bayes_best_target_policy,measurement_only_bayes_best,measurement_only_bayes_best,measurement_only_bayes_best,measurement_only_bayes_best,measurement_only_bayes_best,,threshold_0_80,never_recovered,optimized_policy_search,unregistered_legacy_source,path_rows_retained,diagnostic pass uses all_required_recovered for Bayes-best and prob_non_erasing for fixed policy
asym_A_erased_B_preserved,req_all_nontrivial,fixed_declared_target_policy,not_non_erasing_below_threshold,not_non_erasing_below_threshold,not_non_erasing_below_threshold,not_non_erasing_below_threshold,not_non_erasing_below_threshold,,threshold_0_80,never_recovered,fixed_declared_policy_no_registry,unregistered_legacy_source,path_rows_retained,diagnostic pass uses all_required_recovered for Bayes-best and prob_non_erasing for fixed policy
asym_A_erased_B_preserved,req_joint,bayes_best_target_policy,measurement_only_bayes_best,measurement_only_bayes_best,measurement_only_bayes_best,measurement_only_bayes_best,measurement_only_bayes_best,,threshold_0_80,never_recovered,optimized_policy_search,unregistered_legacy_source,path_rows_retained,diagnostic pass uses all_required_recovered for Bayes-best and prob_non_erasing for fixed policy
asym_A_erased_B_preserved,req_joint,fixed_declared_target_policy,not_non_erasing_below_threshold,not_non_erasing_below_threshold,not_non_erasing_below_threshold,not_non_erasing_below_threshold,not_non_erasing_below_threshold,,threshold_0_80,never_recovered,fixed_declared_policy_no_registry,unregistered_legacy_source,path_rows_retained,diagnostic pass uses all_required_recovered for Bayes-best and prob_non_erasing for fixed policy
asym_A_erased_B_preserved,req_joint_and_parity,bayes_best_target_policy,measurement_only_bayes_best,measurement_only_bayes_best,measurement_only_bayes_best,measurement_only_bayes_best,measurement_only_bayes_best,,threshold_0_80,never_recovered,optimized_policy_search,unregistered_legacy_source,path_rows_retained,diagnostic pass uses all_required_recovered for Bayes-best and prob_non_erasing for fixed policy
asym_A_erased_B_preserved,req_joint_and_parity,fixed_declared_target_policy,not_non_erasing_below_threshold,not_non_erasing_below_threshold,not_non_erasing_below_threshold,not_non_erasing_below_threshold,not_non_erasing_below_threshold,,threshold_0_80,never_recovered,fixed_declared_policy_no_registry,unregistered_legacy_source,path_rows_retained,diagnostic pass uses all_required_recovered for Bayes-best and prob_non_erasing for fixed policy
asym_A_erased_B_preserved,req_marginals,bayes_best_target_policy,measurement_only_bayes_best,measurement_only_bayes_best,measurement_only_bayes_best,measurement_only_bayes_best,measurement_only_bayes_best,,threshold_0_80,never_recovered,optimized_policy_search,unregistered_legacy_source,path_rows_retained,diagnostic pass uses all_required_recovered for Bayes-best and prob_non_erasing for fixed policy
asym_A_erased_B_preserved,req_marginals,fixed_declared_target_policy,not_non_erasing_below_threshold,not_non_erasing_below_threshold,not_non_erasing_below_threshold,not_non_erasing_below_threshold,not_non_erasing_below_threshold,,threshold_0_80,never_recovered,fixed_declared_policy_no_registry,unregistered_legacy_source,path_rows_retained,diagnostic pass uses all_required_recovered for Bayes-best and prob_non_erasing for fixed policy
asym_A_erased_B_preserved,req_parity,bayes_best_target_policy,measurement_only_bayes_best,measurement_only_bayes_best,measurement_only_bayes_best,measurement_only_bayes_best,measurement_only_bayes_best,,threshold_0_80,never_recovered,optimized_policy_search,unregistered_legacy_source,path_rows_retained,diagnostic pass uses all_required_recovered for Bayes-best and prob_non_erasing for fixed policy
asym_A_erased_B_preserved,req_parity,fixed_declared_target_policy,not_non_erasing_below_threshold,not_non_erasing_below_threshold,not_non_erasing_below_threshold,not_non_erasing_below_threshold,not_non_erasing_below_threshold,,threshold_0_80,never_recovered,fixed_declared_policy_no_registry,unregistered_legacy_source,path_rows_retained,diagnostic pass uses all_required_recovered for Bayes-best and prob_non_erasing for fixed policy
asym_A_noisy_B_preserved_p_0_25,req_A,bayes_best_target_policy,measurement_only_bayes_best,measurement_only_bayes_best,measurement_only_bayes_best,measurement_only_bayes_best,measurement_only_bayes_best,,threshold_0_80,never_recovered,optimized_policy_search,unregistered_legacy_source,path_rows_retained,diagnostic pass uses all_required_recovered for Bayes-best and prob_non_erasing for fixed policy
asym_A_noisy_B_preserved_p_0_25,req_A,fixed_declared_target_policy,not_non_erasing_below_threshold,not_non_erasing_below_threshold,not_non_erasing_below_threshold,not_non_erasing_below_threshold,not_non_erasing_below_threshold,,threshold_0_80,never_recovered,fixed_declared_policy_no_registry,unregistered_legacy_source,path_rows_retained,diagnostic pass uses all_required_recovered for Bayes-best and prob_non_erasing for fixed policy
asym_A_noisy_B_preserved_p_0_25,req_B,bayes_best_target_policy,measurement_only_bayes_best,measurement_only_bayes_best,measurement_only_bayes_best,measurement_only_bayes_best,measurement_only_bayes_best,threshold_1_00,,stable_all_thresholds,optimized_policy_search,unregistered_legacy_source,path_rows_retained,diagnostic pass uses all_required_recovered for Bayes-best and prob_non_erasing for fixed policy
asym_A_noisy_B_preserved_p_0_25,req_B,fixed_declared_target_policy,prob_non_erasing,prob_non_erasing,prob_non_erasing,prob_non_erasing,prob_non_erasing,threshold_1_00,,stable_all_thresholds,fixed_declared_policy_no_registry,unregistered_legacy_source,path_rows_retained,diagnostic pass uses all_required_recovered for Bayes-best and prob_non_erasing for fixed policy
asym_A_noisy_B_preserved_p_0_25,req_all_nontrivial,bayes_best_target_policy,measurement_only_bayes_best,measurement_only_bayes_best,measurement_only_bayes_best,measurement_only_bayes_best,measurement_only_bayes_best,,threshold_0_80,never_recovered,optimized_policy_search,unregistered_legacy_source,path_rows_retained,diagnostic pass uses all_required_recovered for Bayes-best and prob_non_erasing for fixed policy
asym_A_noisy_B_preserved_p_0_25,req_all_nontrivial,fixed_declared_target_policy,not_non_erasing_below_threshold,not_non_erasing_below_threshold,not_non_erasing_below_threshold,not_non_erasing_below_threshold,not_non_erasing_below_threshold,,threshold_0_80,never_recovered,fixed_declared_policy_no_registry,unregistered_legacy_source,path_rows_retained,diagnostic pass uses all_required_recovered for Bayes-best and prob_non_erasing for fixed policy
asym_A_noisy_B_preserved_p_0_25,req_joint,bayes_best_target_policy,measurement_only_bayes_best,measurement_only_bayes_best,measurement_only_bayes_best,measurement_only_bayes_best,measurement_only_bayes_best,,threshold_0_80,never_recovered,optimized_policy_search,unregistered_legacy_source,path_rows_retained,diagnostic pass uses all_required_recovered for Bayes-best and prob_non_erasing for fixed policy
asym_A_noisy_B_preserved_p_0_25,req_joint,fixed_declared_target_policy,not_non_erasing_below_threshold,not_non_erasing_below_threshold,not_non_erasing_below_threshold,not_non_erasing_below_threshold,not_non_erasing_below_threshold,,threshold_0_80,never_recovered,fixed_declared_policy_no_registry,unregistered_legacy_source,path_rows_retained,diagnostic pass uses all_required_recovered for Bayes-best and prob_non_erasing for fixed policy
asym_A_noisy_B_preserved_p_0_25,req_joint_and_parity,bayes_best_target_policy,measurement_only_bayes_best,measurement_only_bayes_best,measurement_only_bayes_best,measurement_only_bayes_best,measurement_only_bayes_best,,threshold_0_80,never_recovered,optimized_policy_search,unregistered_legacy_source,path_rows_retained,diagnostic pass uses all_required_recovered for Bayes-best and prob_non_erasing for fixed policy
asym_A_noisy_B_preserved_p_0_25,req_joint_and_parity,fixed_declared_target_policy,not_non_erasing_below_threshold,not_non_erasing_below_threshold,not_non_erasing_below_threshold,not_non_erasing_below_threshold,not_non_erasing_below_threshold,,threshold_0_80,never_recovered,fixed_declared_policy_no_registry,unregistered_legacy_source,path_rows_retained,diagnostic pass uses all_required_recovered for Bayes-best and prob_non_erasing for fixed policy
asym_A_noisy_B_preserved_p_0_25,req_marginals,bayes_best_target_policy,measurement_only_bayes_best,measurement_only_bayes_best,measurement_only_bayes_best,measurement_only_bayes_best,measurement_only_bayes_best,,threshold_0_80,never_recovered,optimized_policy_search,unregistered_legacy_source,path_rows_retained,diagnostic pass uses all_required_recovered for Bayes-best and prob_non_erasing for fixed policy
asym_A_noisy_B_preserved_p_0_25,req_marginals,fixed_declared_target_policy,not_non_erasing_below_threshold,not_non_erasing_below_threshold,not_non_erasing_below_threshold,not_non_erasing_below_threshold,not_non_erasing_below_threshold,,threshold_0_80,never_recovered,fixed_declared_policy_no_registry,unregistered_legacy_source,path_rows_retained,diagnostic pass uses all_required_recovered for Bayes-best and prob_non_erasing for fixed policy
asym_A_noisy_B_preserved_p_0_25,req_parity,bayes_best_target_policy,measurement_only_bayes_best,measurement_only_bayes_best,measurement_only_bayes_best,measurement_only_bayes_best,measurement_only_bayes_best,,threshold_0_80,never_recovered,optimized_policy_search,unregistered_legacy_source,path_rows_retained,diagnostic pass uses all_required_recovered for Bayes-best and prob_non_erasing for fixed policy
asym_A_noisy_B_preserved_p_0_25,req_parity,fixed_declared_target_policy,not_non_erasing_below_threshold,not_non_erasing_below_threshold,not_non_erasing_below_threshold,not_non_erasing_below_threshold,not_non_erasing_below_threshold,,threshold_0_80,never_recovered,fixed_declared_policy_no_registry,unregistered_legacy_source,path_rows_retained,diagnostic pass uses all_required_recovered for Bayes-best and prob_non_erasing for fixed policy
asym_A_preserved_B_noisy_p_0_25,req_A,bayes_best_target_policy,measurement_only_bayes_best,measurement_only_bayes_best,measurement_only_bayes_best,measurement_only_bayes_best,measurement_only_bayes_best,threshold_1_00,,stable_all_thresholds,optimized_policy_search,unregistered_legacy_source,path_rows_retained,diagnostic pass uses all_required_recovered for Bayes-best and prob_non_erasing for fixed policy
asym_A_preserved_B_noisy_p_0_25,req_A,fixed_declared_target_policy,prob_non_erasing,prob_non_erasing,prob_non_erasing,prob_non_erasing,prob_non_erasing,threshold_1_00,,stable_all_thresholds,fixed_declared_policy_no_registry,unregistered_legacy_source,path_rows_retained,diagnostic pass uses all_required_recovered for Bayes-best and prob_non_erasing for fixed policy
asym_A_preserved_B_noisy_p_0_25,req_B,bayes_best_target_policy,measurement_only_bayes_best,measurement_only_bayes_best,measurement_only_bayes_best,measurement_only_bayes_best,measurement_only_bayes_best,,threshold_0_80,never_recovered,optimized_policy_search,unregistered_legacy_source,path_rows_retained,diagnostic pass uses all_required_recovered for Bayes-best and prob_non_erasing for fixed policy
asym_A_preserved_B_noisy_p_0_25,req_B,fixed_declared_target_policy,not_non_erasing_below_threshold,not_non_erasing_below_threshold,not_non_erasing_below_threshold,not_non_erasing_below_threshold,not_non_erasing_below_threshold,,threshold_0_80,never_recovered,fixed_declared_policy_no_registry,unregistered_legacy_source,path_rows_retained,diagnostic pass uses all_required_recovered for Bayes-best and prob_non_erasing for fixed policy
asym_A_preserved_B_noisy_p_0_25,req_all_nontrivial,bayes_best_target_policy,measurement_only_bayes_best,measurement_only_bayes_best,measurement_only_bayes_best,measurement_only_bayes_best,measurement_only_bayes_best,,threshold_0_80,never_recovered,optimized_policy_search,unregistered_legacy_source,path_rows_retained,diagnostic pass uses all_required_recovered for Bayes-best and prob_non_erasing for fixed policy
asym_A_preserved_B_noisy_p_0_25,req_all_nontrivial,fixed_declared_target_policy,not_non_erasing_below_threshold,not_non_erasing_below_threshold,not_non_erasing_below_threshold,not_non_erasing_below_threshold,not_non_erasing_below_threshold,,threshold_0_80,never_recovered,fixed_declared_policy_no_registry,unregistered_legacy_source,path_rows_retained,diagnostic pass uses all_required_recovered for Bayes-best and prob_non_erasing for fixed policy
asym_A_preserved_B_noisy_p_0_25,req_joint,bayes_best_target_policy,measurement_only_bayes_best,measurement_only_bayes_best,measurement_only_bayes_best,measurement_only_bayes_best,measurement_only_bayes_best,,threshold_0_80,never_recovered,optimized_policy_search,unregistered_legacy_source,path_rows_retained,diagnostic pass uses all_required_recovered for Bayes-best and prob_non_erasing for fixed policy
asym_A_preserved_B_noisy_p_0_25,req_joint,fixed_declared_target_policy,not_non_erasing_below_threshold,not_non_erasing_below_threshold,not_non_erasing_below_threshold,not_non_erasing_below_threshold,not_non_erasing_below_threshold,,threshold_0_80,never_recovered,fixed_declared_policy_no_registry,unregistered_legacy_source,path_rows_retained,diagnostic pass uses all_required_recovered for Bayes-best and prob_non_erasing for fixed policy
asym_A_preserved_B_noisy_p_0_25,req_joint_and_parity,bayes_best_target_policy,measurement_only_bayes_best,measurement_only_bayes_best,measurement_only_bayes_best,measurement_only_bayes_best,measurement_only_bayes_best,,threshold_0_80,never_recovered,optimized_policy_search,unregistered_legacy_source,path_rows_retained,diagnostic pass uses all_required_recovered for Bayes-best and prob_non_erasing for fixed policy
asym_A_preserved_B_noisy_p_0_25,req_joint_and_parity,fixed_declared_target_policy,not_non_erasing_below_threshold,not_non_erasing_below_threshold,not_non_erasing_below_threshold,not_non_erasing_below_threshold,not_non_erasing_below_threshold,,threshold_0_80,never_recovered,fixed_declared_policy_no_registry,unregistered_legacy_source,path_rows_retained,diagnostic pass uses all_required_recovered for Bayes-best and prob_non_erasing for fixed policy
asym_A_preserved_B_noisy_p_0_25,req_marginals,bayes_best_target_policy,measurement_only_bayes_best,measurement_only_bayes_best,measurement_only_bayes_best,measurement_only_bayes_best,measurement_only_bayes_best,,threshold_0_80,never_recovered,optimized_policy_search,unregistered_legacy_source,path_rows_retained,diagnostic pass uses all_required_recovered for Bayes-best and prob_non_erasing for fixed policy
asym_A_preserved_B_noisy_p_0_25,req_marginals,fixed_declared_target_policy,not_non_erasing_below_threshold,not_non_erasing_below_threshold,not_non_erasing_below_threshold,not_non_erasing_below_threshold,not_non_erasing_below_threshold,,threshold_0_80,never_recovered,fixed_declared_policy_no_registry,unregistered_legacy_source,path_rows_retained,diagnostic pass uses all_required_recovered for Bayes-best and prob_non_erasing for fixed policy
asym_A_preserved_B_noisy_p_0_25,req_parity,bayes_best_target_policy,measurement_only_bayes_best,measurement_only_bayes_best,measurement_only_bayes_best,measurement_only_bayes_best,measurement_only_bayes_best,,threshold_0_80,never_recovered,optimized_policy_search,unregistered_legacy_source,path_rows_retained,diagnostic pass uses all_required_recovered for Bayes-best and prob_non_erasing for fixed policy
asym_A_preserved_B_noisy_p_0_25,req_parity,fixed_declared_target_policy,not_non_erasing_below_threshold,not_non_erasing_below_threshold,not_non_erasing_below_threshold,not_non_erasing_below_threshold,not_non_erasing_below_threshold,,threshold_0_80,never_recovered,fixed_declared_policy_no_registry,unregistered_legacy_source,path_rows_retained,diagnostic pass uses all_required_recovered for Bayes-best and prob_non_erasing for fixed policy
asym_B_erased_A_preserved,req_A,bayes_best_target_policy,measurement_only_bayes_best,measurement_only_bayes_best,measurement_only_bayes_best,measurement_only_bayes_best,measurement_only_bayes_best,threshold_1_00,,stable_all_thresholds,optimized_policy_search,unregistered_legacy_source,path_rows_retained,diagnostic pass uses all_required_recovered for Bayes-best and prob_non_erasing for fixed policy
asym_B_erased_A_preserved,req_A,fixed_declared_target_policy,prob_non_erasing,prob_non_erasing,prob_non_erasing,prob_non_erasing,prob_non_erasing,threshold_1_00,,stable_all_thresholds,fixed_declared_policy_no_registry,unregistered_legacy_source,path_rows_retained,diagnostic pass uses all_required_recovered for Bayes-best and prob_non_erasing for fixed policy
asym_B_erased_A_preserved,req_B,bayes_best_target_policy,measurement_only_bayes_best,measurement_only_bayes_best,measurement_only_bayes_best,measurement_only_bayes_best,measurement_only_bayes_best,,threshold_0_80,never_recovered,optimized_policy_search,unregistered_legacy_source,path_rows_retained,diagnostic pass uses all_required_recovered for Bayes-best and prob_non_erasing for fixed policy
asym_B_erased_A_preserved,req_B,fixed_declared_target_policy,not_non_erasing_below_threshold,not_non_erasing_below_threshold,not_non_erasing_below_threshold,not_non_erasing_below_threshold,not_non_erasing_below_threshold,,threshold_0_80,never_recovered,fixed_declared_policy_no_registry,unregistered_legacy_source,path_rows_retained,diagnostic pass uses all_required_recovered for Bayes-best and prob_non_erasing for fixed policy
asym_B_erased_A_preserved,req_all_nontrivial,bayes_best_target_policy,measurement_only_bayes_best,measurement_only_bayes_best,measurement_only_bayes_best,measurement_only_bayes_best,measurement_only_bayes_best,,threshold_0_80,never_recovered,optimized_policy_search,unregistered_legacy_source,path_rows_retained,diagnostic pass uses all_required_recovered for Bayes-best and prob_non_erasing for fixed policy
asym_B_erased_A_preserved,req_all_nontrivial,fixed_declared_target_policy,not_non_erasing_below_threshold,not_non_erasing_below_threshold,not_non_erasing_below_threshold,not_non_erasing_below_threshold,not_non_erasing_below_threshold,,threshold_0_80,never_recovered,fixed_declared_policy_no_registry,unregistered_legacy_source,path_rows_retained,diagnostic pass uses all_required_recovered for Bayes-best and prob_non_erasing for fixed policy
asym_B_erased_A_preserved,req_joint,bayes_best_target_policy,measurement_only_bayes_best,measurement_only_bayes_best,measurement_only_bayes_best,measurement_only_bayes_best,measurement_only_bayes_best,,threshold_0_80,never_recovered,optimized_policy_search,unregistered_legacy_source,path_rows_retained,diagnostic pass uses all_required_recovered for Bayes-best and prob_non_erasing for fixed policy
asym_B_erased_A_preserved,req_joint,fixed_declared_target_policy,not_non_erasing_below_threshold,not_non_erasing_below_threshold,not_non_erasing_below_threshold,not_non_erasing_below_threshold,not_non_erasing_below_threshold,,threshold_0_80,never_recovered,fixed_declared_policy_no_registry,unregistered_legacy_source,path_rows_retained,diagnostic pass uses all_required_recovered for Bayes-best and prob_non_erasing for fixed policy
asym_B_erased_A_preserved,req_joint_and_parity,bayes_best_target_policy,measurement_only_bayes_best,measurement_only_bayes_best,measurement_only_bayes_best,measurement_only_bayes_best,measurement_only_bayes_best,,threshold_0_80,never_recovered,optimized_policy_search,unregistered_legacy_source,path_rows_retained,diagnostic pass uses all_required_recovered for Bayes-best and prob_non_erasing for fixed policy
asym_B_erased_A_preserved,req_joint_and_parity,fixed_declared_target_policy,not_non_erasing_below_threshold,not_non_erasing_below_threshold,not_non_erasing_below_threshold,not_non_erasing_below_threshold,not_non_erasing_below_threshold,,threshold_0_80,never_recovered,fixed_declared_policy_no_registry,unregistered_legacy_source,path_rows_retained,diagnostic pass uses all_required_recovered for Bayes-best and prob_non_erasing for fixed policy
asym_B_erased_A_preserved,req_marginals,bayes_best_target_policy,measurement_only_bayes_best,measurement_only_bayes_best,measurement_only_bayes_best,measurement_only_bayes_best,measurement_only_bayes_best,,threshold_0_80,never_recovered,optimized_policy_search,unregistered_legacy_source,path_rows_retained,diagnostic pass uses all_required_recovered for Bayes-best and prob_non_erasing for fixed policy
asym_B_erased_A_preserved,req_marginals,fixed_declared_target_policy,not_non_erasing_below_threshold,not_non_erasing_below_threshold,not_non_erasing_below_threshold,not_non_erasing_below_threshold,not_non_erasing_below_threshold,,threshold_0_80,never_recovered,fixed_declared_policy_no_registry,unregistered_legacy_source,path_rows_retained,diagnostic pass uses all_required_recovered for Bayes-best and prob_non_erasing for fixed policy
asym_B_erased_A_preserved,req_parity,bayes_best_target_policy,measurement_only_bayes_best,measurement_only_bayes_best,measurement_only_bayes_best,measurement_only_bayes_best,measurement_only_bayes_best,,threshold_0_80,never_recovered,optimized_policy_search,unregistered_legacy_source,path_rows_retained,diagnostic pass uses all_required_recovered for Bayes-best and prob_non_erasing for fixed policy
asym_B_erased_A_preserved,req_parity,fixed_declared_target_policy,not_non_erasing_below_threshold,not_non_erasing_below_threshold,not_non_erasing_below_threshold,not_non_erasing_below_threshold,not_non_erasing_below_threshold,,threshold_0_80,never_recovered,fixed_declared_policy_no_registry,unregistered_legacy_source,path_rows_retained,diagnostic pass uses all_required_recovered for Bayes-best and prob_non_erasing for fixed policy
bit_flip_p_0_00,req_A,bayes_best_target_policy,measurement_only_bayes_best,measurement_only_bayes_best,measurement_only_bayes_best,measurement_only_bayes_best,measurement_only_bayes_best,threshold_1_00,,stable_all_thresholds,optimized_policy_search,unregistered_legacy_source,path_rows_retained,diagnostic pass uses all_required_recovered for Bayes-best and prob_non_erasing for fixed policy
bit_flip_p_0_00,req_A,fixed_declared_target_policy,prob_non_erasing,prob_non_erasing,prob_non_erasing,prob_non_erasing,prob_non_erasing,threshold_1_00,,stable_all_thresholds,fixed_declared_policy_no_registry,unregistered_legacy_source,path_rows_retained,diagnostic pass uses all_required_recovered for Bayes-best and prob_non_erasing for fixed policy
bit_flip_p_0_00,req_B,bayes_best_target_policy,measurement_only_bayes_best,measurement_only_bayes_best,measurement_only_bayes_best,measurement_only_bayes_best,measurement_only_bayes_best,threshold_1_00,,stable_all_thresholds,optimized_policy_search,unregistered_legacy_source,path_rows_retained,diagnostic pass uses all_required_recovered for Bayes-best and prob_non_erasing for fixed policy
bit_flip_p_0_00,req_B,fixed_declared_target_policy,prob_non_erasing,prob_non_erasing,prob_non_erasing,prob_non_erasing,prob_non_erasing,threshold_1_00,,stable_all_thresholds,fixed_declared_policy_no_registry,unregistered_legacy_source,path_rows_retained,diagnostic pass uses all_required_recovered for Bayes-best and prob_non_erasing for fixed policy
bit_flip_p_0_00,req_all_nontrivial,bayes_best_target_policy,measurement_only_bayes_best,measurement_only_bayes_best,measurement_only_bayes_best,measurement_only_bayes_best,measurement_only_bayes_best,threshold_1_00,,stable_all_thresholds,optimized_policy_search,unregistered_legacy_source,path_rows_retained,diagnostic pass uses all_required_recovered for Bayes-best and prob_non_erasing for fixed policy
bit_flip_p_0_00,req_all_nontrivial,fixed_declared_target_policy,prob_non_erasing,prob_non_erasing,prob_non_erasing,prob_non_erasing,prob_non_erasing,threshold_1_00,,stable_all_thresholds,fixed_declared_policy_no_registry,unregistered_legacy_source,path_rows_retained,diagnostic pass uses all_required_recovered for Bayes-best and prob_non_erasing for fixed policy
bit_flip_p_0_00,req_joint,bayes_best_target_policy,measurement_only_bayes_best,measurement_only_bayes_best,measurement_only_bayes_best,measurement_only_bayes_best,measurement_only_bayes_best,threshold_1_00,,stable_all_thresholds,optimized_policy_search,unregistered_legacy_source,path_rows_retained,diagnostic pass uses all_required_recovered for Bayes-best and prob_non_erasing for fixed policy
bit_flip_p_0_00,req_joint,fixed_declared_target_policy,prob_non_erasing,prob_non_erasing,prob_non_erasing,prob_non_erasing,prob_non_erasing,threshold_1_00,,stable_all_thresholds,fixed_declared_policy_no_registry,unregistered_legacy_source,path_rows_retained,diagnostic pass uses all_required_recovered for Bayes-best and prob_non_erasing for fixed policy
bit_flip_p_0_00,req_joint_and_parity,bayes_best_target_policy,measurement_only_bayes_best,measurement_only_bayes_best,measurement_only_bayes_best,measurement_only_bayes_best,measurement_only_bayes_best,threshold_1_00,,stable_all_thresholds,optimized_policy_search,unregistered_legacy_source,path_rows_retained,diagnostic pass uses all_required_recovered for Bayes-best and prob_non_erasing for fixed policy
bit_flip_p_0_00,req_joint_and_parity,fixed_declared_target_policy,prob_non_erasing,prob_non_erasing,prob_non_erasing,prob_non_erasing,prob_non_erasing,threshold_1_00,,stable_all_thresholds,fixed_declared_policy_no_registry,unregistered_legacy_source,path_rows_retained,diagnostic pass uses all_required_recovered for Bayes-best and prob_non_erasing for fixed policy
bit_flip_p_0_00,req_marginals,bayes_best_target_policy,measurement_only_bayes_best,measurement_only_bayes_best,measurement_only_bayes_best,measurement_only_bayes_best,measurement_only_bayes_best,threshold_1_00,,stable_all_thresholds,optimized_policy_search,unregistered_legacy_source,path_rows_retained,diagnostic pass uses all_required_recovered for Bayes-best and prob_non_erasing for fixed policy
bit_flip_p_0_00,req_marginals,fixed_declared_target_policy,prob_non_erasing,prob_non_erasing,prob_non_erasing,prob_non_erasing,prob_non_erasing,threshold_1_00,,stable_all_thresholds,fixed_declared_policy_no_registry,unregistered_legacy_source,path_rows_retained,diagnostic pass uses all_required_recovered for Bayes-best and prob_non_erasing for fixed policy
bit_flip_p_0_00,req_parity,bayes_best_target_policy,measurement_only_bayes_best,measurement_only_bayes_best,measurement_only_bayes_best,measurement_only_bayes_best,measurement_only_bayes_best,threshold_1_00,,stable_all_thresholds,optimized_policy_search,unregistered_legacy_source,path_rows_retained,diagnostic pass uses all_required_recovered for Bayes-best and prob_non_erasing for fixed policy
bit_flip_p_0_00,req_parity,fixed_declared_target_policy,prob_non_erasing,prob_non_erasing,prob_non_erasing,prob_non_erasing,prob_non_erasing,threshold_1_00,,stable_all_thresholds,fixed_declared_policy_no_registry,unregistered_legacy_source,path_rows_retained,diagnostic pass uses all_required_recovered for Bayes-best and prob_non_erasing for fixed policy
bit_flip_p_0_05,req_A,bayes_best_target_policy,measurement_only_bayes_best,measurement_only_bayes_best,measurement_only_bayes_best,measurement_only_bayes_best,measurement_only_bayes_best,threshold_0_95,threshold_0_99,moderate_only,optimized_policy_search,unregistered_legacy_source,path_rows_retained,diagnostic pass uses all_required_recovered for Bayes-best and prob_non_erasing for fixed policy
bit_flip_p_0_05,req_A,fixed_declared_target_policy,prob_non_erasing,prob_non_erasing,prob_non_erasing,not_non_erasing_below_threshold,not_non_erasing_below_threshold,threshold_0_95,threshold_0_99,moderate_only,fixed_declared_policy_no_registry,unregistered_legacy_source,path_rows_retained,diagnostic pass uses all_required_recovered for Bayes-best and prob_non_erasing for fixed policy
bit_flip_p_0_05,req_B,bayes_best_target_policy,measurement_only_bayes_best,measurement_only_bayes_best,measurement_only_bayes_best,measurement_only_bayes_best,measurement_only_bayes_best,threshold_0_95,threshold_0_99,moderate_only,optimized_policy_search,unregistered_legacy_source,path_rows_retained,diagnostic pass uses all_required_recovered for Bayes-best and prob_non_erasing for fixed policy
bit_flip_p_0_05,req_B,fixed_declared_target_policy,prob_non_erasing,prob_non_erasing,prob_non_erasing,not_non_erasing_below_threshold,not_non_erasing_below_threshold,threshold_0_95,threshold_0_99,moderate_only,fixed_declared_policy_no_registry,unregistered_legacy_source,path_rows_retained,diagnostic pass uses all_required_recovered for Bayes-best and prob_non_erasing for fixed policy
bit_flip_p_0_05,req_all_nontrivial,bayes_best_target_policy,measurement_only_bayes_best,measurement_only_bayes_best,measurement_only_bayes_best,measurement_only_bayes_best,measurement_only_bayes_best,threshold_0_90,threshold_0_95,moderate_only,optimized_policy_search,unregistered_legacy_source,path_rows_retained,diagnostic pass uses all_required_recovered for Bayes-best and prob_non_erasing for fixed policy
bit_flip_p_0_05,req_all_nontrivial,fixed_declared_target_policy,prob_non_erasing,prob_non_erasing,not_non_erasing_below_threshold,not_non_erasing_below_threshold,not_non_erasing_below_threshold,threshold_0_90,threshold_0_95,moderate_only,fixed_declared_policy_no_registry,unregistered_legacy_source,path_rows_retained,diagnostic pass uses all_required_recovered for Bayes-best and prob_non_erasing for fixed policy
bit_flip_p_0_05,req_joint,bayes_best_target_policy,measurement_only_bayes_best,measurement_only_bayes_best,measurement_only_bayes_best,measurement_only_bayes_best,measurement_only_bayes_best,threshold_0_90,threshold_0_95,moderate_only,optimized_policy_search,unregistered_legacy_source,path_rows_retained,diagnostic pass uses all_required_recovered for Bayes-best and prob_non_erasing for fixed policy
bit_flip_p_0_05,req_joint,fixed_declared_target_policy,prob_non_erasing,prob_non_erasing,not_non_erasing_below_threshold,not_non_erasing_below_threshold,not_non_erasing_below_threshold,threshold_0_90,threshold_0_95,moderate_only,fixed_declared_policy_no_registry,unregistered_legacy_source,path_rows_retained,diagnostic pass uses all_required_recovered for Bayes-best and prob_non_erasing for fixed policy
bit_flip_p_0_05,req_joint_and_parity,bayes_best_target_policy,measurement_only_bayes_best,measurement_only_bayes_best,measurement_only_bayes_best,measurement_only_bayes_best,measurement_only_bayes_best,threshold_0_90,threshold_0_95,moderate_only,optimized_policy_search,unregistered_legacy_source,path_rows_retained,diagnostic pass uses all_required_recovered for Bayes-best and prob_non_erasing for fixed policy
bit_flip_p_0_05,req_joint_and_parity,fixed_declared_target_policy,prob_non_erasing,prob_non_erasing,not_non_erasing_below_threshold,not_non_erasing_below_threshold,not_non_erasing_below_threshold,threshold_0_90,threshold_0_95,moderate_only,fixed_declared_policy_no_registry,unregistered_legacy_source,path_rows_retained,diagnostic pass uses all_required_recovered for Bayes-best and prob_non_erasing for fixed policy
bit_flip_p_0_05,req_marginals,bayes_best_target_policy,measurement_only_bayes_best,measurement_only_bayes_best,measurement_only_bayes_best,measurement_only_bayes_best,measurement_only_bayes_best,threshold_0_95,threshold_0_99,moderate_only,optimized_policy_search,unregistered_legacy_source,path_rows_retained,diagnostic pass uses all_required_recovered for Bayes-best and prob_non_erasing for fixed policy
bit_flip_p_0_05,req_marginals,fixed_declared_target_policy,prob_non_erasing,prob_non_erasing,prob_non_erasing,not_non_erasing_below_threshold,not_non_erasing_below_threshold,threshold_0_95,threshold_0_99,moderate_only,fixed_declared_policy_no_registry,unregistered_legacy_source,path_rows_retained,diagnostic pass uses all_required_recovered for Bayes-best and prob_non_erasing for fixed policy
bit_flip_p_0_05,req_parity,bayes_best_target_policy,measurement_only_bayes_best,measurement_only_bayes_best,measurement_only_bayes_best,measurement_only_bayes_best,measurement_only_bayes_best,threshold_0_90,threshold_0_95,moderate_only,optimized_policy_search,unregistered_legacy_source,path_rows_retained,diagnostic pass uses all_required_recovered for Bayes-best and prob_non_erasing for fixed policy
bit_flip_p_0_05,req_parity,fixed_declared_target_policy,prob_non_erasing,prob_non_erasing,not_non_erasing_below_threshold,not_non_erasing_below_threshold,not_non_erasing_below_threshold,threshold_0_90,threshold_0_95,moderate_only,fixed_declared_policy_no_registry,unregistered_legacy_source,path_rows_retained,diagnostic pass uses all_required_recovered for Bayes-best and prob_non_erasing for fixed policy
bit_flip_p_0_10,req_A,bayes_best_target_policy,measurement_only_bayes_best,measurement_only_bayes_best,measurement_only_bayes_best,measurement_only_bayes_best,measurement_only_bayes_best,threshold_0_90,threshold_0_95,moderate_only,optimized_policy_search,unregistered_legacy_source,path_rows_retained,diagnostic pass uses all_required_recovered for Bayes-best and prob_non_erasing for fixed policy
bit_flip_p_0_10,req_A,fixed_declared_target_policy,prob_non_erasing,prob_non_erasing,not_non_erasing_below_threshold,not_non_erasing_below_threshold,not_non_erasing_below_threshold,threshold_0_90,threshold_0_95,moderate_only,fixed_declared_policy_no_registry,unregistered_legacy_source,path_rows_retained,diagnostic pass uses all_required_recovered for Bayes-best and prob_non_erasing for fixed policy
bit_flip_p_0_10,req_B,bayes_best_target_policy,measurement_only_bayes_best,measurement_only_bayes_best,measurement_only_bayes_best,measurement_only_bayes_best,measurement_only_bayes_best,threshold_0_90,threshold_0_95,moderate_only,optimized_policy_search,unregistered_legacy_source,path_rows_retained,diagnostic pass uses all_required_recovered for Bayes-best and prob_non_erasing for fixed policy
bit_flip_p_0_10,req_B,fixed_declared_target_policy,prob_non_erasing,prob_non_erasing,not_non_erasing_below_threshold,not_non_erasing_below_threshold,not_non_erasing_below_threshold,threshold_0_90,threshold_0_95,moderate_only,fixed_declared_policy_no_registry,unregistered_legacy_source,path_rows_retained,diagnostic pass uses all_required_recovered for Bayes-best and prob_non_erasing for fixed policy
bit_flip_p_0_10,req_all_nontrivial,bayes_best_target_policy,measurement_only_bayes_best,measurement_only_bayes_best,measurement_only_bayes_best,measurement_only_bayes_best,measurement_only_bayes_best,threshold_0_80,threshold_0_90,low_only,optimized_policy_search,unregistered_legacy_source,path_rows_retained,diagnostic pass uses all_required_recovered for Bayes-best and prob_non_erasing for fixed policy
bit_flip_p_0_10,req_all_nontrivial,fixed_declared_target_policy,prob_non_erasing,not_non_erasing_below_threshold,not_non_erasing_below_threshold,not_non_erasing_below_threshold,not_non_erasing_below_threshold,threshold_0_80,threshold_0_90,low_only,fixed_declared_policy_no_registry,unregistered_legacy_source,path_rows_retained,diagnostic pass uses all_required_recovered for Bayes-best and prob_non_erasing for fixed policy
bit_flip_p_0_10,req_joint,bayes_best_target_policy,measurement_only_bayes_best,measurement_only_bayes_best,measurement_only_bayes_best,measurement_only_bayes_best,measurement_only_bayes_best,threshold_0_80,threshold_0_90,low_only,optimized_policy_search,unregistered_legacy_source,path_rows_retained,diagnostic pass uses all_required_recovered for Bayes-best and prob_non_erasing for fixed policy
bit_flip_p_0_10,req_joint,fixed_declared_target_policy,prob_non_erasing,not_non_erasing_below_threshold,not_non_erasing_below_threshold,not_non_erasing_below_threshold,not_non_erasing_below_threshold,threshold_0_80,threshold_0_90,low_only,fixed_declared_policy_no_registry,unregistered_legacy_source,path_rows_retained,diagnostic pass uses all_required_recovered for Bayes-best and prob_non_erasing for fixed policy
bit_flip_p_0_10,req_joint_and_parity,bayes_best_target_policy,measurement_only_bayes_best,measurement_only_bayes_best,measurement_only_bayes_best,measurement_only_bayes_best,measurement_only_bayes_best,threshold_0_80,threshold_0_90,low_only,optimized_policy_search,unregistered_legacy_source,path_rows_retained,diagnostic pass uses all_required_recovered for Bayes-best and prob_non_erasing for fixed policy
bit_flip_p_0_10,req_joint_and_parity,fixed_declared_target_policy,prob_non_erasing,not_non_erasing_below_threshold,not_non_erasing_below_threshold,not_non_erasing_below_threshold,not_non_erasing_below_threshold,threshold_0_80,threshold_0_90,low_only,fixed_declared_policy_no_registry,unregistered_legacy_source,path_rows_retained,diagnostic pass uses all_required_recovered for Bayes-best and prob_non_erasing for fixed policy
bit_flip_p_0_10,req_marginals,bayes_best_target_policy,measurement_only_bayes_best,measurement_only_bayes_best,measurement_only_bayes_best,measurement_only_bayes_best,measurement_only_bayes_best,threshold_0_90,threshold_0_95,moderate_only,optimized_policy_search,unregistered_legacy_source,path_rows_retained,diagnostic pass uses all_required_recovered for Bayes-best and prob_non_erasing for fixed policy
bit_flip_p_0_10,req_marginals,fixed_declared_target_policy,prob_non_erasing,prob_non_erasing,not_non_erasing_below_threshold,not_non_erasing_below_threshold,not_non_erasing_below_threshold,threshold_0_90,threshold_0_95,moderate_only,fixed_declared_policy_no_registry,unregistered_legacy_source,path_rows_retained,diagnostic pass uses all_required_recovered for Bayes-best and prob_non_erasing for fixed policy
bit_flip_p_0_10,req_parity,bayes_best_target_policy,measurement_only_bayes_best,measurement_only_bayes_best,measurement_only_bayes_best,measurement_only_bayes_best,measurement_only_bayes_best,threshold_0_80,threshold_0_90,low_only,optimized_policy_search,unregistered_legacy_source,path_rows_retained,diagnostic pass uses all_required_recovered for Bayes-best and prob_non_erasing for fixed policy
bit_flip_p_0_10,req_parity,fixed_declared_target_policy,prob_non_erasing,not_non_erasing_below_threshold,not_non_erasing_below_threshold,not_non_erasing_below_threshold,not_non_erasing_below_threshold,threshold_0_80,threshold_0_90,low_only,fixed_declared_policy_no_registry,unregistered_legacy_source,path_rows_retained,diagnostic pass uses all_required_recovered for Bayes-best and prob_non_erasing for fixed policy
bit_flip_p_0_25,req_A,bayes_best_target_policy,measurement_only_bayes_best,measurement_only_bayes_best,measurement_only_bayes_best,measurement_only_bayes_best,measurement_only_bayes_best,,threshold_0_80,never_recovered,optimized_policy_search,unregistered_legacy_source,path_rows_retained,diagnostic pass uses all_required_recovered for Bayes-best and prob_non_erasing for fixed policy
bit_flip_p_0_25,req_A,fixed_declared_target_policy,not_non_erasing_below_threshold,not_non_erasing_below_threshold,not_non_erasing_below_threshold,not_non_erasing_below_threshold,not_non_erasing_below_threshold,,threshold_0_80,never_recovered,fixed_declared_policy_no_registry,unregistered_legacy_source,path_rows_retained,diagnostic pass uses all_required_recovered for Bayes-best and prob_non_erasing for fixed policy
bit_flip_p_0_25,req_B,bayes_best_target_policy,measurement_only_bayes_best,measurement_only_bayes_best,measurement_only_bayes_best,measurement_only_bayes_best,measurement_only_bayes_best,,threshold_0_80,never_recovered,optimized_policy_search,unregistered_legacy_source,path_rows_retained,diagnostic pass uses all_required_recovered for Bayes-best and prob_non_erasing for fixed policy
bit_flip_p_0_25,req_B,fixed_declared_target_policy,not_non_erasing_below_threshold,not_non_erasing_below_threshold,not_non_erasing_below_threshold,not_non_erasing_below_threshold,not_non_erasing_below_threshold,,threshold_0_80,never_recovered,fixed_declared_policy_no_registry,unregistered_legacy_source,path_rows_retained,diagnostic pass uses all_required_recovered for Bayes-best and prob_non_erasing for fixed policy
bit_flip_p_0_25,req_all_nontrivial,bayes_best_target_policy,measurement_only_bayes_best,measurement_only_bayes_best,measurement_only_bayes_best,measurement_only_bayes_best,measurement_only_bayes_best,,threshold_0_80,never_recovered,optimized_policy_search,unregistered_legacy_source,path_rows_retained,diagnostic pass uses all_required_recovered for Bayes-best and prob_non_erasing for fixed policy
bit_flip_p_0_25,req_all_nontrivial,fixed_declared_target_policy,not_non_erasing_below_threshold,not_non_erasing_below_threshold,not_non_erasing_below_threshold,not_non_erasing_below_threshold,not_non_erasing_below_threshold,,threshold_0_80,never_recovered,fixed_declared_policy_no_registry,unregistered_legacy_source,path_rows_retained,diagnostic pass uses all_required_recovered for Bayes-best and prob_non_erasing for fixed policy
bit_flip_p_0_25,req_joint,bayes_best_target_policy,measurement_only_bayes_best,measurement_only_bayes_best,measurement_only_bayes_best,measurement_only_bayes_best,measurement_only_bayes_best,,threshold_0_80,never_recovered,optimized_policy_search,unregistered_legacy_source,path_rows_retained,diagnostic pass uses all_required_recovered for Bayes-best and prob_non_erasing for fixed policy
bit_flip_p_0_25,req_joint,fixed_declared_target_policy,not_non_erasing_below_threshold,not_non_erasing_below_threshold,not_non_erasing_below_threshold,not_non_erasing_below_threshold,not_non_erasing_below_threshold,,threshold_0_80,never_recovered,fixed_declared_policy_no_registry,unregistered_legacy_source,path_rows_retained,diagnostic pass uses all_required_recovered for Bayes-best and prob_non_erasing for fixed policy
bit_flip_p_0_25,req_joint_and_parity,bayes_best_target_policy,measurement_only_bayes_best,measurement_only_bayes_best,measurement_only_bayes_best,measurement_only_bayes_best,measurement_only_bayes_best,,threshold_0_80,never_recovered,optimized_policy_search,unregistered_legacy_source,path_rows_retained,diagnostic pass uses all_required_recovered for Bayes-best and prob_non_erasing for fixed policy
bit_flip_p_0_25,req_joint_and_parity,fixed_declared_target_policy,not_non_erasing_below_threshold,not_non_erasing_below_threshold,not_non_erasing_below_threshold,not_non_erasing_below_threshold,not_non_erasing_below_threshold,,threshold_0_80,never_recovered,fixed_declared_policy_no_registry,unregistered_legacy_source,path_rows_retained,diagnostic pass uses all_required_recovered for Bayes-best and prob_non_erasing for fixed policy
bit_flip_p_0_25,req_marginals,bayes_best_target_policy,measurement_only_bayes_best,measurement_only_bayes_best,measurement_only_bayes_best,measurement_only_bayes_best,measurement_only_bayes_best,,threshold_0_80,never_recovered,optimized_policy_search,unregistered_legacy_source,path_rows_retained,diagnostic pass uses all_required_recovered for Bayes-best and prob_non_erasing for fixed policy
bit_flip_p_0_25,req_marginals,fixed_declared_target_policy,not_non_erasing_below_threshold,not_non_erasing_below_threshold,not_non_erasing_below_threshold,not_non_erasing_below_threshold,not_non_erasing_below_threshold,,threshold_0_80,never_recovered,fixed_declared_policy_no_registry,unregistered_legacy_source,path_rows_retained,diagnostic pass uses all_required_recovered for Bayes-best and prob_non_erasing for fixed policy
bit_flip_p_0_25,req_parity,bayes_best_target_policy,measurement_only_bayes_best,measurement_only_bayes_best,measurement_only_bayes_best,measurement_only_bayes_best,measurement_only_bayes_best,,threshold_0_80,never_recovered,optimized_policy_search,unregistered_legacy_source,path_rows_retained,diagnostic pass uses all_required_recovered for Bayes-best and prob_non_erasing for fixed policy
bit_flip_p_0_25,req_parity,fixed_declared_target_policy,not_non_erasing_below_threshold,not_non_erasing_below_threshold,not_non_erasing_below_threshold,not_non_erasing_below_threshold,not_non_erasing_below_threshold,,threshold_0_80,never_recovered,fixed_declared_policy_no_registry,unregistered_legacy_source,path_rows_retained,diagnostic pass uses all_required_recovered for Bayes-best and prob_non_erasing for fixed policy
bit_flip_p_0_50,req_A,bayes_best_target_policy,measurement_only_bayes_best,measurement_only_bayes_best,measurement_only_bayes_best,measurement_only_bayes_best,measurement_only_bayes_best,,threshold_0_80,never_recovered,optimized_policy_search,unregistered_legacy_source,path_rows_retained,diagnostic pass uses all_required_recovered for Bayes-best and prob_non_erasing for fixed policy
bit_flip_p_0_50,req_A,fixed_declared_target_policy,not_non_erasing_below_threshold,not_non_erasing_below_threshold,not_non_erasing_below_threshold,not_non_erasing_below_threshold,not_non_erasing_below_threshold,,threshold_0_80,never_recovered,fixed_declared_policy_no_registry,unregistered_legacy_source,path_rows_retained,diagnostic pass uses all_required_recovered for Bayes-best and prob_non_erasing for fixed policy
bit_flip_p_0_50,req_B,bayes_best_target_policy,measurement_only_bayes_best,measurement_only_bayes_best,measurement_only_bayes_best,measurement_only_bayes_best,measurement_only_bayes_best,,threshold_0_80,never_recovered,optimized_policy_search,unregistered_legacy_source,path_rows_retained,diagnostic pass uses all_required_recovered for Bayes-best and prob_non_erasing for fixed policy
bit_flip_p_0_50,req_B,fixed_declared_target_policy,not_non_erasing_below_threshold,not_non_erasing_below_threshold,not_non_erasing_below_threshold,not_non_erasing_below_threshold,not_non_erasing_below_threshold,,threshold_0_80,never_recovered,fixed_declared_policy_no_registry,unregistered_legacy_source,path_rows_retained,diagnostic pass uses all_required_recovered for Bayes-best and prob_non_erasing for fixed policy
bit_flip_p_0_50,req_all_nontrivial,bayes_best_target_policy,measurement_only_bayes_best,measurement_only_bayes_best,measurement_only_bayes_best,measurement_only_bayes_best,measurement_only_bayes_best,,threshold_0_80,never_recovered,optimized_policy_search,unregistered_legacy_source,path_rows_retained,diagnostic pass uses all_required_recovered for Bayes-best and prob_non_erasing for fixed policy
bit_flip_p_0_50,req_all_nontrivial,fixed_declared_target_policy,not_non_erasing_below_threshold,not_non_erasing_below_threshold,not_non_erasing_below_threshold,not_non_erasing_below_threshold,not_non_erasing_below_threshold,,threshold_0_80,never_recovered,fixed_declared_policy_no_registry,unregistered_legacy_source,path_rows_retained,diagnostic pass uses all_required_recovered for Bayes-best and prob_non_erasing for fixed policy
bit_flip_p_0_50,req_joint,bayes_best_target_policy,measurement_only_bayes_best,measurement_only_bayes_best,measurement_only_bayes_best,measurement_only_bayes_best,measurement_only_bayes_best,,threshold_0_80,never_recovered,optimized_policy_search,unregistered_legacy_source,path_rows_retained,diagnostic pass uses all_required_recovered for Bayes-best and prob_non_erasing for fixed policy
bit_flip_p_0_50,req_joint,fixed_declared_target_policy,not_non_erasing_below_threshold,not_non_erasing_below_threshold,not_non_erasing_below_threshold,not_non_erasing_below_threshold,not_non_erasing_below_threshold,,threshold_0_80,never_recovered,fixed_declared_policy_no_registry,unregistered_legacy_source,path_rows_retained,diagnostic pass uses all_required_recovered for Bayes-best and prob_non_erasing for fixed policy
bit_flip_p_0_50,req_joint_and_parity,bayes_best_target_policy,measurement_only_bayes_best,measurement_only_bayes_best,measurement_only_bayes_best,measurement_only_bayes_best,measurement_only_bayes_best,,threshold_0_80,never_recovered,optimized_policy_search,unregistered_legacy_source,path_rows_retained,diagnostic pass uses all_required_recovered for Bayes-best and prob_non_erasing for fixed policy
bit_flip_p_0_50,req_joint_and_parity,fixed_declared_target_policy,not_non_erasing_below_threshold,not_non_erasing_below_threshold,not_non_erasing_below_threshold,not_non_erasing_below_threshold,not_non_erasing_below_threshold,,threshold_0_80,never_recovered,fixed_declared_policy_no_registry,unregistered_legacy_source,path_rows_retained,diagnostic pass uses all_required_recovered for Bayes-best and prob_non_erasing for fixed policy
bit_flip_p_0_50,req_marginals,bayes_best_target_policy,measurement_only_bayes_best,measurement_only_bayes_best,measurement_only_bayes_best,measurement_only_bayes_best,measurement_only_bayes_best,,threshold_0_80,never_recovered,optimized_policy_search,unregistered_legacy_source,path_rows_retained,diagnostic pass uses all_required_recovered for Bayes-best and prob_non_erasing for fixed policy
bit_flip_p_0_50,req_marginals,fixed_declared_target_policy,not_non_erasing_below_threshold,not_non_erasing_below_threshold,not_non_erasing_below_threshold,not_non_erasing_below_threshold,not_non_erasing_below_threshold,,threshold_0_80,never_recovered,fixed_declared_policy_no_registry,unregistered_legacy_source,path_rows_retained,diagnostic pass uses all_required_recovered for Bayes-best and prob_non_erasing for fixed policy
bit_flip_p_0_50,req_parity,bayes_best_target_policy,measurement_only_bayes_best,measurement_only_bayes_best,measurement_only_bayes_best,measurement_only_bayes_best,measurement_only_bayes_best,,threshold_0_80,never_recovered,optimized_policy_search,unregistered_legacy_source,path_rows_retained,diagnostic pass uses all_required_recovered for Bayes-best and prob_non_erasing for fixed policy
bit_flip_p_0_50,req_parity,fixed_declared_target_policy,not_non_erasing_below_threshold,not_non_erasing_below_threshold,not_non_erasing_below_threshold,not_non_erasing_below_threshold,not_non_erasing_below_threshold,,threshold_0_80,never_recovered,fixed_declared_policy_no_registry,unregistered_legacy_source,path_rows_retained,diagnostic pass uses all_required_recovered for Bayes-best and prob_non_erasing for fixed policy
comp_bitflip_0_10_then_0_25,req_A,bayes_best_target_policy,measurement_only_bayes_best,measurement_only_bayes_best,measurement_only_bayes_best,measurement_only_bayes_best,measurement_only_bayes_best,,threshold_0_80,never_recovered,optimized_policy_search,unregistered_legacy_source,path_rows_retained,diagnostic pass uses all_required_recovered for Bayes-best and prob_non_erasing for fixed policy
comp_bitflip_0_10_then_0_25,req_A,fixed_declared_target_policy,not_non_erasing_below_threshold,not_non_erasing_below_threshold,not_non_erasing_below_threshold,not_non_erasing_below_threshold,not_non_erasing_below_threshold,,threshold_0_80,never_recovered,fixed_declared_policy_no_registry,unregistered_legacy_source,path_rows_retained,diagnostic pass uses all_required_recovered for Bayes-best and prob_non_erasing for fixed policy
comp_bitflip_0_10_then_0_25,req_B,bayes_best_target_policy,measurement_only_bayes_best,measurement_only_bayes_best,measurement_only_bayes_best,measurement_only_bayes_best,measurement_only_bayes_best,,threshold_0_80,never_recovered,optimized_policy_search,unregistered_legacy_source,path_rows_retained,diagnostic pass uses all_required_recovered for Bayes-best and prob_non_erasing for fixed policy
comp_bitflip_0_10_then_0_25,req_B,fixed_declared_target_policy,not_non_erasing_below_threshold,not_non_erasing_below_threshold,not_non_erasing_below_threshold,not_non_erasing_below_threshold,not_non_erasing_below_threshold,,threshold_0_80,never_recovered,fixed_declared_policy_no_registry,unregistered_legacy_source,path_rows_retained,diagnostic pass uses all_required_recovered for Bayes-best and prob_non_erasing for fixed policy
comp_bitflip_0_10_then_0_25,req_all_nontrivial,bayes_best_target_policy,measurement_only_bayes_best,measurement_only_bayes_best,measurement_only_bayes_best,measurement_only_bayes_best,measurement_only_bayes_best,,threshold_0_80,never_recovered,optimized_policy_search,unregistered_legacy_source,path_rows_retained,diagnostic pass uses all_required_recovered for Bayes-best and prob_non_erasing for fixed policy
comp_bitflip_0_10_then_0_25,req_all_nontrivial,fixed_declared_target_policy,not_non_erasing_below_threshold,not_non_erasing_below_threshold,not_non_erasing_below_threshold,not_non_erasing_below_threshold,not_non_erasing_below_threshold,,threshold_0_80,never_recovered,fixed_declared_policy_no_registry,unregistered_legacy_source,path_rows_retained,diagnostic pass uses all_required_recovered for Bayes-best and prob_non_erasing for fixed policy
comp_bitflip_0_10_then_0_25,req_joint,bayes_best_target_policy,measurement_only_bayes_best,measurement_only_bayes_best,measurement_only_bayes_best,measurement_only_bayes_best,measurement_only_bayes_best,,threshold_0_80,never_recovered,optimized_policy_search,unregistered_legacy_source,path_rows_retained,diagnostic pass uses all_required_recovered for Bayes-best and prob_non_erasing for fixed policy
comp_bitflip_0_10_then_0_25,req_joint,fixed_declared_target_policy,not_non_erasing_below_threshold,not_non_erasing_below_threshold,not_non_erasing_below_threshold,not_non_erasing_below_threshold,not_non_erasing_below_threshold,,threshold_0_80,never_recovered,fixed_declared_policy_no_registry,unregistered_legacy_source,path_rows_retained,diagnostic pass uses all_required_recovered for Bayes-best and prob_non_erasing for fixed policy
comp_bitflip_0_10_then_0_25,req_joint_and_parity,bayes_best_target_policy,measurement_only_bayes_best,measurement_only_bayes_best,measurement_only_bayes_best,measurement_only_bayes_best,measurement_only_bayes_best,,threshold_0_80,never_recovered,optimized_policy_search,unregistered_legacy_source,path_rows_retained,diagnostic pass uses all_required_recovered for Bayes-best and prob_non_erasing for fixed policy
comp_bitflip_0_10_then_0_25,req_joint_and_parity,fixed_declared_target_policy,not_non_erasing_below_threshold,not_non_erasing_below_threshold,not_non_erasing_below_threshold,not_non_erasing_below_threshold,not_non_erasing_below_threshold,,threshold_0_80,never_recovered,fixed_declared_policy_no_registry,unregistered_legacy_source,path_rows_retained,diagnostic pass uses all_required_recovered for Bayes-best and prob_non_erasing for fixed policy
comp_bitflip_0_10_then_0_25,req_marginals,bayes_best_target_policy,measurement_only_bayes_best,measurement_only_bayes_best,measurement_only_bayes_best,measurement_only_bayes_best,measurement_only_bayes_best,,threshold_0_80,never_recovered,optimized_policy_search,unregistered_legacy_source,path_rows_retained,diagnostic pass uses all_required_recovered for Bayes-best and prob_non_erasing for fixed policy
comp_bitflip_0_10_then_0_25,req_marginals,fixed_declared_target_policy,not_non_erasing_below_threshold,not_non_erasing_below_threshold,not_non_erasing_below_threshold,not_non_erasing_below_threshold,not_non_erasing_below_threshold,,threshold_0_80,never_recovered,fixed_declared_policy_no_registry,unregistered_legacy_source,path_rows_retained,diagnostic pass uses all_required_recovered for Bayes-best and prob_non_erasing for fixed policy
comp_bitflip_0_10_then_0_25,req_parity,bayes_best_target_policy,measurement_only_bayes_best,measurement_only_bayes_best,measurement_only_bayes_best,measurement_only_bayes_best,measurement_only_bayes_best,,threshold_0_80,never_recovered,optimized_policy_search,unregistered_legacy_source,path_rows_retained,diagnostic pass uses all_required_recovered for Bayes-best and prob_non_erasing for fixed policy
comp_bitflip_0_10_then_0_25,req_parity,fixed_declared_target_policy,not_non_erasing_below_threshold,not_non_erasing_below_threshold,not_non_erasing_below_threshold,not_non_erasing_below_threshold,not_non_erasing_below_threshold,,threshold_0_80,never_recovered,fixed_declared_policy_no_registry,unregistered_legacy_source,path_rows_retained,diagnostic pass uses all_required_recovered for Bayes-best and prob_non_erasing for fixed policy
comp_identity_then_marginal_degrade_0_10,req_A,bayes_best_target_policy,measurement_only_bayes_best,measurement_only_bayes_best,measurement_only_bayes_best,measurement_only_bayes_best,measurement_only_bayes_best,threshold_0_95,threshold_0_99,moderate_only,optimized_policy_search,unregistered_legacy_source,path_rows_retained,diagnostic pass uses all_required_recovered for Bayes-best and prob_non_erasing for fixed policy
comp_identity_then_marginal_degrade_0_10,req_A,fixed_declared_target_policy,prob_non_erasing,prob_non_erasing,prob_non_erasing,not_non_erasing_below_threshold,not_non_erasing_below_threshold,threshold_0_95,threshold_0_99,moderate_only,fixed_declared_policy_no_registry,unregistered_legacy_source,path_rows_retained,diagnostic pass uses all_required_recovered for Bayes-best and prob_non_erasing for fixed policy
comp_identity_then_marginal_degrade_0_10,req_B,bayes_best_target_policy,measurement_only_bayes_best,measurement_only_bayes_best,measurement_only_bayes_best,measurement_only_bayes_best,measurement_only_bayes_best,threshold_0_95,threshold_0_99,moderate_only,optimized_policy_search,unregistered_legacy_source,path_rows_retained,diagnostic pass uses all_required_recovered for Bayes-best and prob_non_erasing for fixed policy
comp_identity_then_marginal_degrade_0_10,req_B,fixed_declared_target_policy,prob_non_erasing,prob_non_erasing,prob_non_erasing,not_non_erasing_below_threshold,not_non_erasing_below_threshold,threshold_0_95,threshold_0_99,moderate_only,fixed_declared_policy_no_registry,unregistered_legacy_source,path_rows_retained,diagnostic pass uses all_required_recovered for Bayes-best and prob_non_erasing for fixed policy
comp_identity_then_marginal_degrade_0_10,req_all_nontrivial,bayes_best_target_policy,measurement_only_bayes_best,measurement_only_bayes_best,measurement_only_bayes_best,measurement_only_bayes_best,measurement_only_bayes_best,threshold_0_90,threshold_0_95,moderate_only,optimized_policy_search,unregistered_legacy_source,path_rows_retained,diagnostic pass uses all_required_recovered for Bayes-best and prob_non_erasing for fixed policy
comp_identity_then_marginal_degrade_0_10,req_all_nontrivial,fixed_declared_target_policy,prob_non_erasing,prob_non_erasing,not_non_erasing_below_threshold,not_non_erasing_below_threshold,not_non_erasing_below_threshold,threshold_0_90,threshold_0_95,moderate_only,fixed_declared_policy_no_registry,unregistered_legacy_source,path_rows_retained,diagnostic pass uses all_required_recovered for Bayes-best and prob_non_erasing for fixed policy
comp_identity_then_marginal_degrade_0_10,req_joint,bayes_best_target_policy,measurement_only_bayes_best,measurement_only_bayes_best,measurement_only_bayes_best,measurement_only_bayes_best,measurement_only_bayes_best,threshold_0_90,threshold_0_95,moderate_only,optimized_policy_search,unregistered_legacy_source,path_rows_retained,diagnostic pass uses all_required_recovered for Bayes-best and prob_non_erasing for fixed policy
comp_identity_then_marginal_degrade_0_10,req_joint,fixed_declared_target_policy,prob_non_erasing,prob_non_erasing,not_non_erasing_below_threshold,not_non_erasing_below_threshold,not_non_erasing_below_threshold,threshold_0_90,threshold_0_95,moderate_only,fixed_declared_policy_no_registry,unregistered_legacy_source,path_rows_retained,diagnostic pass uses all_required_recovered for Bayes-best and prob_non_erasing for fixed policy
comp_identity_then_marginal_degrade_0_10,req_joint_and_parity,bayes_best_target_policy,measurement_only_bayes_best,measurement_only_bayes_best,measurement_only_bayes_best,measurement_only_bayes_best,measurement_only_bayes_best,threshold_0_90,threshold_0_95,moderate_only,optimized_policy_search,unregistered_legacy_source,path_rows_retained,diagnostic pass uses all_required_recovered for Bayes-best and prob_non_erasing for fixed policy
comp_identity_then_marginal_degrade_0_10,req_joint_and_parity,fixed_declared_target_policy,prob_non_erasing,prob_non_erasing,not_non_erasing_below_threshold,not_non_erasing_below_threshold,not_non_erasing_below_threshold,threshold_0_90,threshold_0_95,moderate_only,fixed_declared_policy_no_registry,unregistered_legacy_source,path_rows_retained,diagnostic pass uses all_required_recovered for Bayes-best and prob_non_erasing for fixed policy
comp_identity_then_marginal_degrade_0_10,req_marginals,bayes_best_target_policy,measurement_only_bayes_best,measurement_only_bayes_best,measurement_only_bayes_best,measurement_only_bayes_best,measurement_only_bayes_best,threshold_0_95,threshold_0_99,moderate_only,optimized_policy_search,unregistered_legacy_source,path_rows_retained,diagnostic pass uses all_required_recovered for Bayes-best and prob_non_erasing for fixed policy
comp_identity_then_marginal_degrade_0_10,req_marginals,fixed_declared_target_policy,prob_non_erasing,prob_non_erasing,prob_non_erasing,not_non_erasing_below_threshold,not_non_erasing_below_threshold,threshold_0_95,threshold_0_99,moderate_only,fixed_declared_policy_no_registry,unregistered_legacy_source,path_rows_retained,diagnostic pass uses all_required_recovered for Bayes-best and prob_non_erasing for fixed policy
comp_identity_then_marginal_degrade_0_10,req_parity,bayes_best_target_policy,measurement_only_bayes_best,measurement_only_bayes_best,measurement_only_bayes_best,measurement_only_bayes_best,measurement_only_bayes_best,threshold_0_90,threshold_0_95,moderate_only,optimized_policy_search,unregistered_legacy_source,path_rows_retained,diagnostic pass uses all_required_recovered for Bayes-best and prob_non_erasing for fixed policy
comp_identity_then_marginal_degrade_0_10,req_parity,fixed_declared_target_policy,prob_non_erasing,prob_non_erasing,not_non_erasing_below_threshold,not_non_erasing_below_threshold,not_non_erasing_below_threshold,threshold_0_90,threshold_0_95,moderate_only,fixed_declared_policy_no_registry,unregistered_legacy_source,path_rows_retained,diagnostic pass uses all_required_recovered for Bayes-best and prob_non_erasing for fixed policy
identity_channel,req_A,bayes_best_target_policy,measurement_only_bayes_best,measurement_only_bayes_best,measurement_only_bayes_best,measurement_only_bayes_best,measurement_only_bayes_best,threshold_1_00,,stable_all_thresholds,optimized_policy_search,unregistered_legacy_source,path_rows_retained,diagnostic pass uses all_required_recovered for Bayes-best and prob_non_erasing for fixed policy
identity_channel,req_A,fixed_declared_target_policy,prob_non_erasing,prob_non_erasing,prob_non_erasing,prob_non_erasing,prob_non_erasing,threshold_1_00,,stable_all_thresholds,fixed_declared_policy_no_registry,unregistered_legacy_source,path_rows_retained,diagnostic pass uses all_required_recovered for Bayes-best and prob_non_erasing for fixed policy
identity_channel,req_B,bayes_best_target_policy,measurement_only_bayes_best,measurement_only_bayes_best,measurement_only_bayes_best,measurement_only_bayes_best,measurement_only_bayes_best,threshold_1_00,,stable_all_thresholds,optimized_policy_search,unregistered_legacy_source,path_rows_retained,diagnostic pass uses all_required_recovered for Bayes-best and prob_non_erasing for fixed policy
identity_channel,req_B,fixed_declared_target_policy,prob_non_erasing,prob_non_erasing,prob_non_erasing,prob_non_erasing,prob_non_erasing,threshold_1_00,,stable_all_thresholds,fixed_declared_policy_no_registry,unregistered_legacy_source,path_rows_retained,diagnostic pass uses all_required_recovered for Bayes-best and prob_non_erasing for fixed policy
identity_channel,req_all_nontrivial,bayes_best_target_policy,measurement_only_bayes_best,measurement_only_bayes_best,measurement_only_bayes_best,measurement_only_bayes_best,measurement_only_bayes_best,threshold_1_00,,stable_all_thresholds,optimized_policy_search,unregistered_legacy_source,path_rows_retained,diagnostic pass uses all_required_recovered for Bayes-best and prob_non_erasing for fixed policy
identity_channel,req_all_nontrivial,fixed_declared_target_policy,prob_non_erasing,prob_non_erasing,prob_non_erasing,prob_non_erasing,prob_non_erasing,threshold_1_00,,stable_all_thresholds,fixed_declared_policy_no_registry,unregistered_legacy_source,path_rows_retained,diagnostic pass uses all_required_recovered for Bayes-best and prob_non_erasing for fixed policy
identity_channel,req_joint,bayes_best_target_policy,measurement_only_bayes_best,measurement_only_bayes_best,measurement_only_bayes_best,measurement_only_bayes_best,measurement_only_bayes_best,threshold_1_00,,stable_all_thresholds,optimized_policy_search,unregistered_legacy_source,path_rows_retained,diagnostic pass uses all_required_recovered for Bayes-best and prob_non_erasing for fixed policy
identity_channel,req_joint,fixed_declared_target_policy,prob_non_erasing,prob_non_erasing,prob_non_erasing,prob_non_erasing,prob_non_erasing,threshold_1_00,,stable_all_thresholds,fixed_declared_policy_no_registry,unregistered_legacy_source,path_rows_retained,diagnostic pass uses all_required_recovered for Bayes-best and prob_non_erasing for fixed policy
identity_channel,req_joint_and_parity,bayes_best_target_policy,measurement_only_bayes_best,measurement_only_bayes_best,measurement_only_bayes_best,measurement_only_bayes_best,measurement_only_bayes_best,threshold_1_00,,stable_all_thresholds,optimized_policy_search,unregistered_legacy_source,path_rows_retained,diagnostic pass uses all_required_recovered for Bayes-best and prob_non_erasing for fixed policy
identity_channel,req_joint_and_parity,fixed_declared_target_policy,prob_non_erasing,prob_non_erasing,prob_non_erasing,prob_non_erasing,prob_non_erasing,threshold_1_00,,stable_all_thresholds,fixed_declared_policy_no_registry,unregistered_legacy_source,path_rows_retained,diagnostic pass uses all_required_recovered for Bayes-best and prob_non_erasing for fixed policy
identity_channel,req_marginals,bayes_best_target_policy,measurement_only_bayes_best,measurement_only_bayes_best,measurement_only_bayes_best,measurement_only_bayes_best,measurement_only_bayes_best,threshold_1_00,,stable_all_thresholds,optimized_policy_search,unregistered_legacy_source,path_rows_retained,diagnostic pass uses all_required_recovered for Bayes-best and prob_non_erasing for fixed policy
identity_channel,req_marginals,fixed_declared_target_policy,prob_non_erasing,prob_non_erasing,prob_non_erasing,prob_non_erasing,prob_non_erasing,threshold_1_00,,stable_all_thresholds,fixed_declared_policy_no_registry,unregistered_legacy_source,path_rows_retained,diagnostic pass uses all_required_recovered for Bayes-best and prob_non_erasing for fixed policy
identity_channel,req_parity,bayes_best_target_policy,measurement_only_bayes_best,measurement_only_bayes_best,measurement_only_bayes_best,measurement_only_bayes_best,measurement_only_bayes_best,threshold_1_00,,stable_all_thresholds,optimized_policy_search,unregistered_legacy_source,path_rows_retained,diagnostic pass uses all_required_recovered for Bayes-best and prob_non_erasing for fixed policy
identity_channel,req_parity,fixed_declared_target_policy,prob_non_erasing,prob_non_erasing,prob_non_erasing,prob_non_erasing,prob_non_erasing,threshold_1_00,,stable_all_thresholds,fixed_declared_policy_no_registry,unregistered_legacy_source,path_rows_retained,diagnostic pass uses all_required_recovered for Bayes-best and prob_non_erasing for fixed policy
marginal_joint_degrade_q_0_10,req_A,bayes_best_target_policy,measurement_only_bayes_best,measurement_only_bayes_best,measurement_only_bayes_best,measurement_only_bayes_best,measurement_only_bayes_best,threshold_0_95,threshold_0_99,moderate_only,optimized_policy_search,unregistered_legacy_source,path_rows_retained,diagnostic pass uses all_required_recovered for Bayes-best and prob_non_erasing for fixed policy
marginal_joint_degrade_q_0_10,req_A,fixed_declared_target_policy,prob_non_erasing,prob_non_erasing,prob_non_erasing,not_non_erasing_below_threshold,not_non_erasing_below_threshold,threshold_0_95,threshold_0_99,moderate_only,fixed_declared_policy_no_registry,unregistered_legacy_source,path_rows_retained,diagnostic pass uses all_required_recovered for Bayes-best and prob_non_erasing for fixed policy
marginal_joint_degrade_q_0_10,req_B,bayes_best_target_policy,measurement_only_bayes_best,measurement_only_bayes_best,measurement_only_bayes_best,measurement_only_bayes_best,measurement_only_bayes_best,threshold_0_95,threshold_0_99,moderate_only,optimized_policy_search,unregistered_legacy_source,path_rows_retained,diagnostic pass uses all_required_recovered for Bayes-best and prob_non_erasing for fixed policy
marginal_joint_degrade_q_0_10,req_B,fixed_declared_target_policy,prob_non_erasing,prob_non_erasing,prob_non_erasing,not_non_erasing_below_threshold,not_non_erasing_below_threshold,threshold_0_95,threshold_0_99,moderate_only,fixed_declared_policy_no_registry,unregistered_legacy_source,path_rows_retained,diagnostic pass uses all_required_recovered for Bayes-best and prob_non_erasing for fixed policy
marginal_joint_degrade_q_0_10,req_all_nontrivial,bayes_best_target_policy,measurement_only_bayes_best,measurement_only_bayes_best,measurement_only_bayes_best,measurement_only_bayes_best,measurement_only_bayes_best,threshold_0_90,threshold_0_95,moderate_only,optimized_policy_search,unregistered_legacy_source,path_rows_retained,diagnostic pass uses all_required_recovered for Bayes-best and prob_non_erasing for fixed policy
marginal_joint_degrade_q_0_10,req_all_nontrivial,fixed_declared_target_policy,prob_non_erasing,prob_non_erasing,not_non_erasing_below_threshold,not_non_erasing_below_threshold,not_non_erasing_below_threshold,threshold_0_90,threshold_0_95,moderate_only,fixed_declared_policy_no_registry,unregistered_legacy_source,path_rows_retained,diagnostic pass uses all_required_recovered for Bayes-best and prob_non_erasing for fixed policy
marginal_joint_degrade_q_0_10,req_joint,bayes_best_target_policy,measurement_only_bayes_best,measurement_only_bayes_best,measurement_only_bayes_best,measurement_only_bayes_best,measurement_only_bayes_best,threshold_0_90,threshold_0_95,moderate_only,optimized_policy_search,unregistered_legacy_source,path_rows_retained,diagnostic pass uses all_required_recovered for Bayes-best and prob_non_erasing for fixed policy
marginal_joint_degrade_q_0_10,req_joint,fixed_declared_target_policy,prob_non_erasing,prob_non_erasing,not_non_erasing_below_threshold,not_non_erasing_below_threshold,not_non_erasing_below_threshold,threshold_0_90,threshold_0_95,moderate_only,fixed_declared_policy_no_registry,unregistered_legacy_source,path_rows_retained,diagnostic pass uses all_required_recovered for Bayes-best and prob_non_erasing for fixed policy
marginal_joint_degrade_q_0_10,req_joint_and_parity,bayes_best_target_policy,measurement_only_bayes_best,measurement_only_bayes_best,measurement_only_bayes_best,measurement_only_bayes_best,measurement_only_bayes_best,threshold_0_90,threshold_0_95,moderate_only,optimized_policy_search,unregistered_legacy_source,path_rows_retained,diagnostic pass uses all_required_recovered for Bayes-best and prob_non_erasing for fixed policy
marginal_joint_degrade_q_0_10,req_joint_and_parity,fixed_declared_target_policy,prob_non_erasing,prob_non_erasing,not_non_erasing_below_threshold,not_non_erasing_below_threshold,not_non_erasing_below_threshold,threshold_0_90,threshold_0_95,moderate_only,fixed_declared_policy_no_registry,unregistered_legacy_source,path_rows_retained,diagnostic pass uses all_required_recovered for Bayes-best and prob_non_erasing for fixed policy
marginal_joint_degrade_q_0_10,req_marginals,bayes_best_target_policy,measurement_only_bayes_best,measurement_only_bayes_best,measurement_only_bayes_best,measurement_only_bayes_best,measurement_only_bayes_best,threshold_0_95,threshold_0_99,moderate_only,optimized_policy_search,unregistered_legacy_source,path_rows_retained,diagnostic pass uses all_required_recovered for Bayes-best and prob_non_erasing for fixed policy
marginal_joint_degrade_q_0_10,req_marginals,fixed_declared_target_policy,prob_non_erasing,prob_non_erasing,prob_non_erasing,not_non_erasing_below_threshold,not_non_erasing_below_threshold,threshold_0_95,threshold_0_99,moderate_only,fixed_declared_policy_no_registry,unregistered_legacy_source,path_rows_retained,diagnostic pass uses all_required_recovered for Bayes-best and prob_non_erasing for fixed policy
marginal_joint_degrade_q_0_10,req_parity,bayes_best_target_policy,measurement_only_bayes_best,measurement_only_bayes_best,measurement_only_bayes_best,measurement_only_bayes_best,measurement_only_bayes_best,threshold_0_90,threshold_0_95,moderate_only,optimized_policy_search,unregistered_legacy_source,path_rows_retained,diagnostic pass uses all_required_recovered for Bayes-best and prob_non_erasing for fixed policy
marginal_joint_degrade_q_0_10,req_parity,fixed_declared_target_policy,prob_non_erasing,prob_non_erasing,not_non_erasing_below_threshold,not_non_erasing_below_threshold,not_non_erasing_below_threshold,threshold_0_90,threshold_0_95,moderate_only,fixed_declared_policy_no_registry,unregistered_legacy_source,path_rows_retained,diagnostic pass uses all_required_recovered for Bayes-best and prob_non_erasing for fixed policy
marginal_joint_degrade_q_0_20,req_A,bayes_best_target_policy,measurement_only_bayes_best,measurement_only_bayes_best,measurement_only_bayes_best,measurement_only_bayes_best,measurement_only_bayes_best,threshold_0_90,threshold_0_95,moderate_only,optimized_policy_search,unregistered_legacy_source,path_rows_retained,diagnostic pass uses all_required_recovered for Bayes-best and prob_non_erasing for fixed policy
marginal_joint_degrade_q_0_20,req_A,fixed_declared_target_policy,prob_non_erasing,prob_non_erasing,not_non_erasing_below_threshold,not_non_erasing_below_threshold,not_non_erasing_below_threshold,threshold_0_90,threshold_0_95,moderate_only,fixed_declared_policy_no_registry,unregistered_legacy_source,path_rows_retained,diagnostic pass uses all_required_recovered for Bayes-best and prob_non_erasing for fixed policy
marginal_joint_degrade_q_0_20,req_B,bayes_best_target_policy,measurement_only_bayes_best,measurement_only_bayes_best,measurement_only_bayes_best,measurement_only_bayes_best,measurement_only_bayes_best,threshold_0_90,threshold_0_95,moderate_only,optimized_policy_search,unregistered_legacy_source,path_rows_retained,diagnostic pass uses all_required_recovered for Bayes-best and prob_non_erasing for fixed policy
marginal_joint_degrade_q_0_20,req_B,fixed_declared_target_policy,prob_non_erasing,prob_non_erasing,not_non_erasing_below_threshold,not_non_erasing_below_threshold,not_non_erasing_below_threshold,threshold_0_90,threshold_0_95,moderate_only,fixed_declared_policy_no_registry,unregistered_legacy_source,path_rows_retained,diagnostic pass uses all_required_recovered for Bayes-best and prob_non_erasing for fixed policy
marginal_joint_degrade_q_0_20,req_all_nontrivial,bayes_best_target_policy,measurement_only_bayes_best,measurement_only_bayes_best,measurement_only_bayes_best,measurement_only_bayes_best,measurement_only_bayes_best,threshold_0_80,threshold_0_90,low_only,optimized_policy_search,unregistered_legacy_source,path_rows_retained,diagnostic pass uses all_required_recovered for Bayes-best and prob_non_erasing for fixed policy
marginal_joint_degrade_q_0_20,req_all_nontrivial,fixed_declared_target_policy,prob_non_erasing,not_non_erasing_below_threshold,not_non_erasing_below_threshold,not_non_erasing_below_threshold,not_non_erasing_below_threshold,threshold_0_80,threshold_0_90,low_only,fixed_declared_policy_no_registry,unregistered_legacy_source,path_rows_retained,diagnostic pass uses all_required_recovered for Bayes-best and prob_non_erasing for fixed policy
marginal_joint_degrade_q_0_20,req_joint,bayes_best_target_policy,measurement_only_bayes_best,measurement_only_bayes_best,measurement_only_bayes_best,measurement_only_bayes_best,measurement_only_bayes_best,threshold_0_80,threshold_0_90,low_only,optimized_policy_search,unregistered_legacy_source,path_rows_retained,diagnostic pass uses all_required_recovered for Bayes-best and prob_non_erasing for fixed policy
marginal_joint_degrade_q_0_20,req_joint,fixed_declared_target_policy,prob_non_erasing,not_non_erasing_below_threshold,not_non_erasing_below_threshold,not_non_erasing_below_threshold,not_non_erasing_below_threshold,threshold_0_80,threshold_0_90,low_only,fixed_declared_policy_no_registry,unregistered_legacy_source,path_rows_retained,diagnostic pass uses all_required_recovered for Bayes-best and prob_non_erasing for fixed policy
marginal_joint_degrade_q_0_20,req_joint_and_parity,bayes_best_target_policy,measurement_only_bayes_best,measurement_only_bayes_best,measurement_only_bayes_best,measurement_only_bayes_best,measurement_only_bayes_best,threshold_0_80,threshold_0_90,low_only,optimized_policy_search,unregistered_legacy_source,path_rows_retained,diagnostic pass uses all_required_recovered for Bayes-best and prob_non_erasing for fixed policy
marginal_joint_degrade_q_0_20,req_joint_and_parity,fixed_declared_target_policy,prob_non_erasing,not_non_erasing_below_threshold,not_non_erasing_below_threshold,not_non_erasing_below_threshold,not_non_erasing_below_threshold,threshold_0_80,threshold_0_90,low_only,fixed_declared_policy_no_registry,unregistered_legacy_source,path_rows_retained,diagnostic pass uses all_required_recovered for Bayes-best and prob_non_erasing for fixed policy
marginal_joint_degrade_q_0_20,req_marginals,bayes_best_target_policy,measurement_only_bayes_best,measurement_only_bayes_best,measurement_only_bayes_best,measurement_only_bayes_best,measurement_only_bayes_best,threshold_0_90,threshold_0_95,moderate_only,optimized_policy_search,unregistered_legacy_source,path_rows_retained,diagnostic pass uses all_required_recovered for Bayes-best and prob_non_erasing for fixed policy
marginal_joint_degrade_q_0_20,req_marginals,fixed_declared_target_policy,prob_non_erasing,prob_non_erasing,not_non_erasing_below_threshold,not_non_erasing_below_threshold,not_non_erasing_below_threshold,threshold_0_90,threshold_0_95,moderate_only,fixed_declared_policy_no_registry,unregistered_legacy_source,path_rows_retained,diagnostic pass uses all_required_recovered for Bayes-best and prob_non_erasing for fixed policy
marginal_joint_degrade_q_0_20,req_parity,bayes_best_target_policy,measurement_only_bayes_best,measurement_only_bayes_best,measurement_only_bayes_best,measurement_only_bayes_best,measurement_only_bayes_best,threshold_0_80,threshold_0_90,low_only,optimized_policy_search,unregistered_legacy_source,path_rows_retained,diagnostic pass uses all_required_recovered for Bayes-best and prob_non_erasing for fixed policy
marginal_joint_degrade_q_0_20,req_parity,fixed_declared_target_policy,prob_non_erasing,not_non_erasing_below_threshold,not_non_erasing_below_threshold,not_non_erasing_below_threshold,not_non_erasing_below_threshold,threshold_0_80,threshold_0_90,low_only,fixed_declared_policy_no_registry,unregistered_legacy_source,path_rows_retained,diagnostic pass uses all_required_recovered for Bayes-best and prob_non_erasing for fixed policy
output_marginal_matched_uniform,req_A,bayes_best_target_policy,measurement_only_bayes_best,measurement_only_bayes_best,measurement_only_bayes_best,measurement_only_bayes_best,measurement_only_bayes_best,,threshold_0_80,never_recovered,optimized_policy_search,unregistered_legacy_source,path_rows_retained,diagnostic pass uses all_required_recovered for Bayes-best and prob_non_erasing for fixed policy
output_marginal_matched_uniform,req_A,fixed_declared_target_policy,not_non_erasing_below_threshold,not_non_erasing_below_threshold,not_non_erasing_below_threshold,not_non_erasing_below_threshold,not_non_erasing_below_threshold,,threshold_0_80,never_recovered,fixed_declared_policy_no_registry,unregistered_legacy_source,path_rows_retained,diagnostic pass uses all_required_recovered for Bayes-best and prob_non_erasing for fixed policy
output_marginal_matched_uniform,req_B,bayes_best_target_policy,measurement_only_bayes_best,measurement_only_bayes_best,measurement_only_bayes_best,measurement_only_bayes_best,measurement_only_bayes_best,,threshold_0_80,never_recovered,optimized_policy_search,unregistered_legacy_source,path_rows_retained,diagnostic pass uses all_required_recovered for Bayes-best and prob_non_erasing for fixed policy
output_marginal_matched_uniform,req_B,fixed_declared_target_policy,not_non_erasing_below_threshold,not_non_erasing_below_threshold,not_non_erasing_below_threshold,not_non_erasing_below_threshold,not_non_erasing_below_threshold,,threshold_0_80,never_recovered,fixed_declared_policy_no_registry,unregistered_legacy_source,path_rows_retained,diagnostic pass uses all_required_recovered for Bayes-best and prob_non_erasing for fixed policy
output_marginal_matched_uniform,req_all_nontrivial,bayes_best_target_policy,measurement_only_bayes_best,measurement_only_bayes_best,measurement_only_bayes_best,measurement_only_bayes_best,measurement_only_bayes_best,,threshold_0_80,never_recovered,optimized_policy_search,unregistered_legacy_source,path_rows_retained,diagnostic pass uses all_required_recovered for Bayes-best and prob_non_erasing for fixed policy
output_marginal_matched_uniform,req_all_nontrivial,fixed_declared_target_policy,not_non_erasing_below_threshold,not_non_erasing_below_threshold,not_non_erasing_below_threshold,not_non_erasing_below_threshold,not_non_erasing_below_threshold,,threshold_0_80,never_recovered,fixed_declared_policy_no_registry,unregistered_legacy_source,path_rows_retained,diagnostic pass uses all_required_recovered for Bayes-best and prob_non_erasing for fixed policy
output_marginal_matched_uniform,req_joint,bayes_best_target_policy,measurement_only_bayes_best,measurement_only_bayes_best,measurement_only_bayes_best,measurement_only_bayes_best,measurement_only_bayes_best,,threshold_0_80,never_recovered,optimized_policy_search,unregistered_legacy_source,path_rows_retained,diagnostic pass uses all_required_recovered for Bayes-best and prob_non_erasing for fixed policy
output_marginal_matched_uniform,req_joint,fixed_declared_target_policy,not_non_erasing_below_threshold,not_non_erasing_below_threshold,not_non_erasing_below_threshold,not_non_erasing_below_threshold,not_non_erasing_below_threshold,,threshold_0_80,never_recovered,fixed_declared_policy_no_registry,unregistered_legacy_source,path_rows_retained,diagnostic pass uses all_required_recovered for Bayes-best and prob_non_erasing for fixed policy
output_marginal_matched_uniform,req_joint_and_parity,bayes_best_target_policy,measurement_only_bayes_best,measurement_only_bayes_best,measurement_only_bayes_best,measurement_only_bayes_best,measurement_only_bayes_best,,threshold_0_80,never_recovered,optimized_policy_search,unregistered_legacy_source,path_rows_retained,diagnostic pass uses all_required_recovered for Bayes-best and prob_non_erasing for fixed policy
output_marginal_matched_uniform,req_joint_and_parity,fixed_declared_target_policy,not_non_erasing_below_threshold,not_non_erasing_below_threshold,not_non_erasing_below_threshold,not_non_erasing_below_threshold,not_non_erasing_below_threshold,,threshold_0_80,never_recovered,fixed_declared_policy_no_registry,unregistered_legacy_source,path_rows_retained,diagnostic pass uses all_required_recovered for Bayes-best and prob_non_erasing for fixed policy
output_marginal_matched_uniform,req_marginals,bayes_best_target_policy,measurement_only_bayes_best,measurement_only_bayes_best,measurement_only_bayes_best,measurement_only_bayes_best,measurement_only_bayes_best,,threshold_0_80,never_recovered,optimized_policy_search,unregistered_legacy_source,path_rows_retained,diagnostic pass uses all_required_recovered for Bayes-best and prob_non_erasing for fixed policy
output_marginal_matched_uniform,req_marginals,fixed_declared_target_policy,not_non_erasing_below_threshold,not_non_erasing_below_threshold,not_non_erasing_below_threshold,not_non_erasing_below_threshold,not_non_erasing_below_threshold,,threshold_0_80,never_recovered,fixed_declared_policy_no_registry,unregistered_legacy_source,path_rows_retained,diagnostic pass uses all_required_recovered for Bayes-best and prob_non_erasing for fixed policy
output_marginal_matched_uniform,req_parity,bayes_best_target_policy,measurement_only_bayes_best,measurement_only_bayes_best,measurement_only_bayes_best,measurement_only_bayes_best,measurement_only_bayes_best,,threshold_0_80,never_recovered,optimized_policy_search,unregistered_legacy_source,path_rows_retained,diagnostic pass uses all_required_recovered for Bayes-best and prob_non_erasing for fixed policy
output_marginal_matched_uniform,req_parity,fixed_declared_target_policy,not_non_erasing_below_threshold,not_non_erasing_below_threshold,not_non_erasing_below_threshold,not_non_erasing_below_threshold,not_non_erasing_below_threshold,,threshold_0_80,never_recovered,fixed_declared_policy_no_registry,unregistered_legacy_source,path_rows_retained,diagnostic pass uses all_required_recovered for Bayes-best and prob_non_erasing for fixed policy
projection_A_channel,req_A,bayes_best_target_policy,measurement_only_bayes_best,measurement_only_bayes_best,measurement_only_bayes_best,measurement_only_bayes_best,measurement_only_bayes_best,threshold_1_00,,stable_all_thresholds,optimized_policy_search,unregistered_legacy_source,path_rows_retained,diagnostic pass uses all_required_recovered for Bayes-best and prob_non_erasing for fixed policy
projection_A_channel,req_A,fixed_declared_target_policy,prob_non_erasing,prob_non_erasing,prob_non_erasing,prob_non_erasing,prob_non_erasing,threshold_1_00,,stable_all_thresholds,fixed_declared_policy_no_registry,unregistered_legacy_source,path_rows_retained,diagnostic pass uses all_required_recovered for Bayes-best and prob_non_erasing for fixed policy
projection_A_channel,req_B,bayes_best_target_policy,measurement_only_bayes_best,measurement_only_bayes_best,measurement_only_bayes_best,measurement_only_bayes_best,measurement_only_bayes_best,,threshold_0_80,never_recovered,optimized_policy_search,unregistered_legacy_source,path_rows_retained,diagnostic pass uses all_required_recovered for Bayes-best and prob_non_erasing for fixed policy
projection_A_channel,req_B,fixed_declared_target_policy,blocked_missing_fixed_target,blocked_missing_fixed_target,blocked_missing_fixed_target,blocked_missing_fixed_target,blocked_missing_fixed_target,,threshold_0_80,blocked,fixed_declared_policy_no_registry,unregistered_legacy_source,path_rows_retained,diagnostic pass uses all_required_recovered for Bayes-best and prob_non_erasing for fixed policy
projection_A_channel,req_all_nontrivial,bayes_best_target_policy,measurement_only_bayes_best,measurement_only_bayes_best,measurement_only_bayes_best,measurement_only_bayes_best,measurement_only_bayes_best,,threshold_0_80,never_recovered,optimized_policy_search,unregistered_legacy_source,path_rows_retained,diagnostic pass uses all_required_recovered for Bayes-best and prob_non_erasing for fixed policy
projection_A_channel,req_all_nontrivial,fixed_declared_target_policy,blocked_missing_fixed_target,blocked_missing_fixed_target,blocked_missing_fixed_target,blocked_missing_fixed_target,blocked_missing_fixed_target,,threshold_0_80,blocked,fixed_declared_policy_no_registry,unregistered_legacy_source,path_rows_retained,diagnostic pass uses all_required_recovered for Bayes-best and prob_non_erasing for fixed policy
projection_A_channel,req_joint,bayes_best_target_policy,measurement_only_bayes_best,measurement_only_bayes_best,measurement_only_bayes_best,measurement_only_bayes_best,measurement_only_bayes_best,,threshold_0_80,never_recovered,optimized_policy_search,unregistered_legacy_source,path_rows_retained,diagnostic pass uses all_required_recovered for Bayes-best and prob_non_erasing for fixed policy
projection_A_channel,req_joint,fixed_declared_target_policy,blocked_missing_fixed_target,blocked_missing_fixed_target,blocked_missing_fixed_target,blocked_missing_fixed_target,blocked_missing_fixed_target,,threshold_0_80,blocked,fixed_declared_policy_no_registry,unregistered_legacy_source,path_rows_retained,diagnostic pass uses all_required_recovered for Bayes-best and prob_non_erasing for fixed policy
projection_A_channel,req_joint_and_parity,bayes_best_target_policy,measurement_only_bayes_best,measurement_only_bayes_best,measurement_only_bayes_best,measurement_only_bayes_best,measurement_only_bayes_best,,threshold_0_80,never_recovered,optimized_policy_search,unregistered_legacy_source,path_rows_retained,diagnostic pass uses all_required_recovered for Bayes-best and prob_non_erasing for fixed policy
projection_A_channel,req_joint_and_parity,fixed_declared_target_policy,blocked_missing_fixed_target,blocked_missing_fixed_target,blocked_missing_fixed_target,blocked_missing_fixed_target,blocked_missing_fixed_target,,threshold_0_80,blocked,fixed_declared_policy_no_registry,unregistered_legacy_source,path_rows_retained,diagnostic pass uses all_required_recovered for Bayes-best and prob_non_erasing for fixed policy
projection_A_channel,req_marginals,bayes_best_target_policy,measurement_only_bayes_best,measurement_only_bayes_best,measurement_only_bayes_best,measurement_only_bayes_best,measurement_only_bayes_best,,threshold_0_80,never_recovered,optimized_policy_search,unregistered_legacy_source,path_rows_retained,diagnostic pass uses all_required_recovered for Bayes-best and prob_non_erasing for fixed policy
projection_A_channel,req_marginals,fixed_declared_target_policy,blocked_missing_fixed_target,blocked_missing_fixed_target,blocked_missing_fixed_target,blocked_missing_fixed_target,blocked_missing_fixed_target,,threshold_0_80,blocked,fixed_declared_policy_no_registry,unregistered_legacy_source,path_rows_retained,diagnostic pass uses all_required_recovered for Bayes-best and prob_non_erasing for fixed policy
projection_A_channel,req_parity,bayes_best_target_policy,measurement_only_bayes_best,measurement_only_bayes_best,measurement_only_bayes_best,measurement_only_bayes_best,measurement_only_bayes_best,,threshold_0_80,never_recovered,optimized_policy_search,unregistered_legacy_source,path_rows_retained,diagnostic pass uses all_required_recovered for Bayes-best and prob_non_erasing for fixed policy
projection_A_channel,req_parity,fixed_declared_target_policy,blocked_missing_fixed_target,blocked_missing_fixed_target,blocked_missing_fixed_target,blocked_missing_fixed_target,blocked_missing_fixed_target,,threshold_0_80,blocked,fixed_declared_policy_no_registry,unregistered_legacy_source,path_rows_retained,diagnostic pass uses all_required_recovered for Bayes-best and prob_non_erasing for fixed policy
projection_B_channel,req_A,bayes_best_target_policy,measurement_only_bayes_best,measurement_only_bayes_best,measurement_only_bayes_best,measurement_only_bayes_best,measurement_only_bayes_best,,threshold_0_80,never_recovered,optimized_policy_search,unregistered_legacy_source,path_rows_retained,diagnostic pass uses all_required_recovered for Bayes-best and prob_non_erasing for fixed policy
projection_B_channel,req_A,fixed_declared_target_policy,blocked_missing_fixed_target,blocked_missing_fixed_target,blocked_missing_fixed_target,blocked_missing_fixed_target,blocked_missing_fixed_target,,threshold_0_80,blocked,fixed_declared_policy_no_registry,unregistered_legacy_source,path_rows_retained,diagnostic pass uses all_required_recovered for Bayes-best and prob_non_erasing for fixed policy
projection_B_channel,req_B,bayes_best_target_policy,measurement_only_bayes_best,measurement_only_bayes_best,measurement_only_bayes_best,measurement_only_bayes_best,measurement_only_bayes_best,threshold_1_00,,stable_all_thresholds,optimized_policy_search,unregistered_legacy_source,path_rows_retained,diagnostic pass uses all_required_recovered for Bayes-best and prob_non_erasing for fixed policy
projection_B_channel,req_B,fixed_declared_target_policy,prob_non_erasing,prob_non_erasing,prob_non_erasing,prob_non_erasing,prob_non_erasing,threshold_1_00,,stable_all_thresholds,fixed_declared_policy_no_registry,unregistered_legacy_source,path_rows_retained,diagnostic pass uses all_required_recovered for Bayes-best and prob_non_erasing for fixed policy
projection_B_channel,req_all_nontrivial,bayes_best_target_policy,measurement_only_bayes_best,measurement_only_bayes_best,measurement_only_bayes_best,measurement_only_bayes_best,measurement_only_bayes_best,,threshold_0_80,never_recovered,optimized_policy_search,unregistered_legacy_source,path_rows_retained,diagnostic pass uses all_required_recovered for Bayes-best and prob_non_erasing for fixed policy
projection_B_channel,req_all_nontrivial,fixed_declared_target_policy,blocked_missing_fixed_target,blocked_missing_fixed_target,blocked_missing_fixed_target,blocked_missing_fixed_target,blocked_missing_fixed_target,,threshold_0_80,blocked,fixed_declared_policy_no_registry,unregistered_legacy_source,path_rows_retained,diagnostic pass uses all_required_recovered for Bayes-best and prob_non_erasing for fixed policy
projection_B_channel,req_joint,bayes_best_target_policy,measurement_only_bayes_best,measurement_only_bayes_best,measurement_only_bayes_best,measurement_only_bayes_best,measurement_only_bayes_best,,threshold_0_80,never_recovered,optimized_policy_search,unregistered_legacy_source,path_rows_retained,diagnostic pass uses all_required_recovered for Bayes-best and prob_non_erasing for fixed policy
projection_B_channel,req_joint,fixed_declared_target_policy,blocked_missing_fixed_target,blocked_missing_fixed_target,blocked_missing_fixed_target,blocked_missing_fixed_target,blocked_missing_fixed_target,,threshold_0_80,blocked,fixed_declared_policy_no_registry,unregistered_legacy_source,path_rows_retained,diagnostic pass uses all_required_recovered for Bayes-best and prob_non_erasing for fixed policy
projection_B_channel,req_joint_and_parity,bayes_best_target_policy,measurement_only_bayes_best,measurement_only_bayes_best,measurement_only_bayes_best,measurement_only_bayes_best,measurement_only_bayes_best,,threshold_0_80,never_recovered,optimized_policy_search,unregistered_legacy_source,path_rows_retained,diagnostic pass uses all_required_recovered for Bayes-best and prob_non_erasing for fixed policy
projection_B_channel,req_joint_and_parity,fixed_declared_target_policy,blocked_missing_fixed_target,blocked_missing_fixed_target,blocked_missing_fixed_target,blocked_missing_fixed_target,blocked_missing_fixed_target,,threshold_0_80,blocked,fixed_declared_policy_no_registry,unregistered_legacy_source,path_rows_retained,diagnostic pass uses all_required_recovered for Bayes-best and prob_non_erasing for fixed policy
projection_B_channel,req_marginals,bayes_best_target_policy,measurement_only_bayes_best,measurement_only_bayes_best,measurement_only_bayes_best,measurement_only_bayes_best,measurement_only_bayes_best,,threshold_0_80,never_recovered,optimized_policy_search,unregistered_legacy_source,path_rows_retained,diagnostic pass uses all_required_recovered for Bayes-best and prob_non_erasing for fixed policy
projection_B_channel,req_marginals,fixed_declared_target_policy,blocked_missing_fixed_target,blocked_missing_fixed_target,blocked_missing_fixed_target,blocked_missing_fixed_target,blocked_missing_fixed_target,,threshold_0_80,blocked,fixed_declared_policy_no_registry,unregistered_legacy_source,path_rows_retained,diagnostic pass uses all_required_recovered for Bayes-best and prob_non_erasing for fixed policy
projection_B_channel,req_parity,bayes_best_target_policy,measurement_only_bayes_best,measurement_only_bayes_best,measurement_only_bayes_best,measurement_only_bayes_best,measurement_only_bayes_best,,threshold_0_80,never_recovered,optimized_policy_search,unregistered_legacy_source,path_rows_retained,diagnostic pass uses all_required_recovered for Bayes-best and prob_non_erasing for fixed policy
projection_B_channel,req_parity,fixed_declared_target_policy,blocked_missing_fixed_target,blocked_missing_fixed_target,blocked_missing_fixed_target,blocked_missing_fixed_target,blocked_missing_fixed_target,,threshold_0_80,blocked,fixed_declared_policy_no_registry,unregistered_legacy_source,path_rows_retained,diagnostic pass uses all_required_recovered for Bayes-best and prob_non_erasing for fixed policy
random_channel_same_output_entropy_seed_17,req_A,bayes_best_target_policy,measurement_only_bayes_best,measurement_only_bayes_best,measurement_only_bayes_best,measurement_only_bayes_best,measurement_only_bayes_best,,threshold_0_80,never_recovered,optimized_policy_search,unregistered_legacy_source,path_rows_retained,diagnostic pass uses all_required_recovered for Bayes-best and prob_non_erasing for fixed policy
random_channel_same_output_entropy_seed_17,req_A,fixed_declared_target_policy,not_non_erasing_below_threshold,not_non_erasing_below_threshold,not_non_erasing_below_threshold,not_non_erasing_below_threshold,not_non_erasing_below_threshold,,threshold_0_80,never_recovered,fixed_declared_policy_no_registry,unregistered_legacy_source,path_rows_retained,diagnostic pass uses all_required_recovered for Bayes-best and prob_non_erasing for fixed policy
random_channel_same_output_entropy_seed_17,req_B,bayes_best_target_policy,measurement_only_bayes_best,measurement_only_bayes_best,measurement_only_bayes_best,measurement_only_bayes_best,measurement_only_bayes_best,,threshold_0_80,never_recovered,optimized_policy_search,unregistered_legacy_source,path_rows_retained,diagnostic pass uses all_required_recovered for Bayes-best and prob_non_erasing for fixed policy
random_channel_same_output_entropy_seed_17,req_B,fixed_declared_target_policy,not_non_erasing_below_threshold,not_non_erasing_below_threshold,not_non_erasing_below_threshold,not_non_erasing_below_threshold,not_non_erasing_below_threshold,,threshold_0_80,never_recovered,fixed_declared_policy_no_registry,unregistered_legacy_source,path_rows_retained,diagnostic pass uses all_required_recovered for Bayes-best and prob_non_erasing for fixed policy
random_channel_same_output_entropy_seed_17,req_all_nontrivial,bayes_best_target_policy,measurement_only_bayes_best,measurement_only_bayes_best,measurement_only_bayes_best,measurement_only_bayes_best,measurement_only_bayes_best,,threshold_0_80,never_recovered,optimized_policy_search,unregistered_legacy_source,path_rows_retained,diagnostic pass uses all_required_recovered for Bayes-best and prob_non_erasing for fixed policy
random_channel_same_output_entropy_seed_17,req_all_nontrivial,fixed_declared_target_policy,not_non_erasing_below_threshold,not_non_erasing_below_threshold,not_non_erasing_below_threshold,not_non_erasing_below_threshold,not_non_erasing_below_threshold,,threshold_0_80,never_recovered,fixed_declared_policy_no_registry,unregistered_legacy_source,path_rows_retained,diagnostic pass uses all_required_recovered for Bayes-best and prob_non_erasing for fixed policy
random_channel_same_output_entropy_seed_17,req_joint,bayes_best_target_policy,measurement_only_bayes_best,measurement_only_bayes_best,measurement_only_bayes_best,measurement_only_bayes_best,measurement_only_bayes_best,,threshold_0_80,never_recovered,optimized_policy_search,unregistered_legacy_source,path_rows_retained,diagnostic pass uses all_required_recovered for Bayes-best and prob_non_erasing for fixed policy
random_channel_same_output_entropy_seed_17,req_joint,fixed_declared_target_policy,not_non_erasing_below_threshold,not_non_erasing_below_threshold,not_non_erasing_below_threshold,not_non_erasing_below_threshold,not_non_erasing_below_threshold,,threshold_0_80,never_recovered,fixed_declared_policy_no_registry,unregistered_legacy_source,path_rows_retained,diagnostic pass uses all_required_recovered for Bayes-best and prob_non_erasing for fixed policy
random_channel_same_output_entropy_seed_17,req_joint_and_parity,bayes_best_target_policy,measurement_only_bayes_best,measurement_only_bayes_best,measurement_only_bayes_best,measurement_only_bayes_best,measurement_only_bayes_best,,threshold_0_80,never_recovered,optimized_policy_search,unregistered_legacy_source,path_rows_retained,diagnostic pass uses all_required_recovered for Bayes-best and prob_non_erasing for fixed policy
random_channel_same_output_entropy_seed_17,req_joint_and_parity,fixed_declared_target_policy,not_non_erasing_below_threshold,not_non_erasing_below_threshold,not_non_erasing_below_threshold,not_non_erasing_below_threshold,not_non_erasing_below_threshold,,threshold_0_80,never_recovered,fixed_declared_policy_no_registry,unregistered_legacy_source,path_rows_retained,diagnostic pass uses all_required_recovered for Bayes-best and prob_non_erasing for fixed policy
random_channel_same_output_entropy_seed_17,req_marginals,bayes_best_target_policy,measurement_only_bayes_best,measurement_only_bayes_best,measurement_only_bayes_best,measurement_only_bayes_best,measurement_only_bayes_best,,threshold_0_80,never_recovered,optimized_policy_search,unregistered_legacy_source,path_rows_retained,diagnostic pass uses all_required_recovered for Bayes-best and prob_non_erasing for fixed policy
random_channel_same_output_entropy_seed_17,req_marginals,fixed_declared_target_policy,not_non_erasing_below_threshold,not_non_erasing_below_threshold,not_non_erasing_below_threshold,not_non_erasing_below_threshold,not_non_erasing_below_threshold,,threshold_0_80,never_recovered,fixed_declared_policy_no_registry,unregistered_legacy_source,path_rows_retained,diagnostic pass uses all_required_recovered for Bayes-best and prob_non_erasing for fixed policy
random_channel_same_output_entropy_seed_17,req_parity,bayes_best_target_policy,measurement_only_bayes_best,measurement_only_bayes_best,measurement_only_bayes_best,measurement_only_bayes_best,measurement_only_bayes_best,,threshold_0_80,never_recovered,optimized_policy_search,unregistered_legacy_source,path_rows_retained,diagnostic pass uses all_required_recovered for Bayes-best and prob_non_erasing for fixed policy
random_channel_same_output_entropy_seed_17,req_parity,fixed_declared_target_policy,not_non_erasing_below_threshold,not_non_erasing_below_threshold,not_non_erasing_below_threshold,not_non_erasing_below_threshold,not_non_erasing_below_threshold,,threshold_0_80,never_recovered,fixed_declared_policy_no_registry,unregistered_legacy_source,path_rows_retained,diagnostic pass uses all_required_recovered for Bayes-best and prob_non_erasing for fixed policy
total_erasure_channel,req_A,bayes_best_target_policy,measurement_only_bayes_best,measurement_only_bayes_best,measurement_only_bayes_best,measurement_only_bayes_best,measurement_only_bayes_best,,threshold_0_80,never_recovered,optimized_policy_search,unregistered_legacy_source,path_rows_retained,diagnostic pass uses all_required_recovered for Bayes-best and prob_non_erasing for fixed policy
total_erasure_channel,req_A,fixed_declared_target_policy,blocked_missing_fixed_target,blocked_missing_fixed_target,blocked_missing_fixed_target,blocked_missing_fixed_target,blocked_missing_fixed_target,,threshold_0_80,blocked,fixed_declared_policy_no_registry,unregistered_legacy_source,path_rows_retained,diagnostic pass uses all_required_recovered for Bayes-best and prob_non_erasing for fixed policy
total_erasure_channel,req_B,bayes_best_target_policy,measurement_only_bayes_best,measurement_only_bayes_best,measurement_only_bayes_best,measurement_only_bayes_best,measurement_only_bayes_best,,threshold_0_80,never_recovered,optimized_policy_search,unregistered_legacy_source,path_rows_retained,diagnostic pass uses all_required_recovered for Bayes-best and prob_non_erasing for fixed policy
total_erasure_channel,req_B,fixed_declared_target_policy,blocked_missing_fixed_target,blocked_missing_fixed_target,blocked_missing_fixed_target,blocked_missing_fixed_target,blocked_missing_fixed_target,,threshold_0_80,blocked,fixed_declared_policy_no_registry,unregistered_legacy_source,path_rows_retained,diagnostic pass uses all_required_recovered for Bayes-best and prob_non_erasing for fixed policy
total_erasure_channel,req_all_nontrivial,bayes_best_target_policy,measurement_only_bayes_best,measurement_only_bayes_best,measurement_only_bayes_best,measurement_only_bayes_best,measurement_only_bayes_best,,threshold_0_80,never_recovered,optimized_policy_search,unregistered_legacy_source,path_rows_retained,diagnostic pass uses all_required_recovered for Bayes-best and prob_non_erasing for fixed policy
total_erasure_channel,req_all_nontrivial,fixed_declared_target_policy,blocked_missing_fixed_target,blocked_missing_fixed_target,blocked_missing_fixed_target,blocked_missing_fixed_target,blocked_missing_fixed_target,,threshold_0_80,blocked,fixed_declared_policy_no_registry,unregistered_legacy_source,path_rows_retained,diagnostic pass uses all_required_recovered for Bayes-best and prob_non_erasing for fixed policy
total_erasure_channel,req_joint,bayes_best_target_policy,measurement_only_bayes_best,measurement_only_bayes_best,measurement_only_bayes_best,measurement_only_bayes_best,measurement_only_bayes_best,,threshold_0_80,never_recovered,optimized_policy_search,unregistered_legacy_source,path_rows_retained,diagnostic pass uses all_required_recovered for Bayes-best and prob_non_erasing for fixed policy
total_erasure_channel,req_joint,fixed_declared_target_policy,blocked_missing_fixed_target,blocked_missing_fixed_target,blocked_missing_fixed_target,blocked_missing_fixed_target,blocked_missing_fixed_target,,threshold_0_80,blocked,fixed_declared_policy_no_registry,unregistered_legacy_source,path_rows_retained,diagnostic pass uses all_required_recovered for Bayes-best and prob_non_erasing for fixed policy
total_erasure_channel,req_joint_and_parity,bayes_best_target_policy,measurement_only_bayes_best,measurement_only_bayes_best,measurement_only_bayes_best,measurement_only_bayes_best,measurement_only_bayes_best,,threshold_0_80,never_recovered,optimized_policy_search,unregistered_legacy_source,path_rows_retained,diagnostic pass uses all_required_recovered for Bayes-best and prob_non_erasing for fixed policy
total_erasure_channel,req_joint_and_parity,fixed_declared_target_policy,blocked_missing_fixed_target,blocked_missing_fixed_target,blocked_missing_fixed_target,blocked_missing_fixed_target,blocked_missing_fixed_target,,threshold_0_80,blocked,fixed_declared_policy_no_registry,unregistered_legacy_source,path_rows_retained,diagnostic pass uses all_required_recovered for Bayes-best and prob_non_erasing for fixed policy
total_erasure_channel,req_marginals,bayes_best_target_policy,measurement_only_bayes_best,measurement_only_bayes_best,measurement_only_bayes_best,measurement_only_bayes_best,measurement_only_bayes_best,,threshold_0_80,never_recovered,optimized_policy_search,unregistered_legacy_source,path_rows_retained,diagnostic pass uses all_required_recovered for Bayes-best and prob_non_erasing for fixed policy
total_erasure_channel,req_marginals,fixed_declared_target_policy,blocked_missing_fixed_target,blocked_missing_fixed_target,blocked_missing_fixed_target,blocked_missing_fixed_target,blocked_missing_fixed_target,,threshold_0_80,blocked,fixed_declared_policy_no_registry,unregistered_legacy_source,path_rows_retained,diagnostic pass uses all_required_recovered for Bayes-best and prob_non_erasing for fixed policy
total_erasure_channel,req_parity,bayes_best_target_policy,measurement_only_bayes_best,measurement_only_bayes_best,measurement_only_bayes_best,measurement_only_bayes_best,measurement_only_bayes_best,,threshold_0_80,never_recovered,optimized_policy_search,unregistered_legacy_source,path_rows_retained,diagnostic pass uses all_required_recovered for Bayes-best and prob_non_erasing for fixed policy
total_erasure_channel,req_parity,fixed_declared_target_policy,blocked_missing_fixed_target,blocked_missing_fixed_target,blocked_missing_fixed_target,blocked_missing_fixed_target,blocked_missing_fixed_target,,threshold_0_80,blocked,fixed_declared_policy_no_registry,unregistered_legacy_source,path_rows_retained,diagnostic pass uses all_required_recovered for Bayes-best and prob_non_erasing for fixed policy
